geo,time,people_fully_vaccinated_smoothed
abw,20210329,10166
abw,20210410,11032.5
abw,20210412,11333
abw,20210413,11506
abw,20210414,11633.2
abw,20210415,11788.5
abw,20210416,11960.71429
abw,20210417,12481.57143
abw,20210418,12755.14286
abw,20210419,13180.57143
abw,20210420,13810.42857
abw,20210421,14636
abw,20210422,15582.57143
abw,20210423,16567.57143
abw,20210424,17441.28571
abw,20210425,18316.71429
abw,20210426,19060.14286
abw,20210428,19691.71429
abw,20210429,20238.85714
abw,20210430,20720
abw,20210503,21180.71429
abw,20210504,21734.42857
abw,20210505,22334.57143
abw,20210506,22915.42857
abw,20210507,23455.14286
abw,20210508,23912.85714
abw,20210510,24348.28571
abw,20210511,24844.71429
abw,20210512,25393.42857
abw,20210513,26017.14286
abw,20210514,26880
abw,20210515,27806.85714
abw,20210517,28966.14286
abw,20210518,30363.71429
abw,20210519,31897.28571
abw,20210520,33514.85714
abw,20210521,35251
abw,20210522,37132.14286
abw,20210523,39433.28571
abw,20210524,41595.85714
abw,20210525,43573.57143
abw,20210526,45301.71429
abw,20210527,46851.71429
abw,20210528,48242.85714
abw,20210529,49294
abw,20210531,49838.57143
abw,20210601,50288.14286
abw,20210602,50638.71429
abw,20210603,51087
abw,20210604,51479.71429
abw,20210606,51789.42857
abw,20210607,52090
abw,20210608,52401.71429
abw,20210609,52715.42857
abw,20210610,53024.42857
abw,20210611,53252.57143
abw,20210612,53660.85714
abw,20210614,54106.71429
abw,20210615,54546.85714
abw,20210616,54974.14286
abw,20210617,55395.57143
abw,20210618,55816.42857
abw,20210620,56226.28571
abw,20210621,56497.28571
abw,20210622,56731.42857
abw,20210623,56988.14286
abw,20210624,57244.85714
abw,20210627,57460.71429
abw,20210628,57692.28571
abw,20210629,57942.57143
abw,20210630,58243.57143
abw,20210701,58557.57143
abw,20210702,58867.14286
abw,20210705,59199
abw,20210706,59580.71429
abw,20210707,59947
abw,20210708,60302.57143
abw,20210709,60618.28571
abw,20210710,60936.85714
abw,20210712,61236
abw,20210713,61499.14286
abw,20210714,61747.85714
abw,20210715,61993.57143
abw,20210716,62200.57143
abw,20210719,62409.42857
abw,20210720,62602.28571
abw,20210721,62794
abw,20210722,62991.14286
abw,20210723,63158.42857
abw,20210726,63320.57143
abw,20210727,63512.14286
abw,20210728,63684.71429
abw,20210729,63890.57143
abw,20210730,64101.71429
abw,20210731,64410.28571
abw,20210801,64713.42857
abw,20210802,65004.57143
abw,20210803,65310.85714
abw,20210804,65590.14286
abw,20210805,65854.14286
abw,20210806,66106.14286
abw,20210809,66255.57143
abw,20210810,66425.85714
abw,20210811,66609.85714
abw,20210812,66763.14286
abw,20210813,66942.85714
abw,20210816,67138.14286
abw,20210817,67349
abw,20210818,67560.42857
abw,20210819,67774.57143
abw,20210820,67965.28571
abw,20210822,68162.85714
abw,20210823,68333.14286
abw,20210824,68474.42857
abw,20210825,68584.28571
abw,20210826,68679.28571
abw,20210827,68766.42857
abw,20210829,68854.85714
abw,20210830,68925.42857
abw,20210831,69045.71429
abw,20210901,69192.57143
abw,20210902,69351.42857
abw,20210903,69514.71429
abw,20210906,69709.28571
abw,20210907,69896.71429
abw,20210908,70108.57143
abw,20210909,70288.57143
abw,20210910,70461.71429
abw,20210911,70683.71429
abw,20210912,71083
abw,20210913,71435.28571
abw,20210914,71827.14286
abw,20210915,72242.85714
abw,20210916,72675
abw,20210920,73103.85714
abw,20210921,73492.28571
abw,20210922,73687.57143
abw,20210923,73903.71429
abw,20210924,74088.42857
abw,20210925,74223
abw,20210926,74318.71429
abw,20210927,74400.57143
abw,20210928,74467
abw,20210929,74542.71429
abw,20210930,74606.28571
abw,20211001,74667.57143
abw,20211002,74726.14286
abw,20211004,74802.71429
abw,20211005,74893.28571
abw,20211006,74992.71429
abw,20211007,75102.71429
abw,20211008,75215.42857
abw,20211009,75315.57143
abw,20211010,75426.28571
abw,20211012,75526.57143
abw,20211013,75623.57143
abw,20211014,75705.14286
abw,20211015,75776.42857
abw,20211018,75850.42857
abw,20211019,75943.57143
abw,20211020,76035.85714
abw,20211021,76124.71429
abw,20211022,76205.57143
abw,20211025,76286.57143
abw,20211026,76364.57143
abw,20211027,76440
abw,20211028,76503
abw,20211029,76565.85714
abw,20211101,76635
abw,20211102,76700.28571
abw,20211103,76773.28571
abw,20211105,76847.71429
abw,20211108,76916.71429
abw,20211109,76984.14286
abw,20211110,77054.85714
abw,20211111,77120.28571
abw,20211112,77188.28571
abw,20211115,77247.71429
abw,20211116,77304.85714
abw,20211117,77367.57143
abw,20211118,77431.14286
abw,20211119,77493.57143
abw,20211120,77547.28571
abw,20211121,77599.57143
abw,20211122,77645.14286
abw,20211123,77695.71429
abw,20211124,77740.71429
abw,20211125,77792.42857
abw,20211126,77835.42857
abw,20211127,77878.71429
abw,20211128,77915
abw,20211129,77950.85714
abw,20211130,77975.28571
abw,20211201,77993.85714
abw,20211202,78011.57143
abw,20211203,78035.85714
abw,20211206,78067.71429
abw,20211207,78107.57143
abw,20211208,78153.57143
abw,20211209,78206.42857
abw,20211210,78263.57143
abw,20211213,78316
abw,20211214,78360.85714
abw,20211215,78403.71429
abw,20211216,78441.14286
abw,20211217,78484.57143
abw,20211220,78531.57143
abw,20211222,78580.71429
abw,20211223,78630.85714
abw,20211224,78679
abw,20211227,78730.71429
abw,20211228,78790.57143
abw,20211230,78845
abw,20220104,78891.85714
abw,20220105,78937.71429
abw,20220106,78984
abw,20220107,79034.14286
abw,20220110,79083.42857
abw,20220111,79124
abw,20220112,79169.42857
abw,20220113,79215.85714
abw,20220114,79261
abw,20220115,79297.85714
abw,20220117,79334.57143
abw,20220118,79370.14286
abw,20220119,79409.57143
abw,20220120,79442.42857
abw,20220121,79481.85714
abw,20220122,79516.57143
abw,20220123,79550.85714
abw,20220125,79587.28571
abw,20220127,79623.71429
abw,20220128,79659
abw,20220131,79695.71429
abw,20220201,79729
abw,20220202,79767.57143
abw,20220203,79810.42857
abw,20220204,79852.14286
abw,20220207,79890.42857
abw,20220208,79927.85714
abw,20220209,79964.57143
abw,20220210,79999
abw,20220211,80033.57143
abw,20220214,80068.14286
abw,20220215,80101.71429
abw,20220216,80136
abw,20220217,80170.85714
abw,20220218,80206.85714
abw,20220221,80240.71429
abw,20220222,80273.14286
abw,20220223,80303.71429
abw,20220224,80333.57143
abw,20220225,80363.28571
abw,20220301,80393.71429
abw,20220302,80420.57143
abw,20220303,80447.14286
abw,20220304,80473
abw,20220306,80496.71429
abw,20220307,80521.42857
abw,20220308,80545.14286
abw,20220309,80566.42857
abw,20220310,80592
abw,20220312,80615.57143
abw,20220314,80638.71429
abw,20220315,80663.71429
abw,20220316,80687.42857
abw,20220317,80710.57143
abw,20220321,80742.42857
abw,20220322,80777.42857
abw,20220323,80825.14286
abw,20220324,80878
abw,20220325,80942.71429
afg,20210511,55624
afg,20210520,66592
afg,20210524,76698
afg,20210526,85294
afg,20210527,90983
afg,20210530,95806.83333
afg,20210602,102777.28571
afg,20210603,116046
afg,20210608,127586.42857
afg,20210614,139065.85714
afg,20210622,149448.71429
afg,20210627,159808.85714
afg,20210630,169484.28571
afg,20210705,175873.14286
afg,20210707,183122.42857
afg,20210711,191810.42857
afg,20210820,228021.57143
afg,20211114,657285.42857
afg,20211227,1166851.71429
afg,20220109,1684237.28571
afg,20220111,2202168
afg,20220113,2719958.85714
afg,20220117,3236196.28571
afg,20220119,3722765.85714
afg,20220124,3817437
afg,20220126,3833587.71429
afg,20220127,3842084.71429
afg,20220131,3853226.71429
afg,20220202,3865876.71429
afg,20220207,3884029
afg,20220214,3913578.85714
afg,20220220,3952780.28571
afg,20220227,4005023.85714
afg,20220306,4064038.42857
afg,20220317,4136900.85714
ago,20210512,40195
ago,20210518,57705
ago,20210521,80653.66667
ago,20210526,109722.75
ago,20210531,133814.4
ago,20210608,174117
ago,20210610,213200.85714
ago,20210615,277782.42857
ago,20210620,340436.42857
ago,20210624,397154.85714
ago,20210628,446877.85714
ago,20210705,494236
ago,20210712,526264.28571
ago,20210719,552901.42857
ago,20210803,584022.42857
ago,20210809,613853.42857
ago,20210816,642955.85714
ago,20210820,669144.42857
ago,20210825,693333.28571
ago,20210901,739153.57143
ago,20210911,785480.57143
ago,20210919,824548.28571
ago,20210926,865137.14286
ago,20211008,934233.14286
ago,20211014,1014496.14286
ago,20211018,1115408.57143
ago,20211020,1203149.57143
ago,20211026,1304220.14286
ago,20211102,1421112.14286
ago,20211107,1559770.85714
ago,20211111,1673047.71429
ago,20211118,1814707.14286
ago,20211121,1988337.28571
ago,20211124,2163410
ago,20211202,2364342.57143
ago,20211206,2575558.14286
ago,20211209,2766760.14286
ago,20211215,2988922.14286
ago,20211223,3197419.57143
ago,20211230,3379836.57143
ago,20220106,3555984.57143
ago,20220108,3713486.42857
ago,20220112,3844715
ago,20220114,3986589.71429
ago,20220123,4126733.57143
ago,20220128,4268250.14286
ago,20220202,4404008.42857
ago,20220209,4560428
ago,20220215,4718013.42857
ago,20220222,4896508.14286
ago,20220302,5082245.85714
ago,20220308,5247905.57143
ago,20220317,5413158.85714
aia,20210422,783
aia,20210517,2603.5
aia,20210528,3548.66667
aia,20210604,4039.75
aia,20210611,4395.4
aia,20210618,4665.33333
aia,20210625,4931
aia,20210702,5842
aia,20210709,6300
aia,20210716,6729.42857
aia,20210723,7170.85714
aia,20210730,7591.85714
aia,20210806,8013.28571
aia,20210820,8361.85714
aia,20210903,8621.57143
aia,20210910,8815.57143
aia,20210917,8904.42857
aia,20210924,8973.42857
aia,20211001,9029.28571
aia,20211129,9056.57143
aia,20211201,9092
aia,20211208,9127
aia,20220114,9169
aia,20220121,9204.85714
aia,20220128,9240.57143
aia,20220202,9268.42857
aia,20220209,9305.85714
aia,20220211,9335.14286
aia,20220216,9374.71429
aia,20220218,9405.85714
aia,20220225,9436.28571
aia,20220302,9466.71429
aia,20220309,9496.85714
aia,20220311,9517.42857
aia,20220318,9543.85714
aia,20220323,9561.57143
alb,20210202,1
alb,20210209,219.5
alb,20210217,350
alb,20210218,415.25
alb,20210222,463.2
alb,20210511,30650.33333
alb,20210512,53117.57143
alb,20210513,80679.71429
alb,20210514,109868.42857
alb,20210517,141653
alb,20210518,174245.14286
alb,20210519,207638.57143
alb,20210520,215649.14286
alb,20210521,223042.85714
alb,20210523,230305.71429
alb,20210524,236754.14286
alb,20210526,243339
alb,20210527,250267.42857
alb,20210530,257786.42857
alb,20210531,265311.14286
alb,20210601,272966.42857
alb,20210603,280608.57143
alb,20210606,288637.71429
alb,20210607,294514.71429
alb,20210608,299986.14286
alb,20210609,304770.42857
alb,20210610,309668
alb,20210611,314708.28571
alb,20210612,319547.71429
alb,20210613,323272.14286
alb,20210614,326762.85714
alb,20210615,330337.28571
alb,20210616,333824.85714
alb,20210617,337658.71429
alb,20210620,342870.42857
alb,20210621,348474.85714
alb,20210622,354682.85714
alb,20210623,361236.85714
alb,20210624,367707.14286
alb,20210628,375020.57143
alb,20210629,381848.14286
alb,20210630,387344.71429
alb,20210701,392633.85714
alb,20210702,397850.71429
alb,20210704,403013.85714
alb,20210705,407874.71429
alb,20210706,411734.57143
alb,20210707,415572.42857
alb,20210708,419242
alb,20210709,422716.28571
alb,20210710,425862.42857
alb,20210711,428453.14286
alb,20210712,431148
alb,20210713,434006.14286
alb,20210714,437251.71429
alb,20210715,440957.42857
alb,20210716,445090.71429
alb,20210717,449557
alb,20210718,454125.42857
alb,20210720,459000.85714
alb,20210721,464100.28571
alb,20210722,469309.57143
alb,20210725,475537.14286
alb,20210729,483874
alb,20210730,492414.14286
alb,20210731,501244.57143
alb,20210801,509449.71429
alb,20210802,517444.28571
alb,20210803,525057.57143
alb,20210804,531188
alb,20210805,534905.57143
alb,20210808,538943.71429
alb,20210810,543413.57143
alb,20210813,548718.28571
alb,20210815,553776.85714
alb,20210816,558666.57143
alb,20210817,563481.57143
alb,20210819,568653.85714
alb,20210821,573531.42857
alb,20210822,577709.42857
alb,20210823,581508.71429
alb,20210824,585611
alb,20210825,589960
alb,20210826,594702.42857
alb,20210827,599585.28571
alb,20210829,605040.14286
alb,20210830,611415.14286
alb,20210831,618253.71429
alb,20210901,625352
alb,20210902,632828.42857
alb,20210906,642173
alb,20210907,651614.14286
alb,20210908,660477.71429
alb,20210909,668983.85714
alb,20210910,677080.57143
alb,20210911,684822.85714
alb,20210912,691827.42857
alb,20210913,696883.42857
alb,20210914,701455.85714
alb,20210915,705677.28571
alb,20210916,709704.85714
alb,20210917,713596.42857
alb,20210919,717702.71429
alb,20210920,722269.57143
alb,20210921,726909
alb,20210922,731755.28571
alb,20210923,736986.14286
alb,20210924,742607
alb,20210927,749794.14286
alb,20210928,757080
alb,20210929,764500.57143
alb,20210930,772080.42857
alb,20211001,779667.85714
alb,20211002,787010.71429
alb,20211004,794268.57143
alb,20211005,800027.28571
alb,20211006,805508.42857
alb,20211007,810733
alb,20211008,815599
alb,20211009,820244.28571
alb,20211011,824394.14286
alb,20211012,828758.57143
alb,20211013,832961.14286
alb,20211017,838140.42857
alb,20211018,843152.42857
alb,20211019,848063
alb,20211020,852796
alb,20211021,857723.85714
alb,20211022,861892.42857
alb,20211024,866163.28571
alb,20211025,869191.42857
alb,20211027,872493.28571
alb,20211028,875678.85714
alb,20211029,878773.71429
alb,20211101,882022.71429
alb,20211103,885898.28571
alb,20211106,890053.28571
alb,20211107,893978.71429
alb,20211109,897912.71429
alb,20211110,901900
alb,20211111,905981
alb,20211114,910622
alb,20211116,915179.42857
alb,20211117,919289.71429
alb,20211118,923670.14286
alb,20211121,928249.85714
alb,20211124,933656.57143
alb,20211125,938950.42857
alb,20211128,944002
alb,20211130,948357.14286
alb,20211201,952976.28571
alb,20211203,958038.42857
alb,20211205,962705.57143
alb,20211206,966557.28571
alb,20211207,970511.71429
alb,20211208,973812.14286
alb,20211212,978289.28571
alb,20211213,982508.71429
alb,20211214,986273.28571
alb,20211215,989932.71429
alb,20211218,994237.28571
alb,20211221,998899.57143
alb,20211223,1004026.85714
alb,20211228,1009566.71429
alb,20220104,1017284.57143
alb,20220105,1025128.85714
alb,20220108,1033568.57143
alb,20220110,1041544.57143
alb,20220111,1049190.57143
alb,20220130,1062472.14286
alb,20220201,1080417.71429
alb,20220206,1097194.57143
alb,20220207,1113799.42857
alb,20220213,1130829.28571
alb,20220214,1147536.28571
alb,20220215,1164044.14286
alb,20220216,1174440.14286
alb,20220220,1178976.14286
alb,20220227,1183163.85714
alb,20220301,1187348
alb,20220307,1190887.14286
alb,20220310,1194561.14286
alb,20220314,1198268
alb,20220315,1201910.71429
and,20210308,1172
and,20210310,1218
and,20210315,1233.66667
and,20210405,2046.25
and,20210419,2573.2
and,20210426,2924.5
and,20210503,3178
and,20210510,3682.28571
and,20210517,4173.71429
and,20210531,5179.14286
and,20210607,6101.14286
and,20210614,7777.57143
and,20210621,10622.85714
and,20210628,13753.42857
and,20210712,16940.28571
and,20210719,21111.71429
and,20210801,25007.42857
and,20210815,29247.14286
and,20210829,33046
and,20210926,36349.14286
and,20211003,39448.57143
and,20211031,42666.42857
and,20211205,45013.42857
and,20211212,47153.14286
and,20211226,48692.57143
and,20220116,50126.57143
and,20220123,50895.71429
and,20220206,51595.57143
and,20220213,52126.28571
and,20220220,52550.28571
are,20210110,250000
are,20210223,1218924.5
are,20210420,2091456.66667
are,20210705,3151079.75
are,20210706,3792803.2
are,20210707,4227164.66667
are,20210708,4541672.14286
are,20210709,5428597.57143
are,20210710,6042924.42857
are,20210711,6424530.14286
are,20210712,6452753
are,20210713,6481002.28571
are,20210714,6509256.28571
are,20210715,6548823.14286
are,20210716,6586954
are,20210718,6622243.85714
are,20210719,6654735.71429
are,20210720,6688672.28571
are,20210726,6725409.14286
are,20210727,6763595.85714
are,20210728,6790422.28571
are,20210729,6817253.57143
are,20210731,6851182
are,20210802,6887913.71429
are,20210803,6924616.57143
are,20210804,6957119.28571
are,20210805,6986761.42857
are,20210806,7015064.28571
are,20210807,7044750
are,20210808,7067345
are,20210809,7088545.42857
are,20210810,7109771.71429
are,20210811,7129526
are,20210812,7146487
are,20210813,7162005.42857
are,20210815,7174713.71429
are,20210816,7187466.28571
are,20210817,7201596
are,20210818,7214289.42857
are,20210819,7228427.28571
are,20210820,7245378
are,20210821,7263770.57143
are,20210824,7283561
are,20210825,7308966
are,20210826,7334389.85714
are,20210901,7382438.14286
are,20210903,7431912.42857
are,20210904,7479957.14286
are,20210906,7527951.57143
are,20210907,7578807.14286
are,20210909,7629677.28571
are,20210910,7682011.85714
are,20210911,7713103.85714
are,20210912,7741362.14286
are,20210913,7769652.85714
are,20210914,7799337.71429
are,20210915,7829034
are,20210916,7855912.71429
are,20210917,7882747.57143
are,20210918,7910994.42857
are,20210919,7939247.14286
are,20210920,7966036
are,20210921,7994293.42857
are,20210922,8019728
are,20210923,8043714.14286
are,20210924,8067743.71429
are,20210925,8090373.14286
are,20210927,8112959.85714
are,20210928,8138396.71429
are,20210929,8162414.28571
are,20210930,8184989.28571
are,20211001,8209042.42857
are,20211003,8233054.42857
are,20211004,8255629.85714
are,20211005,8279643.85714
are,20211006,8302251.42857
are,20211007,8323476.85714
are,20211008,8346123.14286
are,20211009,8367264.57143
are,20211010,8384207.57143
are,20211013,8405399
are,20211014,8425194.28571
are,20211015,8445011.85714
are,20211017,8464754.28571
are,20211018,8483117.14286
are,20211019,8501493
are,20211020,8521293.71429
are,20211021,8535467.42857
are,20211024,8550972.85714
are,20211026,8565104.71429
are,20211027,8577852.28571
are,20211028,8591981.85714
are,20211029,8604690.14286
are,20211030,8617364.85714
are,20211031,8631468
are,20211101,8644200.71429
are,20211102,8656878.14286
are,20211103,8669589.57143
are,20211104,8680887.57143
are,20211105,8692204.42857
are,20211106,8703525.28571
are,20211107,8713410.28571
are,20211108,8723297.42857
are,20211109,8733217.28571
are,20211110,8743118.42857
are,20211111,8753002.57143
are,20211112,8765748.71429
are,20211115,8779891.57143
are,20211116,8794308.28571
are,20211117,8808304
are,20211118,8821997
are,20211119,8835391.57143
are,20211120,8848808
are,20211121,8858675.14286
are,20211122,8866422.28571
are,20211123,8874899.71429
are,20211124,8883094.57143
are,20211125,8891006.85714
are,20211126,8898495.28571
are,20211127,8905559.85714
are,20211128,8912765.71429
are,20211129,8919547.57143
are,20211130,8925058
are,20211201,8930992.28571
are,20211206,8938198
are,20211207,8946110.28571
are,20211208,8954163.85714
are,20211209,8962500
are,20211210,8971966.57143
are,20211211,8981725.28571
are,20211212,8990368
are,20211214,8998291.28571
are,20211224,9010441.14286
are,20220103,9029962.42857
are,20220104,9048355.14286
are,20220105,9066703
are,20220106,9085050.71429
are,20220108,9104808.85714
are,20220110,9124567.85714
are,20220111,9140088.57143
are,20220112,9148572.57143
are,20220113,9158433.85714
are,20220114,9166959.71429
are,20220117,9176869.57143
are,20220119,9186743.85714
are,20220120,9196631.71429
are,20220122,9207981.42857
are,20220124,9219257.57143
are,20220125,9229157
are,20220126,9240422.28571
are,20220127,9250316.28571
are,20220128,9260243
are,20220129,9270145.57143
are,20220130,9277188.71429
are,20220202,9287104.71429
are,20220203,9298420.28571
are,20220204,9309726.14286
are,20220205,9319598.42857
are,20220207,9329480.42857
are,20220208,9339362.28571
are,20220210,9350647.85714
are,20220211,9359094.71429
are,20220212,9367573.28571
are,20220213,9376069.28571
are,20220214,9384565
are,20220215,9391641.14286
are,20220216,9398712.28571
are,20220217,9405793.14286
are,20220219,9412839.57143
are,20220220,9419894
are,20220221,9425549.85714
are,20220222,9431216.85714
are,20220223,9438270.42857
are,20220224,9445329
are,20220225,9450974.71429
are,20220227,9456671.71429
are,20220228,9462339.71429
are,20220301,9468008.71429
are,20220304,9476471.28571
are,20220319,9493393
are,20220323,9510342.85714
are,20220324,9528722
are,20220325,9545662.28571
arg,20201229,5
arg,20201230,7.5
arg,20201231,8.33333
arg,20210101,8.75
arg,20210102,9.4
arg,20210103,10
arg,20210104,11
arg,20210105,13.14286
arg,20210106,14.57143
arg,20210107,16.28571
arg,20210108,18.85714
arg,20210109,21.28571
arg,20210110,23.57143
arg,20210111,25.85714
arg,20210112,29
arg,20210113,32.28571
arg,20210114,35.28571
arg,20210115,38.28571
arg,20210116,41.28571
arg,20210117,44.71429
arg,20210118,48.14286
arg,20210119,826
arg,20210120,3534
arg,20210121,7573
arg,20210122,12210.28571
arg,20210123,17251.85714
arg,20210124,22323.28571
arg,20210125,28406.57143
arg,20210126,34783.71429
arg,20210127,40089.71429
arg,20210128,46151
arg,20210129,54760.57143
arg,20210130,64266.85714
arg,20210131,73830.71429
arg,20210201,84845.85714
arg,20210202,97395.28571
arg,20210203,111400
arg,20210204,125861.14286
arg,20210205,139909.28571
arg,20210206,153777.57143
arg,20210207,167674
arg,20210208,180099.71429
arg,20210209,190768.71429
arg,20210210,199782.14286
arg,20210211,208136
arg,20210212,215408.28571
arg,20210213,221941.14286
arg,20210214,228376.28571
arg,20210215,233852
arg,20210216,238519.71429
arg,20210217,243206.57143
arg,20210218,247660.28571
arg,20210219,251538.57143
arg,20210220,255255.28571
arg,20210221,258958.85714
arg,20210222,262874.85714
arg,20210223,267339.14286
arg,20210224,272048.28571
arg,20210225,276740.42857
arg,20210226,281928.14286
arg,20210227,287182.57143
arg,20210228,292476.71429
arg,20210301,298571.57143
arg,20210302,305107.57143
arg,20210303,311745.42857
arg,20210304,318695.85714
arg,20210305,325905.57143
arg,20210306,333369.28571
arg,20210307,340799.71429
arg,20210308,347539.14286
arg,20210309,353580.71429
arg,20210310,359501
arg,20210311,368157.71429
arg,20210312,381202.57143
arg,20210313,397601.57143
arg,20210314,414166
arg,20210315,434457.14286
arg,20210316,457574.42857
arg,20210317,482387.42857
arg,20210318,508717.14286
arg,20210319,533977.71429
arg,20210320,557169
arg,20210321,580371.14286
arg,20210322,601314.71429
arg,20210323,620888.14286
arg,20210324,638039.57143
arg,20210325,651191.85714
arg,20210326,660675.42857
arg,20210327,668782.14286
arg,20210328,676708.85714
arg,20210329,683494.28571
arg,20210330,689250.14286
arg,20210331,695522.71429
arg,20210401,699896.85714
arg,20210402,702933
arg,20210403,705596.57143
arg,20210404,708265.85714
arg,20210405,711624.14286
arg,20210406,715380
arg,20210407,719368.42857
arg,20210408,723755.57143
arg,20210409,729734.85714
arg,20210410,736400.28571
arg,20210411,743268.57143
arg,20210412,749995.57143
arg,20210413,759075.71429
arg,20210414,769352.57143
arg,20210415,781942.71429
arg,20210416,793960.85714
arg,20210417,805988.28571
arg,20210418,817817.71429
arg,20210419,830469.85714
arg,20210420,841854.57143
arg,20210421,853221.28571
arg,20210422,863534.14286
arg,20210423,874456.28571
arg,20210424,884808.14286
arg,20210425,895167.71429
arg,20210426,904332.28571
arg,20210427,911992.57143
arg,20210428,920884.28571
arg,20210429,932623
arg,20210430,947279.28571
arg,20210501,962233.71429
arg,20210502,979168.71429
arg,20210503,1006243.57143
arg,20210504,1046180
arg,20210505,1094209.71429
arg,20210506,1146646.57143
arg,20210507,1208104.14286
arg,20210508,1275037.42857
arg,20210509,1340405.85714
arg,20210510,1403946.42857
arg,20210511,1463085.85714
arg,20210512,1531528.42857
arg,20210513,1612817
arg,20210514,1702677
arg,20210515,1793765.71429
arg,20210516,1890595.57143
arg,20210517,1992084.28571
arg,20210518,2090659.85714
arg,20210519,2173696.71429
arg,20210520,2240683
arg,20210521,2297622.14286
arg,20210522,2353574.28571
arg,20210523,2406613
arg,20210524,2448671
arg,20210525,2488228.42857
arg,20210526,2531754.85714
arg,20210527,2580905.57143
arg,20210528,2635151.85714
arg,20210529,2691932.71429
arg,20210530,2747812.57143
arg,20210531,2809722.57143
arg,20210601,2875251.71429
arg,20210602,2938927.57143
arg,20210603,2996015.71429
arg,20210604,3042131
arg,20210605,3082361.71429
arg,20210606,3122038.42857
arg,20210607,3159631.14286
arg,20210608,3194826.14286
arg,20210609,3225977.42857
arg,20210610,3254704.28571
arg,20210611,3283673
arg,20210612,3321199.71429
arg,20210613,3363150
arg,20210614,3410267.42857
arg,20210615,3464409.57143
arg,20210616,3525741.85714
arg,20210617,3593753.42857
arg,20210618,3661620.14286
arg,20210619,3721009.85714
arg,20210620,3774757.42857
arg,20210621,3819941
arg,20210622,3858544.71429
arg,20210623,3890853.71429
arg,20210624,3918718.71429
arg,20210625,3950189.71429
arg,20210626,3989818.42857
arg,20210627,4031858.85714
arg,20210628,4077924.85714
arg,20210629,4125374.42857
arg,20210630,4173836.57143
arg,20210701,4234130.42857
arg,20210702,4296415.14286
arg,20210703,4359655.71429
arg,20210704,4422995.42857
arg,20210705,4503683.42857
arg,20210706,4598021.14286
arg,20210707,4703273.14286
arg,20210708,4797605.71429
arg,20210709,4894804.28571
arg,20210710,4984381.14286
arg,20210711,5071997.71429
arg,20210712,5138984.85714
arg,20210713,5189504.71429
arg,20210714,5228811.14286
arg,20210715,5270308.14286
arg,20210716,5311217.28571
arg,20210717,5360997.57143
arg,20210718,5414948.71429
arg,20210719,5476953.71429
arg,20210720,5564686.42857
arg,20210721,5661432
arg,20210722,5759686.28571
arg,20210723,5856406.14286
arg,20210724,5947113.14286
arg,20210725,6033680.57143
arg,20210726,6131361.14286
arg,20210727,6231520.14286
arg,20210728,6347150.85714
arg,20210729,6480776.71429
arg,20210730,6631373.14286
arg,20210731,6796391.57143
arg,20210801,6973591.42857
arg,20210802,7161773.57143
arg,20210803,7346226.57143
arg,20210804,7535376.57143
arg,20210805,7736595.28571
arg,20210806,7948426.85714
arg,20210807,8167895
arg,20210808,8392296.71429
arg,20210809,8622342.57143
arg,20210810,8862103
arg,20210811,9113637.85714
arg,20210812,9370379.28571
arg,20210813,9636123.71429
arg,20210814,9903820.71429
arg,20210815,10172168.85714
arg,20210816,10420901.28571
arg,20210817,10677232
arg,20210818,10934449.71429
arg,20210819,11191105.85714
arg,20210820,11443571.57143
arg,20210821,11693699.85714
arg,20210822,11945820.57143
arg,20210823,12218459.85714
arg,20210824,12496251.57143
arg,20210825,12777494.42857
arg,20210826,13067328.85714
arg,20210827,13367616.42857
arg,20210828,13667631.28571
arg,20210829,13967675.57143
arg,20210830,14273334.28571
arg,20210831,14579862.85714
arg,20210901,14889472.14286
arg,20210902,15198990.14286
arg,20210903,15505572.14286
arg,20210904,15820088.14286
arg,20210905,16139343
arg,20210906,16467799.14286
arg,20210907,16802804.57143
arg,20210908,17129480.57143
arg,20210909,17453118.57143
arg,20210910,17765805.85714
arg,20210911,18066610.57143
arg,20210912,18342806.71429
arg,20210913,18601135.42857
arg,20210914,18834534.71429
arg,20210915,19065226.71429
arg,20210916,19292504.57143
arg,20210917,19523925.57143
arg,20210918,19757455.85714
arg,20210919,20006696.71429
arg,20210920,20261141.71429
arg,20210921,20519565.57143
arg,20210922,20774959.14286
arg,20210923,21004777
arg,20210924,21216483.71429
arg,20210925,21415462.71429
arg,20210926,21608414.71429
arg,20210927,21791712
arg,20210928,21972698.42857
arg,20210929,22144255
arg,20210930,22333831.85714
arg,20211001,22530623.85714
arg,20211002,22735083.28571
arg,20211003,22941186.28571
arg,20211004,23137777.71429
arg,20211005,23322235.28571
arg,20211006,23503537.28571
arg,20211007,23671591
arg,20211008,23817936
arg,20211009,23957116.57143
arg,20211010,24093481.42857
arg,20211011,24214325.14286
arg,20211012,24330645
arg,20211013,24437439.28571
arg,20211014,24540853.42857
arg,20211015,24654469.85714
arg,20211016,24770594.14286
arg,20211017,24884487.57143
arg,20211018,25008026.71429
arg,20211019,25129190.28571
arg,20211020,25247269.57143
arg,20211021,25362401.85714
arg,20211022,25470670.42857
arg,20211023,25570183.71429
arg,20211024,25665689.85714
arg,20211025,25759600.71429
arg,20211026,25858116.85714
arg,20211027,25956210.28571
arg,20211028,26051361.85714
arg,20211029,26144048.85714
arg,20211030,26233889.57143
arg,20211031,26323953
arg,20211101,26409451.28571
arg,20211102,26495085.85714
arg,20211103,26590129
arg,20211104,26690451.71429
arg,20211105,26793342.57143
arg,20211106,26902319.14286
arg,20211107,27015446
arg,20211108,27130001.57143
arg,20211109,27242402.42857
arg,20211110,27349129.42857
arg,20211111,27451030.14286
arg,20211112,27558668
arg,20211113,27663234
arg,20211114,27760866.71429
arg,20211115,27874115.14286
arg,20211116,28001378.28571
arg,20211117,28142602.71429
arg,20211118,28297047.14286
arg,20211119,28464296.85714
arg,20211120,28635264.28571
arg,20211121,28812635.85714
arg,20211122,28969059.85714
arg,20211123,29118599.28571
arg,20211124,29263671.28571
arg,20211125,29403433.14286
arg,20211126,29532254.28571
arg,20211127,29659127.85714
arg,20211128,29785804.71429
arg,20211129,29930182.28571
arg,20211130,30073724.85714
arg,20211201,30209519.42857
arg,20211202,30344642
arg,20211203,30474696.28571
arg,20211204,30603448.14286
arg,20211205,30731643.42857
arg,20211206,30855969.57143
arg,20211207,30979388.42857
arg,20211208,31091518.42857
arg,20211209,31197658.28571
arg,20211210,31303508.71429
arg,20211211,31408915.14286
arg,20211212,31512906.57143
arg,20211213,31612848.71429
arg,20211214,31707308
arg,20211215,31811229.14286
arg,20211216,31913933
arg,20211217,32011818.42857
arg,20211218,32109387.57143
arg,20211219,32206197
arg,20211220,32300183.14286
arg,20211221,32392833
arg,20211222,32485032
arg,20211223,32572794.14286
arg,20211224,32647032.14286
arg,20211225,32713041.85714
arg,20211226,32777168.85714
arg,20211227,32845999.28571
arg,20211228,32915860
arg,20211229,32986453.71429
arg,20211230,33059316.28571
arg,20211231,33132719.28571
arg,20220101,33206196.42857
arg,20220102,33280198.42857
arg,20220103,33349151.14286
arg,20220104,33415712.42857
arg,20220105,33481798.14286
arg,20220106,33550245.14286
arg,20220107,33635083.71429
arg,20220108,33727007.85714
arg,20220109,33820096
arg,20220110,33912390.57143
arg,20220111,34001525
arg,20220112,34086001.85714
arg,20220113,34165054.28571
arg,20220114,34236225.42857
arg,20220115,34304158.85714
arg,20220116,34370433.28571
arg,20220117,34433189.71429
arg,20220118,34492936.42857
arg,20220119,34549790.14286
arg,20220120,34604626.71429
arg,20220121,34658673
arg,20220122,34712465.42857
arg,20220123,34766068
arg,20220124,34819037.85714
arg,20220125,34871433.42857
arg,20220126,34923572.14286
arg,20220127,34976324.14286
arg,20220128,35029842.14286
arg,20220129,35083624.42857
arg,20220130,35137299.85714
arg,20220131,35190864.57143
arg,20220201,35244283.42857
arg,20220202,35296766.42857
arg,20220203,35347299.28571
arg,20220204,35396846
arg,20220205,35445524
arg,20220206,35494122.85714
arg,20220207,35542080.85714
arg,20220208,35589922.85714
arg,20220209,35637767
arg,20220210,35685717.28571
arg,20220211,35732196.14286
arg,20220212,35778803.85714
arg,20220213,35825197.85714
arg,20220214,35870274.57143
arg,20220215,35913674.28571
arg,20220216,35955864.57143
arg,20220217,35997248.28571
arg,20220218,36038541.42857
arg,20220219,36079059.14286
arg,20220220,36118972.14286
arg,20220221,36158444.71429
arg,20220222,36198091.28571
arg,20220223,36237801.71429
arg,20220224,36276087.71429
arg,20220225,36314315.71429
arg,20220226,36352463.42857
arg,20220227,36390442.42857
arg,20220228,36422850.71429
arg,20220301,36449286.14286
arg,20220302,36472810.42857
arg,20220303,36494400.14286
arg,20220304,36512972.28571
arg,20220305,36530754
arg,20220306,36548349.42857
arg,20220307,36568053.85714
arg,20220308,36588931.28571
arg,20220309,36608298.14286
arg,20220310,36626592.85714
arg,20220311,36644107.85714
arg,20220312,36661379.85714
arg,20220313,36678364.14286
arg,20220314,36694722.85714
arg,20220315,36711499.28571
arg,20220316,36728328.85714
arg,20220317,36744988.57143
arg,20220318,36760959.85714
arg,20220319,36776825.85714
arg,20220320,36792605.71429
arg,20220321,36807751.85714
arg,20220322,36822034.42857
arg,20220323,36835611
arg,20220324,36846868.42857
arg,20220325,36855550
arm,20210620,11784
arm,20210627,13990
arm,20210711,19546
arm,20210718,23789.5
arm,20210725,27802.6
arm,20210801,31769.66667
arm,20210808,36141.57143
arm,20210815,45267.14286
arm,20210822,55161.14286
arm,20210829,64865.14286
arm,20210905,75081.57143
arm,20210912,86022.71429
arm,20210919,97125.57143
arm,20210926,108763.71429
arm,20211011,122270.71429
arm,20211017,136646
arm,20211024,152758.57143
arm,20211031,173395.85714
arm,20211107,195753.71429
arm,20211114,223322.28571
arm,20211121,255917.14286
arm,20211128,294009.85714
arm,20211206,341282.42857
arm,20211212,394318.14286
arm,20211219,450100.28571
arm,20211226,509405.14286
arm,20220102,565459.42857
arm,20220109,618100.14286
arm,20220117,667812.71429
arm,20220123,711077.28571
arm,20220130,748161.42857
arm,20220206,779020
arm,20220213,804770.57143
arm,20220220,830776
arm,20220227,856334.28571
atg,20210517,2581
atg,20210521,4815.5
atg,20210525,6293.66667
atg,20210526,7558.75
atg,20210527,8630
atg,20210529,9713.83333
atg,20210531,10735.57143
atg,20210603,12963.85714
atg,20210606,15027.28571
atg,20210607,16976.71429
atg,20210609,18701.85714
atg,20210612,20263.14286
atg,20210615,21576.28571
atg,20210617,22965.85714
atg,20210620,24231.85714
atg,20210629,25098.85714
atg,20210701,25809.71429
atg,20210704,26463.14286
atg,20210706,27067.42857
atg,20210708,27628.28571
atg,20210709,27890.57143
atg,20210713,28114.85714
atg,20210715,28272.28571
atg,20210718,28406
atg,20210720,28542.57143
atg,20210721,28678.28571
atg,20210722,28969.85714
atg,20210725,29255.71429
atg,20210728,29546.71429
atg,20210729,29838
atg,20210802,30140.85714
atg,20210804,30440.28571
atg,20210807,30765.14286
atg,20210810,30925.42857
atg,20210814,31153.42857
atg,20210816,31382
atg,20210819,31620
atg,20210822,31889.71429
atg,20210824,32180.85714
atg,20210828,32479.85714
atg,20210830,32826.71429
atg,20210831,33109.85714
atg,20210907,33511.42857
atg,20210910,33988.42857
atg,20210913,34439.42857
atg,20210917,34971.14286
atg,20210924,36011.28571
atg,20210928,37201
atg,20211002,38484
atg,20211004,39711
atg,20211006,40877.28571
atg,20211009,42081.85714
atg,20211013,43263.57143
atg,20211016,44065.71429
atg,20211019,44798.28571
atg,20211023,45628
atg,20211026,46472.57143
atg,20211030,47364.71429
atg,20211105,48298.71429
atg,20211108,49384.57143
atg,20211116,50586.14286
atg,20211121,51747.85714
atg,20211123,52748.42857
atg,20211126,53699.71429
atg,20211202,54681.28571
atg,20211205,55595.85714
atg,20211210,56338.57143
atg,20211219,56882.14286
atg,20211225,57321.14286
atg,20211229,57758.57143
atg,20220106,58163.57143
atg,20220113,58518.28571
atg,20220126,58948.71429
atg,20220205,59320.71429
atg,20220217,59672.14286
atg,20220228,60049.42857
atg,20220301,60401.42857
atg,20220314,60758
aus,20210223,3
aus,20210224,3
aus,20210225,5
aus,20210226,6.5
aus,20210227,7.6
aus,20210228,8.33333
aus,20210301,8.85714
aus,20210302,10.14286
aus,20210303,11.85714
aus,20210304,13.28571
aus,20210305,15.14286
aus,20210306,16.85714
aus,20210307,18.57143
aus,20210308,20.28571
aus,20210309,22.42857
aus,20210310,24.28571
aus,20210311,26.14286
aus,20210312,27.57143
aus,20210313,29
aus,20210314,30.57143
aus,20210315,59
aus,20210316,130.14286
aus,20210317,318.42857
aus,20210318,611.14286
aus,20210319,1002.14286
aus,20210320,1415
aus,20210321,4221
aus,20210322,7501.28571
aus,20210323,10909
aus,20210324,14798.57143
aus,20210325,19195.71429
aus,20210326,23756.14286
aus,20210327,28476.85714
aus,20210328,30905.28571
aus,20210329,34191.71429
aus,20210330,37854
aus,20210331,44161.28571
aus,20210401,50787.42857
aus,20210402,57311.28571
aus,20210403,63789.71429
aus,20210404,70211.71429
aus,20210405,75471.85714
aus,20210406,81237
aus,20210407,84644
aus,20210408,92933.71429
aus,20210409,102196.14286
aus,20210410,111707.42857
aus,20210411,121305.42857
aus,20210412,131890.57143
aus,20210413,142416.28571
aus,20210414,153031.71429
aus,20210415,158848.42857
aus,20210416,164412.85714
aus,20210417,169862.71429
aus,20210418,175281.57143
aus,20210419,180579
aus,20210420,185959.85714
aus,20210421,193030.57143
aus,20210422,200074.14286
aus,20210423,206856.14286
aus,20210424,213523.85714
aus,20210425,220094.42857
aus,20210426,225721.85714
aus,20210427,230980
aus,20210428,234532
aus,20210429,238186
aus,20210430,242029.71429
aus,20210501,245928.42857
aus,20210502,249924.71429
aus,20210503,254469.71429
aus,20210504,259240.57143
aus,20210505,263976.28571
aus,20210506,268657.57143
aus,20210507,273512.57143
aus,20210508,278389
aus,20210509,283250.28571
aus,20210510,288193.85714
aus,20210511,293074.85714
aus,20210512,298177.71429
aus,20210513,303105.42857
aus,20210514,308224.85714
aus,20210515,313464.42857
aus,20210516,318730.85714
aus,20210517,334549.42857
aus,20210518,350497.14286
aus,20210519,366399.57143
aus,20210520,382775.85714
aus,20210524,398038
aus,20210525,418593.42857
aus,20210526,439994.85714
aus,20210527,451314.71429
aus,20210528,462675.14286
aus,20210529,473143
aus,20210530,482458.57143
aus,20210531,492611.28571
aus,20210601,502097.57143
aus,20210602,511922.42857
aus,20210603,521903
aus,20210604,532246
aus,20210605,542921
aus,20210606,559067
aus,20210607,577525.14286
aus,20210608,593341.85714
aus,20210609,610446.14286
aus,20210610,628538.42857
aus,20210613,670930
aus,20210614,717874.28571
aus,20210615,762592.71429
aus,20210616,809132.57143
aus,20210617,861741.85714
aus,20210618,915228.71429
aus,20210619,968113
aus,20210620,998784.71429
aus,20210621,1025444
aus,20210622,1066658.57143
aus,20210623,1106865.71429
aus,20210624,1155411.71429
aus,20210625,1204254.42857
aus,20210626,1260391.85714
aus,20210627,1317001.85714
aus,20210628,1372731.42857
aus,20210629,1420155.14286
aus,20210630,1475975.71429
aus,20210701,1528312
aus,20210702,1588602.71429
aus,20210703,1646619
aus,20210704,1703799.42857
aus,20210705,1770294.57143
aus,20210706,1838500
aus,20210707,1905077.28571
aus,20210708,1969973.14286
aus,20210709,2033734.85714
aus,20210710,2097749.28571
aus,20210711,2161763.57143
aus,20210712,2226984.57143
aus,20210713,2293372.28571
aus,20210714,2361806.14286
aus,20210715,2431720.57143
aus,20210716,2502993.85714
aus,20210717,2574139.71429
aus,20210718,2645930.85714
aus,20210719,2718221
aus,20210720,2790513.42857
aus,20210721,2863602.14286
aus,20210722,2936956.57143
aus,20210723,3011021.28571
aus,20210724,3086070.57143
aus,20210725,3161891.42857
aus,20210726,3238779.85714
aus,20210727,3317403.57143
aus,20210728,3398318.85714
aus,20210729,3480973.28571
aus,20210730,3565804.85714
aus,20210731,3651496.71429
aus,20210801,3738027.85714
aus,20210802,3826156.71429
aus,20210803,3916008.71429
aus,20210804,4006477.28571
aus,20210805,4098877
aus,20210806,4193277.42857
aus,20210807,4291029.57143
aus,20210808,4389206
aus,20210809,4489094
aus,20210810,4591695.57143
aus,20210811,4696478
aus,20210812,4803563
aus,20210813,4913448.71429
aus,20210814,5022244
aus,20210815,5130490.85714
aus,20210816,5242076.14286
aus,20210817,5353391.14286
aus,20210818,5466610.42857
aus,20210819,5580942.28571
aus,20210820,5696318.42857
aus,20210821,5813129.57143
aus,20210822,5931837.28571
aus,20210823,6049863.57143
aus,20210824,6169401
aus,20210825,6290167.85714
aus,20210826,6411560.14286
aus,20210827,6532517.42857
aus,20210828,6654472.71429
aus,20210829,6776606.42857
aus,20210830,6898621.85714
aus,20210831,7021638.42857
aus,20210901,7143260.42857
aus,20210902,7263998.85714
aus,20210903,7384460.85714
aus,20210904,7503780
aus,20210905,7622230
aus,20210906,7739949.57143
aus,20210907,7856753.71429
aus,20210908,7973617.14286
aus,20210909,8092057.71429
aus,20210910,8211801.85714
aus,20210911,8331930.85714
aus,20210912,8453235.42857
aus,20210913,8578190.28571
aus,20210914,8703804.71429
aus,20210915,8830259.57143
aus,20210916,8955640
aus,20210917,9083952
aus,20210918,9214337
aus,20210919,9346724.71429
aus,20210920,9479919.85714
aus,20210921,9615985.14286
aus,20210922,9754254.28571
aus,20210923,9896374.57143
aus,20210924,10038201.28571
aus,20210925,10181308.71429
aus,20210926,10324647.28571
aus,20210927,10468702
aus,20210928,10614546.14286
aus,20210929,10760113.57143
aus,20210930,10907415.28571
aus,20211001,11057259.57143
aus,20211002,11207988
aus,20211003,11359834
aus,20211004,11503676.14286
aus,20211005,11653001.85714
aus,20211006,11808805.28571
aus,20211007,11968362.71429
aus,20211008,12132564.14286
aus,20211009,12303099.14286
aus,20211010,12479016.57143
aus,20211011,12670954.14286
aus,20211012,12865532.57143
aus,20211013,13062548.14286
aus,20211014,13260822.71429
aus,20211015,13458066.28571
aus,20211016,13652598.42857
aus,20211017,13847188.85714
aus,20211018,14039491
aus,20211019,14226080.14286
aus,20211020,14408127
aus,20211021,14587233
aus,20211022,14764447.85714
aus,20211023,14941423
aus,20211024,15114115
aus,20211025,15281996.71429
aus,20211026,15444927.28571
aus,20211027,15602558.14286
aus,20211028,15755037
aus,20211029,15900965.85714
aus,20211030,16041697.71429
aus,20211031,16178866.14286
aus,20211101,16313887.57143
aus,20211102,16440159.71429
aus,20211103,16562611.71429
aus,20211104,16679873.42857
aus,20211105,16794244.85714
aus,20211106,16904050.71429
aus,20211107,17011763
aus,20211108,17113231.85714
aus,20211109,17214616.57143
aus,20211110,17311142
aus,20211111,17403676.57143
aus,20211112,17491422
aus,20211113,17576712.28571
aus,20211114,17660805
aus,20211115,17742153.28571
aus,20211116,17821276.28571
aus,20211117,17897568
aus,20211118,17970653.28571
aus,20211119,18040337.71429
aus,20211120,18108106.71429
aus,20211121,18172550.14286
aus,20211122,18237157
aus,20211123,18298797.28571
aus,20211124,18358239.85714
aus,20211125,18415615
aus,20211126,18471164.71429
aus,20211127,18524897.57143
aus,20211128,18579399.85714
aus,20211129,18629144.57143
aus,20211130,18677185.71429
aus,20211201,18723635.85714
aus,20211202,18768856.85714
aus,20211203,18812729.14286
aus,20211204,18856288.71429
aus,20211205,18899725.57143
aus,20211206,18942066.57143
aus,20211207,18983859.28571
aus,20211208,19025453.71429
aus,20211209,19066365.42857
aus,20211210,19105818.42857
aus,20211211,19144669.42857
aus,20211212,19182200.28571
aus,20211213,19221292.28571
aus,20211214,19260423
aus,20211215,19299260.14286
aus,20211216,19337987.42857
aus,20211217,19377539
aus,20211218,19416986.42857
aus,20211219,19457213
aus,20211220,19494174.85714
aus,20211221,19529179.42857
aus,20211222,19562019
aus,20211223,19592095
aus,20211224,19615444.14286
aus,20211225,19635452.57143
aus,20211226,19656390.42857
aus,20211227,19672992.85714
aus,20211228,19685727.42857
aus,20211229,19697422.85714
aus,20211230,19708455.85714
aus,20211231,19719488.85714
aus,20220101,19730521.85714
aus,20220102,19741722.42857
aus,20220103,19752932
aus,20220104,19766809
aus,20220105,19781003.57143
aus,20220106,19795548.14286
aus,20220107,19813623.57143
aus,20220108,19833697.57143
aus,20220109,19851811.14286
aus,20220110,19872643.85714
aus,20220111,19892622.71429
aus,20220112,19911912
aus,20220113,19930523.28571
aus,20220114,19948328
aus,20220115,19965399
aus,20220116,19981958.14286
aus,20220117,19997350.28571
aus,20220118,20012242.28571
aus,20220119,20026373
aus,20220120,20039977.57143
aus,20220121,20053090.28571
aus,20220122,20065969.28571
aus,20220123,20078843.57143
aus,20220124,20091296.57143
aus,20220125,20103754.57143
aus,20220126,20114665.71429
aus,20220127,20125667.14286
aus,20220128,20136991.71429
aus,20220129,20148765.42857
aus,20220130,20160749.14286
aus,20220131,20173339.71429
aus,20220201,20186269.71429
aus,20220202,20200659.28571
aus,20220203,20214675.42857
aus,20220204,20228350
aus,20220205,20241792.42857
aus,20220206,20255043.14286
aus,20220207,20267730
aus,20220208,20279835.42857
aus,20220209,20291757
aus,20220210,20303427.57143
aus,20220211,20314765.57143
aus,20220212,20325852.57143
aus,20220213,20336700
aus,20220214,20347271.85714
aus,20220215,20357480.71429
aus,20220216,20367029.28571
aus,20220217,20376131.57143
aus,20220218,20384889.14286
aus,20220219,20393513.57143
aus,20220220,20402075.42857
aus,20220221,20410479.85714
aus,20220222,20418676.28571
aus,20220223,20426801.42857
aus,20220224,20434742.57143
aus,20220225,20442428.28571
aus,20220226,20449977.57143
aus,20220227,20457445.71429
aus,20220228,20464616.57143
aus,20220301,20471535.42857
aus,20220302,20478250.14286
aus,20220303,20484800.71429
aus,20220304,20491315
aus,20220305,20498118
aus,20220306,20505097.28571
aus,20220307,20513736.42857
aus,20220308,20524870.42857
aus,20220309,20538953.42857
aus,20220310,20556238.57143
aus,20220311,20577383.28571
aus,20220312,20602438.71429
aus,20220313,20629546.28571
aus,20220314,20658097.42857
aus,20220315,20688441.28571
aus,20220316,20720073.42857
aus,20220317,20752477.85714
aus,20220318,20785519.57143
aus,20220319,20819079
aus,20220320,20853164.57143
aus,20220321,20888127.14286
aus,20220322,20922331
aus,20220323,20954652
aus,20220324,20986015
aut,20210108,1
aut,20210115,203
aut,20210122,1813
aut,20210129,7019
aut,20210205,26078.4
aut,20210212,53553.33333
aut,20210219,78868.85714
aut,20210226,114897
aut,20210305,153045.42857
aut,20210312,194959.28571
aut,20210319,241219
aut,20210326,289467.71429
aut,20210402,336698.71429
aut,20210409,398050.85714
aut,20210416,470397.14286
aut,20210423,549193.57143
aut,20210430,633517.28571
aut,20210507,728806.85714
aut,20210514,826888.42857
aut,20210521,940995
aut,20210528,1070743
aut,20210604,1228286.57143
aut,20210611,1428953.71429
aut,20210618,1670788.14286
aut,20210625,1953856.85714
aut,20210702,2284980.71429
aut,20210709,2641729
aut,20210716,3010656.14286
aut,20210723,3380294.71429
aut,20210730,3736051.57143
aut,20210806,4072935.42857
aut,20210813,4372808.57143
aut,20210820,4625535
aut,20210827,4834108.14286
aut,20210903,5002530
aut,20210910,5135056.42857
aut,20210917,5236568.42857
aut,20210924,5312633.85714
aut,20211001,5372749.42857
aut,20211008,5422091.57143
aut,20211015,5468140.14286
aut,20211022,5512417.57143
aut,20211029,5554815.57143
aut,20211105,5595677.14286
aut,20211112,5636328.85714
aut,20211119,5678708.71429
aut,20211126,5723893.85714
aut,20211203,5776241.71429
aut,20211210,5837089.71429
aut,20211217,5908144
aut,20211224,5982576.14286
aut,20211231,6057803.28571
aut,20220107,6134706
aut,20220114,6211568.28571
aut,20220121,6280849.85714
aut,20220128,6340497.14286
aut,20220204,6389693
aut,20220211,6433657.14286
aut,20220218,6472624.57143
aut,20220225,6503750.85714
aut,20220304,6527035.42857
aut,20220311,6545795.14286
aut,20220318,6560595
aut,20220325,6571115.28571
aze,20210401,297878
aze,20210402,308458.5
aze,20210403,319755.66667
aze,20210404,329024.5
aze,20210405,334606.6
aze,20210406,340642.16667
aze,20210407,347168.57143
aze,20210408,361326.71429
aze,20210409,373648.14286
aze,20210410,383916.71429
aze,20210411,392771.14286
aze,20210412,401623
aze,20210413,409376.85714
aze,20210414,415584.14286
aze,20210415,420941.57143
aze,20210416,425898.14286
aze,20210417,430390.71429
aze,20210418,434581.14286
aze,20210419,438759.71429
aze,20210420,442745.42857
aze,20210421,446808.28571
aze,20210422,451037.28571
aze,20210423,455370.14286
aze,20210424,459926.85714
aze,20210425,465077.14286
aze,20210426,470227.42857
aze,20210427,476000.57143
aze,20210428,482336.42857
aze,20210429,489148.57143
aze,20210430,496544.42857
aze,20210501,504559.85714
aze,20210502,512776.71429
aze,20210504,523080
aze,20210505,535185
aze,20210506,549336.71429
aze,20210507,566299.71429
aze,20210508,585973.71429
aze,20210509,607121.71429
aze,20210510,627142.85714
aze,20210511,647156.57143
aze,20210512,666423.85714
aze,20210513,684644.14286
aze,20210514,700163.71429
aze,20210515,713198.85714
aze,20210516,724984.42857
aze,20210518,740700.57143
aze,20210519,756766.14286
aze,20210520,772508.28571
aze,20210521,787614.85714
aze,20210522,802952.85714
aze,20210523,817459
aze,20210524,830097.28571
aze,20210525,840220.71429
aze,20210526,849124.71429
aze,20210527,857335.85714
aze,20210528,865180.14286
aze,20210529,872064.57143
aze,20210530,878841.42857
aze,20210531,885637.42857
aze,20210601,892077
aze,20210602,898236.14286
aze,20210603,903864.85714
aze,20210604,908955
aze,20210605,914167.14286
aze,20210606,919163.28571
aze,20210607,924165.14286
aze,20210608,928813.57143
aze,20210609,933257.57143
aze,20210610,937519.14286
aze,20210611,941594.57143
aze,20210612,945618.28571
aze,20210613,949826.57143
aze,20210614,954007.42857
aze,20210615,958726.85714
aze,20210616,963642.42857
aze,20210617,969774.85714
aze,20210618,977369.28571
aze,20210620,988863.85714
aze,20210621,999658.85714
aze,20210622,1013380.14286
aze,20210623,1028999.57143
aze,20210624,1047850.85714
aze,20210625,1070033.42857
aze,20210626,1094958.14286
aze,20210627,1119232.42857
aze,20210628,1143519.14286
aze,20210629,1170300.42857
aze,20210630,1200800.57143
aze,20210701,1233442.85714
aze,20210702,1266556.57143
aze,20210703,1300408.28571
aze,20210704,1334400.28571
aze,20210705,1368418.57143
aze,20210706,1402076.28571
aze,20210707,1433274.57143
aze,20210708,1462794.14286
aze,20210709,1491045.85714
aze,20210710,1518407.57143
aze,20210711,1544886.42857
aze,20210712,1571339.57143
aze,20210713,1597209.28571
aze,20210714,1622009.85714
aze,20210715,1645585.71429
aze,20210716,1668004
aze,20210717,1689011.28571
aze,20210718,1709511
aze,20210719,1730011.71429
aze,20210720,1748220.57143
aze,20210721,1764443.57143
aze,20210722,1778943.14286
aze,20210724,1800137.57143
aze,20210725,1821945.28571
aze,20210726,1841019.42857
aze,20210727,1865164.85714
aze,20210728,1892410
aze,20210729,1923660.28571
aze,20210730,1958554.57143
aze,20210731,1988448.71429
aze,20210801,2018088.71429
aze,20210802,2047723
aze,20210803,2076560.71429
aze,20210804,2103829.71429
aze,20210805,2129109.28571
aze,20210807,2155329.14286
aze,20210808,2178976
aze,20210809,2199075.71429
aze,20210810,2221995.57143
aze,20210811,2243724.57143
aze,20210812,2264632.14286
aze,20210813,2284865
aze,20210814,2301679.14286
aze,20210815,2318327
aze,20210816,2334947
aze,20210817,2351300.42857
aze,20210818,2366506.57143
aze,20210819,2380320.57143
aze,20210820,2393055.85714
aze,20210821,2405018.14286
aze,20210822,2416866.57143
aze,20210823,2428718.42857
aze,20210824,2440822.85714
aze,20210825,2454878.28571
aze,20210826,2471730.42857
aze,20210827,2491171.14286
aze,20210829,2520048.14286
aze,20210830,2546913
aze,20210831,2580444.71429
aze,20210901,2616818.28571
aze,20210902,2654736.42857
aze,20210903,2693722.42857
aze,20210904,2733775.71429
aze,20210905,2766868.57143
aze,20210906,2799919.57143
aze,20210907,2831842.57143
aze,20210909,2868444.14286
aze,20210910,2905202.42857
aze,20210912,2947370.42857
aze,20210913,2984279.71429
aze,20210914,3023395.28571
aze,20210915,3068781.85714
aze,20210916,3114487.28571
aze,20210919,3167223.14286
aze,20210920,3214414.85714
aze,20210921,3257835.14286
aze,20210922,3308074.14286
aze,20210923,3358152.28571
aze,20210924,3408141.71429
aze,20210925,3459294.71429
aze,20210926,3499163
aze,20210927,3539029.85714
aze,20210929,3586657.42857
aze,20210930,3634890.57143
aze,20211001,3683987.85714
aze,20211002,3733356.14286
aze,20211003,3781256.57143
aze,20211004,3823175.28571
aze,20211005,3870953.71429
aze,20211006,3908659.57143
aze,20211008,3946805.71429
aze,20211009,3981230.85714
aze,20211010,4012337.42857
aze,20211011,4037921.42857
aze,20211012,4067072
aze,20211014,4096504.57143
aze,20211015,4123957.42857
aze,20211017,4148366.28571
aze,20211018,4169107.57143
aze,20211019,4189327.28571
aze,20211020,4211948
aze,20211021,4233128.85714
aze,20211022,4250097.57143
aze,20211023,4266418.85714
aze,20211024,4279685.14286
aze,20211025,4292910.57143
aze,20211026,4305625.85714
aze,20211027,4317670.28571
aze,20211028,4329388.85714
aze,20211029,4341018.28571
aze,20211030,4352422.42857
aze,20211031,4363751.71429
aze,20211101,4375073.28571
aze,20211102,4385951.85714
aze,20211108,4398031.85714
aze,20211109,4408674.85714
aze,20211111,4419673.71429
aze,20211112,4430189.42857
aze,20211113,4440330.28571
aze,20211114,4451487.85714
aze,20211115,4460979.28571
aze,20211116,4468873.42857
aze,20211117,4477387
aze,20211118,4484717.85714
aze,20211119,4491666.14286
aze,20211120,4498249
aze,20211121,4504567.14286
aze,20211122,4510869.42857
aze,20211123,4516900.71429
aze,20211124,4522746.42857
aze,20211125,4528270.28571
aze,20211126,4533552.85714
aze,20211127,4538687.28571
aze,20211128,4543690.42857
aze,20211129,4548694.14286
aze,20211130,4553598.71429
aze,20211201,4558462.14286
aze,20211202,4563326.85714
aze,20211203,4568172.14286
aze,20211204,4572951.85714
aze,20211205,4577725.42857
aze,20211206,4582498.14286
aze,20211207,4586925.57143
aze,20211208,4590957.28571
aze,20211209,4594832.14286
aze,20211210,4598533.42857
aze,20211211,4602070.71429
aze,20211212,4605491.57143
aze,20211213,4608911.85714
aze,20211214,4612408.71429
aze,20211215,4616038.57143
aze,20211216,4619635.28571
aze,20211217,4623196.14286
aze,20211218,4626759.85714
aze,20211219,4630280.57143
aze,20211220,4633807.71429
aze,20211221,4637168
aze,20211222,4640435.14286
aze,20211223,4643608.28571
aze,20211224,4646723.28571
aze,20211225,4649699.85714
aze,20211227,4652579.85714
aze,20211228,4656043.14286
aze,20211229,4659459.85714
aze,20211230,4662870.42857
aze,20211231,4666229.71429
aze,20220101,4669139.85714
aze,20220102,4671590
aze,20220103,4673680.71429
aze,20220104,4675194.85714
aze,20220105,4676679.57143
aze,20220106,4678288
aze,20220107,4680020.28571
aze,20220108,4682296.71429
aze,20220109,4684970.57143
aze,20220110,4687641.85714
aze,20220111,4690888.57143
aze,20220112,4694180.28571
aze,20220113,4697286.42857
aze,20220115,4700635.71429
aze,20220116,4703773.28571
aze,20220117,4706509.28571
aze,20220118,4709740.57143
aze,20220119,4712804.57143
aze,20220120,4715709
aze,20220121,4718272.71429
aze,20220122,4720424
aze,20220123,4722537.42857
aze,20220124,4724651
aze,20220125,4726675.71429
aze,20220126,4728642.71429
aze,20220127,4730545.42857
aze,20220128,4732632.71429
aze,20220129,4734591.14286
aze,20220130,4736433.57143
aze,20220131,4738276.57143
aze,20220201,4739910.71429
aze,20220202,4741382.42857
aze,20220203,4742814.14286
aze,20220204,4744209.57143
aze,20220205,4745624.42857
aze,20220207,4747085.28571
aze,20220208,4748860.28571
aze,20220209,4750741.71429
aze,20220210,4752712.71429
aze,20220211,4754681
aze,20220212,4756646
aze,20220213,4758573.28571
aze,20220214,4760285.14286
aze,20220215,4761975.28571
aze,20220216,4763623.14286
aze,20220217,4765511.14286
aze,20220306,4770456.71429
aze,20220307,4775146.85714
aze,20220308,4779749.71429
aze,20220309,4784338.57143
aze,20220310,4788982.28571
aze,20220311,4793615.57143
aze,20220312,4797954
aze,20220313,4799156.57143
aze,20220314,4800359.85714
aze,20220315,4801662.71429
aze,20220316,4803208.85714
aze,20220317,4804666.28571
aze,20220318,4806150.14286
aze,20220319,4807663.71429
aze,20220320,4809198.28571
aze,20220321,4810732.14286
aze,20220322,4812005
aze,20220323,4813142.42857
aze,20220324,4814133
aze,20220325,4814939.28571
bdi,20211109,144
bdi,20211110,145.5
bdi,20211111,171.66667
bdi,20211112,184.75
bdi,20211115,214
bdi,20211118,260.66667
bdi,20211123,315.28571
bdi,20211125,399.28571
bdi,20211126,489.42857
bdi,20211201,588
bdi,20211205,698.85714
bdi,20211209,861.85714
bdi,20211212,1087.85714
bdi,20211215,1292.57143
bdi,20211223,1692.71429
bdi,20220113,2441
bdi,20220202,3386.28571
bdi,20220209,4386.42857
bdi,20220217,5382.85714
bdi,20220224,6342
bdi,20220304,7357
bdi,20220312,8213.71429
bdi,20220318,8758.14286
bel,20201229,11
bel,20201230,16
bel,20201231,17.66667
bel,20210101,18.5
bel,20210102,21.6
bel,20210103,23.66667
bel,20210104,27.42857
bel,20210105,37.14286
bel,20210106,49.57143
bel,20210107,65
bel,20210108,87.71429
bel,20210109,111.28571
bel,20210110,135.14286
bel,20210111,159.57143
bel,20210112,184.42857
bel,20210113,224.85714
bel,20210114,266.28571
bel,20210115,304.57143
bel,20210116,342.14286
bel,20210117,383.14286
bel,20210118,444.42857
bel,20210119,536.14286
bel,20210120,679.85714
bel,20210121,828.85714
bel,20210122,986
bel,20210123,1144.57143
bel,20210124,1304.28571
bel,20210125,1448.28571
bel,20210126,1814.85714
bel,20210127,2610.28571
bel,20210128,4536.28571
bel,20210129,7771.85714
bel,20210130,11424.14286
bel,20210131,15122.42857
bel,20210201,19386
bel,20210202,25469.14286
bel,20210203,34035.28571
bel,20210204,44971.14286
bel,20210205,57894.14286
bel,20210206,71163.85714
bel,20210207,84827.14286
bel,20210208,99055.57143
bel,20210209,114060
bel,20210210,128842.57143
bel,20210211,144194.85714
bel,20210212,160301.28571
bel,20210213,176814
bel,20210214,193153.71429
bel,20210215,210048.14286
bel,20210216,225619.57143
bel,20210217,240283.85714
bel,20210218,253365.85714
bel,20210219,264303.71429
bel,20210220,274302.28571
bel,20210221,284073
bel,20210222,292582.28571
bel,20210223,300755.42857
bel,20210224,308290.28571
bel,20210225,314669.57143
bel,20210226,320144
bel,20210227,325510
bel,20210228,330872.42857
bel,20210301,336208.57143
bel,20210302,341350.14286
bel,20210303,346174.71429
bel,20210304,350948.57143
bel,20210305,355697.14286
bel,20210306,360420.42857
bel,20210307,365133.85714
bel,20210308,369739.71429
bel,20210309,374429.57143
bel,20210310,379555.28571
bel,20210311,384859.42857
bel,20210312,391165.57143
bel,20210313,397697.57143
bel,20210314,404389.28571
bel,20210315,411468.57143
bel,20210316,418092.71429
bel,20210317,424660.42857
bel,20210318,432174.57143
bel,20210319,440431.85714
bel,20210320,448568.14286
bel,20210321,456593.85714
bel,20210322,464722
bel,20210323,473069.71429
bel,20210324,481682.14286
bel,20210325,490787.57143
bel,20210326,500012.42857
bel,20210327,509585.85714
bel,20210328,519222.71429
bel,20210329,528843.57143
bel,20210330,538456.85714
bel,20210331,548175
bel,20210401,558577.28571
bel,20210402,568879.28571
bel,20210403,578842.57143
bel,20210404,588685.42857
bel,20210405,598129.42857
bel,20210406,608075.85714
bel,20210407,617813
bel,20210408,626402.14286
bel,20210409,634552
bel,20210410,643092.28571
bel,20210411,651672.42857
bel,20210412,661200.57143
bel,20210413,670615
bel,20210414,682140.85714
bel,20210415,695060.28571
bel,20210416,708172
bel,20210417,721522.28571
bel,20210418,734834
bel,20210419,747477.85714
bel,20210420,759379.71429
bel,20210421,768416.14286
bel,20210422,774510.14286
bel,20210423,779158.71429
bel,20210424,783241.28571
bel,20210425,787315.42857
bel,20210426,791767.71429
bel,20210427,797862.28571
bel,20210428,805494.28571
bel,20210429,815115
bel,20210430,826969.85714
bel,20210501,839720.28571
bel,20210502,852490.71429
bel,20210503,866418.28571
bel,20210504,880985.71429
bel,20210505,904001.42857
bel,20210506,935373
bel,20210507,971988.71429
bel,20210508,1009090.42857
bel,20210509,1046191.85714
bel,20210510,1082005.14286
bel,20210511,1116697.85714
bel,20210512,1144982.71429
bel,20210513,1173617.71429
bel,20210514,1208678.14286
bel,20210515,1250040
bel,20210516,1291931.57143
bel,20210517,1336678.14286
bel,20210518,1384657.71429
bel,20210519,1438072.42857
bel,20210520,1491826
bel,20210521,1539551.57143
bel,20210522,1585824
bel,20210523,1631949.14286
bel,20210524,1679577.71429
bel,20210525,1729127.85714
bel,20210526,1782171.42857
bel,20210527,1838077.71429
bel,20210528,1896155.71429
bel,20210529,1954966.14286
bel,20210530,2014410.57143
bel,20210531,2076903.57143
bel,20210601,2139506.42857
bel,20210602,2201908.85714
bel,20210603,2263508.42857
bel,20210604,2324630.85714
bel,20210605,2385948.42857
bel,20210606,2447080.71429
bel,20210607,2511047.57143
bel,20210608,2579745.14286
bel,20210609,2651217.42857
bel,20210610,2725667
bel,20210611,2805312.71429
bel,20210612,2887783
bel,20210613,2970643.71429
bel,20210614,3055132.28571
bel,20210615,3139968.28571
bel,20210616,3220388.28571
bel,20210617,3291962.28571
bel,20210618,3356337.85714
bel,20210619,3415064.85714
bel,20210620,3472823.14286
bel,20210621,3523391.71429
bel,20210622,3570035.14286
bel,20210623,3614587.57143
bel,20210624,3659818.28571
bel,20210625,3703926.14286
bel,20210626,3750628.42857
bel,20210627,3798061.42857
bel,20210628,3847908.28571
bel,20210629,3899650.14286
bel,20210630,3948883.28571
bel,20210701,3996394.57143
bel,20210702,4042400
bel,20210703,4088721
bel,20210704,4135031.28571
bel,20210705,4187579.85714
bel,20210706,4243837.28571
bel,20210707,4311123.42857
bel,20210708,4390241.14286
bel,20210709,4479750.42857
bel,20210710,4577680.71429
bel,20210711,4678494.57143
bel,20210712,4782748.85714
bel,20210713,4886845
bel,20210714,4989761.85714
bel,20210715,5089138.85714
bel,20210716,5188030.57143
bel,20210717,5283162.14286
bel,20210718,5376141
bel,20210719,5467248
bel,20210720,5558872
bel,20210721,5646529.57143
bel,20210722,5741606.71429
bel,20210723,5840995.42857
bel,20210724,5940054.71429
bel,20210725,6039210.57143
bel,20210726,6136717.42857
bel,20210727,6233181
bel,20210728,6335799.14286
bel,20210729,6433509.28571
bel,20210730,6527922.57143
bel,20210731,6620640.28571
bel,20210801,6712985.57143
bel,20210802,6803769.28571
bel,20210803,6891929
bel,20210804,6973796
bel,20210805,7050911.42857
bel,20210806,7123702.28571
bel,20210807,7191898.14286
bel,20210808,7259405.71429
bel,20210809,7321914.42857
bel,20210810,7383517.71429
bel,20210811,7441526.71429
bel,20210812,7495097.14286
bel,20210813,7542957.71429
bel,20210814,7588341
bel,20210815,7633204.71429
bel,20210816,7675175.57143
bel,20210817,7712766.42857
bel,20210818,7747411.42857
bel,20210819,7779153.71429
bel,20210820,7808954.28571
bel,20210821,7838333.42857
bel,20210822,7867874.28571
bel,20210823,7897476.57143
bel,20210824,7926749.71429
bel,20210825,7955049.71429
bel,20210826,7983221.57143
bel,20210827,8011186.85714
bel,20210828,8040497.42857
bel,20210829,8069585.71429
bel,20210830,8097726.71429
bel,20210831,8125375.57143
bel,20210901,8150291.57143
bel,20210902,8171219.42857
bel,20210903,8189986.42857
bel,20210904,8207687.42857
bel,20210905,8225255.42857
bel,20210906,8239591.85714
bel,20210907,8250630.42857
bel,20210908,8261840.85714
bel,20210909,8272515.57143
bel,20210910,8282254.71429
bel,20210911,8291151.42857
bel,20210912,8300105.57143
bel,20210913,8309357
bel,20210914,8318131.28571
bel,20210915,8326075
bel,20210916,8334205.42857
bel,20210917,8342187.71429
bel,20210918,8350099.57143
bel,20210919,8357925.71429
bel,20210920,8365391.85714
bel,20210921,8373344.71429
bel,20210922,8381343.57143
bel,20210923,8389085
bel,20210924,8396587.57143
bel,20210925,8404637.71429
bel,20210926,8412782
bel,20210927,8421004.42857
bel,20210928,8429046.28571
bel,20210929,8437521
bel,20210930,8445961.14286
bel,20211001,8454285.42857
bel,20211002,8461497.57143
bel,20211003,8468645.42857
bel,20211004,8475625.85714
bel,20211005,8482195
bel,20211006,8487608.14286
bel,20211007,8492619.71429
bel,20211008,8497550.28571
bel,20211009,8502370.42857
bel,20211010,8507154
bel,20211011,8511962.85714
bel,20211012,8517007.85714
bel,20211013,8522222.71429
bel,20211014,8527404.42857
bel,20211015,8532715.42857
bel,20211016,8537746
bel,20211017,8542771.42857
bel,20211018,8547703.71429
bel,20211019,8552456.71429
bel,20211020,8556863
bel,20211021,8561228.71429
bel,20211022,8565548
bel,20211023,8569796.57143
bel,20211024,8574040.14286
bel,20211025,8578369
bel,20211026,8582916.57143
bel,20211027,8587663.85714
bel,20211028,8592585.14286
bel,20211029,8597268.71429
bel,20211030,8601795.71429
bel,20211031,8606316.28571
bel,20211101,8610435
bel,20211102,8614481.14286
bel,20211103,8618306.57143
bel,20211104,8622012.71429
bel,20211105,8625570.57143
bel,20211106,8628876.14286
bel,20211107,8632229
bel,20211108,8635948.42857
bel,20211109,8639816.71429
bel,20211110,8643942.14286
bel,20211111,8647590.57143
bel,20211112,8651143.28571
bel,20211113,8654717.28571
bel,20211114,8658250.42857
bel,20211115,8661839.71429
bel,20211116,8665474.28571
bel,20211117,8669119
bel,20211118,8673320.85714
bel,20211119,8677556.71429
bel,20211120,8681808.42857
bel,20211121,8686064.14286
bel,20211122,8690159
bel,20211123,8694159.71429
bel,20211124,8698095.71429
bel,20211125,8701984.42857
bel,20211126,8705778.57143
bel,20211127,8709627
bel,20211128,8713490.71429
bel,20211129,8717429.28571
bel,20211130,8721208
bel,20211201,8725036.42857
bel,20211202,8728629.28571
bel,20211203,8732125.42857
bel,20211204,8735538.14286
bel,20211205,8738938
bel,20211206,8742273.71429
bel,20211207,8745672
bel,20211208,8749042.85714
bel,20211209,8752539.85714
bel,20211210,8756091
bel,20211211,8759534.85714
bel,20211212,8763012.28571
bel,20211213,8766602.71429
bel,20211214,8770101.42857
bel,20211215,8773543.71429
bel,20211216,8776993
bel,20211217,8780432.57143
bel,20211218,8783840.85714
bel,20211219,8787236.57143
bel,20211220,8790574.14286
bel,20211221,8793979.71429
bel,20211222,8797554.57143
bel,20211223,8801169.57143
bel,20211224,8804301.28571
bel,20211225,8806970.28571
bel,20211226,8809597.42857
bel,20211227,8812101.28571
bel,20211228,8814277.57143
bel,20211229,8815691.57143
bel,20211230,8816699.14286
bel,20211231,8817674.71429
bel,20220101,8818649.42857
bel,20220102,8819623.28571
bel,20220103,8820647.28571
bel,20220104,8821764.85714
bel,20220105,8823271.57143
bel,20220106,8824932.14286
bel,20220107,8826864.57143
bel,20220108,8829108.85714
bel,20220109,8831384.85714
bel,20220110,8833587.85714
bel,20220111,8835848.71429
bel,20220112,8838243.71429
bel,20220113,8840582.85714
bel,20220114,8842855.71429
bel,20220115,8844998.57143
bel,20220116,8847124.85714
bel,20220117,8849189.42857
bel,20220118,8851105.57143
bel,20220119,8852523.57143
bel,20220120,8853866.57143
bel,20220121,8855119
bel,20220122,8856332
bel,20220123,8857536.28571
bel,20220124,8858739.85714
bel,20220125,8859895.57143
bel,20220126,8861197.42857
bel,20220127,8862502.85714
bel,20220128,8863899.14286
bel,20220129,8866462.57143
bel,20220130,8869293.14286
bel,20220131,8872121
bel,20220201,8875087
bel,20220202,8879244.14286
bel,20220203,8883500.71429
bel,20220204,8887922.71429
bel,20220205,8894490.85714
bel,20220206,8901836
bel,20220207,8909344.71429
bel,20220208,8916963.28571
bel,20220209,8925848.57143
bel,20220210,8934892.71429
bel,20220211,8944195.57143
bel,20220212,8953985.57143
bel,20220213,8963704
bel,20220214,8973370.14286
bel,20220215,8982971.28571
bel,20220216,8992480.85714
bel,20220217,9001893.85714
bel,20220218,9010928.28571
bel,20220219,9018920.28571
bel,20220220,9026258.57143
bel,20220221,9033557.28571
bel,20220222,9040757
bel,20220223,9046936.71429
bel,20220224,9053225
bel,20220225,9059507.85714
bel,20220226,9064163.85714
bel,20220227,9068628.14286
bel,20220228,9072964.42857
bel,20220301,9077126
bel,20220302,9080195.71429
bel,20220303,9082977.14286
bel,20220304,9085635.85714
bel,20220305,9087631.57143
bel,20220306,9089504
bel,20220307,9091312.42857
bel,20220308,9093141.42857
bel,20220309,9095644.42857
bel,20220310,9098072.57143
bel,20220311,9100421.28571
bel,20220312,9102798
bel,20220313,9105307.28571
bel,20220314,9107845.71429
bel,20220315,9110351.42857
bel,20220316,9112064.42857
bel,20220317,9113774.28571
bel,20220318,9115475.85714
bel,20220319,9116801.14286
bel,20220320,9117985.14286
bel,20220321,9119142.14286
bel,20220322,9120264.71429
bel,20220323,9120961.14286
ben,20210521,418
ben,20210608,2604
ben,20210628,5042.66667
ben,20210712,6855.25
ben,20210724,8386
ben,20210803,10555.83333
ben,20211012,35755.14286
ben,20211028,65329.71429
ben,20211102,98172
ben,20211108,134683.57143
ben,20211119,175459.71429
ben,20211130,266580
ben,20211209,388824
ben,20211212,513885
ben,20211221,655627.14286
ben,20211227,810566.85714
ben,20220103,975701.28571
ben,20220118,1165385.57143
ben,20220204,1324727.57143
ben,20220222,1487117.57143
ben,20220308,1651681.71429
bfa,20210831,13273
bfa,20210912,57770.5
bfa,20210922,94560.66667
bfa,20211009,123169
bfa,20211024,154138.4
bfa,20211028,177987.16667
bfa,20211104,195022
bfa,20211123,239378.28571
bfa,20211215,272507.42857
bfa,20211222,341247.28571
bfa,20220104,415098.42857
bfa,20220113,485652.57143
bfa,20220220,605721.71429
bfa,20220227,726832.42857
bfa,20220306,845233.42857
bfa,20220314,965406
bgd,20210408,81323
bgd,20210410,149674.5
bgd,20210411,227688.66667
bgd,20210412,301415.5
bgd,20210415,427162.6
bgd,20210418,583737
bgd,20210420,740087.28571
bgd,20210422,1009609
bgd,20210424,1286361.85714
bgd,20210425,1563954.57143
bgd,20210426,1840472.71429
bgd,20210427,2076034.57143
bgd,20210428,2266255.42857
bgd,20210429,2427327.57143
bgd,20210502,2565651.28571
bgd,20210503,2689633.14286
bgd,20210504,2801039.28571
bgd,20210505,2908508.71429
bgd,20210506,3013414.42857
bgd,20210508,3113896.71429
bgd,20210509,3212538.42857
bgd,20210511,3306435.85714
bgd,20210512,3396147.85714
bgd,20210516,3480915.57143
bgd,20210517,3558989
bgd,20210518,3630798.14286
bgd,20210519,3691672.42857
bgd,20210520,3752961.14286
bgd,20210522,3806268.42857
bgd,20210524,3862508.14286
bgd,20210525,3916565.71429
bgd,20210527,3967815.71429
bgd,20210529,4013617.71429
bgd,20210530,4060549
bgd,20210531,4095294.57143
bgd,20210601,4124284.57143
bgd,20210603,4146122.57143
bgd,20210605,4163251.57143
bgd,20210606,4176892.14286
bgd,20210607,4188466
bgd,20210608,4198053.57143
bgd,20210610,4207621
bgd,20210612,4217611.71429
bgd,20210614,4224807.57143
bgd,20210616,4232912.14286
bgd,20210617,4239336.28571
bgd,20210619,4245428.28571
bgd,20210620,4251207
bgd,20210621,4255684
bgd,20210622,4259601.42857
bgd,20210623,4262332.85714
bgd,20210624,4264791.85714
bgd,20210626,4267388.14286
bgd,20210628,4269667.28571
bgd,20210629,4271690.71429
bgd,20210630,4273552.57143
bgd,20210703,4275630
bgd,20210705,4277873.28571
bgd,20210708,4279584.42857
bgd,20210713,4281092.85714
bgd,20210721,4282953.14286
bgd,20210722,4284606.85714
bgd,20210724,4285999.42857
bgd,20210725,4287235.85714
bgd,20210726,4288329.85714
bgd,20210727,4289413.71429
bgd,20210728,4291326.85714
bgd,20210729,4293762.14286
bgd,20210730,4296178.14286
bgd,20210731,4301824.71429
bgd,20210801,4308682.85714
bgd,20210802,4317127.28571
bgd,20210803,4330937.28571
bgd,20210805,4352557
bgd,20210807,4375092.14286
bgd,20210808,4405566
bgd,20210809,4446169.42857
bgd,20210810,4502450
bgd,20210811,4582586.85714
bgd,20210812,4679874.71429
bgd,20210813,4780080.14286
bgd,20210814,4888668.14286
bgd,20210815,5007428
bgd,20210816,5123435.28571
bgd,20210817,5260294.57143
bgd,20210818,5397325.57143
bgd,20210819,5542138.28571
bgd,20210821,5685795.57143
bgd,20210822,5842716.71429
bgd,20210823,6007095.57143
bgd,20210824,6186810.14286
bgd,20210825,6360110.57143
bgd,20210826,6540563.57143
bgd,20210829,6730164.57143
bgd,20210831,6978006.85714
bgd,20210902,7252947.42857
bgd,20210904,7523927.14286
bgd,20210905,7792768.42857
bgd,20210906,8054273.71429
bgd,20210907,8315656.85714
bgd,20210908,8936392.57143
bgd,20210909,9610394.71429
bgd,20210911,10329055.28571
bgd,20210912,11076750.57143
bgd,20210913,11834406.28571
bgd,20210914,12593661.28571
bgd,20210915,13336132.57143
bgd,20210916,13699962.85714
bgd,20210918,13964594.42857
bgd,20210919,14165563.57143
bgd,20210920,14348061.42857
bgd,20210921,14526116.42857
bgd,20210922,14712322.85714
bgd,20210923,14919204
bgd,20210925,15141066
bgd,20210926,15378420
bgd,20210927,15623700.42857
bgd,20210928,15863583.14286
bgd,20210929,16093261.28571
bgd,20211001,16310271.14286
bgd,20211003,16526653.71429
bgd,20211004,16727429.42857
bgd,20211005,16910129.57143
bgd,20211006,17075072.28571
bgd,20211007,17235314.57143
bgd,20211009,17384543
bgd,20211010,17549949.42857
bgd,20211011,17706537.42857
bgd,20211012,17866743.71429
bgd,20211013,18029793.71429
bgd,20211014,18190734.14286
bgd,20211016,18329611.57143
bgd,20211017,18468802.42857
bgd,20211018,18621636.57143
bgd,20211019,18780655.57143
bgd,20211021,18949405
bgd,20211023,19195220.28571
bgd,20211025,19467763.85714
bgd,20211031,20902479.14286
bgd,20211101,22401584.28571
bgd,20211102,23896430.71429
bgd,20211103,25405518
bgd,20211104,26925777.28571
bgd,20211106,28390725.14286
bgd,20211107,29859040.57143
bgd,20211108,30224824.57143
bgd,20211109,30566348.85714
bgd,20211110,30909868.14286
bgd,20211111,31248142.42857
bgd,20211113,31581470.71429
bgd,20211114,31908608.85714
bgd,20211115,32234175.57143
bgd,20211117,32584644.71429
bgd,20211118,32923729.28571
bgd,20211124,33415241.42857
bgd,20211125,33904410.42857
bgd,20211127,34394461.42857
bgd,20211128,34845907.85714
bgd,20211129,35313463
bgd,20211130,35721384.28571
bgd,20211201,36143112
bgd,20211202,36407578.28571
bgd,20211204,36674846.14286
bgd,20211205,36939871.42857
bgd,20211206,37249026
bgd,20211207,37545007
bgd,20211208,37981954.85714
bgd,20211209,38523068
bgd,20220110,41039054.28571
bgd,20220112,43605718.71429
bgd,20220114,46182462.28571
bgd,20220115,48762169
bgd,20220116,51332083.71429
bgd,20220117,53815719.57143
bgd,20220118,56190474.85714
bgd,20220119,56591073.71429
bgd,20220120,56945350.42857
bgd,20220122,57304123.28571
bgd,20220124,57668694.85714
bgd,20220125,58043919.14286
bgd,20220126,58425679.57143
bgd,20220218,60818067.14286
bgd,20220219,63543076.14286
bgd,20220222,66402257
bgd,20220228,69996047.14286
bgd,20220306,73937297.85714
bgd,20220307,77966184.57143
bgd,20220308,81978158.14286
bgd,20220309,83986749.57143
bgd,20220310,85680218.14286
bgd,20220312,87260494.57143
bgd,20220313,88111468.28571
bgd,20220314,88625429.14286
bgd,20220315,89068506
bgd,20220316,89503438.85714
bgd,20220318,89912116.28571
bgd,20220319,90276875
bgd,20220320,90657108.71429
bgd,20220321,91074991.42857
bgd,20220322,91555520.28571
bgd,20220323,92069600.57143
bgd,20220324,92658203.14286
bgr,20210118,1114
bgr,20210119,2141
bgr,20210120,2858.33333
bgr,20210121,3276.75
bgr,20210122,3542.4
bgr,20210123,3720.33333
bgr,20210124,3847.42857
bgr,20210125,4355.28571
bgr,20210126,4682
bgr,20210127,5164.71429
bgr,20210128,6072
bgr,20210129,7264
bgr,20210130,8471.57143
bgr,20210131,9682.14286
bgr,20210201,10966
bgr,20210202,12343.85714
bgr,20210203,13595.42857
bgr,20210204,14483
bgr,20210205,15117.71429
bgr,20210206,15736.14286
bgr,20210207,16351.57143
bgr,20210208,16898
bgr,20210209,17304.57143
bgr,20210210,17615.85714
bgr,20210211,17986.14286
bgr,20210212,18440.28571
bgr,20210213,18909.14286
bgr,20210214,19381.42857
bgr,20210215,19930.28571
bgr,20210216,20620.28571
bgr,20210217,21405.28571
bgr,20210218,22227.14286
bgr,20210219,23109.85714
bgr,20210220,24002.57143
bgr,20210221,24899
bgr,20210222,25846
bgr,20210223,26831.85714
bgr,20210224,27960.57143
bgr,20210225,29286
bgr,20210226,30776.14286
bgr,20210227,32268.14286
bgr,20210228,33754.71429
bgr,20210301,35300.85714
bgr,20210302,36993.42857
bgr,20210303,38402.71429
bgr,20210304,40116
bgr,20210305,41938.42857
bgr,20210306,43750.42857
bgr,20210307,45561.42857
bgr,20210308,47258.28571
bgr,20210309,48703.85714
bgr,20210310,50255.57143
bgr,20210311,51276.57143
bgr,20210312,52333.42857
bgr,20210313,53435.71429
bgr,20210314,54630.14286
bgr,20210315,55964.57143
bgr,20210316,57405.14286
bgr,20210317,58979
bgr,20210318,60819.28571
bgr,20210319,62563.42857
bgr,20210320,64418.57143
bgr,20210321,66248.14286
bgr,20210322,68228
bgr,20210323,70608.28571
bgr,20210324,72926.14286
bgr,20210325,75268
bgr,20210326,77777
bgr,20210327,80207.42857
bgr,20210328,82634.57143
bgr,20210329,84988
bgr,20210330,87086.71429
bgr,20210331,89233.28571
bgr,20210401,91272.28571
bgr,20210402,93097.14286
bgr,20210403,94925.42857
bgr,20210404,96734.42857
bgr,20210405,98463
bgr,20210406,100143.57143
bgr,20210407,101964.14286
bgr,20210408,103774.14286
bgr,20210409,105603.14286
bgr,20210410,107376.57143
bgr,20210411,109144.57143
bgr,20210412,110889.85714
bgr,20210413,112543.85714
bgr,20210414,114277
bgr,20210415,116177.57143
bgr,20210416,118206
bgr,20210417,120354.85714
bgr,20210418,122538.42857
bgr,20210419,124884.85714
bgr,20210420,127592.57143
bgr,20210421,130922
bgr,20210422,134984.28571
bgr,20210423,139746.71429
bgr,20210424,144710.28571
bgr,20210425,149771.42857
bgr,20210426,155314.14286
bgr,20210427,161399.57143
bgr,20210428,168163.85714
bgr,20210429,176142.42857
bgr,20210430,183732.85714
bgr,20210501,191205.57143
bgr,20210502,198666.85714
bgr,20210503,205804.71429
bgr,20210504,212577.85714
bgr,20210505,221244.57143
bgr,20210506,227935.71429
bgr,20210507,238014.14286
bgr,20210508,248662.42857
bgr,20210509,259491.14286
bgr,20210510,272635.71429
bgr,20210511,288735.14286
bgr,20210512,304609.42857
bgr,20210513,323677.28571
bgr,20210514,341604.57143
bgr,20210515,359252.57143
bgr,20210516,376785.85714
bgr,20210517,393089.57143
bgr,20210518,407781.14286
bgr,20210519,421484.85714
bgr,20210520,434555.71429
bgr,20210521,446708.85714
bgr,20210522,458925.57143
bgr,20210523,471257.57143
bgr,20210524,482537.71429
bgr,20210525,493257.57143
bgr,20210526,503005.85714
bgr,20210527,510765.14286
bgr,20210528,517884.71429
bgr,20210529,525062.71429
bgr,20210530,532367.28571
bgr,20210531,540289.14286
bgr,20210601,548280
bgr,20210602,556870.57143
bgr,20210603,566529.28571
bgr,20210604,576776.71429
bgr,20210605,586887.14286
bgr,20210606,597166.42857
bgr,20210607,607724.42857
bgr,20210608,618673.28571
bgr,20210609,629803.85714
bgr,20210610,641093.71429
bgr,20210611,652279.57143
bgr,20210612,663345.71429
bgr,20210613,674002
bgr,20210614,684018.85714
bgr,20210615,693262.14286
bgr,20210616,701788.42857
bgr,20210617,709712.28571
bgr,20210618,717031.71429
bgr,20210619,724220.85714
bgr,20210620,731376.85714
bgr,20210621,738372
bgr,20210622,745046
bgr,20210623,751261
bgr,20210624,757014.42857
bgr,20210625,762417.42857
bgr,20210626,767778
bgr,20210627,773136.57143
bgr,20210628,778507.42857
bgr,20210629,783949
bgr,20210630,789341.85714
bgr,20210701,794485.14286
bgr,20210702,799481
bgr,20210703,804478.85714
bgr,20210704,809427.28571
bgr,20210705,814212.85714
bgr,20210706,818814
bgr,20210707,823196.85714
bgr,20210708,827428.14286
bgr,20210709,831498.71429
bgr,20210710,835501.42857
bgr,20210711,839475.28571
bgr,20210712,843468.14286
bgr,20210727,864454.42857
bgr,20210728,885657.28571
bgr,20210729,907048.85714
bgr,20210730,928653.14286
bgr,20210731,950350.14286
bgr,20210801,972114.57143
bgr,20210802,994079.28571
bgr,20210803,999234.85714
bgr,20210804,1004342.57143
bgr,20210805,1009462.85714
bgr,20210806,1014619.42857
bgr,20210807,1019760.57143
bgr,20210808,1024903.85714
bgr,20210809,1030089.85714
bgr,20210810,1035218.71429
bgr,20210811,1040342.42857
bgr,20210812,1045459.28571
bgr,20210813,1050527
bgr,20210814,1055666
bgr,20210815,1060814.85714
bgr,20210816,1066070.71429
bgr,20210817,1071491.57143
bgr,20210818,1077021.71429
bgr,20210819,1082611
bgr,20210820,1088288.28571
bgr,20210821,1093975.28571
bgr,20210822,1099693.14286
bgr,20210823,1105451
bgr,20210824,1111308
bgr,20210825,1117262.28571
bgr,20210826,1123331.28571
bgr,20210827,1129510.85714
bgr,20210828,1135715.14286
bgr,20210829,1141931.71429
bgr,20210830,1148207.85714
bgr,20210831,1154505.42857
bgr,20210901,1160778.71429
bgr,20210902,1167003.57143
bgr,20210903,1173198
bgr,20210904,1179357.71429
bgr,20210905,1185480.42857
bgr,20210906,1190796
bgr,20210907,1196069.71429
bgr,20210908,1201338.28571
bgr,20210909,1206593.57143
bgr,20210910,1211854
bgr,20210911,1217108.71429
bgr,20210912,1222370.71429
bgr,20210913,1228301.85714
bgr,20210914,1234130.71429
bgr,20210915,1239821.71429
bgr,20210916,1245537.42857
bgr,20210917,1251228.85714
bgr,20210918,1256928.28571
bgr,20210919,1262602.14286
bgr,20210920,1268250
bgr,20210921,1273843.28571
bgr,20210922,1278589
bgr,20210923,1283412.14286
bgr,20210924,1288209.85714
bgr,20210925,1292941
bgr,20210926,1297654.71429
bgr,20210927,1302066.57143
bgr,20210928,1306211
bgr,20210929,1311025.71429
bgr,20210930,1315491.85714
bgr,20211001,1319602.57143
bgr,20211002,1323666
bgr,20211004,1328188.57143
bgr,20211005,1332896.14286
bgr,20211006,1337477
bgr,20211007,1341871.14286
bgr,20211008,1346057.14286
bgr,20211009,1349756.28571
bgr,20211010,1353355.14286
bgr,20211011,1356825.85714
bgr,20211012,1360285.14286
bgr,20211013,1363512.42857
bgr,20211014,1366743.85714
bgr,20211015,1370025
bgr,20211016,1373315.14286
bgr,20211017,1376642.28571
bgr,20211018,1379973.28571
bgr,20211019,1383326.85714
bgr,20211020,1387409.14286
bgr,20211021,1393082.14286
bgr,20211022,1399888.71429
bgr,20211023,1407383.28571
bgr,20211025,1416492.42857
bgr,20211026,1427579.14286
bgr,20211027,1439828.57143
bgr,20211028,1452732.71429
bgr,20211029,1465112.42857
bgr,20211030,1476291
bgr,20211031,1486963
bgr,20211101,1497006.71429
bgr,20211102,1506001.42857
bgr,20211103,1514557.14286
bgr,20211104,1522776
bgr,20211105,1530673.71429
bgr,20211106,1538454.85714
bgr,20211107,1546184.85714
bgr,20211108,1553735.14286
bgr,20211109,1561022.85714
bgr,20211110,1568174.71429
bgr,20211111,1575749.85714
bgr,20211112,1583751.85714
bgr,20211113,1591925
bgr,20211115,1601678
bgr,20211116,1612457.85714
bgr,20211117,1624005
bgr,20211118,1636127.85714
bgr,20211119,1648221
bgr,20211120,1659026.42857
bgr,20211121,1669504.57143
bgr,20211122,1679435.28571
bgr,20211123,1689007.57143
bgr,20211124,1698280.57143
bgr,20211125,1707385.85714
bgr,20211126,1716290.28571
bgr,20211127,1725115.14286
bgr,20211128,1733938.57143
bgr,20211129,1742497.42857
bgr,20211130,1750770.85714
bgr,20211201,1758637.57143
bgr,20211202,1766066.14286
bgr,20211203,1773068.85714
bgr,20211204,1779954.14286
bgr,20211206,1787537.57143
bgr,20211207,1795023
bgr,20211208,1802119.71429
bgr,20211209,1808983.28571
bgr,20211210,1815582.85714
bgr,20211211,1821285.28571
bgr,20211212,1826838.71429
bgr,20211213,1832032.85714
bgr,20211214,1837088.42857
bgr,20211215,1842039.57143
bgr,20211216,1846867.71429
bgr,20211217,1851594.57143
bgr,20211218,1856302.57143
bgr,20211219,1860993.71429
bgr,20211220,1865747
bgr,20211221,1870576
bgr,20211222,1875457.14286
bgr,20211223,1880303.71429
bgr,20211224,1884343.85714
bgr,20211225,1888096.57143
bgr,20211226,1891731.14286
bgr,20211227,1894785
bgr,20211228,1897071.85714
bgr,20211229,1899644.71429
bgr,20211230,1902133.71429
bgr,20211231,1904670.28571
bgr,20220101,1907189.71429
bgr,20220102,1909688.28571
bgr,20220103,1912137.28571
bgr,20220104,1915155.28571
bgr,20220105,1917826
bgr,20220106,1920574.85714
bgr,20220107,1923940
bgr,20220108,1927573.71429
bgr,20220109,1931307.28571
bgr,20220110,1935472.42857
bgr,20220111,1939547.57143
bgr,20220112,1943397.85714
bgr,20220113,1946963.42857
bgr,20220114,1950173.14286
bgr,20220115,1953228.71429
bgr,20220116,1956202.42857
bgr,20220117,1958937.28571
bgr,20220118,1961367.57143
bgr,20220119,1963622.57143
bgr,20220120,1965770.42857
bgr,20220121,1967808.85714
bgr,20220122,1969815.28571
bgr,20220123,1971804
bgr,20220124,1973701.57143
bgr,20220125,1975603.14286
bgr,20220126,1977545.71429
bgr,20220127,1979591.57143
bgr,20220128,1981940.85714
bgr,20220129,1984371.14286
bgr,20220130,1986831.28571
bgr,20220131,1989475.42857
bgr,20220201,1992211.85714
bgr,20220202,1994963.57143
bgr,20220203,1997739.28571
bgr,20220204,2000435.71429
bgr,20220205,2003105.57143
bgr,20220206,2005766.28571
bgr,20220207,2008332.42857
bgr,20220208,2010850.57143
bgr,20220209,2013302.71429
bgr,20220210,2015637.14286
bgr,20220211,2017857.14286
bgr,20220212,2020038.71429
bgr,20220213,2022182.71429
bgr,20220214,2024213.57143
bgr,20220215,2026118.28571
bgr,20220216,2027856.57143
bgr,20220217,2029417.42857
bgr,20220218,2030886.42857
bgr,20220219,2032327.71429
bgr,20220221,2033948.42857
bgr,20220222,2035548.57143
bgr,20220223,2037057.57143
bgr,20220224,2038525
bgr,20220225,2039910.85714
bgr,20220226,2041052.14286
bgr,20220227,2042142.71429
bgr,20220228,2043138.57143
bgr,20220301,2044045.85714
bgr,20220302,2044902.57143
bgr,20220303,2045565
bgr,20220321,2046098.85714
bgr,20220322,2046626.71429
bgr,20220323,2047185.42857
bgr,20220324,2047649
bgr,20220325,2048070.71429
bhr,20210306,199374
bhr,20210307,200408
bhr,20210308,201165
bhr,20210309,201852.5
bhr,20210310,202696.4
bhr,20210311,203634.5
bhr,20210312,204576
bhr,20210313,206396.42857
bhr,20210314,208216.28571
bhr,20210315,210237.28571
bhr,20210316,212434.85714
bhr,20210317,214792.14286
bhr,20210318,217534.28571
bhr,20210319,220415.71429
bhr,20210320,223367.85714
bhr,20210321,226466.57143
bhr,20210322,229622.14286
bhr,20210323,232672.14286
bhr,20210324,235465.71429
bhr,20210325,237811.42857
bhr,20210326,239966.57143
bhr,20210327,241841.57143
bhr,20210328,243585.14286
bhr,20210329,245242.42857
bhr,20210330,247008.14286
bhr,20210331,248909.85714
bhr,20210401,250860.28571
bhr,20210402,252873.71429
bhr,20210403,256399.14286
bhr,20210404,261954.42857
bhr,20210405,269371
bhr,20210406,278422.71429
bhr,20210407,289543.42857
bhr,20210408,302571.71429
bhr,20210409,317193
bhr,20210410,332368.71429
bhr,20210411,347273.85714
bhr,20210412,361939.28571
bhr,20210413,376143.42857
bhr,20210414,390054.28571
bhr,20210415,403921.57143
bhr,20210416,417387.28571
bhr,20210417,429740.71429
bhr,20210418,441675.57143
bhr,20210419,453022.42857
bhr,20210420,463832.85714
bhr,20210421,473728.42857
bhr,20210422,482471.14286
bhr,20210423,490143
bhr,20210424,497741.71429
bhr,20210425,504299
bhr,20210426,510090.71429
bhr,20210427,515568.71429
bhr,20210428,520532
bhr,20210429,525069.28571
bhr,20210430,529620.71429
bhr,20210501,533597.42857
bhr,20210502,537357.14286
bhr,20210503,541014.14286
bhr,20210504,544520.71429
bhr,20210505,547929
bhr,20210506,551304.85714
bhr,20210507,554793.57143
bhr,20210508,558514.28571
bhr,20210509,563046.14286
bhr,20210510,568484.85714
bhr,20210511,575345.71429
bhr,20210512,583100.28571
bhr,20210513,590912.57143
bhr,20210514,598776.42857
bhr,20210515,606779.57143
bhr,20210516,614701
bhr,20210517,622337.71429
bhr,20210518,629331.42857
bhr,20210519,635783.14286
bhr,20210520,642403.14286
bhr,20210521,649819.85714
bhr,20210522,657939.71429
bhr,20210523,667235.71429
bhr,20210524,677889
bhr,20210525,689512.42857
bhr,20210526,702096.28571
bhr,20210527,715653
bhr,20210528,728999
bhr,20210529,741824.57143
bhr,20210530,753691.14286
bhr,20210531,764304.57143
bhr,20210601,773688.42857
bhr,20210602,782228.85714
bhr,20210603,789396.71429
bhr,20210604,795876.42857
bhr,20210605,801909
bhr,20210606,807782.57143
bhr,20210607,813624
bhr,20210608,819522.28571
bhr,20210609,825184.42857
bhr,20210610,831410.14286
bhr,20210611,837693.85714
bhr,20210612,844115
bhr,20210613,850035.14286
bhr,20210614,855318.14286
bhr,20210615,860007.14286
bhr,20210616,864381.71429
bhr,20210617,868383.85714
bhr,20210618,872608.42857
bhr,20210619,877000.42857
bhr,20210620,881941
bhr,20210621,887871.14286
bhr,20210622,894866.14286
bhr,20210623,902653.57143
bhr,20210624,911788.85714
bhr,20210625,922368.42857
bhr,20210626,933454.57143
bhr,20210627,944262.42857
bhr,20210628,954073.42857
bhr,20210629,962898.28571
bhr,20210630,970973.42857
bhr,20210701,977692.28571
bhr,20210702,982602.14286
bhr,20210703,986584.85714
bhr,20210704,990213.14286
bhr,20210705,993934.28571
bhr,20210706,997473.85714
bhr,20210707,1000865.57143
bhr,20210708,1004094.57143
bhr,20210709,1007447.28571
bhr,20210710,1010673.57143
bhr,20210711,1013686.57143
bhr,20210712,1016294.28571
bhr,20210713,1018735.42857
bhr,20210714,1021002.14286
bhr,20210715,1023042.57143
bhr,20210716,1024824
bhr,20210717,1026481.14286
bhr,20210718,1028071.71429
bhr,20210719,1029634.42857
bhr,20210720,1031133.28571
bhr,20210721,1032561.57143
bhr,20210722,1034012.57143
bhr,20210723,1035456.71429
bhr,20210724,1036952.57143
bhr,20210725,1038566.14286
bhr,20210726,1040211.42857
bhr,20210727,1041960.14286
bhr,20210728,1043805.28571
bhr,20210729,1045679.42857
bhr,20210730,1047456.57143
bhr,20210731,1049474.57143
bhr,20210801,1051326.85714
bhr,20210802,1053161
bhr,20210803,1054886.71429
bhr,20210804,1056523.71429
bhr,20210805,1058088
bhr,20210806,1059581.85714
bhr,20210807,1060772.42857
bhr,20210808,1061864.42857
bhr,20210809,1062789.71429
bhr,20210810,1063667.57143
bhr,20210811,1064591.42857
bhr,20210812,1065488.14286
bhr,20210813,1066394.42857
bhr,20210814,1067312.42857
bhr,20210815,1068262.85714
bhr,20210816,1069308.71429
bhr,20210817,1070353.42857
bhr,20210818,1071281.57143
bhr,20210819,1072185
bhr,20210820,1073081.57143
bhr,20210821,1073986.85714
bhr,20210822,1074913
bhr,20210823,1075838.42857
bhr,20210824,1076776.57143
bhr,20210825,1077832.85714
bhr,20210826,1078944
bhr,20210827,1080036.42857
bhr,20210828,1081293.14286
bhr,20210829,1082552.85714
bhr,20210830,1083765.28571
bhr,20210831,1084979
bhr,20210901,1086111
bhr,20210902,1087230.85714
bhr,20210903,1088377.14286
bhr,20210904,1089342.85714
bhr,20210905,1090211
bhr,20210906,1091078.71429
bhr,20210907,1091914.57143
bhr,20210908,1092710.71429
bhr,20210909,1093441.85714
bhr,20210910,1094148.57143
bhr,20210911,1094826.14286
bhr,20210912,1095576.71429
bhr,20210913,1096376.14286
bhr,20210914,1097271.57143
bhr,20210915,1098210.85714
bhr,20210916,1099216.14286
bhr,20210917,1100256.42857
bhr,20210918,1101330.85714
bhr,20210919,1102379.28571
bhr,20210920,1103395.14286
bhr,20210921,1104232.42857
bhr,20210922,1105140.85714
bhr,20210923,1106038.85714
bhr,20210924,1106891.14286
bhr,20210925,1107721
bhr,20210926,1108553.14286
bhr,20210927,1109472.14286
bhr,20210928,1110642.85714
bhr,20210929,1112016.14286
bhr,20210930,1113502.14286
bhr,20211001,1115026.28571
bhr,20211002,1116581.14286
bhr,20211003,1118153
bhr,20211004,1119687.14286
bhr,20211005,1121092.57143
bhr,20211006,1122263.14286
bhr,20211007,1123353.71429
bhr,20211008,1124394.57143
bhr,20211009,1125404.28571
bhr,20211010,1126364.28571
bhr,20211011,1127275.14286
bhr,20211012,1128155.85714
bhr,20211013,1128953.71429
bhr,20211014,1129682.28571
bhr,20211015,1130406.57143
bhr,20211016,1131119.57143
bhr,20211017,1131816.14286
bhr,20211018,1132424.42857
bhr,20211019,1133022.85714
bhr,20211020,1133620.14286
bhr,20211021,1134222.28571
bhr,20211022,1134822.28571
bhr,20211023,1135415.85714
bhr,20211024,1135984.42857
bhr,20211025,1136594.28571
bhr,20211026,1137168.85714
bhr,20211027,1137699.57143
bhr,20211028,1138250.42857
bhr,20211029,1138802.71429
bhr,20211030,1139338.42857
bhr,20211031,1139869.57143
bhr,20211101,1140396.28571
bhr,20211102,1140955
bhr,20211103,1141545.14286
bhr,20211104,1142102.57143
bhr,20211105,1142651.57143
bhr,20211106,1143190.71429
bhr,20211107,1143736.85714
bhr,20211108,1144262.57143
bhr,20211109,1144766.28571
bhr,20211110,1145265.14286
bhr,20211111,1145756
bhr,20211112,1146246.57143
bhr,20211113,1146739.28571
bhr,20211114,1147200.71429
bhr,20211115,1147667.71429
bhr,20211116,1148125.28571
bhr,20211117,1148602
bhr,20211118,1149129.28571
bhr,20211119,1149712.85714
bhr,20211120,1150363.57143
bhr,20211121,1151076.71429
bhr,20211122,1151803.71429
bhr,20211123,1152584.85714
bhr,20211124,1153350.42857
bhr,20211125,1154110
bhr,20211126,1154883.28571
bhr,20211127,1155634.85714
bhr,20211128,1156342
bhr,20211129,1157050.85714
bhr,20211130,1157712.42857
bhr,20211201,1158362.28571
bhr,20211202,1158966.85714
bhr,20211203,1159517.71429
bhr,20211204,1160059.85714
bhr,20211205,1160582.28571
bhr,20211206,1161110.85714
bhr,20211207,1161644.57143
bhr,20211208,1162190
bhr,20211209,1162739.14286
bhr,20211210,1163286.42857
bhr,20211211,1163806.14286
bhr,20211212,1164335
bhr,20211213,1164850
bhr,20211214,1165354.85714
bhr,20211215,1165879.57143
bhr,20211216,1166373.42857
bhr,20211217,1166861.71429
bhr,20211218,1167353.71429
bhr,20211219,1167849.42857
bhr,20211220,1168397.85714
bhr,20211221,1169005.14286
bhr,20211222,1169635.28571
bhr,20211223,1170321.14286
bhr,20211224,1170986.28571
bhr,20211225,1171723.42857
bhr,20211226,1172499.28571
bhr,20211227,1173257.14286
bhr,20211228,1173982.28571
bhr,20211229,1174685.28571
bhr,20211230,1175377.85714
bhr,20211231,1176097.71429
bhr,20220101,1176759.85714
bhr,20220102,1177362.14286
bhr,20220103,1177954
bhr,20220104,1178538.14286
bhr,20220105,1179124.71429
bhr,20220106,1179700.42857
bhr,20220107,1180241.14286
bhr,20220108,1180793.85714
bhr,20220109,1181385.85714
bhr,20220110,1182005.71429
bhr,20220111,1182659.85714
bhr,20220112,1183329.71429
bhr,20220113,1184022
bhr,20220114,1184761.42857
bhr,20220115,1185517.42857
bhr,20220116,1186259.57143
bhr,20220117,1187011.42857
bhr,20220118,1187742.85714
bhr,20220119,1188438.71429
bhr,20220120,1189045.85714
bhr,20220121,1189603.28571
bhr,20220122,1190071.42857
bhr,20220123,1190548
bhr,20220124,1190962
bhr,20220125,1191290.85714
bhr,20220126,1191555.42857
bhr,20220127,1191814.71429
bhr,20220128,1192067.71429
bhr,20220129,1192320.57143
bhr,20220130,1192599.42857
bhr,20220131,1192863.85714
bhr,20220201,1193170.71429
bhr,20220202,1193528
bhr,20220203,1193929.42857
bhr,20220204,1194344.85714
bhr,20220205,1194781.42857
bhr,20220206,1195185.71429
bhr,20220207,1195589.85714
bhr,20220208,1195989
bhr,20220209,1196336.71429
bhr,20220306,1198841.28571
bhr,20220316,1201644.28571
bhs,20210521,6016
bhs,20210529,7337.5
bhs,20210605,9474.66667
bhs,20210611,11562.75
bhs,20210619,14259.6
bhs,20210626,17373.83333
bhs,20210702,20072
bhs,20210710,24596.71429
bhs,20210717,28983.42857
bhs,20210724,33296.85714
bhs,20210730,37027.71429
bhs,20210731,40134.28571
bhs,20210806,42112.57143
bhs,20210809,43729.57143
bhs,20210820,45652.57143
bhs,20210822,47927.57143
bhs,20210828,49877.57143
bhs,20210904,52028.85714
bhs,20210910,54760.57143
bhs,20210924,58094.14286
bhs,20211001,63906.28571
bhs,20211008,70898.85714
bhs,20211015,78815.85714
bhs,20211022,86961.42857
bhs,20211029,96081.85714
bhs,20211105,104985.71429
bhs,20211119,114179
bhs,20211129,121322
bhs,20211210,127546.85714
bhs,20211215,132558.71429
bhs,20211223,137237.71429
bhs,20220105,141030.28571
bhs,20220112,144191.71429
bhs,20220126,146625.85714
bhs,20220209,148710.71429
bhs,20220216,150084.85714
bhs,20220223,151239.85714
bhs,20220309,152348.28571
bhs,20220316,153228.57143
bhs,20220325,154045.28571
bih,20210414,10000
bih,20210424,11000
bih,20210501,15517.33333
bih,20210519,20504
bih,20210525,25365.8
bih,20210610,32030.5
bih,20210624,46994.14286
bih,20210625,67775.71429
bih,20210705,89459.85714
bih,20210721,119580
bih,20210804,155379
bih,20210810,191635.57143
bih,20210811,229113.28571
bih,20210818,261135
bih,20210907,299793.71429
bih,20210929,348967.85714
bih,20211031,412778.14286
bih,20211104,474860.14286
bih,20220125,552623.71429
bih,20220129,626678.28571
blr,20210312,10000
blr,20210326,18050
blr,20210409,20733.33333
blr,20210423,36675
blr,20210507,59340
blr,20210523,94833.66667
blr,20210530,121240.71429
blr,20210606,164660.42857
blr,20210613,214088.85714
blr,20210718,317971.14286
blr,20210725,428821.57143
blr,20210801,547516.85714
blr,20210810,665156.28571
blr,20210815,795006.71429
blr,20210822,931777.71429
blr,20210829,1069556.85714
blr,20210905,1160919.85714
blr,20210912,1245891
blr,20210919,1321784.42857
blr,20210926,1389313.71429
blr,20211003,1452033.28571
blr,20211010,1520354.57143
blr,20211017,1595587.28571
blr,20211024,1683245.28571
blr,20211107,1803627.42857
blr,20211114,1934110.28571
blr,20211121,2075819.57143
blr,20211128,2230754.71429
blr,20211205,2390177.85714
blr,20211212,2558199.57143
blr,20211219,2732734.14286
blr,20220102,2914533.42857
blr,20220109,3099240.14286
blr,20220116,3292164.85714
blr,20220123,3489383
blr,20220130,3684839.28571
blr,20220206,3875325.42857
blr,20220213,4056677
blr,20220220,4208398.85714
blr,20220306,4406766.28571
blz,20210518,9504
blz,20210519,9586
blz,20210521,9867
blz,20210525,10058.75
blz,20210527,10237.4
blz,20210528,10393.33333
blz,20210601,10553.71429
blz,20210602,10878.57143
blz,20210603,11202.28571
blz,20210604,11465.28571
blz,20210611,12248.42857
blz,20210615,13422.85714
blz,20210616,14730.85714
blz,20210617,16122.28571
blz,20210623,18156.42857
blz,20210701,20946.85714
blz,20210702,23911.71429
blz,20210705,26494.28571
blz,20210706,28808
blz,20210707,31129.28571
blz,20210708,33446
blz,20210713,35366.85714
blz,20210715,36779.57143
blz,20210716,38104.71429
blz,20210719,39384.57143
blz,20210720,40597.14286
blz,20210722,41890.14286
blz,20210723,43193.42857
blz,20210726,44433.14286
blz,20210727,45531.14286
blz,20210728,46494.28571
blz,20210729,47426.85714
blz,20210730,48478.71429
blz,20210803,49421.71429
blz,20210804,50369.85714
blz,20210805,51256.71429
blz,20210806,52128.28571
blz,20210809,53169.42857
blz,20210810,54286.14286
blz,20210811,55322.71429
blz,20210812,56344
blz,20210813,57405
blz,20210816,58436.14286
blz,20210817,59444.14286
blz,20210818,60403.85714
blz,20210820,61461.42857
blz,20210830,63095
blz,20210903,65340
blz,20210906,67571.28571
blz,20210907,69871.57143
blz,20210909,72540.14286
blz,20210913,75137.42857
blz,20210914,77823.42857
blz,20210916,81482.28571
blz,20210920,85732.85714
blz,20210922,90252.28571
blz,20210923,95024.28571
blz,20210924,99923.71429
blz,20210928,105958.85714
blz,20210929,112216.71429
blz,20211001,117920.57143
blz,20211004,122821.85714
blz,20211006,128052.71429
blz,20211112,138999
blz,20211119,149803.42857
blz,20211129,159762.42857
blz,20211203,169437
blz,20211210,178192.85714
blz,20211217,186628.14286
blz,20211223,194426.42857
blz,20220107,196220.28571
blz,20220114,197729.71429
blz,20220121,199013.28571
blz,20220128,200157.14286
blz,20220204,201258.42857
blz,20220211,202267
blz,20220218,203231.28571
blz,20220225,204135.42857
blz,20220304,204975.57143
blz,20220311,205791.57143
blz,20220318,206554.42857
blz,20220325,207226.71429
bmu,20210206,1591
bmu,20210209,1595.5
bmu,20210222,2653.33333
bmu,20210227,3751.5
bmu,20210303,4730.2
bmu,20210310,5663.83333
bmu,20210315,6522.42857
bmu,20210322,8174.42857
bmu,20210327,10141.71429
bmu,20210404,11940.57143
bmu,20210410,13788.28571
bmu,20210419,15730.85714
bmu,20210426,17651.28571
bmu,20210502,19585.85714
bmu,20210512,21853.42857
bmu,20210517,24122
bmu,20210524,26317
bmu,20210531,28257
bmu,20210605,30000.85714
bmu,20210607,31602.57143
bmu,20210614,33094.85714
bmu,20210716,34740.14286
bmu,20210723,36106.71429
bmu,20210730,37288.28571
bmu,20210806,38359.57143
bmu,20210813,39327.14286
bmu,20210820,40270.71429
bmu,20210827,41165
bmu,20210903,41413.85714
bmu,20210910,41659.57143
bmu,20210917,41895
bmu,20210924,42146.71429
bmu,20211001,42404.14286
bmu,20211008,42626.71429
bmu,20211015,42837.85714
bmu,20211022,43045.14286
bmu,20211210,43401.14286
bmu,20211217,43768
bmu,20220105,44148.85714
bmu,20220114,44526.71429
bmu,20220119,44902.14286
bmu,20220128,45254
bmu,20220204,45566.57143
bmu,20220211,45711.14286
bmu,20220218,45829.42857
bmu,20220225,45919.71429
bmu,20220304,46002.14286
bmu,20220311,46087.42857
bmu,20220318,46169.71429
bmu,20220325,46280.14286
bol,20210220,12
bol,20210221,12
bol,20210222,78
bol,20210223,316
bol,20210224,779.6
bol,20210225,1754.66667
bol,20210226,2451.14286
bol,20210227,3535.28571
bol,20210228,4619.42857
bol,20210301,5675.28571
bol,20210302,6837
bol,20210303,7769.57143
bol,20210304,8131.28571
bol,20210305,8493
bol,20210306,8805
bol,20210307,9117
bol,20210308,9435.42857
bol,20210309,9536.57143
bol,20210310,9638.85714
bol,20210311,9749.71429
bol,20210312,9862.42857
bol,20210313,9886.14286
bol,20210314,9909.85714
bol,20210315,9933.57143
bol,20210316,9953.14286
bol,20210317,9979.28571
bol,20210318,10149.42857
bol,20210319,11147.71429
bol,20210320,12379.28571
bol,20210321,13743.71429
bol,20210322,16349.28571
bol,20210323,20940
bol,20210324,27688
bol,20210325,36304
bol,20210326,46156.57143
bol,20210327,56119.85714
bol,20210328,66007.85714
bol,20210329,75592.28571
bol,20210330,84195.71429
bol,20210331,91625.42857
bol,20210401,97849.85714
bol,20210402,102144.28571
bol,20210403,106198.14286
bol,20210404,110249.57143
bol,20210405,114304
bol,20210406,118018.57143
bol,20210407,121359.57143
bol,20210408,124511
bol,20210409,128092.85714
bol,20210410,131636.57143
bol,20210411,135149
bol,20210412,138108.85714
bol,20210413,140941.28571
bol,20210414,143873.42857
bol,20210415,146980.28571
bol,20210416,150426.28571
bol,20210417,153911
bol,20210418,157400.42857
bol,20210419,161268.85714
bol,20210420,165401.57143
bol,20210421,169616.71429
bol,20210422,173879
bol,20210423,177495
bol,20210424,181052
bol,20210425,184613.85714
bol,20210426,188421.57143
bol,20210427,192545
bol,20210428,197095
bol,20210429,201930.28571
bol,20210430,207877.85714
bol,20210501,213986.28571
bol,20210502,220233.71429
bol,20210503,226336
bol,20210504,232169.42857
bol,20210505,237485.57143
bol,20210506,242314.57143
bol,20210507,246600
bol,20210508,250948.85714
bol,20210509,255220.28571
bol,20210510,259284.28571
bol,20210511,263106.85714
bol,20210512,266652
bol,20210513,270034.14286
bol,20210514,273101
bol,20210515,276042.57143
bol,20210516,279018
bol,20210517,281766.42857
bol,20210518,284360.57143
bol,20210519,286885.85714
bol,20210520,289258.28571
bol,20210521,291397.71429
bol,20210522,293533.71429
bol,20210523,295660.28571
bol,20210524,297695.42857
bol,20210525,300666.57143
bol,20210526,305231.28571
bol,20210527,311438.14286
bol,20210528,318130.42857
bol,20210529,324861.14286
bol,20210530,331560.42857
bol,20210531,338315.57143
bol,20210601,344097
bol,20210602,348228.57143
bol,20210603,350520.71429
bol,20210604,354137.57143
bol,20210605,358121.71429
bol,20210606,362126.42857
bol,20210607,370380
bol,20210608,384115.85714
bol,20210609,401584.57143
bol,20210610,421655
bol,20210611,442872.14286
bol,20210612,464024.28571
bol,20210613,485395.85714
bol,20210614,503653.28571
bol,20210615,517326.57143
bol,20210616,528635.85714
bol,20210617,538545
bol,20210618,546825.85714
bol,20210619,555368.85714
bol,20210620,563825.71429
bol,20210621,571094.42857
bol,20210622,580283.14286
bol,20210623,591035.28571
bol,20210624,601808.57143
bol,20210625,613004
bol,20210626,624000.28571
bol,20210627,635169.57143
bol,20210628,648022.85714
bol,20210629,659802.85714
bol,20210630,670325.42857
bol,20210701,681607.71429
bol,20210702,692695.28571
bol,20210703,703630
bol,20210704,714524
bol,20210705,724418.42857
bol,20210706,733596.42857
bol,20210707,742770
bol,20210708,751614.14286
bol,20210709,759828
bol,20210710,767959.71429
bol,20210711,776209.71429
bol,20210712,785194.42857
bol,20210713,794563.57143
bol,20210714,804182.42857
bol,20210715,816328.42857
bol,20210716,832341.85714
bol,20210717,850148.28571
bol,20210718,869139.57143
bol,20210719,893655.14286
bol,20210720,923569.85714
bol,20210721,958705
bol,20210722,998372.57143
bol,20210723,1042932.28571
bol,20210724,1088438.85714
bol,20210725,1136211.42857
bol,20210726,1187716.14286
bol,20210727,1244097
bol,20210728,1304051.42857
bol,20210729,1363869.57143
bol,20210730,1420858.14286
bol,20210731,1476766.71429
bol,20210801,1531209.71429
bol,20210802,1581363.28571
bol,20210803,1624435.14286
bol,20210804,1660721.85714
bol,20210805,1692535.57143
bol,20210806,1717696.14286
bol,20210807,1742043.28571
bol,20210808,1765142.28571
bol,20210809,1786252.42857
bol,20210810,1807479.71429
bol,20210811,1831080
bol,20210812,1858258.71429
bol,20210813,1892173.28571
bol,20210814,1926496
bol,20210815,1960800.42857
bol,20210816,1997323
bol,20210817,2035347.42857
bol,20210818,2073955.28571
bol,20210819,2111147
bol,20210820,2146656.14286
bol,20210821,2181643.85714
bol,20210822,2216333.42857
bol,20210823,2249605.28571
bol,20210824,2286741.14286
bol,20210825,2327932.57143
bol,20210826,2368789.28571
bol,20210827,2415167.71429
bol,20210828,2464338.28571
bol,20210829,2516148.28571
bol,20210830,2572006.42857
bol,20210831,2621446
bol,20210901,2663185
bol,20210902,2701499
bol,20210903,2731393.71429
bol,20210904,2759806.85714
bol,20210905,2786056.71429
bol,20210906,2805783.42857
bol,20210907,2825561.14286
bol,20210908,2845929.85714
bol,20210909,2867675.57143
bol,20210910,2889428.71429
bol,20210911,2909426.71429
bol,20210912,2928470.42857
bol,20210913,2946724.85714
bol,20210914,2963125.57143
bol,20210915,2977801.14286
bol,20210916,2989614.42857
bol,20210917,2999934.85714
bol,20210918,3010810.85714
bol,20210919,3024224.42857
bol,20210920,3038326.57143
bol,20210921,3059816.85714
bol,20210922,3088566.71429
bol,20210923,3116163.42857
bol,20210924,3146670.71429
bol,20210925,3177094.14286
bol,20210926,3205005.42857
bol,20210927,3235513.85714
bol,20210928,3260805
bol,20210929,3280878.85714
bol,20210930,3303114.71429
bol,20211001,3323448.85714
bol,20211002,3343063.85714
bol,20211003,3362573
bol,20211004,3380650.42857
bol,20211005,3396494
bol,20211006,3409951
bol,20211007,3422933.71429
bol,20211008,3435733.85714
bol,20211009,3448633.71429
bol,20211010,3461402.28571
bol,20211011,3472326.42857
bol,20211012,3484576.85714
bol,20211013,3498175
bol,20211014,3513764.42857
bol,20211015,3531051.71429
bol,20211016,3548489.57143
bol,20211017,3566257.42857
bol,20211018,3586654.71429
bol,20211019,3609043.42857
bol,20211020,3632107
bol,20211021,3655048.42857
bol,20211022,3677093.57143
bol,20211023,3699024.57143
bol,20211024,3720648.57143
bol,20211025,3741016.14286
bol,20211026,3758168.71429
bol,20211027,3773763.42857
bol,20211028,3787421.85714
bol,20211029,3801189.42857
bol,20211030,3815485.14286
bol,20211031,3829949.42857
bol,20211101,3842382.71429
bol,20211102,3852586.28571
bol,20211103,3861697.28571
bol,20211104,3870826.57143
bol,20211105,3878877.85714
bol,20211106,3886442.14286
bol,20211107,3893873.28571
bol,20211108,3900928.71429
bol,20211109,3909264.14286
bol,20211110,3917090.28571
bol,20211111,3924747.42857
bol,20211112,3932045.71429
bol,20211113,3939366.14286
bol,20211114,3946814.71429
bol,20211115,3954614.14286
bol,20211116,3963332
bol,20211117,3973391.85714
bol,20211118,3984606.28571
bol,20211119,3996559.28571
bol,20211120,4008816.14286
bol,20211121,4020884.71429
bol,20211122,4032836
bol,20211123,4044622.57143
bol,20211124,4055976
bol,20211125,4066520.57143
bol,20211126,4076863.57143
bol,20211127,4087189.71429
bol,20211128,4097526.42857
bol,20211129,4108463.71429
bol,20211130,4119520.57143
bol,20211201,4131295.71429
bol,20211202,4144058
bol,20211203,4157942.28571
bol,20211204,4172185.28571
bol,20211205,4186395.28571
bol,20211206,4201373.57143
bol,20211207,4217509.85714
bol,20211208,4234790.14286
bol,20211209,4252762.71429
bol,20211210,4271083.14286
bol,20211211,4289310.14286
bol,20211212,4307569.28571
bol,20211213,4325770.57143
bol,20211214,4343497.42857
bol,20211215,4360326.28571
bol,20211216,4376228.57143
bol,20211217,4390658.42857
bol,20211218,4404695.42857
bol,20211219,4418931.28571
bol,20211220,4432484
bol,20211221,4445404.85714
bol,20211222,4457578.71429
bol,20211223,4468964
bol,20211224,4479782
bol,20211225,4490004.71429
bol,20211226,4499970.42857
bol,20211227,4509889.28571
bol,20211228,4520460
bol,20211229,4530826.14286
bol,20211230,4541852
bol,20211231,4552739
bol,20220101,4564793.57143
bol,20220102,4576873
bol,20220103,4593949.71429
bol,20220104,4612104.42857
bol,20220105,4632672.14286
bol,20220106,4655486.57143
bol,20220107,4679801.42857
bol,20220108,4705616.85714
bol,20220109,4731779
bol,20220110,4754632
bol,20220111,4776968.71429
bol,20220112,4798290.85714
bol,20220113,4818476
bol,20220114,4838471
bol,20220115,4856513
bol,20220116,4874335.42857
bol,20220117,4894989
bol,20220118,4915963
bol,20220119,4937135.14286
bol,20220120,4957661.14286
bol,20220121,4978954.28571
bol,20220122,4999838.42857
bol,20220123,5020672.28571
bol,20220124,5038107
bol,20220125,5056355.14286
bol,20220126,5075611.71429
bol,20220127,5095958
bol,20220128,5117262.42857
bol,20220129,5139872.85714
bol,20220130,5162622
bol,20220131,5186930.85714
bol,20220201,5209349.57143
bol,20220202,5230222.42857
bol,20220203,5249796
bol,20220204,5268806.14286
bol,20220205,5287622.85714
bol,20220206,5306309.57143
bol,20220207,5322754.42857
bol,20220208,5339130.57143
bol,20220209,5355390.28571
bol,20220210,5371516.14286
bol,20220211,5386623.85714
bol,20220212,5401577.14286
bol,20220213,5416517.85714
bol,20220214,5430920.71429
bol,20220215,5445702.57143
bol,20220216,5458912.71429
bol,20220217,5471842.14286
bol,20220218,5484133.14286
bol,20220219,5496244.57143
bol,20220220,5508321.14286
bol,20220221,5520196.71429
bol,20220222,5530774.85714
bol,20220223,5541849.85714
bol,20220224,5552958.57143
bol,20220225,5563419.28571
bol,20220226,5573312.85714
bol,20220301,5583030.42857
bol,20220302,5592741.85714
bol,20220303,5601298.28571
bol,20220304,5611909.28571
bol,20220305,5620948.28571
bol,20220306,5628669.42857
bol,20220307,5636737.71429
bol,20220308,5645656.71429
bol,20220309,5653833.85714
bol,20220310,5662566.85714
bol,20220311,5668862.71429
bol,20220312,5674735
bol,20220313,5680545.28571
bol,20220314,5687140.28571
bol,20220315,5692936.14286
bol,20220317,5700454.42857
bol,20220318,5709397.42857
bol,20220320,5717424.28571
bra,20210205,1962
bra,20210206,10819.5
bra,20210207,15775.66667
bra,20210208,20235.75
bra,20210209,26319.6
bra,20210210,35393
bra,20210211,46032
bra,20210212,71247.14286
bra,20210213,96183.28571
bra,20210214,123637.71429
bra,20210215,159638.28571
bra,20210216,232049.28571
bra,20210217,323905.71429
bra,20210218,436021
bra,20210219,561498
bra,20210220,695592.85714
bra,20210221,831793.85714
bra,20210222,975875
bra,20210223,1101312.42857
bra,20210224,1226053.85714
bra,20210225,1348960.28571
bra,20210226,1467160.14286
bra,20210227,1578881
bra,20210228,1686298.28571
bra,20210301,1792090.57143
bra,20210302,1896020.42857
bra,20210303,1999574.57143
bra,20210304,2101431.14286
bra,20210305,2206202.14286
bra,20210306,2316737
bra,20210307,2430671.42857
bra,20210308,2547499.14286
bra,20210309,2665853.57143
bra,20210310,2786708.71429
bra,20210311,2907659.28571
bra,20210312,3029439.57143
bra,20210313,3153022.14286
bra,20210314,3274124.57143
bra,20210315,3391732.85714
bra,20210316,3506707.42857
bra,20210317,3614622.71429
bra,20210318,3717078
bra,20210319,3809047
bra,20210320,3893346.14286
bra,20210321,3978121.28571
bra,20210322,4060474
bra,20210323,4138104.42857
bra,20210324,4213417.42857
bra,20210325,4287782.57143
bra,20210326,4364221
bra,20210327,4440805
bra,20210328,4518102.57143
bra,20210329,4599992.42857
bra,20210330,4687884.14286
bra,20210331,4779762.28571
bra,20210401,4878243.14286
bra,20210402,4968450.85714
bra,20210403,5064620
bra,20210404,5164244.42857
bra,20210405,5275209
bra,20210406,5408183.57143
bra,20210407,5552760.71429
bra,20210408,5719254.85714
bra,20210409,5943669.42857
bra,20210410,6177150
bra,20210411,6413673.57143
bra,20210412,6671340.57143
bra,20210413,6936795.42857
bra,20210414,7229140.14286
bra,20210415,7538410.85714
bra,20210416,7871535.28571
bra,20210417,8233140.28571
bra,20210418,8597549.14286
bra,20210419,8997170.14286
bra,20210420,9423108
bra,20210421,9822778.42857
bra,20210422,10227338.28571
bra,20210423,10671060.42857
bra,20210424,11098947.57143
bra,20210425,11524432.42857
bra,20210426,11950432.42857
bra,20210427,12419854.57143
bra,20210428,12945773
bra,20210429,13485550.71429
bra,20210430,13973144.85714
bra,20210501,14447246.14286
bra,20210502,14916668
bra,20210503,15361348.28571
bra,20210504,15749688.14286
bra,20210505,16100359.42857
bra,20210506,16410488.14286
bra,20210507,16687189.14286
bra,20210508,16956678.42857
bra,20210509,17224515.14286
bra,20210510,17479462.14286
bra,20210511,17716528.71429
bra,20210512,17943293.42857
bra,20210513,18152161.42857
bra,20210514,18345571.42857
bra,20210515,18542563.42857
bra,20210516,18747777.71429
bra,20210517,18940308.14286
bra,20210518,19129204
bra,20210519,19308421.14286
bra,20210520,19507310.71429
bra,20210521,19717383.57143
bra,20210522,19928763.28571
bra,20210523,20160437.14286
bra,20210524,20397635.57143
bra,20210525,20637771.14286
bra,20210526,20879995.14286
bra,20210527,21112144.71429
bra,20210528,21342323.28571
bra,20210529,21567981.14286
bra,20210530,21765908.28571
bra,20210531,21944013.14286
bra,20210601,22108672.71429
bra,20210602,22281540.14286
bra,20210603,22437437.85714
bra,20210604,22569294.14286
bra,20210605,22703331.14286
bra,20210606,22837079
bra,20210607,22965007
bra,20210608,23089619.85714
bra,20210609,23191943.28571
bra,20210610,23297864.42857
bra,20210611,23410477
bra,20210612,23514814.57143
bra,20210613,23618090.28571
bra,20210614,23716230.57143
bra,20210615,23803765.42857
bra,20210616,23884250.57143
bra,20210617,23968297
bra,20210618,24052359.14286
bra,20210619,24141411.28571
bra,20210620,24230260.71429
bra,20210621,24326197
bra,20210622,24426391.85714
bra,20210623,24537582.42857
bra,20210624,24673990.42857
bra,20210625,24821082.14286
bra,20210626,24974154.57143
bra,20210627,25130975.71429
bra,20210628,25313169.71429
bra,20210629,25544181.85714
bra,20210630,25794344.85714
bra,20210701,26042993.71429
bra,20210702,26308024.14286
bra,20210703,26579075.28571
bra,20210704,26853446.71429
bra,20210705,27137420.14286
bra,20210706,27418710.71429
bra,20210707,27745420.14286
bra,20210708,28116540
bra,20210709,28514357.71429
bra,20210710,28938568.71429
bra,20210711,29375109
bra,20210712,29824909.71429
bra,20210713,30289440.71429
bra,20210714,30759382.28571
bra,20210715,31228728.14286
bra,20210716,31717747
bra,20210717,32207823.42857
bra,20210718,32685856.28571
bra,20210719,33168774.71429
bra,20210720,33666526.57143
bra,20210721,34179247.42857
bra,20210722,34728442.14286
bra,20210723,35256219.14286
bra,20210724,35777034.85714
bra,20210725,36304486.28571
bra,20210726,36836893.28571
bra,20210727,37366556.14286
bra,20210728,37908743.28571
bra,20210729,38435009.42857
bra,20210730,39000027.57143
bra,20210731,39577758.42857
bra,20210801,40151459.71429
bra,20210802,40728198.14286
bra,20210803,41308494.85714
bra,20210804,41903682.71429
bra,20210805,42482764.14286
bra,20210806,43049895.71429
bra,20210807,43605520.42857
bra,20210808,44168903.14286
bra,20210809,44742150.28571
bra,20210810,45335942
bra,20210811,45889524.57143
bra,20210812,46456513.57143
bra,20210813,47039003.85714
bra,20210814,47640311.28571
bra,20210815,48235014.42857
bra,20210816,48869366
bra,20210817,49553824.57143
bra,20210818,50265976.71429
bra,20210819,51022763.14286
bra,20210820,51796255.71429
bra,20210821,52568624.71429
bra,20210822,53349344.85714
bra,20210823,54120609.71429
bra,20210824,54867883.28571
bra,20210825,55612040.28571
bra,20210826,56345048.85714
bra,20210827,57083339.71429
bra,20210828,57854735.42857
bra,20210829,58640662.28571
bra,20210830,59409841.42857
bra,20210831,60223642.85714
bra,20210901,61068704
bra,20210902,61939262.14286
bra,20210903,62845958.57143
bra,20210904,63752527.85714
bra,20210905,64654279.42857
bra,20210906,65556887.57143
bra,20210907,66317184.42857
bra,20210908,67085605
bra,20210909,67898303.42857
bra,20210910,68766799.57143
bra,20210911,69665621.57143
bra,20210912,70575681.42857
bra,20210913,71529788.42857
bra,20210914,72643135.42857
bra,20210915,73765633
bra,20210916,74821949.28571
bra,20210917,75874783.85714
bra,20210918,76903336.57143
bra,20210919,77922926.71429
bra,20210920,78904267.85714
bra,20210921,79854725.14286
bra,20210922,80805231.14286
bra,20210923,81788233.71429
bra,20210924,82727794.14286
bra,20210925,83662963
bra,20210926,84610137.57143
bra,20210927,85549815.57143
bra,20210928,86497507.28571
bra,20210929,87441654.71429
bra,20210930,88378859.28571
bra,20211001,89327380.28571
bra,20211002,90276815.85714
bra,20211003,91212799.57143
bra,20211004,92142714.42857
bra,20211005,93022163.57143
bra,20211006,93892432.71429
bra,20211007,94742824.14286
bra,20211008,95557819.14286
bra,20211009,96361838
bra,20211010,97197055
bra,20211011,98018117.85714
bra,20211012,98741953.28571
bra,20211013,99387500.71429
bra,20211014,100084846.71429
bra,20211015,100808075.57143
bra,20211016,101557146.71429
bra,20211017,102287131.85714
bra,20211018,103021181.28571
bra,20211019,103882900.28571
bra,20211020,104842633.85714
bra,20211021,105690190.14286
bra,20211022,106471244.57143
bra,20211023,107200932
bra,20211024,107960215.28571
bra,20211025,108864094.71429
bra,20211026,109753765.85714
bra,20211027,110620185
bra,20211028,111536415
bra,20211029,112474709.28571
bra,20211030,113399745.28571
bra,20211031,114281429.57143
bra,20211101,114958349.42857
bra,20211102,115503456.71429
bra,20211103,115985303
bra,20211104,116459432
bra,20211105,116985232.57143
bra,20211106,117522076.14286
bra,20211107,118062650.57143
bra,20211108,118718574
bra,20211109,119481262.57143
bra,20211110,120283522.28571
bra,20211111,121093381
bra,20211112,121832445.57143
bra,20211113,122577695.71429
bra,20211114,123323709.42857
bra,20211115,123979002.57143
bra,20211116,124575751.28571
bra,20211117,125193685
bra,20211118,125770944.28571
bra,20211119,126336730
bra,20211120,126905212
bra,20211121,127487574.57143
bra,20211122,128111080.42857
bra,20211123,128770369.85714
bra,20211124,129378153.14286
bra,20211125,129959531.71429
bra,20211126,130533648.28571
bra,20211127,131078746.14286
bra,20211128,131606626.14286
bra,20211129,132063423
bra,20211130,132546331.42857
bra,20211201,133035036.42857
bra,20211202,133551502
bra,20211203,134129028.57143
bra,20211204,134723813.42857
bra,20211205,135296662.14286
bra,20211206,135914612.71429
bra,20211207,136485282
bra,20211208,137001416
bra,20211209,137515680
bra,20211210,137927412.85714
bra,20211211,138292974.28571
bra,20211212,138652457.57143
bra,20211213,138999408.28571
bra,20211214,139320272.57143
bra,20211215,139699300.42857
bra,20211216,140020830.85714
bra,20211217,140319542.71429
bra,20211218,140617403
bra,20211219,140912604.28571
bra,20211220,141186655.71429
bra,20211221,141438599.71429
bra,20211222,141649419.42857
bra,20211227,141876450
bra,20211228,142098459
bra,20211229,142356679.57143
bra,20211230,142629621.57143
bra,20211231,142877300
bra,20220101,143095258.71429
bra,20220102,143250069.14286
bra,20220103,143387084.85714
bra,20220104,143500891.57143
bra,20220105,143585911
bra,20220109,143726172.57143
bra,20220110,143910145.71429
bra,20220111,144113812.28571
bra,20220112,144334190.85714
bra,20220113,144552629.42857
bra,20220114,144783612.14286
bra,20220115,145009632.28571
bra,20220116,145282661.57143
bra,20220117,145639796
bra,20220118,146021210.28571
bra,20220119,146411628.42857
bra,20220120,146810415.28571
bra,20220121,147217039.28571
bra,20220122,147656296.71429
bra,20220123,147982001.28571
bra,20220124,148225667.71429
bra,20220125,148458336.42857
bra,20220126,148677729.71429
bra,20220127,148891790.42857
bra,20220128,149104425.57143
bra,20220129,149282339
bra,20220130,149456891.57143
bra,20220131,149599952.28571
bra,20220201,149724996.57143
bra,20220202,149865807.14286
bra,20220203,150002238.28571
bra,20220204,150140583.28571
bra,20220205,150281343.14286
bra,20220206,150434916.14286
bra,20220207,150587067.57143
bra,20220208,150748256
bra,20220209,150925030.28571
bra,20220210,151120665.71429
bra,20220211,151322063.28571
bra,20220212,151526324.85714
bra,20220213,151736362.71429
bra,20220214,151948801.85714
bra,20220215,152149784.71429
bra,20220216,152329062.71429
bra,20220217,152481643.57143
bra,20220218,152648344.71429
bra,20220219,152827813.14286
bra,20220220,152994254.28571
bra,20220221,153161570.85714
bra,20220222,153333003.57143
bra,20220223,153520515.42857
bra,20220224,153717040.42857
bra,20220225,153904851.57143
bra,20220226,154078780.28571
bra,20220227,154252367.71429
bra,20220228,154450988.71429
bra,20220301,154636077.42857
bra,20220303,154824039.14286
bra,20220304,155003869
bra,20220305,155166406.28571
bra,20220306,155319544.57143
bra,20220307,155492620.42857
bra,20220308,155645504.57143
bra,20220309,155826664.42857
bra,20220310,156093914.28571
bra,20220311,156358079.85714
bra,20220312,156631169.85714
bra,20220313,156905799.14286
bra,20220314,157177169.14286
bra,20220315,157445424.14286
bra,20220316,157717609.42857
bra,20220317,157887362.28571
bra,20220318,158067989.57143
bra,20220319,158240719.28571
bra,20220320,158412245.42857
bra,20220321,158593850
bra,20220322,158772120.14286
bra,20220323,158935402
bra,20220324,159088875.71429
bra,20220325,159230381
brb,20210501,16549
brb,20210502,17284.5
brb,20210503,18184.66667
brb,20210504,19183.75
brb,20210505,20406.2
brb,20210506,21749.66667
brb,20210507,22992.57143
brb,20210508,25184.71429
brb,20210509,27284.28571
brb,20210510,29379.71429
brb,20210511,31439.28571
brb,20210512,33385.42857
brb,20210513,35194.42857
brb,20210514,36936.57143
brb,20210515,38509.42857
brb,20210516,40102.28571
brb,20210517,41621.57143
brb,20210518,43126.42857
brb,20210519,44620
brb,20210520,46130.57143
brb,20210521,47592.71429
brb,20210522,49165.14286
brb,20210523,50745.28571
brb,20210524,52216.42857
brb,20210525,53582
brb,20210526,54814
brb,20210527,55840.28571
brb,20210528,56877.28571
brb,20210529,57810.42857
brb,20210530,58614
brb,20210531,59347.57143
brb,20210601,59936.85714
brb,20210602,60350
brb,20210604,60677.14286
brb,20210605,60827.42857
brb,20210606,60968
brb,20210607,61103.85714
brb,20210608,61238.57143
brb,20210609,61387.85714
brb,20210610,61547.14286
brb,20210611,61679
brb,20210612,61813.28571
brb,20210613,61933.28571
brb,20210614,62094.28571
brb,20210615,62298.85714
brb,20210616,62522.85714
brb,20210617,62906.14286
brb,20210618,63370
brb,20210619,63852
brb,20210620,64434.85714
brb,20210621,65012.57143
brb,20210622,65626.28571
brb,20210623,66244.42857
brb,20210624,66777.14286
brb,20210625,67293.14286
brb,20210626,67805.14286
brb,20210627,68282.14286
brb,20210628,68787.85714
brb,20210629,69295.85714
brb,20210630,69785.14286
brb,20210702,70224.71429
brb,20210706,70616.57143
brb,20210707,71020.71429
brb,20210708,71363.85714
brb,20210709,71665.85714
brb,20210710,71892.71429
brb,20210711,72096.28571
brb,20210712,72264.57143
brb,20210713,72418.14286
brb,20210714,72557.57143
brb,20210715,72688.71429
brb,20210716,72804.14286
brb,20210717,72896
brb,20210718,73013.28571
brb,20210719,73130.14286
brb,20210720,73250.57143
brb,20210721,73382
brb,20210723,73528.57143
brb,20210724,73656.57143
brb,20210725,73819.85714
brb,20210726,73973.71429
brb,20210727,74168.14286
brb,20210728,74347.57143
brb,20210729,74628.28571
brb,20210730,74944.71429
brb,20210731,75261.14286
brb,20210801,75578.85714
brb,20210802,75871.71429
brb,20210803,76130.85714
brb,20210804,76429.14286
brb,20210805,76735.28571
brb,20210806,77082.28571
brb,20210807,77490.85714
brb,20210808,78019.28571
brb,20210809,78619
brb,20210810,79393.71429
brb,20210811,80217.71429
brb,20210812,81117.85714
brb,20210813,82032.14286
brb,20210814,82885.28571
brb,20210815,83660.57143
brb,20210816,84430.42857
brb,20210817,85145.85714
brb,20210818,85856.85714
brb,20210819,86537.28571
brb,20210820,87195.42857
brb,20210821,87902.14286
brb,20210822,88616.85714
brb,20210823,89337.57143
brb,20210824,90041.71429
brb,20210825,90755.42857
brb,20210826,91360.28571
brb,20210827,91918
brb,20210828,92453.14286
brb,20210829,92937.14286
brb,20210830,93390.71429
brb,20210901,93787.57143
brb,20210902,94120.28571
brb,20210903,94415.42857
brb,20210904,94667.42857
brb,20210905,94906.14286
brb,20210906,95134.42857
brb,20210907,95342.28571
brb,20210909,95535.85714
brb,20210910,95717.57143
brb,20210911,95868.85714
brb,20210912,96017.57143
brb,20210913,96169.42857
brb,20210914,96307.71429
brb,20210915,96436.14286
brb,20210916,96563.57143
brb,20210918,96745.42857
brb,20210919,96955.85714
brb,20210920,97237.85714
brb,20210921,97610.71429
brb,20210922,98081
brb,20210923,98664.85714
brb,20210924,99282.57143
brb,20210925,99893.57143
brb,20210926,100529.14286
brb,20210927,101211.57143
brb,20210928,101887.14286
brb,20210929,102600.14286
brb,20210930,103325.71429
brb,20211001,104083.57143
brb,20211002,104826.28571
brb,20211003,105569.57143
brb,20211004,106295.14286
brb,20211005,107026.14286
brb,20211006,107722.28571
brb,20211007,108398.71429
brb,20211008,109046.57143
brb,20211009,109714.85714
brb,20211010,110385.14286
brb,20211011,111070.85714
brb,20211012,111769
brb,20211013,112452.57143
brb,20211015,113233.71429
brb,20211016,113990.85714
brb,20211017,114746
brb,20211018,115565.71429
brb,20211019,116353.57143
brb,20211020,117117.14286
brb,20211023,118085.28571
brb,20211024,118905.71429
brb,20211025,119784.57143
brb,20211026,120669.85714
brb,20211027,121547.42857
brb,20211028,122441.85714
brb,20211029,123365.85714
brb,20211030,124081.28571
brb,20211031,124808
brb,20211101,125471.57143
brb,20211102,126133
brb,20211103,126729.14286
brb,20211104,127303.14286
brb,20211105,127819.85714
brb,20211106,128296.14286
brb,20211107,128732.14286
brb,20211108,129168.71429
brb,20211109,129606.28571
brb,20211110,130030.71429
brb,20211111,130432.71429
brb,20211112,130826.14286
brb,20211113,131196.85714
brb,20211114,131574.57143
brb,20211115,131918.85714
brb,20211116,132258
brb,20211117,132582.42857
brb,20211118,132897.42857
brb,20211119,133210.57143
brb,20211120,133531.42857
brb,20211121,133851
brb,20211122,134181.28571
brb,20211124,134529.42857
brb,20211125,134907.28571
brb,20211126,135284.28571
brb,20211127,135643.14286
brb,20211128,135960.28571
brb,20211129,136232.71429
brb,20211130,136471.28571
brb,20211201,136652.28571
brb,20211202,136849.71429
brb,20211203,137056.57143
brb,20211204,137250.57143
brb,20211205,137467.28571
brb,20211206,137704.71429
brb,20211207,137984.71429
brb,20211208,138251.71429
brb,20211209,138508.85714
brb,20211210,138766.57143
brb,20211211,139013.28571
brb,20211212,139257.85714
brb,20211213,139495.57143
brb,20211214,139773.14286
brb,20211215,140068.85714
brb,20211216,140351.71429
brb,20211217,140636.57143
brb,20211218,140933.28571
brb,20211219,141228.14286
brb,20211220,141542.57143
brb,20211221,141809.14286
brb,20211222,142064.85714
brb,20211223,142286.28571
brb,20211224,142444.85714
brb,20211225,142578
brb,20211226,142691.71429
brb,20211227,142772.85714
brb,20211228,142849.14286
brb,20211229,142935.42857
brb,20211230,143050.57143
brb,20211231,143171.57143
brb,20220102,143300.57143
brb,20220103,143436.71429
brb,20220104,143574.28571
brb,20220105,143689.28571
brb,20220106,143774.71429
brb,20220107,143929.71429
brb,20220108,144090.85714
brb,20220109,144254.57143
brb,20220110,144426.42857
brb,20220111,144595.42857
brb,20220112,144788.28571
brb,20220113,145018.71429
brb,20220114,145169.28571
brb,20220115,145325.14286
brb,20220116,145491.57143
brb,20220117,145657.28571
brb,20220118,145837.57143
brb,20220119,145987.28571
brb,20220120,146094.28571
brb,20220121,146174.14286
brb,20220122,146251.57143
brb,20220123,146320.28571
brb,20220124,146382.42857
brb,20220125,146445.57143
brb,20220126,146525.14286
brb,20220127,146615.14286
brb,20220203,146781.57143
brb,20220204,146948.57143
brb,20220205,147108.42857
brb,20220206,147269.28571
brb,20220207,147424.42857
brb,20220208,147583.42857
brb,20220209,147746.85714
brb,20220210,147840.42857
brb,20220211,147934.57143
brb,20220212,148034.28571
brb,20220213,148132.85714
brb,20220214,148231.28571
brb,20220215,148324.71429
brb,20220216,148413.71429
brb,20220217,148506.28571
brb,20220218,148594.28571
brb,20220219,148674.57143
brb,20220220,148751.85714
brb,20220221,148826
brb,20220222,148894.85714
brb,20220223,148964.71429
brb,20220224,149028.57143
brb,20220225,149085.57143
brb,20220226,149148
brb,20220227,149213.57143
brb,20220228,149278.57143
brb,20220301,149345.42857
brb,20220302,149420.42857
brb,20220303,149500.71429
brb,20220304,149591
brb,20220306,149687.28571
brb,20220307,149781.57143
brb,20220308,149878.57143
brb,20220309,149975.85714
brb,20220310,150056.28571
brb,20220311,150124.14286
brb,20220312,150184.71429
brb,20220314,150242.14286
brb,20220315,150300
brb,20220316,150356.85714
brb,20220317,150408.28571
brb,20220318,150464
brb,20220319,150520.28571
brb,20220320,150569.57143
brb,20220321,150609.57143
brb,20220322,150648.42857
brb,20220323,150686
brb,20220324,150719.71429
brn,20210426,105
brn,20210427,113.5
brn,20210428,151.66667
brn,20210429,201.25
brn,20210503,333.4
brn,20210504,476.33333
brn,20210505,663.57143
brn,20210506,991.28571
brn,20210508,1428
brn,20210509,1855.28571
brn,20210510,2388.14286
brn,20210511,2957.42857
brn,20210518,3615.71429
brn,20210521,4542.28571
brn,20210522,5444.28571
brn,20210523,6234.85714
brn,20210524,7108
brn,20210525,7939.28571
brn,20210526,8746
brn,20210527,9481.71429
brn,20210528,9866.57143
brn,20210529,10210.42857
brn,20210602,10580.85714
brn,20210607,10877.85714
brn,20210609,11097.57143
brn,20210610,11235.85714
brn,20210611,11309.42857
brn,20210613,11385.14286
brn,20210614,11450.57143
brn,20210617,11522.28571
brn,20210618,11580.28571
brn,20210619,11656
brn,20210621,11807.71429
brn,20210626,12032.71429
brn,20210628,12313.57143
brn,20210629,12711.71429
brn,20210630,13127.85714
brn,20210701,13598.28571
brn,20210702,14047.57143
brn,20210703,14481.57143
brn,20210704,14842
brn,20210705,15198.71429
brn,20210706,15468
brn,20210707,15736.42857
brn,20210708,16044.71429
brn,20210709,16359.71429
brn,20210713,16801.57143
brn,20210716,17320.57143
brn,20210719,18012.28571
brn,20210721,18713.28571
brn,20210723,19526.57143
brn,20210724,20384.71429
brn,20210725,21244.71429
brn,20210726,22015.71429
brn,20210728,23003.14286
brn,20210729,23961.14286
brn,20210730,24896.42857
brn,20210731,25878.85714
brn,20210802,27079.71429
brn,20210803,28558.71429
brn,20210804,30247.57143
brn,20210807,32316.85714
brn,20210808,34303.85714
brn,20210810,36629.42857
brn,20210811,39096.57143
brn,20210814,42026
brn,20210817,45647.57143
brn,20210820,49937.57143
brn,20210823,54656
brn,20210825,60219.71429
brn,20210827,66005.28571
brn,20210829,72095.85714
brn,20210831,78385.28571
brn,20210902,84953.57143
brn,20210904,91444.42857
brn,20210906,97853.28571
brn,20210908,104882.85714
brn,20210910,112170
brn,20210912,119758
brn,20210914,127240.14286
brn,20210918,134789.57143
brn,20210920,141981.42857
brn,20210922,149326.71429
brn,20210924,155649.42857
brn,20210926,161782
brn,20210928,168386.28571
brn,20210930,175248.71429
brn,20211002,181207.42857
brn,20211004,186958.57143
brn,20211006,192184.57143
brn,20211008,197172
brn,20211010,201913.28571
brn,20211012,205941.14286
brn,20211014,209856
brn,20211018,214905.28571
brn,20211020,220126.71429
brn,20211022,225066.28571
brn,20211024,230079.14286
brn,20211026,235357.57143
brn,20211027,240161.28571
brn,20211028,244218.28571
brn,20211029,246793.42857
brn,20211030,249112.85714
brn,20211101,251867
brn,20211103,255936.57143
brn,20211105,260209.42857
brn,20211106,264280
brn,20211107,268976.28571
brn,20211108,273909.42857
brn,20211109,278655.71429
brn,20211110,282675.85714
brn,20211111,285206.42857
brn,20211112,287157.28571
brn,20211113,289546.28571
brn,20211114,291596.28571
brn,20211115,293599.71429
brn,20211116,296080
brn,20211117,299006.57143
brn,20211118,302321.85714
brn,20211119,306115.71429
brn,20211120,309739.28571
brn,20211121,313656.71429
brn,20211122,317497.42857
brn,20211123,321473.28571
brn,20211124,325431.28571
brn,20211126,329527
brn,20211127,332889.14286
brn,20211128,336259.85714
brn,20211129,338808.57143
brn,20211130,341577.85714
brn,20211201,343810.85714
brn,20211202,345631.71429
brn,20211203,346819.42857
brn,20211204,347995.85714
brn,20211205,349037.42857
brn,20211206,350076.28571
brn,20211207,351480.71429
brn,20211208,353413.71429
brn,20211209,355965
brn,20211210,359081.71429
brn,20211211,362458.28571
brn,20211212,366301.14286
brn,20211213,370520.28571
brn,20211214,374493.14286
brn,20211231,379976.71429
brn,20220107,384902.57143
brn,20220114,389238.28571
brn,20220121,393373.42857
brn,20220128,396912.85714
brn,20220211,400103
brn,20220218,402801.14286
brn,20220225,403345.57143
brn,20220311,403778.57143
btn,20210705,1306
btn,20210712,1434.5
btn,20210718,1833
btn,20210720,26213.75
btn,20210721,59888.6
btn,20210722,96946.5
btn,20210723,133000.85714
btn,20210724,189977
btn,20210725,251432.85714
btn,20210726,315940.85714
btn,20210727,367211.42857
btn,20210728,405159
btn,20210801,432480
btn,20210802,450249.71429
btn,20210803,460808
btn,20210815,466921.28571
btn,20210822,469955.14286
btn,20210830,472766.71429
btn,20210905,475314.14286
btn,20210912,476087.57143
btn,20210919,479025.28571
btn,20210926,482230.14286
btn,20211003,485622.57143
btn,20211010,489458.42857
btn,20211018,495113
btn,20211024,500839
btn,20211031,512402.14286
btn,20211121,522382.57143
btn,20211128,532076.71429
btn,20211205,541550.57143
btn,20211220,550523
btn,20220102,557880.71429
btn,20220116,565311
btn,20220123,566802.28571
btn,20220130,567746.42857
btn,20220206,568725.57143
btn,20220213,569841.85714
btn,20220220,571191.57143
btn,20220227,572008.57143
btn,20220313,573033.42857
bwa,20210614,23018
bwa,20210618,35764
bwa,20210621,45871
bwa,20210625,55473.25
bwa,20210628,62675
bwa,20210702,68916.66667
bwa,20210705,74262.42857
bwa,20210709,86486.85714
bwa,20210710,95437.42857
bwa,20210716,102589.14286
bwa,20210719,107413.85714
bwa,20210723,111704.71429
bwa,20210726,115176.14286
bwa,20210730,118179.71429
bwa,20210802,121058.14286
bwa,20210806,124101.28571
bwa,20210810,128408.71429
bwa,20210813,134618.57143
bwa,20210825,143247.71429
bwa,20210901,155143.42857
bwa,20210909,168151.42857
bwa,20210915,181466
bwa,20210922,194914.57143
bwa,20210930,207554.28571
bwa,20211007,219559.57143
bwa,20211014,230465
bwa,20211021,238487.42857
bwa,20211028,245509.57143
bwa,20211104,257561
bwa,20211110,276219.57143
bwa,20211231,390390.14286
bwa,20220117,509465.85714
bwa,20220209,633247.71429
bwa,20220220,756863.85714
bwa,20220225,884758.42857
bwa,20220306,1016453.28571
bwa,20220313,1145856.85714
caf,20210922,9901
caf,20210930,9901
caf,20211014,9901
caf,20211021,78808
caf,20211101,127380
caf,20211107,159793
caf,20211119,182962.85714
caf,20211204,229392.14286
caf,20220115,298090.14286
caf,20220121,368847.28571
caf,20220131,406553.57143
caf,20220206,445579.14286
caf,20220218,501377.57143
caf,20220225,560875.28571
caf,20220304,624464.42857
caf,20220311,672133.28571
can,20201222,1
can,20201223,1
can,20201224,1
can,20201225,1
can,20201226,1
can,20201227,1
can,20201228,1
can,20201229,1.14286
can,20201230,1.28571
can,20201231,1.42857
can,20210101,1.71429
can,20210102,2
can,20210103,2.28571
can,20210104,2.57143
can,20210105,3.14286
can,20210106,66.85714
can,20210107,270
can,20210108,654.42857
can,20210109,1216.28571
can,20210110,1780.42857
can,20210111,2346.14286
can,20210112,3133.28571
can,20210113,4967.28571
can,20210114,7100.42857
can,20210115,9488.85714
can,20210116,11869
can,20210117,14426.57143
can,20210118,17087.57143
can,20210119,19848.14286
can,20210120,23377.57143
can,20210121,27297
can,20210122,31684.85714
can,20210123,36529.57143
can,20210124,41574.42857
can,20210125,47691
can,20210126,54660.28571
can,20210127,61115
can,20210128,68161
can,20210129,75650.71429
can,20210130,83730.42857
can,20210131,91795.42857
can,20210201,99338.42857
can,20210202,106412.14286
can,20210203,113457.71429
can,20210204,120877
can,20210205,128851
can,20210206,137575.14286
can,20210207,147047.28571
can,20210208,157429.14286
can,20210209,169586
can,20210210,183297.71429
can,20210211,198227.14286
can,20210212,214598.85714
can,20210213,232056.28571
can,20210214,250383.57143
can,20210215,268422.42857
can,20210216,286468.57143
can,20210217,303983.57143
can,20210218,321310
can,20210219,338821.14286
can,20210220,355820.71429
can,20210221,372626.85714
can,20210222,392759.28571
can,20210223,413103.57143
can,20210224,433197.14286
can,20210225,452913.42857
can,20210226,470938.57143
can,20210227,487580.42857
can,20210228,503249.71429
can,20210301,516236.14286
can,20210302,528050.42857
can,20210303,538768.57143
can,20210304,547792.28571
can,20210305,555485.85714
can,20210306,562373.85714
can,20210307,568680
can,20210308,574501.71429
can,20210309,579383.57143
can,20210310,584026.14286
can,20210311,588643.14286
can,20210312,593249.85714
can,20210313,597933.14286
can,20210314,602660.42857
can,20210315,606722.28571
can,20210316,610842
can,20210317,614971.14286
can,20210318,619186.28571
can,20210319,623837.42857
can,20210320,628796.28571
can,20210321,633933.28571
can,20210322,638792.28571
can,20210323,643669.28571
can,20210324,648492.28571
can,20210325,653496.85714
can,20210326,658798.71429
can,20210327,664293.42857
can,20210328,669926.71429
can,20210329,675920
can,20210330,682449
can,20210331,689469.71429
can,20210401,697039.71429
can,20210402,704286.57143
can,20210403,711117.14286
can,20210404,717477.14286
can,20210405,724890.14286
can,20210406,732821.57143
can,20210407,742076
can,20210408,752401.85714
can,20210409,764584.42857
can,20210410,778637.28571
can,20210411,793278.57143
can,20210412,808756
can,20210413,824653.42857
can,20210414,839998.28571
can,20210415,855127
can,20210416,868583.42857
can,20210417,883090.14286
can,20210418,897682.71429
can,20210419,912444.14286
can,20210420,926768.57143
can,20210421,941045.28571
can,20210422,955489.57143
can,20210423,971564.42857
can,20210424,986470
can,20210425,1001970.57143
can,20210426,1015857.28571
can,20210427,1031008.85714
can,20210428,1046568.57143
can,20210429,1062563
can,20210430,1078405
can,20210501,1094710.57143
can,20210502,1111264
can,20210503,1127770.28571
can,20210504,1144150.57143
can,20210505,1160816
can,20210506,1177764.42857
can,20210507,1195829.71429
can,20210508,1214112.85714
can,20210509,1231954.28571
can,20210510,1251148.28571
can,20210511,1270333.71429
can,20210512,1290337.85714
can,20210513,1311201.71429
can,20210514,1333429.14286
can,20210515,1356321.57143
can,20210516,1380250.85714
can,20210517,1403676.14286
can,20210518,1428292
can,20210519,1454678.71429
can,20210520,1483270.71429
can,20210521,1514553.14286
can,20210522,1549414.71429
can,20210523,1585464.85714
can,20210524,1622265.28571
can,20210525,1658332.42857
can,20210526,1696812.85714
can,20210527,1737972.85714
can,20210528,1781654.85714
can,20210529,1828126.14286
can,20210530,1880614.71429
can,20210531,1939618.85714
can,20210601,2007273
can,20210602,2081771
can,20210603,2167258.57143
can,20210604,2266795.14286
can,20210605,2377097.71429
can,20210606,2496039.28571
can,20210607,2627658
can,20210608,2774502
can,20210609,2941069
can,20210610,3130530
can,20210611,3342687.85714
can,20210612,3575822.85714
can,20210613,3828263.71429
can,20210614,4103945.14286
can,20210615,4399754.85714
can,20210616,4713803.57143
can,20210617,5042566
can,20210618,5386870.14286
can,20210619,5740089.71429
can,20210620,6097400.28571
can,20210621,6456020.57143
can,20210622,6825818
can,20210623,7208530.57143
can,20210624,7608456.28571
can,20210625,8012300.57143
can,20210626,8422646.57143
can,20210627,8836928.57143
can,20210628,9293423.42857
can,20210629,9767218
can,20210630,10254283
can,20210701,10726715.42857
can,20210702,11205684.28571
can,20210703,11674761.14286
can,20210704,12139959
can,20210705,12594205.42857
can,20210706,13035518.14286
can,20210707,13463955.71429
can,20210708,13912431.28571
can,20210709,14358656.14286
can,20210710,14805028.14286
can,20210711,15246766.14286
can,20210712,15675086.14286
can,20210713,16094432
can,20210714,16502668.28571
can,20210715,16886798.57143
can,20210716,17255315
can,20210717,17614874.85714
can,20210718,17966317.42857
can,20210719,18308077.85714
can,20210720,18638672.14286
can,20210721,18964003
can,20210722,19281637.57143
can,20210723,19589010
can,20210724,19889126.57143
can,20210725,20185256.57143
can,20210726,20476519
can,20210727,20759667
can,20210728,21027127.42857
can,20210729,21279053.85714
can,20210730,21517343.57143
can,20210731,21746606.57143
can,20210801,21968833.85714
can,20210802,22152812.28571
can,20210803,22336384.42857
can,20210804,22505963.57143
can,20210805,22664728.85714
can,20210806,22812625.14286
can,20210807,22953228.85714
can,20210808,23087925.42857
can,20210809,23232746.57143
can,20210810,23359061.85714
can,20210811,23481228.57143
can,20210812,23598388.85714
can,20210813,23711347.28571
can,20210814,23822602.28571
can,20210815,23933253
can,20210816,24040898.57143
can,20210817,24148292.57143
can,20210818,24253597.42857
can,20210819,24356021.14286
can,20210820,24455236.71429
can,20210821,24551990.42857
can,20210822,24645916
can,20210823,24734051.71429
can,20210824,24818782.71429
can,20210825,24899963.42857
can,20210826,24978645.57143
can,20210827,25055087.14286
can,20210828,25128686
can,20210829,25200674.14286
can,20210830,25271120.28571
can,20210831,25336982.14286
can,20210901,25401830
can,20210902,25462779.28571
can,20210903,25521730.57143
can,20210904,25579525.71429
can,20210905,25635845.57143
can,20210906,25683765.85714
can,20210907,25732805.71429
can,20210908,25779656
can,20210909,25826385.85714
can,20210910,25872153.42857
can,20210911,25917402.71429
can,20210912,25962368.28571
can,20210913,26012208.57143
can,20210914,26059123.42857
can,20210915,26105834.71429
can,20210916,26152549.28571
can,20210917,26199896.71429
can,20210918,26246897.14286
can,20210919,26293766.85714
can,20210920,26342208.71429
can,20210921,26392297.14286
can,20210922,26443189.14286
can,20210923,26495068.42857
can,20210924,26547862
can,20210925,26601419.14286
can,20210926,26656157
can,20210927,26710161.42857
can,20210928,26762758.71429
can,20210929,26815284.42857
can,20210930,26867152.71429
can,20211001,26917268
can,20211002,26966245.71429
can,20211003,27013577.71429
can,20211004,27060567.14286
can,20211005,27107848.71429
can,20211006,27154528.42857
can,20211007,27199581.85714
can,20211008,27244178.85714
can,20211009,27288695.85714
can,20211010,27333308.85714
can,20211011,27371725
can,20211012,27411081.85714
can,20211013,27450606.28571
can,20211014,27491009.14286
can,20211015,27531458.14286
can,20211016,27571143
can,20211017,27610358.28571
can,20211018,27655660
can,20211019,27699059.28571
can,20211020,27742049.28571
can,20211021,27783936.85714
can,20211022,27825595.57143
can,20211023,27866683.57143
can,20211024,27907213.57143
can,20211025,27947955.85714
can,20211026,27989317.57143
can,20211027,28029980.57143
can,20211028,28070229
can,20211029,28109203.42857
can,20211030,28147702
can,20211031,28185885.85714
can,20211101,28221944.57143
can,20211102,28255120.85714
can,20211103,28287454.42857
can,20211104,28319018.57143
can,20211105,28349606.85714
can,20211106,28378667.42857
can,20211107,28407063.28571
can,20211108,28435399
can,20211109,28464189.85714
can,20211110,28493161
can,20211111,28519959.14286
can,20211112,28547456.57143
can,20211113,28575487.57143
can,20211114,28603476
can,20211115,28630143.71429
can,20211116,28657007.57143
can,20211117,28683567.42857
can,20211118,28711700
can,20211119,28738140.71429
can,20211120,28764405.14286
can,20211121,28790004
can,20211122,28815372.85714
can,20211123,28839333.85714
can,20211124,28860352
can,20211125,28880435.42857
can,20211126,28900467.42857
can,20211127,28919945.14286
can,20211128,28939066.57143
can,20211129,28956686.28571
can,20211130,28974155.85714
can,20211201,28993037.28571
can,20211202,29011096
can,20211203,29027963
can,20211204,29044521.28571
can,20211205,29060830.57143
can,20211206,29076894.42857
can,20211207,29092960.85714
can,20211208,29108705.28571
can,20211209,29123366.85714
can,20211210,29137430.71429
can,20211211,29151486.14286
can,20211212,29165402.42857
can,20211213,29178895
can,20211214,29192055.57143
can,20211215,29204534.14286
can,20211216,29216923.85714
can,20211217,29229649.28571
can,20211218,29242221.42857
can,20211219,29254760.42857
can,20211220,29267821.42857
can,20211221,29280239.85714
can,20211222,29293401
can,20211223,29307293.85714
can,20211224,29320407.28571
can,20211225,29332869.14286
can,20211226,29344307.71429
can,20211227,29352901.71429
can,20211228,29361709
can,20211229,29369529.57143
can,20211230,29376736.14286
can,20211231,29384195.42857
can,20220101,29391643.14286
can,20220102,29399217.85714
can,20220103,29407347.57143
can,20220104,29417684.85714
can,20220105,29428467.42857
can,20220106,29440976.14286
can,20220107,29453826.57143
can,20220108,29467853.57143
can,20220109,29483306.85714
can,20220110,29501213.71429
can,20220111,29518352.71429
can,20220112,29535940.42857
can,20220113,29553363
can,20220114,29572174
can,20220115,29591965.85714
can,20220116,29612457
can,20220117,29632518.85714
can,20220118,29651315.85714
can,20220119,29669279.42857
can,20220120,29686265.28571
can,20220121,29704579.14286
can,20220122,29724035.71429
can,20220123,29746225.71429
can,20220124,29769649.85714
can,20220125,29798429.57143
can,20220126,29830493.28571
can,20220127,29866133.28571
can,20220128,29902940.42857
can,20220129,29940530.28571
can,20220130,29979349.85714
can,20220131,30021508.14286
can,20220201,30061406.14286
can,20220202,30102448.85714
can,20220203,30142891.14286
can,20220204,30182921.28571
can,20220205,30222356.71429
can,20220206,30257985.85714
can,20220207,30296758.71429
can,20220208,30334031.85714
can,20220209,30369355.85714
can,20220210,30404585.14286
can,20220211,30440089
can,20220213,30478152.14286
can,20220214,30517148.42857
can,20220215,30550344
can,20220216,30585240.42857
can,20220217,30618513.14286
can,20220218,30651836
can,20220219,30681303.28571
can,20220220,30705737.85714
can,20220221,30727037.14286
can,20220222,30748321.71429
can,20220223,30768606.71429
can,20220224,30787500.71429
can,20220225,30804896
can,20220226,30821899.14286
can,20220227,30838674.71429
can,20220228,30858525
can,20220302,30876287.14286
can,20220304,30893638.57143
can,20220305,30910573.14286
can,20220306,30925180.28571
can,20220307,30940487.42857
can,20220308,30955154.71429
can,20220309,30967864.71429
can,20220310,30978453.71429
can,20220311,30987090.71429
can,20220312,30995706.85714
can,20220313,31004320.85714
can,20220314,31012937.71429
can,20220315,31021808.14286
can,20220316,31030515.42857
can,20220317,31039931
can,20220318,31049205.42857
can,20220319,31058329
can,20220320,31067228.85714
can,20220321,31075456
can,20220322,31083407.28571
can,20220323,31091461.14286
can,20220324,31099024.57143
che,20201221,1
che,20201222,1
che,20201223,1
che,20201224,1
che,20201225,1
che,20201226,1
che,20201227,1
che,20201228,1.57143
che,20201229,2.71429
che,20201230,4.14286
che,20201231,5.71429
che,20210101,7.42857
che,20210102,9.14286
che,20210103,10.85714
che,20210104,12.14286
che,20210105,14.28571
che,20210106,17.14286
che,20210107,22
che,20210108,29.28571
che,20210109,37.28571
che,20210110,45.42857
che,20210111,54.85714
che,20210112,64.28571
che,20210113,91
che,20210114,126
che,20210115,167.28571
che,20210116,208.85714
che,20210117,250.71429
che,20210118,399.57143
che,20210119,648.42857
che,20210120,1010
che,20210121,1444
che,20210122,1939.71429
che,20210123,2448.28571
che,20210124,2958.14286
che,20210125,3568.85714
che,20210126,4445.42857
che,20210127,5474.28571
che,20210128,6805.42857
che,20210129,8486.85714
che,20210130,10276.42857
che,20210131,12064.71429
che,20210201,14253.71429
che,20210202,16887.14286
che,20210203,19997.14286
che,20210204,23730.71429
che,20210205,28049.28571
che,20210206,32464.71429
che,20210207,36918.71429
che,20210208,41977.57143
che,20210209,47806.71429
che,20210210,54324
che,20210211,61429.85714
che,20210212,68979.28571
che,20210213,76816.85714
che,20210214,84687.85714
che,20210215,92625.57143
che,20210216,100737.14286
che,20210217,109332.42857
che,20210218,118710
che,20210219,128738.71429
che,20210220,138908.71429
che,20210221,149126.28571
che,20210222,159908.71429
che,20210223,171314.28571
che,20210224,183384.14286
che,20210225,195828.71429
che,20210226,208482.14286
che,20210227,221111.28571
che,20210228,233817.14286
che,20210301,246338.42857
che,20210302,258517.28571
che,20210303,270371.57143
che,20210304,281752.14286
che,20210305,292858
che,20210306,303745.42857
che,20210307,314569
che,20210308,325202.57143
che,20210309,335646.28571
che,20210310,345415.42857
che,20210311,354745.42857
che,20210312,363676.14286
che,20210313,372521.28571
che,20210314,381299.71429
che,20210315,390060.71429
che,20210316,398913.42857
che,20210317,408407
che,20210318,418356
che,20210319,428512.85714
che,20210320,438753
che,20210321,448983.14286
che,20210322,459345.42857
che,20210323,469744.57143
che,20210324,479876.85714
che,20210325,489669.42857
che,20210326,499425.42857
che,20210327,509142
che,20210328,518903.85714
che,20210329,528813.14286
che,20210330,538646.42857
che,20210331,548602.85714
che,20210401,559118.57143
che,20210402,568452.42857
che,20210403,577780.57143
che,20210404,587104
che,20210405,595004.57143
che,20210406,603761.14286
che,20210407,613286.85714
che,20210408,623355.57143
che,20210409,635324.85714
che,20210410,647541.42857
che,20210411,659846
che,20210412,673696.42857
che,20210413,687185
che,20210414,700227.85714
che,20210415,712653.28571
che,20210416,724870.42857
che,20210417,737019.42857
che,20210418,749115.85714
che,20210419,761516.85714
che,20210420,774370.42857
che,20210421,787757.14286
che,20210422,802131.71429
che,20210423,817109.14286
che,20210424,832458.42857
che,20210425,848056.57143
che,20210426,864232.57143
che,20210427,881107.14286
che,20210428,898142.85714
che,20210429,915083.28571
che,20210430,930913.71429
che,20210501,946399.14286
che,20210502,961647.57143
che,20210503,975638.28571
che,20210504,989185.85714
che,20210505,1003451.28571
che,20210506,1018929.14286
che,20210507,1037005.57143
che,20210508,1056042
che,20210509,1075417.14286
che,20210510,1098181.14286
che,20210511,1123681
che,20210512,1151512
che,20210513,1177041
che,20210514,1203407.57143
che,20210515,1230131.71429
che,20210516,1256998.57143
che,20210517,1284977.42857
che,20210518,1314049.14286
che,20210519,1343657.28571
che,20210520,1378526.85714
che,20210521,1414772.42857
che,20210522,1451567.14286
che,20210523,1488609.14286
che,20210524,1522476.28571
che,20210525,1556940.71429
che,20210526,1592379.14286
che,20210527,1627792.71429
che,20210528,1664341
che,20210529,1702237.71429
che,20210530,1740831.14286
che,20210531,1783718.85714
che,20210601,1826900.14286
che,20210602,1870291
che,20210603,1913296.57143
che,20210604,1956644
che,20210605,2000553
che,20210606,2044641.42857
che,20210607,2088821.42857
che,20210608,2133424.57143
che,20210609,2178064.14286
che,20210610,2222072
che,20210611,2265131.71429
che,20210612,2308204
che,20210613,2351709.57143
che,20210614,2394530.71429
che,20210615,2436735.42857
che,20210616,2478867.42857
che,20210617,2522869.42857
che,20210618,2567969.14286
che,20210619,2613076.14286
che,20210620,2657725.14286
che,20210621,2702342.85714
che,20210622,2746993.28571
che,20210623,2791542.71429
che,20210624,2835764
che,20210625,2879506.14286
che,20210626,2922967.42857
che,20210627,2966682.57143
che,20210628,3011216.71429
che,20210629,3056172
che,20210630,3102254.85714
che,20210701,3148144.85714
che,20210702,3194283.85714
che,20210703,3241780.85714
che,20210704,3289078.28571
che,20210705,3337239
che,20210706,3385383.28571
che,20210707,3432584.42857
che,20210708,3480367.71429
che,20210709,3528362
che,20210710,3576064.14286
che,20210711,3623493.14286
che,20210712,3670972.14286
che,20210713,3718374.85714
che,20210714,3764866
che,20210715,3809898.85714
che,20210716,3853485.42857
che,20210717,3895843.57143
che,20210718,3937706
che,20210719,3978818
che,20210720,4018121.71429
che,20210721,4055678
che,20210722,4091159.14286
che,20210723,4124966.85714
che,20210724,4157754.57143
che,20210725,4190113.57143
che,20210726,4219345.57143
che,20210727,4245945.42857
che,20210728,4270230.28571
che,20210729,4292575.71429
che,20210730,4312710.28571
che,20210731,4330977.14286
che,20210801,4348826.14286
che,20210802,4364420
che,20210803,4379051.14286
che,20210804,4392786
che,20210805,4405864.71429
che,20210806,4418522.71429
che,20210807,4430912.28571
che,20210808,4443228.71429
che,20210809,4455461.28571
che,20210810,4467121.42857
che,20210811,4478823.71429
che,20210812,4490375.85714
che,20210813,4501708.57143
che,20210814,4512991.28571
che,20210815,4524227.42857
che,20210816,4535425.57143
che,20210817,4546495.28571
che,20210818,4557561
che,20210819,4568354.71429
che,20210820,4579268
che,20210821,4590214.85714
che,20210822,4601182.28571
che,20210823,4611862.42857
che,20210824,4622434.85714
che,20210825,4632907.42857
che,20210826,4643438.28571
che,20210827,4653853.71429
che,20210828,4664445.57143
che,20210829,4675046.71429
che,20210830,4685290.42857
che,20210831,4695188.42857
che,20210901,4704806.71429
che,20210902,4714127.71429
che,20210903,4723045.71429
che,20210904,4731865.71429
che,20210905,4740687.42857
che,20210906,4749540.28571
che,20210907,4758493.71429
che,20210908,4767588.28571
che,20210909,4776836.71429
che,20210910,4786686.85714
che,20210911,4796958.28571
che,20210912,4807293.85714
che,20210913,4817958
che,20210914,4828978.28571
che,20210915,4840484
che,20210916,4852538.28571
che,20210917,4865007
che,20210918,4877645.28571
che,20210919,4890257
che,20210920,4902986.42857
che,20210921,4915862.85714
che,20210922,4928725.42857
che,20210923,4941791
che,20210924,4955002.57143
che,20210925,4968665.42857
che,20210926,4982406.28571
che,20210927,4996578.71429
che,20210928,5010708.42857
che,20210929,5025152.57143
che,20210930,5039608.85714
che,20211001,5054122.28571
che,20211002,5068395
che,20211003,5082773.14286
che,20211004,5097393
che,20211005,5112374.28571
che,20211006,5127642.42857
che,20211007,5143269.85714
che,20211008,5159543.42857
che,20211009,5176385.14286
che,20211010,5193285.14286
che,20211011,5210499.28571
che,20211012,5228193
che,20211013,5246634.71429
che,20211014,5265459
che,20211015,5284613.28571
che,20211016,5303560.85714
che,20211017,5322364.28571
che,20211018,5341033.85714
che,20211019,5359585.14286
che,20211020,5377538.42857
che,20211021,5394886.28571
che,20211022,5411112.14286
che,20211023,5426969.28571
che,20211024,5442801.57143
che,20211025,5457847
che,20211026,5472099.57143
che,20211027,5485410.14286
che,20211028,5497808
che,20211029,5509422.85714
che,20211030,5520295.85714
che,20211031,5531051.28571
che,20211101,5540873.42857
che,20211102,5550093.57143
che,20211103,5558675.28571
che,20211104,5566664.57143
che,20211105,5574051.28571
che,20211106,5581326.14286
che,20211107,5588575.71429
che,20211108,5595943.57143
che,20211109,5603002.14286
che,20211110,5609808.42857
che,20211111,5616473.14286
che,20211112,5622954.71429
che,20211113,5629427
che,20211114,5635919.42857
che,20211115,5642163.14286
che,20211116,5648103.28571
che,20211117,5653708.85714
che,20211118,5659082.42857
che,20211119,5664113
che,20211120,5668910.85714
che,20211121,5673696.42857
che,20211122,5678331.85714
che,20211123,5682834.28571
che,20211124,5687213.57143
che,20211125,5691430.42857
che,20211126,5695481.42857
che,20211127,5699455.85714
che,20211128,5703431.42857
che,20211129,5707292.71429
che,20211130,5711173
che,20211201,5715015.14286
che,20211202,5718837.14286
che,20211203,5722647.28571
che,20211204,5726502
che,20211205,5730366.28571
che,20211206,5734382.14286
che,20211207,5738479.57143
che,20211208,5742613.85714
che,20211209,5746868.71429
che,20211210,5751268.14286
che,20211211,5755675.14286
che,20211212,5760097.28571
che,20211213,5764574.85714
che,20211214,5769010.57143
che,20211215,5773451.14286
che,20211216,5777860.28571
che,20211217,5782130.85714
che,20211218,5786376.28571
che,20211219,5790631.14286
che,20211220,5794848.14286
che,20211221,5799060.28571
che,20211222,5803189.14286
che,20211223,5807120.42857
che,20211224,5810316.71429
che,20211225,5813046.71429
che,20211226,5815695.42857
che,20211227,5818262.28571
che,20211228,5820709.28571
che,20211229,5822956.14286
che,20211230,5825076.57143
che,20211231,5827164.42857
che,20220101,5829249.71429
che,20220102,5831337.14286
che,20220103,5833547.71429
che,20220104,5835960.28571
che,20220105,5838618.57143
che,20220106,5841620.14286
che,20220107,5845346.14286
che,20220108,5849523.71429
che,20220109,5853785.57143
che,20220110,5857951.71429
che,20220111,5862027.71429
che,20220112,5866016
che,20220113,5869934.28571
che,20220114,5873795
che,20220115,5877602.42857
che,20220116,5881396.28571
che,20220117,5885063.71429
che,20220118,5888592
che,20220119,5892005.85714
che,20220120,5895262.85714
che,20220121,5898193.57143
che,20220122,5900935
che,20220123,5903636.14286
che,20220124,5906145
che,20220125,5908468.28571
che,20220126,5910612.42857
che,20220127,5912576.85714
che,20220128,5914471.28571
che,20220129,5916340.14286
che,20220130,5918198.42857
che,20220131,5920031.71429
che,20220201,5921826.42857
che,20220202,5923717
che,20220203,5925639.42857
che,20220204,5927614.28571
che,20220205,5929923.42857
che,20220206,5932356
che,20220207,5934818.14286
che,20220208,5937313
che,20220209,5939949.85714
che,20220210,5942596.57143
che,20220211,5945198.71429
che,20220212,5947886.57143
che,20220213,5950659.14286
che,20220214,5953372.42857
che,20220215,5956030
che,20220216,5958558.85714
che,20220217,5961018.28571
che,20220218,5963369.28571
che,20220219,5965529
che,20220220,5967600
che,20220221,5969596.28571
che,20220222,5971522.42857
che,20220223,5973309.71429
che,20220224,5974992.85714
che,20220225,5976611.28571
che,20220226,5978045
che,20220227,5979349.57143
che,20220228,5980607.28571
che,20220301,5981785.42857
che,20220302,5982832.57143
che,20220303,5983783
che,20220304,5984648.42857
che,20220305,5985366.57143
che,20220306,5986083.71429
che,20220307,5986707.71429
che,20220308,5987287.57143
che,20220309,5987821.57143
che,20220310,5988331.71429
che,20220311,5988827.71429
che,20220312,5989293.71429
che,20220313,5989744.28571
che,20220314,5990175.71429
che,20220315,5990598.42857
che,20220316,5990975
che,20220317,5991333
che,20220318,5991655.42857
che,20220319,5991961.28571
che,20220320,5992267.14286
che,20220321,5992570.42857
che,20220322,5992857.71429
che,20220323,5993114.71429
che,20220324,5993367.28571
chl,20210113,1032
chl,20210114,3430.5
chl,20210115,5055
chl,20210116,5884
chl,20210117,6381.4
chl,20210118,6713
chl,20210119,6950
chl,20210120,7998.57143
chl,20210121,8361.85714
chl,20210122,8372.14286
chl,20210123,8372.85714
chl,20210124,8373.57143
chl,20210125,8574.71429
chl,20210126,8860.71429
chl,20210127,9151.57143
chl,20210128,9442.42857
chl,20210129,9733.42857
chl,20210130,10024.42857
chl,20210131,10315.57143
chl,20210201,10406.28571
chl,20210202,10412.85714
chl,20210203,10414.57143
chl,20210204,10717.42857
chl,20210205,11115.28571
chl,20210206,11513.85714
chl,20210207,11912.71429
chl,20210208,13994.85714
chl,20210209,18846
chl,20210210,24889.71429
chl,20210211,31045
chl,20210212,37134.57143
chl,20210213,43228.14286
chl,20210214,49321.28571
chl,20210215,53731.14286
chl,20210216,55372.85714
chl,20210217,55822
chl,20210218,55858.57143
chl,20210219,55865.28571
chl,20210220,55867.28571
chl,20210221,55869.28571
chl,20210222,55874.42857
chl,20210223,55883.57143
chl,20210224,55917.57143
chl,20210225,55972.14286
chl,20210226,56043.42857
chl,20210227,56115.28571
chl,20210228,56187.14286
chl,20210301,56314.57143
chl,20210302,58210.57143
chl,20210303,82102.28571
chl,20210304,129672.28571
chl,20210305,200335.42857
chl,20210306,274448.28571
chl,20210307,349547
chl,20210308,455181.28571
chl,20210309,592986.57143
chl,20210310,746722.28571
chl,20210311,911866.57143
chl,20210312,1085794.28571
chl,20210313,1260013.85714
chl,20210314,1433796
chl,20210315,1615920.14286
chl,20210316,1798916.57143
chl,20210317,1974834.57143
chl,20210318,2142248
chl,20210319,2299886.42857
chl,20210320,2455357
chl,20210321,2610446.57143
chl,20210322,2744036.71429
chl,20210323,2855763.85714
chl,20210324,2945882.71429
chl,20210325,3017296.85714
chl,20210326,3073903
chl,20210327,3129328.14286
chl,20210328,3184646.42857
chl,20210329,3239038.57143
chl,20210330,3301157.42857
chl,20210331,3375914.14286
chl,20210401,3466865.28571
chl,20210402,3551249.42857
chl,20210403,3635433
chl,20210404,3719622.85714
chl,20210405,3816588
chl,20210406,3913839.57143
chl,20210407,4008973.14286
chl,20210408,4103284.85714
chl,20210409,4218017.85714
chl,20210410,4334679.14286
chl,20210411,4451467.28571
chl,20210412,4561686.71429
chl,20210413,4673856.85714
chl,20210414,4787713.42857
chl,20210415,4899017
chl,20210416,5008578.42857
chl,20210417,5118075.28571
chl,20210418,5227630.85714
chl,20210419,5336081.57143
chl,20210420,5443078.57143
chl,20210421,5549540
chl,20210422,5655919
chl,20210423,5763431.42857
chl,20210424,5870594.42857
chl,20210425,5977604
chl,20210426,6084965.42857
chl,20210427,6189807
chl,20210428,6291677
chl,20210429,6390720.28571
chl,20210430,6474493.42857
chl,20210501,6556732.57143
chl,20210502,6638967.85714
chl,20210503,6710090.14286
chl,20210504,6774938.85714
chl,20210505,6835217.42857
chl,20210506,6888656.14286
chl,20210507,6945948.42857
chl,20210508,7004241.57143
chl,20210509,7062503.28571
chl,20210510,7119991.57143
chl,20210511,7177013.14286
chl,20210512,7231867.71429
chl,20210513,7284431.14286
chl,20210514,7335901.28571
chl,20210515,7386255.85714
chl,20210516,7436571.42857
chl,20210517,7483547
chl,20210518,7525147.85714
chl,20210519,7561427
chl,20210520,7598091.14286
chl,20210521,7626906.42857
chl,20210522,7656562
chl,20210523,7686277.14286
chl,20210524,7718002.14286
chl,20210525,7751040
chl,20210526,7785091.85714
chl,20210527,7815272.85714
chl,20210528,7851111.57143
chl,20210529,7886880
chl,20210530,7922703.42857
chl,20210531,7958324.42857
chl,20210601,7997531.42857
chl,20210602,8043418.57143
chl,20210603,8099581.57143
chl,20210604,8164593.57143
chl,20210605,8232061.14286
chl,20210606,8299822.42857
chl,20210607,8377272.85714
chl,20210608,8460801.85714
chl,20210609,8547468.42857
chl,20210610,8633934.57143
chl,20210611,8719763.71429
chl,20210612,8803709.71429
chl,20210613,8887315.14286
chl,20210614,8969365.57143
chl,20210615,9051578
chl,20210616,9134403.14286
chl,20210617,9218130.42857
chl,20210618,9294345.85714
chl,20210619,9372043.28571
chl,20210620,9449957.28571
chl,20210621,9512969.14286
chl,20210622,9587939
chl,20210623,9670742.85714
chl,20210624,9766653.71429
chl,20210625,9880758.14286
chl,20210626,9997961.57143
chl,20210627,10115518.57143
chl,20210628,10231924.28571
chl,20210629,10348358.14286
chl,20210630,10462046.42857
chl,20210701,10560173.85714
chl,20210702,10644474.57143
chl,20210703,10726001.57143
chl,20210704,10807225.28571
chl,20210705,10903189.71429
chl,20210706,10981600
chl,20210707,11050210.71429
chl,20210708,11119206.85714
chl,20210709,11189994.28571
chl,20210710,11260925
chl,20210711,11331884.85714
chl,20210712,11406158.14286
chl,20210713,11482886.71429
chl,20210714,11562447.14286
chl,20210715,11641613.28571
chl,20210716,11708453
chl,20210717,11773934.71429
chl,20210718,11839214.71429
chl,20210719,11896644.42857
chl,20210720,11952695.71429
chl,20210721,12003498.85714
chl,20210722,12046682.57143
chl,20210723,12097761.14286
chl,20210724,12148502.85714
chl,20210725,12199187
chl,20210726,12244949.14286
chl,20210727,12283211.71429
chl,20210728,12315274
chl,20210729,12352926.85714
chl,20210730,12392080.71429
chl,20210731,12431029.85714
chl,20210801,12469912.14286
chl,20210802,12506418.14286
chl,20210803,12540698.14286
chl,20210804,12579530.28571
chl,20210805,12612840.71429
chl,20210806,12640905.28571
chl,20210807,12667650.85714
chl,20210808,12694337.85714
chl,20210809,12720562.57143
chl,20210810,12745857
chl,20210811,12779436.42857
chl,20210812,12818217.85714
chl,20210813,12859494.28571
chl,20210814,12900784
chl,20210815,12942098.71429
chl,20210816,12983553.57143
chl,20210817,13026027.14286
chl,20210818,13062843
chl,20210819,13096981.85714
chl,20210820,13132159.14286
chl,20210821,13167617.71429
chl,20210822,13203164
chl,20210823,13239754
chl,20210824,13275753
chl,20210825,13303030.85714
chl,20210826,13333228.42857
chl,20210827,13363087.42857
chl,20210828,13392832.28571
chl,20210829,13422541.42857
chl,20210830,13459607.57143
chl,20210831,13506939.42857
chl,20210901,13556737.28571
chl,20210902,13598459.57143
chl,20210903,13635038
chl,20210904,13671423.14286
chl,20210905,13707750.28571
chl,20210906,13741268.28571
chl,20210907,13770308.14286
chl,20210908,13796680.57143
chl,20210909,13821193.85714
chl,20210910,13844483.14286
chl,20210911,13867740.71429
chl,20210912,13890984
chl,20210913,13911126.42857
chl,20210914,13927948.28571
chl,20210915,13944824
chl,20210916,13961248.71429
chl,20210917,13976317.42857
chl,20210918,13991300.14286
chl,20210919,14006275.14286
chl,20210920,14018894.28571
chl,20210921,14029294.28571
chl,20210922,14039935.14286
chl,20210923,14050978
chl,20210924,14063404.85714
chl,20210925,14075887.14286
chl,20210926,14088377.57143
chl,20210927,14100084
chl,20210928,14111175.14286
chl,20210929,14121360.14286
chl,20210930,14131204.42857
chl,20211001,14140771.71429
chl,20211002,14150333.71429
chl,20211003,14159898.85714
chl,20211004,14169108.85714
chl,20211005,14177697.57143
chl,20211006,14185701.42857
chl,20211007,14193313.14286
chl,20211008,14200627.28571
chl,20211009,14207931.42857
chl,20211010,14215227
chl,20211011,14220358
chl,20211012,14232599.28571
chl,20211013,14251407.57143
chl,20211014,14273979.42857
chl,20211015,14298341.57143
chl,20211016,14322723.14286
chl,20211017,14347107
chl,20211018,14378183.71429
chl,20211019,14407675
chl,20211020,14438332.85714
chl,20211021,14471270.71429
chl,20211022,14509538.14286
chl,20211023,14547922.57143
chl,20211024,14586310.57143
chl,20211025,14629228.85714
chl,20211026,14677872.14286
chl,20211027,14732222.42857
chl,20211028,14794083
chl,20211029,14861037.42857
chl,20211030,14928423.28571
chl,20211031,14995837
chl,20211101,15052062
chl,20211102,15108192.14286
chl,20211103,15162417
chl,20211104,15213789.71429
chl,20211105,15262226.14286
chl,20211106,15310658.71429
chl,20211107,15359084.42857
chl,20211108,15413557.71429
chl,20211109,15463054.71429
chl,20211110,15508112.71429
chl,20211111,15549411.57143
chl,20211112,15587442.85714
chl,20211113,15625409.28571
chl,20211114,15663383
chl,20211115,15701866
chl,20211116,15738553.57143
chl,20211117,15773127.42857
chl,20211118,15805269
chl,20211119,15835142.42857
chl,20211120,15864781.14286
chl,20211121,15894401.28571
chl,20211122,15921859.85714
chl,20211123,15947553.14286
chl,20211124,15971803.71429
chl,20211125,15995105.85714
chl,20211126,16017928.57143
chl,20211127,16040870.57143
chl,20211128,16063834.14286
chl,20211129,16085185
chl,20211130,16105584.71429
chl,20211201,16124805
chl,20211202,16142891.14286
chl,20211203,16160004.28571
chl,20211204,16177033.71429
chl,20211205,16194056.71429
chl,20211206,16211647.42857
chl,20211207,16228676.71429
chl,20211208,16242303
chl,20211209,16256019.42857
chl,20211210,16269525.14286
chl,20211211,16283074.57143
chl,20211212,16296637.14286
chl,20211213,16310046.14286
chl,20211214,16323083.57143
chl,20211215,16338823.14286
chl,20211216,16353548.42857
chl,20211217,16367453.57143
chl,20211218,16381229.85714
chl,20211219,16394980.14286
chl,20211220,16407606.14286
chl,20211221,16419291.57143
chl,20211222,16430044.28571
chl,20211223,16439864.71429
chl,20211224,16447969
chl,20211225,16455816.28571
chl,20211226,16463659.14286
chl,20211227,16471628.28571
chl,20211228,16479965.71429
chl,20211229,16488835.71429
chl,20211230,16498397.42857
chl,20211231,16508104.28571
chl,20220101,16517811.85714
chl,20220102,16527510.57143
chl,20220103,16537314.28571
chl,20220104,16547236
chl,20220105,16556623.57143
chl,20220106,16567827.71429
chl,20220107,16582632.42857
chl,20220108,16597738.85714
chl,20220109,16612866.42857
chl,20220110,16629848.14286
chl,20220111,16648125.14286
chl,20220112,16668005.71429
chl,20220113,16687176.57143
chl,20220114,16705271.28571
chl,20220115,16723339.42857
chl,20220116,16741392.57143
chl,20220117,16758496.85714
chl,20220118,16774376
chl,20220119,16789587.14286
chl,20220120,16803672
chl,20220121,16816337.57143
chl,20220122,16828874.28571
chl,20220123,16841406.57143
chl,20220124,16852994.71429
chl,20220125,16864335.28571
chl,20220126,16875154.71429
chl,20220127,16885874.14286
chl,20220128,16896537.71429
chl,20220129,16907178.28571
chl,20220130,16917819.28571
chl,20220131,16928452.57143
chl,20220201,16938927.14286
chl,20220202,16949350.85714
chl,20220203,16959766.42857
chl,20220204,16970659.57143
chl,20220205,16981573.57143
chl,20220206,16992492.14286
chl,20220207,17003441.28571
chl,20220208,17014447.57143
chl,20220209,17025299.71429
chl,20220210,17035994.85714
chl,20220211,17046370.57143
chl,20220212,17056744
chl,20220213,17067118.14286
chl,20220214,17076960.57143
chl,20220215,17086304
chl,20220216,17095476.85714
chl,20220217,17104526.57143
chl,20220218,17113564.71429
chl,20220219,17122591.85714
chl,20220220,17131610.57143
chl,20220221,17140762.71429
chl,20220222,17150129.71429
chl,20220223,17159432.28571
chl,20220224,17168821.85714
chl,20220225,17178315.57143
chl,20220226,17187837.85714
chl,20220227,17197364.14286
chl,20220228,17207180.14286
chl,20220301,17216895
chl,20220302,17226059.28571
chl,20220303,17234530.57143
chl,20220304,17242602.14286
chl,20220305,17250658.42857
chl,20220306,17258712.85714
chl,20220307,17265574.14286
chl,20220308,17271467.85714
chl,20220309,17277035.71429
chl,20220310,17282303.57143
chl,20220311,17287301.57143
chl,20220312,17292292.28571
chl,20220313,17297282.42857
chl,20220314,17302076.71429
chl,20220315,17306755.28571
chl,20220316,17311272.57143
chl,20220317,17315648.71429
chl,20220318,17319836.85714
chl,20220319,17323999.14286
chl,20220320,17328158.85714
chl,20220321,17332287
chl,20220322,17336089.85714
chn,20210812,777046000
chn,20210826,833242500
chn,20210906,878735000
chn,20210915,911947250
chn,20210918,933999200
chn,20210928,952978000
chn,20211023,969355571.42857
chn,20211029,1011261285.71429
chn,20211105,1037406285.71429
chn,20211112,1052281285.71429
chn,20211119,1061527571.42857
chn,20211129,1074141714.28571
chn,20211203,1085160000
chn,20211210,1098712428.57143
chn,20211217,1115270000
chn,20211219,1132557428.57143
chn,20211225,1151059857.14286
chn,20211228,1169789142.85714
chn,20220106,1184431142.85714
chn,20220107,1197413714.28571
chn,20220114,1205713142.85714
chn,20220121,1211164714.28571
chn,20220128,1216010571.42857
chn,20220207,1219578857.14286
chn,20220218,1223168857.14286
chn,20220225,1226246000
chn,20220314,1229573571.42857
chn,20220317,1232285857.14286
chn,20220318,1234465285.71429
chn,20220321,1236326142.85714
civ,20210910,273400
civ,20211006,421209.5
civ,20211011,483386
civ,20211015,537907.5
civ,20211019,584315
civ,20211024,627040.83333
civ,20211028,663181.71429
civ,20211031,755392
civ,20211104,813878
civ,20211109,877680.42857
civ,20211114,945522.42857
civ,20211205,1036738.85714
civ,20211212,1131776.85714
civ,20211231,1314981.28571
civ,20220114,1511598.85714
civ,20220118,1702587
civ,20220127,1892317.85714
civ,20220211,2156946
civ,20220220,2490939.42857
civ,20220305,2848183.28571
civ,20220308,3136133.28571
civ,20220314,3411139.85714
cmr,20210512,903
cmr,20210518,1342.5
cmr,20210521,2044.33333
cmr,20210524,2804
cmr,20210526,3892.4
cmr,20210531,5212.16667
cmr,20210608,6500.28571
cmr,20210610,8684.71429
cmr,20210614,10868.57143
cmr,20210620,13057.28571
cmr,20210624,15212.85714
cmr,20210628,17176.42857
cmr,20210712,19748.14286
cmr,20210719,24666.57143
cmr,20210724,29374
cmr,20210726,34348.14286
cmr,20210803,39646
cmr,20210809,45595.42857
cmr,20210816,52180.28571
cmr,20210820,58223
cmr,20210823,61911.28571
cmr,20210827,66083.57143
cmr,20210830,69938.14286
cmr,20210906,73404
cmr,20210912,76108.28571
cmr,20210917,78098.57143
cmr,20210922,79682.85714
cmr,20210927,80959.14286
cmr,20210929,81806.57143
cmr,20211006,82641.85714
cmr,20211011,91267.42857
cmr,20211014,100127.71429
cmr,20211018,109967.28571
cmr,20211023,120329.57143
cmr,20211027,131385.71429
cmr,20211101,142669.14286
cmr,20211104,154354.85714
cmr,20211111,158470
cmr,20211112,163192.71429
cmr,20211118,178774.71429
cmr,20211122,228653.85714
cmr,20211124,286521.42857
cmr,20211129,348242.57143
cmr,20211206,412112.57143
cmr,20211214,477504.85714
cmr,20211228,546620.85714
cmr,20220114,604242.14286
cmr,20220215,647424.42857
cmr,20220222,682256.14286
cmr,20220301,713362.85714
cmr,20220309,741923.28571
cod,20210719,2513
cod,20210724,2513
cod,20210803,3095.33333
cod,20210809,3386.5
cod,20210820,3688.6
cod,20210823,4052.33333
cod,20210827,5067.14286
cod,20210831,6813.42857
cod,20210905,9032.57143
cod,20210911,12060
cod,20210920,16268.28571
cod,20210930,20748
cod,20211019,25150.57143
cod,20211025,29007.57143
cod,20211029,32354.14286
cod,20211103,35397.57143
cod,20211109,37444.42857
cod,20211111,39026
cod,20211116,40356.71429
cod,20211122,41723.42857
cod,20211124,43846
cod,20211129,46418
cod,20211201,48977.57143
cod,20211207,53058.28571
cod,20211210,57643.85714
cod,20211214,63093.57143
cod,20211216,68723.42857
cod,20211222,75104.42857
cod,20211228,82215.57143
cod,20211229,90869.28571
cod,20220105,99865.14286
cod,20220113,111785
cod,20220120,123594.57143
cod,20220127,141349.42857
cod,20220129,157543
cod,20220209,178679.42857
cod,20220215,210328
cod,20220222,251673.85714
cod,20220228,292050.71429
cog,20210729,66027
cog,20210812,80535
cog,20210819,87566
cog,20210825,92043.25
cog,20210909,95758.8
cog,20210915,98460
cog,20210922,100729.14286
cog,20210930,107874
cog,20211007,111199.28571
cog,20211014,113765.85714
cog,20211021,115864.71429
cog,20211104,117879
cog,20211110,119803.14286
cog,20211118,121592.14286
cog,20211124,123434.28571
cog,20211202,125061.57143
cog,20211209,127398.71429
cog,20211228,193604.71429
cog,20220214,266534.14286
cog,20220311,340045.85714
cok,20210608,29
cok,20210615,1347
cok,20210621,3545.66667
cok,20210629,4956
cok,20210720,5880.4
cok,20210831,6740.33333
cok,20211005,7367.71429
cok,20211018,8962.42857
cok,20211108,10256.85714
cok,20211220,10907.57143
cok,20220104,11396.57143
cok,20220118,11832.57143
cok,20220214,12070
cok,20220221,12304.42857
cok,20220228,12531.14286
cok,20220307,12682.71429
cok,20220314,12931.71429
cok,20220321,13177.85714
col,20210313,33242
col,20210314,36395
col,20210315,39252.33333
col,20210316,41241.75
col,20210317,43617
col,20210318,45329.5
col,20210319,46591.28571
col,20210320,49632.14286
col,20210321,52246.57143
col,20210322,54440.42857
col,20210323,56671.71429
col,20210324,59694
col,20210325,68726.14286
col,20210326,82147
col,20210327,99509.85714
col,20210328,119002.28571
col,20210329,143025.42857
col,20210330,171579.42857
col,20210331,201835.57143
col,20210401,232955.28571
col,20210402,263833.14286
col,20210403,294565.28571
col,20210404,324265.85714
col,20210405,352130.14286
col,20210407,392105.85714
col,20210408,442678.71429
col,20210409,501151.71429
col,20210410,564656.28571
col,20210412,639451.14286
col,20210413,726232.85714
col,20210414,815435.57143
col,20210416,894195
col,20210417,964992.85714
col,20210418,1023727.85714
col,20210419,1077944.71429
col,20210420,1123245.71429
col,20210421,1161991.28571
col,20210422,1200890.71429
col,20210423,1238524.71429
col,20210424,1275141.42857
col,20210425,1311733.14286
col,20210427,1352884.57143
col,20210428,1391936.14286
col,20210429,1429853.28571
col,20210430,1473679.14286
col,20210501,1522704.85714
col,20210502,1576147.85714
col,20210507,1693818.14286
col,20210510,1831619.85714
col,20210511,1978495.57143
col,20210512,2130816.28571
col,20210513,2283119.42857
col,20210515,2443393.71429
col,20210516,2599317.57143
col,20210517,2692248
col,20210518,2766235.85714
col,20210519,2833078.85714
col,20210520,2895434
col,20210522,2954900.57143
col,20210523,2998489.42857
col,20210524,3039908.14286
col,20210525,3081029.28571
col,20210526,3114880.42857
col,20210529,3152134.85714
col,20210530,3184251
col,20210531,3210512
col,20210601,3237210
col,20210602,3264518.57143
col,20210603,3292469.71429
col,20210604,3322053.85714
col,20210605,3346449.42857
col,20210606,3371687.42857
col,20210607,3397110.28571
col,20210608,3428639.14286
col,20210609,3465125
col,20210611,3517451.85714
col,20210612,3574204.28571
col,20210613,3631005.28571
col,20210614,3691762.71429
col,20210617,3813898.28571
col,20210619,3974041.42857
col,20210620,4143717.14286
col,20210621,4321179.71429
col,20210622,4519619.57143
col,20210623,4741159
col,20210624,4982706.57143
col,20210625,5187184
col,20210626,5371789.28571
col,20210627,5565427.71429
col,20210628,5766232.28571
col,20210629,5975581.85714
col,20210630,6192029.85714
col,20210701,6411276.57143
col,20210702,6630600.85714
col,20210703,6843247.42857
col,20210704,7041100.28571
col,20210705,7218339.85714
col,20210707,7419200
col,20210710,7620551.71429
col,20210711,7890677.57143
col,20210712,8160064.85714
col,20210714,8473615.71429
col,20210715,8809878
col,20210717,9185730.85714
col,20210718,9511391.85714
col,20210719,9821419.71429
col,20210720,10044851.14286
col,20210722,10289220.28571
col,20210723,10490827.28571
col,20210725,10696765
col,20210726,10868559.57143
col,20210728,11071311.42857
col,20210729,11273621.57143
col,20210731,11505452.85714
col,20210801,11700275.42857
col,20210802,11890875.71429
col,20210803,12065802
col,20210804,12243356.57143
col,20210805,12399787.71429
col,20210807,12584161.57143
col,20210808,12732985.42857
col,20210809,12884511
col,20210810,13031110.57143
col,20210811,13168615
col,20210812,13295704.71429
col,20210813,13413053.14286
col,20210814,13493973
col,20210815,13573220
col,20210817,13654246.85714
col,20210818,13733494.57143
col,20210819,13811825.71429
col,20210820,13892821.42857
col,20210821,13968945.57143
col,20210822,14040491.14286
col,20210823,14118705.57143
col,20210824,14191548.28571
col,20210825,14261643.57143
col,20210827,14338673.42857
col,20210828,14407553.14286
col,20210829,14471009.57143
col,20210830,14533262.28571
col,20210831,14590389.42857
col,20210902,14644750.42857
col,20210903,14705356.42857
col,20210904,14751072
col,20210909,14884409.42857
col,20210910,15035800.85714
col,20210912,15187283.14286
col,20210913,15343664.71429
col,20210914,15505282.42857
col,20210915,15661731.14286
col,20210917,15830916.28571
col,20210918,15911550.14286
col,20210919,15975369.28571
col,20210920,16043596.14286
col,20210922,16120105.85714
col,20210923,16194572.14286
col,20210925,16276066
col,20210926,16360049.42857
col,20210927,16456419.71429
col,20210929,16566441.57143
col,20211001,16706921.57143
col,20211004,16869917
col,20211006,17075896.57143
col,20211007,17298453
col,20211008,17530537.42857
col,20211009,17771943.71429
col,20211010,18009658.57143
col,20211011,18239425.85714
col,20211012,18455654
col,20211013,18646246.14286
col,20211014,18828305.14286
col,20211015,18980017.85714
col,20211017,19154757.28571
col,20211018,19323243.42857
col,20211022,19546091.85714
col,20211023,19759046.14286
col,20211024,19957188.14286
col,20211025,20150031.42857
col,20211026,20362720.42857
col,20211027,20545650.57143
col,20211028,20741126.28571
col,20211030,20881240.57143
col,20211031,21009850.42857
col,20211102,21149078.57143
col,20211103,21286476
col,20211104,21422772.28571
col,20211106,21574844
col,20211107,21717550.14286
col,20211108,21845212.14286
col,20211110,22002740
col,20211111,22154872.28571
col,20211112,22308660.57143
col,20211114,22469586.14286
col,20211115,22601006.57143
col,20211116,22740228.57143
col,20211117,22884825.71429
col,20211118,23014008
col,20211119,23145168
col,20211120,23274422.14286
col,20211121,23386183.14286
col,20211122,23508892.85714
col,20211123,23630774.57143
col,20211124,23748961
col,20211126,23881186.85714
col,20211127,24006367.57143
col,20211128,24122764
col,20211129,24247751.85714
col,20211130,24375701.14286
col,20211201,24527196.57143
col,20211203,24681429
col,20211205,24830273.14286
col,20211206,24987446.14286
col,20211207,25154648.14286
col,20211209,25335466.28571
col,20211210,25520737.71429
col,20211211,25683529.57143
col,20211212,25837290.28571
col,20211213,25983678.71429
col,20211214,26132702.42857
col,20211215,26288121.57143
col,20211217,26461609.57143
col,20211218,26627103.28571
col,20211219,26783999.14286
col,20211222,26995268.71429
col,20211224,27202805.42857
col,20211226,27389980.28571
col,20211227,27569346.71429
col,20211229,27731551.71429
col,20211230,27888439.14286
col,20211231,28039490.57143
col,20220102,28128447.14286
col,20220103,28215967.57143
col,20220104,28319736.42857
col,20220105,28426693.42857
col,20220106,28525366.57143
col,20220108,28648611.71429
col,20220109,28776258.14286
col,20220110,28907473
col,20220111,29042309.42857
col,20220112,29178929.14286
col,20220113,29315523.14286
col,20220114,29447502.57143
col,20220115,29557714.42857
col,20220117,29687207.14286
col,20220118,29828228.42857
col,20220119,29969507.57143
col,20220121,30130143.57143
col,20220123,30291245.71429
col,20220124,30450855.71429
col,20220125,30612355
col,20220127,30779845.28571
col,20220128,30944072.28571
col,20220129,31104959.71429
col,20220130,31231649.28571
col,20220131,31352150.57143
col,20220201,31469438.57143
col,20220202,31597284.28571
col,20220204,31708711.28571
col,20220205,31816397.71429
col,20220206,31920110
col,20220207,32029177.28571
col,20220208,32135700.57143
col,20220209,32241048.28571
col,20220210,32330972.14286
col,20220211,32417160.28571
col,20220212,32501723
col,20220213,32577028.28571
col,20220214,32651202.28571
col,20220215,32723825.14286
col,20220216,32793531.85714
col,20220217,32860596.57143
col,20220219,32925053.14286
col,20220220,32990559
col,20220221,33059894.85714
col,20220222,33126704.28571
col,20220223,33190825.71429
col,20220304,33293001.57143
col,20220309,33424023.28571
col,20220311,33557182
col,20220316,33705840.85714
col,20220318,33858215.42857
col,20220323,34020475.28571
col,20220325,34181006
com,20210512,588
com,20210518,1211.5
com,20210521,5907.66667
com,20210526,13651.5
com,20210608,19165.2
com,20210724,22841
com,20210803,25486.28571
com,20210809,31310.57143
com,20210816,36956.71429
com,20210909,57571.57143
com,20210922,75459.42857
com,20210929,92727.71429
com,20211009,109996
com,20211013,127244.57143
com,20211019,144493.14286
com,20211103,164172.57143
com,20211114,169686
com,20211128,181002
com,20211210,192808.14286
com,20211231,204814
com,20220127,218356.85714
com,20220204,237608.42857
com,20220214,254429.14286
com,20220220,269146.28571
com,20220304,277704.57143
cpv,20210512,2668
cpv,20210518,2669
cpv,20210521,2669.33333
cpv,20210608,2677.25
cpv,20210610,2696
cpv,20210614,2709.66667
cpv,20210620,2727.57143
cpv,20210624,2916.14286
cpv,20210628,3400.57143
cpv,20210705,4448.57143
cpv,20210712,6003.85714
cpv,20210713,7648
cpv,20210719,9434.85714
cpv,20210724,11552.14286
cpv,20210726,13578.14286
cpv,20210803,15809.28571
cpv,20210809,18069
cpv,20210816,21555.57143
cpv,20210820,26572.42857
cpv,20210825,33877.42857
cpv,20210831,41761.28571
cpv,20210911,52736.57143
cpv,20210916,65143.71429
cpv,20210922,78574.42857
cpv,20210926,91744.57143
cpv,20210930,105080.28571
cpv,20211009,119328.42857
cpv,20211017,135533.14286
cpv,20211021,150011.71429
cpv,20211024,163252.28571
cpv,20211028,176290
cpv,20211031,188705.42857
cpv,20211110,201358.57143
cpv,20211119,211384.42857
cpv,20211126,220053.57143
cpv,20211203,227752.28571
cpv,20211213,235359.42857
cpv,20211217,241766.71429
cpv,20220107,247969.85714
cpv,20220114,253216.42857
cpv,20220204,260303.42857
cpv,20220211,266623.57143
cpv,20220220,272986
cpv,20220226,279181.71429
cpv,20220305,285488.14286
cpv,20220311,291633.14286
cpv,20220318,297039.42857
cri,20210115,55
cri,20210118,93.5
cri,20210125,869.33333
cri,20210201,3611.5
cri,20210208,8561.8
cri,20210215,14227
cri,20210222,18483.28571
cri,20210301,25063.57143
cri,20210305,32362.42857
cri,20210308,39551.57143
cri,20210312,45560.14286
cri,20210315,49793.14286
cri,20210322,58889.42857
cri,20210324,71834
cri,20210329,88140.57143
cri,20210406,111331.71429
cri,20210412,137012.14286
cri,20210419,164703
cri,20210426,196447
cri,20210503,230579.28571
cri,20210510,273721.71429
cri,20210517,326543.85714
cri,20210524,380361.42857
cri,20210601,439481.14286
cri,20210607,502180
cri,20210614,567971.42857
cri,20210622,632244.28571
cri,20210628,685749
cri,20210705,726736.57143
cri,20210713,759959
cri,20210719,786244.28571
cri,20210726,809739
cri,20210809,827183.14286
cri,20210816,842112.85714
cri,20210823,869590.71429
cri,20210830,927098
cri,20210908,1025122.57143
cri,20210913,1153259.14286
cri,20210920,1317953
cri,20210927,1507443
cri,20211004,1706115.71429
cri,20211011,1905018.71429
cri,20211018,2091827.42857
cri,20211101,2276010.57143
cri,20211108,2446770.85714
cri,20211115,2593436.14286
cri,20211122,2729832.14286
cri,20211129,2861948
cri,20211206,2988013.71429
cri,20211213,3107633
cri,20211221,3199919.14286
cri,20211227,3283141.28571
cri,20220103,3356823.71429
cri,20220110,3420597.71429
cri,20220117,3479718.28571
cri,20220125,3533421.14286
cri,20220131,3578022.42857
cri,20220207,3616522
cri,20220214,3651087.71429
cri,20220221,3685589.14286
cri,20220228,3719429.28571
cri,20220307,3752412.57143
cri,20220314,3786473.57143
cri,20220322,3823725.28571
cub,20210531,147135
cub,20210601,147936.5
cub,20210602,148923.33333
cub,20210603,150221.5
cub,20210604,151493
cub,20210605,152515
cub,20210606,153246.71429
cub,20210607,157042.28571
cub,20210608,166275.71429
cub,20210609,188671.42857
cub,20210610,224793.85714
cub,20210611,273921.42857
cub,20210612,334030
cub,20210613,395949.28571
cub,20210614,466365.42857
cub,20210615,540663.71429
cub,20210616,610015
cub,20210617,671277.71429
cub,20210618,724594.57143
cub,20210619,771352.71429
cub,20210620,817350.57143
cub,20210621,854232.28571
cub,20210622,883764.42857
cub,20210623,905840.71429
cub,20210624,922693
cub,20210625,935022.71429
cub,20210626,943054.85714
cub,20210627,956375.28571
cub,20210628,979819.42857
cub,20210629,1012598.42857
cub,20210630,1056182.85714
cub,20210701,1127200.28571
cub,20210702,1212913.85714
cub,20210703,1305419.14286
cub,20210704,1393730.71429
cub,20210705,1471744.57143
cub,20210706,1542507.71429
cub,20210707,1606512.85714
cub,20210708,1647716.71429
cub,20210709,1675165.85714
cub,20210710,1711376.71429
cub,20210711,1749952
cub,20210712,1791635
cub,20210713,1835025.71429
cub,20210714,1879770.57143
cub,20210715,1924890
cub,20210716,1973361.71429
cub,20210717,2008477.28571
cub,20210718,2039126.14286
cub,20210719,2065784
cub,20210720,2087392.42857
cub,20210721,2116056.28571
cub,20210722,2151534
cub,20210723,2194217.71429
cub,20210724,2244529.14286
cub,20210725,2295297.71429
cub,20210726,2346149.57143
cub,20210727,2405603.14286
cub,20210728,2454963.85714
cub,20210730,2500184.28571
cub,20210731,2538064.57143
cub,20210801,2569428.71429
cub,20210802,2600613.28571
cub,20210803,2640052.85714
cub,20210804,2674562.85714
cub,20210805,2708556.57143
cub,20210806,2736219.42857
cub,20210807,2759786.14286
cub,20210808,2779930.42857
cub,20210809,2803493.14286
cub,20210810,2825295.71429
cub,20210811,2849073.42857
cub,20210812,2876554.14286
cub,20210813,2905447.71429
cub,20210814,2936406.28571
cub,20210815,2967205
cub,20210816,2995815.28571
cub,20210817,3019930.28571
cub,20210818,3040162
cub,20210819,3054890.42857
cub,20210820,3069528.57143
cub,20210821,3082518.85714
cub,20210822,3096118.42857
cub,20210823,3109021.71429
cub,20210824,3123099.28571
cub,20210825,3135399.42857
cub,20210826,3163251.71429
cub,20210827,3203842.71429
cub,20210828,3264609.42857
cub,20210829,3340544
cub,20210830,3433992.85714
cub,20210831,3541314.85714
cub,20210901,3658983.85714
cub,20210903,3773690.57143
cub,20210904,3875429.57143
cub,20210907,3963793
cub,20210908,4040062.85714
cub,20210909,4101576.28571
cub,20210910,4150398.42857
cub,20210911,4191978.42857
cub,20210912,4222433.42857
cub,20210913,4252559.57143
cub,20210914,4283256.14286
cub,20210915,4318516.71429
cub,20210916,4352058.28571
cub,20210917,4382576.28571
cub,20210918,4414166
cub,20210919,4451788.42857
cub,20210920,4498948.57143
cub,20210921,4547900.28571
cub,20210922,4597697.42857
cub,20210923,4655475
cub,20210924,4718529.57143
cub,20210925,4780688.42857
cub,20210926,4836056
cub,20210927,4883887.42857
cub,20210928,4927255.71429
cub,20210929,4967368.14286
cub,20210930,5008043
cub,20211001,5049991.85714
cub,20211002,5091636.28571
cub,20211003,5133081.14286
cub,20211004,5179996.57143
cub,20211005,5238815.28571
cub,20211006,5314837.71429
cub,20211007,5403730.28571
cub,20211008,5533835
cub,20211009,5669571.28571
cub,20211010,5811462.28571
cub,20211011,5959603.57143
cub,20211012,6110459.14286
cub,20211013,6254139.42857
cub,20211014,6385552.57143
cub,20211015,6475633.85714
cub,20211016,6560382
cub,20211017,6639164.85714
cub,20211018,6705537.14286
cub,20211019,6756439.57143
cub,20211020,6796994.14286
cub,20211021,6832736.85714
cub,20211022,6866272.57143
cub,20211023,6899912
cub,20211024,6934184
cub,20211025,6969878.71429
cub,20211026,7006015.71429
cub,20211027,7040996.71429
cub,20211028,7074163.42857
cub,20211029,7107757.71429
cub,20211030,7142758.28571
cub,20211031,7178840.14286
cub,20211101,7215453.71429
cub,20211102,7252902.57143
cub,20211103,7292699.57143
cub,20211104,7333730
cub,20211105,7392827
cub,20211106,7462720.42857
cub,20211107,7533625.57143
cub,20211108,7602724.85714
cub,20211109,7675722.57143
cub,20211110,7754050.42857
cub,20211111,7851185.14286
cub,20211112,7947759.28571
cub,20211113,8061412.71429
cub,20211114,8190037.14286
cub,20211115,8332550.85714
cub,20211116,8476947.28571
cub,20211117,8617541.42857
cub,20211118,8739339
cub,20211119,8842976
cub,20211120,8915468.71429
cub,20211121,8969042
cub,20211122,9008857
cub,20211123,9040318
cub,20211126,9073816
cub,20211127,9102790.57143
cub,20211128,9125926.42857
cub,20211129,9149757.71429
cub,20211130,9175928.85714
cub,20211201,9199973
cub,20211202,9222347.57143
cub,20211203,9235838.14286
cub,20211204,9249115.14286
cub,20211205,9262342.14286
cub,20211206,9274960.28571
cub,20211207,9286498.28571
cub,20211208,9297428
cub,20211209,9307848.28571
cub,20211210,9318840.42857
cub,20211211,9329542.71429
cub,20211212,9340210.28571
cub,20211213,9350286.42857
cub,20211214,9360292.14286
cub,20211215,9370502.42857
cub,20211216,9384312.85714
cub,20211217,9401617.42857
cub,20211218,9420578.14286
cub,20211219,9439924.28571
cub,20211220,9460394
cub,20211221,9481632.42857
cub,20211222,9503536
cub,20211223,9522999.28571
cub,20211224,9540016.57143
cub,20211225,9555295.28571
cub,20211226,9570449.71429
cub,20211227,9585674.85714
cub,20211228,9600891
cub,20211230,9617270.57143
cub,20211231,9630961.57143
cub,20220101,9641699.57143
cub,20220102,9651919.42857
cub,20220103,9661822.28571
cub,20220104,9670066.42857
cub,20220105,9677549.57143
cub,20220106,9682815.57143
cub,20220107,9689541.71429
cub,20220108,9696909
cub,20220109,9704458.71429
cub,20220110,9713263.57143
cub,20220111,9722042.14286
cub,20220112,9730349.42857
cub,20220113,9738061.71429
cub,20220114,9745204.71429
cub,20220115,9751972.57143
cub,20220116,9758575
cub,20220117,9764609.28571
cub,20220118,9769983.57143
cub,20220119,9774836.85714
cub,20220120,9779396.57143
cub,20220121,9783737.14286
cub,20220122,9787921.57143
cub,20220123,9792095
cub,20220124,9796396.42857
cub,20220125,9800489.42857
cub,20220126,9804353.42857
cub,20220127,9807990.28571
cub,20220128,9811252.71429
cub,20220129,9814481.85714
cub,20220130,9817695.57143
cub,20220131,9821144.85714
cub,20220201,9824380.71429
cub,20220204,9828286.28571
cub,20220205,9831758.28571
cub,20220206,9834752.42857
cub,20220207,9837989
cub,20220208,9841616.14286
cub,20220209,9844478.28571
cub,20220210,9847368.14286
cub,20220211,9849450.57143
cub,20220212,9851533.28571
cub,20220213,9853603.57143
cub,20220214,9855562.57143
cub,20220215,9857393.28571
cub,20220216,9859211.14286
cub,20220217,9860930.14286
cub,20220218,9862577.28571
cub,20220219,9864224.14286
cub,20220220,9865881.85714
cub,20220221,9867548
cub,20220222,9869246.57143
cub,20220223,9870899.14286
cub,20220224,9872538.57143
cub,20220225,9874132.85714
cub,20220226,9875737.85714
cub,20220227,9877327
cub,20220228,9878848.14286
cub,20220301,9880239
cub,20220302,9881533
cub,20220304,9882996.57143
cub,20220305,9884224.57143
cub,20220306,9885335
cub,20220307,9886625.42857
cub,20220308,9887849.71429
cub,20220309,9889081.28571
cub,20220310,9890331.85714
cub,20220311,9891391.14286
cub,20220312,9892471.14286
cub,20220313,9893554.28571
cub,20220314,9894635.14286
cub,20220315,9895722
cub,20220316,9896745.42857
cub,20220317,9897775.85714
cub,20220318,9898746.14286
cub,20220319,9899689.85714
cub,20220320,9900633.14286
cub,20220322,9901759.14286
cub,20220323,9902934
cym,20210204,3197
cym,20210209,3983.5
cym,20210210,4380.33333
cym,20210212,4878
cym,20210217,5290.8
cym,20210219,5577
cym,20210220,5871.42857
cym,20210223,6513.71429
cym,20210224,6940.57143
cym,20210305,7469.71429
cym,20210312,8004.71429
cym,20210316,8677
cym,20210318,9439.71429
cym,20210319,10180.57143
cym,20210322,11016.42857
cym,20210324,12018.85714
cym,20210325,12958.57143
cym,20210329,14078.85714
cym,20210331,15141.28571
cym,20210401,16256.85714
cym,20210407,17592.28571
cym,20210408,19028
cym,20210409,20424.85714
cym,20210413,22003.14286
cym,20210415,23308.14286
cym,20210416,24482.57143
cym,20210420,25708.28571
cym,20210421,26682
cym,20210430,27585.71429
cym,20210507,28692.71429
cym,20210513,29715.85714
cym,20210514,30691.28571
cym,20210519,31691.14286
cym,20210525,32743.28571
cym,20210526,33824.14286
cym,20210528,34819.14286
cym,20210602,35708.85714
cym,20210603,36438.71429
cym,20210605,37177.14286
cym,20210608,37860.71429
cym,20210617,38493
cym,20210621,39263.71429
cym,20210622,39987.14286
cym,20210624,40577.14286
cym,20210625,41233.71429
cym,20210628,42048.42857
cym,20210630,42863.14286
cym,20210701,43574.14286
cym,20210702,44082
cym,20210706,44589.85714
cym,20210707,44996.14286
cym,20210708,45300.85714
cym,20210712,45402.42857
cym,20210714,45605.57143
cym,20210715,45727.85714
cym,20210719,45908.14286
cym,20210721,46111.57143
cym,20210722,46324.57143
cym,20210723,46544.57143
cym,20210727,46804.14286
cym,20210729,46975
cym,20210730,47173.14286
cym,20210802,47341.71429
cym,20210806,47510.71429
cym,20210810,47706.71429
cym,20210811,47908.71429
cym,20210812,48078.85714
cym,20210818,48270.28571
cym,20210820,48427.42857
cym,20210824,48590.28571
cym,20210829,48744
cym,20210831,48905
cym,20210902,49072.42857
cym,20210906,49269.85714
cym,20210908,49443.42857
cym,20210910,49609.71429
cym,20210911,49744.42857
cym,20210914,49900.28571
cym,20210915,50025.42857
cym,20210916,50141.42857
cym,20210921,50269.42857
cym,20210922,50403
cym,20210929,50613
cym,20211022,51135.14286
cym,20211029,51686.28571
cym,20211105,52303.42857
cym,20211112,52977
cym,20211119,53628.71429
cym,20211129,54332.71429
cym,20211203,55005
cym,20211210,55405.28571
cym,20211217,55794.42857
cym,20211223,56108.85714
cym,20220121,56422.57143
cym,20220128,56725.57143
cym,20220204,56982.42857
cym,20220211,57188.14286
cym,20220218,57385.71429
cym,20220225,57795.14286
cym,20220311,58200.14286
cyp,20210123,2057
cyp,20210130,3804
cyp,20210206,5877.33333
cyp,20210213,8117.25
cyp,20210220,10338
cyp,20210223,12002.16667
cyp,20210226,13510.28571
cyp,20210307,17322.28571
cyp,20210320,21666.85714
cyp,20210403,26930
cyp,20210407,32019.14286
cyp,20210409,36743
cyp,20210416,41994.57143
cyp,20210419,47056.57143
cyp,20210420,51274.28571
cyp,20210421,54535.85714
cyp,20210423,56438.28571
cyp,20210501,59152.85714
cyp,20210506,63059
cyp,20210510,67356.42857
cyp,20210511,72137.28571
cyp,20210512,77346.57143
cyp,20210514,83830.28571
cyp,20210516,90790.14286
cyp,20210517,97220.57143
cyp,20210518,103257
cyp,20210519,109116.14286
cyp,20210521,117140.85714
cyp,20210523,126608.28571
cyp,20210524,135055.71429
cyp,20210526,145782.28571
cyp,20210527,156716.71429
cyp,20210530,169189.57143
cyp,20210601,183349.28571
cyp,20210602,195663.28571
cyp,20210603,206600.14286
cyp,20210606,218411.57143
cyp,20210607,227925
cyp,20210608,236858.28571
cyp,20210609,244125.85714
cyp,20210610,249603.57143
cyp,20210611,254456.71429
cyp,20210612,259906.57143
cyp,20210615,265121.28571
cyp,20210616,270594.85714
cyp,20210617,276694
cyp,20210619,283216
cyp,20210623,290440.14286
cyp,20210624,298484.42857
cyp,20210630,308627
cyp,20210702,320306.28571
cyp,20210703,331628.28571
cyp,20210705,343592.85714
cyp,20210706,355190.42857
cyp,20210707,366493.85714
cyp,20210708,377540.42857
cyp,20210709,385853.28571
cyp,20210710,392081.14286
cyp,20210712,398441.71429
cyp,20210713,403560.71429
cyp,20210714,408177
cyp,20210715,411844
cyp,20210717,415154.85714
cyp,20210719,418589.14286
cyp,20210720,422167.14286
cyp,20210721,425260.14286
cyp,20210722,428177.28571
cyp,20210724,431154
cyp,20210725,433971.28571
cyp,20210727,436675
cyp,20210728,439115
cyp,20210729,441491.28571
cyp,20210802,445099.14286
cyp,20210803,448936.14286
cyp,20210804,452628.14286
cyp,20210805,456778.28571
cyp,20210807,461116.71429
cyp,20210809,465620.28571
cyp,20210810,470103.85714
cyp,20210811,473656.57143
cyp,20210812,477065.71429
cyp,20210813,480614.42857
cyp,20210816,484045.57143
cyp,20210817,487421.42857
cyp,20210818,490557
cyp,20210820,493864
cyp,20210821,496688.14286
cyp,20210826,500693.71429
cyp,20210830,504941.42857
cyp,20210901,509051
cyp,20210902,512887.71429
cyp,20210903,516818.57143
cyp,20210906,520327.57143
cyp,20210908,524259.85714
cyp,20210909,526837.85714
cyp,20210911,528996.14286
cyp,20210913,531109.85714
cyp,20210914,533115.85714
cyp,20210915,534892.85714
cyp,20210916,536599.28571
cyp,20210921,538628
cyp,20210922,540593
cyp,20210923,542329.71429
cyp,20210927,544488
cyp,20210929,546809
cyp,20211002,549295.57143
cyp,20211005,551946.14286
cyp,20211007,553971.42857
cyp,20211010,556170.71429
cyp,20211011,558358.14286
cyp,20211012,559928
cyp,20211014,561284.42857
cyp,20211019,562667.14286
cyp,20211020,563767
cyp,20211025,564933
cyp,20211027,565909.14286
cyp,20211030,566968.85714
cyp,20211102,568054.28571
cyp,20211103,569113.28571
cyp,20211104,569877.71429
cyp,20211108,570797.42857
cyp,20211111,571662
cyp,20211113,572570.85714
cyp,20211116,573364.28571
cyp,20211118,574146.85714
cyp,20211121,575263.85714
cyp,20211123,576481.71429
cyp,20211125,577673.57143
cyp,20211127,578911.28571
cyp,20211201,580294.85714
cyp,20211204,581965.28571
cyp,20211207,583830.28571
cyp,20211208,585383.85714
cyp,20211211,587237.14286
cyp,20211214,589292.28571
cyp,20211215,591293.28571
cyp,20211220,593531
cyp,20211221,595591.14286
cyp,20211223,598205.28571
cyp,20220108,602011.42857
cyp,20220110,605522.28571
cyp,20220112,608879.42857
cyp,20220113,612164.57143
cyp,20220115,615016.42857
cyp,20220120,618011.85714
cyp,20220122,620278.14286
cyp,20220124,621456.28571
cyp,20220126,622696.42857
cyp,20220127,623761.85714
cyp,20220131,625089.71429
cyp,20220202,627271.57143
cyp,20220203,629181
cyp,20220206,631224.42857
cyp,20220208,633230.85714
cyp,20220209,635120.57143
cyp,20220213,637211.57143
cyp,20220214,639025.28571
cyp,20220215,639926.14286
cyp,20220216,640811.14286
cyp,20220217,641502.57143
cyp,20220219,642163
cyp,20220221,642763.57143
cyp,20220222,643144.85714
cyp,20220223,643502.28571
cyp,20220226,643930.71429
cyp_nor,20210325,44083
cyp_nor,20210414,46272.5
cyp_nor,20210419,47032.66667
cyp_nor,20210423,47486.5
cyp_nor,20210508,48141.2
cyp_nor,20210510,48594.5
cyp_nor,20210511,48959.14286
cyp_nor,20210514,49981.71429
cyp_nor,20210517,50399.57143
cyp_nor,20210519,50811.14286
cyp_nor,20210522,51284.42857
cyp_nor,20210524,51501.57143
cyp_nor,20210525,51793.57143
cyp_nor,20210527,52241.14286
cyp_nor,20210627,57186.57143
cyp_nor,20210815,70201.71429
cyp_nor,20210926,94731.42857
cyp_nor,20211022,124220.85714
cyp_nor,20211029,154099.57143
cyp_nor,20211105,184154.71429
cyp_nor,20211112,214292.57143
cyp_nor,20211119,240347.28571
cyp_nor,20211126,259418
cze,20201229,1
cze,20201230,1
cze,20201231,1
cze,20210101,1
cze,20210102,1
cze,20210103,1
cze,20210104,1
cze,20210105,1.14286
cze,20210106,1.42857
cze,20210107,1.71429
cze,20210108,2.14286
cze,20210109,2.85714
cze,20210110,3.85714
cze,20210111,5.14286
cze,20210112,6.57143
cze,20210113,7.85714
cze,20210114,9.71429
cze,20210115,11.57143
cze,20210116,13.71429
cze,20210117,106.42857
cze,20210118,459.85714
cze,20210119,1202.85714
cze,20210120,2326.42857
cze,20210121,3698.28571
cze,20210122,5219.14286
cze,20210123,6864.85714
cze,20210124,8544.14286
cze,20210125,10387
cze,20210126,12410.28571
cze,20210127,14700.85714
cze,20210128,17618.71429
cze,20210129,21517.28571
cze,20210130,25445.85714
cze,20210131,29418.85714
cze,20210201,34105.71429
cze,20210202,39685.14286
cze,20210203,46191.14286
cze,20210204,53677.28571
cze,20210205,61558.57143
cze,20210206,69622.42857
cze,20210207,77874.57143
cze,20210208,86621.14286
cze,20210209,95607.14286
cze,20210210,104913.14286
cze,20210211,114680
cze,20210212,125028.85714
cze,20210213,135466.57143
cze,20210214,145745.14286
cze,20210215,155729.57143
cze,20210216,165309
cze,20210217,174181.28571
cze,20210218,181891.42857
cze,20210219,188548.14286
cze,20210220,194947.42857
cze,20210221,201295.28571
cze,20210222,207167
cze,20210223,212740.14286
cze,20210224,217989.28571
cze,20210225,222876.57143
cze,20210226,227476.28571
cze,20210227,231986.57143
cze,20210228,236429.14286
cze,20210301,240502
cze,20210302,244083.28571
cze,20210303,247445.71429
cze,20210304,250685.14286
cze,20210305,253934.14286
cze,20210306,257226.85714
cze,20210307,260561.14286
cze,20210308,264097.28571
cze,20210309,268038.85714
cze,20210310,272330.42857
cze,20210311,277148.57143
cze,20210312,282405.28571
cze,20210313,287726.14286
cze,20210314,293091.71429
cze,20210315,299017.28571
cze,20210316,305535.57143
cze,20210317,312561.57143
cze,20210318,320166
cze,20210319,328501.28571
cze,20210320,336938.71429
cze,20210321,345433.85714
cze,20210322,354460.57143
cze,20210323,363891.42857
cze,20210324,374069.85714
cze,20210325,385024
cze,20210326,396535.28571
cze,20210327,408448.85714
cze,20210328,420732.14286
cze,20210329,434191.57143
cze,20210330,448911.28571
cze,20210331,465248.42857
cze,20210401,483614.71429
cze,20210402,501307.28571
cze,20210403,519869.28571
cze,20210404,539113.57143
cze,20210405,556424.71429
cze,20210406,574748.42857
cze,20210407,592383
cze,20210408,609872.85714
cze,20210409,629848.57143
cze,20210410,650450.14286
cze,20210411,671213.42857
cze,20210412,694539.71429
cze,20210413,717404.14286
cze,20210414,741001.42857
cze,20210415,763846.42857
cze,20210416,786046.14286
cze,20210417,807347.85714
cze,20210418,827925.28571
cze,20210419,847116.71429
cze,20210420,864857.71429
cze,20210421,880740.57143
cze,20210422,895426
cze,20210423,908166.28571
cze,20210424,920369.42857
cze,20210425,932432.14286
cze,20210426,943370.14286
cze,20210427,953788.42857
cze,20210428,964158.14286
cze,20210429,974316.85714
cze,20210430,984179.71429
cze,20210501,993785.14286
cze,20210502,1003146
cze,20210503,1012151.57143
cze,20210504,1020603.28571
cze,20210505,1028400.85714
cze,20210506,1035460.42857
cze,20210507,1042541.57143
cze,20210508,1049384
cze,20210509,1056073.85714
cze,20210510,1063073.28571
cze,20210511,1070138.57143
cze,20210512,1077160.85714
cze,20210513,1083960.14286
cze,20210514,1090428.57143
cze,20210515,1096967.42857
cze,20210516,1103515.42857
cze,20210517,1109992.85714
cze,20210518,1117082.57143
cze,20210519,1125033.14286
cze,20210520,1135537.71429
cze,20210521,1148896.42857
cze,20210522,1163534.71429
cze,20210523,1179281
cze,20210524,1198873.85714
cze,20210525,1221713.28571
cze,20210526,1247751.14286
cze,20210527,1276688.28571
cze,20210528,1308312.14286
cze,20210529,1340779.28571
cze,20210530,1374022.14286
cze,20210531,1409244.14286
cze,20210601,1446329.71429
cze,20210602,1485769.42857
cze,20210603,1527049.71429
cze,20210604,1569875.85714
cze,20210605,1612957
cze,20210606,1656139.14286
cze,20210607,1700481
cze,20210608,1745700.85714
cze,20210609,1792443.85714
cze,20210610,1840770.57143
cze,20210611,1890871.85714
cze,20210612,1941249
cze,20210613,1992092.57143
cze,20210614,2045616.85714
cze,20210615,2101624
cze,20210616,2159568.42857
cze,20210617,2219196.28571
cze,20210618,2280359.71429
cze,20210619,2342735.57143
cze,20210620,2405888
cze,20210621,2469643.14286
cze,20210622,2534817.57143
cze,20210623,2600992.71429
cze,20210624,2668162.42857
cze,20210625,2736139.42857
cze,20210626,2804908.71429
cze,20210627,2874083.71429
cze,20210628,2944201.71429
cze,20210629,3014922
cze,20210630,3086468.71429
cze,20210701,3158019.71429
cze,20210702,3229526.57143
cze,20210703,3300559.57143
cze,20210704,3370893.71429
cze,20210705,3432681.71429
cze,20210706,3486064.85714
cze,20210707,3537726.85714
cze,20210708,3586566
cze,20210709,3633032.57143
cze,20210710,3679084.85714
cze,20210711,3725288.85714
cze,20210712,3777732.85714
cze,20210713,3836200.57143
cze,20210714,3893669.71429
cze,20210715,3950523.57143
cze,20210716,4007866.28571
cze,20210717,4065609.14286
cze,20210718,4123798.71429
cze,20210719,4181695.57143
cze,20210720,4239190
cze,20210721,4295464.85714
cze,20210722,4350683.57143
cze,20210723,4403332.71429
cze,20210724,4455439.71429
cze,20210725,4506993.42857
cze,20210726,4555927.57143
cze,20210727,4601946.42857
cze,20210728,4645474
cze,20210729,4686622.42857
cze,20210730,4726030.14286
cze,20210731,4764276.14286
cze,20210801,4801670.71429
cze,20210802,4837475.42857
cze,20210803,4872059.42857
cze,20210804,4905321.71429
cze,20210805,4938371.14286
cze,20210806,4971525.14286
cze,20210807,5004484.28571
cze,20210808,5037384.28571
cze,20210809,5071355.42857
cze,20210810,5105535.28571
cze,20210811,5140624.28571
cze,20210812,5175234.28571
cze,20210813,5209421.57143
cze,20210814,5242541.42857
cze,20210815,5274893
cze,20210816,5305674.85714
cze,20210817,5334673.28571
cze,20210818,5363065.85714
cze,20210819,5391631.28571
cze,20210820,5420173.28571
cze,20210821,5449009.57143
cze,20210822,5478071.71429
cze,20210823,5507876.14286
cze,20210824,5538560.14286
cze,20210825,5567739.14286
cze,20210826,5595170
cze,20210827,5620570.85714
cze,20210828,5645156.42857
cze,20210829,5668978
cze,20210830,5690313.14286
cze,20210831,5709483.71429
cze,20210901,5726603.57143
cze,20210902,5742046.85714
cze,20210903,5756025.28571
cze,20210904,5769502.14286
cze,20210905,5782439.57143
cze,20210906,5794043.28571
cze,20210907,5804643.14286
cze,20210908,5814649.14286
cze,20210909,5824038
cze,20210910,5832918.85714
cze,20210911,5841646.57143
cze,20210912,5850200.42857
cze,20210913,5858434.28571
cze,20210914,5866372.42857
cze,20210915,5874119.42857
cze,20210916,5881610.42857
cze,20210917,5888823.85714
cze,20210918,5896019.85714
cze,20210919,5903206.71429
cze,20210920,5910092.71429
cze,20210921,5916767.42857
cze,20210922,5923013.57143
cze,20210923,5928993.57143
cze,20210924,5934885.14286
cze,20210925,5940724.57143
cze,20210926,5946574.14286
cze,20210927,5952183
cze,20210928,5956805
cze,20210929,5961703.57143
cze,20210930,5966785.57143
cze,20211001,5971634.14286
cze,20211002,5976418
cze,20211003,5981092
cze,20211004,5985631.71429
cze,20211005,5990807.57143
cze,20211006,5995656.28571
cze,20211007,6000156.14286
cze,20211008,6004464.14286
cze,20211009,6008789.14286
cze,20211010,6013108.57143
cze,20211011,6017262
cze,20211012,6021261.28571
cze,20211013,6025119.57143
cze,20211014,6028933.42857
cze,20211015,6032676.57143
cze,20211016,6036400
cze,20211017,6040155.28571
cze,20211018,6043865.57143
cze,20211019,6047303.57143
cze,20211020,6050780.42857
cze,20211021,6054350.85714
cze,20211022,6057971.85714
cze,20211023,6061689.85714
cze,20211024,6065511.57143
cze,20211025,6069577.42857
cze,20211026,6074279.42857
cze,20211027,6079403.42857
cze,20211028,6083967.28571
cze,20211029,6088743.42857
cze,20211030,6093622.28571
cze,20211031,6098600.14286
cze,20211101,6103846
cze,20211102,6109235.42857
cze,20211103,6114607.85714
cze,20211104,6120907.14286
cze,20211105,6127676.71429
cze,20211106,6134464.85714
cze,20211107,6141247.57143
cze,20211108,6148022.42857
cze,20211109,6154760.42857
cze,20211110,6161511.28571
cze,20211111,6168395.57143
cze,20211112,6175497.28571
cze,20211113,6182715.57143
cze,20211114,6190015.14286
cze,20211115,6197752.28571
cze,20211116,6206158.14286
cze,20211117,6214018.42857
cze,20211118,6222248.28571
cze,20211119,6231073.71429
cze,20211120,6240057.85714
cze,20211121,6249151.71429
cze,20211122,6258734.42857
cze,20211123,6268500
cze,20211124,6280020.14286
cze,20211125,6292017.57143
cze,20211126,6304324.14286
cze,20211127,6316712.42857
cze,20211128,6329009.57143
cze,20211129,6341241.42857
cze,20211130,6353183.42857
cze,20211201,6364640.85714
cze,20211202,6375734.85714
cze,20211203,6386320.57143
cze,20211204,6396677
cze,20211205,6406919.57143
cze,20211206,6416858.28571
cze,20211207,6426908.14286
cze,20211208,6436025.57143
cze,20211209,6445189.85714
cze,20211210,6454672.28571
cze,20211211,6464343.57143
cze,20211212,6474314.14286
cze,20211213,6484539
cze,20211214,6495001
cze,20211215,6506558.85714
cze,20211216,6518404.57143
cze,20211217,6530173.14286
cze,20211218,6541967.28571
cze,20211219,6553485.85714
cze,20211220,6565112
cze,20211221,6576498.85714
cze,20211222,6587808.14286
cze,20211223,6597798.57143
cze,20211224,6605337.14286
cze,20211225,6612098.14286
cze,20211226,6618530.42857
cze,20211227,6624345
cze,20211228,6629588.28571
cze,20211229,6634069.14286
cze,20211230,6638525.85714
cze,20211231,6643171.42857
cze,20220101,6647818.42857
cze,20220102,6652633.14286
cze,20220103,6657328.28571
cze,20220104,6661988.71429
cze,20220105,6666684.85714
cze,20220106,6671805.14286
cze,20220107,6678201.42857
cze,20220108,6684992.71429
cze,20220109,6691829.28571
cze,20220110,6698277.85714
cze,20220111,6704583.85714
cze,20220112,6710557.42857
cze,20220113,6716013.28571
cze,20220114,6720508.71429
cze,20220115,6724700
cze,20220116,6728711.71429
cze,20220117,6732404.85714
cze,20220118,6735840.14286
cze,20220119,6739031
cze,20220120,6742175.42857
cze,20220121,6745162
cze,20220122,6748117.85714
cze,20220123,6751101.85714
cze,20220124,6754011.42857
cze,20220125,6756784.57143
cze,20220126,6759648.14286
cze,20220127,6762563.14286
cze,20220128,6765997.28571
cze,20220129,6769604.57143
cze,20220130,6773232.42857
cze,20220131,6776929.14286
cze,20220201,6780631.28571
cze,20220202,6784324.71429
cze,20220203,6787970.42857
cze,20220204,6791466.71429
cze,20220205,6794814.14286
cze,20220206,6798096
cze,20220207,6801276.71429
cze,20220208,6804336.28571
cze,20220209,6807234
cze,20220210,6809938.28571
cze,20220211,6812470.42857
cze,20220212,6814975.28571
cze,20220213,6817497
cze,20220214,6819862
cze,20220215,6822086.71429
cze,20220216,6824129.57143
cze,20220217,6826060.28571
cze,20220218,6827868.28571
cze,20220219,6829656.71429
cze,20220220,6831404
cze,20220221,6833092
cze,20220222,6834704.85714
cze,20220223,6836252.42857
cze,20220224,6837698.71429
cze,20220225,6839006.42857
cze,20220226,6840296.71429
cze,20220227,6841576.57143
cze,20220228,6842752.42857
cze,20220301,6843799.42857
cze,20220302,6844741.85714
cze,20220303,6845586
cze,20220304,6846306.85714
cze,20220305,6847018
cze,20220306,6847720.85714
cze,20220307,6848364.71429
cze,20220308,6848975.28571
cze,20220309,6849539.28571
cze,20220310,6850064
cze,20220311,6850544.42857
cze,20220312,6851026.85714
cze,20220313,6851509.28571
cze,20220314,6851965.57143
cze,20220315,6852406.71429
cze,20220316,6852841
cze,20220317,6853240.71429
cze,20220318,6853622.28571
cze,20220319,6853995.28571
cze,20220320,6854367.42857
cze,20220321,6854731.85714
cze,20220322,6855089.85714
cze,20220323,6855432.42857
cze,20220324,6855779.14286
cze,20220325,6856119.57143
deu,20201227,19
deu,20201228,51
deu,20201229,279
deu,20201230,401.5
deu,20201231,492.4
deu,20210101,555.5
deu,20210102,612
deu,20210103,746.42857
deu,20210104,889
deu,20210105,952
deu,20210106,1022.42857
deu,20210107,1107.57143
deu,20210108,1205.57143
deu,20210109,1313.71429
deu,20210110,1437.57143
deu,20210111,1558.57143
deu,20210112,1676.28571
deu,20210113,1811
deu,20210114,1949.57143
deu,20210115,2205
deu,20210116,2613.71429
deu,20210117,5436.42857
deu,20210118,10477.85714
deu,20210119,20651
deu,20210120,38489.28571
deu,20210121,62141.57143
deu,20210122,90459.57143
deu,20210123,125248.28571
deu,20210124,160767.42857
deu,20210125,199586.28571
deu,20210126,240081.71429
deu,20210127,281238.28571
deu,20210128,323082.71429
deu,20210129,368405.57143
deu,20210130,414724.14286
deu,20210131,462375.71429
deu,20210201,513370
deu,20210202,567161
deu,20210203,626657.57143
deu,20210204,689979.14286
deu,20210205,756195.57143
deu,20210206,821713.28571
deu,20210207,886347.85714
deu,20210208,950173.85714
deu,20210209,1015028
deu,20210210,1076927.42857
deu,20210211,1138328.57143
deu,20210212,1199414.71429
deu,20210213,1260105.42857
deu,20210214,1320875.71429
deu,20210215,1381536.42857
deu,20210216,1439635.28571
deu,20210217,1494698.57143
deu,20210218,1547524.85714
deu,20210219,1597487.28571
deu,20210220,1646095.71429
deu,20210221,1695058.85714
deu,20210222,1744405.28571
deu,20210223,1794327
deu,20210224,1844680.42857
deu,20210225,1895897.71429
deu,20210226,1948788.71429
deu,20210227,2002175.28571
deu,20210228,2054975.14286
deu,20210301,2106582.71429
deu,20210302,2157001
deu,20210303,2209032.71429
deu,20210304,2261628.42857
deu,20210305,2314192.14286
deu,20210306,2368031
deu,20210307,2423201.85714
deu,20210308,2478635.57143
deu,20210309,2534454.57143
deu,20210310,2589797.85714
deu,20210311,2644802.28571
deu,20210312,2700337.71429
deu,20210313,2756109
deu,20210314,2812189.85714
deu,20210315,2869334.42857
deu,20210316,2928388.42857
deu,20210317,2989400
deu,20210318,3052531.71429
deu,20210319,3117595
deu,20210320,3183088
deu,20210321,3248956.42857
deu,20210322,3317312
deu,20210323,3387963
deu,20210324,3459829.85714
deu,20210325,3532491.71429
deu,20210326,3605782.28571
deu,20210327,3680371.57143
deu,20210328,3757105.28571
deu,20210329,3835590.28571
deu,20210330,3915296.85714
deu,20210331,3996754
deu,20210401,4079627
deu,20210402,4159507.71429
deu,20210403,4239701.57143
deu,20210404,4319503.57143
deu,20210405,4396652.14286
deu,20210406,4474080.71429
deu,20210407,4550739.14286
deu,20210408,4626915.42857
deu,20210409,4706096.85714
deu,20210410,4785345.57143
deu,20210411,4864569.57143
deu,20210412,4944662.14286
deu,20210413,5021739.42857
deu,20210414,5096935.85714
deu,20210415,5169623.42857
deu,20210416,5240204.71429
deu,20210417,5309581.14286
deu,20210418,5377338.28571
deu,20210419,5442963.42857
deu,20210420,5507039.28571
deu,20210421,5569695.14286
deu,20210422,5631932.14286
deu,20210423,5693433.85714
deu,20210424,5755285
deu,20210425,5818579.57143
deu,20210426,5883679.71429
deu,20210427,5952964.28571
deu,20210428,6029966.57143
deu,20210429,6116505.42857
deu,20210430,6212821.71429
deu,20210501,6311605.14286
deu,20210502,6413003
deu,20210503,6520476.28571
deu,20210504,6637936.57143
deu,20210505,6770526.14286
deu,20210506,6916085.71429
deu,20210507,7076155.85714
deu,20210508,7247361.71429
deu,20210509,7423592
deu,20210510,7610931.14286
deu,20210511,7816407.14286
deu,20210512,8041139.42857
deu,20210513,8256747.57143
deu,20210514,8471160.42857
deu,20210515,8687199.57143
deu,20210516,8905956
deu,20210517,9126421.14286
deu,20210518,9356359
deu,20210519,9610222
deu,20210520,9911691.71429
deu,20210521,10243977.57143
deu,20210522,10589614.42857
deu,20210523,10940794.85714
deu,20210524,11288915.14286
deu,20210525,11641166.57143
deu,20210526,12018568.14286
deu,20210527,12416590.14286
deu,20210528,12829310
deu,20210529,13241983.14286
deu,20210530,13658322.42857
deu,20210531,14100984.28571
deu,20210601,14573055.28571
deu,20210602,15048270.42857
deu,20210603,15491294.28571
deu,20210604,15930226.28571
deu,20210605,16377468.42857
deu,20210606,16831407
deu,20210607,17292839.85714
deu,20210608,17772012.28571
deu,20210609,18285967.14286
deu,20210610,18853466.71429
deu,20210611,19446491.14286
deu,20210612,20038811.14286
deu,20210613,20629019.14286
deu,20210614,21222025.14286
deu,20210615,21813131.85714
deu,20210616,22395771.57143
deu,20210617,22972787.71429
deu,20210618,23542451.28571
deu,20210619,24111503.71429
deu,20210620,24681830
deu,20210621,25249393.57143
deu,20210622,25817115.71429
deu,20210623,26374828.71429
deu,20210624,26903719
deu,20210625,27417287.14286
deu,20210626,27925928.28571
deu,20210627,28430985.28571
deu,20210628,28930898.57143
deu,20210629,29408315.14286
deu,20210630,29846427
deu,20210701,30282017.42857
deu,20210702,30706960.42857
deu,20210703,31125455.57143
deu,20210704,31540833.42857
deu,20210705,31949587
deu,20210706,32353079.14286
deu,20210707,32770860.28571
deu,20210708,33196644.85714
deu,20210709,33632764.14286
deu,20210710,34071708.57143
deu,20210711,34508791
deu,20210712,34942591.14286
deu,20210713,35387104
deu,20210714,35846101.42857
deu,20210715,36307015.85714
deu,20210716,36764009.14286
deu,20210717,37214393.71429
deu,20210718,37660958.85714
deu,20210719,38103837.85714
deu,20210720,38532416.85714
deu,20210721,38936509.28571
deu,20210722,39326869.85714
deu,20210723,39709983.14286
deu,20210724,40087002
deu,20210725,40457151.57143
deu,20210726,40824017.28571
deu,20210727,41187230.85714
deu,20210728,41545963.71429
deu,20210729,41900769.85714
deu,20210730,42247636
deu,20210731,42592921.42857
deu,20210801,42937350.14286
deu,20210802,43277143.14286
deu,20210803,43606891.71429
deu,20210804,43923216.57143
deu,20210805,44233729.14286
deu,20210806,44538087
deu,20210807,44841913.85714
deu,20210808,45146599.28571
deu,20210809,45452498.14286
deu,20210810,45754144.14286
deu,20210811,46050428.14286
deu,20210812,46338059.57143
deu,20210813,46621072.85714
deu,20210814,46904113.14286
deu,20210815,47186345.71429
deu,20210816,47461897
deu,20210817,47724211.28571
deu,20210818,47967286
deu,20210819,48190103.71429
deu,20210820,48398993.71429
deu,20210821,48601085.85714
deu,20210822,48799333.57143
deu,20210823,48991533.71429
deu,20210824,49173432.42857
deu,20210825,49343041.71429
deu,20210826,49505908.42857
deu,20210827,49658019.71429
deu,20210828,49807827
deu,20210829,49956728
deu,20210830,50100401.71429
deu,20210831,50236983
deu,20210901,50366492.85714
deu,20210902,50489883.57143
deu,20210903,50610767.42857
deu,20210904,50729350.42857
deu,20210905,50845732.14286
deu,20210906,50957313.57143
deu,20210907,51065482.28571
deu,20210908,51169607.28571
deu,20210909,51272986.71429
deu,20210910,51375337.28571
deu,20210911,51478628.57143
deu,20210912,51582412.85714
deu,20210913,51687550.28571
deu,20210914,51793391.14286
deu,20210915,51900895.85714
deu,20210916,52009296.14286
deu,20210917,52118812.28571
deu,20210918,52228596.42857
deu,20210919,52338751.42857
deu,20210920,52448307.42857
deu,20210921,52557653.28571
deu,20210922,52665699.57143
deu,20210923,52772901.57143
deu,20210924,52879416
deu,20210925,52984996.85714
deu,20210926,53089554.14286
deu,20210927,53193075.71429
deu,20210928,53295285
deu,20210929,53395271.28571
deu,20210930,53493685.85714
deu,20211001,53582185.85714
deu,20211002,53663770.28571
deu,20211003,53741185.42857
deu,20211004,53813716.28571
deu,20211005,53882997.71429
deu,20211006,53948107
deu,20211007,54010013.57143
deu,20211008,54075252
deu,20211009,54141134.57143
deu,20211010,54207245.85714
deu,20211011,54272962.42857
deu,20211012,54337567.85714
deu,20211013,54401257.57143
deu,20211014,54463723.14286
deu,20211015,54524887.85714
deu,20211016,54585993.71429
deu,20211017,54646987.71429
deu,20211018,54707179.71429
deu,20211019,54766636.85714
deu,20211020,54825013.85714
deu,20211021,54881946.42857
deu,20211022,54937115.71429
deu,20211023,54991955.57143
deu,20211024,55046528.57143
deu,20211025,55101455.14286
deu,20211026,55156639.85714
deu,20211027,55211923.14286
deu,20211028,55267338.57143
deu,20211029,55323187.85714
deu,20211030,55378940.42857
deu,20211031,55434575.42857
deu,20211101,55487048
deu,20211102,55537253.42857
deu,20211103,55586444
deu,20211104,55634595.57143
deu,20211105,55681658.28571
deu,20211106,55728642.57143
deu,20211107,55776043.57143
deu,20211108,55826031.85714
deu,20211109,55877479.71429
deu,20211110,55928582.71429
deu,20211111,55979682.85714
deu,20211112,56029992.42857
deu,20211113,56080510.28571
deu,20211114,56131117.71429
deu,20211115,56182075
deu,20211116,56232395.14286
deu,20211117,56281915.28571
deu,20211118,56330940.57143
deu,20211119,56381430.57143
deu,20211120,56432868.71429
deu,20211121,56484618.85714
deu,20211122,56536534
deu,20211123,56588783.85714
deu,20211124,56643309.28571
deu,20211125,56699266.71429
deu,20211126,56756474.28571
deu,20211127,56816312.57143
deu,20211128,56876924.71429
deu,20211129,56939030.71429
deu,20211130,57001705
deu,20211201,57064129.85714
deu,20211202,57127019.57143
deu,20211203,57189881.85714
deu,20211204,57253009.85714
deu,20211205,57315964
deu,20211206,57378502
deu,20211207,57441356.28571
deu,20211208,57504265.57143
deu,20211209,57567461.71429
deu,20211210,57632157.14286
deu,20211211,57698055.71429
deu,20211212,57764300.85714
deu,20211213,57831577.71429
deu,20211214,57900532.42857
deu,20211215,57975485.42857
deu,20211216,58055308.14286
deu,20211217,58139706.14286
deu,20211218,58226094
deu,20211219,58313527.14286
deu,20211220,58405685.71429
deu,20211221,58502500
deu,20211222,58597986.14286
deu,20211223,58687895
deu,20211224,58762329.42857
deu,20211225,58827191.85714
deu,20211226,58889286.57143
deu,20211227,58947472.14286
deu,20211228,58999104.71429
deu,20211229,59044162.28571
deu,20211230,59085696.42857
deu,20211231,59127939.57143
deu,20220101,59170239.28571
deu,20220102,59213645.14286
deu,20220103,59256754.28571
deu,20220104,59302512.28571
deu,20220105,59353947.71429
deu,20220106,59409705.28571
deu,20220107,59479873.28571
deu,20220108,59561219.71429
deu,20220109,59645471.71429
deu,20220110,59732922.42857
deu,20220111,59823887.42857
deu,20220112,59917864.85714
deu,20220113,60016629.42857
deu,20220114,60114965.42857
deu,20220115,60211685.42857
deu,20220116,60306797.28571
deu,20220117,60400473.85714
deu,20220118,60490821.28571
deu,20220119,60576970.85714
deu,20220120,60660101.28571
deu,20220121,60740000.28571
deu,20220122,60817687.57143
deu,20220123,60895717
deu,20220124,60972105.57143
deu,20220125,61046657.57143
deu,20220126,61118224.71429
deu,20220127,61188368.71429
deu,20220128,61256901.71429
deu,20220129,61324978.28571
deu,20220130,61392335.14286
deu,20220131,61457568
deu,20220201,61518846.28571
deu,20220202,61578076.71429
deu,20220203,61633410.85714
deu,20220204,61687164
deu,20220205,61740878.57143
deu,20220206,61794279.28571
deu,20220207,61846670.57143
deu,20220208,61899547.57143
deu,20220209,61951260.71429
deu,20220210,62001882.71429
deu,20220211,62051101.85714
deu,20220212,62098361
deu,20220213,62144684.85714
deu,20220214,62189658.42857
deu,20220215,62232904.71429
deu,20220216,62273868.42857
deu,20220217,62313057.57143
deu,20220218,62350827
deu,20220219,62387287.28571
deu,20220220,62423446.85714
deu,20220221,62459428.42857
deu,20220222,62494291.57143
deu,20220223,62528120.85714
deu,20220224,62560857
deu,20220225,62591602.28571
deu,20220226,62621019.14286
deu,20220227,62649807.85714
deu,20220228,62677155.14286
deu,20220301,62702499
deu,20220302,62726108
deu,20220303,62748514.71429
deu,20220304,62769658.57143
deu,20220305,62789833.85714
deu,20220306,62809895.14286
deu,20220307,62829359.14286
deu,20220308,62848315.14286
deu,20220309,62866534.57143
deu,20220310,62883468.42857
deu,20220311,62899775
deu,20220312,62915696.14286
deu,20220313,62931429
deu,20220314,62946475.71429
deu,20220315,62960801.42857
deu,20220316,62974360.85714
deu,20220317,62986999.28571
deu,20220318,62998562.14286
deu,20220319,63009761.85714
deu,20220320,63020973.57143
deu,20220321,63032073
deu,20220322,63042876.14286
deu,20220323,63053548.57143
deu,20220324,63063966
deu,20220325,63073932.71429
dji,20210428,495
dji,20210524,1445.5
dji,20210601,3900.33333
dji,20210805,7670.5
dji,20210812,10239.6
dji,20210819,12006.5
dji,20210825,13555.42857
dji,20210901,16884.28571
dji,20210909,20268.71429
dji,20220117,30960.85714
dji,20220123,40670.14286
dji,20220129,50661.85714
dji,20220206,60743.14286
dji,20220214,71102.42857
dji,20220221,81687.28571
dji,20220226,92287.57143
dji,20220313,95150.14286
dma,20210401,337
dma,20210412,406
dma,20210420,1120
dma,20210422,2044.5
dma,20210428,3500.2
dma,20210507,5107.5
dma,20210512,6369
dma,20210517,8417.71429
dma,20210518,10472.57143
dma,20210526,12510.71429
dma,20210528,14279.71429
dma,20210531,15415.14286
dma,20210602,16008.28571
dma,20210605,16507.14286
dma,20210609,16928.85714
dma,20210614,17355.28571
dma,20210617,17525.85714
dma,20210625,17783.85714
dma,20210702,18109.14286
dma,20210709,18430.85714
dma,20210723,18733.71429
dma,20210730,19023.85714
dma,20210820,19315.71429
dma,20210827,19626.71429
dma,20210903,19808.28571
dma,20210910,19939.14286
dma,20210917,20099.57143
dma,20210924,20308
dma,20211001,20580.28571
dma,20211008,20853.14286
dma,20211015,21115.71429
dma,20211022,21587.28571
dma,20211029,22200.42857
dma,20211105,22863.85714
dma,20211112,23540.85714
dma,20211119,24251.85714
dma,20211129,24960.85714
dma,20211203,25650.57143
dma,20211208,26121.57143
dma,20211210,26458.57143
dma,20211215,26745.42857
dma,20211217,26978
dma,20211222,27131.42857
dma,20220105,27371.42857
dma,20220107,27610.57143
dma,20220112,27861.14286
dma,20220114,28083.42857
dma,20220119,28285.42857
dma,20220121,28491.57143
dma,20220126,28675.14286
dma,20220128,28752.57143
dma,20220202,28836
dma,20220204,28911
dma,20220209,28988.57143
dma,20220211,29062
dma,20220216,29138.14286
dma,20220218,29209.14286
dma,20220223,29279.28571
dma,20220225,29340.14286
dma,20220302,29400.85714
dma,20220304,29456.71429
dma,20220309,29512.71429
dma,20220311,29571.57143
dma,20220316,29625
dma,20220318,29675.42857
dma,20220325,29731.85714
dnk,20201229,1
dnk,20201230,1
dnk,20201231,1
dnk,20210101,1
dnk,20210102,1
dnk,20210103,1
dnk,20210104,1
dnk,20210105,1
dnk,20210106,1
dnk,20210107,1
dnk,20210108,1.14286
dnk,20210109,1.57143
dnk,20210110,2
dnk,20210111,2.42857
dnk,20210112,3.14286
dnk,20210113,4.57143
dnk,20210114,6.14286
dnk,20210115,8.28571
dnk,20210116,11.57143
dnk,20210117,102.42857
dnk,20210118,428.85714
dnk,20210119,1016.42857
dnk,20210120,1840.28571
dnk,20210121,2960.85714
dnk,20210122,4808.42857
dnk,20210123,7518.71429
dnk,20210124,10899.57143
dnk,20210125,14331.42857
dnk,20210126,17702.28571
dnk,20210127,21370.28571
dnk,20210128,25728
dnk,20210129,31729.71429
dnk,20210130,38505.28571
dnk,20210131,46053.71429
dnk,20210201,54364
dnk,20210202,62859.42857
dnk,20210203,71597.42857
dnk,20210204,80636
dnk,20210205,89051.14286
dnk,20210206,96638.28571
dnk,20210207,103170.57143
dnk,20210208,109597.57143
dnk,20210209,116289.71429
dnk,20210210,122710.71429
dnk,20210211,128176.85714
dnk,20210212,132962.14286
dnk,20210213,137065.85714
dnk,20210214,140777.42857
dnk,20210215,143982.28571
dnk,20210216,146719.28571
dnk,20210217,149007.42857
dnk,20210218,151008.71429
dnk,20210219,152075.28571
dnk,20210220,153091.71429
dnk,20210221,154072.57143
dnk,20210222,154769.42857
dnk,20210223,155548
dnk,20210224,156525.71429
dnk,20210225,157541.85714
dnk,20210226,158567.28571
dnk,20210227,159700.42857
dnk,20210228,160966.57143
dnk,20210301,162225.14286
dnk,20210302,163392.85714
dnk,20210303,164443.28571
dnk,20210304,165659.14286
dnk,20210305,167505.42857
dnk,20210306,169610.28571
dnk,20210307,172110.71429
dnk,20210308,175269.85714
dnk,20210309,179219.14286
dnk,20210310,184001.28571
dnk,20210311,189611.42857
dnk,20210312,195877.85714
dnk,20210313,202455.42857
dnk,20210314,209710.14286
dnk,20210315,217505.57143
dnk,20210316,225627.28571
dnk,20210317,234024.42857
dnk,20210318,242334.85714
dnk,20210319,250826
dnk,20210320,259163.14286
dnk,20210321,266891.14286
dnk,20210322,274337.71429
dnk,20210323,281540.14286
dnk,20210324,289346.28571
dnk,20210325,297321.57143
dnk,20210326,304768.14286
dnk,20210327,312040.71429
dnk,20210328,319042.42857
dnk,20210329,325834.57143
dnk,20210330,332417.14286
dnk,20210331,338486.42857
dnk,20210401,344349.42857
dnk,20210402,350089.71429
dnk,20210403,355706.14286
dnk,20210404,361191
dnk,20210405,366005.71429
dnk,20210406,370823.57143
dnk,20210407,375438.14286
dnk,20210408,380269.57143
dnk,20210409,385349.42857
dnk,20210410,390883.14286
dnk,20210411,396722.42857
dnk,20210412,403991
dnk,20210413,411287.85714
dnk,20210414,419009
dnk,20210415,426833.71429
dnk,20210416,434595.14286
dnk,20210417,441984.57143
dnk,20210418,449548
dnk,20210419,457518.57143
dnk,20210420,466997.42857
dnk,20210421,476707.42857
dnk,20210422,485900.71429
dnk,20210423,495531.85714
dnk,20210424,505850.14286
dnk,20210425,516194.28571
dnk,20210426,525633
dnk,20210427,535646.85714
dnk,20210428,546774
dnk,20210429,559678.57143
dnk,20210430,571564.57143
dnk,20210501,583238.42857
dnk,20210502,596121.42857
dnk,20210503,614289.14286
dnk,20210504,633021
dnk,20210505,653000.57143
dnk,20210506,674072.85714
dnk,20210507,698073.85714
dnk,20210508,725492.71429
dnk,20210509,753322.57143
dnk,20210510,779884.85714
dnk,20210511,806664
dnk,20210512,833130.85714
dnk,20210513,858771.57143
dnk,20210514,885295.42857
dnk,20210515,909584.71429
dnk,20210516,933467
dnk,20210517,956507.14286
dnk,20210518,980191.71429
dnk,20210519,1003258
dnk,20210520,1026700.14286
dnk,20210521,1048513.57143
dnk,20210522,1069964.85714
dnk,20210523,1090334.57143
dnk,20210524,1107799.57143
dnk,20210525,1122725.57143
dnk,20210526,1136163.57143
dnk,20210527,1148174
dnk,20210528,1158791.28571
dnk,20210529,1168444.57143
dnk,20210530,1178179.14286
dnk,20210531,1189530
dnk,20210601,1201460.28571
dnk,20210602,1214030.14286
dnk,20210603,1227959.85714
dnk,20210604,1242297
dnk,20210605,1256731.14286
dnk,20210606,1272058.71429
dnk,20210607,1287102.57143
dnk,20210608,1302907
dnk,20210609,1319513.85714
dnk,20210610,1335068
dnk,20210611,1351052.28571
dnk,20210612,1367674.71429
dnk,20210613,1383900
dnk,20210614,1400131.14286
dnk,20210615,1415600.14286
dnk,20210616,1431403.71429
dnk,20210617,1448107.71429
dnk,20210618,1466366.71429
dnk,20210619,1485630.85714
dnk,20210620,1505558.71429
dnk,20210621,1526379.57143
dnk,20210622,1548565.85714
dnk,20210623,1571818.14286
dnk,20210624,1596963.57143
dnk,20210625,1622976.14286
dnk,20210626,1649701.57143
dnk,20210627,1677711
dnk,20210628,1706938.28571
dnk,20210629,1738367.57143
dnk,20210630,1770702.42857
dnk,20210701,1803969
dnk,20210702,1838887.28571
dnk,20210703,1875282.71429
dnk,20210704,1912445.14286
dnk,20210705,1950911
dnk,20210706,1989430
dnk,20210707,2028124.42857
dnk,20210708,2066296.28571
dnk,20210709,2102941
dnk,20210710,2138044.14286
dnk,20210711,2172114.71429
dnk,20210712,2207824.28571
dnk,20210713,2244589.85714
dnk,20210714,2282093.28571
dnk,20210715,2321979.14286
dnk,20210716,2363336.85714
dnk,20210717,2405357.71429
dnk,20210718,2449076.42857
dnk,20210719,2492813.42857
dnk,20210720,2537520.14286
dnk,20210721,2583697.85714
dnk,20210722,2629626.28571
dnk,20210723,2675576.42857
dnk,20210724,2721138.57143
dnk,20210725,2766369
dnk,20210726,2809817.28571
dnk,20210727,2851606.71429
dnk,20210728,2891721
dnk,20210729,2930028.85714
dnk,20210730,2967074.28571
dnk,20210731,3003599.28571
dnk,20210801,3038359.42857
dnk,20210802,3072916
dnk,20210803,3107222.71429
dnk,20210804,3141705.42857
dnk,20210805,3176300.71429
dnk,20210806,3211635.28571
dnk,20210807,3247946.85714
dnk,20210808,3286626.42857
dnk,20210809,3327408.71429
dnk,20210810,3369842.57143
dnk,20210811,3414117.57143
dnk,20210812,3459847.57143
dnk,20210813,3506559.28571
dnk,20210814,3554454.42857
dnk,20210815,3602578.14286
dnk,20210816,3649218.71429
dnk,20210817,3693431.85714
dnk,20210818,3734661.42857
dnk,20210819,3772524.14286
dnk,20210820,3807803.14286
dnk,20210821,3840866.57143
dnk,20210822,3870900
dnk,20210823,3898837.85714
dnk,20210824,3925495.85714
dnk,20210825,3949614.57143
dnk,20210826,3972579.14286
dnk,20210827,3994351.42857
dnk,20210828,4014751.42857
dnk,20210829,4034516.57143
dnk,20210830,4053452.57143
dnk,20210831,4070740.85714
dnk,20210901,4086861.42857
dnk,20210902,4101789.14286
dnk,20210903,4115068.85714
dnk,20210904,4127953.14286
dnk,20210905,4140018.14286
dnk,20210906,4149926
dnk,20210907,4158527.57143
dnk,20210908,4166589.85714
dnk,20210909,4174099.71429
dnk,20210910,4181424
dnk,20210911,4188536.85714
dnk,20210912,4195496.42857
dnk,20210913,4202068.28571
dnk,20210914,4208284.14286
dnk,20210915,4214336.57143
dnk,20210916,4220176.28571
dnk,20210917,4225640.14286
dnk,20210918,4230803.71429
dnk,20210919,4235710.42857
dnk,20210920,4240545.28571
dnk,20210921,4245260
dnk,20210922,4249733.42857
dnk,20210923,4254035.14286
dnk,20210924,4258142.28571
dnk,20210925,4262053.42857
dnk,20210926,4265919.28571
dnk,20210927,4269369.57143
dnk,20210928,4272631.42857
dnk,20210929,4275796.28571
dnk,20210930,4278872.42857
dnk,20211001,4281864.42857
dnk,20211002,4284872.57143
dnk,20211003,4287718.14286
dnk,20211004,4290456.57143
dnk,20211005,4293225.42857
dnk,20211006,4296027.28571
dnk,20211007,4298810.71429
dnk,20211008,4301563
dnk,20211009,4304297.57143
dnk,20211010,4306943.42857
dnk,20211011,4309490.14286
dnk,20211012,4311970.71429
dnk,20211013,4314324.71429
dnk,20211014,4316589.42857
dnk,20211015,4318774.85714
dnk,20211016,4320845.14286
dnk,20211017,4322883.42857
dnk,20211018,4324856.14286
dnk,20211019,4326716.57143
dnk,20211020,4328508.85714
dnk,20211021,4330239
dnk,20211022,4331910.14286
dnk,20211023,4333546.85714
dnk,20211024,4335164.57143
dnk,20211025,4336804.28571
dnk,20211026,4338403.57143
dnk,20211027,4339994.28571
dnk,20211028,4341593.14286
dnk,20211029,4343202
dnk,20211030,4344778.42857
dnk,20211031,4346356
dnk,20211101,4347946.42857
dnk,20211102,4349496
dnk,20211103,4351012.85714
dnk,20211104,4352485.28571
dnk,20211105,4353946.71429
dnk,20211106,4355407
dnk,20211107,4356841.85714
dnk,20211108,4358284
dnk,20211109,4359800.42857
dnk,20211110,4361398.71429
dnk,20211111,4363087
dnk,20211112,4364840.28571
dnk,20211113,4366636.28571
dnk,20211114,4368482
dnk,20211115,4370428.14286
dnk,20211116,4372364.14286
dnk,20211117,4374271
dnk,20211118,4376163
dnk,20211119,4378008
dnk,20211120,4379856.57143
dnk,20211121,4381702.14286
dnk,20211122,4383523.71429
dnk,20211123,4385344.14286
dnk,20211124,4387189.57143
dnk,20211125,4389056
dnk,20211126,4390983
dnk,20211127,4392956
dnk,20211128,4395014.14286
dnk,20211129,4397182.28571
dnk,20211130,4399553.85714
dnk,20211201,4402135.14286
dnk,20211202,4404903
dnk,20211203,4407850.85714
dnk,20211204,4410931.14286
dnk,20211205,4414089.42857
dnk,20211206,4417509.42857
dnk,20211207,4421084.85714
dnk,20211208,4424845.42857
dnk,20211209,4428708
dnk,20211210,4432623
dnk,20211211,4436503.85714
dnk,20211212,4440383.71429
dnk,20211213,4444180.71429
dnk,20211214,4447920.42857
dnk,20211215,4451568
dnk,20211216,4455186
dnk,20211217,4458822.42857
dnk,20211218,4462525.14286
dnk,20211219,4466374.71429
dnk,20211220,4470502.85714
dnk,20211221,4474814.14286
dnk,20211222,4479223.42857
dnk,20211223,4483498.85714
dnk,20211224,4487222.57143
dnk,20211225,4490606.42857
dnk,20211226,4493765.42857
dnk,20211227,4497817
dnk,20211228,4502534.42857
dnk,20211229,4507934.57143
dnk,20211230,4513832.57143
dnk,20211231,4519755
dnk,20220101,4525741.28571
dnk,20220102,4532604.71429
dnk,20220103,4539687.14286
dnk,20220104,4546988
dnk,20220105,4554460.57143
dnk,20220106,4562604.28571
dnk,20220107,4572400.85714
dnk,20220108,4583657.14286
dnk,20220109,4595113
dnk,20220110,4605826.28571
dnk,20220111,4616057.57143
dnk,20220112,4625836.57143
dnk,20220113,4634940
dnk,20220114,4643131
dnk,20220115,4650333.42857
dnk,20220116,4656747.71429
dnk,20220117,4662549.42857
dnk,20220118,4667752.28571
dnk,20220119,4672420.42857
dnk,20220120,4676720.71429
dnk,20220121,4680736.85714
dnk,20220122,4684517.57143
dnk,20220123,4688114.28571
dnk,20220124,4691438.14286
dnk,20220125,4694543
dnk,20220126,4697374.71429
dnk,20220127,4699975.14286
dnk,20220128,4702439.71429
dnk,20220129,4704810.85714
dnk,20220130,4707113
dnk,20220131,4709269.71429
dnk,20220201,4711217.28571
dnk,20220202,4712989.28571
dnk,20220203,4714594.28571
dnk,20220204,4716005.28571
dnk,20220205,4717286.71429
dnk,20220206,4718414.71429
dnk,20220207,4719438.28571
dnk,20220208,4720422.85714
dnk,20220209,4721362.71429
dnk,20220210,4722247.85714
dnk,20220211,4723086.14286
dnk,20220212,4723888.71429
dnk,20220213,4724673
dnk,20220214,4725399.14286
dnk,20220215,4726051.28571
dnk,20220216,4726650.14286
dnk,20220217,4727214.14286
dnk,20220218,4727711.42857
dnk,20220219,4728143.28571
dnk,20220220,4728539.57143
dnk,20220221,4728924.14286
dnk,20220222,4729304.28571
dnk,20220223,4729670.71429
dnk,20220224,4730027.71429
dnk,20220225,4730363.28571
dnk,20220226,4730701.71429
dnk,20220227,4731041.42857
dnk,20220228,4731377.71429
dnk,20220301,4731697.57143
dnk,20220302,4732007.28571
dnk,20220303,4732293
dnk,20220304,4732565.57143
dnk,20220305,4732823.14286
dnk,20220306,4733070.71429
dnk,20220307,4733303.85714
dnk,20220308,4733520.42857
dnk,20220309,4733720.71429
dnk,20220310,4733920.42857
dnk,20220311,4734109.71429
dnk,20220312,4734285.42857
dnk,20220313,4734459.71429
dnk,20220314,4734622.85714
dnk,20220315,4734791.85714
dnk,20220316,4734952.85714
dnk,20220317,4735106.85714
dnk,20220318,4735251.57143
dnk,20220319,4735395.28571
dnk,20220320,4735539
dnk,20220321,4735680.85714
dnk,20220322,4735814.71429
dnk,20220323,4735939.71429
dnk,20220324,4736055.71429
dom,20210330,54395
dom,20210414,327197.5
dom,20210425,469489.66667
dom,20210426,544133.5
dom,20210427,591193
dom,20210428,623844.66667
dom,20210429,647842.71429
dom,20210430,753756.42857
dom,20210501,781854
dom,20210502,787981.85714
dom,20210503,792685.14286
dom,20210504,796231.85714
dom,20210505,799111.85714
dom,20210506,801406.42857
dom,20210507,803442.71429
dom,20210508,805408.71429
dom,20210509,807349.71429
dom,20210510,809006.14286
dom,20210511,810527.71429
dom,20210512,811875
dom,20210513,813364.14286
dom,20210514,814819.42857
dom,20210515,816259.42857
dom,20210516,817700.14286
dom,20210518,819558.85714
dom,20210519,821616.57143
dom,20210520,825676.57143
dom,20210521,833342.85714
dom,20210522,841802.42857
dom,20210523,850756.28571
dom,20210524,863918.85714
dom,20210525,880882.14286
dom,20210526,901910.57143
dom,20210527,924941.71429
dom,20210528,948051.71429
dom,20210529,971136
dom,20210530,993940.14286
dom,20210531,1018889.42857
dom,20210601,1047220.57143
dom,20210602,1079318.85714
dom,20210603,1111441.57143
dom,20210604,1149871.85714
dom,20210605,1191281.85714
dom,20210606,1234921.71429
dom,20210607,1286038
dom,20210608,1346325
dom,20210609,1415861.28571
dom,20210610,1501056.28571
dom,20210611,1592928.85714
dom,20210612,1685380.28571
dom,20210613,1777478.57143
dom,20210614,1870729.57143
dom,20210615,1959592.85714
dom,20210616,2040216
dom,20210617,2112116
dom,20210618,2178803.85714
dom,20210619,2246535.14286
dom,20210620,2314779.14286
dom,20210621,2378849.42857
dom,20210622,2439387.85714
dom,20210623,2497019.42857
dom,20210624,2548643.28571
dom,20210625,2592351.85714
dom,20210626,2631648.57143
dom,20210627,2668884.57143
dom,20210628,2700840.42857
dom,20210629,2731910.57143
dom,20210630,2765747.71429
dom,20210703,2818091.57143
dom,20210704,2871057.57143
dom,20210705,2937460.57143
dom,20210706,3018563
dom,20210707,3108979.57143
dom,20210708,3200582.85714
dom,20210709,3289514.42857
dom,20210710,3357735.57143
dom,20210711,3423200.57143
dom,20210712,3477796.57143
dom,20210713,3521367.28571
dom,20210714,3553743.57143
dom,20210715,3580711.85714
dom,20210716,3605992.42857
dom,20210717,3631346.42857
dom,20210718,3656434.14286
dom,20210719,3685875.42857
dom,20210720,3719146.71429
dom,20210721,3756883
dom,20210722,3797775.85714
dom,20210723,3839549.57143
dom,20210724,3879939.85714
dom,20210725,3919334.71429
dom,20210726,3955989
dom,20210727,3991929.85714
dom,20210728,4026975.57143
dom,20210729,4059882.71429
dom,20210730,4091493.28571
dom,20210731,4122852.28571
dom,20210801,4154380.28571
dom,20210802,4184941
dom,20210803,4212632.57143
dom,20210804,4237318.85714
dom,20210805,4260596.14286
dom,20210806,4282439.14286
dom,20210807,4303907.85714
dom,20210808,4325298.71429
dom,20210809,4345418.85714
dom,20210810,4364654.14286
dom,20210811,4381437.14286
dom,20210812,4395883
dom,20210813,4409681.71429
dom,20210814,4423229
dom,20210815,4436575.14286
dom,20210816,4446807.42857
dom,20210817,4455926
dom,20210818,4466146.42857
dom,20210819,4477842.71429
dom,20210820,4489164.71429
dom,20210821,4500553.85714
dom,20210822,4512011.57143
dom,20210823,4525717.71429
dom,20210824,4539386.71429
dom,20210825,4552743.28571
dom,20210826,4565509.57143
dom,20210827,4578182.14286
dom,20210828,4590687.28571
dom,20210829,4603088.71429
dom,20210830,4615162.57143
dom,20210831,4626879.85714
dom,20210901,4637916.71429
dom,20210902,4648525.57143
dom,20210903,4658718.42857
dom,20210904,4668773.85714
dom,20210905,4678776.14286
dom,20210906,4688239.42857
dom,20210907,4697183
dom,20210908,4706006.71429
dom,20210909,4714645.57143
dom,20210910,4723211.28571
dom,20210911,4731685.71429
dom,20210912,4740141.42857
dom,20210913,4748638.14286
dom,20210914,4757097.85714
dom,20210915,4765329.14286
dom,20210916,4773570.28571
dom,20210917,4781927.42857
dom,20210918,4790321.42857
dom,20210919,4798756.42857
dom,20210920,4807136.28571
dom,20210921,4815572.57143
dom,20210922,4823952.28571
dom,20210923,4832256.85714
dom,20210924,4839358.57143
dom,20210925,4846400
dom,20210926,4853444.14286
dom,20210927,4860488.71429
dom,20210928,4867390.28571
dom,20210929,4874213.57143
dom,20210930,4880995.28571
dom,20211001,4888716.71429
dom,20211002,4896478.28571
dom,20211003,4904189.71429
dom,20211004,4911512
dom,20211005,4918701.85714
dom,20211006,4925782.42857
dom,20211007,4932677.14286
dom,20211008,4939553.42857
dom,20211009,4946727.71429
dom,20211010,4954119.28571
dom,20211011,4962688.28571
dom,20211012,4972446.28571
dom,20211013,4983879.14286
dom,20211014,4997311
dom,20211015,5012482.14286
dom,20211016,5028410.14286
dom,20211017,5044868
dom,20211018,5063783.85714
dom,20211019,5085467.42857
dom,20211020,5108846.85714
dom,20211021,5133218.14286
dom,20211022,5157739.14286
dom,20211023,5181821.28571
dom,20211024,5205393.28571
dom,20211025,5226616.28571
dom,20211026,5244880.85714
dom,20211027,5260428.14286
dom,20211028,5273424.85714
dom,20211029,5284522.42857
dom,20211030,5295082.57143
dom,20211031,5305471.57143
dom,20211101,5314999.85714
dom,20211102,5323888
dom,20211103,5332463.42857
dom,20211104,5340999.42857
dom,20211105,5349870.71429
dom,20211106,5358518.28571
dom,20211107,5367201.57143
dom,20211108,5376527.57143
dom,20211109,5386472.57143
dom,20211110,5396988.71429
dom,20211111,5407991.85714
dom,20211112,5419172
dom,20211113,5430723.14286
dom,20211114,5442289.85714
dom,20211115,5453692.71429
dom,20211116,5465061.28571
dom,20211117,5476062.85714
dom,20211119,5487626.14286
dom,20211120,5497953
dom,20211121,5507773.28571
dom,20211122,5518917
dom,20211123,5529866.71429
dom,20211124,5539564
dom,20211125,5548620.14286
dom,20211126,5555909.71429
dom,20211127,5563041.28571
dom,20211128,5570079.57143
dom,20211129,5576733.85714
dom,20211130,5582889.14286
dom,20211201,5589092.71429
dom,20211202,5594358.71429
dom,20211203,5599644.14286
dom,20211204,5604920.85714
dom,20211205,5610188.57143
dom,20211206,5615174.42857
dom,20211207,5619806.28571
dom,20211208,5624219.57143
dom,20211210,5629935.71429
dom,20211211,5634862.85714
dom,20211212,5639518.57143
dom,20211213,5644800.14286
dom,20211214,5649855.28571
dom,20211215,5654635.42857
dom,20211216,5659264.14286
dom,20211217,5663077.28571
dom,20211218,5666856.85714
dom,20211219,5670615
dom,20211220,5674013.28571
dom,20211222,5677673.71429
dom,20211223,5680922.57143
dom,20211224,5683509.28571
dom,20211227,5685645.28571
dom,20211228,5687999
dom,20211229,5690700.42857
dom,20211230,5693192.28571
dom,20211231,5694794.85714
dom,20220101,5696198
dom,20220102,5697581.85714
dom,20220103,5699187
dom,20220104,5701293.57143
dom,20220105,5703542.85714
dom,20220106,5706178.71429
dom,20220107,5709252.14286
dom,20220108,5712522.28571
dom,20220109,5715837.14286
dom,20220110,5718794.71429
dom,20220111,5721532.14286
dom,20220112,5724290.14286
dom,20220113,5727099.57143
dom,20220114,5729935.85714
dom,20220115,5732752
dom,20220116,5735570.14286
dom,20220117,5738843.85714
dom,20220118,5742054.57143
dom,20220120,5745918.85714
dom,20220121,5749289.42857
dom,20220122,5752263.42857
dom,20220123,5755146.42857
dom,20220124,5758081.42857
dom,20220125,5761244.28571
dom,20220126,5764557.57143
dom,20220127,5767406
dom,20220128,5770934.71429
dom,20220129,5774651
dom,20220130,5778457.42857
dom,20220131,5782927
dom,20220202,5788285.71429
dom,20220203,5793592.28571
dom,20220204,5798730.28571
dom,20220205,5803315.85714
dom,20220206,5807669.85714
dom,20220207,5812435.57143
dom,20220208,5816994.42857
dom,20220209,5820409.28571
dom,20220210,5823652.42857
dom,20220211,5826768.85714
dom,20220212,5829797.42857
dom,20220213,5832809.14286
dom,20220214,5835529.57143
dom,20220215,5838048
dom,20220216,5840377.42857
dom,20220217,5842399.14286
dom,20220218,5844126.71429
dom,20220219,5845750.57143
dom,20220220,5847313.28571
dom,20220221,5848727.57143
dom,20220222,5849937.57143
dom,20220223,5850924.42857
dom,20220224,5851859.85714
dom,20220225,5852817.71429
dom,20220226,5853786.71429
dom,20220227,5854757
dom,20220228,5855747.85714
dom,20220303,5857124.71429
dom,20220307,5858640.71429
dom,20220308,5860158.85714
dom,20220309,5861666.42857
dom,20220310,5863538.28571
dom,20220312,5865572.85714
dom,20220313,5867504
dom,20220314,5869390
dom,20220316,5871586.57143
dom,20220317,5874482.42857
dom,20220318,5878194.71429
dom,20220319,5882116.28571
dom,20220320,5885959
dom,20220321,5889757.14286
dom,20220322,5893667.28571
dom,20220323,5898376.14286
dom,20220325,5902925.85714
dza,20210820,724812
dza,20210904,1862406
dza,20210925,2585918
dza,20211024,3127421.75
dza,20211027,3461281.8
dza,20211030,3686906
dza,20211102,3856220.85714
dza,20211108,4452288.85714
dza,20211113,4728066.42857
dza,20211121,4908866.71429
dza,20211122,4989164.28571
dza,20211125,5066808.42857
dza,20211129,5147573.85714
dza,20211130,5221734.14286
dza,20211214,5315650.42857
dza,20211221,5412592.85714
dza,20220109,5483719.71429
dza,20220208,5582223
dza,20220220,5687371.71429
dza,20220309,5791704.14286
ecu,20210203,1
ecu,20210204,21.5
ecu,20210205,28.33333
ecu,20210206,31.75
ecu,20210207,33.8
ecu,20210208,35.16667
ecu,20210209,36.14286
ecu,20210210,42.71429
ecu,20210211,256.42857
ecu,20210212,527.57143
ecu,20210213,804
ecu,20210214,1080.42857
ecu,20210215,1356.85714
ecu,20210216,1633.28571
ecu,20210217,1919.57143
ecu,20210218,2201.28571
ecu,20210219,2476.57143
ecu,20210220,2746.71429
ecu,20210221,3017
ecu,20210222,3308
ecu,20210223,3599.14286
ecu,20210224,3940.42857
ecu,20210225,4260.14286
ecu,20210226,4641.85714
ecu,20210227,5024
ecu,20210228,5406
ecu,20210301,5767.42857
ecu,20210302,6128.85714
ecu,20210303,6429.57143
ecu,20210304,6556.28571
ecu,20210305,6572.14286
ecu,20210306,6587.71429
ecu,20210307,6603.28571
ecu,20210308,6618.71429
ecu,20210309,6634
ecu,20210310,6674.42857
ecu,20210311,7506.57143
ecu,20210312,9297.42857
ecu,20210313,11188.71429
ecu,20210314,13081
ecu,20210315,15136.42857
ecu,20210316,17192.28571
ecu,20210317,19225
ecu,20210318,21222.71429
ecu,20210319,23024.14286
ecu,20210320,25281
ecu,20210321,27537.57143
ecu,20210322,29736.85714
ecu,20210323,31977.71429
ecu,20210324,34229.42857
ecu,20210325,37225.14286
ecu,20210326,41310.85714
ecu,20210327,45118.85714
ecu,20210328,48926.14286
ecu,20210329,52960.14286
ecu,20210330,57407.57143
ecu,20210331,61852
ecu,20210401,66195.42857
ecu,20210402,69790.28571
ecu,20210403,73350.71429
ecu,20210404,76938.42857
ecu,20210405,82565.85714
ecu,20210406,88745.57143
ecu,20210407,95526.42857
ecu,20210408,101831.71429
ecu,20210409,107520.85714
ecu,20210410,113219
ecu,20210411,118891.14286
ecu,20210412,123336.42857
ecu,20210413,127994.71429
ecu,20210414,132633.57143
ecu,20210415,137526
ecu,20210416,144060.57143
ecu,20210417,151022.42857
ecu,20210418,158025.57143
ecu,20210419,164610.71429
ecu,20210420,170584.57143
ecu,20210421,176878
ecu,20210422,182413.14286
ecu,20210423,187071
ecu,20210424,191713
ecu,20210425,196357.71429
ecu,20210426,201795.28571
ecu,20210427,208163.28571
ecu,20210428,214840
ecu,20210429,221392.57143
ecu,20210430,228378.57143
ecu,20210501,235244.71429
ecu,20210502,242183.85714
ecu,20210503,248113.71429
ecu,20210504,253524.14286
ecu,20210505,259030.57143
ecu,20210506,265758
ecu,20210507,271659.28571
ecu,20210508,277282.71429
ecu,20210509,282854.28571
ecu,20210510,288404
ecu,20210511,294576.85714
ecu,20210512,302568.85714
ecu,20210513,312212.42857
ecu,20210514,323803.14286
ecu,20210515,338262
ecu,20210516,353593.85714
ecu,20210517,371402.28571
ecu,20210518,391077
ecu,20210519,411627.71429
ecu,20210520,433673.42857
ecu,20210521,458613.85714
ecu,20210522,483195
ecu,20210523,507917.14286
ecu,20210524,529996
ecu,20210525,548728.71429
ecu,20210526,570962.42857
ecu,20210527,596900.14286
ecu,20210528,623193.28571
ecu,20210529,649573.57143
ecu,20210530,675995.42857
ecu,20210531,706814.85714
ecu,20210601,741093.42857
ecu,20210602,771804.71429
ecu,20210603,798285.57143
ecu,20210604,823940.57143
ecu,20210605,849257.42857
ecu,20210606,875069.42857
ecu,20210607,898763.14286
ecu,20210608,921494
ecu,20210609,943419.42857
ecu,20210610,965976.14286
ecu,20210611,989646.85714
ecu,20210612,1014204.42857
ecu,20210613,1038979.14286
ecu,20210614,1063564.42857
ecu,20210615,1088165.42857
ecu,20210616,1114437.57143
ecu,20210617,1142356
ecu,20210618,1168087.28571
ecu,20210619,1192009.71429
ecu,20210620,1214620.28571
ecu,20210621,1236825
ecu,20210622,1258241.71429
ecu,20210623,1277266
ecu,20210624,1293904
ecu,20210625,1308682
ecu,20210626,1324264
ecu,20210627,1340501.42857
ecu,20210628,1357792.71429
ecu,20210629,1375581.28571
ecu,20210630,1394685.14286
ecu,20210701,1416052.85714
ecu,20210702,1441510.85714
ecu,20210703,1468322.14286
ecu,20210704,1496552.28571
ecu,20210705,1526930.71429
ecu,20210706,1560612
ecu,20210707,1595557.42857
ecu,20210708,1629544.57143
ecu,20210709,1662573.85714
ecu,20210710,1694611.14286
ecu,20210711,1725907.85714
ecu,20210712,1755940.57143
ecu,20210713,1784766.57143
ecu,20210714,1812996.85714
ecu,20210715,1839334
ecu,20210716,1864567.42857
ecu,20210717,1889877.28571
ecu,20210718,1915426.85714
ecu,20210719,1939840.28571
ecu,20210720,1962576.71429
ecu,20210721,1983305.85714
ecu,20210722,2004649.71429
ecu,20210723,2025839.28571
ecu,20210724,2046881.85714
ecu,20210725,2067515.14286
ecu,20210726,2091092.85714
ecu,20210727,2120359.85714
ecu,20210728,2158258.57143
ecu,20210729,2200703.28571
ecu,20210730,2247058.28571
ecu,20210731,2296782.28571
ecu,20210801,2351537.71429
ecu,20210802,2415116
ecu,20210803,2487802
ecu,20210804,2569287.57143
ecu,20210805,2665337.42857
ecu,20210806,2782070.57143
ecu,20210807,2920041.57143
ecu,20210808,3074894.14286
ecu,20210809,3215749.57143
ecu,20210810,3392720.85714
ecu,20210811,3597631.42857
ecu,20210812,3817867.14286
ecu,20210813,4037580.14286
ecu,20210814,4244737.42857
ecu,20210815,4437528
ecu,20210816,4683505.14286
ecu,20210817,4933983.85714
ecu,20210818,5191424.28571
ecu,20210819,5456731.42857
ecu,20210820,5733031.71429
ecu,20210821,6021876.85714
ecu,20210822,6320245.85714
ecu,20210823,6592036.14286
ecu,20210824,6837841.85714
ecu,20210825,7060968.42857
ecu,20210826,7272880.14286
ecu,20210827,7483268
ecu,20210828,7692762
ecu,20210829,7899651.85714
ecu,20210830,8104885.14286
ecu,20210831,8300359.42857
ecu,20210908,8565696.28571
ecu,20210909,8802592.14286
ecu,20210910,9008698.85714
ecu,20210911,9189797
ecu,20210912,9355444.28571
ecu,20210913,9499844.71429
ecu,20210914,9626277.28571
ecu,20210915,9655139.85714
ecu,20210920,9686614.85714
ecu,20210921,9713827
ecu,20210922,9742015.71429
ecu,20210923,9771530.85714
ecu,20210924,9799257.42857
ecu,20210925,9822802.42857
ecu,20210926,9842132.85714
ecu,20210927,9854069.14286
ecu,20210928,9865122.85714
ecu,20210929,9875712.85714
ecu,20210930,9885892.57143
ecu,20211001,9895693.57143
ecu,20211002,9905356.57143
ecu,20211003,9914982
ecu,20211004,9924348.71429
ecu,20211005,9933606.28571
ecu,20211006,9942467.42857
ecu,20211007,9950969.85714
ecu,20211008,9958200.28571
ecu,20211009,9965310.85714
ecu,20211010,9972399.14286
ecu,20211011,9979879.14286
ecu,20211012,9987306.28571
ecu,20211013,9994587
ecu,20211014,10002387.14286
ecu,20211015,10011870
ecu,20211016,10021628.57143
ecu,20211017,10031483.57143
ecu,20211018,10041809
ecu,20211019,10053185
ecu,20211020,10066777.14286
ecu,20211021,10081954.28571
ecu,20211022,10098362.57143
ecu,20211023,10115109.71429
ecu,20211024,10131903.57143
ecu,20211025,10149852.57143
ecu,20211026,10169271.57143
ecu,20211027,10188928.14286
ecu,20211028,10209359.28571
ecu,20211029,10229992
ecu,20211030,10250516.71429
ecu,20211031,10271040.14286
ecu,20211101,10288026.42857
ecu,20211102,10300996.14286
ecu,20211103,10310348.42857
ecu,20211104,10319248.57143
ecu,20211105,10327823.14286
ecu,20211106,10336301.85714
ecu,20211107,10344773.14286
ecu,20211108,10356917.28571
ecu,20211109,10373526
ecu,20211110,10394985.42857
ecu,20211111,10418308
ecu,20211112,10442646.57143
ecu,20211113,10467698.42857
ecu,20211114,10493120.42857
ecu,20211115,10520130.71429
ecu,20211116,10548871.42857
ecu,20211117,10580305.71429
ecu,20211118,10614823
ecu,20211119,10653628.14286
ecu,20211120,10694710.71429
ecu,20211121,10737633.71429
ecu,20211122,10793092.14286
ecu,20211123,10852771.28571
ecu,20211124,10917301.14286
ecu,20211125,10985708.42857
ecu,20211126,11057134
ecu,20211127,11127517.85714
ecu,20211128,11196787.57143
ecu,20211129,11256764.71429
ecu,20211130,11313768.57143
ecu,20211201,11365388.57143
ecu,20211202,11412888.42857
ecu,20211203,11455308.57143
ecu,20211204,11497229.85714
ecu,20211205,11538846.28571
ecu,20211206,11576788
ecu,20211207,11613410.28571
ecu,20211208,11650379
ecu,20211209,11688214.28571
ecu,20211210,11729569.85714
ecu,20211211,11773201.57143
ecu,20211212,11818175.57143
ecu,20211213,11867372.57143
ecu,20211214,11919367
ecu,20211215,11977071.71429
ecu,20211216,12035229.28571
ecu,20211217,12090987.42857
ecu,20211218,12145332.57143
ecu,20211219,12198848.42857
ecu,20211220,12250787.42857
ecu,20211221,12302194.14286
ecu,20211222,12346683.57143
ecu,20211223,12387095.14286
ecu,20211224,12420071.85714
ecu,20211225,12451197.14286
ecu,20211226,12481188.28571
ecu,20211227,12509434.85714
ecu,20211228,12536284.57143
ecu,20211229,12562758.85714
ecu,20211230,12587515.85714
ecu,20211231,12611970.57143
ecu,20220101,12635534.14286
ecu,20220102,12658968.57143
ecu,20220103,12680154.28571
ecu,20220104,12698729.85714
ecu,20220105,12716078.42857
ecu,20220106,12734432
ecu,20220107,12757114.14286
ecu,20220108,12781207.85714
ecu,20220109,12806229.57143
ecu,20220110,12833356.71429
ecu,20220111,12862152.85714
ecu,20220112,12892073.85714
ecu,20220113,12922157.28571
ecu,20220114,12952317.42857
ecu,20220115,12982685.85714
ecu,20220116,13013206.42857
ecu,20220117,13042407
ecu,20220118,13068994.42857
ecu,20220119,13092720
ecu,20220120,13114316.14286
ecu,20220121,13134095
ecu,20220122,13153114.71429
ecu,20220123,13171288.28571
ecu,20220124,13187450
ecu,20220125,13202366.14286
ecu,20220126,13216535.28571
ecu,20220127,13229915.14286
ecu,20220128,13242443
ecu,20220129,13254681.28571
ecu,20220130,13266826
ecu,20220131,13278393.71429
ecu,20220201,13289400.71429
ecu,20220202,13299853.28571
ecu,20220203,13309888.28571
ecu,20220204,13319675.14286
ecu,20220205,13329499.85714
ecu,20220206,13339456.57143
ecu,20220207,13349605.85714
ecu,20220208,13359983.14286
ecu,20220209,13370598.71429
ecu,20220210,13381302.71429
ecu,20220211,13391867.85714
ecu,20220212,13402302.28571
ecu,20220213,13412588.71429
ecu,20220214,13422255
ecu,20220215,13431403.57143
ecu,20220216,13440020
ecu,20220217,13448150.57143
ecu,20220218,13455971.28571
ecu,20220219,13463714.71429
ecu,20220220,13471358.14286
ecu,20220221,13479311.42857
ecu,20220222,13488241.28571
ecu,20220223,13498227
ecu,20220224,13509063.42857
ecu,20220225,13520186.57143
ecu,20220226,13531101
ecu,20220227,13541854.85714
ecu,20220228,13551039
ecu,20220301,13557844.85714
ecu,20220302,13563319.42857
ecu,20220303,13567972.85714
ecu,20220304,13572442.85714
ecu,20220305,13577026.28571
ecu,20220306,13581737.85714
ecu,20220307,13587558.71429
ecu,20220308,13594570.57143
ecu,20220309,13601600.28571
ecu,20220310,13609780.71429
ecu,20220311,13617509
ecu,20220312,13625177.85714
ecu,20220313,13632783.71429
ecu,20220314,13640042.14286
ecu,20220315,13646988
ecu,20220316,13653657
ecu,20220317,13658674.57143
ecu,20220318,13663519.85714
ecu,20220319,13668265.28571
ecu,20220320,13673055.14286
ecu,20220321,13677666.71429
ecu,20220322,13681670.71429
ecu,20220323,13685699
egy,20210509,235852
egy,20210511,236936
egy,20210522,258805.33333
egy,20210523,271258.25
egy,20210524,279835.8
egy,20210525,285752.83333
egy,20210529,292345.71429
egy,20210601,309646.57143
egy,20210609,349935.28571
egy,20210612,388864
egy,20210614,440206.42857
egy,20210616,492026.85714
egy,20210620,546209
egy,20210623,601737.71429
egy,20210627,659871.42857
egy,20210628,697074.14286
egy,20210704,740825.85714
egy,20210706,778234.85714
egy,20210707,817767.14286
egy,20210708,858485.14286
egy,20210712,959678.57143
egy,20210725,1080223
egy,20210726,1202947.57143
egy,20210801,1332328.42857
egy,20210805,1457858.85714
egy,20210810,1588288.42857
egy,20210816,1756612
egy,20210825,1965988
egy,20210827,2182658.42857
egy,20210901,2406861.57143
egy,20210905,2652304.71429
egy,20210909,2921613
egy,20210915,3261492.14286
egy,20210916,3639732.57143
egy,20210923,3912732.14286
egy,20210927,4280475.57143
egy,20210930,4657170.42857
egy,20211008,5099613.57143
egy,20211017,5669608.14286
egy,20211023,6254354.85714
egy,20211029,7077472.42857
egy,20211101,7977025.14286
egy,20211106,8850258.57143
egy,20211110,9911040.14286
egy,20211113,10947012.57143
egy,20211120,11852514.57143
egy,20211128,12842855.28571
egy,20211129,13549776
egy,20211204,14319047.42857
egy,20211206,15035723.85714
egy,20211211,15649455.14286
egy,20211214,16271035.42857
egy,20211218,16994945.71429
egy,20211220,17610436.57143
egy,20211224,18340655.57143
egy,20220104,19246688
egy,20220108,20208080.28571
egy,20220115,21246993.28571
egy,20220121,22323081.71429
egy,20220124,23341417.85714
egy,20220130,24425041.14286
egy,20220206,25541229.14286
egy,20220209,26390874
egy,20220219,27234857.71429
egy,20220226,27965433.85714
egy,20220301,28599240.28571
egy,20220315,29318737.42857
esp,20210118,2315
esp,20210119,5828
esp,20210120,9099.33333
esp,20210121,19088.5
esp,20210122,28962
esp,20210124,38918
esp,20210125,51029.28571
esp,20210126,75422.28571
esp,20210127,101624.85714
esp,20210128,135371.14286
esp,20210131,179490.57143
esp,20210201,229499.57143
esp,20210202,288111
esp,20210203,354171.71429
esp,20210204,427006.42857
esp,20210207,511813.28571
esp,20210208,595658.42857
esp,20210209,671628.57143
esp,20210210,746594.14286
esp,20210211,818238
esp,20210214,887376.42857
esp,20210215,946521.14286
esp,20210216,994060.14286
esp,20210217,1037742.14286
esp,20210218,1077934
esp,20210221,1114188.71429
esp,20210222,1143877.28571
esp,20210223,1165461.85714
esp,20210224,1184727.57143
esp,20210225,1202528
esp,20210228,1219284
esp,20210301,1232951.71429
esp,20210302,1245800.42857
esp,20210303,1260173
esp,20210304,1277501.85714
esp,20210307,1299174.14286
esp,20210308,1323238.85714
esp,20210309,1349808.85714
esp,20210310,1383602.85714
esp,20210311,1425923.14286
esp,20210315,1480889
esp,20210316,1536039.28571
esp,20210317,1596200.28571
esp,20210318,1663997
esp,20210322,1758715.57143
esp,20210323,1852049.85714
esp,20210324,1951048.28571
esp,20210325,2050838
esp,20210326,2161881.57143
esp,20210329,2276109.28571
esp,20210330,2384289.71429
esp,20210331,2471463.42857
esp,20210401,2562951.57143
esp,20210403,2643653.71429
esp,20210405,2709454.28571
esp,20210406,2766089.85714
esp,20210407,2814321.57143
esp,20210408,2868089.28571
esp,20210409,2918235.71429
esp,20210412,2962724.57143
esp,20210413,3004859.28571
esp,20210414,3052342.14286
esp,20210415,3102520.14286
esp,20210416,3157787.28571
esp,20210419,3213710.71429
esp,20210420,3267997.85714
esp,20210421,3339879.14286
esp,20210422,3430154
esp,20210423,3526954.42857
esp,20210425,3626087
esp,20210426,3724979
esp,20210427,3832813.85714
esp,20210428,3970194.57143
esp,20210429,4124217.42857
esp,20210502,4316443.57143
esp,20210503,4507801.85714
esp,20210504,4714494.71429
esp,20210505,4953906.42857
esp,20210506,5209576.85714
esp,20210509,5467818.57143
esp,20210510,5701773
esp,20210511,5900255.85714
esp,20210512,6116521.42857
esp,20210513,6342574
esp,20210516,6559272.42857
esp,20210517,6754554.57143
esp,20210518,6932797
esp,20210519,7128488.57143
esp,20210520,7323107.85714
esp,20210523,7525178.14286
esp,20210524,7707196.85714
esp,20210525,7881556.42857
esp,20210526,8066021
esp,20210527,8256762.42857
esp,20210530,8474476.28571
esp,20210531,8694466.57143
esp,20210601,8915686.42857
esp,20210602,9162599.28571
esp,20210603,9423024.42857
esp,20210606,9764194.57143
esp,20210607,10115024.85714
esp,20210608,10448040.28571
esp,20210609,10803569.71429
esp,20210610,11170829
esp,20210613,11575664.85714
esp,20210614,11968545.14286
esp,20210615,12296851
esp,20210616,12636981.85714
esp,20210617,12978006.28571
esp,20210620,13340539.42857
esp,20210621,13697072.85714
esp,20210622,14029270.57143
esp,20210623,14400007
esp,20210624,14770548.42857
esp,20210627,15194665.85714
esp,20210628,15644491.28571
esp,20210629,16085620.42857
esp,20210630,16549161.85714
esp,20210701,17024579.42857
esp,20210704,17529282.57143
esp,20210705,18048629.42857
esp,20210706,18530367.57143
esp,20210707,19021819.42857
esp,20210708,19518927.85714
esp,20210711,20061709.28571
esp,20210712,20586495.28571
esp,20210713,21068821.85714
esp,20210714,21557240
esp,20210715,22041628
esp,20210718,22543415.42857
esp,20210719,23021224.28571
esp,20210720,23437003.42857
esp,20210721,23854302.57143
esp,20210722,24266766
esp,20210725,24694646.42857
esp,20210726,25091556.14286
esp,20210727,25431424.71429
esp,20210728,25767264.57143
esp,20210729,26086321.28571
esp,20210801,26400764.71429
esp,20210802,26691982.57143
esp,20210803,26958763.71429
esp,20210804,27227801.28571
esp,20210805,27490065.85714
esp,20210808,27760433.14286
esp,20210809,28022566
esp,20210810,28269885.85714
esp,20210811,28524710.57143
esp,20210812,28769652.57143
esp,20210815,29021021.28571
esp,20210816,29265643.28571
esp,20210817,29504768.14286
esp,20210818,29761389.85714
esp,20210819,30061842.57143
esp,20210822,30379830
esp,20210823,30683724.71429
esp,20210824,30988991.28571
esp,20210825,31313488.28571
esp,20210826,31627495.14286
esp,20210829,31948428.71429
esp,20210830,32219852.42857
esp,20210831,32495496
esp,20210901,32781824.28571
esp,20210902,33068849.85714
esp,20210905,33358965.71429
esp,20210906,33638846.28571
esp,20210907,33914286.42857
esp,20210908,34186767.28571
esp,20210909,34428712.71429
esp,20210912,34663347.42857
esp,20210913,34873779.57143
esp,20210914,35059646.42857
esp,20210915,35241060.28571
esp,20210916,35390345.71429
esp,20210919,35559281.71429
esp,20210920,35704430.71429
esp,20210921,35830758.28571
esp,20210922,35951619.28571
esp,20210923,36060769.28571
esp,20210926,36169215.42857
esp,20210927,36271652
esp,20210928,36340280.42857
esp,20210929,36415597.71429
esp,20210930,36484520.71429
esp,20211003,36554072.14286
esp,20211004,36616353.42857
esp,20211005,36667096.71429
esp,20211006,36714320
esp,20211007,36757310.28571
esp,20211010,36803620
esp,20211012,36845623.85714
esp,20211013,36881188.57143
esp,20211014,36917972.14286
esp,20211017,36956740.57143
esp,20211018,36993064.28571
esp,20211019,37026610.28571
esp,20211020,37060697.28571
esp,20211021,37094756.71429
esp,20211024,37128950.14286
esp,20211025,37160504.85714
esp,20211026,37187490.71429
esp,20211027,37215470.14286
esp,20211028,37245899.28571
esp,20211029,37265779.14286
esp,20211030,37282608.71429
esp,20211102,37298753.71429
esp,20211103,37314584.57143
esp,20211104,37330669.57143
esp,20211107,37347207
esp,20211109,37361759.28571
esp,20211110,37378312.71429
esp,20211111,37397077.71429
esp,20211114,37415225.85714
esp,20211115,37432320.42857
esp,20211116,37448347.71429
esp,20211117,37463967.85714
esp,20211118,37478608.28571
esp,20211121,37495199.85714
esp,20211122,37510699.85714
esp,20211123,37523945.28571
esp,20211124,37537943.85714
esp,20211125,37551421.14286
esp,20211128,37562706.14286
esp,20211129,37576318
esp,20211130,37587247.42857
esp,20211201,37598846.71429
esp,20211202,37611433.57143
esp,20211206,37625526.71429
esp,20211208,37640192
esp,20211209,37656800.14286
esp,20211212,37671972.14286
esp,20211213,37688839.28571
esp,20211214,37705525
esp,20211215,37721505.85714
esp,20211216,37735900.28571
esp,20211219,37751190.57143
esp,20211220,37764952.14286
esp,20211221,37778346
esp,20211222,37791235.42857
esp,20211226,37805254.28571
esp,20211227,37818390.71429
esp,20211228,37830864.71429
esp,20211229,37841956.28571
esp,20220102,37873057.57143
esp,20220103,37903496.71429
esp,20220104,37933323
esp,20220106,37961733
esp,20220109,37993169.28571
esp,20220110,38025838.85714
esp,20220111,38059989.14286
esp,20220112,38075502
esp,20220113,38092120.28571
esp,20220116,38110969.85714
esp,20220117,38130379.57143
esp,20220118,38147812.71429
esp,20220119,38164726.57143
esp,20220120,38181704.28571
esp,20220123,38198374.57143
esp,20220124,38213966
esp,20220125,38227074.71429
esp,20220126,38239511.28571
esp,20220127,38251294.57143
esp,20220130,38262304.14286
esp,20220131,38272025.42857
esp,20220201,38281015.42857
esp,20220202,38289374
esp,20220203,38296814.85714
esp,20220206,38304332
esp,20220207,38314032
esp,20220208,38324205.14286
esp,20220209,38334364.57143
esp,20220210,38344040.42857
esp,20220213,38354040.28571
esp,20220214,38363834.42857
esp,20220215,38372959.28571
esp,20220216,38437404.14286
esp,20220217,38505062
esp,20220220,38574737.85714
esp,20220221,38643782
esp,20220222,38720252
esp,20220223,38798029.14286
esp,20220224,38881174.42857
esp,20220227,38912595.28571
esp,20220228,38941917.71429
esp,20220301,38971613.57143
esp,20220302,39004040.85714
esp,20220303,39030633
esp,20220310,39161425.57143
esp,20220316,39304702.71429
esp,20220323,39461270.42857
est,20201227,3
est,20201228,6
est,20201229,10.66667
est,20201230,16.75
est,20201231,23.4
est,20210101,27.83333
est,20210102,31.14286
est,20210103,38
est,20210104,50.14286
est,20210105,65.71429
est,20210106,83.14286
est,20210107,101.71429
est,20210108,126.14286
est,20210109,152
est,20210110,178
est,20210111,202.57143
est,20210112,228.42857
est,20210113,265.85714
est,20210114,316
est,20210115,366
est,20210116,415.42857
est,20210117,473.71429
est,20210118,583.57143
est,20210119,751.71429
est,20210120,1001.28571
est,20210121,1340.71429
est,20210122,1721.42857
est,20210123,2103.57143
est,20210124,2477.28571
est,20210125,2889.42857
est,20210126,3471.71429
est,20210127,4172.42857
est,20210128,4969.85714
est,20210129,6005.42857
est,20210130,7117.71429
est,20210131,8270
est,20210201,9453.57143
est,20210202,10620.14286
est,20210203,11782.28571
est,20210204,12981.85714
est,20210205,14112.14286
est,20210206,15185.71429
est,20210207,16225.71429
est,20210208,17226.71429
est,20210209,18133.85714
est,20210210,18964.42857
est,20210211,19742.14286
est,20210212,20422.71429
est,20210213,21102.85714
est,20210214,21784.42857
est,20210215,22415.42857
est,20210216,23006.14286
est,20210217,23567.85714
est,20210218,24110
est,20210219,24690.28571
est,20210220,25284.71429
est,20210221,25919.14286
est,20210222,26655.42857
est,20210223,27459.14286
est,20210224,28179.14286
est,20210225,29138.42857
est,20210226,30283.28571
est,20210227,31457.85714
est,20210228,32602.14286
est,20210301,33764.71429
est,20210302,35120.85714
est,20210303,36808.85714
est,20210304,38466.42857
est,20210305,40025.71429
est,20210306,41556.71429
est,20210307,43074.71429
est,20210308,44489.71429
est,20210309,45731.57143
est,20210310,46986
est,20210311,48310.28571
est,20210312,49686.57143
est,20210313,51051.28571
est,20210314,52424.42857
est,20210315,53795
est,20210316,55125.14286
est,20210317,56158.42857
est,20210318,56890.57143
est,20210319,57674
est,20210320,58455.28571
est,20210321,59236
est,20210322,60056.14286
est,20210323,60788.85714
est,20210324,61519.57143
est,20210325,62348.85714
est,20210326,62969
est,20210327,63606.85714
est,20210328,64243.85714
est,20210329,64859.71429
est,20210330,65591.57143
est,20210331,66509.14286
est,20210401,67794.42857
est,20210402,69008.14286
est,20210403,70301.85714
est,20210404,71616.42857
est,20210405,73018.71429
est,20210406,74430.85714
est,20210407,75764.71429
est,20210408,76710.85714
est,20210409,77768.85714
est,20210410,78768
est,20210411,79741.85714
est,20210412,80625.14286
est,20210413,81430.71429
est,20210414,82348.85714
est,20210415,83526.57143
est,20210416,85034.28571
est,20210417,86590
est,20210418,88204.28571
est,20210419,89955
est,20210420,91955.42857
est,20210421,93808.14286
est,20210422,95698.42857
est,20210423,97562.57143
est,20210424,99636.71429
est,20210425,101821.14286
est,20210426,104066
est,20210427,106459.28571
est,20210428,109402
est,20210429,112812.14286
est,20210430,116676
est,20210501,120521.85714
est,20210502,124334
est,20210503,128393
est,20210504,132528.14286
est,20210505,136852.14286
est,20210506,141540.85714
est,20210507,146423.14286
est,20210508,151374.42857
est,20210509,156488
est,20210510,161428.42857
est,20210511,166187.28571
est,20210512,170710.14286
est,20210513,174961.85714
est,20210514,178549.85714
est,20210515,181842.14286
est,20210516,184851.71429
est,20210517,187805.57143
est,20210518,190792.57143
est,20210519,193841.28571
est,20210520,197347.42857
est,20210521,201699.57143
est,20210522,206194.28571
est,20210523,210785.85714
est,20210524,215419.28571
est,20210525,220028.28571
est,20210526,224873.14286
est,20210527,229828.85714
est,20210528,234859.28571
est,20210529,240022.42857
est,20210530,245288
est,20210531,250513.57143
est,20210601,255959.57143
est,20210602,261321.28571
est,20210603,266265.28571
est,20210604,270890.42857
est,20210605,275628.28571
est,20210606,280680
est,20210607,286013
est,20210608,291597
est,20210609,297717.85714
est,20210610,304201.42857
est,20210611,310895.28571
est,20210612,317809.42857
est,20210613,324628.42857
est,20210614,331624
est,20210615,338826
est,20210616,346178.85714
est,20210617,353603
est,20210618,361377
est,20210619,369167
est,20210620,376897
est,20210621,384819.28571
est,20210622,392297.14286
est,20210623,398249.71429
est,20210624,402558.14286
est,20210625,406102.14286
est,20210626,409471.14286
est,20210627,412968
est,20210628,416406.14286
est,20210629,420166.14286
est,20210630,424912.71429
est,20210701,430423.28571
est,20210702,435892.71429
est,20210703,441443.28571
est,20210704,447182
est,20210705,452432.14286
est,20210706,457647
est,20210707,462536.57143
est,20210708,467510
est,20210709,472317.28571
est,20210710,476830.71429
est,20210711,481135.71429
est,20210712,485509.42857
est,20210713,489681.14286
est,20210714,493959.28571
est,20210715,498188.28571
est,20210716,502309.14286
est,20210717,506280.71429
est,20210718,510081.71429
est,20210719,513975.71429
est,20210720,517996.57143
est,20210721,521896.57143
est,20210722,525744
est,20210723,529669.71429
est,20210724,533685.85714
est,20210725,537637.57143
est,20210726,541523.42857
est,20210727,545171.28571
est,20210728,548633.14286
est,20210729,551694
est,20210730,554502
est,20210731,557284.57143
est,20210801,560025.28571
est,20210802,562701.14286
est,20210803,565199
est,20210804,567658.42857
est,20210805,570128.57143
est,20210806,572685
est,20210807,575259.85714
est,20210808,577744.42857
est,20210809,580236.71429
est,20210810,582777.85714
est,20210811,585295.28571
est,20210812,587842
est,20210813,590373
est,20210814,593018.57143
est,20210815,595709.71429
est,20210816,598415.42857
est,20210817,601033.85714
est,20210818,603628.42857
est,20210819,606298.71429
est,20210820,608633.85714
est,20210821,610795.14286
est,20210822,612857.14286
est,20210823,614802.71429
est,20210824,616703.71429
est,20210825,618582.28571
est,20210826,620279.42857
est,20210827,622235.42857
est,20210828,624278.14286
est,20210829,626571.42857
est,20210830,628896.57143
est,20210831,631403.28571
est,20210901,633755.71429
est,20210902,636135.71429
est,20210903,638461.14286
est,20210904,640846.28571
est,20210905,643192.28571
est,20210906,645573.85714
est,20210907,647810.14286
est,20210908,650186.14286
est,20210909,652598.14286
est,20210910,655078.85714
est,20210911,657520.14286
est,20210912,659926.14286
est,20210913,662364.42857
est,20210914,664889.14286
est,20210915,667489
est,20210916,670149.42857
est,20210917,672879.28571
est,20210918,675662.28571
est,20210919,678406.28571
est,20210920,681098.71429
est,20210921,683799.57143
est,20210922,686531.85714
est,20210923,689311.85714
est,20210924,692163.85714
est,20210925,695089.28571
est,20210926,698061.57143
est,20210927,700859.57143
est,20210928,703580.14286
est,20210929,706146.14286
est,20210930,708557.85714
est,20211001,710706.85714
est,20211002,712694.42857
est,20211003,714504.57143
est,20211004,716317.42857
est,20211005,717981.42857
est,20211006,719564.85714
est,20211007,721038.28571
est,20211008,722488
est,20211009,723917.42857
est,20211010,725408.14286
est,20211011,726883.14286
est,20211012,728328.85714
est,20211013,729727.42857
est,20211014,731117.71429
est,20211015,732519.42857
est,20211016,733792.85714
est,20211017,735043.28571
est,20211018,736287.57143
est,20211019,737500.85714
est,20211020,738769.14286
est,20211021,740079.71429
est,20211022,741505.71429
est,20211023,743010
est,20211024,744535.14286
est,20211025,746116.85714
est,20211026,747798.85714
est,20211027,749488.85714
est,20211028,751167
est,20211029,752752.57143
est,20211030,754292
est,20211031,755798
est,20211101,757254.71429
est,20211102,758629.14286
est,20211103,759956.42857
est,20211104,761248.71429
est,20211105,762517.71429
est,20211106,763745
est,20211107,764946.71429
est,20211108,766106.71429
est,20211109,767219.85714
est,20211110,768285.28571
est,20211111,769284.57143
est,20211112,770204.57143
est,20211113,771096.28571
est,20211114,771957.71429
est,20211115,772815
est,20211116,773649
est,20211117,774465.57143
est,20211118,775291.71429
est,20211119,776131.14286
est,20211120,776967.71429
est,20211121,777832.42857
est,20211122,778681.71429
est,20211123,779554.42857
est,20211124,780440
est,20211125,781330.85714
est,20211126,782244.85714
est,20211127,783173.85714
est,20211128,784077
est,20211129,785001.14286
est,20211130,785933.71429
est,20211201,786885.42857
est,20211202,787861.14286
est,20211203,788860.85714
est,20211204,789886.57143
est,20211205,790908.85714
est,20211206,791958
est,20211207,793048.85714
est,20211208,794180.14286
est,20211209,795335.85714
est,20211210,796530.57143
est,20211211,797707.71429
est,20211212,798891
est,20211213,800078.42857
est,20211214,801257.71429
est,20211215,802434.85714
est,20211216,803607.42857
est,20211217,804763.71429
est,20211218,805915
est,20211219,807064.42857
est,20211220,808196.71429
est,20211221,809316.71429
est,20211222,810430.14286
est,20211223,811435
est,20211224,812198
est,20211225,812878.71429
est,20211226,813526.42857
est,20211227,814170
est,20211228,814797.85714
est,20211229,815375
est,20211230,815969.14286
est,20211231,816572.57143
est,20220101,817174.57143
est,20220102,817794.28571
est,20220103,818342.57143
est,20220104,818851.42857
est,20220105,819323.71429
est,20220106,819813
est,20220107,820413
est,20220108,821062.14286
est,20220109,821712
est,20220110,822356.57143
est,20220111,822966.57143
est,20220112,823572
est,20220113,824148.14286
est,20220114,824705.28571
est,20220115,825266.14286
est,20220116,825818.28571
est,20220117,826349
est,20220118,826862.14286
est,20220119,827350.14286
est,20220120,827818.85714
est,20220121,828262.14286
est,20220122,828685
est,20220123,829103.71429
est,20220124,829521.42857
est,20220125,829926
est,20220126,830312.28571
est,20220127,830688.71429
est,20220128,831053.71429
est,20220129,831411.14286
est,20220130,831770.14286
est,20220131,832117.85714
est,20220201,832456.28571
est,20220202,832789.85714
est,20220203,833108.71429
est,20220204,833394.57143
est,20220205,833666.42857
est,20220206,833924.85714
est,20220207,834177.71429
est,20220208,834431
est,20220209,834676.57143
est,20220210,834926.14286
est,20220211,835176.28571
est,20220212,835423.14286
est,20220213,835679.85714
est,20220214,835928
est,20220215,836162.14286
est,20220216,836392.28571
est,20220217,836621.14286
est,20220218,836859.28571
est,20220219,837106.71429
est,20220220,837345.71429
est,20220221,837583.57143
est,20220222,837827
est,20220223,838062.14286
est,20220224,838257.71429
est,20220225,838454.42857
est,20220226,838643.85714
est,20220227,838831.85714
est,20220228,839023.14286
est,20220301,839203.85714
est,20220302,839376.85714
est,20220303,839575.57143
est,20220304,839759.28571
est,20220305,839937.71429
est,20220306,840117.28571
est,20220307,840287.85714
est,20220308,840444.85714
est,20220309,840598.71429
est,20220310,840746
est,20220311,840884
est,20220312,841025.71429
est,20220313,841161
est,20220314,841292.28571
est,20220315,841417.71429
est,20220316,841536.42857
est,20220317,841642
est,20220318,841735.57143
est,20220319,841826.28571
est,20220320,841918.57143
est,20220321,842006.57143
est,20220322,842092.28571
est,20220323,842175.14286
est,20220324,842260.14286
est,20220325,842340.71429
eth,20220306,18060829
eth,20220309,18580130
eth,20220313,19213775.33333
eth,20220318,19636495
fin,20210117,5
fin,20210124,2483.5
fin,20210131,8216
fin,20210207,19417.25
fin,20210214,29514.6
fin,20210221,37332.83333
fin,20210228,44144.85714
fin,20210307,56756.28571
fin,20210314,68790.57143
fin,20210321,78895.28571
fin,20210328,84381.71429
fin,20210404,87643.42857
fin,20210411,90907.28571
fin,20210418,97353.57143
fin,20210425,107664.28571
fin,20210502,120354.14286
fin,20210509,138437.42857
fin,20210516,166657
fin,20210523,208375.57143
fin,20210530,264875.57143
fin,20210606,334396.57143
fin,20210613,417463.42857
fin,20210620,515025.28571
fin,20210627,625172
fin,20210704,749948.57143
fin,20210711,890429.71429
fin,20210718,1041722.57143
fin,20210725,1205039.57143
fin,20210801,1380322
fin,20210808,1567100.71429
fin,20210815,1766545.85714
fin,20210822,1970612.14286
fin,20210829,2172460
fin,20210905,2376181
fin,20210912,2575762.57143
fin,20210919,2763067.85714
fin,20210926,2939735.57143
fin,20211003,3102854.28571
fin,20211010,3251185.28571
fin,20211017,3386221.42857
fin,20211024,3504106.71429
fin,20211031,3608362.71429
fin,20211107,3702803.57143
fin,20211114,3784872.85714
fin,20211121,3853631.71429
fin,20211128,3911438.85714
fin,20211205,3959298.57143
fin,20211212,3999346
fin,20220118,4028641.14286
fin,20220119,4050668
fin,20220120,4067616
fin,20220125,4083442.42857
fin,20220126,4095960.28571
fin,20220127,4104935.14286
fin,20220128,4110867.28571
fin,20220129,4116361.42857
fin,20220130,4121826
fin,20220131,4126991.14286
fin,20220201,4129424.85714
fin,20220202,4131618.28571
fin,20220203,4133701
fin,20220204,4140569.42857
fin,20220205,4147362.85714
fin,20220207,4153904
fin,20220208,4163022.14286
fin,20220209,4172227.28571
fin,20220210,4181425
fin,20220211,4190594.42857
fin,20220212,4194833.85714
fin,20220213,4198828.57143
fin,20220214,4202732
fin,20220215,4203966.42857
fin,20220216,4205362.14286
fin,20220217,4206819.57143
fin,20220218,4208375
fin,20220219,4209893.28571
fin,20220220,4211509.14286
fin,20220221,4213130.28571
fin,20220222,4214793.28571
fin,20220223,4216359.71429
fin,20220224,4217889.42857
fin,20220228,4219093.14286
fin,20220301,4220171.28571
fin,20220302,4221388.71429
fin,20220303,4222820.85714
fin,20220304,4224672.57143
fin,20220306,4226911.71429
fin,20220307,4229040.42857
fin,20220308,4231240.57143
fin,20220309,4233672.57143
fin,20220316,4242468.42857
fin,20220323,4253161.57143
fji,20210525,2913
fji,20210608,3756
fji,20210615,4037
fji,20210621,7525.25
fji,20210629,14689.2
fji,20210706,21363.83333
fji,20210713,27832.28571
fji,20210720,38648.14286
fji,20210727,51886.57143
fji,20210802,71828.71429
fji,20210809,94773.85714
fji,20210816,118795.42857
fji,20210823,144533.71429
fji,20210831,173100.14286
fji,20210907,204717.14286
fji,20210914,239706.14286
fji,20210921,274438.42857
fji,20210928,309766.42857
fji,20211005,345615.71429
fji,20211012,382928
fji,20211018,418723.28571
fji,20211025,453251.14286
fji,20211101,484399.85714
fji,20211108,509977.57143
fji,20211115,531464.57143
fji,20211122,548219.28571
fji,20211130,561033.14286
fji,20211206,571347.71429
fji,20211213,579417.28571
fji,20211220,585897.42857
fji,20220104,592125
fji,20220111,597162.57143
fji,20220118,601815
fji,20220124,605703.71429
fji,20220131,609248.14286
fji,20220207,611693.42857
fji,20220214,613321.71429
fji,20220221,614535.57143
fji,20220228,615737.57143
fji,20220307,616969.28571
fji,20220314,618598.85714
fji,20220321,620346.85714
flk,20210407,1717
flk,20210414,1746
fra,20210102,1
fra,20210103,1
fra,20210104,1
fra,20210105,1.5
fra,20210106,2.6
fra,20210107,3.66667
fra,20210108,4.71429
fra,20210109,6.42857
fra,20210110,8.14286
fra,20210111,10.57143
fra,20210112,13.57143
fra,20210113,18
fra,20210114,25
fra,20210115,32.57143
fra,20210116,50.57143
fra,20210117,75
fra,20210118,122.42857
fra,20210119,188.85714
fra,20210120,277.57143
fra,20210121,384.42857
fra,20210122,515.42857
fra,20210123,643.71429
fra,20210124,772.28571
fra,20210125,1052.28571
fra,20210126,1759.85714
fra,20210127,3252.42857
fra,20210128,6776.42857
fra,20210129,12750.57143
fra,20210130,19320
fra,20210131,26125.42857
fra,20210201,35773
fra,20210202,49916.14286
fra,20210203,68541.71429
fra,20210204,92276.28571
fra,20210205,120019.28571
fra,20210206,148654
fra,20210207,177767.28571
fra,20210208,210445.71429
fra,20210209,248533
fra,20210210,292292.57143
fra,20210211,343046.85714
fra,20210212,397935.57143
fra,20210213,454117.14286
fra,20210214,510611.85714
fra,20210215,571463.85714
fra,20210216,636335.57143
fra,20210217,704968.57143
fra,20210218,776386.14286
fra,20210219,850144.28571
fra,20210220,925176.85714
fra,20210221,1000087.14286
fra,20210222,1074506.85714
fra,20210223,1146563.28571
fra,20210224,1215475.14286
fra,20210225,1280486.28571
fra,20210226,1342673.14286
fra,20210227,1403939.28571
fra,20210228,1464925.14286
fra,20210301,1523007.28571
fra,20210302,1578539.57143
fra,20210303,1631838.85714
fra,20210304,1681950.42857
fra,20210305,1730959.85714
fra,20210306,1779368.57143
fra,20210307,1827919
fra,20210308,1876169.28571
fra,20210309,1923058.85714
fra,20210310,1968767.57143
fra,20210311,2013629.14286
fra,20210312,2057093.85714
fra,20210313,2100201.28571
fra,20210314,2143023.57143
fra,20210315,2183255.42857
fra,20210316,2221031.28571
fra,20210317,2256175.28571
fra,20210318,2288685
fra,20210319,2318902.14286
fra,20210320,2348614.28571
fra,20210321,2378212.28571
fra,20210322,2408046.57143
fra,20210323,2438296.14286
fra,20210324,2469274
fra,20210325,2500267.42857
fra,20210326,2531898.42857
fra,20210327,2564229.28571
fra,20210328,2596728.71429
fra,20210329,2632085.71429
fra,20210330,2671326.28571
fra,20210331,2714716.85714
fra,20210401,2764273.71429
fra,20210402,2821007.42857
fra,20210403,2884191.71429
fra,20210404,2949502.28571
fra,20210405,3008633.57143
fra,20210406,3073240.42857
fra,20210407,3143908.42857
fra,20210408,3219354.28571
fra,20210409,3298270.14286
fra,20210410,3380166.57143
fra,20210411,3464330.14286
fra,20210412,3563366.85714
fra,20210413,3667662.85714
fra,20210414,3775381.28571
fra,20210415,3886872.57143
fra,20210416,4002539.71429
fra,20210417,4119276.85714
fra,20210418,4236137.85714
fra,20210419,4356301.71429
fra,20210420,4480147.57143
fra,20210421,4608197.71429
fra,20210422,4742024
fra,20210423,4881790.71429
fra,20210424,5024829
fra,20210425,5168372.42857
fra,20210426,5314857.42857
fra,20210427,5465095.28571
fra,20210428,5618795.85714
fra,20210429,5775899.14286
fra,20210430,5935380.57143
fra,20210501,6086496.28571
fra,20210502,6237513.42857
fra,20210503,6390763.71429
fra,20210504,6549130.57143
fra,20210505,6712869.71429
fra,20210506,6882094.71429
fra,20210507,7061653.28571
fra,20210508,7243313
fra,20210509,7426269.57143
fra,20210510,7618011
fra,20210511,7815403.14286
fra,20210512,8014592.85714
fra,20210513,8186375.85714
fra,20210514,8343701.85714
fra,20210515,8505089.42857
fra,20210516,8662741.42857
fra,20210517,8808607.14286
fra,20210518,8938696.57143
fra,20210519,9055592.14286
fra,20210520,9188358.42857
fra,20210521,9322858.42857
fra,20210522,9455525.28571
fra,20210523,9587293.71429
fra,20210524,9702036.57143
fra,20210525,9821772.85714
fra,20210526,9947932.85714
fra,20210527,10083108.14286
fra,20210528,10232384.42857
fra,20210529,10392495.28571
fra,20210530,10555267.85714
fra,20210531,10744028.28571
fra,20210601,10943492.57143
fra,20210602,11150018.28571
fra,20210603,11362987.42857
fra,20210604,11581859.14286
fra,20210605,11806154.85714
fra,20210606,12032824.42857
fra,20210607,12267374.42857
fra,20210608,12506770.28571
fra,20210609,12752259.85714
fra,20210610,13001561.71429
fra,20210611,13257582.42857
fra,20210612,13516470.28571
fra,20210613,13778894.71429
fra,20210614,14054338
fra,20210615,14342793.42857
fra,20210616,14642500.14286
fra,20210617,14953411.14286
fra,20210618,15275825.85714
fra,20210619,15606895.71429
fra,20210620,15942032.71429
fra,20210621,16283531.85714
fra,20210622,16636255.28571
fra,20210623,17000440.57143
fra,20210624,17369634.57143
fra,20210625,17749902.14286
fra,20210626,18143912.71429
fra,20210627,18545590.28571
fra,20210628,18954533.57143
fra,20210629,19368964.42857
fra,20210630,19789301
fra,20210701,20216472.71429
fra,20210702,20643264.14286
fra,20210703,21069779.14286
fra,20210704,21494136.71429
fra,20210705,21913671.85714
fra,20210706,22328767.28571
fra,20210707,22737889
fra,20210708,23142362.85714
fra,20210709,23545543.57143
fra,20210710,23944568
fra,20210711,24339128.85714
fra,20210712,24742250.85714
fra,20210713,25153826.57143
fra,20210714,25524506.42857
fra,20210715,25907675.71429
fra,20210716,26290601.57143
fra,20210717,26671398
fra,20210718,27052976.28571
fra,20210719,27428020.57143
fra,20210720,27792825.14286
fra,20210721,28195294.14286
fra,20210722,28581460.57143
fra,20210723,28956890.57143
fra,20210724,29325095.14286
fra,20210725,29688333.42857
fra,20210726,30036746.14286
fra,20210727,30365896.28571
fra,20210728,30677813.71429
fra,20210729,30973232.85714
fra,20210730,31250770.14286
fra,20210731,31515860.85714
fra,20210801,31776593.57143
fra,20210802,32024185.85714
fra,20210803,32260470
fra,20210804,32484870.71429
fra,20210805,32701779.14286
fra,20210806,32913477.57143
fra,20210807,33123974
fra,20210808,33336407.42857
fra,20210809,33552208.71429
fra,20210810,33772460.14286
fra,20210811,33999636.85714
fra,20210812,34233748.85714
fra,20210813,34468334.85714
fra,20210814,34705453.14286
fra,20210815,34940629.14286
fra,20210816,35183827
fra,20210817,35434914.85714
fra,20210818,35694821
fra,20210819,35960990.14286
fra,20210820,36239378.85714
fra,20210821,36523381.85714
fra,20210822,36812631.42857
fra,20210823,37107305.14286
fra,20210824,37407451.28571
fra,20210825,37711065.42857
fra,20210826,38016880.71429
fra,20210827,38325610.57143
fra,20210828,38635878.28571
fra,20210829,38945586
fra,20210830,39250530.85714
fra,20210831,39549258.28571
fra,20210901,39838448
fra,20210902,40113793.28571
fra,20210903,40375394
fra,20210904,40632399.85714
fra,20210905,40883925.85714
fra,20210906,41114830.14286
fra,20210907,41323699.71429
fra,20210908,41521102.71429
fra,20210909,41706657.85714
fra,20210910,41879355.42857
fra,20210911,42045028
fra,20210912,42208834.42857
fra,20210913,42364804.28571
fra,20210914,42513310.28571
fra,20210915,42656311
fra,20210916,42792009.85714
fra,20210917,42920939.85714
fra,20210918,43045598
fra,20210919,43169062.42857
fra,20210920,43287761.28571
fra,20210921,43401915.28571
fra,20210922,43512309.71429
fra,20210923,43619375.28571
fra,20210924,43722942.57143
fra,20210925,43823031.42857
fra,20210926,43922263.42857
fra,20210927,44019054.71429
fra,20210928,44112512.85714
fra,20210929,44200053.28571
fra,20210930,44284753.42857
fra,20211001,44364823.42857
fra,20211002,44439572.14286
fra,20211003,44513288
fra,20211004,44584363.28571
fra,20211005,44653864.57143
fra,20211006,44720249.57143
fra,20211007,44785187.28571
fra,20211008,44848867.71429
fra,20211009,44910053.28571
fra,20211010,44970778
fra,20211011,45030271.28571
fra,20211012,45088348.71429
fra,20211013,45144079.71429
fra,20211014,45198493.71429
fra,20211015,45250533.57143
fra,20211016,45300183.71429
fra,20211017,45349530.14286
fra,20211018,45397701.57143
fra,20211019,45444254.71429
fra,20211020,45489320.28571
fra,20211021,45533293.28571
fra,20211022,45575395.14286
fra,20211023,45617046.42857
fra,20211024,45658626.42857
fra,20211025,45699425.71429
fra,20211026,45739060.14286
fra,20211027,45777850.42857
fra,20211028,45815143.71429
fra,20211029,45850850.57143
fra,20211030,45885429.42857
fra,20211031,45919870
fra,20211101,45949777.28571
fra,20211102,45980392.57143
fra,20211103,46011184.57143
fra,20211104,46042358
fra,20211105,46073765.85714
fra,20211106,46105375.71429
fra,20211107,46137055.85714
fra,20211108,46173480.57143
fra,20211109,46210590.57143
fra,20211110,46248701.42857
fra,20211111,46282367
fra,20211112,46316371.71429
fra,20211113,46350114.42857
fra,20211114,46383813.57143
fra,20211115,46417641.42857
fra,20211116,46451343.85714
fra,20211117,46484433.28571
fra,20211118,46522874
fra,20211119,46562201.71429
fra,20211120,46602097.14286
fra,20211121,46642080
fra,20211122,46681275.71429
fra,20211123,46720695.71429
fra,20211124,46760575.42857
fra,20211125,46801172
fra,20211126,46843665.14286
fra,20211127,46887980.42857
fra,20211128,46933150.85714
fra,20211129,46981301.57143
fra,20211130,47033215.71429
fra,20211201,47088271.42857
fra,20211202,47146568.57143
fra,20211203,47207400.42857
fra,20211204,47269806.85714
fra,20211205,47333029.42857
fra,20211206,47398958
fra,20211207,47467714.14286
fra,20211208,47538810
fra,20211209,47613122
fra,20211210,47690088.85714
fra,20211211,47769267.42857
fra,20211212,47849427.71429
fra,20211213,47932160.85714
fra,20211214,48018711.71429
fra,20211215,48108410
fra,20211216,48201219.28571
fra,20211217,48296553.85714
fra,20211218,48392701.42857
fra,20211219,48489664.14286
fra,20211220,48587515.85714
fra,20211221,48684474.28571
fra,20211222,48779333.14286
fra,20211223,48869006.42857
fra,20211224,48944020.85714
fra,20211225,49007872.28571
fra,20211226,49069289.85714
fra,20211227,49128760.85714
fra,20211228,49186324.14286
fra,20211229,49242303.85714
fra,20211230,49297601.28571
fra,20211231,49352761.28571
fra,20220101,49407879
fra,20220102,49463161.42857
fra,20220103,49519003.85714
fra,20220104,49576510
fra,20220105,49636071.57143
fra,20220106,49700636.14286
fra,20220107,49779119.71429
fra,20220108,49868545.14286
fra,20220109,49959877.71429
fra,20220110,50050956.71429
fra,20220111,50140455.71429
fra,20220112,50228441.57143
fra,20220113,50313797.14286
fra,20220114,50396308.57143
fra,20220115,50476569.42857
fra,20220116,50555726.42857
fra,20220117,50631088
fra,20220118,50701880.85714
fra,20220119,50768155.28571
fra,20220120,50829682.28571
fra,20220121,50886172.28571
fra,20220122,50939844.85714
fra,20220123,50992516.14286
fra,20220124,51043248.85714
fra,20220125,51091839.57143
fra,20220126,51138557.28571
fra,20220127,51183223
fra,20220128,51228610.71429
fra,20220129,51274071.85714
fra,20220130,51319533.71429
fra,20220131,51364468.57143
fra,20220201,51408478.42857
fra,20220202,51452850.57143
fra,20220203,51496965
fra,20220204,51539767
fra,20220205,51582242.85714
fra,20220206,51624462.71429
fra,20220207,51667095
fra,20220208,51709043.42857
fra,20220209,51750230
fra,20220210,51790671
fra,20220211,51829686.85714
fra,20220212,51867486.42857
fra,20220213,51904879.57143
fra,20220214,51940672.71429
fra,20220215,51975496
fra,20220216,52008690.42857
fra,20220217,52039856.71429
fra,20220218,52067938.71429
fra,20220219,52094030
fra,20220220,52119649
fra,20220221,52142894.85714
fra,20220222,52163779.28571
fra,20220223,52182787.42857
fra,20220224,52200642.14286
fra,20220225,52217176
fra,20220226,52232895.71429
fra,20220227,52248437.57143
fra,20220228,52263195
fra,20220301,52277070.42857
fra,20220302,52289962.28571
fra,20220303,52301975.28571
fra,20220304,52312437
fra,20220305,52321861.71429
fra,20220306,52331089.85714
fra,20220307,52339391.28571
fra,20220308,52346825.42857
fra,20220309,52353373.71429
fra,20220310,52359377.57143
fra,20220311,52364699
fra,20220312,52369717
fra,20220313,52374672.71429
fra,20220314,52379441.71429
fra,20220315,52383985.42857
fra,20220316,52388239
fra,20220317,52392312.85714
fra,20220318,52396129.71429
fra,20220319,52399713.14286
fra,20220320,52403281.28571
fra,20220321,52406695.57143
fra,20220322,52409992.42857
fra,20220323,52413147.85714
fra,20220324,52416186.57143
fro,20210129,1
fro,20210206,303.5
fro,20210208,430.66667
fro,20210210,628.25
fro,20210221,805.6
fro,20210223,1019.16667
fro,20210224,1234
fro,20210303,1638.14286
fro,20210304,2002.42857
fro,20210305,2377.71429
fro,20210306,2728.14286
fro,20210308,3055.71429
fro,20210312,3319.14286
fro,20210316,3527.14286
fro,20210317,3693.85714
fro,20210318,3819.14286
fro,20210322,3923
fro,20210326,3980.14286
fro,20210327,4022.71429
fro,20210330,4051
fro,20210408,4075.28571
fro,20210412,4111
fro,20210413,4143
fro,20210414,4191.85714
fro,20210415,4292.28571
fro,20210419,4428.28571
fro,20210421,4580.28571
fro,20210422,4737.42857
fro,20210424,4920.57143
fro,20210426,5104.71429
fro,20210427,5275.42857
fro,20210428,5418.71429
fro,20210506,5608.28571
fro,20210508,5810.14286
fro,20210509,6006.42857
fro,20210511,6217.57143
fro,20210513,6460.28571
fro,20210516,6781.42857
fro,20210522,7166.42857
fro,20210523,7569.14286
fro,20210524,7996.42857
fro,20210525,8459.28571
fro,20210526,8925.28571
fro,20210528,9570.42857
fro,20210530,10150
fro,20210603,10807.14286
fro,20210604,11370
fro,20210606,11949.57143
fro,20210607,12530.71429
fro,20210609,13117.28571
fro,20210613,13509
fro,20210615,13903.85714
fro,20210616,14134.85714
fro,20210618,14488.14286
fro,20210619,14792.57143
fro,20210620,15160.28571
fro,20210621,15591.28571
fro,20210622,16103.42857
fro,20210624,16665.85714
fro,20210625,17231
fro,20210628,17687.71429
fro,20210630,18127.14286
fro,20210701,18590.57143
fro,20210704,19002.28571
fro,20210705,19352.57143
fro,20210706,19697
fro,20210707,20086.28571
fro,20210708,20514.42857
fro,20210711,21298.28571
fro,20210712,22009.57143
fro,20210713,22671.28571
fro,20210714,23335.85714
fro,20210715,23975.42857
fro,20210719,24704
fro,20210720,25410.71429
fro,20210721,25845.14286
fro,20210722,26235.57143
fro,20210725,26658.14286
fro,20210727,27118.42857
fro,20210728,27623.14286
fro,20210803,28138.42857
fro,20210805,28683
fro,20210806,29301.14286
fro,20210809,29984
fro,20210810,30638.57143
fro,20210811,31236.85714
fro,20210812,31795.71429
fro,20210815,32203.28571
fro,20210816,32591.14286
fro,20210817,32841
fro,20210818,33026.71429
fro,20210819,33203.57143
fro,20210824,33387.28571
fro,20210826,33553.28571
fro,20210830,33745
fro,20210831,33912.57143
fro,20210901,34071.28571
fro,20210902,34241.28571
fro,20210906,34415.14286
fro,20210907,34563.14286
fro,20210908,34715
fro,20210910,34863.42857
fro,20210914,35012.57143
fro,20210915,35152.85714
fro,20210916,35282.71429
fro,20210920,35403.42857
fro,20210922,35538.42857
fro,20210923,35659.28571
fro,20210926,35757
fro,20210927,35838.14286
fro,20210928,35927.28571
fro,20211001,36025.85714
fro,20211005,36139
fro,20211008,36259.57143
fro,20211010,36365.42857
fro,20211011,36480
fro,20211013,36595.28571
fro,20211015,36708.85714
fro,20211018,36821.57143
fro,20211019,36914.85714
fro,20211020,37002.14286
fro,20211021,37098.57143
fro,20211026,37200.42857
fro,20211027,37303.28571
fro,20211028,37417
fro,20211031,37519.42857
fro,20211102,37635.85714
fro,20211103,37736.57143
fro,20211105,37842.28571
fro,20211222,38258.14286
fro,20211227,38669.14286
fro,20211228,39057.85714
fro,20211230,39442.42857
fro,20220103,39805.85714
fro,20220105,40166.71429
fro,20220106,40521.14286
fro,20220109,40557.57143
fro,20220110,40587.71429
fro,20220111,40616.42857
fro,20220113,40646.57143
fro,20220118,40676.42857
fro,20220119,40708
fro,20220120,40731.71429
fro,20220125,40750.71429
fro,20220128,40772.71429
fro,20220131,40794.57143
fro,20220201,40810.85714
fro,20220202,40824.57143
fro,20220203,40836.85714
fro,20220207,40847.71429
fro,20220208,40855.57143
fro,20220210,40861
fro,20220214,40865.57143
fro,20220216,40870.85714
fro,20220218,40876.57143
gab,20210414,67
gab,20210416,233.5
gab,20210419,410
gab,20210421,643
gab,20210423,914.8
gab,20210430,1202.83333
gab,20210505,1580.85714
gab,20210517,2514.42857
gab,20210529,3624.71429
gab,20210605,4804.14286
gab,20210609,6037.14286
gab,20210611,7175.85714
gab,20210612,8274.14286
gab,20210623,9361.14286
gab,20210630,11028.28571
gab,20210705,13023.57143
gab,20210712,15504.14286
gab,20210719,18688.14286
gab,20210724,22170.71429
gab,20210803,26541.28571
gab,20210805,30956.28571
gab,20210809,34894.14286
gab,20210812,38697.14286
gab,20210820,42504.85714
gab,20210825,45472.85714
gab,20210903,49458.42857
gab,20210916,53765.71429
gab,20210922,58643.57143
gab,20210930,63247.42857
gab,20211007,67776.28571
gab,20211014,72533.85714
gab,20211021,78071.71429
gab,20211029,83092.57143
gab,20211101,87246.71429
gab,20211104,90624.85714
gab,20211108,94497.85714
gab,20211110,98028.28571
gab,20211115,101147.71429
gab,20211122,103979.71429
gab,20211124,106012.57143
gab,20211204,112002.14286
gab,20211213,122426.14286
gab,20220116,139062.71429
gab,20220209,159130.42857
gab,20220317,179471.71429
gbg,20210124,522
gbg,20210207,1806
gbg,20210214,2982
gbg,20210312,4207.25
gbg,20210407,5016.6
gbg,20210416,6092
gbg,20210420,7167.14286
gbg,20220111,14428.42857
gbm,20210125,312
gbm,20210126,475.5
gbm,20210129,660.33333
gbm,20210202,850
gbm,20210203,1115.2
gbm,20210204,1293.16667
gbm,20210205,1420.28571
gbm,20210206,1687.57143
gbm,20210207,1908.28571
gbm,20210208,2073.71429
gbm,20210209,2236.28571
gbm,20210210,2347.71429
gbm,20210213,2511.14286
gbm,20210214,2674.71429
gbm,20210216,2876.28571
gbm,20210217,3115.28571
gbm,20210218,3389.85714
gbm,20210219,3693.57143
gbm,20210220,3944.42857
gbm,20210222,4145.14286
gbm,20210223,4378.85714
gbm,20210224,4608.42857
gbm,20210225,4844.42857
gbm,20210226,5155
gbm,20210227,5478.57143
gbm,20210228,5852.42857
gbm,20210301,6273.85714
gbm,20210302,6664.85714
gbm,20210303,7023.28571
gbm,20210304,7337.85714
gbm,20210305,7596
gbm,20210306,7815.57143
gbm,20210307,8049.42857
gbm,20210308,8273.85714
gbm,20210309,8496.85714
gbm,20210310,8721.57143
gbm,20210311,8947.57143
gbm,20210312,9207.28571
gbm,20210313,9580.85714
gbm,20210314,9919.57143
gbm,20210315,10217.28571
gbm,20210316,10514.14286
gbm,20210318,10808
gbm,20210327,11624.42857
gbm,20210330,12395.57143
gbm,20210331,12997.14286
gbm,20210401,13565
gbm,20210402,14136.85714
gbm,20210403,14709.42857
gbm,20210404,15282
gbm,20210405,15330.57143
gbm,20210406,15336.42857
gbm,20210407,15347.42857
gbm,20210408,15360.42857
gbm,20210409,15371.14286
gbm,20210410,15382.42857
gbm,20210411,15395.71429
gbm,20210412,15410.85714
gbm,20210413,15427
gbm,20210414,15438.28571
gbm,20210415,15447.71429
gbm,20210416,15456.14286
gbm,20210417,15463.28571
gbm,20210418,15468.42857
gbm,20210419,15472.71429
gbm,20210420,15477
gbm,20210421,15481.28571
gbm,20210422,15486.85714
gbm,20210423,15501.71429
gbm,20210425,15527.28571
gbm,20210426,15558.28571
gbm,20210427,15589.14286
gbm,20210428,15627.28571
gbm,20210429,15666.71429
gbm,20210501,15705.14286
gbm,20210503,15733.57143
gbm,20210504,15752.71429
gbm,20210506,15767.28571
gbm,20210508,15781.42857
gbm,20210509,15794.71429
gbm,20210511,15811.57143
gbm,20210512,15828.57143
gbm,20210518,16045.71429
gbm,20210519,16383.57143
gbm,20210520,16867.85714
gbm,20210521,17502.14286
gbm,20210522,18189.14286
gbm,20210523,19054.57143
gbm,20210524,20010.57143
gbm,20210525,21068.14286
gbm,20210526,22106.71429
gbm,20210527,23104.42857
gbm,20210528,24179.57143
gbm,20210529,25255.57143
gbm,20210603,26178.85714
gbm,20210609,27018.71429
gbm,20210614,27563.71429
gbm,20210615,28016
gbm,20210616,28490.14286
gbm,20210620,29287.42857
gbm,20210622,30254.42857
gbm,20210623,31356.42857
gbm,20210624,32623
gbm,20210625,34042.14286
gbm,20210628,35817.42857
gbm,20210629,37570.14286
gbm,20210701,39104.42857
gbm,20210702,40594.28571
gbm,20210703,41973.14286
gbm,20210704,43226.28571
gbm,20210705,44492.42857
gbm,20210706,45446.28571
gbm,20210707,46352.57143
gbm,20210708,46986
gbm,20210709,47481.14286
gbm,20210710,48005.28571
gbm,20210711,48567
gbm,20210712,49062.14286
gbm,20210713,49592.28571
gbm,20210714,50202.28571
gbm,20210715,50881.85714
gbm,20210718,51629.14286
gbm,20210719,52511
gbm,20210720,53310.57143
gbm,20210721,54140.71429
gbm,20210725,54882.71429
gbm,20210726,55571
gbm,20210727,56217.14286
gbm,20210728,56830.85714
gbm,20210730,57249.14286
gbm,20210731,57740.71429
gbm,20210802,58156.28571
gbm,20210803,58622.42857
gbm,20210811,59104.28571
gbm,20210816,59499.85714
gbm,20210817,59816.28571
gbm,20210820,60111
gbm,20210829,60502.42857
gbm,20210831,60927.14286
gbm,20210901,61322.28571
gbm,20210905,61617.71429
gbm,20210906,61967.71429
gbm,20210908,62323.42857
gbm,20210909,62696
gbm,20210910,62898.14286
gbm,20210913,63013.42857
gbm,20210916,63135.71429
gbm,20210921,63308.28571
gbm,20210924,63425.71429
gbm,20210928,63535.71429
gbm,20211001,63636.42857
gbm,20211002,63735.71429
gbm,20211003,63828.14286
gbm,20211004,63902
gbm,20211005,63925.28571
gbm,20211006,63948.28571
gbm,20211009,63969.14286
gbm,20211012,63981
gbm,20211013,63993.85714
gbm,20211014,64007.57143
gbm,20211019,64036.85714
gbm,20211021,64075.85714
gbm,20211025,64123.57143
gbm,20211029,64181.71429
gbm,20211030,64243
gbm,20211102,64316.85714
gbm,20211105,64401.85714
gbm,20211106,64474.42857
gbm,20211108,64538
gbm,20211112,64592.85714
gbm,20211113,64637
gbm,20211116,64677.85714
gbm,20211118,64708.28571
gbm,20211123,64729.71429
gbm,20211124,64737.42857
gbm,20211125,64749
gbm,20211126,64761.85714
gbm,20211129,64776.85714
gbm,20211130,64791.85714
gbm,20211201,64803.85714
gbm,20211202,64813.28571
gbm,20211203,64823.57143
gbm,20211204,64829.28571
gbm,20211206,64834.85714
gbm,20211207,64839.85714
gbm,20211208,64846.42857
gbm,20211210,64853.14286
gbm,20211213,64884.71429
gbm,20211214,64915
gbm,20211216,64945.42857
gbm,20211217,64979
gbm,20211220,65012.57143
gbm,20211222,65062.57143
gbm,20211223,65112.28571
gbm,20211224,65138.85714
gbm,20211227,65176.14286
gbm,20211228,65231.28571
gbm,20211230,65284.14286
gbm,20211231,65335.42857
gbm,20220104,65369.14286
gbm,20220105,65403.28571
gbm,20220106,65444.71429
gbm,20220107,65490
gbm,20220109,65541.28571
gbm,20220111,65591.71429
gbm,20220112,65642.28571
gbm,20220113,65692.14286
gbm,20220118,65757.85714
gbm,20220119,65815.57143
gbm,20220120,65859.14286
gbm,20220123,65892.85714
gbm,20220125,65930.14286
gbm,20220127,65968.28571
gbm,20220128,66010.42857
gbm,20220201,66047.85714
gbm,20220202,66088.14286
gbm,20220203,66131.57143
gbm,20220204,66162
gbm,20220205,66191.57143
gbm,20220208,66221.14286
gbm,20220209,66250.14286
gbm,20220210,66270.14286
gbm,20220214,66286
gbm,20220215,66301.42857
gbm,20220216,66319.71429
gbm,20220217,66336.71429
gbm,20220218,66357.42857
gbm,20220221,66379
gbm,20220222,66403
gbm,20220223,66428.57143
gbm,20220224,66464.28571
gbm,20220226,66502.14286
gbm,20220228,66537.42857
gbm,20220301,66569
gbm,20220302,66599.85714
gbm,20220305,66626.71429
gbm,20220306,66654.14286
gbm,20220307,66668.28571
gbm,20220308,66677.57143
gbm,20220309,66689.71429
gbm,20220312,66703.85714
gbm,20220315,66718.42857
gbm,20220316,66737.71429
gbm,20220317,66756.57143
gbm,20220318,66776.42857
gbm,20220321,66801
gbm,20220322,66824.14286
gbm,20220323,66847.42857
gbm,20220324,66867.42857
gbm,20220325,66886.71429
gbr,20210110,391399
gbr,20210111,401783
gbr,20210112,410599.33333
gbr,20210113,417443.75
gbr,20210114,422601.8
gbr,20210115,426741.83333
gbr,20210116,430073.28571
gbr,20210117,438773.57143
gbr,20210118,445159.14286
gbr,20210119,449786.71429
gbr,20210120,453509.42857
gbr,20210121,456875.42857
gbr,20210122,459900.42857
gbr,20210123,462700.14286
gbr,20210124,465296.85714
gbr,20210125,467522.57143
gbr,20210126,469455.57143
gbr,20210127,471234
gbr,20210128,472870.85714
gbr,20210129,474558.71429
gbr,20210130,477614.85714
gbr,20210131,481005
gbr,20210201,484483.57143
gbr,20210202,488027.28571
gbr,20210203,491666.14286
gbr,20210204,495628.85714
gbr,20210205,499861
gbr,20210206,502813.28571
gbr,20210207,505437.85714
gbr,20210208,508237.28571
gbr,20210209,511178.85714
gbr,20210210,514391.71429
gbr,20210211,517834.71429
gbr,20210212,521379.28571
gbr,20210213,525093
gbr,20210214,528957.14286
gbr,20210215,533210.42857
gbr,20210216,538785.28571
gbr,20210217,545824.85714
gbr,20210218,554324.42857
gbr,20210219,564326.71429
gbr,20210220,575388.57143
gbr,20210221,587487.85714
gbr,20210222,601291.14286
gbr,20210223,617080.85714
gbr,20210224,635222.85714
gbr,20210225,656143.71429
gbr,20210226,679561.57143
gbr,20210227,705416.42857
gbr,20210228,732772.28571
gbr,20210301,761530.85714
gbr,20210302,793860.42857
gbr,20210303,831452.42857
gbr,20210304,874028.28571
gbr,20210305,920032.57143
gbr,20210306,966642.57143
gbr,20210307,1013332.14286
gbr,20210308,1061522.57143
gbr,20210309,1112799.85714
gbr,20210310,1168178.85714
gbr,20210311,1226894.57143
gbr,20210312,1290025.14286
gbr,20210313,1356097.57143
gbr,20210314,1422902.85714
gbr,20210315,1491790.71429
gbr,20210316,1563946.71429
gbr,20210317,1639309.42857
gbr,20210318,1720165.42857
gbr,20210319,1806457
gbr,20210320,1898437.42857
gbr,20210321,1994309.42857
gbr,20210322,2094314.85714
gbr,20210323,2204799.71429
gbr,20210324,2332860.71429
gbr,20210325,2475545.42857
gbr,20210326,2640791.42857
gbr,20210327,2827020.85714
gbr,20210328,3026819.14286
gbr,20210329,3238893.14286
gbr,20210330,3466471
gbr,20210331,3714753.42857
gbr,20210401,3993183.57143
gbr,20210402,4266324.71429
gbr,20210403,4530901.85714
gbr,20210404,4781209.57143
gbr,20210405,5016711.57143
gbr,20210406,5239229.42857
gbr,20210407,5464721.85714
gbr,20210408,5690764.71429
gbr,20210409,5945879.71429
gbr,20210410,6243325.71429
gbr,20210411,6561051.28571
gbr,20210412,6898291.28571
gbr,20210413,7253515.85714
gbr,20210414,7599510
gbr,20210415,7940991.85714
gbr,20210416,8289549.14286
gbr,20210417,8641592.85714
gbr,20210418,8998140.57143
gbr,20210419,9365054
gbr,20210420,9737302
gbr,20210421,10119978.71429
gbr,20210422,10504567.85714
gbr,20210423,10884207.14286
gbr,20210424,11270703.71429
gbr,20210425,11662858.57143
gbr,20210426,12059433
gbr,20210427,12460184.28571
gbr,20210428,12867521.42857
gbr,20210429,13283501
gbr,20210430,13693304.85714
gbr,20210501,14078061.28571
gbr,20210502,14450259.14286
gbr,20210503,14797144.28571
gbr,20210504,15126632.42857
gbr,20210505,15447740.71429
gbr,20210506,15766196.71429
gbr,20210507,16090943.71429
gbr,20210508,16425195.42857
gbr,20210509,16761487.14286
gbr,20210510,17112684
gbr,20210511,17477118.14286
gbr,20210512,17848439.57143
gbr,20210513,18213338.14286
gbr,20210514,18567891
gbr,20210515,18915645.14286
gbr,20210516,19262909.85714
gbr,20210517,19614062.28571
gbr,20210518,19961479.57143
gbr,20210519,20296979.85714
gbr,20210520,20631376
gbr,20210521,20970526.57143
gbr,20210522,21333349.28571
gbr,20210523,21705942.57143
gbr,20210524,22089093.85714
gbr,20210525,22481386
gbr,20210526,22882026.71429
gbr,20210527,23284636.57143
gbr,20210528,23688570.42857
gbr,20210529,24072775.28571
gbr,20210530,24450434.85714
gbr,20210531,24808464.57143
gbr,20210601,25159434
gbr,20210602,25499197.85714
gbr,20210603,25830896.71429
gbr,20210604,26155749.85714
gbr,20210605,26488393
gbr,20210606,26828696
gbr,20210607,27184787.85714
gbr,20210608,27537296.42857
gbr,20210609,27885124.85714
gbr,20210610,28223010
gbr,20210611,28549346.71429
gbr,20210612,28853818.85714
gbr,20210613,29147031
gbr,20210614,29430223.14286
gbr,20210615,29701584.42857
gbr,20210616,29961313.71429
gbr,20210617,30208931.85714
gbr,20210618,30442047.85714
gbr,20210619,30663169.14286
gbr,20210620,30874045.71429
gbr,20210621,31056836.14286
gbr,20210622,31242513.57143
gbr,20210623,31418641.57143
gbr,20210624,31588277.14286
gbr,20210625,31753497.42857
gbr,20210626,31913452.28571
gbr,20210627,32075428.14286
gbr,20210628,32251502.71429
gbr,20210629,32413264.85714
gbr,20210630,32576135.71429
gbr,20210701,32741185.57143
gbr,20210702,32906622.28571
gbr,20210703,33071588.14286
gbr,20210704,33234819
gbr,20210705,33399449.57143
gbr,20210706,33564428.42857
gbr,20210707,33728797
gbr,20210708,33890651.42857
gbr,20210709,34052697.42857
gbr,20210710,34216920.14286
gbr,20210711,34380601.42857
gbr,20210712,34541075
gbr,20210713,34702284.28571
gbr,20210714,34865519.85714
gbr,20210715,35032530.57143
gbr,20210716,35202897.71429
gbr,20210717,35375231.71429
gbr,20210718,35550602.57143
gbr,20210719,35728573.42857
gbr,20210720,35906973.28571
gbr,20210721,36085041.28571
gbr,20210722,36261167
gbr,20210723,36435439.42857
gbr,20210724,36606665
gbr,20210725,36776330.28571
gbr,20210726,36946763.57143
gbr,20210727,37115821.28571
gbr,20210728,37283141.14286
gbr,20210729,37449264
gbr,20210730,37612780.42857
gbr,20210731,37777458
gbr,20210801,37942148.14286
gbr,20210802,38103589.14286
gbr,20210803,38263760.28571
gbr,20210804,38423145.14286
gbr,20210805,38581497.71429
gbr,20210806,38739458.85714
gbr,20210807,38897644.14286
gbr,20210808,39056404.57143
gbr,20210809,39216713
gbr,20210810,39378218.85714
gbr,20210811,39540880.71429
gbr,20210812,39706380.71429
gbr,20210813,39872342
gbr,20210814,40036303.42857
gbr,20210815,40200881
gbr,20210816,40365653.14286
gbr,20210817,40529672.71429
gbr,20210818,40693044
gbr,20210819,40853915.28571
gbr,20210820,41014187.57143
gbr,20210821,41173788
gbr,20210822,41331955.42857
gbr,20210823,41489107.57143
gbr,20210824,41644088.42857
gbr,20210825,41797995.28571
gbr,20210826,41947598.85714
gbr,20210827,42092068.71429
gbr,20210828,42227796.71429
gbr,20210829,42358251.57143
gbr,20210830,42479472.85714
gbr,20210831,42599083.57143
gbr,20210901,42711791.42857
gbr,20210902,42820847.71429
gbr,20210903,42926923.14286
gbr,20210904,43032265
gbr,20210905,43136714.42857
gbr,20210906,43243073.42857
gbr,20210907,43344639
gbr,20210908,43442572.42857
gbr,20210909,43537266.85714
gbr,20210910,43629278.57143
gbr,20210911,43716934
gbr,20210912,43801649.71429
gbr,20210913,43883599.42857
gbr,20210914,43962817.28571
gbr,20210915,44038510.85714
gbr,20210916,44109528.85714
gbr,20210917,44176057.28571
gbr,20210918,44238934
gbr,20210919,44299316.71429
gbr,20210920,44357655
gbr,20210921,44412662
gbr,20210922,44464920
gbr,20210923,44514408.71429
gbr,20210924,44561665.28571
gbr,20210925,44605296.28571
gbr,20210926,44647553.28571
gbr,20210927,44687929.57143
gbr,20210928,44726895.28571
gbr,20210929,44764439
gbr,20210930,44800535.71429
gbr,20211001,44835136.71429
gbr,20211002,44867919.57143
gbr,20211003,44900130
gbr,20211004,44931791.85714
gbr,20211005,44962745.14286
gbr,20211006,44992910.28571
gbr,20211007,45022246.42857
gbr,20211008,45050836.71429
gbr,20211009,45079296.42857
gbr,20211010,45107458.85714
gbr,20211011,45134806.28571
gbr,20211012,45161921.42857
gbr,20211013,45189165.85714
gbr,20211014,45216315.28571
gbr,20211015,45243516.71429
gbr,20211016,45270719
gbr,20211017,45297609
gbr,20211018,45324491.42857
gbr,20211019,45352205.42857
gbr,20211020,45379474.28571
gbr,20211021,45406577
gbr,20211022,45433213.71429
gbr,20211023,45459387.57143
gbr,20211024,45485678.14286
gbr,20211025,45511664
gbr,20211026,45536259
gbr,20211027,45560170
gbr,20211028,45583637.42857
gbr,20211029,45606549
gbr,20211030,45628768.85714
gbr,20211031,45650326.85714
gbr,20211101,45671566
gbr,20211102,45692503.85714
gbr,20211103,45712925.71429
gbr,20211104,45732884.57143
gbr,20211105,45752894
gbr,20211106,45772774.71429
gbr,20211107,45792821.28571
gbr,20211108,45813031.71429
gbr,20211109,45833281.71429
gbr,20211110,45857789
gbr,20211111,45882582.42857
gbr,20211112,45907292.28571
gbr,20211113,45931977.14286
gbr,20211114,45957010.28571
gbr,20211115,45981714
gbr,20211116,46006228.42857
gbr,20211117,46027079.14286
gbr,20211118,46047667.71429
gbr,20211119,46068193.28571
gbr,20211120,46088700
gbr,20211121,46108755.85714
gbr,20211122,46128877.71429
gbr,20211123,46149303.57143
gbr,20211124,46169917.85714
gbr,20211125,46190842.57143
gbr,20211126,46212061.28571
gbr,20211127,46234519
gbr,20211128,46259198.57143
gbr,20211129,46284960.28571
gbr,20211130,46312172.71429
gbr,20211201,46340659
gbr,20211202,46370310
gbr,20211203,46400839
gbr,20211204,46432072.57143
gbr,20211205,46462980.57143
gbr,20211206,46493734.28571
gbr,20211207,46523947.71429
gbr,20211208,46553744.14286
gbr,20211209,46583947.42857
gbr,20211210,46614458
gbr,20211211,46645138
gbr,20211212,46676250.71429
gbr,20211213,46707991.28571
gbr,20211214,46741090.85714
gbr,20211215,46775527.14286
gbr,20211216,46811202.42857
gbr,20211217,46848352.57143
gbr,20211218,46886490.42857
gbr,20211219,46926015.28571
gbr,20211220,46968616
gbr,20211221,47013530.57143
gbr,20211222,47060496.57143
gbr,20211223,47107683.85714
gbr,20211224,47150825.71429
gbr,20211225,47187541.71429
gbr,20211226,47218854.85714
gbr,20211227,47246277.71429
gbr,20211228,47270193.28571
gbr,20211229,47292767.71429
gbr,20211230,47315350.85714
gbr,20211231,47339091.42857
gbr,20220101,47363095
gbr,20220102,47389155.85714
gbr,20220103,47416015.14286
gbr,20220104,47444496.28571
gbr,20220105,47472677.14286
gbr,20220106,47499512.42857
gbr,20220107,47528284.42857
gbr,20220108,47564050.28571
gbr,20220109,47601941.14286
gbr,20220110,47639465.28571
gbr,20220111,47675261.28571
gbr,20220112,47709439.57143
gbr,20220113,47743262
gbr,20220114,47776449.42857
gbr,20220115,47810541.85714
gbr,20220116,47845456.57143
gbr,20220117,47880339
gbr,20220118,47915313.42857
gbr,20220119,47950224
gbr,20220120,47985345.57143
gbr,20220121,48020874.57143
gbr,20220122,48054934.28571
gbr,20220123,48088078.85714
gbr,20220124,48121699.28571
gbr,20220125,48155227.42857
gbr,20220126,48188902.14286
gbr,20220127,48222044.57143
gbr,20220128,48255172.85714
gbr,20220129,48287238.85714
gbr,20220130,48318860.71429
gbr,20220131,48349688.57143
gbr,20220201,48380170.57143
gbr,20220202,48410131.85714
gbr,20220203,48439543.28571
gbr,20220204,48468275.57143
gbr,20220205,48495274.42857
gbr,20220206,48520702.42857
gbr,20220207,48545928.42857
gbr,20220208,48570919.28571
gbr,20220209,48595546
gbr,20220210,48620200
gbr,20220211,48644383
gbr,20220212,48668296.57143
gbr,20220213,48691784.14286
gbr,20220214,48714601.85714
gbr,20220215,48736671.14286
gbr,20220216,48758338.85714
gbr,20220217,48779304.85714
gbr,20220218,48798673.14286
gbr,20220219,48817251
gbr,20220220,48835391.85714
gbr,20220221,48853223.57143
gbr,20220222,48870829.85714
gbr,20220223,48887870
gbr,20220224,48904118.71429
gbr,20220225,48920606
gbr,20220226,48936932.71429
gbr,20220227,48953265.42857
gbr,20220228,48969354.42857
gbr,20220301,48985029.14286
gbr,20220302,49000198
gbr,20220303,49015622.71429
gbr,20220304,49031074.71429
gbr,20220305,49046406.14286
gbr,20220306,49061635.85714
gbr,20220307,49076754.14286
gbr,20220308,49091822.57143
gbr,20220309,49107022.57143
gbr,20220310,49121744.42857
gbr,20220311,49136152.71429
gbr,20220312,49150693.42857
gbr,20220313,49165323.57143
gbr,20220314,49180440.42857
gbr,20220315,49195546.42857
gbr,20220316,49210468.85714
gbr,20220317,49225455.14286
gbr,20220318,49240480.71429
gbr,20220319,49255416.14286
gbr,20220320,49270235.57143
gbr,20220321,49284359.42857
gbr,20220323,49298703.85714
gbr,20220324,49312716.71429
geo,20210426,2887
geo,20210427,3254.5
geo,20210428,3635.33333
geo,20210429,4031
geo,20210430,4437.6
geo,20210505,4866.16667
geo,20210506,5295.71429
geo,20210507,6126.14286
geo,20210508,6967.57143
geo,20210510,7889.71429
geo,20210511,8787.71429
geo,20210512,9689.28571
geo,20210513,10557.14286
geo,20210514,11362
geo,20210515,12111.71429
geo,20210517,12844.71429
geo,20210518,13448.28571
geo,20210519,14021
geo,20210520,14520.85714
geo,20210521,14958.42857
geo,20210522,15360.71429
geo,20210524,15733.14286
geo,20210525,16050.42857
geo,20210526,16399.14286
geo,20210527,16953.28571
geo,20210528,17693.85714
geo,20210529,18902.42857
geo,20210531,20299.28571
geo,20210601,22323.14286
geo,20210602,24730.85714
geo,20210603,27625.42857
geo,20210604,30685.28571
geo,20210605,34019.28571
geo,20210607,37325.28571
geo,20210608,40917.71429
geo,20210609,44310.85714
geo,20210610,47817.85714
geo,20210611,51180
geo,20210612,54468.71429
geo,20210614,57592.85714
geo,20210615,60656.85714
geo,20210616,63623.57143
geo,20210617,66483.71429
geo,20210618,69151.85714
geo,20210619,71710
geo,20210621,74332.42857
geo,20210622,76974
geo,20210623,79536
geo,20210624,81927.28571
geo,20210625,84266.57143
geo,20210626,86530.28571
geo,20210628,88747.14286
geo,20210629,90859.42857
geo,20210630,93047.42857
geo,20210702,95485.28571
geo,20210705,98097.42857
geo,20210706,100455.57143
geo,20210707,102889.14286
geo,20210708,105296.14286
geo,20210709,107713.28571
geo,20210722,112950.71429
geo,20210725,118030.71429
geo,20210726,123061.42857
geo,20210727,128325
geo,20210729,134511.14286
geo,20210731,141106.14286
geo,20210801,147912.85714
geo,20210803,152937.71429
geo,20210804,158412.14286
geo,20210805,164220.85714
geo,20210806,170728.28571
geo,20210807,176631.28571
geo,20210808,182254.71429
geo,20210809,188353.57143
geo,20210810,193906.14286
geo,20210811,199633.28571
geo,20210812,205653
geo,20210813,211290.42857
geo,20210814,217390.42857
geo,20210816,224260.28571
geo,20210818,231984.42857
geo,20210819,240011
geo,20210822,249728.14286
geo,20210823,259629.85714
geo,20210824,272440.71429
geo,20210825,285953.14286
geo,20210826,300254.28571
geo,20210828,316906.71429
geo,20210829,333548.42857
geo,20210831,351045
geo,20210901,369247.85714
geo,20210902,386131
geo,20210904,406704.14286
geo,20210905,426032.42857
geo,20210906,442364.42857
geo,20210907,460402.71429
geo,20210910,481152.57143
geo,20210912,507401.71429
geo,20210914,533515.28571
geo,20210916,562010.57143
geo,20210919,594432
geo,20210920,627272.28571
geo,20210921,658739.85714
geo,20210922,685440.14286
geo,20210923,706280.28571
geo,20210925,726614.85714
geo,20210926,741244.28571
geo,20210927,752428.14286
geo,20210928,763435.71429
geo,20211002,777053.71429
geo,20211003,789646.57143
geo,20211004,801680.14286
geo,20211006,813259.85714
geo,20211009,825643.85714
geo,20211010,838245.28571
geo,20211011,850174
geo,20211013,858685.57143
geo,20211014,867749.28571
geo,20211019,877958
geo,20211103,892687.42857
geo,20211104,904715.71429
geo,20211106,915885.42857
geo,20211107,926342.71429
geo,20211108,936355.42857
geo,20211109,945639.57143
geo,20211111,953477.71429
geo,20211112,956075.57143
geo,20211113,958595
geo,20211115,961018
geo,20211116,963696.14286
geo,20211117,966382.57143
geo,20211119,969355.28571
geo,20211121,971961
geo,20211122,974551.57143
geo,20211123,977179.57143
geo,20211125,980083
geo,20211128,983472.28571
geo,20211203,989252.57143
geo,20211205,995077.71429
geo,20211206,1001301.42857
geo,20211207,1007884.71429
geo,20211208,1014872.71429
geo,20211210,1022505.28571
geo,20211212,1029971.85714
geo,20211213,1035504.42857
geo,20211214,1041093.28571
geo,20211215,1046808.28571
geo,20211216,1052597.85714
geo,20211217,1058476.85714
geo,20211218,1063547.42857
geo,20211219,1068203.42857
geo,20211220,1073221.28571
geo,20211221,1078667.42857
geo,20211223,1084426.85714
geo,20211224,1090428.57143
geo,20211226,1097614.28571
geo,20211228,1106382.28571
geo,20211230,1116211
geo,20220103,1125432.57143
geo,20220104,1134057.85714
geo,20220105,1142208.57143
geo,20220106,1149916
geo,20220108,1156027.42857
geo,20220110,1160951.14286
geo,20220111,1165301
geo,20220112,1169732.57143
geo,20220113,1174050.71429
geo,20220115,1178314.71429
geo,20220116,1182090.71429
geo,20220117,1186075
geo,20220118,1189647.71429
geo,20220119,1192602
geo,20220120,1195354.57143
geo,20220121,1198041
geo,20220122,1200336.71429
geo,20220124,1202577.71429
geo,20220125,1204689.57143
geo,20220126,1206609.28571
geo,20220127,1209003.28571
geo,20220129,1211234.14286
geo,20220130,1213246
geo,20220131,1215284.14286
geo,20220201,1217489.28571
geo,20220202,1219459
geo,20220203,1221249.57143
geo,20220204,1222605.28571
geo,20220205,1223799.14286
geo,20220207,1225049.14286
geo,20220208,1226201.14286
geo,20220209,1227308.42857
geo,20220210,1228379.85714
geo,20220212,1229535.28571
geo,20220213,1230567.71429
geo,20220214,1231715.57143
geo,20220216,1233011
geo,20220217,1234351
geo,20220218,1235687.42857
geo,20220219,1236950.57143
geo,20220220,1237983.28571
geo,20220221,1239160.42857
geo,20220222,1240340.28571
geo,20220224,1241399.14286
geo,20220225,1242384.28571
geo,20220226,1243245.57143
geo,20220227,1244042.28571
geo,20220228,1244936
geo,20220301,1245733.28571
geo,20220302,1246404.57143
geo,20220303,1246839.57143
geo,20220304,1247250.85714
geo,20220305,1247652.57143
geo,20220306,1248048.71429
geo,20220307,1248423.71429
geo,20220309,1248800.71429
geo,20220310,1249189.85714
geo,20220311,1249632.85714
geo,20220312,1250020.14286
geo,20220313,1250378.14286
geo,20220314,1250797.71429
geo,20220315,1251200.42857
geo,20220317,1251641.28571
geo,20220318,1252053.57143
geo,20220319,1252425.28571
geo,20220320,1252777.57143
geo,20220321,1253192.71429
geo,20220322,1253605.14286
geo,20220323,1253999.14286
geo,20220324,1254319.85714
geo,20220325,1254620.57143
gha,20210531,376169
gha,20210620,378499
gha,20210705,384585.66667
gha,20210712,388524.75
gha,20210719,392014
gha,20210920,453038.33333
gha,20211007,505466.71429
gha,20211021,569686.28571
gha,20211028,633945.42857
gha,20211104,696321.71429
gha,20211105,758320.14286
gha,20211110,819751.28571
gha,20211118,831409.85714
gha,20211124,834579.57143
gha,20211215,940265.42857
gha,20211223,1155032.14286
gha,20220113,1452918.28571
gha,20220117,1782043.28571
gha,20220210,2315535
gha,20220225,2890884.14286
gib,20210131,400
gib,20210201,862.5
gib,20210202,1348.33333
gib,20210203,1764
gib,20210204,2199.8
gib,20210205,2645.83333
gib,20210206,3064
gib,20210207,3803
gib,20210208,4490.85714
gib,20210209,5119.28571
gib,20210210,5651.57143
gib,20210211,6183.57143
gib,20210212,6714.85714
gib,20210213,7279
gib,20210214,7919
gib,20210215,8505.28571
gib,20210216,9084.28571
gib,20210217,9736.57143
gib,20210218,10363.14286
gib,20210219,10931.42857
gib,20210220,11367.28571
gib,20210221,11732
gib,20210222,12087
gib,20210223,12383.28571
gib,20210224,12615.42857
gib,20210225,12752
gib,20210226,12838.42857
gib,20210227,12940.85714
gib,20210228,13038.57143
gib,20210301,13177.85714
gib,20210302,13357.14286
gib,20210303,13656.42857
gib,20210304,13963
gib,20210305,14280.85714
gib,20210306,14606.85714
gib,20210307,14932.85714
gib,20210308,15233.57143
gib,20210309,15499.42857
gib,20210310,15633.57143
gib,20210311,15828.14286
gib,20210312,15988.57143
gib,20210313,16124.85714
gib,20210314,16411.57143
gib,20210315,16814.42857
gib,20210316,17331.14286
gib,20210317,17929
gib,20210318,18605.14286
gib,20210319,19429
gib,20210320,20361.28571
gib,20210321,21143.14286
gib,20210322,21866.28571
gib,20210323,22548.57143
gib,20210324,23271.28571
gib,20210325,23912.14286
gib,20210326,24542
gib,20210327,25200.57143
gib,20210329,25900.57143
gib,20210330,26586.42857
gib,20210331,27182.28571
gib,20210401,27669.14286
gib,20210407,28199.14286
gib,20210409,28607.42857
gib,20210410,28897.42857
gib,20210411,29160
gib,20210412,29353.57143
gib,20210413,29619
gib,20210415,29874.42857
gib,20210418,30069.42857
gib,20210421,30340
gib,20210422,30669.57143
gib,20210426,30989.28571
gib,20210427,31304.57143
gib,20210429,31655.14286
gib,20210430,32113.57143
gib,20210504,32609.14286
gib,20210505,33070.85714
gib,20210506,33502.71429
gib,20210507,34002.85714
gib,20210513,34503.14286
gib,20210518,34991.71429
gib,20210519,35477
gib,20210522,35894
gib,20210527,36321.42857
gib,20210528,36771.28571
gib,20210529,37187
gib,20210602,37624.57143
gib,20210608,37964.14286
gib,20210612,38205.57143
gib,20210621,38433.57143
gib,20210624,38599
gib,20210629,38696.57143
gib,20210702,38757.57143
gib,20210713,38803.28571
gib,20210714,38852
gib,20210715,38899.28571
gib,20210721,38937.28571
gib,20210723,38971
gib,20210726,39002.85714
gib,20210729,39037.14286
gib,20210730,39062.85714
gib,20210805,39086.71429
gib,20210807,39104
gib,20210810,39117.57143
gib,20210811,39130.42857
gib,20210814,39144.28571
gib,20210817,39154
gib,20210819,39162.57143
gib,20210820,39168
gib,20210821,39174.42857
gib,20210824,39180
gib,20210825,39185.85714
gib,20210826,39190.28571
gib,20210827,39196.28571
gib,20210828,39202.85714
gib,20210901,39210
gib,20210903,39215.28571
gib,20210907,39224.28571
gib,20210908,39233.85714
gib,20210909,39247.71429
gib,20210911,39264.14286
gib,20210915,39286.57143
gib,20210916,39312
gib,20210917,39340.57143
gib,20210918,39369.28571
gib,20210921,39396.85714
gib,20210922,39424.14286
gib,20210924,39457.14286
gib,20210925,39484.71429
gib,20210928,39510.42857
gib,20210929,39533.85714
gib,20210930,39555.85714
gib,20211001,39579.71429
gib,20211005,39600.85714
gib,20211006,39613.85714
gib,20211007,39627.57143
gib,20211008,39641
gib,20211009,39655.28571
gib,20211011,39667.42857
gib,20211012,39679.42857
gib,20211013,39691.42857
gib,20211014,39703.85714
gib,20211015,39715.28571
gib,20211017,39727.42857
gib,20211018,39737.85714
gib,20211019,39749.85714
gib,20211020,39761.57143
gib,20211021,39772.57143
gib,20211022,39781.42857
gib,20211023,39788.85714
gib,20211024,39793.85714
gib,20211025,39798.71429
gib,20211026,39801.71429
gib,20211027,39803.42857
gib,20211028,39804.28571
gib,20211029,39805.14286
gib,20211030,39805.85714
gib,20211105,39807.42857
gib,20211106,39809
gib,20211109,39810.57143
gib,20211110,39811.42857
gib,20211111,39812.28571
gib,20211112,39813.14286
gib,20211113,39814
gib,20211114,39814.14286
gib,20211115,39814.28571
gib,20211116,39814.42857
gib,20211117,39814.57143
gib,20211118,39814.71429
gib,20211119,39815
gib,20211120,39815.28571
gib,20211121,39815.42857
gib,20211123,39815.71429
gib,20211126,39816.14286
gib,20211127,39816.57143
gib,20211130,39817.14286
gib,20211201,39817.71429
gib,20211202,39818.28571
gib,20211203,39819.28571
gib,20211204,39822.57143
gib,20211207,39830
gib,20211208,39837.42857
gib,20211210,39849.57143
gib,20211211,39862
gib,20211214,39877.85714
gib,20211215,39894.85714
gib,20211216,39919.42857
gib,20211217,39940.57143
gib,20211218,39962.85714
gib,20211222,39983.14286
gib,20211223,40005.71429
gib,20220107,40026.85714
gib,20220111,40050.85714
gib,20220112,40065.85714
gib,20220113,40081.57143
gib,20220114,40097.42857
gib,20220115,40111.28571
gib,20220118,40145
gib,20220119,40193.14286
gib,20220120,40258.42857
gib,20220121,40322.71429
gib,20220122,40399.57143
gib,20220127,40479.42857
gib,20220128,40560.71429
gib,20220129,40620.85714
gib,20220201,40666.71429
gib,20220202,40691.71429
gib,20220208,40716.85714
gib,20220210,40729.85714
gib,20220211,40740.42857
gib,20220215,40750.71429
gib,20220216,40763.71429
gib,20220217,40777.14286
gib,20220218,40791.14286
gib,20220223,40810.57143
gib,20220224,40829.57143
gib,20220225,40847.85714
gib,20220227,40865.14286
gib,20220301,40880
gib,20220302,40893
gib,20220304,40907.71429
gib,20220308,40918
gib,20220309,40927.71429
gib,20220311,40937.42857
gib,20220315,40946.57143
gib,20220316,40957.14286
gib,20220317,40982.71429
gib,20220318,41006.28571
gib,20220321,41030.28571
gib,20220322,41053.85714
gib,20220323,41088
gib,20220324,41125
gin,20210331,2652
gin,20210407,6105.5
gin,20210415,12414.33333
gin,20210416,16277.5
gin,20210419,18975.6
gin,20210420,21023.33333
gin,20210421,22704.14286
gin,20210422,27641.42857
gin,20210424,31921.28571
gin,20210425,33995.28571
gin,20210426,35914.57143
gin,20210427,37913.14286
gin,20210428,39936.85714
gin,20210429,41949.42857
gin,20210430,43522.14286
gin,20210503,44998.42857
gin,20210504,46569.28571
gin,20210505,48281.57143
gin,20210506,49874.57143
gin,20210507,51554.42857
gin,20210511,53384.28571
gin,20210512,55182.42857
gin,20210517,57613
gin,20210519,60698.14286
gin,20210520,63459.14286
gin,20210523,66637.57143
gin,20210524,69782.71429
gin,20210525,72626.57143
gin,20210526,75888.85714
gin,20210529,78776.42857
gin,20210531,81006.14286
gin,20210602,83570
gin,20210603,85501.71429
gin,20210607,87459.28571
gin,20210608,89751.28571
gin,20210610,91748.42857
gin,20210611,93388.28571
gin,20210615,96601.71429
gin,20210617,100255.14286
gin,20210621,105347.28571
gin,20210622,112620.57143
gin,20210623,120191.85714
gin,20210624,127595.57143
gin,20210627,135866.57143
gin,20210628,142712.71429
gin,20210629,150382.42857
gin,20210630,156826
gin,20210703,161115.85714
gin,20210704,173903.14286
gin,20210705,188047.57143
gin,20210707,202673.71429
gin,20210712,219422.14286
gin,20210713,235004.28571
gin,20210714,250618.57143
gin,20210716,266075.14286
gin,20210718,272394.42857
gin,20210725,277792.28571
gin,20210727,281836.71429
gin,20210728,283540.85714
gin,20210730,292003.28571
gin,20210801,300407.85714
gin,20210806,308864.28571
gin,20210808,317436.42857
gin,20210809,325522.14286
gin,20210810,333536.28571
gin,20210811,341581.85714
gin,20210812,342428.57143
gin,20210815,343151.42857
gin,20210816,343679.57143
gin,20210817,344162.42857
gin,20210818,344715.14286
gin,20210819,346108.71429
gin,20210822,347898.14286
gin,20210823,349814.42857
gin,20210825,352404
gin,20210829,355936.71429
gin,20210830,362180.14286
gin,20210831,368759
gin,20210903,375047.28571
gin,20210906,381569.71429
gin,20210908,389110.85714
gin,20210909,396706.71429
gin,20210912,405130.28571
gin,20210914,411456.85714
gin,20210919,419866.14286
gin,20210920,428839.57143
gin,20210921,440839.71429
gin,20210923,457602.42857
gin,20210924,474741.42857
gin,20210926,491814.71429
gin,20210928,510425
gin,20210930,528593.28571
gin,20211003,547308.57143
gin,20211005,563838.28571
gin,20211010,576577.57143
gin,20211012,589606.71429
gin,20211013,603445.85714
gin,20211014,616478.57143
gin,20211018,629177.28571
gin,20211021,643564.28571
gin,20211024,658763.57143
gin,20211026,672370.57143
gin,20211027,685123.14286
gin,20211031,697738.85714
gin,20211101,710301.57143
gin,20211103,721557
gin,20211107,732955.14286
gin,20211110,742708.57143
gin,20211121,753972
gin,20211123,765065
gin,20211124,773773.85714
gin,20211125,781646.71429
gin,20211126,789292.14286
gin,20211128,793520.85714
gin,20211204,798844
gin,20211211,802600.28571
gin,20211212,806076.71429
gin,20211220,811873.85714
gin,20211221,817756.57143
gin,20211223,826819.71429
gin,20211224,836936.85714
gin,20211225,846294.57143
gin,20211226,856003.28571
gin,20211228,868001.14286
gin,20211229,878988.42857
gin,20211230,890364.28571
gin,20211231,899226.57143
gin,20220101,949607.57143
gin,20220102,998956.85714
gin,20220103,1052269
gin,20220104,1105486.57143
gin,20220105,1159126
gin,20220107,1212242.42857
gin,20220110,1264730.42857
gin,20220111,1274580
gin,20220115,1284839.57143
gin,20220117,1370763.28571
gin,20220120,1454864.57143
gin,20220122,1537468.14286
gin,20220123,1619597.71429
gin,20220124,1701672.57143
gin,20220131,1784629.71429
gin,20220201,1867338.14286
gin,20220205,1869558.85714
gin,20220209,1871279.71429
gin,20220210,1872758.14286
gin,20220313,1954700.14286
gin,20220316,2040474.57143
gmb,20210608,10389
gmb,20210623,10389
gmb,20210630,10867.66667
gmb,20210715,11226.5
gmb,20210823,38749.6
gmb,20210825,58255.5
gmb,20210828,72476.71429
gmb,20210829,93596
gmb,20210831,115176.28571
gmb,20210903,136905
gmb,20210907,158831
gmb,20210921,161985
gmb,20210929,164299.57143
gmb,20211019,170862.71429
gmb,20211022,178906
gmb,20211026,186749.57143
gmb,20211031,194831.85714
gmb,20211106,202879.42857
gmb,20211114,210251.71429
gmb,20211121,217523.57143
gmb,20211202,220708
gmb,20211211,222666.42857
gmb,20211214,224621.85714
gmb,20211228,228766.57143
gmb,20220121,240562.28571
gmb,20220216,254042.42857
gmb,20220314,267652.57143
gnb,20210628,1028
gnb,20210719,1126.5
gnb,20210809,1542.33333
gnb,20210823,1905
gnb,20210917,2880.6
gnb,20210922,3647.83333
gnb,20211006,4432.28571
gnb,20211012,5644.42857
gnb,20211018,6859.42857
gnb,20211024,8012.85714
gnb,20211031,9249.57143
gnb,20211103,10354
gnb,20211108,11806.28571
gnb,20211111,13038.71429
gnb,20211115,14241.57143
gnb,20211116,15416.42857
gnb,20211122,16547.57143
gnb,20211125,17513.42857
gnb,20211128,18165.42857
gnb,20211205,18530
gnb,20211213,19022.71429
gnb,20211220,19724.42857
gnb,20211223,20423.28571
gnb,20211228,21105.85714
gnb,20220101,21782.14286
gnb,20220107,22363.14286
gnb,20220112,22839.14286
gnb,20220117,23223.57143
gnb,20220119,23407.57143
gnb,20220202,24015
gnb,20220206,62391.71429
gnb,20220214,107022
gnb,20220220,151991
gnb,20220227,196934.57143
gnb,20220306,241965.57143
gnb,20220313,287270.85714
gnb,20220316,332152.57143
gnq,20210316,800
gnq,20210329,1603.5
gnq,20210401,2065.66667
gnq,20210416,2875.5
gnq,20210420,3783.8
gnq,20210422,4551.33333
gnq,20210428,5454.28571
gnq,20210518,11787
gnq,20210522,19563.57143
gnq,20210525,28300.71429
gnq,20210528,37771.14286
gnq,20210531,47628.42857
gnq,20210603,58945.71429
gnq,20210610,71485.28571
gnq,20210612,79267.57143
gnq,20210615,86354.42857
gnq,20210617,92699.71429
gnq,20210623,98227.85714
gnq,20210625,103217.14286
gnq,20210628,107057.14286
gnq,20210630,109321.71429
gnq,20210705,111630.71429
gnq,20210707,113068.71429
gnq,20210710,114285.14286
gnq,20210713,115260.71429
gnq,20210717,116208.71429
gnq,20210721,116953.14286
gnq,20210724,118095.85714
gnq,20210729,119708.28571
gnq,20210802,121411.28571
gnq,20210804,123326.42857
gnq,20210807,125471.14286
gnq,20210812,128058.57143
gnq,20210816,130617.28571
gnq,20210818,133075.14286
gnq,20210821,135113.85714
gnq,20210824,137306.57143
gnq,20210827,139817.14286
gnq,20210902,142415
gnq,20210904,145291.14286
gnq,20210908,148221.71429
gnq,20210910,150994.28571
gnq,20210913,153634.14286
gnq,20210920,156322
gnq,20210930,159118.14286
gnq,20211006,162171.85714
gnq,20211009,164962.28571
gnq,20211012,167867.28571
gnq,20211016,171084.71429
gnq,20211019,174538.42857
gnq,20211021,177770.71429
gnq,20211027,180641.42857
gnq,20211029,183194.71429
gnq,20211030,185236.71429
gnq,20211103,187022.57143
gnq,20211106,188588.14286
gnq,20211110,190002.14286
gnq,20211115,191352.71429
gnq,20211117,192430.42857
gnq,20211119,193412.85714
gnq,20211122,194350.71429
gnq,20211125,195318.71429
gnq,20211129,196115.14286
gnq,20211201,196802.57143
gnq,20211214,197492.28571
gnq,20211216,198647
gnq,20211222,199638.71429
gnq,20220108,200645.28571
gnq,20220118,201565.71429
gnq,20220226,202687.71429
gnq,20220305,203991.71429
grc,20210116,2
grc,20210118,212.5
grc,20210119,499
grc,20210120,790.25
grc,20210121,1084.4
grc,20210122,1333.5
grc,20210123,1590.85714
grc,20210125,2742.14286
grc,20210126,4559.57143
grc,20210127,6960.57143
grc,20210128,10122.42857
grc,20210129,14476.85714
grc,20210130,19663.85714
grc,20210201,25868.28571
grc,20210202,32443.14286
grc,20210203,39425.14286
grc,20210204,46651.57143
grc,20210205,53779.85714
grc,20210206,60496.71429
grc,20210208,67048.85714
grc,20210209,73622.57143
grc,20210210,81056.57143
grc,20210211,89570.42857
grc,20210212,99688.28571
grc,20210213,111290
grc,20210215,123995.14286
grc,20210216,137305.57143
grc,20210217,151322
grc,20210218,165292
grc,20210219,178671.71429
grc,20210220,191286.71429
grc,20210221,201955.57143
grc,20210222,212654.71429
grc,20210223,224019
grc,20210224,235610.42857
grc,20210225,247384.42857
grc,20210226,259620.42857
grc,20210227,271913.71429
grc,20210301,285849
grc,20210302,299536.42857
grc,20210303,312495.71429
grc,20210304,324456
grc,20210305,335184
grc,20210306,344531.71429
grc,20210308,352928.28571
grc,20210309,360172.85714
grc,20210310,366464.14286
grc,20210311,372526.71429
grc,20210312,378723
grc,20210313,385100.14286
grc,20210315,391018.71429
grc,20210316,397905.42857
grc,20210317,405368.42857
grc,20210318,413527.42857
grc,20210319,422053.85714
grc,20210320,430697.85714
grc,20210322,439982
grc,20210323,450985.14286
grc,20210324,462525
grc,20210325,472718
grc,20210326,484985.85714
grc,20210327,499010.71429
grc,20210329,514632.85714
grc,20210330,531380.71429
grc,20210331,548860
grc,20210401,566470.28571
grc,20210402,586537.28571
grc,20210403,605466.57143
grc,20210405,621922.57143
grc,20210406,637293.57143
grc,20210407,651929.14286
grc,20210408,665874.57143
grc,20210409,679520.14286
grc,20210410,692653.14286
grc,20210412,705003.85714
grc,20210413,718195.57143
grc,20210414,730852
grc,20210415,741756.42857
grc,20210416,750912.28571
grc,20210417,758054.71429
grc,20210419,763509.57143
grc,20210420,767649.71429
grc,20210421,770565
grc,20210422,773301
grc,20210423,777147.42857
grc,20210424,784037
grc,20210426,795594.42857
grc,20210427,811194.42857
grc,20210428,830589.42857
grc,20210429,854499.28571
grc,20210430,877354
grc,20210501,898851.85714
grc,20210503,917170.14286
grc,20210504,936520.57143
grc,20210505,959465.42857
grc,20210506,986600.57143
grc,20210507,1017216.57143
grc,20210508,1056153.71429
grc,20210510,1103774.28571
grc,20210511,1159555.28571
grc,20210512,1217516.57143
grc,20210513,1275945.14286
grc,20210514,1334518.57143
grc,20210515,1393107
grc,20210517,1451381.42857
grc,20210518,1507802.85714
grc,20210519,1561172.85714
grc,20210520,1611331.85714
grc,20210521,1656750.85714
grc,20210522,1696918.85714
grc,20210524,1732002.57143
grc,20210525,1762312.42857
grc,20210526,1792015.14286
grc,20210527,1822744
grc,20210528,1854809
grc,20210529,1889411.57143
grc,20210531,1927556.71429
grc,20210601,1969293.28571
grc,20210602,2014817.42857
grc,20210603,2061035.42857
grc,20210604,2108015
grc,20210605,2156268.85714
grc,20210606,2198894.14286
grc,20210607,2243308.42857
grc,20210608,2290434.28571
grc,20210609,2340602.71429
grc,20210610,2394593.28571
grc,20210611,2452723.71429
grc,20210612,2515327.28571
grc,20210613,2578216.71429
grc,20210614,2644201.57143
grc,20210615,2712128.42857
grc,20210616,2779880.14286
grc,20210617,2846128
grc,20210618,2910232.42857
grc,20210619,2971307.14286
grc,20210620,3032143
grc,20210621,3081345.85714
grc,20210622,3129533.42857
grc,20210623,3178213.57143
grc,20210624,3227380.85714
grc,20210625,3277691.42857
grc,20210626,3329495.28571
grc,20210627,3388851.57143
grc,20210628,3458934.28571
grc,20210629,3527706.71429
grc,20210630,3594458.42857
grc,20210701,3657470.85714
grc,20210702,3717025.14286
grc,20210703,3771741.57143
grc,20210704,3825657.71429
grc,20210705,3875906.28571
grc,20210706,3922775.28571
grc,20210707,3968024.85714
grc,20210708,4013847.71429
grc,20210709,4060105.14286
grc,20210710,4108486.85714
grc,20210711,4149952.57143
grc,20210712,4194826
grc,20210713,4241958.71429
grc,20210714,4289540.57143
grc,20210715,4337272.85714
grc,20210716,4384759.71429
grc,20210717,4432049.14286
grc,20210718,4479498.85714
grc,20210719,4524208.42857
grc,20210720,4567357.85714
grc,20210721,4609597.42857
grc,20210722,4652702.28571
grc,20210723,4695090.71429
grc,20210724,4737134.71429
grc,20210725,4778773.28571
grc,20210726,4821377.57143
grc,20210727,4864756.42857
grc,20210728,4907662
grc,20210729,4948773.28571
grc,20210730,4989830.71429
grc,20210731,5030494.14286
grc,20210801,5071213
grc,20210802,5107676.85714
grc,20210803,5141687.57143
grc,20210804,5174184.85714
grc,20210805,5205322.14286
grc,20210806,5234889.71429
grc,20210807,5262674.28571
grc,20210808,5290390
grc,20210809,5317983
grc,20210810,5344422
grc,20210811,5370068
grc,20210812,5394659.42857
grc,20210813,5417878.85714
grc,20210814,5438531
grc,20210815,5459069.71429
grc,20210816,5478049.71429
grc,20210817,5496243.14286
grc,20210818,5513706.28571
grc,20210819,5530021.28571
grc,20210820,5545633
grc,20210821,5561254.14286
grc,20210822,5576885.14286
grc,20210823,5592749.14286
grc,20210824,5608089.42857
grc,20210825,5622954.28571
grc,20210826,5637546
grc,20210827,5651838.71429
grc,20210828,5665838
grc,20210829,5679843.57143
grc,20210830,5692786.28571
grc,20210831,5705136.57143
grc,20210901,5716563.57143
grc,20210902,5727286
grc,20210903,5737200.28571
grc,20210904,5746349.57143
grc,20210905,5755469.42857
grc,20210906,5764385.28571
grc,20210907,5773089.85714
grc,20210908,5781934.14286
grc,20210909,5790966.71429
grc,20210910,5800397
grc,20210911,5810239.42857
grc,20210912,5820086.42857
grc,20210913,5829978
grc,20210914,5840222.28571
grc,20210915,5851169.14286
grc,20210916,5862844.85714
grc,20210917,5875290.42857
grc,20210918,5888759.28571
grc,20210919,5902294
grc,20210920,5916734.28571
grc,20210921,5931743.57143
grc,20210922,5947183
grc,20210923,5962814
grc,20210924,5978822.14286
grc,20210925,5995295.42857
grc,20210926,6011856.71429
grc,20210927,6028224.14286
grc,20210928,6044452.28571
grc,20210929,6060495
grc,20210930,6076489.28571
grc,20211001,6091900
grc,20211002,6106808.85714
grc,20211003,6121663
grc,20211004,6136240.28571
grc,20211005,6150621.14286
grc,20211006,6164459.85714
grc,20211007,6177625.28571
grc,20211008,6190438.85714
grc,20211009,6202537.14286
grc,20211010,6214605.57143
grc,20211011,6226061.42857
grc,20211012,6236821.14286
grc,20211013,6246895
grc,20211014,6256346
grc,20211015,6265122.71429
grc,20211016,6273286.28571
grc,20211017,6281437.28571
grc,20211018,6289069.85714
grc,20211019,6296245.85714
grc,20211020,6303044
grc,20211021,6309649.71429
grc,20211022,6315956.14286
grc,20211023,6321860.28571
grc,20211024,6327687.14286
grc,20211025,6333230.71429
grc,20211026,6338481.14286
grc,20211027,6343684.14286
grc,20211028,6348042.28571
grc,20211029,6352756.57143
grc,20211030,6357538.85714
grc,20211031,6362325
grc,20211101,6367263
grc,20211102,6372483.14286
grc,20211103,6377855.28571
grc,20211104,6384212.57143
grc,20211105,6390548.71429
grc,20211106,6396996.71429
grc,20211107,6403510
grc,20211108,6410175.57143
grc,20211109,6416898.85714
grc,20211110,6423737.28571
grc,20211111,6430607
grc,20211112,6437422.14286
grc,20211113,6444380.71429
grc,20211114,6451336.71429
grc,20211115,6458300.57143
grc,20211116,6465520.14286
grc,20211117,6472820.57143
grc,20211118,6479697.57143
grc,20211119,6486653.71429
grc,20211120,6493745.57143
grc,20211121,6500881.42857
grc,20211122,6508068.85714
grc,20211123,6515305.57143
grc,20211124,6522868.57143
grc,20211125,6531540.85714
grc,20211126,6540875.57143
grc,20211127,6550707
grc,20211128,6560563.71429
grc,20211129,6570991.28571
grc,20211130,6581996.14286
grc,20211201,6593354.57143
grc,20211202,6604793
grc,20211203,6616137.28571
grc,20211204,6627606.14286
grc,20211205,6639512.28571
grc,20211206,6652149
grc,20211207,6665027.57143
grc,20211208,6678381.85714
grc,20211209,6692207.85714
grc,20211210,6706401
grc,20211211,6721028.28571
grc,20211212,6735791.28571
grc,20211213,6749876.57143
grc,20211214,6764015
grc,20211215,6778151.28571
grc,20211216,6792338.71429
grc,20211217,6806896.57143
grc,20211218,6821292.42857
grc,20211219,6835912
grc,20211220,6850428.14286
grc,20211221,6864702.14286
grc,20211222,6879224.71429
grc,20211223,6893446
grc,20211224,6906838.42857
grc,20211225,6917873.42857
grc,20211226,6927961.42857
grc,20211227,6941223.42857
grc,20211228,6956016.71429
grc,20211229,6970105.85714
grc,20211230,6983848.71429
grc,20211231,6997087
grc,20220101,7010330.85714
grc,20220102,7023910.14286
grc,20220103,7035749
grc,20220104,7046397.42857
grc,20220105,7057020.71429
grc,20220106,7066450.71429
grc,20220107,7076222.28571
grc,20220108,7088134.14286
grc,20220109,7100135.14286
grc,20220110,7111238
grc,20220111,7122098.42857
grc,20220112,7133103
grc,20220113,7145513.71429
grc,20220114,7157781
grc,20220115,7169235.14286
grc,20220116,7180604.57143
grc,20220117,7190905
grc,20220118,7200682.42857
grc,20220119,7210221.71429
grc,20220120,7219545.42857
grc,20220121,7228642.57143
grc,20220122,7237446.42857
grc,20220123,7246090.14286
grc,20220124,7255008.57143
grc,20220125,7263242.42857
grc,20220126,7270540.14286
grc,20220127,7277031.42857
grc,20220128,7283812.71429
grc,20220129,7291739.28571
grc,20220130,7299971.57143
grc,20220131,7308195.57143
grc,20220201,7317077.71429
grc,20220202,7326377.14286
grc,20220203,7336194.42857
grc,20220204,7345891.42857
grc,20220205,7355093
grc,20220206,7364109.42857
grc,20220207,7372689.71429
grc,20220208,7381304.85714
grc,20220209,7390120.14286
grc,20220210,7398924
grc,20220211,7407683.42857
grc,20220212,7416483
grc,20220213,7425287.42857
grc,20220214,7433843.57143
grc,20220215,7441764.71429
grc,20220216,7449038.57143
grc,20220217,7455820
grc,20220218,7462182.71429
grc,20220219,7468119.42857
grc,20220220,7473986.57143
grc,20220221,7479873.57143
grc,20220222,7485928.42857
grc,20220223,7492128.85714
grc,20220224,7498270
grc,20220225,7504247.14286
grc,20220226,7510046
grc,20220227,7515813.14286
grc,20220228,7521549.14286
grc,20220301,7526741.57143
grc,20220302,7531335.71429
grc,20220303,7535519.42857
grc,20220304,7539231.42857
grc,20220305,7542281.71429
grc,20220306,7545196.57143
grc,20220307,7547401.28571
grc,20220308,7549468
grc,20220309,7551643.85714
grc,20220310,7553836.28571
grc,20220311,7556001.71429
grc,20220312,7558229.42857
grc,20220313,7560464.71429
grc,20220314,7562907.28571
grc,20220315,7565309.14286
grc,20220316,7567499.85714
grc,20220317,7569558.71429
grc,20220318,7571545
grc,20220319,7573400.28571
grc,20220320,7575242.42857
grc,20220321,7577067.71429
grc,20220322,7578831.14286
grc,20220323,7580560.57143
grc,20220324,7582244.14286
grc,20220325,7583711.85714
grd,20210403,2
grd,20210408,3.5
grd,20210409,9
grd,20210411,11.75
grd,20210416,31.2
grd,20210419,58.33333
grd,20210422,190.71429
grd,20210423,381.42857
grd,20210427,681.42857
grd,20210429,1068.71429
grd,20210506,1637.28571
grd,20210511,2446.71429
grd,20210521,3450.28571
grd,20210528,4481
grd,20210604,5576.42857
grd,20210611,6634.85714
grd,20210618,7692.28571
grd,20210625,8831.28571
grd,20210702,10050.28571
grd,20210709,11130.42857
grd,20210716,12120.42857
grd,20210723,13049.71429
grd,20210730,14010
grd,20210806,14935
grd,20210809,15655
grd,20210813,16062.14286
grd,20210820,16489
grd,20210827,16973.14286
grd,20210903,17524.85714
grd,20210910,18009.57143
grd,20210917,18612.28571
grd,20210924,19400.57143
grd,20211001,20442.28571
grd,20211008,21665.85714
grd,20211015,23106.71429
grd,20211022,24665.57143
grd,20211029,26349.57143
grd,20211105,27968.14286
grd,20211112,29467.71429
grd,20211119,30775.28571
grd,20211129,31921.28571
grd,20211203,32776.71429
grd,20211210,33445.14286
grd,20211217,33966.14286
grd,20211223,34437.57143
grd,20220107,34870.14286
grd,20220114,35260
grd,20220121,35570.28571
grd,20220128,35882.42857
grd,20220204,36173.71429
grd,20220211,36476.28571
grd,20220216,36735.14286
grd,20220218,36918.28571
grd,20220223,37072.85714
grd,20220225,37206.14286
grd,20220302,37309.85714
grd,20220318,37427.42857
grd,20220323,37529.14286
grd,20220325,37621.42857
grl,20210301,1203
grl,20210409,2731
grl,20210412,3246.33333
grl,20210413,3508.75
grl,20210414,3666.4
grl,20210415,3771.5
grl,20210416,3846.57143
grl,20210419,4288.57143
grl,20210420,4294.14286
grl,20210421,4297.14286
grl,20210422,4297.42857
grl,20210423,4297.57143
grl,20210426,4297.71429
grl,20210427,4309.42857
grl,20210428,4408.28571
grl,20210429,4547.42857
grl,20210503,4687.14286
grl,20210504,4827
grl,20210507,4967.85714
grl,20210510,5131.71429
grl,20210511,5289.28571
grl,20210512,5375.57143
grl,20210514,5486.14286
grl,20210517,5647.14286
grl,20210518,5891.28571
grl,20210519,6231.28571
grl,20210521,6624.57143
grl,20210525,7021.57143
grl,20210526,7411.71429
grl,20210527,7737.42857
grl,20210528,8013.14286
grl,20210530,8205.57143
grl,20210531,8302.14286
grl,20210601,8329.42857
grl,20210602,8348.57143
grl,20210603,8367.42857
grl,20210604,8387.28571
grl,20210607,8411.57143
grl,20210608,8439.14286
grl,20210609,8468.42857
grl,20210610,8495
grl,20210611,8525.85714
grl,20210614,8654.42857
grl,20210615,8789.28571
grl,20210616,8952.42857
grl,20210617,9162.85714
grl,20210618,9415.28571
grl,20210622,9673.85714
grl,20210623,9931.71429
grl,20210624,10086.28571
grl,20210625,10234.42857
grl,20210628,10349.85714
grl,20210629,10431.85714
grl,20210630,10564.42857
grl,20210701,10854.28571
grl,20210702,11227.71429
grl,20210705,11662
grl,20210706,12151
grl,20210707,12783
grl,20210708,13477.57143
grl,20210709,14225.71429
grl,20210712,15029.42857
grl,20210713,15815.42857
grl,20210714,16555.42857
grl,20210716,17276.28571
grl,20210719,17854.71429
grl,20210720,18373.71429
grl,20210721,18778
grl,20210722,19035
grl,20210723,19321.71429
grl,20210726,19849.28571
grl,20210727,20346
grl,20210728,20884.71429
grl,20210729,21516.14286
grl,20210730,22433.14286
grl,20210802,23326.14286
grl,20210803,24125.14286
grl,20210804,24767.14286
grl,20210805,25414.57143
grl,20210806,26109
grl,20210809,26768.28571
grl,20210810,27112.85714
grl,20210811,27512
grl,20210813,28019.42857
grl,20210816,28470.28571
grl,20210817,28911.42857
grl,20210819,29349
grl,20210820,29767.71429
grl,20210823,30197.14286
grl,20210824,30544.57143
grl,20210830,30977
grl,20211001,31859.85714
grl,20211005,32746.57143
grl,20211008,33569.71429
grl,20211011,34337.42857
grl,20211012,35094.71429
grl,20211013,35832.71429
grl,20211014,36384
grl,20211015,36447
grl,20211018,36519.14286
grl,20211021,36593.28571
grl,20211025,36671.14286
grl,20211029,36756.57143
grl,20211102,36842.71429
grl,20211104,36941
grl,20211125,37056.57143
grl,20211203,37172.71429
grl,20211207,37264.85714
grl,20211208,37356.85714
grl,20211210,37460.57143
grl,20211215,37570.57143
grl,20211221,37676.28571
grl,20211223,37764
grl,20211227,37837.71429
grl,20220104,37915.14286
grl,20220118,38009.85714
grl,20220121,38086.85714
grl,20220124,38154.71429
grl,20220125,38202.14286
grl,20220126,38244.42857
grl,20220127,38286.42857
grl,20220130,38324.57143
grl,20220201,38339
grl,20220203,38346.57143
grl,20220204,38353.14286
grl,20220209,38368.57143
grl,20220214,38387.57143
grl,20220307,38409.71429
gtm,20210327,370
gtm,20210328,370
gtm,20210329,419.33333
gtm,20210330,554.5
gtm,20210331,682
gtm,20210401,767
gtm,20210402,827.71429
gtm,20210403,945.14286
gtm,20210404,1062.57143
gtm,20210405,1164.71429
gtm,20210406,1259.71429
gtm,20210407,1321.57143
gtm,20210408,1383.57143
gtm,20210409,1447.42857
gtm,20210410,1511.28571
gtm,20210411,1575.14286
gtm,20210412,1645
gtm,20210413,1672.71429
gtm,20210414,1700.57143
gtm,20210415,1728.71429
gtm,20210416,1755.42857
gtm,20210417,1782.14286
gtm,20210418,1808.85714
gtm,20210419,1823.71429
gtm,20210420,1824.85714
gtm,20210421,1826
gtm,20210422,1827
gtm,20210423,1829
gtm,20210426,1831.14286
gtm,20210427,1841.42857
gtm,20210428,1851.71429
gtm,20210429,1861.85714
gtm,20210430,1871.85714
gtm,20210501,1881.57143
gtm,20210502,1889.85714
gtm,20210503,1898.14286
gtm,20210504,1905.57143
gtm,20210505,1957.28571
gtm,20210506,2037.14286
gtm,20210507,2122
gtm,20210508,2206.85714
gtm,20210510,2295.42857
gtm,20210511,2383.85714
gtm,20210512,2465.42857
gtm,20210513,2502.71429
gtm,20210514,2512
gtm,20210515,2516.28571
gtm,20210516,2520.57143
gtm,20210517,2523
gtm,20210518,2525.42857
gtm,20210519,2527.42857
gtm,20210520,2529.42857
gtm,20210521,2531.28571
gtm,20210522,2533.14286
gtm,20210523,2535
gtm,20210524,2535
gtm,20210525,7147.71429
gtm,20210526,13119.71429
gtm,20210527,20551.14286
gtm,20210528,29434.42857
gtm,20210529,38635.71429
gtm,20210530,48020.14286
gtm,20210531,58825.57143
gtm,20210601,66551.85714
gtm,20210602,74130.42857
gtm,20210603,81110.71429
gtm,20210604,87450.85714
gtm,20210605,93520
gtm,20210606,99492.85714
gtm,20210607,104793.71429
gtm,20210608,109322.28571
gtm,20210609,113331.28571
gtm,20210610,117087.28571
gtm,20210611,120548.85714
gtm,20210612,124002.14286
gtm,20210613,127406.85714
gtm,20210614,130380.57143
gtm,20210615,132925
gtm,20210616,135167.57143
gtm,20210617,137222.28571
gtm,20210618,139196.71429
gtm,20210619,141150.85714
gtm,20210620,143084.85714
gtm,20210621,145031.14286
gtm,20210622,146941.42857
gtm,20210623,148659
gtm,20210624,150244.14286
gtm,20210625,151733
gtm,20210626,153224.14286
gtm,20210627,154711
gtm,20210628,155893.28571
gtm,20210629,156992.57143
gtm,20210630,158030.42857
gtm,20210701,158916.28571
gtm,20210703,159743.28571
gtm,20210704,160562.71429
gtm,20210705,161805.14286
gtm,20210706,163578.57143
gtm,20210707,165906.14286
gtm,20210708,168913.85714
gtm,20210709,172720
gtm,20210711,176537.14286
gtm,20210712,181533.28571
gtm,20210713,188310.14286
gtm,20210714,196656.28571
gtm,20210715,206090.57143
gtm,20210716,216552.71429
gtm,20210717,226446
gtm,20210718,236249
gtm,20210720,247634.57143
gtm,20210721,257989.71429
gtm,20210722,267143.71429
gtm,20210723,275613.42857
gtm,20210724,282447.28571
gtm,20210725,289021.28571
gtm,20210726,296255
gtm,20210727,301588.28571
gtm,20210728,306627.28571
gtm,20210729,311491.57143
gtm,20210730,316168.85714
gtm,20210731,320893.14286
gtm,20210801,325867.28571
gtm,20210802,331107.85714
gtm,20210803,336124.28571
gtm,20210804,341036.71429
gtm,20210805,345965.85714
gtm,20210806,351212.57143
gtm,20210807,356586.28571
gtm,20210808,361970.28571
gtm,20210809,367983.57143
gtm,20210810,375715.57143
gtm,20210812,391822.14286
gtm,20210813,413649.14286
gtm,20210814,436088.71429
gtm,20210815,459270.42857
gtm,20210816,486691.14286
gtm,20210817,519088.57143
gtm,20210818,556879
gtm,20210819,594060.14286
gtm,20210820,634163.85714
gtm,20210821,675014.14286
gtm,20210822,716614
gtm,20210823,761070.71429
gtm,20210824,806499.85714
gtm,20210825,851223.42857
gtm,20210826,895090.57143
gtm,20210827,938795.57143
gtm,20210828,983463.71429
gtm,20210829,1028614.71429
gtm,20210830,1074181.28571
gtm,20210831,1120079
gtm,20210901,1166823.85714
gtm,20210902,1213403.28571
gtm,20210903,1257446.14286
gtm,20210904,1301637.28571
gtm,20210905,1345858.42857
gtm,20210909,1414485.14286
gtm,20210910,1484263.57143
gtm,20210911,1550124.14286
gtm,20210912,1610530.28571
gtm,20210913,1671152
gtm,20210914,1734836.71429
gtm,20210915,1798720.42857
gtm,20210916,1837054
gtm,20210917,1873306.57143
gtm,20210918,1908842.71429
gtm,20210919,1944086.57143
gtm,20210920,1978777
gtm,20210921,2012901.71429
gtm,20210922,2050601.71429
gtm,20210923,2087906.42857
gtm,20210924,2125464.28571
gtm,20210925,2163192.57143
gtm,20210926,2201399.71429
gtm,20210927,2238938.71429
gtm,20210928,2275868
gtm,20210929,2311802.71429
gtm,20210930,2347162
gtm,20211001,2381649
gtm,20211002,2416081.71429
gtm,20211003,2450664.85714
gtm,20211004,2485325.85714
gtm,20211005,2520672.71429
gtm,20211006,2557122.85714
gtm,20211007,2594197.85714
gtm,20211008,2632374.14286
gtm,20211009,2670455
gtm,20211010,2708329
gtm,20211011,2745998.28571
gtm,20211012,2782669.85714
gtm,20211013,2817562.85714
gtm,20211014,2850431
gtm,20211015,2880113.71429
gtm,20211016,2908393.85714
gtm,20211017,2935822.71429
gtm,20211018,2961659
gtm,20211019,2985903.14286
gtm,20211020,3007515.71429
gtm,20211021,3028210.28571
gtm,20211022,3048213.57143
gtm,20211023,3067988.14286
gtm,20211024,3087390.14286
gtm,20211025,3106206
gtm,20211026,3124459.85714
gtm,20211027,3144103
gtm,20211028,3163243.42857
gtm,20211029,3182164.57143
gtm,20211030,3200879.71429
gtm,20211031,3219560.42857
gtm,20211101,3235300
gtm,20211102,3250508.42857
gtm,20211103,3266056.14286
gtm,20211104,3282620.85714
gtm,20211105,3300231.28571
gtm,20211106,3318521.71429
gtm,20211107,3337456.14286
gtm,20211108,3361092.42857
gtm,20211109,3387195.71429
gtm,20211110,3414510
gtm,20211111,3442911.28571
gtm,20211112,3472352.71429
gtm,20211113,3501950.85714
gtm,20211114,3531754.28571
gtm,20211115,3561970.14286
gtm,20211116,3592084.85714
gtm,20211117,3622523.14286
gtm,20211118,3652460.28571
gtm,20211119,3682273.28571
gtm,20211120,3712579.57143
gtm,20211121,3743332.28571
gtm,20211122,3773751.42857
gtm,20211123,3804350
gtm,20211124,3834801.28571
gtm,20211125,3865480
gtm,20211126,3893383.14286
gtm,20211127,3920674.42857
gtm,20211128,3947455.28571
gtm,20211129,3973917.28571
gtm,20211130,4000035.85714
gtm,20211201,4025212.42857
gtm,20211202,4049766.71429
gtm,20211203,4075750.71429
gtm,20211204,4101363.14286
gtm,20211205,4126603.14286
gtm,20211206,4150836.71429
gtm,20211207,4174481.57143
gtm,20211208,4197631.28571
gtm,20211209,4220444.57143
gtm,20211210,4242752.14286
gtm,20211211,4264895.28571
gtm,20211212,4286737.14286
gtm,20211213,4308391.14286
gtm,20211214,4329324.14286
gtm,20211215,4350554.85714
gtm,20211216,4371616.14286
gtm,20211217,4392361.28571
gtm,20211218,4413161.42857
gtm,20211219,4434503.14286
gtm,20211220,4456453.14286
gtm,20211221,4479078.28571
gtm,20211222,4501722.14286
gtm,20211223,4522282.14286
gtm,20211224,4539765.71429
gtm,20211225,4555670.14286
gtm,20211226,4570420.14286
gtm,20211227,4584916.28571
gtm,20211228,4599608
gtm,20211229,4614001.42857
gtm,20211230,4628232.14286
gtm,20211231,4642469.85714
gtm,20220101,4656678.42857
gtm,20220102,4670751.71429
gtm,20220103,4683552.71429
gtm,20220104,4695558
gtm,20220105,4707421.85714
gtm,20220106,4721419.71429
gtm,20220107,4739081
gtm,20220108,4758855
gtm,20220109,4780701
gtm,20220110,4803559.14286
gtm,20220111,4826461.71429
gtm,20220112,4849931.28571
gtm,20220113,4873426.85714
gtm,20220114,4896735.85714
gtm,20220115,4919448.71429
gtm,20220116,4941911.85714
gtm,20220117,4964439.71429
gtm,20220118,4987422
gtm,20220119,5010479.71429
gtm,20220120,5033738.42857
gtm,20220121,5057066.28571
gtm,20220122,5080612.28571
gtm,20220123,5103128.71429
gtm,20220124,5124627.57143
gtm,20220125,5144723.85714
gtm,20220126,5163344.85714
gtm,20220127,5180678
gtm,20220128,5196796.42857
gtm,20220129,5212171.28571
gtm,20220130,5228019.71429
gtm,20220131,5243833.28571
gtm,20220201,5259811.57143
gtm,20220202,5275544
gtm,20220203,5291023.42857
gtm,20220204,5306271
gtm,20220205,5321400
gtm,20220206,5335749.57143
gtm,20220207,5349716.71429
gtm,20220208,5363051.14286
gtm,20220209,5377952
gtm,20220210,5392885.14286
gtm,20220211,5407729.42857
gtm,20220212,5422618.28571
gtm,20220213,5437356.28571
gtm,20220214,5451509.28571
gtm,20220215,5465518.71429
gtm,20220218,5477768.42857
gtm,20220223,5496208.57143
gtm,20220225,5517302
gtm,20220302,5547005.14286
gtm,20220304,5581969.57143
gtm,20220309,5619487.57143
gtm,20220311,5659961.42857
gtm,20220316,5702842.57143
gtm,20220318,5740928.14286
gtm,20220323,5781034.42857
gtm,20220325,5817406.28571
guy,20210415,600
guy,20210423,1185.5
guy,20210426,1723.66667
guy,20210506,1992.75
guy,20210525,13270.2
guy,20210602,22854.83333
guy,20210605,30363
guy,20210609,41677.57143
guy,20210611,53385.85714
guy,20210616,66151.14286
guy,20210621,79841.85714
guy,20210625,86445.42857
guy,20210629,91680.14286
guy,20210630,96443
guy,20210701,100858.42857
guy,20210702,104950.14286
guy,20210706,108126.85714
guy,20210708,110736.57143
guy,20210714,113371.57143
guy,20210719,116347.42857
guy,20210722,119291.57143
guy,20210723,122011.42857
guy,20210726,124591.14286
guy,20210728,127390.14286
guy,20210729,130493.14286
guy,20210730,132718
guy,20210803,134628.85714
guy,20210804,136450.71429
guy,20210810,138624.42857
guy,20210812,140861.85714
guy,20210813,142649.42857
guy,20210816,143864.28571
guy,20210823,146038
guy,20210825,148046.57143
guy,20210826,150395.57143
guy,20210827,152466.28571
guy,20210830,154546
guy,20210831,156620.57143
guy,20210903,159425.57143
guy,20210907,161621.14286
guy,20210908,163683.57143
guy,20210909,165626.14286
guy,20210914,167851.42857
guy,20210916,170143.71429
guy,20210920,172728.42857
guy,20210923,174885.42857
guy,20210927,177008.71429
guy,20210929,179272.57143
guy,20211005,185032.85714
guy,20211006,190820.85714
guy,20211007,196738.71429
guy,20211008,202581.85714
guy,20211012,208751.57143
guy,20211013,214834
guy,20211020,221608.14286
guy,20211021,224837.28571
guy,20211025,228043.57143
guy,20211028,231342.28571
guy,20211101,234814.42857
guy,20211102,237797.57143
guy,20211103,240822.28571
guy,20211105,243131.71429
guy,20211109,245825.57143
guy,20211110,248347.42857
guy,20211111,250631
guy,20211112,252708.42857
guy,20211115,254976.85714
guy,20211116,257210.14286
guy,20211117,259395
guy,20211118,261136.28571
guy,20211119,262817.85714
guy,20211124,264819.28571
guy,20211126,267142.42857
guy,20211129,269296.28571
guy,20211130,271382.42857
guy,20211201,273497.71429
guy,20211202,275570.57143
guy,20211206,277734.28571
guy,20211207,279491.28571
guy,20211214,281107.14286
guy,20211218,282941.14286
guy,20211229,285241.42857
guy,20220101,287479.57143
guy,20220114,290727.57143
guy,20220121,294193.85714
guy,20220128,298235.42857
guy,20220131,302012.14286
guy,20220202,305617
guy,20220209,309250.71429
guy,20220211,312807.28571
guy,20220216,315534.71429
guy,20220219,318012.42857
guy,20220223,319998.14286
guy,20220225,321926.85714
guy,20220226,323627.85714
guy,20220301,324867.42857
guy,20220304,326268.14286
guy,20220307,327525.57143
guy,20220310,328601
guy,20220311,332964.14286
guy,20220316,337572.42857
guy,20220318,342208.14286
guy,20220323,346793.42857
guy,20220325,351159.28571
hkg,20210227,1
hkg,20210228,1
hkg,20210301,1
hkg,20210302,1
hkg,20210303,1.4
hkg,20210304,1.66667
hkg,20210305,1.85714
hkg,20210306,2.28571
hkg,20210307,2.85714
hkg,20210308,3.42857
hkg,20210309,4.14286
hkg,20210310,4.71429
hkg,20210311,5.28571
hkg,20210312,5.85714
hkg,20210313,6.42857
hkg,20210314,6.85714
hkg,20210315,7.28571
hkg,20210316,7.57143
hkg,20210317,7.85714
hkg,20210318,8.28571
hkg,20210319,8.71429
hkg,20210320,9
hkg,20210321,9.28571
hkg,20210322,15.71429
hkg,20210323,78.57143
hkg,20210324,145.85714
hkg,20210325,217
hkg,20210326,1030.71429
hkg,20210327,2745.57143
hkg,20210328,5394.57143
hkg,20210329,8902.14286
hkg,20210330,13751.85714
hkg,20210331,19975.28571
hkg,20210401,27631.14286
hkg,20210402,35361.28571
hkg,20210403,43493.71429
hkg,20210404,51871.28571
hkg,20210405,61250.71429
hkg,20210406,72524.57143
hkg,20210407,86770.85714
hkg,20210408,103446.57143
hkg,20210409,123674.14286
hkg,20210410,146914.57143
hkg,20210411,172451.71429
hkg,20210412,199656
hkg,20210413,226832.28571
hkg,20210414,251829.85714
hkg,20210415,274868.28571
hkg,20210416,295519.28571
hkg,20210417,313850.71429
hkg,20210418,330315.14286
hkg,20210419,344814.85714
hkg,20210420,357306.57143
hkg,20210421,368801.85714
hkg,20210422,379555.85714
hkg,20210423,389583.57143
hkg,20210424,398851.57143
hkg,20210425,407608.85714
hkg,20210426,416192.28571
hkg,20210427,425265
hkg,20210428,435033
hkg,20210429,445480.42857
hkg,20210430,457096.42857
hkg,20210501,470412.71429
hkg,20210502,485740.42857
hkg,20210503,502234.85714
hkg,20210504,519176.14286
hkg,20210505,536406
hkg,20210506,553883
hkg,20210507,571959.85714
hkg,20210508,590661.71429
hkg,20210509,609293.57143
hkg,20210510,628098.57143
hkg,20210511,646894.28571
hkg,20210512,665548
hkg,20210513,684177.71429
hkg,20210514,702256.57143
hkg,20210515,719877.28571
hkg,20210516,736591.57143
hkg,20210517,752953.28571
hkg,20210518,768967
hkg,20210519,784023.85714
hkg,20210520,798873.42857
hkg,20210521,813655.28571
hkg,20210522,828303.28571
hkg,20210523,843250.57143
hkg,20210524,858062.71429
hkg,20210525,873030.57143
hkg,20210526,888775.85714
hkg,20210527,904570.57143
hkg,20210528,920646
hkg,20210529,936620.42857
hkg,20210530,952737
hkg,20210531,968943.85714
hkg,20210601,985118.42857
hkg,20210602,1001269.42857
hkg,20210603,1017275.28571
hkg,20210604,1032853.71429
hkg,20210605,1048284.71429
hkg,20210606,1063252.85714
hkg,20210607,1077700.14286
hkg,20210608,1091625.85714
hkg,20210609,1104937.14286
hkg,20210610,1117933.42857
hkg,20210611,1130818
hkg,20210612,1143558.14286
hkg,20210613,1155959.42857
hkg,20210614,1167545.42857
hkg,20210615,1179458.28571
hkg,20210616,1191352.57143
hkg,20210617,1203178
hkg,20210618,1214928.14286
hkg,20210619,1226709.14286
hkg,20210620,1238703.14286
hkg,20210621,1251910.85714
hkg,20210622,1265238.85714
hkg,20210623,1279271.85714
hkg,20210624,1294177.42857
hkg,20210625,1310227.71429
hkg,20210626,1327702.42857
hkg,20210627,1346404.42857
hkg,20210628,1366065.85714
hkg,20210629,1387166.85714
hkg,20210630,1409755.71429
hkg,20210701,1432225.42857
hkg,20210702,1456547.85714
hkg,20210703,1481773.28571
hkg,20210704,1507517
hkg,20210705,1534119.42857
hkg,20210706,1561094.28571
hkg,20210707,1588150.42857
hkg,20210708,1617129.57143
hkg,20210709,1646420.28571
hkg,20210710,1676600.28571
hkg,20210711,1707116.85714
hkg,20210712,1737154.42857
hkg,20210713,1766894.85714
hkg,20210714,1796521.28571
hkg,20210715,1826459.71429
hkg,20210716,1856261.85714
hkg,20210717,1885500.28571
hkg,20210718,1914760
hkg,20210719,1944571.14286
hkg,20210720,1974837.42857
hkg,20210721,2005524.85714
hkg,20210722,2036289.71429
hkg,20210723,2068082.71429
hkg,20210724,2100403
hkg,20210725,2132995.28571
hkg,20210726,2166303
hkg,20210727,2200089.85714
hkg,20210728,2234438.71429
hkg,20210729,2268618.85714
hkg,20210730,2302042.85714
hkg,20210731,2334689.71429
hkg,20210801,2366844.14286
hkg,20210802,2398830.28571
hkg,20210803,2430848.14286
hkg,20210804,2462859
hkg,20210805,2495131.71429
hkg,20210806,2527293.14286
hkg,20210807,2559439.57143
hkg,20210808,2591334.28571
hkg,20210809,2623416
hkg,20210810,2655425.85714
hkg,20210811,2687310.71429
hkg,20210812,2719347
hkg,20210813,2750979.28571
hkg,20210814,2782424.14286
hkg,20210815,2813928.85714
hkg,20210816,2844825
hkg,20210817,2875380.14286
hkg,20210818,2905697.28571
hkg,20210819,2935737
hkg,20210820,2966034.71429
hkg,20210821,2996879
hkg,20210822,3028085.28571
hkg,20210823,3059749.71429
hkg,20210824,3091712.85714
hkg,20210825,3124199.85714
hkg,20210826,3157561.85714
hkg,20210827,3191283.14286
hkg,20210828,3225192.71429
hkg,20210829,3259684.85714
hkg,20210830,3295288.71429
hkg,20210831,3332514.28571
hkg,20210901,3369157.85714
hkg,20210902,3404376.28571
hkg,20210903,3438800.57143
hkg,20210904,3472585
hkg,20210905,3505562.57143
hkg,20210906,3537005.42857
hkg,20210907,3566503
hkg,20210908,3596086.85714
hkg,20210909,3626009.71429
hkg,20210910,3656294.42857
hkg,20210911,3686978
hkg,20210912,3717557.85714
hkg,20210913,3747552
hkg,20210914,3776710.57143
hkg,20210915,3804931.57143
hkg,20210916,3832104.28571
hkg,20210917,3857870.42857
hkg,20210918,3882475.42857
hkg,20210919,3905829.71429
hkg,20210920,3928006.14286
hkg,20210921,3948955.28571
hkg,20210922,3968631
hkg,20210923,3988827.42857
hkg,20210924,4009005.14286
hkg,20210925,4029184.14286
hkg,20210926,4049434.71429
hkg,20210927,4069798.85714
hkg,20210928,4090421.85714
hkg,20210929,4111536.85714
hkg,20210930,4131605.14286
hkg,20211001,4149360.42857
hkg,20211002,4165409.42857
hkg,20211003,4180261.71429
hkg,20211004,4194253.42857
hkg,20211005,4207388.28571
hkg,20211006,4219435
hkg,20211007,4230174.28571
hkg,20211008,4241029.14286
hkg,20211009,4249453.42857
hkg,20211010,4258578.57143
hkg,20211011,4267371
hkg,20211012,4275708.42857
hkg,20211014,4284042.71429
hkg,20211015,4293048.28571
hkg,20211016,4302256
hkg,20211017,4312256.57143
hkg,20211018,4321311.71429
hkg,20211019,4329704.14286
hkg,20211020,4337952
hkg,20211021,4346083.85714
hkg,20211022,4353565.14286
hkg,20211023,4360648.14286
hkg,20211024,4367571.28571
hkg,20211025,4374405.85714
hkg,20211026,4381361.85714
hkg,20211027,4388359.85714
hkg,20211028,4395143.42857
hkg,20211029,4401280
hkg,20211030,4406640
hkg,20211031,4411868.42857
hkg,20211101,4416738.42857
hkg,20211102,4421238
hkg,20211103,4425228.14286
hkg,20211104,4428950.57143
hkg,20211105,4432629.28571
hkg,20211106,4436420.14286
hkg,20211107,4440142.85714
hkg,20211108,4443848.28571
hkg,20211109,4447514.57143
hkg,20211110,4451070.14286
hkg,20211111,4454526.57143
hkg,20211112,4457943.71429
hkg,20211113,4461437.85714
hkg,20211114,4464873
hkg,20211115,4468211
hkg,20211116,4471570.42857
hkg,20211117,4475031
hkg,20211118,4478687.28571
hkg,20211119,4482402.57143
hkg,20211120,4486035.42857
hkg,20211121,4489689
hkg,20211122,4493342.71429
hkg,20211123,4497007.71429
hkg,20211124,4500668.57143
hkg,20211125,4504262.28571
hkg,20211126,4507810.85714
hkg,20211127,4511426.28571
hkg,20211128,4515097.42857
hkg,20211129,4518800.28571
hkg,20211130,4522532.28571
hkg,20211201,4526269
hkg,20211202,4529949.42857
hkg,20211203,4533655.85714
hkg,20211204,4537333.85714
hkg,20211205,4541012.57143
hkg,20211206,4544680.14286
hkg,20211207,4548305.71429
hkg,20211208,4551927
hkg,20211209,4555604.57143
hkg,20211210,4559326.28571
hkg,20211211,4563126.14286
hkg,20211212,4566958
hkg,20211213,4570806.57143
hkg,20211214,4574672.42857
hkg,20211215,4578545.71429
hkg,20211216,4582480.85714
hkg,20211217,4586459.14286
hkg,20211218,4590539.14286
hkg,20211219,4594785.28571
hkg,20211220,4599161
hkg,20211221,4603603.85714
hkg,20211222,4608100.14286
hkg,20211223,4612657.28571
hkg,20211224,4617090.14286
hkg,20211225,4621133.57143
hkg,20211226,4625060.42857
hkg,20211227,4628890
hkg,20211228,4633307.14286
hkg,20211229,4637880.85714
hkg,20211230,4642475.57143
hkg,20211231,4647168.28571
hkg,20220101,4651790.42857
hkg,20220102,4656393.85714
hkg,20220103,4661157.42857
hkg,20220104,4665374.42857
hkg,20220105,4669561.71429
hkg,20220106,4673664.71429
hkg,20220107,4677801
hkg,20220108,4682248.71429
hkg,20220109,4686594.42857
hkg,20220110,4690728.71429
hkg,20220111,4694745.14286
hkg,20220112,4698706.57143
hkg,20220113,4702594.57143
hkg,20220114,4706358.28571
hkg,20220115,4709956
hkg,20220116,4713517.71429
hkg,20220117,4716948.14286
hkg,20220118,4720330.85714
hkg,20220119,4723685.42857
hkg,20220120,4727021.28571
hkg,20220121,4730385.71429
hkg,20220122,4733937.42857
hkg,20220123,4737791.57143
hkg,20220124,4742081.28571
hkg,20220125,4746934.42857
hkg,20220126,4752523
hkg,20220127,4758692.14286
hkg,20220128,4765689.14286
hkg,20220129,4773267.85714
hkg,20220130,4781242.57143
hkg,20220131,4788886.14286
hkg,20220201,4795520.14286
hkg,20220202,4801149.71429
hkg,20220203,4805856.57143
hkg,20220204,4811955.14286
hkg,20220205,4818855.71429
hkg,20220206,4826221
hkg,20220207,4836086
hkg,20220208,4849020
hkg,20220209,4864534
hkg,20220210,4882570.71429
hkg,20220211,4900992.28571
hkg,20220212,4919903
hkg,20220213,4938758.57143
hkg,20220214,4956972.14286
hkg,20220215,4974655.42857
hkg,20220216,4992206
hkg,20220217,5009352.14286
hkg,20220218,5026212.71429
hkg,20220219,5043060.14286
hkg,20220220,5059846.57143
hkg,20220221,5076027.14286
hkg,20220222,5091296.14286
hkg,20220223,5105549.42857
hkg,20220224,5119107.71429
hkg,20220225,5131985.71429
hkg,20220226,5144621.28571
hkg,20220227,5157218.42857
hkg,20220228,5169690.85714
hkg,20220301,5181811
hkg,20220302,5193744.42857
hkg,20220303,5205505.28571
hkg,20220304,5217024.28571
hkg,20220305,5228248.71429
hkg,20220306,5239471.28571
hkg,20220307,5251359
hkg,20220308,5264429.14286
hkg,20220309,5279177.57143
hkg,20220310,5295660.85714
hkg,20220311,5313845
hkg,20220312,5332960.57143
hkg,20220313,5352414.28571
hkg,20220314,5373064.71429
hkg,20220315,5394900.28571
hkg,20220316,5417440.71429
hkg,20220317,5440465
hkg,20220318,5464220.85714
hkg,20220319,5488445
hkg,20220320,5512792.14286
hnd,20210409,2639
hnd,20210515,4163
hnd,20210521,11970.33333
hnd,20210602,23168
hnd,20210606,29926.4
hnd,20210610,34432
hnd,20210611,37788.28571
hnd,20210613,45686.42857
hnd,20210616,53159.71429
hnd,20210617,57504.71429
hnd,20210622,57681.71429
hnd,20210624,57848.14286
hnd,20210703,58014.57143
hnd,20210707,59389.28571
hnd,20210709,61756
hnd,20210712,64861.28571
hnd,20210719,73574.28571
hnd,20210723,90054.85714
hnd,20210726,109468.42857
hnd,20210803,148775.28571
hnd,20210825,293368
hnd,20210829,469602.71429
hnd,20210906,690973.28571
hnd,20210909,915331.85714
hnd,20210924,1174689.57143
hnd,20211001,1494267.57143
hnd,20211008,1801086.42857
hnd,20211015,2009401
hnd,20211022,2217473.42857
hnd,20211029,2408779.28571
hnd,20211105,2660739.28571
hnd,20211112,2894171.14286
hnd,20211203,3102815.57143
hnd,20211222,3313072.85714
hnd,20211229,3564316.42857
hnd,20220107,3790759.42857
hnd,20220114,3992683.85714
hnd,20220121,4125358.42857
hnd,20220211,4236247.85714
hnd,20220218,4331837.14286
hnd,20220225,4419070.71429
hnd,20220311,4464727.85714
hnd,20220318,4508207.28571
hrv,20210125,11907
hrv,20210201,18503
hrv,20210203,21957
hrv,20210204,25445.75
hrv,20210209,28749.8
hrv,20210211,31953
hrv,20210215,34928
hrv,20210218,41091.71429
hrv,20210222,45768.28571
hrv,20210224,49974
hrv,20210225,53202.42857
hrv,20210301,55776.28571
hrv,20210304,57495
hrv,20210308,58963.28571
hrv,20210312,60746.14286
hrv,20210319,63406.85714
hrv,20210322,66393.14286
hrv,20210326,69581.42857
hrv,20210328,72690.71429
hrv,20210331,76878.28571
hrv,20210401,81067.42857
hrv,20210402,85140.85714
hrv,20210404,88265.71429
hrv,20210406,91096.85714
hrv,20210407,93951
hrv,20210408,96922.14286
hrv,20210409,99452.14286
hrv,20210410,102027.71429
hrv,20210411,104101.85714
hrv,20210412,105989
hrv,20210413,108102.57143
hrv,20210414,110456.14286
hrv,20210415,113586.57143
hrv,20210416,117205
hrv,20210417,121247.42857
hrv,20210418,125401.85714
hrv,20210419,129618.85714
hrv,20210420,133900.85714
hrv,20210421,138295
hrv,20210422,142358.85714
hrv,20210423,146084.14286
hrv,20210424,149810.71429
hrv,20210425,153915.57143
hrv,20210426,157993.57143
hrv,20210427,162225.57143
hrv,20210428,166381
hrv,20210429,171675.71429
hrv,20210430,177421.57143
hrv,20210501,182525.28571
hrv,20210502,187142.57143
hrv,20210503,192150.71429
hrv,20210504,197353.85714
hrv,20210505,203246.14286
hrv,20210506,208792.28571
hrv,20210507,215190.85714
hrv,20210508,222272.28571
hrv,20210509,229642.71429
hrv,20210510,237467.28571
hrv,20210511,245695.85714
hrv,20210513,255657
hrv,20210514,265950.57143
hrv,20210515,275138.85714
hrv,20210516,283445.14286
hrv,20210517,292822.57143
hrv,20210518,302642.28571
hrv,20210519,313151.71429
hrv,20210521,327953
hrv,20210522,342302.57143
hrv,20210523,355703.71429
hrv,20210524,370270.42857
hrv,20210525,383583.28571
hrv,20210526,397304.28571
hrv,20210527,412342.57143
hrv,20210528,423208
hrv,20210529,434213.71429
hrv,20210530,445214.85714
hrv,20210531,457042
hrv,20210601,471125.28571
hrv,20210602,486956.57143
hrv,20210603,500055
hrv,20210604,512661.71429
hrv,20210605,524988.71429
hrv,20210606,537409.42857
hrv,20210607,549113.14286
hrv,20210608,560680.42857
hrv,20210610,578006.57143
hrv,20210611,599084.42857
hrv,20210613,623343.71429
hrv,20210614,649104.71429
hrv,20210615,678171.42857
hrv,20210616,709020.14286
hrv,20210618,749709
hrv,20210620,785758.85714
hrv,20210621,819830.42857
hrv,20210622,849401.85714
hrv,20210623,880467.28571
hrv,20210625,917784.14286
hrv,20210626,954516.71429
hrv,20210627,979601.42857
hrv,20210628,1001570.71429
hrv,20210629,1024536.85714
hrv,20210702,1053026.85714
hrv,20210703,1080983.42857
hrv,20210704,1099700.57143
hrv,20210705,1117921.14286
hrv,20210706,1138522.57143
hrv,20210707,1160224.85714
hrv,20210709,1183652.42857
hrv,20210710,1202415.14286
hrv,20210711,1217608
hrv,20210712,1233915.14286
hrv,20210713,1249786.57143
hrv,20210714,1264956.42857
hrv,20210716,1280323.28571
hrv,20210717,1291467.57143
hrv,20210718,1300584.71429
hrv,20210719,1310973.85714
hrv,20210720,1321585
hrv,20210721,1332184.14286
hrv,20210722,1341931.57143
hrv,20210723,1350229.57143
hrv,20210725,1359020.42857
hrv,20210726,1368671
hrv,20210727,1378142.57143
hrv,20210728,1386842.28571
hrv,20210730,1396047
hrv,20210731,1404928.57143
hrv,20210801,1412576.28571
hrv,20210802,1427654.28571
hrv,20210803,1442505.14286
hrv,20210804,1457251.85714
hrv,20210805,1471019.57143
hrv,20210806,1483569.71429
hrv,20210807,1495652.71429
hrv,20210808,1507681
hrv,20210809,1511784.85714
hrv,20210810,1516150.57143
hrv,20210811,1520156.14286
hrv,20210812,1525007
hrv,20210813,1529798.28571
hrv,20210815,1534570
hrv,20210816,1539817.14286
hrv,20210817,1544967.14286
hrv,20210818,1550017.14286
hrv,20210819,1555238.71429
hrv,20210820,1560327.85714
hrv,20210821,1564907
hrv,20210822,1569071.85714
hrv,20210823,1573245
hrv,20210824,1577593.71429
hrv,20210826,1582513.14286
hrv,20210827,1587239
hrv,20210828,1591552.85714
hrv,20210829,1595657.28571
hrv,20210830,1600261.14286
hrv,20210901,1605388.14286
hrv,20210902,1610383
hrv,20210903,1614533.85714
hrv,20210904,1618231.28571
hrv,20210905,1621626.14286
hrv,20210906,1625334.42857
hrv,20211010,1628567.57143
hrv,20211011,1645447.57143
hrv,20211012,1662174.42857
hrv,20211013,1678800.57143
hrv,20211014,1695771.85714
hrv,20211015,1713226
hrv,20211016,1730552.85714
hrv,20211017,1747842.14286
hrv,20211018,1750604.57143
hrv,20211019,1753323
hrv,20211020,1756023
hrv,20211021,1758724
hrv,20211022,1761515.85714
hrv,20211023,1764281.71429
hrv,20211024,1767080.85714
hrv,20211025,1769978.57143
hrv,20211026,1773023.14286
hrv,20211028,1776943
hrv,20211029,1780846.14286
hrv,20211031,1784543.57143
hrv,20211101,1787987
hrv,20211102,1791954.28571
hrv,20211103,1796099.14286
hrv,20211104,1800432.14286
hrv,20211105,1804049.42857
hrv,20211106,1807599.57143
hrv,20211109,1812361.28571
hrv,20211110,1818033.42857
hrv,20211112,1825070.42857
hrv,20211113,1832393.57143
hrv,20211114,1839196
hrv,20211116,1847295.42857
hrv,20211117,1856005.28571
hrv,20211118,1863439.85714
hrv,20211119,1870886.71429
hrv,20211120,1877113.28571
hrv,20211121,1882643.57143
hrv,20211122,1888519.71429
hrv,20211123,1893255
hrv,20211124,1897702.57143
hrv,20211125,1902738
hrv,20211126,1907675
hrv,20211127,1912703.85714
hrv,20211128,1917777.71429
hrv,20211226,1922353.85714
hrv,20211227,1926713
hrv,20211228,1931054.14286
hrv,20211229,1935334.57143
hrv,20211230,1939327.85714
hrv,20211231,1942643.42857
hrv,20220101,1945739.28571
hrv,20220102,1975770.85714
hrv,20220103,2005685.14286
hrv,20220104,2035465.57143
hrv,20220105,2065089.57143
hrv,20220106,2094211.42857
hrv,20220107,2123691.57143
hrv,20220108,2153623
hrv,20220110,2157103.85714
hrv,20220111,2160674.14286
hrv,20220112,2164150.42857
hrv,20220113,2167380.42857
hrv,20220115,2171334.28571
hrv,20220116,2174846.14286
hrv,20220117,2178203.42857
hrv,20220118,2181307.42857
hrv,20220119,2184177.42857
hrv,20220120,2186761.42857
hrv,20220121,2188887.28571
hrv,20220122,2190698
hrv,20220123,2192473.28571
hrv,20220124,2194124.28571
hrv,20220125,2195658.42857
hrv,20220126,2197076
hrv,20220127,2198367.71429
hrv,20220130,2200028.14286
hrv,20220131,2201378.28571
hrv,20220201,2202875.42857
hrv,20220202,2204391
hrv,20220203,2205884.14286
hrv,20220204,2207339.42857
hrv,20220205,2208738.28571
hrv,20220206,2209774
hrv,20220207,2210799.57143
hrv,20220208,2211812.71429
hrv,20220209,2212835.85714
hrv,20220210,2213844.71429
hrv,20220211,2214824.42857
hrv,20220212,2215795.57143
hrv,20220213,2216764
hrv,20220214,2217716.57143
hrv,20220215,2218657.42857
hrv,20220216,2219575
hrv,20220217,2220470
hrv,20220220,2221468.85714
hrv,20220222,2222525.28571
hrv,20220224,2223828.71429
hrv,20220225,2225146.57143
hrv,20220226,2226356.14286
hrv,20220227,2227387
hrv,20220228,2228339.28571
hrv,20220301,2229097.71429
hrv,20220302,2229744.57143
hrv,20220303,2230193.28571
hrv,20220306,2230619
hrv,20220307,2231038.71429
hrv,20220308,2231496.42857
hrv,20220309,2231969.57143
hrv,20220310,2232438.42857
hrv,20220311,2232890.57143
hrv,20220312,2233313.42857
hrv,20220313,2233628
hrv,20220314,2233940.57143
hrv,20220315,2234252.28571
hrv,20220316,2234534.14286
hrv,20220317,2234801.85714
hrv,20220320,2235079.28571
hrv,20220321,2235369.71429
hrv,20220322,2235691.85714
hrv,20220323,2236025.71429
hrv,20220325,2236394.71429
hti,20210721,341
hti,20210722,341
hti,20210726,341
hti,20210727,341
hti,20210728,341
hti,20210729,341
hti,20210730,341
hti,20210802,341
hti,20210803,341
hti,20210804,341
hti,20210805,341
hti,20210806,341
hti,20210809,341
hti,20210810,341
hti,20210811,344.57143
hti,20210813,348.85714
hti,20210816,377.85714
hti,20210818,529
hti,20210821,750.28571
hti,20210823,1051
hti,20210825,1482.28571
hti,20210826,1910
hti,20210827,2533.28571
hti,20210831,3419.85714
hti,20210903,4612
hti,20210907,6088.42857
hti,20210909,7793.57143
hti,20210910,9505.42857
hti,20210917,11673.28571
hti,20210921,13709.42857
hti,20210926,15652.85714
hti,20211001,17281.28571
hti,20211002,18788.14286
hti,20211007,20382.85714
hti,20211010,22053.14286
hti,20211015,23539.71429
hti,20211018,24961.71429
hti,20211029,27187.28571
hti,20211031,29834.85714
hti,20211105,32253.71429
hti,20211111,34421.71429
hti,20211112,37502.85714
hti,20211115,40771.71429
hti,20211119,46192.71429
hti,20211216,51035.85714
hti,20211217,55668.14286
hti,20211229,60507.42857
hti,20220101,65408.42857
hti,20220121,69809.42857
hti,20220130,75807.42857
hti,20220216,80499
hti,20220225,85007
hti,20220304,89788.57143
hti,20220309,94601.14286
hti,20220316,99425.85714
hti,20220323,104129.42857
hun,20210118,1643
hun,20210119,2291
hun,20210120,2870.66667
hun,20210121,3606.75
hun,20210122,4274.2
hun,20210123,4917.66667
hun,20210124,5558.42857
hun,20210125,7129.28571
hun,20210126,9248.28571
hun,20210127,12428.71429
hun,20210128,16987.57143
hun,20210129,23082.14286
hun,20210130,30037.85714
hun,20210131,37446.85714
hun,20210201,45430.71429
hun,20210202,53611.28571
hun,20210203,61919.71429
hun,20210204,69783.42857
hun,20210205,77218.57143
hun,20210206,84135.28571
hun,20210207,90753.28571
hun,20210208,96734.57143
hun,20210209,102239.42857
hun,20210210,106941.71429
hun,20210211,110924
hun,20210212,114177
hun,20210213,117456
hun,20210214,120562.71429
hun,20210215,123591
hun,20210216,126627.28571
hun,20210217,130006.57143
hun,20210218,134547
hun,20210219,141449.28571
hun,20210220,150379.28571
hun,20210221,160617.28571
hun,20210222,171206.85714
hun,20210223,181781.42857
hun,20210224,191788.57143
hun,20210225,204387.14286
hun,20210226,214625.42857
hun,20210227,223024.57143
hun,20210228,230265.42857
hun,20210301,236997.85714
hun,20210302,243358.14286
hun,20210303,251369.57143
hun,20210304,256956
hun,20210305,265595
hun,20210306,273891.28571
hun,20210307,281925.28571
hun,20210308,290730.71429
hun,20210309,299950.42857
hun,20210310,308561.14286
hun,20210311,318842.14286
hun,20210312,329194
hun,20210313,341355.42857
hun,20210314,354360.14286
hun,20210315,366505.85714
hun,20210316,379197.28571
hun,20210317,392695.42857
hun,20210318,405946.42857
hun,20210319,418560.71429
hun,20210320,430301.85714
hun,20210321,441791.42857
hun,20210322,453550.71429
hun,20210323,466089.85714
hun,20210324,480759.71429
hun,20210325,502218.42857
hun,20210326,531027
hun,20210327,561181.28571
hun,20210328,591181.71429
hun,20210330,629948.42857
hun,20210331,671760.85714
hun,20210401,720131
hun,20210402,762465.28571
hun,20210403,796438.71429
hun,20210404,828873.14286
hun,20210405,862229.42857
hun,20210406,898336.42857
hun,20210407,939870.71429
hun,20210408,977434.14286
hun,20210409,1017501.71429
hun,20210410,1059297.14286
hun,20210411,1102760.85714
hun,20210412,1149574.57143
hun,20210413,1190256.42857
hun,20210414,1225633.57143
hun,20210417,1262742
hun,20210418,1294157.14286
hun,20210419,1323159.71429
hun,20210420,1352854.85714
hun,20210421,1381814.57143
hun,20210422,1410353
hun,20210423,1442795.57143
hun,20210425,1482676.85714
hun,20210426,1528440
hun,20210427,1581753.85714
hun,20210428,1638544
hun,20210429,1699629.28571
hun,20210430,1765093.57143
hun,20210501,1831331.42857
hun,20210502,1890201.85714
hun,20210503,1953903.85714
hun,20210504,2021743.14286
hun,20210505,2092139.28571
hun,20210506,2167251.71429
hun,20210507,2239233.85714
hun,20210508,2306629.28571
hun,20210509,2367545.71429
hun,20210510,2420761.42857
hun,20210512,2468776.28571
hun,20210513,2513266.14286
hun,20210514,2548978.57143
hun,20210515,2584576.57143
hun,20210516,2618726.14286
hun,20210517,2653820.42857
hun,20210518,2688716
hun,20210519,2721562.57143
hun,20210520,2758624.71429
hun,20210521,2803007.42857
hun,20210522,2845750.28571
hun,20210523,2886510.14286
hun,20210524,2932753.71429
hun,20210525,2993066.28571
hun,20210526,3066386.57143
hun,20210527,3146281.57143
hun,20210528,3228069.85714
hun,20210529,3311149.57143
hun,20210530,3396750.42857
hun,20210531,3479994.28571
hun,20210601,3551136.85714
hun,20210602,3608880.42857
hun,20210603,3661542.85714
hun,20210605,3725779.57143
hun,20210606,3784643.57143
hun,20210607,3843981.57143
hun,20210608,3903677.71429
hun,20210609,3963431.14286
hun,20210610,4024206.71429
hun,20210613,4080553.14286
hun,20210614,4116373
hun,20210615,4156000.85714
hun,20210616,4194860.42857
hun,20210617,4235830.85714
hun,20210620,4289864.71429
hun,20210621,4346628.71429
hun,20210622,4405379.85714
hun,20210623,4465024.42857
hun,20210624,4530262.28571
hun,20210627,4607844.42857
hun,20210628,4681239.14286
hun,20210629,4742069.71429
hun,20210704,4814040.42857
hun,20210705,4878632.85714
hun,20210707,4945569.14286
hun,20210711,5009404.57143
hun,20210712,5060944.14286
hun,20210713,5111324.85714
hun,20210715,5161594.42857
hun,20210718,5195067
hun,20210719,5229286
hun,20210720,5257999.57143
hun,20210726,5288726.71429
hun,20210727,5317706.14286
hun,20210728,5345057.14286
hun,20210729,5367938
hun,20210801,5389454.71429
hun,20210802,5409686.14286
hun,20210803,5429066.42857
hun,20210804,5441191.85714
hun,20210805,5451825.71429
hun,20210808,5462281.28571
hun,20210809,5471585.57143
hun,20210810,5479278.42857
hun,20210811,5485673.14286
hun,20210812,5490706.71429
hun,20210815,5494238.42857
hun,20210816,5497117.14286
hun,20210817,5498518.85714
hun,20210818,5499658.28571
hun,20210822,5500365
hun,20210823,5501140
hun,20210824,5501994.71429
hun,20210825,5502667
hun,20210826,5503377.28571
hun,20210830,5504259
hun,20210831,5505265.28571
hun,20210901,5506427
hun,20210902,5507677.42857
hun,20210905,5509910.71429
hun,20210906,5512668.42857
hun,20210907,5516231
hun,20210908,5520244.14286
hun,20210909,5524882.42857
hun,20210912,5529862.42857
hun,20210913,5535186
hun,20210914,5539972.85714
hun,20210915,5544932.28571
hun,20210916,5549833.28571
hun,20210919,5554916.14286
hun,20210920,5560292.28571
hun,20210921,5566917
hun,20210922,5574208.71429
hun,20210923,5583055.42857
hun,20210926,5593293.71429
hun,20210927,5603431.85714
hun,20210928,5613341.42857
hun,20210929,5622811
hun,20210930,5631329.28571
hun,20211004,5640029.14286
hun,20211005,5647153.14286
hun,20211006,5652708.28571
hun,20211007,5658226.71429
hun,20211010,5663823.71429
hun,20211011,5669092
hun,20211012,5673957.28571
hun,20211013,5677964
hun,20211014,5682134.71429
hun,20211017,5686498.71429
hun,20211018,5690628.14286
hun,20211019,5694511.57143
hun,20211020,5698594.57143
hun,20211021,5702775.28571
hun,20211024,5706989.85714
hun,20211025,5710874.85714
hun,20211026,5714377.42857
hun,20211027,5717939.85714
hun,20211028,5721493.85714
hun,20211031,5725122.57143
hun,20211101,5728207
hun,20211102,5731285.71429
hun,20211103,5734526.85714
hun,20211104,5737975.85714
hun,20211107,5741754.42857
hun,20211108,5745447.28571
hun,20211109,5748952.14286
hun,20211110,5752969.42857
hun,20211111,5757043.28571
hun,20211114,5761320.28571
hun,20211115,5765413
hun,20211116,5769191.57143
hun,20211117,5773114
hun,20211118,5777094.42857
hun,20211121,5781369.57143
hun,20211122,5786034.14286
hun,20211123,5790945.28571
hun,20211124,5796476.57143
hun,20211125,5802604.14286
hun,20211128,5810335.57143
hun,20211129,5818065.57143
hun,20211130,5825623.57143
hun,20211201,5832884.14286
hun,20211202,5839967.42857
hun,20211205,5847255.71429
hun,20211206,5853919.71429
hun,20211207,5858969.85714
hun,20211208,5864122.14286
hun,20211209,5869331.85714
hun,20211212,5875205.28571
hun,20211213,5881241.28571
hun,20211214,5886903.14286
hun,20211215,5893208.42857
hun,20211216,5900187.71429
hun,20211219,5908524
hun,20211220,5917306.28571
hun,20211221,5925586.28571
hun,20211222,5933757.71429
hun,20211227,5942565.28571
hun,20211228,5950987
hun,20211229,5958899.71429
hun,20211230,5965223.14286
hun,20220102,5970473.85714
hun,20220103,5975452.57143
hun,20220104,5980166.42857
hun,20220105,5984183.28571
hun,20220106,5988843.71429
hun,20220109,5995830.14286
hun,20220110,6003273.85714
hun,20220111,6011536.14286
hun,20220112,6020043.42857
hun,20220113,6028593.14286
hun,20220116,6037580.28571
hun,20220117,6045604.28571
hun,20220118,6051101.14286
hun,20220119,6056244.28571
hun,20220120,6061038.28571
hun,20220123,6065995.28571
hun,20220124,6070535.28571
hun,20220125,6074044.85714
hun,20220126,6077404.85714
hun,20220127,6080794.57143
hun,20220130,6085369.14286
hun,20220131,6089650.14286
hun,20220201,6093185.85714
hun,20220202,6096849.71429
hun,20220203,6100804.42857
hun,20220206,6105811.28571
hun,20220207,6110578.42857
hun,20220208,6113909.85714
hun,20220209,6117359
hun,20220210,6121076
hun,20220214,6126018.14286
hun,20220215,6130644.85714
hun,20220216,6134232.57143
hun,20220217,6137972.57143
hun,20220220,6142491.14286
hun,20220221,6146859
hun,20220222,6150885
hun,20220223,6153536.71429
hun,20220224,6156348.28571
hun,20220227,6159619.42857
hun,20220228,6162571
hun,20220301,6164568.28571
hun,20220302,6166478
hun,20220303,6168434.28571
hun,20220306,6170530.57143
hun,20220307,6172315
hun,20220308,6173418.28571
hun,20220309,6174476.42857
hun,20220310,6175620.42857
hun,20220315,6176885.28571
hun,20220316,6177975.28571
hun,20220317,6178852.42857
hun,20220320,6179860.42857
hun,20220321,6180837.28571
hun,20220322,6181745.71429
hun,20220323,6182522.57143
hun,20220324,6183184.71429
idn,20210128,5468
idn,20210129,8377.5
idn,20210130,12521.66667
idn,20210131,15028.25
idn,20210201,19103.8
idn,20210202,24586.33333
idn,20210203,31305.57143
idn,20210204,44317.71429
idn,20210205,59951.71429
idn,20210206,76579.85714
idn,20210207,93234.57143
idn,20210208,112643.71429
idn,20210209,136851.42857
idn,20210210,166512.85714
idn,20210211,202091.71429
idn,20210213,244200.42857
idn,20210214,285396.28571
idn,20210215,334466.85714
idn,20210216,386735
idn,20210217,440431.42857
idn,20210218,489657.28571
idn,20210220,544947.14286
idn,20210223,598444.28571
idn,20210224,655597.42857
idn,20210225,708614.57143
idn,20210226,755575
idn,20210227,810581
idn,20210228,864096.28571
idn,20210302,910190.14286
idn,20210303,954513.28571
idn,20210305,995782.85714
idn,20210307,1035788.85714
idn,20210310,1092504.28571
idn,20210311,1137253.57143
idn,20210312,1185956.85714
idn,20210313,1243034.71429
idn,20210314,1294462.42857
idn,20210315,1359926.57143
idn,20210316,1443206.85714
idn,20210317,1530815.71429
idn,20210318,1624089.42857
idn,20210319,1728237.71429
idn,20210320,1837718.28571
idn,20210321,1957969.14286
idn,20210322,2063657
idn,20210323,2174753.14286
idn,20210324,2293811
idn,20210325,2435594.57143
idn,20210326,2589910.42857
idn,20210327,2734569
idn,20210328,2869494.28571
idn,20210329,3012479
idn,20210330,3156170.71429
idn,20210331,3299035.28571
idn,20210401,3429003.14286
idn,20210402,3531711
idn,20210403,3634290.85714
idn,20210404,3743997.42857
idn,20210405,3871830.57143
idn,20210406,3997271.57143
idn,20210407,4116983.42857
idn,20210408,4233326.28571
idn,20210409,4386992.71429
idn,20210410,4543943.42857
idn,20210411,4699027.57143
idn,20210412,4856515.14286
idn,20210413,5007036
idn,20210414,5152932.71429
idn,20210415,5302677.42857
idn,20210416,5427922.42857
idn,20210417,5547807
idn,20210418,5663654.28571
idn,20210419,5769367.57143
idn,20210420,5869351.85714
idn,20210421,5976944.14286
idn,20210422,6087628.85714
idn,20210423,6210086.28571
idn,20210424,6337926
idn,20210425,6468123.57143
idn,20210426,6603491
idn,20210427,6753045.42857
idn,20210428,6903396.14286
idn,20210429,7057421
idn,20210430,7193522.57143
idn,20210501,7319663.85714
idn,20210502,7441975.42857
idn,20210503,7560388.57143
idn,20210504,7675001
idn,20210505,7786070.14286
idn,20210506,7893437.71429
idn,20210507,8011494.85714
idn,20210508,8142390.71429
idn,20210509,8278970.85714
idn,20210510,8411550.85714
idn,20210511,8538603.57143
idn,20210512,8646649.71429
idn,20210513,8732594.42857
idn,20210514,8799047.57143
idn,20210515,8851968.42857
idn,20210516,8899992.57143
idn,20210517,8944524.85714
idn,20210518,8998407.14286
idn,20210519,9063888.57143
idn,20210520,9151966.42857
idn,20210521,9264797.14286
idn,20210522,9389254.14286
idn,20210523,9517961.14286
idn,20210524,9636532.57143
idn,20210525,9761944
idn,20210526,9884543.71429
idn,20210527,10002242.85714
idn,20210528,10112979
idn,20210529,10217164.28571
idn,20210530,10318996.42857
idn,20210531,10423975.42857
idn,20210601,10508092.57143
idn,20210602,10597828.42857
idn,20210603,10687100.42857
idn,20210604,10768408.28571
idn,20210605,10849361.57143
idn,20210606,10926828.42857
idn,20210607,11007576.14286
idn,20210608,11099251.14286
idn,20210609,11182576.14286
idn,20210610,11254578.57143
idn,20210611,11321733.42857
idn,20210612,11384257.57143
idn,20210613,11447355.57143
idn,20210614,11507183.14286
idn,20210615,11556182.57143
idn,20210616,11610376.71429
idn,20210617,11678121.42857
idn,20210618,11759611.14286
idn,20210619,11853006.57143
idn,20210620,11948901.28571
idn,20210621,12049547.57143
idn,20210622,12166104.14286
idn,20210623,12283878.85714
idn,20210624,12399115.85714
idn,20210625,12515766.85714
idn,20210626,12630855.14286
idn,20210627,12755044.42857
idn,20210628,12878137
idn,20210629,12994540
idn,20210630,13112462.57143
idn,20210701,13234515.14286
idn,20210702,13357012.85714
idn,20210703,13486185.42857
idn,20210704,13610547.28571
idn,20210705,13732533
idn,20210706,13866567.57143
idn,20210707,14006326.71429
idn,20210708,14148947.42857
idn,20210709,14305871.71429
idn,20210710,14455385.71429
idn,20210711,14602783.42857
idn,20210712,14745716.85714
idn,20210713,14877576.57143
idn,20210714,15044396.71429
idn,20210715,15214053.42857
idn,20210716,15367218
idn,20210717,15545578.71429
idn,20210718,15725979
idn,20210719,15920819.42857
idn,20210720,16100860.85714
idn,20210721,16243021
idn,20210722,16398178.28571
idn,20210723,16571523.42857
idn,20210724,16751257.85714
idn,20210725,16984451.28571
idn,20210726,17231526.57143
idn,20210727,17547963
idn,20210728,17904604
idn,20210729,18300750
idn,20210730,18728218
idn,20210731,19165193.28571
idn,20210801,19560418.28571
idn,20210802,19961067.85714
idn,20210803,20356862.85714
idn,20210804,20765749.14286
idn,20210805,21128771.57143
idn,20210806,21520972
idn,20210807,21922463.57143
idn,20210808,22365927
idn,20210809,22834155.42857
idn,20210810,23328537.14286
idn,20210811,23824813.42857
idn,20210812,24329737.85714
idn,20210813,24949323.42857
idn,20210814,25584793.71429
idn,20210815,26204074
idn,20210816,26820211.42857
idn,20210817,27428992.71429
idn,20210818,27995284.85714
idn,20210819,28655809.85714
idn,20210820,29159269
idn,20210821,29647464.14286
idn,20210822,30145976
idn,20210823,30649010
idn,20210824,31146431.28571
idn,20210825,31673739.85714
idn,20210826,32100700.42857
idn,20210827,32581852.71429
idn,20210828,33080695.42857
idn,20210829,33545857.14286
idn,20210830,34012748
idn,20210831,34471921.28571
idn,20210901,34936023.42857
idn,20210902,35436330.85714
idn,20210903,35940163.71429
idn,20210904,36415568.14286
idn,20210905,36896304.28571
idn,20210906,37347394.42857
idn,20210907,37820361.42857
idn,20210908,38302983
idn,20210909,38803471.42857
idn,20210910,39263465.71429
idn,20210911,39763992.57143
idn,20210912,40265647
idn,20210913,40784611
idn,20210914,41270232.57143
idn,20210915,41733242.42857
idn,20210916,42179264
idn,20210917,42644510
idn,20210918,43099114.28571
idn,20210919,43584751.42857
idn,20210920,44030438.71429
idn,20210921,44500110.42857
idn,20210922,45004901.42857
idn,20210923,45504240.85714
idn,20210924,46016158.85714
idn,20210925,46484663.85714
idn,20210926,46969300.14286
idn,20210927,47496561
idn,20210928,48039801.71429
idn,20210929,48599346.85714
idn,20210930,49189777.28571
idn,20211001,49767285.28571
idn,20211002,50384494
idn,20211003,50977266
idn,20211004,51561758.42857
idn,20211005,52133358.85714
idn,20211006,52708928.28571
idn,20211007,53258383.28571
idn,20211008,53880570.28571
idn,20211009,54536584.28571
idn,20211010,55212763
idn,20211011,55869945.42857
idn,20211012,56548325.28571
idn,20211013,57258256.57143
idn,20211014,58038617.71429
idn,20211015,58794481.85714
idn,20211016,59545660.71429
idn,20211017,60306127.14286
idn,20211018,61103498.57143
idn,20211019,61903972.57143
idn,20211020,62648428.85714
idn,20211021,63327153.85714
idn,20211022,64029955.57143
idn,20211023,64744072.14286
idn,20211024,65484482.42857
idn,20211025,66209512.28571
idn,20211026,66941115.71429
idn,20211027,67725533.71429
idn,20211028,68572208.14286
idn,20211029,69392838.14286
idn,20211030,70267831.85714
idn,20211031,71094052.28571
idn,20211101,71926183.42857
idn,20211102,72736975.57143
idn,20211103,73553485.85714
idn,20211104,74351754.57143
idn,20211105,75155577.57143
idn,20211106,75844632.42857
idn,20211107,76601086.71429
idn,20211108,77333022.14286
idn,20211109,78085144.71429
idn,20211110,78817280.28571
idn,20211111,79534901.57143
idn,20211112,80267852.14286
idn,20211113,81025568.42857
idn,20211114,81763796.42857
idn,20211115,82526649.42857
idn,20211116,83283815
idn,20211117,84044611.71429
idn,20211118,84705300.85714
idn,20211119,85439818.71429
idn,20211120,86202977.42857
idn,20211121,86925632
idn,20211122,87621978.28571
idn,20211123,88315849.42857
idn,20211124,89020888
idn,20211125,89869265
idn,20211126,90604252.42857
idn,20211127,91305201.28571
idn,20211128,92036543.57143
idn,20211129,92797799.28571
idn,20211130,93547240.14286
idn,20211201,94305005.85714
idn,20211202,95025589.71429
idn,20211203,95731561.85714
idn,20211204,96439673.14286
idn,20211205,97106793.71429
idn,20211206,97745352.57143
idn,20211207,98367006.28571
idn,20211208,98929852.85714
idn,20211209,99477118.57143
idn,20211210,100012513.14286
idn,20211211,100558461.57143
idn,20211212,101115690.28571
idn,20211213,101669016.71429
idn,20211214,102213713
idn,20211215,102794125
idn,20211216,103378212.42857
idn,20211217,103981918.42857
idn,20211218,104580620.71429
idn,20211219,105172246.57143
idn,20211220,105755292.42857
idn,20211221,106336391.71429
idn,20211222,106910377.28571
idn,20211223,107484513
idn,20211224,108046686.42857
idn,20211225,108585417
idn,20211226,109095309
idn,20211227,109614263
idn,20211228,110165590
idn,20211229,110699551.85714
idn,20211230,111234880
idn,20211231,111764962.14286
idn,20220101,112282555.14286
idn,20220102,112780063
idn,20220103,113263417.71429
idn,20220104,113692079.71429
idn,20220105,114055624.85714
idn,20220106,114419941.42857
idn,20220107,114769735.28571
idn,20220108,115132516.71429
idn,20220109,115520601
idn,20220110,115921021.71429
idn,20220111,116316410.85714
idn,20220112,116762820.85714
idn,20220113,117182013
idn,20220114,117587317.28571
idn,20220115,117995127.71429
idn,20220116,118413210.57143
idn,20220117,118840863.14286
idn,20220118,119310495.71429
idn,20220119,119827512.42857
idn,20220120,120383132
idn,20220121,120985311.85714
idn,20220122,121607855.42857
idn,20220123,122227035.71429
idn,20220124,122847267.14286
idn,20220125,123488089.14286
idn,20220126,124074792.28571
idn,20220127,124651249.14286
idn,20220128,125222285.28571
idn,20220129,125785869.14286
idn,20220130,126346579
idn,20220131,126874236.42857
idn,20220201,127381214.57143
idn,20220202,127818950.71429
idn,20220203,128246388.28571
idn,20220204,128668958.85714
idn,20220205,129105634
idn,20220206,129544915.14286
idn,20220207,129986536.71429
idn,20220208,130477169.57143
idn,20220209,131038644.57143
idn,20220210,131652676.14286
idn,20220211,132264314.57143
idn,20220212,132896462.28571
idn,20220213,133565883
idn,20220214,134236540.71429
idn,20220215,134887656.28571
idn,20220216,135575854
idn,20220217,136229741.28571
idn,20220218,136906381
idn,20220219,137583080.28571
idn,20220220,138230853.28571
idn,20220221,138888916.42857
idn,20220222,139516698.28571
idn,20220223,140133977.57143
idn,20220224,140739161.42857
idn,20220225,141330565.42857
idn,20220226,141877503
idn,20220227,142374293.85714
idn,20220228,142951191.71429
idn,20220301,143445963.85714
idn,20220302,143831773.42857
idn,20220303,144358472.71429
idn,20220304,144826271.14286
idn,20220305,145327102.28571
idn,20220306,145909914.85714
idn,20220307,146418857
idn,20220308,147001987.28571
idn,20220309,147642405.14286
idn,20220310,148155175.14286
idn,20220311,148687425.14286
idn,20220312,149186464
idn,20220313,149689380.42857
idn,20220314,150184390.85714
idn,20220315,150646408.71429
idn,20220316,151134304.28571
idn,20220317,151553741
idn,20220318,152006243.42857
idn,20220319,152417045.85714
idn,20220320,152829706.28571
idn,20220321,153241657.14286
idn,20220322,153751643.85714
idn,20220323,154285118.85714
idn,20220324,154800379.42857
ind,20210213,7668
ind,20210215,52893
ind,20210216,107375
ind,20210217,166060.25
ind,20210218,225834.6
ind,20210219,314352.5
ind,20210220,394293.57143
ind,20210221,530432.71429
ind,20210222,675779
ind,20210223,833678.42857
ind,20210224,996483.85714
ind,20210225,1195902
ind,20210226,1402636.42857
ind,20210227,1628341.85714
ind,20210228,1841991.71429
ind,20210301,2053742.71429
ind,20210302,2252648.85714
ind,20210303,2451959.28571
ind,20210304,2644503.42857
ind,20210305,2829780.28571
ind,20210306,3015517.85714
ind,20210307,3201934.42857
ind,20210308,3411598.85714
ind,20210309,3647270.42857
ind,20210310,3900642.28571
ind,20210311,4117843.85714
ind,20210312,4352405.57143
ind,20210313,4591938.85714
ind,20210314,4834016.85714
ind,20210315,5091516.57143
ind,20210316,5354205.14286
ind,20210317,5624482
ind,20210318,5936554.57143
ind,20210319,6233470.14286
ind,20210320,6526024.42857
ind,20210321,6816887.71429
ind,20210322,7101958.14286
ind,20210323,7374363.14286
ind,20210324,7625320.71429
ind,20210325,7852375.14286
ind,20210326,8061202.71429
ind,20210327,8254015.85714
ind,20210328,8450945.14286
ind,20210329,8599304.42857
ind,20210330,8735873.57143
ind,20210331,8883805.57143
ind,20210401,9046287.28571
ind,20210402,9230508.85714
ind,20210403,9432199.57143
ind,20210404,9654503
ind,20210405,9930454.57143
ind,20210406,10226903.28571
ind,20210407,10527039.14286
ind,20210408,10846667.71429
ind,20210409,11180753.71429
ind,20210410,11533468.71429
ind,20210411,11892731.57143
ind,20210412,12272221.42857
ind,20210413,12663250.71429
ind,20210414,13074449.71429
ind,20210415,13502523.14286
ind,20210416,13962215.85714
ind,20210417,14459691.28571
ind,20210418,14965352.85714
ind,20210419,15533908
ind,20210421,16118919.42857
ind,20210422,16812676.57143
ind,20210425,17743521
ind,20210426,18759169.28571
ind,20210427,19819802.42857
ind,20210428,20967576.28571
ind,20210429,22108566.57143
ind,20210430,23344053.85714
ind,20210501,24505056.14286
ind,20210502,25378941.14286
ind,20210503,26199907.71429
ind,20210504,26986605.85714
ind,20210505,27798803.57143
ind,20210506,28668496.28571
ind,20210507,29564784.57143
ind,20210508,30540501.71429
ind,20210509,31532334.85714
ind,20210510,32606826.85714
ind,20210511,33775750.42857
ind,20210512,34924284
ind,20210513,36028504.42857
ind,20210514,37012758.42857
ind,20210515,37910622.57143
ind,20210516,38772976.71429
ind,20210517,39461559.71429
ind,20210518,39978146
ind,20210519,40383383.42857
ind,20210520,40667380.14286
ind,20210522,40929941.57143
ind,20210523,41111888.42857
ind,20210524,41308679.14286
ind,20210525,41489881.14286
ind,20210526,41677677.14286
ind,20210527,41869472.28571
ind,20210528,42055044.71429
ind,20210529,42241811.57143
ind,20210530,42439105.57143
ind,20210531,42638334.71429
ind,20210601,42860500.14286
ind,20210602,43085552.71429
ind,20210603,43318110.85714
ind,20210604,43585765.14286
ind,20210605,43824164.14286
ind,20210606,44066768.57143
ind,20210607,44313949
ind,20210608,44566302.85714
ind,20210609,44826700.42857
ind,20210610,45099334.71429
ind,20210611,45364016
ind,20210612,45640263.42857
ind,20210613,45939154.85714
ind,20210614,46253475.57143
ind,20210615,46561669.85714
ind,20210616,46882930.57143
ind,20210617,47234524
ind,20210618,47595289.42857
ind,20210619,48007043.57143
ind,20210620,48419577.14286
ind,20210621,48902407.28571
ind,20210622,49444532.14286
ind,20210623,49982656.14286
ind,20210624,50551909.28571
ind,20210625,51193148.42857
ind,20210626,51932169.71429
ind,20210627,52699138.71429
ind,20210628,53457521.71429
ind,20210629,54311327.85714
ind,20210630,55182513.28571
ind,20210701,56132046.85714
ind,20210702,56993641.42857
ind,20210703,58062359
ind,20210704,59177956.85714
ind,20210705,60406518.14286
ind,20210706,61589257.71429
ind,20210707,62894670.57143
ind,20210708,64503776.42857
ind,20210710,66436391.42857
ind,20210711,68045594.85714
ind,20210712,69750106.42857
ind,20210713,71440486
ind,20210714,73195614.57143
ind,20210715,74958696.28571
ind,20210716,76489888.28571
ind,20210717,77943726.14286
ind,20210719,79675150.28571
ind,20210720,81375347.14286
ind,20210721,82986996.14286
ind,20210722,84652837.57143
ind,20210723,86343532.85714
ind,20210724,88019606.57143
ind,20210725,89498941
ind,20210726,90919316.42857
ind,20210727,92358795.71429
ind,20210728,93868659.57143
ind,20210729,95357393.28571
ind,20210730,96876782
ind,20210801,98514765.42857
ind,20210803,100486576.71429
ind,20210804,102317973
ind,20210805,104155679.71429
ind,20210806,105985260.14286
ind,20210807,107776592.42857
ind,20210808,109390735.28571
ind,20210809,110835472.14286
ind,20210810,112019538.28571
ind,20210811,113230205.42857
ind,20210813,114608383
ind,20210814,116080217.28571
ind,20210816,117423920.85714
ind,20210817,118862231.71429
ind,20210818,120306619.28571
ind,20210819,121734509
ind,20210820,123222019.71429
ind,20210821,124469040.85714
ind,20210822,125656766.28571
ind,20210823,126827250
ind,20210824,128082327
ind,20210825,129529322.71429
ind,20210826,131069454.14286
ind,20210827,132837767.14286
ind,20210828,134877649
ind,20210829,136998974.28571
ind,20210830,139312797.71429
ind,20210831,141590835
ind,20210901,144066105.14286
ind,20210902,146621401.57143
ind,20210903,148979348
ind,20210904,151033203.85714
ind,20210905,153142047.85714
ind,20210906,155193884.14286
ind,20210907,157460635.57143
ind,20210908,159629148.71429
ind,20210909,161924565.71429
ind,20210910,164090698.14286
ind,20210911,166621455.85714
ind,20210912,169156414.71429
ind,20210913,171963078.14286
ind,20210914,174446986.28571
ind,20210915,176933568.42857
ind,20210916,179545562
ind,20210917,182421649
ind,20210918,185902423.14286
ind,20210919,189564000.71429
ind,20210920,193197052.85714
ind,20210921,197257620
ind,20210922,201135276.14286
ind,20210923,205068312.14286
ind,20210924,209218112.42857
ind,20210925,212614161.71429
ind,20210926,215702473.57143
ind,20210927,219102712.28571
ind,20210928,222234569.57143
ind,20210929,225486156.28571
ind,20210930,228549794
ind,20211001,231425303.71429
ind,20211002,234491847
ind,20211003,237666275.85714
ind,20211004,240429520.42857
ind,20211005,243379847.42857
ind,20211006,246258686
ind,20211007,248949126.57143
ind,20211008,251748937.28571
ind,20211009,254569046.71429
ind,20211010,257601958.85714
ind,20211011,260567236.57143
ind,20211012,263510334
ind,20211013,266422478.42857
ind,20211014,269267894.57143
ind,20211015,271794872.85714
ind,20211016,273924200.42857
ind,20211017,275805180.28571
ind,20211018,277625924.85714
ind,20211019,279671646.57143
ind,20211020,282045470
ind,20211021,284534757.14286
ind,20211022,287362437.57143
ind,20211023,290342333
ind,20211024,293739933.57143
ind,20211025,297081360.71429
ind,20211026,300328252.42857
ind,20211027,303412645.14286
ind,20211028,306723055.42857
ind,20211029,310289866.14286
ind,20211030,314164743.14286
ind,20211031,317664326.28571
ind,20211101,321431205.28571
ind,20211102,324798501.85714
ind,20211103,328143348.28571
ind,20211104,331132547.42857
ind,20211105,333374095.42857
ind,20211106,335250044.71429
ind,20211107,337084760.14286
ind,20211108,339000748.85714
ind,20211109,341128132.71429
ind,20211110,343364083.57143
ind,20211111,345957490
ind,20211112,349392385.57143
ind,20211113,353376623.14286
ind,20211114,357418849.57143
ind,20211115,361356392.71429
ind,20211116,365566645.28571
ind,20211117,369930356
ind,20211118,374551961
ind,20211119,378720878.14286
ind,20211120,383095366
ind,20211121,387501364.57143
ind,20211122,392243955.85714
ind,20211123,397114809.28571
ind,20211124,402248765.71429
ind,20211125,407071355.57143
ind,20211126,412611470.28571
ind,20211127,417339633.57143
ind,20211128,422693572.71429
ind,20211129,427820685
ind,20211130,433002034.42857
ind,20211201,438030296.71429
ind,20211202,443648206.28571
ind,20211203,448682081.85714
ind,20211204,454773998.71429
ind,20211205,460316770.71429
ind,20211206,465843541.42857
ind,20211207,471351638.14286
ind,20211208,476812908.85714
ind,20211209,482064899.57143
ind,20211210,487134455.42857
ind,20211211,492569531
ind,20211212,497904501.42857
ind,20211213,503152215.57143
ind,20211214,508690771.57143
ind,20211215,514093654
ind,20211216,519084822.14286
ind,20211217,524642627.42857
ind,20211218,529440165.57143
ind,20211219,534214207.14286
ind,20211220,538992109.42857
ind,20211221,543570914.14286
ind,20211222,547763299.57143
ind,20211223,552322639.28571
ind,20211224,556605932.57143
ind,20211225,561065081
ind,20211226,565254802.14286
ind,20211227,569415607.28571
ind,20211228,573500629.14286
ind,20211229,578299770.28571
ind,20211230,582662786.85714
ind,20211231,587435077.57143
ind,20220101,591748074
ind,20220102,596245733
ind,20220103,600792339.28571
ind,20220104,604873403.28571
ind,20220105,608424424.28571
ind,20220106,612053796.28571
ind,20220107,615302657.28571
ind,20220108,618157324.42857
ind,20220109,621383077.57143
ind,20220110,624570229
ind,20220111,628223957.14286
ind,20220112,631842959.57143
ind,20220113,635655022.42857
ind,20220114,638928058.71429
ind,20220115,642704822
ind,20220116,646206349.57143
ind,20220117,649684812.57143
ind,20220118,652348817.57143
ind,20220119,655846173
ind,20220120,659312921.14286
ind,20220121,663336202.57143
ind,20220122,667315355.57143
ind,20220123,671376042.28571
ind,20220124,675159997.85714
ind,20220125,679498260.85714
ind,20220126,683083029.42857
ind,20220127,686305334.42857
ind,20220128,689315927
ind,20220129,692157985
ind,20220130,695153525.28571
ind,20220131,698699847.85714
ind,20220201,702262697.28571
ind,20220202,705880789.57143
ind,20220203,709682284.57143
ind,20220204,713489875.42857
ind,20220205,717434603.28571
ind,20220206,721024177.28571
ind,20220207,723981413.71429
ind,20220208,727144816.28571
ind,20220209,730373834.71429
ind,20220210,733208211.28571
ind,20220211,736511135.71429
ind,20220212,739555357.14286
ind,20220213,742833743.85714
ind,20220214,746279333.71429
ind,20220215,749609707
ind,20220216,752595193.28571
ind,20220217,756116088
ind,20220218,759078547.14286
ind,20220219,762106381.14286
ind,20220220,764880711.71429
ind,20220221,767746743.28571
ind,20220222,770359042.14286
ind,20220223,772942984
ind,20220224,775330781.71429
ind,20220225,777694580.14286
ind,20220226,780099435.42857
ind,20220227,782452452.28571
ind,20220228,784702138.28571
ind,20220301,786700358.71429
ind,20220302,788636234
ind,20220303,790572819.85714
ind,20220304,792404887.42857
ind,20220305,794132152.85714
ind,20220306,795813359.57143
ind,20220307,797499381.57143
ind,20220308,799274324.71429
ind,20220309,801099223.71429
ind,20220310,802775221.14286
ind,20220311,804470186
ind,20220312,805977761.85714
ind,20220313,807526257.28571
ind,20220314,809118104.14286
ind,20220315,810643485
ind,20220316,812155374.14286
ind,20220317,813606362.28571
ind,20220318,814815281.85714
ind,20220319,815973984.42857
ind,20220320,817046947.14286
ind,20220321,818046374.28571
ind,20220322,818976029.71429
ind,20220323,819878995.85714
ind,20220324,820793229
ind,20220325,821713268.14286
irl,20201228,21
irl,20201229,22
irl,20201230,22.66667
irl,20201231,23.25
irl,20210101,23.6
irl,20210102,23.83333
irl,20210103,24.42857
irl,20210104,25.85714
irl,20210105,28.28571
irl,20210106,31.71429
irl,20210107,36.14286
irl,20210108,41.28571
irl,20210109,47.28571
irl,20210110,53.42857
irl,20210111,60.14286
irl,20210112,66.85714
irl,20210113,73.14286
irl,20210114,78.85714
irl,20210115,84.14286
irl,20210116,89
irl,20210117,93.85714
irl,20210118,98.71429
irl,20210119,104.85714
irl,20210120,247.57143
irl,20210121,527.14286
irl,20210122,944.57143
irl,20210123,1427.28571
irl,20210124,1966.14286
irl,20210125,2687.71429
irl,20210126,3906.42857
irl,20210127,5944.71429
irl,20210128,9493.71429
irl,20210129,14551
irl,20210130,20655.85714
irl,20210131,27287.71429
irl,20210201,34926.71429
irl,20210202,42795.57143
irl,20210203,50687.85714
irl,20210204,58438
irl,20210205,65771.85714
irl,20210206,72544.71429
irl,20210207,78919.57143
irl,20210208,84229
irl,20210209,88885.85714
irl,20210210,92645.14286
irl,20210211,94961.57143
irl,20210212,96122.42857
irl,20210213,97004.28571
irl,20210214,97704
irl,20210215,99404.57143
irl,20210216,102193.71429
irl,20210217,106109
irl,20210218,111153.85714
irl,20210219,117064.42857
irl,20210220,123211.57143
irl,20210221,129501.57143
irl,20210222,134825.14286
irl,20210223,139134.71429
irl,20210224,142536
irl,20210225,144994.71429
irl,20210226,146908
irl,20210227,148412
irl,20210228,149777
irl,20210301,151094.28571
irl,20210302,152489
irl,20210303,153797.85714
irl,20210304,155097.85714
irl,20210305,156345.42857
irl,20210306,157512.28571
irl,20210307,158673.42857
irl,20210308,159936.28571
irl,20210309,161413.71429
irl,20210310,163245.28571
irl,20210311,165135.42857
irl,20210312,166873.85714
irl,20210313,168617
irl,20210314,170361
irl,20210315,172032.28571
irl,20210316,173805
irl,20210317,175354.85714
irl,20210318,177273.57143
irl,20210319,179876.28571
irl,20210320,182899.85714
irl,20210321,185928.85714
irl,20210322,189159.28571
irl,20210323,192899.71429
irl,20210324,197691.14286
irl,20210325,203274.14286
irl,20210326,209339
irl,20210327,215721.71429
irl,20210329,223847.71429
irl,20210330,233131.85714
irl,20210331,243022.42857
irl,20210401,253476.71429
irl,20210402,263135.57143
irl,20210403,271462.14286
irl,20210404,279111.85714
irl,20210405,286177
irl,20210406,293236.85714
irl,20210407,300146.85714
irl,20210408,306406.14286
irl,20210409,312596
irl,20210410,318812.71429
irl,20210411,325341.71429
irl,20210412,331930.71429
irl,20210413,337965.42857
irl,20210414,344029.85714
irl,20210415,350188.14286
irl,20210416,356400.14286
irl,20210417,362628.85714
irl,20210418,368779.42857
irl,20210419,374746
irl,20210420,381181.71429
irl,20210421,387815.85714
irl,20210422,394812
irl,20210423,402156.28571
irl,20210424,409475.28571
irl,20210425,416908.28571
irl,20210426,424414
irl,20210427,431736.71429
irl,20210428,438939.28571
irl,20210429,446307.28571
irl,20210430,453634.71429
irl,20210501,461050.14286
irl,20210502,468163.71429
irl,20210503,475130.42857
irl,20210504,482799.71429
irl,20210505,490921
irl,20210506,499276
irl,20210507,507679.85714
irl,20210508,516084.14286
irl,20210509,525041.42857
irl,20210510,535166.85714
irl,20210511,546375.42857
irl,20210512,559173.71429
irl,20210513,573834.71429
irl,20210514,589269.14286
irl,20210515,604739.28571
irl,20210516,620101.42857
irl,20210517,635126.57143
irl,20210518,649679.28571
irl,20210519,663397.57143
irl,20210520,678540.14286
irl,20210521,695298.71429
irl,20210522,714135.85714
irl,20210523,734773.28571
irl,20210524,756428.57143
irl,20210525,779610.71429
irl,20210526,805187.85714
irl,20210527,830079
irl,20210528,852704.85714
irl,20210529,873352.71429
irl,20210530,893157.71429
irl,20210531,912307.71429
irl,20210601,930943.42857
irl,20210602,949023.57143
irl,20210603,965692.14286
irl,20210604,982874.14286
irl,20210605,1000349.71429
irl,20210606,1016946
irl,20210607,1034004
irl,20210608,1050401.71429
irl,20210609,1066094.28571
irl,20210610,1083133.28571
irl,20210611,1101357.71429
irl,20210612,1121733.14286
irl,20210613,1145926.71429
irl,20210614,1173458.42857
irl,20210615,1205036.28571
irl,20210616,1238820.28571
irl,20210617,1275126
irl,20210618,1313344.42857
irl,20210619,1352606.42857
irl,20210620,1392088.14286
irl,20210621,1431923.71429
irl,20210622,1470566.28571
irl,20210623,1509505.28571
irl,20210624,1548496.42857
irl,20210625,1587175.71429
irl,20210626,1626455.71429
irl,20210627,1664629.28571
irl,20210628,1701025.14286
irl,20210629,1737016.28571
irl,20210630,1773529.57143
irl,20210701,1809627.42857
irl,20210702,1845714.28571
irl,20210703,1881441.85714
irl,20210704,1919111.57143
irl,20210705,1959925
irl,20210706,2002361.28571
irl,20210707,2045171.71429
irl,20210708,2088489.42857
irl,20210709,2131412.57143
irl,20210710,2172943.14286
irl,20210711,2214337.85714
irl,20210712,2254476.14286
irl,20210713,2294071.28571
irl,20210714,2331783.57143
irl,20210715,2367344.28571
irl,20210716,2402316.14286
irl,20210717,2437210.42857
irl,20210718,2470222.42857
irl,20210719,2500492
irl,20210720,2528146.57143
irl,20210721,2553578.85714
irl,20210722,2577560
irl,20210723,2600535.85714
irl,20210724,2623075
irl,20210725,2645189.14286
irl,20210726,2667541.71429
irl,20210727,2690152.42857
irl,20210728,2713899.57143
irl,20210729,2737449
irl,20210730,2760469.85714
irl,20210731,2782776.57143
irl,20210801,2804331.85714
irl,20210802,2825746.28571
irl,20210803,2845779
irl,20210804,2865901.85714
irl,20210805,2886117.71429
irl,20210806,2905713.85714
irl,20210807,2925658.85714
irl,20210808,2946632.14286
irl,20210809,2967627.85714
irl,20210810,2990484.85714
irl,20210811,3014441.71429
irl,20210812,3038886.71429
irl,20210813,3062918.28571
irl,20210814,3085759.28571
irl,20210815,3108586.71429
irl,20210816,3131515.14286
irl,20210817,3153666.85714
irl,20210818,3173975.57143
irl,20210819,3193402.71429
irl,20210820,3213128.85714
irl,20210821,3234089.28571
irl,20210822,3253928.85714
irl,20210823,3273186
irl,20210824,3291499.71429
irl,20210825,3308894.28571
irl,20210826,3325820.28571
irl,20210827,3342725.28571
irl,20210828,3359175.14286
irl,20210829,3374989.28571
irl,20210830,3389332.28571
irl,20210831,3402661.14286
irl,20210901,3414965.42857
irl,20210902,3426783.42857
irl,20210903,3438980.85714
irl,20210904,3451562.14286
irl,20210905,3463938.71429
irl,20210906,3475910.28571
irl,20210907,3488208.85714
irl,20210908,3500841.71429
irl,20210909,3513168.28571
irl,20210910,3525592.28571
irl,20210911,3538157
irl,20210912,3550441.14286
irl,20210913,3562827.14286
irl,20210914,3574863.85714
irl,20210915,3586298.14286
irl,20210916,3597825.42857
irl,20210917,3609337.42857
irl,20210918,3620225.14286
irl,20210919,3630809.14286
irl,20210920,3640807.71429
irl,20210921,3650192.71429
irl,20210922,3659312.57143
irl,20210923,3667398.42857
irl,20210924,3674822.71429
irl,20210925,3682046.14286
irl,20210926,3689011
irl,20210927,3695755.85714
irl,20210928,3701851.57143
irl,20210929,3707259.57143
irl,20210930,3712344.42857
irl,20211001,3717070.57143
irl,20211002,3721214.85714
irl,20211003,3724989.14286
irl,20211004,3728431.71429
irl,20211005,3731717.85714
irl,20211006,3734818
irl,20211007,3737579
irl,20211008,3740092.85714
irl,20211009,3742733.71429
irl,20211010,3745358.42857
irl,20211011,3747802.28571
irl,20211012,3750169.57143
irl,20211013,3752373.71429
irl,20211014,3754469.57143
irl,20211015,3756600.71429
irl,20211016,3758586
irl,20211017,3760586.14286
irl,20211018,3762611.14286
irl,20211019,3764671.71429
irl,20211020,3766766.28571
irl,20211021,3768839.71429
irl,20211022,3770777
irl,20211023,3772613.85714
irl,20211024,3774395
irl,20211025,3776092.57143
irl,20211026,3777663.71429
irl,20211027,3779215
irl,20211028,3780686
irl,20211029,3782122.28571
irl,20211030,3783434.71429
irl,20211101,3784666.14286
irl,20211102,3785881.14286
irl,20211103,3787158.57143
irl,20211104,3788376.14286
irl,20211105,3789554
irl,20211106,3790719
irl,20211107,3791805.57143
irl,20211108,3792928.28571
irl,20211109,3794045.14286
irl,20211110,3795087.85714
irl,20211111,3796107
irl,20211112,3797134.28571
irl,20211113,3798163.85714
irl,20211114,3799341.28571
irl,20211115,3800526.28571
irl,20211116,3801713.14286
irl,20211117,3802866.42857
irl,20211118,3804218.57143
irl,20211119,3805628.42857
irl,20211120,3807263.28571
irl,20211121,3809034.14286
irl,20211122,3810794.28571
irl,20211123,3812627
irl,20211124,3814750.28571
irl,20211125,3816685.42857
irl,20211126,3818558.28571
irl,20211127,3820234.42857
irl,20211128,3821839
irl,20211129,3823512.71429
irl,20211130,3825195.42857
irl,20211201,3826625.42857
irl,20211202,3828089.28571
irl,20211203,3829564.28571
irl,20211204,3831059.14286
irl,20211205,3832485.28571
irl,20211206,3833954
irl,20211207,3835294.85714
irl,20211208,3836655.14286
irl,20211209,3837985.28571
irl,20211210,3839376.28571
irl,20211211,3840644.42857
irl,20211212,3841829.42857
irl,20211213,3842981.57143
irl,20211214,3844198.14286
irl,20211215,3845377.57143
irl,20211216,3846604.85714
irl,20211217,3847952.42857
irl,20211218,3849347.57143
irl,20211219,3850698.28571
irl,20211220,3851983.57143
irl,20211221,3853354.28571
irl,20211222,3854771.42857
irl,20211223,3856162.57143
irl,20211224,3857225.57143
irl,20211225,3858121.71429
irl,20211226,3858893.42857
irl,20211227,3859664.28571
irl,20211228,3860286.14286
irl,20211229,3860868.57143
irl,20211230,3861426.85714
irl,20211231,3862203.57143
irl,20220101,3862993.85714
irl,20220102,3863872.14286
irl,20220103,3864769.57143
irl,20220104,3865670.28571
irl,20220105,3866514.14286
irl,20220106,3867428.14286
irl,20220107,3868212.57143
irl,20220108,3869087.85714
irl,20220109,3869969.14286
irl,20220110,3870817.71429
irl,20220111,3871749
irl,20220112,3872681
irl,20220113,3873487.85714
irl,20220114,3874302.14286
irl,20220115,3875102.85714
irl,20220116,3875981.85714
irl,20220117,3876869.28571
irl,20220118,3877626.57143
irl,20220119,3878344.71429
irl,20220120,3879082
irl,20220121,3879840.85714
irl,20220122,3880599.57143
irl,20220123,3881281.85714
irl,20220124,3881951.57143
irl,20220125,3882821.42857
irl,20220126,3883729.85714
irl,20220127,3884672.28571
irl,20220128,3885918.71429
irl,20220129,3887566
irl,20220130,3890193.14286
irl,20220131,3892952
irl,20220201,3895937
irl,20220202,3899223.14286
irl,20220203,3902690
irl,20220204,3906645.42857
irl,20220205,3910930
irl,20220206,3915217.28571
irl,20220207,3919499.85714
irl,20220208,3923470.14286
irl,20220209,3927266.14286
irl,20220210,3931078.71429
irl,20220211,3934662
irl,20220212,3938204.28571
irl,20220213,3941339.57143
irl,20220214,3944418
irl,20220215,3947436.57143
irl,20220216,3950456.57143
irl,20220217,3953282.28571
irl,20220218,3955875.28571
irl,20220219,3958195.42857
irl,20220220,3960355.71429
irl,20220221,3962521.57143
irl,20220222,3964708.85714
irl,20220223,3966821.57143
irl,20220224,3968938.57143
irl,20220225,3970760.14286
irl,20220226,3972372.57143
irl,20220227,3973727
irl,20220228,3975000.57143
irl,20220301,3976270.71429
irl,20220302,3977502.28571
irl,20220303,3978741.57143
irl,20220304,3980019.85714
irl,20220305,3981475.42857
irl,20220306,3982950
irl,20220307,3984379.85714
irl,20220308,3985745
irl,20220309,3987014.42857
irl,20220310,3988174.71429
irl,20220311,3989431.42857
irl,20220312,3990553.14286
irl,20220313,3991555.42857
irl,20220314,3992557.57143
irl,20220315,3993596.85714
irl,20220316,3994702.14286
irl,20220318,3995737
irl,20220319,3996860.28571
irl,20220320,3997842.14286
irl,20220321,3998683.71429
irl,20220322,3999589.57143
irl,20220323,4000418.71429
irl,20220324,4001166.42857
irn,20210414,100691
irn,20210419,117369
irn,20210420,125304.66667
irn,20210422,131053
irn,20210428,143610.4
irn,20210429,153696.33333
irn,20210430,161715
irn,20210504,180402.42857
irn,20210507,197486.42857
irn,20210510,219051.85714
irn,20210517,247896.71429
irn,20210524,277787.14286
irn,20210608,339750.57143
irn,20210614,425316.14286
irn,20210621,528672.85714
irn,20210629,726869.28571
irn,20210713,990819
irn,20210719,1267802.28571
irn,20210726,1556897.28571
irn,20210802,1861924.57143
irn,20210809,2196680
irn,20210816,2686117.71429
irn,20210824,3330375.85714
irn,20210829,4155390
irn,20210830,5034964.71429
irn,20210905,6071812
irn,20210912,7404803.57143
irn,20210913,8747276.85714
irn,20210918,10067248.85714
irn,20210920,11183059.42857
irn,20210927,12287642.28571
irn,20211003,13468966.42857
irn,20211010,14846328
irn,20211018,16711040.14286
irn,20211021,18861832.57143
irn,20211023,21040702.71429
irn,20211025,23351832.57143
irn,20211029,25843543.85714
irn,20211102,28606330.42857
irn,20211105,31243236.42857
irn,20211109,33391266.57143
irn,20211113,35473914.28571
irn,20211121,37738641.14286
irn,20211127,40051346.42857
irn,20211128,41970363.28571
irn,20211205,43698205.85714
irn,20211212,45321889.85714
irn,20211219,46771572.71429
irn,20211226,48058804.57143
irn,20220103,49089172.42857
irn,20220109,49975264
irn,20220113,50896997.42857
irn,20220114,51592502.28571
irn,20220115,52151637.28571
irn,20220116,52550099.71429
irn,20220117,52835988.42857
irn,20220118,53024571
irn,20220119,53139418.14286
irn,20220120,53203148.57143
irn,20220122,53274469.71429
irn,20220123,53349094.14286
irn,20220124,53423585.85714
irn,20220126,53509427.42857
irn,20220128,53603471.14286
irn,20220129,53693055.42857
irn,20220130,53781596
irn,20220131,53867089.42857
irn,20220201,53953167.57143
irn,20220202,54042611
irn,20220203,54124617.71429
irn,20220204,54194365.85714
irn,20220205,54263757.42857
irn,20220206,54330273
irn,20220207,54393930.57143
irn,20220208,54454311.14286
irn,20220209,54509810.85714
irn,20220210,54559120
irn,20220211,54607662.42857
irn,20220212,54654020.28571
irn,20220213,54697787.28571
irn,20220214,54739146.57143
irn,20220215,54777126.28571
irn,20220216,54810174.14286
irn,20220218,54849247.85714
irn,20220219,54891726.42857
irn,20220220,54938645.71429
irn,20220221,54988005.28571
irn,20220222,55039953.42857
irn,20220223,55094951
irn,20220225,55155897
irn,20220226,55213244.28571
irn,20220227,55266905.71429
irn,20220228,55322016.85714
irn,20220301,55375178
irn,20220302,55423515.85714
irn,20220303,55470243.14286
irn,20220305,55521884.85714
irn,20220306,55573768.42857
irn,20220307,55631514.85714
irn,20220308,55686812.71429
irn,20220309,55744831.28571
irn,20220310,55808657.57143
irn,20220312,55886201.85714
irn,20220314,55966492.85714
irn,20220317,56066358.57143
irn,20220319,56166415.57143
irn,20220320,56264779
irn,20220322,56357382.42857
irn,20220324,56443289.57143
irn,20220325,56511182.42857
irq,20210608,166519
irq,20210614,187907.5
irq,20210620,210827.33333
irq,20210705,255255.75
irq,20210711,303184.6
irq,20210908,595207.33333
irq,20210911,862835.42857
irq,20210923,1194276.14286
irq,20210926,1583275.57143
irq,20211009,1998371.85714
irq,20211017,2406616.85714
irq,20211024,2814633.14286
irq,20211030,3017398.28571
irq,20211103,3174777.42857
irq,20211115,3401473.85714
irq,20211121,3600540.28571
irq,20211124,3787186.85714
irq,20211128,3984076.28571
irq,20211130,4180093.85714
irq,20211204,4377769.28571
irq,20211208,4586028.42857
irq,20211212,4741064.42857
irq,20211214,4871830.85714
irq,20211219,5005186.85714
irq,20211222,5133666.42857
irq,20211227,5264519.71429
irq,20220104,5399260.28571
irq,20220108,5520960.14286
irq,20220110,5633406.28571
irq,20220112,5742852.28571
irq,20220116,5841019.14286
irq,20220118,5928463.28571
irq,20220123,6010730.42857
irq,20220126,6077687.14286
irq,20220129,6138637.85714
irq,20220201,6198623.28571
irq,20220213,6279134.85714
irq,20220219,6362623.28571
irq,20220226,6456291.85714
irq,20220305,6553011.85714
irq,20220315,6664107.57143
isl,20210120,480
isl,20210125,2633.5
isl,20210127,3362.33333
isl,20210203,3735
isl,20210205,3959
isl,20210208,4108.5
isl,20210212,4312.71429
isl,20210215,5066.57143
isl,20210216,5231.85714
isl,20210217,5597.71429
isl,20210218,6284.14286
isl,20210219,7029.71429
isl,20210222,7840.28571
isl,20210223,8556.85714
isl,20210225,9502.42857
isl,20210226,10448.14286
isl,20210301,11193.71429
isl,20210302,11620.28571
isl,20210304,11996.42857
isl,20210305,12307.57143
isl,20210308,12615.57143
isl,20210311,12670.85714
isl,20210312,12710.85714
isl,20210315,12752
isl,20210317,12877.42857
isl,20210318,13077
isl,20210319,13367.14286
isl,20210322,13703.71429
isl,20210323,14295.57143
isl,20210324,15301.71429
isl,20210325,16364.14286
isl,20210326,17394.28571
isl,20210329,18341.42857
isl,20210331,19621.28571
isl,20210403,20946.71429
isl,20210408,22401.85714
isl,20210409,23532.42857
isl,20210412,24636.85714
isl,20210414,25715.14286
isl,20210416,26840.85714
isl,20210419,27696.28571
isl,20210422,28877
isl,20210428,29934.14286
isl,20210429,31024.28571
isl,20210430,32191.71429
isl,20210503,33348.14286
isl,20210505,35303.42857
isl,20210506,38232.85714
isl,20210507,41239.85714
isl,20210511,44281
isl,20210512,48115.85714
isl,20210514,52227.71429
isl,20210518,56731.85714
isl,20210519,61146.71429
isl,20210520,64870.57143
isl,20210521,68700
isl,20210525,72247.28571
isl,20210527,75895.71429
isl,20210528,79736
isl,20210602,83599.57143
isl,20210603,87267.71429
isl,20210604,90813.85714
isl,20210607,93849.42857
isl,20210609,97417.85714
isl,20210611,103250.71429
isl,20210615,109911.28571
isl,20210616,117073.85714
isl,20210617,124908.57143
isl,20210622,132657.28571
isl,20210623,141911.14286
isl,20210624,151788.57143
isl,20210625,158773.57143
isl,20210629,164933.28571
isl,20210630,171662.71429
isl,20210701,180157.14286
isl,20210702,189928
isl,20210707,199309.71429
isl,20210708,208468.42857
isl,20210709,217346.42857
isl,20210714,226638.28571
isl,20210715,235203.71429
isl,20210723,240986.57143
isl,20210730,245375.71429
isl,20210804,248594.14286
isl,20210806,250948.28571
isl,20210825,254268
isl,20210826,256650.28571
isl,20210827,258275.85714
isl,20210831,259708.57143
isl,20210901,261042.14286
isl,20210902,262401.14286
isl,20210903,263701.85714
isl,20210907,263945.42857
isl,20210909,264194.28571
isl,20210910,264554.14286
isl,20210914,265352.85714
isl,20210915,266553.85714
isl,20210916,267897.85714
isl,20210917,269290.42857
isl,20210921,270700.14286
isl,20210923,272185.42857
isl,20210930,273681.42857
isl,20211007,274813.42857
isl,20211014,275620.85714
isl,20211021,276287.14286
isl,20211028,276928.85714
isl,20211104,277578.42857
isl,20211111,278156.71429
isl,20211116,278622.14286
isl,20211118,279028.14286
isl,20211123,279400.14286
isl,20211125,279755.85714
isl,20211130,280116.57143
isl,20211202,280453.42857
isl,20211207,280782
isl,20211209,281127.57143
isl,20211214,281509.28571
isl,20211216,281869.42857
isl,20211221,282237.71429
isl,20211223,282587.42857
isl,20211228,282921.42857
isl,20211230,283218.42857
isl,20220104,283490.14286
isl,20220106,283720.28571
isl,20220111,283986.71429
isl,20220113,284241.14286
isl,20220118,284500
isl,20220120,284775.28571
isl,20220125,285068.71429
isl,20220128,285375.14286
isl,20220208,285649
isl,20220211,286078.14286
isl,20220215,286510.28571
isl,20220222,287020
isl,20220301,287565
isl,20220308,288097.28571
isl,20220315,288617.28571
isl,20220322,289158.42857
isr,20201219,4
isr,20201220,4
isr,20201221,4
isr,20201222,4
isr,20201223,4
isr,20201224,4
isr,20201225,4
isr,20201226,4
isr,20201227,4
isr,20201228,4
isr,20201229,4.28571
isr,20201230,4.57143
isr,20201231,4.85714
isr,20210101,5.14286
isr,20210102,5.42857
isr,20210103,5.71429
isr,20210104,6.14286
isr,20210105,6.71429
isr,20210106,7.57143
isr,20210107,9.42857
isr,20210108,11.85714
isr,20210109,17.71429
isr,20210110,880.28571
isr,20210111,4494
isr,20210112,13202.42857
isr,20210113,30033.57143
isr,20210114,56695.85714
isr,20210115,88490
isr,20210116,123995.42857
isr,20210117,170727
isr,20210118,231907.57143
isr,20210119,307679.71429
isr,20210120,395859.71429
isr,20210121,497692
isr,20210122,604550.14286
isr,20210123,715346.14286
isr,20210124,834154
isr,20210125,955686.71429
isr,20210126,1075587.57143
isr,20210127,1192817.28571
isr,20210128,1305216.14286
isr,20210129,1416709.14286
isr,20210130,1526656.42857
isr,20210131,1625006
isr,20210201,1708476.85714
isr,20210202,1778328.14286
isr,20210203,1837664.14286
isr,20210204,1886641.85714
isr,20210205,1930478.57143
isr,20210206,1971382.71429
isr,20210207,2013605
isr,20210208,2060129.14286
isr,20210209,2111865.85714
isr,20210210,2166582.57143
isr,20210211,2223300.14286
isr,20210212,2281272.28571
isr,20210213,2340416.14286
isr,20210214,2399609.71429
isr,20210215,2460265.42857
isr,20210216,2522451.85714
isr,20210217,2585113.57143
isr,20210218,2648866.42857
isr,20210219,2712699.85714
isr,20210220,2776289.28571
isr,20210221,2841216.85714
isr,20210222,2906844.71429
isr,20210223,2971358
isr,20210224,3034086.28571
isr,20210225,3094680.85714
isr,20210226,3154402.14286
isr,20210227,3213048
isr,20210228,3268470.57143
isr,20210301,3321155.71429
isr,20210302,3373028.42857
isr,20210303,3425421.85714
isr,20210304,3479860.57143
isr,20210305,3535503.85714
isr,20210306,3591740.14286
isr,20210307,3650399.71429
isr,20210308,3710752
isr,20210309,3772792.57143
isr,20210310,3833676.42857
isr,20210311,3893127.71429
isr,20210312,3952714.71429
isr,20210313,4012286.71429
isr,20210314,4072016
isr,20210315,4132457.71429
isr,20210316,4192167.28571
isr,20210317,4251924.14286
isr,20210318,4310115.57143
isr,20210319,4366388.14286
isr,20210320,4421240
isr,20210321,4471314.28571
isr,20210322,4515997.57143
isr,20210323,4551512.42857
isr,20210324,4585248
isr,20210325,4615740.57143
isr,20210326,4644139.85714
isr,20210327,4670963.14286
isr,20210328,4692660.57143
isr,20210329,4712855.28571
isr,20210330,4735212.71429
isr,20210331,4753702.14286
isr,20210401,4769801
isr,20210402,4785156.71429
isr,20210403,4800326.85714
isr,20210404,4818099.28571
isr,20210405,4834620.28571
isr,20210406,4850333
isr,20210407,4865448
isr,20210408,4880320.57143
isr,20210409,4894922.28571
isr,20210410,4909601.71429
isr,20210411,4923053.28571
isr,20210412,4935358
isr,20210413,4945972.71429
isr,20210414,4955160.28571
isr,20210415,4962002.28571
isr,20210416,4968903
isr,20210417,4975583.42857
isr,20210418,4981292.28571
isr,20210419,4986128.71429
isr,20210420,4991239.85714
isr,20210421,4996607.28571
isr,20210422,5002989.71429
isr,20210423,5008906.14286
isr,20210424,5014725.14286
isr,20210425,5020471
isr,20210426,5026326.57143
isr,20210427,5032146.42857
isr,20210428,5037996.71429
isr,20210429,5043788.28571
isr,20210430,5049551.28571
isr,20210501,5055258.42857
isr,20210502,5060845.71429
isr,20210503,5066136.57143
isr,20210504,5071156.28571
isr,20210505,5075714.71429
isr,20210506,5079680.57143
isr,20210507,5083548.14286
isr,20210508,5087359.57143
isr,20210509,5090980.57143
isr,20210510,5094442.57143
isr,20210511,5097783.14286
isr,20210512,5101016.42857
isr,20210513,5104327.57143
isr,20210514,5107495.14286
isr,20210515,5110626.28571
isr,20210516,5113252
isr,20210517,5115327.57143
isr,20210518,5117555.71429
isr,20210519,5120028.57143
isr,20210520,5122531.42857
isr,20210521,5125021.28571
isr,20210522,5127531.85714
isr,20210523,5130329.85714
isr,20210524,5133520.85714
isr,20210525,5136375.85714
isr,20210526,5138867.42857
isr,20210527,5141259.57143
isr,20210528,5143652.57143
isr,20210529,5146021.71429
isr,20210530,5148207
isr,20210531,5150177.57143
isr,20210601,5152039.14286
isr,20210602,5153774.28571
isr,20210603,5155267.57143
isr,20210604,5156671.85714
isr,20210605,5158066.42857
isr,20210606,5159327.42857
isr,20210607,5160404.57143
isr,20210608,5161388
isr,20210609,5162329.85714
isr,20210610,5163244
isr,20210611,5164130.14286
isr,20210612,5165017.85714
isr,20210613,5165942.28571
isr,20210614,5166969.85714
isr,20210615,5168026.28571
isr,20210616,5169036.71429
isr,20210617,5170033.28571
isr,20210618,5171017.28571
isr,20210619,5171997.28571
isr,20210620,5172987.42857
isr,20210621,5173932
isr,20210622,5174837.71429
isr,20210623,5175785.71429
isr,20210624,5176771.57143
isr,20210625,5177819.28571
isr,20210626,5178875.14286
isr,20210627,5180232.71429
isr,20210628,5181942
isr,20210629,5184027.71429
isr,20210630,5186413.28571
isr,20210701,5189071
isr,20210702,5191823.28571
isr,20210703,5194589.71429
isr,20210704,5197315.85714
isr,20210705,5199950.71429
isr,20210706,5202539
isr,20210707,5205026.14286
isr,20210708,5207439.71429
isr,20210709,5209843.42857
isr,20210710,5212259.42857
isr,20210711,5214631.42857
isr,20210712,5217096.57143
isr,20210713,5219853.71429
isr,20210714,5223300.14286
isr,20210715,5227665
isr,20210716,5232652.71429
isr,20210717,5237783.71429
isr,20210718,5243903.28571
isr,20210719,5251115.85714
isr,20210720,5259250.14286
isr,20210721,5268007.57143
isr,20210722,5277331.85714
isr,20210723,5286989.71429
isr,20210724,5296660
isr,20210725,5307146.85714
isr,20210726,5317945.28571
isr,20210727,5328979
isr,20210728,5340078.57143
isr,20210729,5351309.57143
isr,20210730,5362915.85714
isr,20210731,5374817.85714
isr,20210801,5384987.42857
isr,20210802,5393678.14286
isr,20210803,5400906.28571
isr,20210804,5406836.42857
isr,20210805,5411251.57143
isr,20210806,5414380.71429
isr,20210807,5417099.28571
isr,20210808,5419775.71429
isr,20210809,5422434.85714
isr,20210810,5425075.42857
isr,20210811,5427672.28571
isr,20210812,5430229.85714
isr,20210813,5432819
isr,20210814,5435433.42857
isr,20210815,5438257.14286
isr,20210816,5441323
isr,20210817,5444667.71429
isr,20210818,5448250.71429
isr,20210819,5452108.42857
isr,20210820,5456072.71429
isr,20210821,5460139.14286
isr,20210822,5464243.85714
isr,20210823,5468306
isr,20210824,5472307.14286
isr,20210825,5476289.28571
isr,20210826,5480248.28571
isr,20210827,5484202.57143
isr,20210828,5488146
isr,20210829,5492252.57143
isr,20210830,5496726.57143
isr,20210831,5501458.85714
isr,20210901,5506410.28571
isr,20210902,5511664.85714
isr,20210903,5517109.57143
isr,20210904,5522630
isr,20210905,5528224.85714
isr,20210906,5533202.57143
isr,20210907,5537374.42857
isr,20210908,5540857.71429
isr,20210909,5545110.71429
isr,20210910,5549491.28571
isr,20210911,5553940.85714
isr,20210912,5558695.28571
isr,20210913,5564243.28571
isr,20210914,5570726.14286
isr,20210915,5577426.42857
isr,20210916,5582411.71429
isr,20210917,5587685.14286
isr,20210918,5593021.85714
isr,20210919,5598661.42857
isr,20210920,5603785.14286
isr,20210921,5608142.71429
isr,20210922,5613148.28571
isr,20210923,5618918
isr,20210924,5624283
isr,20210925,5629549.71429
isr,20210926,5634139.42857
isr,20210927,5638704.28571
isr,20210928,5643144.42857
isr,20210929,5647741.71429
isr,20210930,5652719.14286
isr,20211001,5657651.28571
isr,20211002,5662565
isr,20211003,5667663.57143
isr,20211004,5673089.42857
isr,20211005,5679104.14286
isr,20211006,5684523.42857
isr,20211007,5689291.28571
isr,20211008,5693883.28571
isr,20211009,5698377.14286
isr,20211010,5702367.85714
isr,20211011,5705814.14286
isr,20211012,5708931.28571
isr,20211013,5711802.14286
isr,20211014,5714485
isr,20211015,5717030.85714
isr,20211016,5719506.57143
isr,20211017,5721807.85714
isr,20211018,5723928
isr,20211019,5725802.71429
isr,20211020,5727655.28571
isr,20211021,5729565.71429
isr,20211022,5731440.28571
isr,20211023,5733359.71429
isr,20211024,5735299.14286
isr,20211025,5737389.85714
isr,20211026,5739590.14286
isr,20211027,5741828.14286
isr,20211028,5744019.57143
isr,20211029,5746170.42857
isr,20211030,5748216.42857
isr,20211031,5750237.71429
isr,20211101,5752168.14286
isr,20211102,5754097.14286
isr,20211103,5755930.42857
isr,20211104,5757768.71429
isr,20211105,5759572.57143
isr,20211106,5761357
isr,20211107,5763039.28571
isr,20211108,5764649.57143
isr,20211109,5766197
isr,20211110,5767710.85714
isr,20211111,5769101.42857
isr,20211112,5770481
isr,20211113,5771846.14286
isr,20211114,5773190.85714
isr,20211115,5774539.71429
isr,20211116,5775861.57143
isr,20211117,5777169.71429
isr,20211118,5778441.57143
isr,20211119,5779704.42857
isr,20211120,5780961
isr,20211121,5782202.71429
isr,20211122,5783430.14286
isr,20211123,5784696.42857
isr,20211124,5785927.57143
isr,20211125,5787146
isr,20211126,5788362.28571
isr,20211127,5789589.71429
isr,20211128,5790811
isr,20211129,5791977.85714
isr,20211130,5793050.71429
isr,20211201,5794092.71429
isr,20211202,5795113.42857
isr,20211203,5796123.42857
isr,20211204,5797121.42857
isr,20211205,5798087.14286
isr,20211206,5799061.28571
isr,20211207,5800104.57143
isr,20211208,5801163
isr,20211209,5802191.85714
isr,20211210,5803223.57143
isr,20211211,5804258.14286
isr,20211212,5805318.71429
isr,20211213,5806404
isr,20211214,5808145.71429
isr,20211215,5810774.57143
isr,20211216,5814458
isr,20211217,5818776.42857
isr,20211218,5823473.71429
isr,20211219,5829299
isr,20211220,5836002.85714
isr,20211221,5843071.14286
isr,20211222,5850244.57143
isr,20211223,5857654.28571
isr,20211224,5865223.57143
isr,20211225,5872744.85714
isr,20211226,5880206.71429
isr,20211227,5887615.85714
isr,20211228,5894853.71429
isr,20211229,5901780.71429
isr,20211230,5908346.14286
isr,20211231,5914545
isr,20220101,5920604.42857
isr,20220102,5926318
isr,20220103,5931761.14286
isr,20220104,5936990.71429
isr,20220105,5942187.57143
isr,20220106,5947417.71429
isr,20220107,5952772.71429
isr,20220108,5958250
isr,20220109,5963904.28571
isr,20220110,5969901.85714
isr,20220111,5976281.57143
isr,20220112,5983030.71429
isr,20220113,5990016.14286
isr,20220114,5997056.14286
isr,20220115,6004198.57143
isr,20220116,6011453.71429
isr,20220117,6018622.42857
isr,20220118,6025612.71429
isr,20220119,6032323.85714
isr,20220120,6038655.57143
isr,20220121,6044815.71429
isr,20220122,6050732.28571
isr,20220123,6056235.42857
isr,20220124,6061372.71429
isr,20220125,6066085.57143
isr,20220126,6070358.57143
isr,20220127,6074266.57143
isr,20220128,6077981.42857
isr,20220129,6081636.42857
isr,20220130,6085161.14286
isr,20220131,6088500.28571
isr,20220201,6091608.14286
isr,20220202,6094587.85714
isr,20220203,6097335.14286
isr,20220204,6099884.57143
isr,20220205,6102334
isr,20220206,6104441.28571
isr,20220207,6106280.57143
isr,20220208,6107936.85714
isr,20220209,6109408.71429
isr,20220210,6110668.42857
isr,20220211,6111863.85714
isr,20220212,6113023.85714
isr,20220213,6113988.14286
isr,20220214,6114854.71429
isr,20220215,6115616.57143
isr,20220216,6116304.57143
isr,20220217,6116913.28571
isr,20220218,6117490.71429
isr,20220219,6118066.71429
isr,20220220,6118594
isr,20220221,6119090.57143
isr,20220222,6119542.71429
isr,20220223,6119962.85714
isr,20220224,6120342.71429
isr,20220225,6120697
isr,20220226,6121043.71429
isr,20220227,6121352.28571
isr,20220228,6121640.28571
isr,20220301,6121903.42857
isr,20220302,6122145
isr,20220303,6122374.28571
isr,20220304,6122601.71429
isr,20220305,6122828.71429
isr,20220306,6123044.28571
isr,20220307,6123258.71429
isr,20220308,6123471.28571
isr,20220309,6123685.71429
isr,20220310,6123899.28571
isr,20220311,6124107.28571
isr,20220312,6124313.28571
isr,20220313,6124521.28571
isr,20220314,6124728.57143
isr,20220315,6124923.85714
isr,20220316,6125118
isr,20220317,6125277.71429
isr,20220318,6125432.71429
isr,20220319,6125587.85714
isr,20220320,6125740.28571
isr,20220321,6125891.57143
isr,20220322,6126061.14286
isr,20220323,6126231.14286
isr,20220324,6126431.28571
isr,20220325,6126632.42857
ita,20210104,9
ita,20210105,10
ita,20210106,11
ita,20210107,12
ita,20210108,12.6
ita,20210109,13
ita,20210110,13.28571
ita,20210111,14.57143
ita,20210112,15.57143
ita,20210113,16.28571
ita,20210114,16.71429
ita,20210115,17.14286
ita,20210116,17.57143
ita,20210117,445.14286
ita,20210118,1600.28571
ita,20210119,3011.42857
ita,20210120,5080.85714
ita,20210121,10002.57143
ita,20210122,16947.85714
ita,20210123,28656.28571
ita,20210124,44334.71429
ita,20210125,68535.57143
ita,20210126,103413.57143
ita,20210127,146899.57143
ita,20210128,200293.14286
ita,20210129,265099.57143
ita,20210130,337513.14286
ita,20210131,413722.14286
ita,20210201,492380
ita,20210202,571839.14286
ita,20210203,655057.71429
ita,20210204,739144.42857
ita,20210205,822682.85714
ita,20210206,902945
ita,20210207,979709.85714
ita,20210208,1050531
ita,20210209,1114289.28571
ita,20210210,1169049.28571
ita,20210211,1213025.57143
ita,20210212,1246330.57143
ita,20210213,1271509.85714
ita,20210214,1292365.85714
ita,20210215,1308331.28571
ita,20210216,1320512.42857
ita,20210217,1330038.28571
ita,20210218,1337883.28571
ita,20210219,1344486.85714
ita,20210220,1350767.28571
ita,20210221,1356998.57143
ita,20210222,1363136.85714
ita,20210223,1369172.28571
ita,20210224,1375005.85714
ita,20210225,1381436.42857
ita,20210226,1389102.28571
ita,20210227,1397830.42857
ita,20210228,1407409.57143
ita,20210301,1419720.42857
ita,20210302,1435649.85714
ita,20210303,1456439.28571
ita,20210304,1482227.57143
ita,20210305,1513316.71429
ita,20210306,1548305.85714
ita,20210307,1585041
ita,20210308,1625051.14286
ita,20210309,1667725
ita,20210310,1712232.14286
ita,20210311,1758534.28571
ita,20210312,1806065.85714
ita,20210313,1854925
ita,20210314,1905636.85714
ita,20210315,1959653.28571
ita,20210316,2016990.42857
ita,20210317,2078093.85714
ita,20210318,2142034.71429
ita,20210319,2208514.85714
ita,20210320,2276954
ita,20210321,2347092.28571
ita,20210322,2416589.57143
ita,20210323,2485933.57143
ita,20210324,2555986.14286
ita,20210325,2626729.14286
ita,20210326,2697397.57143
ita,20210327,2768798.14286
ita,20210328,2839567.28571
ita,20210329,2910361.42857
ita,20210330,2981837.42857
ita,20210331,3053985.71429
ita,20210401,3126990.28571
ita,20210402,3200122.57143
ita,20210403,3272335
ita,20210404,3341622.85714
ita,20210405,3406874.85714
ita,20210406,3472124.42857
ita,20210407,3537235.14286
ita,20210408,3602162.57143
ita,20210409,3667508.85714
ita,20210410,3733983.57143
ita,20210411,3803453.57143
ita,20210412,3876429.28571
ita,20210413,3948152.85714
ita,20210414,4018445.71429
ita,20210415,4090141.14286
ita,20210416,4164345
ita,20210417,4240757.42857
ita,20210418,4319025.42857
ita,20210419,4400923
ita,20210420,4487147.42857
ita,20210421,4578967.85714
ita,20210422,4676100
ita,20210423,4777726.14286
ita,20210424,4884124.71429
ita,20210425,4990746
ita,20210426,5097873.71429
ita,20210427,5208368.14286
ita,20210428,5323098.28571
ita,20210429,5444798.71429
ita,20210430,5577013.14286
ita,20210501,5716303.71429
ita,20210502,5866074.85714
ita,20210503,6021919.28571
ita,20210504,6181830.85714
ita,20210505,6343420.28571
ita,20210506,6505281.57143
ita,20210507,6666797.85714
ita,20210508,6833615.85714
ita,20210509,7001431.14286
ita,20210510,7172482.14286
ita,20210511,7345853.42857
ita,20210512,7520423.28571
ita,20210513,7695777
ita,20210514,7872472.85714
ita,20210515,8048557
ita,20210516,8227092.28571
ita,20210517,8413649.42857
ita,20210518,8605971.57143
ita,20210519,8802697.14286
ita,20210520,9009523.57143
ita,20210521,9223590.85714
ita,20210522,9443207.85714
ita,20210523,9668404
ita,20210524,9894986.28571
ita,20210525,10126277.85714
ita,20210526,10367717
ita,20210527,10614940.57143
ita,20210528,10866311.57143
ita,20210529,11115552
ita,20210530,11360924.28571
ita,20210531,11604419.28571
ita,20210601,11842476.85714
ita,20210602,12057437.71429
ita,20210603,12253233.42857
ita,20210604,12432232.71429
ita,20210605,12604305.85714
ita,20210606,12771434.85714
ita,20210607,12930285.28571
ita,20210608,13083342.42857
ita,20210609,13243711
ita,20210610,13402955.42857
ita,20210611,13559864.28571
ita,20210612,13708481.28571
ita,20210613,13850223.57143
ita,20210614,13999808.42857
ita,20210615,14157853.42857
ita,20210616,14327925
ita,20210617,14516773.57143
ita,20210618,14725544.85714
ita,20210619,14955691.42857
ita,20210620,15204657.85714
ita,20210621,15464083.28571
ita,20210622,15733126.42857
ita,20210623,16009235.42857
ita,20210624,16289586.57143
ita,20210625,16575922.14286
ita,20210626,16865696.85714
ita,20210627,17156450.28571
ita,20210628,17449743.57143
ita,20210629,17747734.57143
ita,20210630,18051178
ita,20210701,18358911.85714
ita,20210702,18669515.28571
ita,20210703,18990438.57143
ita,20210704,19319303.71429
ita,20210705,19659346.42857
ita,20210706,20007617.28571
ita,20210707,20366234
ita,20210708,20742103.14286
ita,20210709,21137009.42857
ita,20210710,21547090.71429
ita,20210711,21968210.57143
ita,20210712,22404272.57143
ita,20210713,22855811.14286
ita,20210714,23317226.57143
ita,20210715,23784724.42857
ita,20210716,24253762.14286
ita,20210717,24721264.71429
ita,20210718,25189596.14286
ita,20210719,25654428.71429
ita,20210720,26114147.71429
ita,20210721,26571102.14286
ita,20210722,27020870.85714
ita,20210723,27460342.71429
ita,20210724,27888472.57143
ita,20210725,28305669.14286
ita,20210726,28718224
ita,20210727,29128206.71429
ita,20210728,29527848.85714
ita,20210729,29912723.71429
ita,20210730,30283328.42857
ita,20210731,30639563.14286
ita,20210801,30981756
ita,20210802,31310004.28571
ita,20210803,31621483.71429
ita,20210804,31921469.85714
ita,20210805,32210136.57143
ita,20210806,32487220.85714
ita,20210807,32751781
ita,20210808,33011045
ita,20210809,33255761.14286
ita,20210810,33483288.28571
ita,20210811,33693978.14286
ita,20210812,33886633.14286
ita,20210813,34063511
ita,20210814,34222023
ita,20210815,34362957.71429
ita,20210816,34487211
ita,20210817,34601000.71429
ita,20210818,34705695
ita,20210819,34804660
ita,20210820,34900265.42857
ita,20210821,34998040
ita,20210822,35101551
ita,20210823,35213331.57143
ita,20210824,35328531.71429
ita,20210825,35450324.14286
ita,20210826,35578546.71429
ita,20210827,35715339.71429
ita,20210828,35859937.71429
ita,20210829,36008637.14286
ita,20210830,36161724.42857
ita,20210831,36320054.85714
ita,20210901,36480436.71429
ita,20210902,36643324.14286
ita,20210903,36806910.57143
ita,20210904,36969035.71429
ita,20210905,37129572.71429
ita,20210906,37288422.14286
ita,20210907,37447976.85714
ita,20210908,37607306.42857
ita,20210909,37768540.28571
ita,20210910,37930918.57143
ita,20210911,38094952
ita,20210912,38259289.28571
ita,20210913,38423630.42857
ita,20210914,38585538.71429
ita,20210915,38744131.28571
ita,20210916,38897149.57143
ita,20210917,39043609.28571
ita,20210918,39188157.85714
ita,20210919,39331520.14286
ita,20210920,39473346.57143
ita,20210921,39613709.57143
ita,20210922,39753527.85714
ita,20210923,39890087.57143
ita,20210924,40025207.42857
ita,20210925,40159226.42857
ita,20210926,40291981.57143
ita,20210927,40418449
ita,20210928,40537923.28571
ita,20210929,40650833.85714
ita,20210930,40759782.85714
ita,20211001,40862505.71429
ita,20211002,40959624.14286
ita,20211003,41053514.28571
ita,20211004,41140929
ita,20211005,41223321.42857
ita,20211006,41300183
ita,20211007,41371800
ita,20211008,41441365.42857
ita,20211009,41510599.28571
ita,20211010,41579593.28571
ita,20211011,41648444.42857
ita,20211012,41717869.57143
ita,20211013,41789623.42857
ita,20211014,41864176.85714
ita,20211015,41940565.57143
ita,20211016,42017911.85714
ita,20211017,42096042.14286
ita,20211018,42174652.28571
ita,20211019,42252519
ita,20211020,42328634.71429
ita,20211021,42403114.57143
ita,20211022,42475024.85714
ita,20211023,42544057.71429
ita,20211024,42610669.14286
ita,20211025,42673819.57143
ita,20211026,42734276
ita,20211027,42792501.85714
ita,20211028,42848465.14286
ita,20211029,42902907.71429
ita,20211030,42956006.57143
ita,20211031,43007979.85714
ita,20211101,43053742.57143
ita,20211102,43100247.42857
ita,20211103,43147168.28571
ita,20211104,43193856.28571
ita,20211105,43240809.42857
ita,20211106,43287225
ita,20211107,43333261.71429
ita,20211108,43383762.85714
ita,20211109,43431826
ita,20211110,43477373.71429
ita,20211111,43520943.14286
ita,20211112,43562193.57143
ita,20211113,43601607.85714
ita,20211114,43639948.28571
ita,20211115,43676267.28571
ita,20211116,43710504
ita,20211117,43742760.28571
ita,20211118,43772973.71429
ita,20211119,43800693.71429
ita,20211120,43826706.57143
ita,20211121,43852170.71429
ita,20211122,43875513.57143
ita,20211123,43897883.57143
ita,20211124,43920166.42857
ita,20211125,43941409.57143
ita,20211126,43962006.71429
ita,20211127,43982582
ita,20211128,44003012.42857
ita,20211129,44023399.28571
ita,20211130,44043591.57143
ita,20211201,44062763.14286
ita,20211202,44081877
ita,20211203,44100938.14286
ita,20211204,44120034.14286
ita,20211205,44139282.57143
ita,20211206,44158829.42857
ita,20211207,44178345.85714
ita,20211208,44196242.42857
ita,20211209,44215091.14286
ita,20211210,44234237.42857
ita,20211211,44253468.42857
ita,20211212,44272729.57143
ita,20211213,44292049.57143
ita,20211214,44311522.28571
ita,20211215,44333000.28571
ita,20211216,44353902
ita,20211217,44374989.28571
ita,20211218,44396482.71429
ita,20211219,44418268.71429
ita,20211220,44440673.57143
ita,20211221,44463812.71429
ita,20211222,44487517.71429
ita,20211223,44511350.57143
ita,20211224,44533162
ita,20211225,44551921.14286
ita,20211226,44569981.42857
ita,20211227,44590210.14286
ita,20211228,44611904
ita,20211229,44634049.42857
ita,20211230,44656520.42857
ita,20211231,44679040.42857
ita,20220101,44701707.57143
ita,20220102,44725993.71429
ita,20220103,44750165
ita,20220104,44774650.71429
ita,20220105,44799819.42857
ita,20220106,44823911.71429
ita,20220107,44854387
ita,20220108,44892119.42857
ita,20220109,44932514.14286
ita,20220110,44974877.42857
ita,20220111,45019500
ita,20220112,45066720.42857
ita,20220113,45118679
ita,20220114,45168347.28571
ita,20220115,45214936.57143
ita,20220116,45259965
ita,20220117,45304292.42857
ita,20220118,45348444.14286
ita,20220119,45392705.85714
ita,20220120,45436623.85714
ita,20220121,45480137.57143
ita,20220122,45522801.85714
ita,20220123,45566277
ita,20220124,45610135.85714
ita,20220125,45654636.71429
ita,20220126,45699505.71429
ita,20220127,45743729.71429
ita,20220128,45790471
ita,20220129,45842680
ita,20220130,45897152
ita,20220131,45952282.14286
ita,20220201,46008040.85714
ita,20220202,46064549.28571
ita,20220203,46122777
ita,20220204,46183082
ita,20220205,46245742
ita,20220206,46309224
ita,20220207,46373517.42857
ita,20220208,46438115.57143
ita,20220209,46502181.57143
ita,20220210,46566111
ita,20220211,46628682.57143
ita,20220212,46689697.71429
ita,20220213,46748810.57143
ita,20220214,46805378.71429
ita,20220215,46859375.85714
ita,20220216,46911584.28571
ita,20220217,46961643.28571
ita,20220218,47009529.14286
ita,20220219,47054713.14286
ita,20220220,47098515.71429
ita,20220221,47141105.42857
ita,20220222,47182158.14286
ita,20220223,47221504.28571
ita,20220224,47259408.14286
ita,20220225,47295675.57143
ita,20220226,47330076.42857
ita,20220227,47363233.85714
ita,20220228,47395062.42857
ita,20220301,47424847.71429
ita,20220302,47453031
ita,20220303,47479805.71429
ita,20220304,47504947.85714
ita,20220305,47527931
ita,20220306,47549069.42857
ita,20220307,47568451.57143
ita,20220308,47586824.42857
ita,20220309,47604056.71429
ita,20220310,47620090.85714
ita,20220311,47635050.71429
ita,20220312,47648838
ita,20220313,47662074.14286
ita,20220314,47674554
ita,20220315,47686340.57143
ita,20220316,47697520.42857
ita,20220317,47708099.57143
ita,20220318,47717932.57143
ita,20220319,47726879.71429
ita,20220320,47735416.42857
ita,20220321,47743535.28571
ita,20220322,47751370.42857
ita,20220323,47758880.57143
ita,20220324,47766163
ita,20220325,47773189.42857
jam,20210514,6999
jam,20210521,10714.5
jam,20210528,14543
jam,20210604,16458.75
jam,20210611,19388.2
jam,20210625,28994.33333
jam,20210709,40772.42857
jam,20210713,55961.14286
jam,20210716,70800.28571
jam,20210723,85082.28571
jam,20210806,100833.57143
jam,20210813,115692
jam,20210820,124409
jam,20210824,128399.57143
jam,20210825,132264.14286
jam,20210827,135526.28571
jam,20210828,138358.71429
jam,20210829,139758
jam,20210831,141080.42857
jam,20210901,142098.57143
jam,20210903,143136.71429
jam,20210906,144246.14286
jam,20210908,145762.71429
jam,20210909,147297.28571
jam,20210910,148957.14286
jam,20210913,153563.28571
jam,20210915,163253.14286
jam,20210916,173176.14286
jam,20210921,183334.14286
jam,20210924,193186.57143
jam,20210927,206112.28571
jam,20210928,220353.28571
jam,20211002,235243
jam,20211006,246358.28571
jam,20211007,257904.71429
jam,20211008,269846.85714
jam,20211010,283899.71429
jam,20211012,295267.28571
jam,20211013,305745.71429
jam,20211014,312924.85714
jam,20211015,319583.71429
jam,20211019,327234.42857
jam,20211021,334421.85714
jam,20211022,339672
jam,20211023,344702.14286
jam,20211024,349388.14286
jam,20211025,353741
jam,20211026,357464.42857
jam,20211027,359731
jam,20211028,362026.28571
jam,20211029,364381.42857
jam,20211030,366937.85714
jam,20211031,369557.42857
jam,20211101,372330.71429
jam,20211102,376140.85714
jam,20211103,382818
jam,20211105,390519.85714
jam,20211106,398945.85714
jam,20211107,408425.14286
jam,20211108,418791.85714
jam,20211109,429348.57143
jam,20211110,439372.14286
jam,20211111,446668.85714
jam,20211112,453206.42857
jam,20211113,459108
jam,20211115,464476.57143
jam,20211116,468868.57143
jam,20211117,473029.14286
jam,20211118,476770.85714
jam,20211119,480293.42857
jam,20211120,483395.71429
jam,20211121,486505.42857
jam,20211123,488847.42857
jam,20211124,491332.71429
jam,20211125,493767.71429
jam,20211126,496219.85714
jam,20211127,498658.14286
jam,20211129,501146.85714
jam,20211130,503250.57143
jam,20211201,505593.85714
jam,20211202,507830.42857
jam,20211203,510103.57143
jam,20211204,512437.14286
jam,20211205,514888.14286
jam,20211206,517234.28571
jam,20211207,519699.28571
jam,20211208,521995.14286
jam,20211209,524421.85714
jam,20211210,527223.85714
jam,20211212,529819.71429
jam,20211213,532509.85714
jam,20211215,535381
jam,20211216,538265.57143
jam,20211217,541187.14286
jam,20211218,543937.42857
jam,20211219,546194.28571
jam,20211220,548577.28571
jam,20211222,550788.71429
jam,20211223,552690.28571
jam,20211224,554580.85714
jam,20211225,556197.85714
jam,20211226,557600.42857
jam,20211228,558770.57143
jam,20211230,560488.28571
jam,20220101,561849.57143
jam,20220104,563697.85714
jam,20220105,565482.14286
jam,20220107,568043.28571
jam,20220108,571029
jam,20220110,574175
jam,20220111,576684.71429
jam,20220112,579926.28571
jam,20220114,583012.85714
jam,20220115,586146.71429
jam,20220116,588607.28571
jam,20220117,590737.42857
jam,20220118,593158.57143
jam,20220119,595494.71429
jam,20220120,597516.28571
jam,20220121,599620.71429
jam,20220123,601946.28571
jam,20220125,604444.14286
jam,20220127,607129.42857
jam,20220128,609668.14286
jam,20220130,612381.28571
jam,20220131,614708.85714
jam,20220201,616813.42857
jam,20220202,618594.71429
jam,20220203,620334
jam,20220204,622039.71429
jam,20220205,623604
jam,20220206,624891.57143
jam,20220208,626375.57143
jam,20220209,627836.57143
jam,20220210,629351
jam,20220211,630784.42857
jam,20220212,632181.57143
jam,20220213,633501.57143
jam,20220214,634780.71429
jam,20220215,635994.85714
jam,20220216,637139.42857
jam,20220217,638284.85714
jam,20220218,639387.57143
jam,20220220,640456.57143
jam,20220221,641475
jam,20220222,642650.85714
jam,20220223,643821.57143
jam,20220224,645017.57143
jam,20220225,646157.42857
jam,20220226,647259.28571
jam,20220227,648264
jam,20220228,649276.28571
jam,20220302,650389
jam,20220303,651361.42857
jam,20220304,652340.71429
jam,20220305,653302
jam,20220306,654162.57143
jam,20220307,654971.85714
jam,20220308,655866.57143
jam,20220309,656648.14286
jam,20220310,657711
jam,20220312,658721.71429
jam,20220313,659637.57143
jam,20220314,660554.42857
jam,20220315,661537.71429
jam,20220316,662563.71429
jam,20220317,663529.57143
jam,20220318,664329.14286
jam,20220321,665156.28571
jam,20220322,666025
jam,20220323,666948
jam,20220324,667849.85714
jam,20220325,668673.71429
jey,20210314,5621
jey,20210321,7375
jey,20210328,9854.66667
jey,20210404,13085.75
jey,20210411,15523.4
jey,20210418,17564.83333
jey,20210425,19388.85714
jey,20210502,23659.14286
jey,20210512,27910.71429
jey,20210516,31543.28571
jey,20210519,34068.42857
jey,20210523,36694.42857
jey,20210526,39241
jey,20210530,41710
jey,20210602,43735.42857
jey,20210606,45301.42857
jey,20210609,46706
jey,20210613,48278.28571
jey,20210616,49414.57143
jey,20210620,50295.57143
jey,20210623,50916.57143
jey,20210627,51331.42857
jey,20210704,52082.57143
jey,20210707,53069.28571
jey,20210711,54064
jey,20210714,55267.71429
jey,20210718,56759.71429
jey,20210721,58473.85714
jey,20210725,60429
jey,20210728,62241.71429
jey,20210801,63920.57143
jey,20210804,65490.85714
jey,20210808,66913.85714
jey,20210811,68085.14286
jey,20210815,69081
jey,20210818,69781
jey,20210822,70350.14286
jey,20210829,70884.42857
jey,20210901,71378.57143
jey,20210905,71824.42857
jey,20210908,72244.28571
jey,20210912,72619.71429
jey,20210915,72984.42857
jey,20210919,73285.85714
jey,20210922,73499.71429
jey,20210926,73664.14286
jey,20210929,73801.57143
jey,20211003,73915.85714
jey,20211006,74006.85714
jey,20211013,74091.57143
jey,20211017,74162.57143
jey,20211020,74232.14286
jey,20211024,74303.42857
jey,20211027,74376.14286
jey,20211031,74448.14286
jey,20211103,74517.14286
jey,20211107,74575.71429
jey,20211110,74636.71429
jey,20211114,74700.85714
jey,20211117,74764.85714
jey,20211121,74836.28571
jey,20211124,74909.85714
jey,20211128,75003.28571
jey,20211201,75121
jey,20211205,75258.28571
jey,20211208,75408.85714
jey,20211212,75574.57143
jey,20211215,75748.57143
jey,20211219,75934
jey,20211226,76135.71429
jey,20211229,76340.85714
jey,20220102,76534.42857
jey,20220105,76729.71429
jey,20220109,76924.14286
jey,20220112,77114.14286
jey,20220116,77304.57143
jey,20220119,77470.85714
jey,20220123,77620.14286
jey,20220126,77761.42857
jey,20220130,77889.42857
jey,20220206,78019.28571
jey,20220213,78148.85714
jey,20220224,78295.71429
jey,20220227,78442
jey,20220306,78591.42857
jey,20220313,78742.57143
jey,20220320,78900.28571
jor,20210222,30000
jor,20210315,39189.5
jor,20210317,43597
jor,20210321,48540.25
jor,20210324,52620.8
jor,20210330,61226.83333
jor,20210407,69568.85714
jor,20210414,82730.42857
jor,20210419,93629.28571
jor,20210429,117655.28571
jor,20210504,149463.57143
jor,20210518,194634.85714
jor,20210526,244026.71429
jor,20210527,297018.28571
jor,20210528,349830.42857
jor,20210606,412005.14286
jor,20210608,465468.14286
jor,20210610,512710.57143
jor,20210611,545803.57143
jor,20210613,578496
jor,20210614,614174.57143
jor,20210615,655635
jor,20210616,691393.85714
jor,20210617,728060
jor,20210618,761668.42857
jor,20210619,797909.42857
jor,20210620,843612
jor,20210621,890918
jor,20210624,945186.42857
jor,20210625,995594.57143
jor,20210626,1041022.57143
jor,20210627,1091625.28571
jor,20210628,1145359.42857
jor,20210630,1205371.42857
jor,20210702,1255316.57143
jor,20210704,1297220.28571
jor,20210705,1343207.28571
jor,20210706,1396778.57143
jor,20210707,1452120
jor,20210709,1507531.71429
jor,20210711,1541621.71429
jor,20210712,1582557.71429
jor,20210713,1623848
jor,20210714,1663983.85714
jor,20210715,1704646.57143
jor,20210717,1744842
jor,20210718,1787206.85714
jor,20210719,1826558.14286
jor,20210721,1858750.42857
jor,20210722,1886358.28571
jor,20210724,1918509.28571
jor,20210725,1951581.57143
jor,20210726,1986395.85714
jor,20210727,2017684.85714
jor,20210729,2057668.85714
jor,20210730,2098584.85714
jor,20210731,2139682.71429
jor,20210801,2178167.85714
jor,20210809,2230260.57143
jor,20210810,2274175.14286
jor,20210811,2318925
jor,20210813,2355196.14286
jor,20210814,2395127.28571
jor,20210815,2439990
jor,20210816,2483632.71429
jor,20210817,2509049
jor,20210818,2540525.57143
jor,20210819,2571683
jor,20210820,2603117.28571
jor,20210821,2632946.14286
jor,20210822,2662168.14286
jor,20210823,2690425.28571
jor,20210824,2718086.42857
jor,20210825,2743207.42857
jor,20210826,2766890.57143
jor,20210827,2790402.42857
jor,20210828,2813391.42857
jor,20210829,2838680.71429
jor,20210831,2865426.71429
jor,20210901,2889674.57143
jor,20210903,2910663
jor,20210904,2929734.57143
jor,20210905,2950833.42857
jor,20210906,2974597.14286
jor,20210908,2993056.57143
jor,20210909,3009206.57143
jor,20210910,3023438.85714
jor,20210911,3038801.57143
jor,20210912,3054612
jor,20210913,3070183.71429
jor,20210914,3082933.14286
jor,20210915,3095762.14286
jor,20210916,3108448.42857
jor,20210917,3121126
jor,20210918,3133619.71429
jor,20210919,3145552.28571
jor,20210920,3156659.28571
jor,20210921,3167610.57143
jor,20210922,3177940
jor,20210923,3187855.57143
jor,20210924,3197816.42857
jor,20210925,3208055
jor,20210926,3217707.42857
jor,20210927,3227523.71429
jor,20210928,3236381.57143
jor,20210929,3244741.28571
jor,20210930,3254287.57143
jor,20211001,3263721.28571
jor,20211002,3272734.14286
jor,20211003,3282190
jor,20211004,3291858.42857
jor,20211005,3301753.71429
jor,20211007,3313374.42857
jor,20211008,3322601.71429
jor,20211009,3333860.71429
jor,20211012,3346239.57143
jor,20211013,3358366
jor,20211014,3369697.42857
jor,20211015,3379761.71429
jor,20211016,3387866.57143
jor,20211017,3396645.71429
jor,20211018,3403884.28571
jor,20211019,3411476.28571
jor,20211021,3419588.85714
jor,20211022,3426800.14286
jor,20211023,3435119.42857
jor,20211024,3443847.71429
jor,20211025,3453085.57143
jor,20211026,3463082.71429
jor,20211027,3471753.14286
jor,20211028,3480295.14286
jor,20211029,3488777.71429
jor,20211030,3497062.85714
jor,20211031,3505181.71429
jor,20211101,3512966.42857
jor,20211102,3520447.57143
jor,20211103,3527673
jor,20211104,3534425.14286
jor,20211105,3541136.14286
jor,20211106,3547550.42857
jor,20211107,3553793.42857
jor,20211108,3559981.57143
jor,20211109,3565902.71429
jor,20211110,3571305
jor,20211111,3577188.28571
jor,20211112,3583180.42857
jor,20211113,3589418.85714
jor,20211114,3596069.71429
jor,20211115,3603502.42857
jor,20211116,3611415
jor,20211118,3621614.42857
jor,20211120,3631437
jor,20211121,3642076.85714
jor,20211122,3652831.85714
jor,20211123,3663967.28571
jor,20211124,3674597.71429
jor,20211125,3685402.28571
jor,20211127,3694378.85714
jor,20211128,3703471.28571
jor,20211129,3712729.85714
jor,20211130,3721980.42857
jor,20211201,3730432.42857
jor,20211202,3738578.71429
jor,20211203,3745346.28571
jor,20211204,3752001.42857
jor,20211205,3758468.85714
jor,20211206,3765107.14286
jor,20211207,3771676.85714
jor,20211208,3778250.71429
jor,20211209,3784774.14286
jor,20211210,3791341.14286
jor,20211211,3797697.57143
jor,20211212,3803915.42857
jor,20211213,3810836.42857
jor,20211215,3817593.57143
jor,20211216,3824415.85714
jor,20211217,3830484.42857
jor,20211218,3837089.85714
jor,20211219,3844169.28571
jor,20211220,3852208.14286
jor,20211222,3859171.71429
jor,20211223,3866406.42857
jor,20211224,3872823.42857
jor,20211226,3881069.28571
jor,20211227,3890787
jor,20211228,3900955.42857
jor,20220119,3938299.14286
jor,20220125,3981463.57143
jor,20220202,4032521
jor,20220206,4086891.14286
jor,20220209,4142128.71429
jor,20220215,4198421.85714
jor,20220223,4255952.85714
jor,20220302,4291320
jor,20220310,4323704.14286
jpn,20210310,35
jpn,20210311,239
jpn,20210312,1275.33333
jpn,20210315,2925.75
jpn,20210316,4210
jpn,20210317,5889.83333
jpn,20210318,7661.14286
jpn,20210319,11282
jpn,20210322,15380
jpn,20210323,19438.28571
jpn,20210324,23324.28571
jpn,20210325,27339
jpn,20210326,31184
jpn,20210329,37851
jpn,20210330,48051.57143
jpn,20210331,61830.28571
jpn,20210401,79693.28571
jpn,20210402,100875.85714
jpn,20210405,129846.71429
jpn,20210406,165747.28571
jpn,20210407,207421.71429
jpn,20210408,253769.71429
jpn,20210409,305946.71429
jpn,20210412,363676.42857
jpn,20210413,423339
jpn,20210414,480792.71429
jpn,20210415,535920.85714
jpn,20210416,587594.71429
jpn,20210417,630048.28571
jpn,20210418,662559.28571
jpn,20210419,692816.14286
jpn,20210420,721316.85714
jpn,20210421,747713.14286
jpn,20210422,772091.14286
jpn,20210423,794996.57143
jpn,20210424,817902
jpn,20210425,840807.42857
jpn,20210426,861904.85714
jpn,20210427,883474.85714
jpn,20210428,907555.14286
jpn,20210429,928513.28571
jpn,20210430,951979.57143
jpn,20210501,975445.85714
jpn,20210502,998912.14286
jpn,20210503,1016547.42857
jpn,20210504,1029847.28571
jpn,20210505,1036956.28571
jpn,20210506,1054176
jpn,20210507,1072147.71429
jpn,20210508,1091134.71429
jpn,20210509,1111253.42857
jpn,20210510,1144798.57143
jpn,20210511,1195311.14286
jpn,20210512,1266789.71429
jpn,20210513,1353057.71429
jpn,20210514,1458672.42857
jpn,20210515,1568115.71429
jpn,20210516,1679517.57143
jpn,20210517,1815341.85714
jpn,20210518,1965559.57143
jpn,20210519,2130042.85714
jpn,20210520,2288909.71429
jpn,20210521,2450276.42857
jpn,20210522,2613049
jpn,20210523,2776235
jpn,20210524,2930577.42857
jpn,20210525,3062409.42857
jpn,20210526,3167629.42857
jpn,20210527,3268440.14286
jpn,20210528,3357055
jpn,20210529,3447753.28571
jpn,20210530,3544207.85714
jpn,20210531,3644945.57143
jpn,20210601,3765515.42857
jpn,20210602,3909297
jpn,20210603,4069312.14286
jpn,20210604,4242209.42857
jpn,20210605,4424549.57143
jpn,20210606,4623068.28571
jpn,20210607,4833335.71429
jpn,20210608,5059414.42857
jpn,20210609,5306942.28571
jpn,20210610,5576607
jpn,20210611,5865961.85714
jpn,20210612,6176015.42857
jpn,20210613,6505501.28571
jpn,20210614,6865273.14286
jpn,20210615,7257487.57143
jpn,20210616,7680931.57143
jpn,20210617,8134739.42857
jpn,20210618,8618467.14286
jpn,20210619,9125726.57143
jpn,20210620,9650175.71429
jpn,20210621,10187450.71429
jpn,20210622,10739513
jpn,20210623,11303209.14286
jpn,20210624,11880593.14286
jpn,20210625,12476075.14286
jpn,20210626,13092503.28571
jpn,20210627,13723373
jpn,20210628,14367179.85714
jpn,20210629,15024952.85714
jpn,20210630,15690444.42857
jpn,20210701,16358301.14286
jpn,20210702,17029226.85714
jpn,20210703,17704139.71429
jpn,20210704,18381017.85714
jpn,20210705,19050569
jpn,20210706,19709735
jpn,20210707,20356390.14286
jpn,20210708,20994902.14286
jpn,20210709,21623708.42857
jpn,20210710,22254921
jpn,20210711,22898736.42857
jpn,20210712,23545775.71429
jpn,20210713,24192162.71429
jpn,20210714,24842721.14286
jpn,20210715,25493796.57143
jpn,20210716,26143542.42857
jpn,20210717,26796162
jpn,20210718,27453574
jpn,20210719,28105296.28571
jpn,20210720,28755234.71429
jpn,20210721,29408260.14286
jpn,20210722,30012419.28571
jpn,20210723,30559416.85714
jpn,20210724,31120778.42857
jpn,20210725,31685555.14286
jpn,20210726,32268509.42857
jpn,20210727,32866678.42857
jpn,20210728,33475141.14286
jpn,20210729,34144594
jpn,20210730,34883786.42857
jpn,20210731,35622276.57143
jpn,20210801,36333959.85714
jpn,20210802,37002718.71429
jpn,20210803,37627282.71429
jpn,20210804,38368547
jpn,20210805,39107708.28571
jpn,20210809,39991379.71429
jpn,20210810,41035221.85714
jpn,20210811,42113092.42857
jpn,20210812,43200112
jpn,20210815,44338799.42857
jpn,20210816,45335759.42857
jpn,20210817,46450130
jpn,20210818,47408257.85714
jpn,20210819,48176994.28571
jpn,20210822,49017588.14286
jpn,20210824,50115363.14286
jpn,20210826,51264057.28571
jpn,20210829,52535661.57143
jpn,20210830,53680436
jpn,20210831,54897293.42857
jpn,20210901,56116289.42857
jpn,20210902,57233107.85714
jpn,20210906,58163522.14286
jpn,20210907,59123868.28571
jpn,20210908,59956045
jpn,20210909,60771504
jpn,20210912,61624108.85714
jpn,20210913,62503267.71429
jpn,20210914,63423625.57143
jpn,20210915,64281765.14286
jpn,20210916,65025991
jpn,20210920,65927193
jpn,20210921,66892880
jpn,20210923,67786288.42857
jpn,20210926,68826251.71429
jpn,20210927,69880730.85714
jpn,20210928,70986872
jpn,20210929,72106830
jpn,20210930,73085346.28571
jpn,20211003,74131697.57143
jpn,20211004,75158939.71429
jpn,20211005,76068058.42857
jpn,20211006,76922511.71429
jpn,20211007,77720124.71429
jpn,20211010,78636933.57143
jpn,20211011,79543345.57143
jpn,20211012,80353020.71429
jpn,20211013,81122983.28571
jpn,20211014,81808472.42857
jpn,20211017,82589106
jpn,20211018,83358329.71429
jpn,20211019,84019280.14286
jpn,20211020,84657347.42857
jpn,20211021,85244147.42857
jpn,20211024,85937470.14286
jpn,20211025,86672002.28571
jpn,20211027,87314325.71429
jpn,20211028,88002481.42857
jpn,20211031,88736869.71429
jpn,20211101,89487693.28571
jpn,20211103,90240506.14286
jpn,20211104,90868038.42857
jpn,20211107,91520046
jpn,20211108,92149150.42857
jpn,20211109,92717703.28571
jpn,20211111,93197682.85714
jpn,20211114,93678002.42857
jpn,20211115,94151782.28571
jpn,20211116,94608793.57143
jpn,20211117,94973978
jpn,20211118,95302052.71429
jpn,20211121,95637193.42857
jpn,20211123,95940887.71429
jpn,20211124,96181959.57143
jpn,20211125,96381821.57143
jpn,20211128,96586580.28571
jpn,20211129,96788352.28571
jpn,20211130,96987481.57143
jpn,20211202,97141461.71429
jpn,20211205,97280052.14286
jpn,20211206,97416621.85714
jpn,20211208,97555364.42857
jpn,20211209,97662836.14286
jpn,20211212,97765577.71429
jpn,20211213,97858691.57143
jpn,20211214,97944383.85714
jpn,20211215,98016512
jpn,20211216,98080129.57143
jpn,20211220,98147106.28571
jpn,20211221,98213284.85714
jpn,20211222,98269398.71429
jpn,20211223,98321900.85714
jpn,20211227,98379769.14286
jpn,20211228,98446916.28571
jpn,20220110,98616994.57143
jpn,20220111,98773226.28571
jpn,20220112,98925378.85714
jpn,20220113,99075753
jpn,20220116,99230749
jpn,20220117,99374958.42857
jpn,20220118,99508076
jpn,20220119,99537050.28571
jpn,20220120,99562438.14286
jpn,20220123,99589218.28571
jpn,20220124,99613924.28571
jpn,20220125,99631368.28571
jpn,20220126,99648635.57143
jpn,20220127,99665335.42857
jpn,20220130,99685543.28571
jpn,20220131,99707626.57143
jpn,20220201,99731434.14286
jpn,20220202,99755678.42857
jpn,20220203,99779992.14286
jpn,20220206,99808786.85714
jpn,20220207,99838178.42857
jpn,20220208,99863810.85714
jpn,20220209,99887094.42857
jpn,20220213,99911169.85714
jpn,20220214,99935950.14286
jpn,20220215,99961576
jpn,20220216,99983046
jpn,20220217,100004173.57143
jpn,20220220,100028896.28571
jpn,20220221,100054456
jpn,20220224,100081026.42857
jpn,20220227,100111333.28571
jpn,20220228,100142425.71429
jpn,20220302,100176788
jpn,20220303,100210977.57143
jpn,20220306,100242899
jpn,20220307,100274438.71429
jpn,20220308,100301142.28571
jpn,20220309,100322980.85714
jpn,20220310,100343454.28571
jpn,20220313,100363251.71429
jpn,20220314,100383681.85714
jpn,20220315,100401238
jpn,20220316,100417608.85714
jpn,20220317,100433476.71429
jpn,20220321,100452014.14286
jpn,20220322,100471106.42857
jpn,20220323,100487066.14286
jpn,20220324,100501697.85714
kaz,20210224,2137
kaz,20210315,10472
kaz,20210318,13397
kaz,20210410,35775
kaz,20210412,49698.4
kaz,20210418,61903
kaz,20210421,71138.28571
kaz,20210422,89776.28571
kaz,20210424,107552.28571
kaz,20210427,131164.28571
kaz,20210428,154528.28571
kaz,20210504,189111.42857
kaz,20210505,237297.71429
kaz,20210507,294074.14286
kaz,20210511,374880.57143
kaz,20210514,457632.71429
kaz,20210515,537537.71429
kaz,20210516,607183.42857
kaz,20210517,665981.28571
kaz,20210518,711426.42857
kaz,20210519,751155.71429
kaz,20210520,770156.28571
kaz,20210521,790586.71429
kaz,20210522,813352.28571
kaz,20210523,836772.28571
kaz,20210524,860254
kaz,20210525,884747.71429
kaz,20210526,909288.14286
kaz,20210527,936409.28571
kaz,20210529,961690
kaz,20210531,983503.57143
kaz,20210601,1005937.42857
kaz,20210602,1030634.42857
kaz,20210603,1054658.71429
kaz,20210604,1078709.85714
kaz,20210605,1099414.28571
kaz,20210606,1118988.85714
kaz,20210607,1137780.85714
kaz,20210608,1157507.57143
kaz,20210609,1178090.57143
kaz,20210610,1198987
kaz,20210611,1221191.42857
kaz,20210612,1246624.14286
kaz,20210613,1273994.42857
kaz,20210614,1302075.14286
kaz,20210615,1333831.28571
kaz,20210616,1368105.28571
kaz,20210617,1405742.42857
kaz,20210618,1445918.42857
kaz,20210619,1486176.42857
kaz,20210620,1526511.71429
kaz,20210621,1567083.57143
kaz,20210622,1607143
kaz,20210623,1646237.28571
kaz,20210624,1684193.42857
kaz,20210625,1720014.71429
kaz,20210626,1754816.85714
kaz,20210627,1788756.71429
kaz,20210628,1822618.14286
kaz,20210629,1856707
kaz,20210630,1891939.42857
kaz,20210701,1927114
kaz,20210702,1963724.85714
kaz,20210703,2001647.28571
kaz,20210704,2042104.28571
kaz,20210705,2082920.85714
kaz,20210706,2120140.14286
kaz,20210707,2153778.14286
kaz,20210708,2188655.14286
kaz,20210709,2224383.71429
kaz,20210710,2260786.28571
kaz,20210711,2296237.28571
kaz,20210712,2332228.28571
kaz,20210713,2371601.14286
kaz,20210714,2415285.57143
kaz,20210715,2460106.14286
kaz,20210717,2516633
kaz,20210718,2571369.85714
kaz,20210719,2625081.57143
kaz,20210720,2686848.42857
kaz,20210721,2746404.57143
kaz,20210722,2810741.85714
kaz,20210723,2879085
kaz,20210724,2941825.85714
kaz,20210725,3007412.28571
kaz,20210726,3074033
kaz,20210727,3142872.57143
kaz,20210728,3218473.57143
kaz,20210729,3296087
kaz,20210730,3375538.42857
kaz,20210731,3455542.28571
kaz,20210801,3536665.14286
kaz,20210802,3618430.57143
kaz,20210803,3701999.28571
kaz,20210804,3789405.85714
kaz,20210805,3877043.14286
kaz,20210806,3962634.14286
kaz,20210807,4045629.42857
kaz,20210808,4125115.14286
kaz,20210809,4203087.42857
kaz,20210810,4275029.28571
kaz,20210811,4340343.42857
kaz,20210812,4399610.85714
kaz,20210813,4454617.85714
kaz,20210814,4505513.57143
kaz,20210815,4554629.57143
kaz,20210816,4602488.71429
kaz,20210817,4648810.85714
kaz,20210818,4693657.28571
kaz,20210819,4737054.57143
kaz,20210820,4779475
kaz,20210821,4821555.14286
kaz,20210822,4863719.85714
kaz,20210823,4905888.57143
kaz,20210824,4948867.28571
kaz,20210825,4992216.71429
kaz,20210826,5032949.57143
kaz,20210827,5077811
kaz,20210828,5123683.57143
kaz,20210829,5169664.71429
kaz,20210830,5216231.14286
kaz,20210831,5258400.28571
kaz,20210901,5303440.71429
kaz,20210902,5353426.42857
kaz,20210903,5400921.57143
kaz,20210904,5448291
kaz,20210905,5495381.71429
kaz,20210906,5541620
kaz,20210907,5590986.85714
kaz,20210908,5636344.14286
kaz,20210909,5678236.85714
kaz,20210910,5717517.42857
kaz,20210911,5754062.71429
kaz,20210912,5789330.14286
kaz,20210913,5824099.14286
kaz,20210914,5857451
kaz,20210915,5889810.14286
kaz,20210916,5921685.28571
kaz,20210917,5953838.57143
kaz,20210918,5987740.14286
kaz,20210919,6023460.42857
kaz,20210920,6059899.57143
kaz,20210921,6096527.85714
kaz,20210922,6134342.14286
kaz,20210923,6172943.71429
kaz,20210924,6211309.71429
kaz,20210925,6248521.42857
kaz,20210926,6284255.42857
kaz,20210927,6319533.28571
kaz,20210928,6355463.71429
kaz,20210929,6391684
kaz,20210930,6428257.71429
kaz,20211001,6466158.71429
kaz,20211002,6504233.42857
kaz,20211003,6542150
kaz,20211004,6579844.28571
kaz,20211005,6617321.14286
kaz,20211006,6653848.71429
kaz,20211007,6686851
kaz,20211008,6720414.85714
kaz,20211009,6753162.85714
kaz,20211010,6785906.85714
kaz,20211011,6818671.71429
kaz,20211012,6851193.42857
kaz,20211013,6883594.42857
kaz,20211014,6918750.28571
kaz,20211015,6951757.71429
kaz,20211016,6985019.14286
kaz,20211017,7017850.14286
kaz,20211018,7050298.85714
kaz,20211019,7082346.71429
kaz,20211020,7113751.57143
kaz,20211021,7144225.57143
kaz,20211022,7174267.14286
kaz,20211023,7203260.42857
kaz,20211024,7231882.85714
kaz,20211025,7260551.85714
kaz,20211026,7288181.85714
kaz,20211027,7315354.14286
kaz,20211028,7341852.71429
kaz,20211029,7367482.85714
kaz,20211030,7392181
kaz,20211031,7416842.42857
kaz,20211101,7441298.28571
kaz,20211102,7465140.57143
kaz,20211103,7488981
kaz,20211104,7512899.85714
kaz,20211105,7537316.42857
kaz,20211106,7562704.85714
kaz,20211107,7587775
kaz,20211108,7612667.71429
kaz,20211109,7637716.42857
kaz,20211110,7661687.42857
kaz,20211111,7685193.28571
kaz,20211112,7707658
kaz,20211113,7728946.57143
kaz,20211114,7749620.42857
kaz,20211115,7770071.14286
kaz,20211116,7789805.14286
kaz,20211117,7809377.57143
kaz,20211118,7828190.42857
kaz,20211119,7846892.14286
kaz,20211120,7865334.85714
kaz,20211121,7883649
kaz,20211122,7901993.28571
kaz,20211124,7920431
kaz,20211125,7940966
kaz,20211126,7960942.14286
kaz,20211127,7980106.57143
kaz,20211128,7997837.57143
kaz,20211129,8014788.85714
kaz,20211130,8031919
kaz,20211201,8051279
kaz,20211202,8066354.85714
kaz,20211203,8083040
kaz,20211204,8100688
kaz,20211205,8118342.57143
kaz,20211206,8136063.42857
kaz,20211207,8155663.71429
kaz,20211208,8172568.71429
kaz,20211209,8191052.57143
kaz,20211210,8208090.28571
kaz,20211211,8224059
kaz,20211212,8239634.42857
kaz,20211213,8255071.42857
kaz,20211214,8274538.28571
kaz,20211217,8291929.85714
kaz,20211218,8307361.57143
kaz,20211219,8321477.14286
kaz,20211220,8333658
kaz,20211221,8347379.85714
kaz,20211222,8363116.42857
kaz,20211223,8374024.14286
kaz,20211224,8386509.85714
kaz,20211225,8400238.28571
kaz,20211226,8413938.57143
kaz,20211227,8427669.57143
kaz,20211228,8440708.71429
kaz,20211229,8453265.71429
kaz,20211230,8465623.71429
kaz,20211231,8477362.85714
kaz,20220101,8487855
kaz,20220102,8497859.28571
kaz,20220103,8507574.28571
kaz,20220104,8515820.28571
kaz,20220105,8524769.71429
kaz,20220111,8532495.71429
kaz,20220112,8540097.71429
kaz,20220113,8549344.71429
kaz,20220114,8559705.85714
kaz,20220115,8571437.28571
kaz,20220116,8583711.57143
kaz,20220117,8593661.85714
kaz,20220118,8604279.42857
kaz,20220119,8614953.57143
kaz,20220120,8624903.57143
kaz,20220121,8634853.71429
kaz,20220122,8644778.14286
kaz,20220123,8654525
kaz,20220124,8664421.57143
kaz,20220125,8674730.42857
kaz,20220126,8684995.28571
kaz,20220127,8695167.28571
kaz,20220128,8704918.28571
kaz,20220130,8715353.28571
kaz,20220131,8725340.14286
kaz,20220201,8736286.57143
kaz,20220202,8746634.14286
kaz,20220203,8756675.57143
kaz,20220204,8767678.57143
kaz,20220206,8778012.71429
kaz,20220207,8786512.42857
kaz,20220208,8796128
kaz,20220209,8805567
kaz,20220210,8815371.14286
kaz,20220211,8825351.71429
kaz,20220212,8834252.85714
kaz,20220213,8843286.42857
kaz,20220214,8852464.57143
kaz,20220215,8861373
kaz,20220216,8870268.71429
kaz,20220217,8878819.85714
kaz,20220218,8887410.85714
kaz,20220219,8895753.71429
kaz,20220221,8904478.71429
kaz,20220222,8913836.71429
kaz,20220223,8923383.57143
kaz,20220224,8932951.28571
kaz,20220225,8942751.71429
kaz,20220226,8952236.57143
kaz,20220227,8960495.85714
kaz,20220228,8968330.28571
kaz,20220301,8975525.85714
kaz,20220302,8982730.28571
kaz,20220303,8989629.85714
kaz,20220307,8999209.28571
kaz,20220309,9007873.71429
kaz,20220310,9016771.14286
kaz,20220311,9026122.71429
kaz,20220312,9036132.57143
kaz,20220313,9045872.57143
kaz,20220314,9055118.28571
kaz,20220315,9060646.42857
kaz,20220316,9066984.85714
kaz,20220317,9074153.42857
kaz,20220318,9081521.57143
kaz,20220319,9088623.42857
kaz,20220320,9095693.57143
kaz,20220321,9102411.57143
kaz,20220323,9109325.85714
kaz,20220324,9115217.14286
kaz,20220325,9120508.42857
ken,20210531,203
ken,20210602,337
ken,20210603,686.66667
ken,20210604,1150.25
ken,20210605,2244.6
ken,20210606,3234
ken,20210607,4656.85714
ken,20210608,8539.57143
ken,20210609,15685.14286
ken,20210610,26459.57143
ken,20210611,41818.28571
ken,20210613,58911.85714
ken,20210614,76135.14286
ken,20210615,95582.57143
ken,20210616,115179.57143
ken,20210617,132501.42857
ken,20210618,147300.57143
ken,20210619,158288.28571
ken,20210620,167157.85714
ken,20210621,176207.71429
ken,20210622,182657.57143
ken,20210623,188278.14286
ken,20210624,195468.85714
ken,20210626,209313.28571
ken,20210627,223357.71429
ken,20210628,237848.57143
ken,20210629,257385
ken,20210630,282526.42857
ken,20210701,311418
ken,20210702,341657.28571
ken,20210703,366715.28571
ken,20210704,391159.14286
ken,20210707,419717.85714
ken,20210708,444212.57143
ken,20210709,463449.57143
ken,20210711,478589.71429
ken,20210712,490763.71429
ken,20210713,500621.14286
ken,20210714,511779.28571
ken,20210715,523586.42857
ken,20210717,535113.85714
ken,20210718,546152
ken,20210720,558008.71429
ken,20210721,568985.71429
ken,20210722,581084.85714
ken,20210723,592860.71429
ken,20210724,600297
ken,20210725,606629.71429
ken,20210726,612813.85714
ken,20210727,618232.14286
ken,20210728,624609.28571
ken,20210729,631177.71429
ken,20210730,636513.14286
ken,20210801,641895.14286
ken,20210802,647195.85714
ken,20210803,653012.71429
ken,20210804,658331.57143
ken,20210805,663189
ken,20210806,667776.57143
ken,20210807,673693.71429
ken,20210809,678953.14286
ken,20210810,685849.42857
ken,20210811,693675.28571
ken,20210812,702158.57143
ken,20210813,711285.28571
ken,20210814,719811
ken,20210815,727036.28571
ken,20210816,734030.85714
ken,20210818,741203.57143
ken,20210819,747835.42857
ken,20210820,754035.42857
ken,20210821,759824.42857
ken,20210822,764994.57143
ken,20210823,769983.14286
ken,20210824,775479.28571
ken,20210825,779818.57143
ken,20210826,783759.71429
ken,20210827,787435.71429
ken,20210828,790667.71429
ken,20210829,793829.71429
ken,20210830,796935.28571
ken,20210831,799541.42857
ken,20210901,801699.85714
ken,20210902,803481.28571
ken,20210903,804992.85714
ken,20210904,806374.57143
ken,20210905,807751.71429
ken,20210906,809235.42857
ken,20210907,810634.28571
ken,20210908,812178
ken,20210910,814406.57143
ken,20210912,817061.42857
ken,20210913,819607.42857
ken,20210915,823380.85714
ken,20210916,827780.57143
ken,20210917,833001.57143
ken,20210918,838738.71429
ken,20210920,843909.14286
ken,20210921,849220.14286
ken,20210922,855268
ken,20210923,860618
ken,20210924,865968.42857
ken,20210925,871088.14286
ken,20210926,875618.57143
ken,20210927,879882.14286
ken,20210928,883957.71429
ken,20210929,887848.85714
ken,20210930,891975.85714
ken,20211001,896628.14286
ken,20211002,902239.14286
ken,20211003,908012.85714
ken,20211004,913933.14286
ken,20211005,921629.28571
ken,20211006,931486.42857
ken,20211007,947631.28571
ken,20211009,966734.57143
ken,20211012,985171.14286
ken,20211015,1024123.85714
ken,20211016,1063873.42857
ken,20211017,1102363.14286
ken,20211018,1143046.14286
ken,20211019,1182637.14286
ken,20211020,1221090.28571
ken,20211022,1272391.57143
ken,20211023,1304358.42857
ken,20211024,1336040
ken,20211025,1374307.14286
ken,20211026,1410748.28571
ken,20211027,1446508.57143
ken,20211028,1484643
ken,20211029,1514211.14286
ken,20211030,1542964
ken,20211031,1571855.14286
ken,20211101,1598659.85714
ken,20211103,1631510.85714
ken,20211104,1665344.42857
ken,20211105,1700365.57143
ken,20211106,1731199.85714
ken,20211108,1767694.42857
ken,20211109,1809491.14286
ken,20211111,1860899.14286
ken,20211114,1914181.71429
ken,20211115,1970756.28571
ken,20211117,2038167.14286
ken,20211118,2111266.42857
ken,20211120,2185446.14286
ken,20211123,2268975.71429
ken,20211124,2343893.57143
ken,20211125,2414348.42857
ken,20211126,2481513.71429
ken,20211128,2533404.42857
ken,20211129,2584941.42857
ken,20211130,2636070.14286
ken,20211202,2688508.42857
ken,20211203,2741922
ken,20211205,2792106.85714
ken,20211206,2842609.28571
ken,20211207,2898538.14286
ken,20211208,2956761.14286
ken,20211209,3016519.28571
ken,20211210,3067683.57143
ken,20211211,3113546.14286
ken,20211212,3157227.28571
ken,20211214,3206314.71429
ken,20211216,3267448.42857
ken,20211219,3335306.85714
ken,20211222,3430887.14286
ken,20211223,3520489
ken,20211225,3617031.42857
ken,20211226,3714020
ken,20211227,3801446.42857
ken,20211228,3877893.42857
ken,20211229,3948527.57143
ken,20211230,3992618.42857
ken,20220101,4043060.57143
ken,20220102,4085254
ken,20220103,4132549.85714
ken,20220104,4184499.14286
ken,20220105,4231399.57143
ken,20220106,4278014.42857
ken,20220107,4322704.28571
ken,20220108,4360279.42857
ken,20220109,4397950
ken,20220110,4435556.85714
ken,20220111,4473083.85714
ken,20220112,4515529.42857
ken,20220118,4574930.57143
ken,20220120,4643039.28571
ken,20220121,4719180.85714
ken,20220122,4802815
ken,20220123,4881262.71429
ken,20220124,4953526.57143
ken,20220125,5024472.57143
ken,20220126,5070436
ken,20220127,5113987.42857
ken,20220128,5155291.85714
ken,20220129,5199317.42857
ken,20220130,5251370.85714
ken,20220131,5314400
ken,20220201,5386421.14286
ken,20220202,5474190.28571
ken,20220203,5566213.57143
ken,20220204,5670612.14286
ken,20220205,5781771
ken,20220206,5897059
ken,20220207,6014311.42857
ken,20220208,6128113.28571
ken,20220209,6239481.71429
ken,20220210,6348637.28571
ken,20220211,6454295.28571
ken,20220212,6557587.14286
ken,20220213,6658193.42857
ken,20220216,6788240
ken,20220217,6912795.14286
ken,20220219,7029543.42857
ken,20220220,7131186.57143
ken,20220221,7221309.57143
ken,20220222,7301261.42857
ken,20220224,7381691.42857
ken,20220225,7424262.14286
ken,20220226,7462303.71429
ken,20220227,7496040.42857
ken,20220228,7534268.28571
ken,20220301,7572226
ken,20220302,7609126.57143
ken,20220303,7638451.71429
ken,20220304,7665891.85714
ken,20220305,7691385.28571
ken,20220306,7714773.28571
ken,20220307,7736122.28571
ken,20220310,7767905.42857
ken,20220311,7800808.57143
ken,20220312,7830906
ken,20220313,7858325.28571
ken,20220314,7889563
ken,20220317,7931535.57143
ken,20220318,7973560.28571
ken,20220319,8002215.71429
kgz,20210428,858
kgz,20210511,3434
kgz,20210609,18089.33333
kgz,20210623,32017
kgz,20210727,48117
kgz,20210728,59127.16667
kgz,20210729,67189.85714
kgz,20210730,83693
kgz,20210731,99471
kgz,20210801,109458.28571
kgz,20210802,116092
kgz,20210803,118861.85714
kgz,20210804,122214
kgz,20210805,127070.85714
kgz,20210806,133725.42857
kgz,20210807,141490.71429
kgz,20210808,150313.42857
kgz,20210809,161078.71429
kgz,20210810,172886.28571
kgz,20210811,186628.85714
kgz,20210812,200002.14286
kgz,20210813,213454.14286
kgz,20210814,226392.28571
kgz,20210815,239728.57143
kgz,20210816,252633.28571
kgz,20210817,264815.42857
kgz,20210818,276116.42857
kgz,20210819,289144
kgz,20210820,301969.14286
kgz,20210821,315045.71429
kgz,20210822,327620.42857
kgz,20210823,340474.57143
kgz,20210825,355264.57143
kgz,20210826,370393.14286
kgz,20210827,383936.28571
kgz,20210828,396079.85714
kgz,20210829,408724.28571
kgz,20210830,420446
kgz,20210831,431478.14286
kgz,20210901,439654.42857
kgz,20210902,446930.71429
kgz,20210903,453387
kgz,20210904,459797.42857
kgz,20210905,465535.42857
kgz,20210906,472367.28571
kgz,20210907,478257.85714
kgz,20210909,485915.71429
kgz,20210910,492777.57143
kgz,20210911,499082.42857
kgz,20210912,506103.28571
kgz,20210913,513082.57143
kgz,20210914,520244.28571
kgz,20210915,528250.85714
kgz,20210916,533863.42857
kgz,20210917,539910.71429
kgz,20210918,546104
kgz,20210919,551827.28571
kgz,20210920,557679.85714
kgz,20210921,562809.85714
kgz,20210922,567394.14286
kgz,20210923,572521.42857
kgz,20210924,577137.57143
kgz,20210925,581625.14286
kgz,20210926,586271
kgz,20210927,590973.14286
kgz,20210928,595961.28571
kgz,20210929,600881.85714
kgz,20210930,605588.14286
kgz,20211001,610360.85714
kgz,20211002,615173.14286
kgz,20211003,620108.71429
kgz,20211004,624881.42857
kgz,20211005,629353.85714
kgz,20211006,633583.85714
kgz,20211007,637705.28571
kgz,20211008,641864.57143
kgz,20211009,646020.14286
kgz,20211010,649735
kgz,20211011,653465.85714
kgz,20211012,657222
kgz,20211013,661015
kgz,20211014,664957
kgz,20211015,669068.28571
kgz,20211016,673207.14286
kgz,20211017,677269
kgz,20211018,681628.71429
kgz,20211019,686378.57143
kgz,20211020,690958
kgz,20211021,695375.85714
kgz,20211022,699532.85714
kgz,20211023,703771.57143
kgz,20211024,708034
kgz,20211025,711960.14286
kgz,20211026,715559.42857
kgz,20211027,719570
kgz,20211028,724143.28571
kgz,20211029,729049.71429
kgz,20211030,733843.57143
kgz,20211031,739170.85714
kgz,20211101,744349.14286
kgz,20211102,749880.42857
kgz,20211103,755312.42857
kgz,20211104,760173.14286
kgz,20211105,765187.42857
kgz,20211106,770228.57143
kgz,20211107,774540
kgz,20211108,778598.71429
kgz,20211109,782257.57143
kgz,20211110,785955.57143
kgz,20211111,790472.71429
kgz,20211112,794841.14286
kgz,20211113,799119.71429
kgz,20211114,803875.14286
kgz,20211115,809299.71429
kgz,20211116,814919.71429
kgz,20211117,820621.85714
kgz,20211118,825325.28571
kgz,20211119,830133.14286
kgz,20211120,834981.85714
kgz,20211121,840021.14286
kgz,20211122,845028.42857
kgz,20211123,850041
kgz,20211124,854783.14286
kgz,20211125,860204.85714
kgz,20211126,865126.71429
kgz,20211127,870210
kgz,20211129,875612.71429
kgz,20211130,880707.14286
kgz,20211201,885614.42857
kgz,20211202,890555
kgz,20211203,894819.28571
kgz,20211205,899538.28571
kgz,20211206,904666.42857
kgz,20211207,909204.28571
kgz,20211208,913947
kgz,20211209,918346.28571
kgz,20211210,922813.42857
kgz,20211211,926918.42857
kgz,20211212,930677.71429
kgz,20211213,934583.14286
kgz,20211214,938587
kgz,20211221,945305.71429
kgz,20211222,952105.57143
kgz,20211223,958656.42857
kgz,20211224,965705.28571
kgz,20211225,972273.71429
kgz,20211226,978243.14286
kgz,20211227,983956.71429
kgz,20220201,1000751.85714
kgz,20220202,1017333.42857
kgz,20220203,1033813.71429
kgz,20220204,1049971.28571
kgz,20220205,1066149.57143
kgz,20220206,1082203
kgz,20220207,1098285.14286
kgz,20220208,1100243
kgz,20220209,1102305.14286
kgz,20220210,1104719
kgz,20220211,1107438.14286
kgz,20220212,1110289.71429
kgz,20220213,1113216.57143
kgz,20220214,1116102.85714
kgz,20220215,1118846.85714
kgz,20220216,1121744.71429
kgz,20220217,1124504.57143
kgz,20220218,1127251.71429
kgz,20220219,1129906.14286
kgz,20220220,1132634.28571
kgz,20220221,1135398.14286
kgz,20220222,1138051
kgz,20220223,1140593
kgz,20220224,1143226.14286
kgz,20220225,1145802.57143
kgz,20220226,1148373.42857
kgz,20220227,1151060.28571
kgz,20220228,1154002.28571
kgz,20220301,1157355
kgz,20220302,1161060.85714
kgz,20220303,1164853.85714
kgz,20220304,1168470.28571
kgz,20220305,1172034.85714
kgz,20220306,1175540.71429
kgz,20220307,1178419
kgz,20220308,1181178.71429
kgz,20220309,1183720.85714
kgz,20220310,1186297.28571
kgz,20220311,1188857.28571
kgz,20220312,1191436
kgz,20220314,1194560.57143
kgz,20220315,1198055.71429
kgz,20220316,1201397.28571
kgz,20220317,1204716.57143
kgz,20220318,1207681.28571
kgz,20220319,1210385.42857
kgz,20220320,1213066.28571
kgz,20220321,1215233.14286
kgz,20220322,1217525
kgz,20220323,1220094.57143
kgz,20220324,1222387.57143
kgz,20220325,1224491.42857
khm,20210224,64
khm,20210225,203
khm,20210226,338
khm,20210228,623
khm,20210301,965
khm,20210302,1783.16667
khm,20210303,2939.14286
khm,20210304,4520.71429
khm,20210305,6479.71429
khm,20210306,8676.14286
khm,20210307,10974.28571
khm,20210308,13921.14286
khm,20210309,17888.57143
khm,20210310,22175.14286
khm,20210311,27372.28571
khm,20210312,32869
khm,20210313,38697.71429
khm,20210314,44416
khm,20210315,49723.71429
khm,20210316,55645.71429
khm,20210317,63442.42857
khm,20210319,74425
khm,20210320,86132.14286
khm,20210321,98046.28571
khm,20210322,110861.85714
khm,20210323,124371
khm,20210324,137059.28571
khm,20210325,148927
khm,20210326,158434.28571
khm,20210327,168513.85714
khm,20210328,178774
khm,20210329,189187.28571
khm,20210330,199533.57143
khm,20210331,210190.42857
khm,20210401,219361.57143
khm,20210402,227130.28571
khm,20210403,233207.42857
khm,20210404,238412.57143
khm,20210405,242853.28571
khm,20210406,246573.71429
khm,20210407,248946.14286
khm,20210408,251189.57143
khm,20210409,253409.42857
khm,20210410,256035.28571
khm,20210411,258826.71429
khm,20210412,261747.42857
khm,20210413,265073.42857
khm,20210414,268411.14286
khm,20210415,272419.28571
khm,20210416,278002.85714
khm,20210417,283138.14286
khm,20210418,287985.85714
khm,20210419,303622.28571
khm,20210420,326024.57143
khm,20210421,356945
khm,20210422,396812.85714
khm,20210423,444501.57143
khm,20210424,499168.28571
khm,20210425,560653.14286
khm,20210426,617290.71429
khm,20210427,672357.71429
khm,20210429,731891.85714
khm,20210430,786271.28571
khm,20210501,834431.14286
khm,20210502,877317.85714
khm,20210503,916107.71429
khm,20210504,951842.57143
khm,20210505,983982.28571
khm,20210506,1008127.28571
khm,20210507,1030577.42857
khm,20210508,1050147.71429
khm,20210509,1068168.71429
khm,20210510,1084374.85714
khm,20210511,1098080.42857
khm,20210512,1110348
khm,20210513,1118237.57143
khm,20210514,1123707.14286
khm,20210515,1129441.57143
khm,20210516,1140056.71429
khm,20210517,1156577.85714
khm,20210518,1179352.57143
khm,20210519,1208792.71429
khm,20210520,1245402.85714
khm,20210521,1289193.28571
khm,20210522,1341486.14286
khm,20210523,1396476.57143
khm,20210524,1455628.85714
khm,20210525,1514972
khm,20210526,1574348.85714
khm,20210527,1632815.42857
khm,20210528,1692387.71429
khm,20210529,1750864
khm,20210530,1806746.71429
khm,20210531,1855493.85714
khm,20210601,1901749.71429
khm,20210602,1945583.85714
khm,20210603,1987458.85714
khm,20210604,2025273.42857
khm,20210605,2058946.28571
khm,20210606,2090797
khm,20210607,2121585.57143
khm,20210608,2151986.42857
khm,20210609,2183622.57143
khm,20210610,2217743
khm,20210611,2254681.71429
khm,20210612,2294733
khm,20210613,2338245.71429
khm,20210614,2385892.85714
khm,20210615,2436748.85714
khm,20210616,2485876.14286
khm,20210617,2529617.85714
khm,20210618,2569555.71429
khm,20210619,2607106.28571
khm,20210620,2641890.14286
khm,20210621,2673021.57143
khm,20210622,2696829.57143
khm,20210623,2716215
khm,20210624,2733810.57143
khm,20210625,2754677.85714
khm,20210626,2774802.57143
khm,20210627,2796093.57143
khm,20210628,2822229.28571
khm,20210629,2855884
khm,20210630,2897275.57143
khm,20210701,2946013.85714
khm,20210702,2996495.85714
khm,20210703,3050488.85714
khm,20210704,3107203.42857
khm,20210705,3163144.28571
khm,20210706,3217902.57143
khm,20210707,3273906.14286
khm,20210708,3333631.28571
khm,20210709,3399670.14286
khm,20210710,3470213.28571
khm,20210711,3544199.85714
khm,20210712,3620848.71429
khm,20210713,3702466.42857
khm,20210714,3782728.71429
khm,20210715,3856227.14286
khm,20210716,3919752.85714
khm,20210717,3976184.42857
khm,20210718,4024003.71429
khm,20210719,4065363.57143
khm,20210720,4100781.14286
khm,20210721,4136642
khm,20210722,4174988
khm,20210723,4216369
khm,20210724,4262265.57143
khm,20210725,4312355
khm,20210726,4367305.57143
khm,20210727,4423169.14286
khm,20210728,4476434.28571
khm,20210729,4528723.14286
khm,20210730,4581080.85714
khm,20210731,4631410.71429
khm,20210801,4683634
khm,20210802,4740818.85714
khm,20210803,4809429.28571
khm,20210804,4892781.71429
khm,20210805,4997285.14286
khm,20210806,5121325.57143
khm,20210807,5269534.14286
khm,20210808,5437018.14286
khm,20210809,5622620.28571
khm,20210810,5818551.42857
khm,20210811,6022249.14286
khm,20210812,6224153.42857
khm,20210813,6419839.14286
khm,20210814,6604870.85714
khm,20210815,6780758.71429
khm,20210816,6941411.28571
khm,20210817,7090031.28571
khm,20210818,7224559.71429
khm,20210819,7345481.85714
khm,20210820,7455513.42857
khm,20210821,7553602.14286
khm,20210822,7642757.71429
khm,20210823,7728842.85714
khm,20210824,7810719
khm,20210825,7889684.85714
khm,20210826,7967106.85714
khm,20210827,8043895.57143
khm,20210828,8121025
khm,20210829,8194936.14286
khm,20210830,8265075.42857
khm,20210831,8332750.71429
khm,20210901,8399075.57143
khm,20210902,8465090.42857
khm,20210903,8529538.57143
khm,20210904,8605863.42857
khm,20210905,8682539
khm,20210906,8760114.71429
khm,20210907,8839215
khm,20210908,8920563
khm,20210909,9004454.85714
khm,20210910,9093575
khm,20210911,9174558.28571
khm,20210912,9258903.28571
khm,20210913,9349351.71429
khm,20210914,9446992.42857
khm,20210915,9550746.71429
khm,20210916,9657999.57143
khm,20210917,9767198.71429
khm,20210918,9877644.14286
khm,20210919,9989736.14286
khm,20210920,10100946.28571
khm,20210921,10210200.71429
khm,20210922,10315048.28571
khm,20210923,10415406
khm,20210924,10509586.14286
khm,20210925,10598023
khm,20210926,10680888.42857
khm,20210927,10756103.57143
khm,20210928,10821431.14286
khm,20210929,10878704.14286
khm,20210930,10929237.71429
khm,20211001,10973715.85714
khm,20211002,11012143.57143
khm,20211003,11045718.85714
khm,20211004,11073183.71429
khm,20211005,11094696
khm,20211006,11110499.28571
khm,20211007,11121311.85714
khm,20211008,11135214.85714
khm,20211009,11166730.57143
khm,20211010,11220920.28571
khm,20211011,11305615.71429
khm,20211012,11420716.14286
khm,20211013,11562913.42857
khm,20211014,11728931.71429
khm,20211015,11907536.28571
khm,20211016,12081209.57143
khm,20211017,12241029.14286
khm,20211018,12382502.57143
khm,20211019,12504807.57143
khm,20211020,12608424
khm,20211021,12694691.57143
khm,20211022,12767336.28571
khm,20211023,12828171.71429
khm,20211024,12881173.42857
khm,20211025,12923288.57143
khm,20211026,12954990.28571
khm,20211027,12979208.71429
khm,20211028,12998300.57143
khm,20211029,13013292.28571
khm,20211030,13025995.14286
khm,20211031,13037076.28571
khm,20211101,13047303.71429
khm,20211102,13058405.42857
khm,20211103,13070529.71429
khm,20211104,13083005.57143
khm,20211105,13095611.85714
khm,20211107,13108896
khm,20211108,13122864.42857
khm,20211109,13135592.42857
khm,20211110,13147685.71429
khm,20211111,13159174.42857
khm,20211112,13170113.42857
khm,20211113,13179854.28571
khm,20211114,13187664.42857
khm,20211115,13193916.71429
khm,20211116,13201811.28571
khm,20211117,13208969.14286
khm,20211118,13214872.71429
khm,20211119,13219641.71429
khm,20211120,13224118.71429
khm,20211121,13228551
khm,20211122,13234111.85714
khm,20211123,13238419.14286
khm,20211124,13242839.71429
khm,20211125,13248174.85714
khm,20211126,13254547.85714
khm,20211127,13261186.28571
khm,20211128,13268383
khm,20211129,13278979.14286
khm,20211130,13292683.71429
khm,20211201,13310038.28571
khm,20211202,13330720.28571
khm,20211203,13353496
khm,20211204,13378576.28571
khm,20211205,13404347.85714
khm,20211206,13428608
khm,20211207,13450565
khm,20211208,13470163
khm,20211209,13487164.42857
khm,20211210,13502057.42857
khm,20211211,13514771.14286
khm,20211212,13526560
khm,20211213,13536419.57143
khm,20211214,13545520.42857
khm,20211215,13553364.28571
khm,20211217,13561243.57143
khm,20211218,13568267.28571
khm,20211219,13574951.85714
khm,20211220,13582272.14286
khm,20211221,13588952.71429
khm,20211222,13595122.57143
khm,20211223,13600855.85714
khm,20211224,13605640.14286
khm,20211225,13610454.85714
khm,20211226,13615247.71429
khm,20211227,13620866.85714
khm,20211228,13626472.57143
khm,20211229,13632002.71429
khm,20211230,13637614.71429
khm,20211231,13642898.42857
khm,20220101,13648046.14286
khm,20220102,13653112.28571
khm,20220103,13657173.71429
khm,20220104,13661051.42857
khm,20220105,13664737.28571
khm,20220106,13668269.14286
khm,20220107,13671504.57143
khm,20220108,13674821.14286
khm,20220109,13678272.57143
khm,20220110,13681640.57143
khm,20220111,13684987.14286
khm,20220112,13688319
khm,20220114,13692097.14286
khm,20220115,13695951.42857
khm,20220116,13699888
khm,20220117,13704261.57143
khm,20220118,13708499.14286
khm,20220119,13712519
khm,20220120,13716539.85714
khm,20220121,13720010.42857
khm,20220122,13723530.57143
khm,20220123,13726990.85714
khm,20220124,13730351.42857
khm,20220125,13733664.71429
khm,20220126,13737075.42857
khm,20220127,13740445.28571
khm,20220128,13743997.14286
khm,20220129,13747456.14286
khm,20220130,13750840.14286
khm,20220131,13753884.71429
khm,20220201,13756702.71429
khm,20220202,13759277.28571
khm,20220203,13761881.57143
khm,20220204,13764273.14286
khm,20220206,13766847.14286
khm,20220207,13769864.28571
khm,20220208,13773189.71429
khm,20220209,13776621.71429
khm,20220211,13780683.71429
khm,20220212,13784433
khm,20220213,13787917.28571
khm,20220214,13791525.57143
khm,20220215,13795578.28571
khm,20220217,13799685.57143
khm,20220219,13804083.42857
khm,20220220,13807685.28571
khm,20220221,13811527.71429
khm,20220222,13815763.85714
khm,20220223,13820123.71429
khm,20220224,13824149.14286
khm,20220225,13828277.42857
khm,20220226,13832010.14286
khm,20220227,13835850.71429
khm,20220228,13839752.71429
khm,20220301,13843601.14286
khm,20220302,13847235.42857
khm,20220303,13850680.57143
khm,20220304,13853816.57143
khm,20220305,13856819.57143
khm,20220306,13859673.28571
khm,20220307,13862395.71429
khm,20220308,13864770.14286
khm,20220310,13867433.42857
khm,20220311,13869925.85714
khm,20220312,13872292.28571
khm,20220313,13874546.28571
khm,20220314,13877044.85714
khm,20220317,13880349.85714
khm,20220318,13883838.71429
khm,20220319,13886800.71429
khm,20220320,13889581.42857
khm,20220321,13892574.42857
khm,20220322,13896031.42857
khm,20220323,13901149.28571
kir,20210907,6903
kir,20210914,6903
kir,20210928,6903
kir,20211005,7117
kir,20211012,7370.4
kir,20211025,8017.5
kir,20211115,9042.14286
kir,20211130,11295.28571
kir,20220104,15750.14286
kir,20220111,20554.57143
kir,20220207,26019.71429
kir,20220307,32026
kir,20220321,38323.14286
kna,20210504,127
kna,20210512,936.5
kna,20210518,1993.33333
kna,20210522,2955
kna,20210527,3748.4
kna,20210601,4400.16667
kna,20210605,4994.71429
kna,20210610,6345.85714
kna,20210615,7582.57143
kna,20210621,8650
kna,20210622,10008.57143
kna,20210629,11560.28571
kna,20210630,13168
kna,20210708,14656.85714
kna,20210713,16018.85714
kna,20210714,17270.57143
kna,20210715,18359.28571
kna,20210720,18936.28571
kna,20210722,19176.85714
kna,20210723,19269.71429
kna,20210726,19358.14286
kna,20210728,19435.42857
kna,20210731,19521.57143
kna,20210805,19613.71429
kna,20210807,19694.14286
kna,20210810,19770.14286
kna,20210812,19846
kna,20210813,19989
kna,20210824,20167.28571
kna,20210827,20360.28571
kna,20210830,20627.28571
kna,20210903,20906.42857
kna,20210906,21179.85714
kna,20210910,21440.14286
kna,20210913,21627.57143
kna,20210917,21771.57143
kna,20210922,21886
kna,20210927,21929.85714
kna,20211001,22003.57143
kna,20211015,22168.57143
kna,20211022,22474
kna,20211029,22811.85714
kna,20211102,23176
kna,20211105,23546.42857
kna,20211119,23909.57143
kna,20211129,24260
kna,20211203,24535.42857
kna,20211208,24688
kna,20211210,24814.28571
kna,20211215,24928.85714
kna,20211217,25049.71429
kna,20211222,25169.28571
kna,20211229,25275.57143
kna,20220105,25381.14286
kna,20220107,25476.42857
kna,20220112,25571.42857
kna,20220119,25660.57143
kna,20220121,25741.85714
kna,20220126,25821.28571
kna,20220128,25877.14286
kna,20220202,25921.71429
kna,20220218,25988.42857
kna,20220225,26054.71429
kor,20210226,10542
kor,20210227,10636.5
kor,20210228,10699.33333
kor,20210301,10788.5
kor,20210302,10896.6
kor,20210303,11015.66667
kor,20210304,11170.28571
kor,20210305,11448.71429
kor,20210306,11721.14286
kor,20210307,11992.57143
kor,20210308,12265.85714
kor,20210309,12562.57143
kor,20210310,12897
kor,20210311,13252.14286
kor,20210312,13631.57143
kor,20210313,14017.85714
kor,20210314,14409.57143
kor,20210315,14931.14286
kor,20210316,15534.85714
kor,20210317,16188.85714
kor,20210318,16877
kor,20210319,17624.28571
kor,20210320,18418.42857
kor,20210321,19257.42857
kor,20210322,20037.85714
kor,20210323,20855.85714
kor,20210324,21774.42857
kor,20210325,22845.28571
kor,20210326,24074.57143
kor,20210327,25281.85714
kor,20210328,26460.85714
kor,20210329,27737.57143
kor,20210330,29221
kor,20210331,31246.57143
kor,20210401,34137.71429
kor,20210402,37826.71429
kor,20210403,41598.57143
kor,20210404,45377.42857
kor,20210405,49202.57143
kor,20210406,53709.14286
kor,20210407,59050.85714
kor,20210408,64953
kor,20210409,71162.57143
kor,20210410,77561.57143
kor,20210411,83984.14286
kor,20210412,90505.42857
kor,20210413,96207.85714
kor,20210414,100440.57143
kor,20210415,103100.28571
kor,20210416,104539.28571
kor,20210417,105751
kor,20210418,106956
kor,20210419,107937.71429
kor,20210420,108829.85714
kor,20210421,109788.42857
kor,20210422,113428.28571
kor,20210423,119843.85714
kor,20210424,127109.28571
kor,20210425,134449.85714
kor,20210426,144872.57143
kor,20210427,158408.28571
kor,20210428,174851.85714
kor,20210429,192955.85714
kor,20210430,212680.57143
kor,20210501,232717.14286
kor,20210502,252796.71429
kor,20210503,274272.28571
kor,20210504,297167.14286
kor,20210505,320740.85714
kor,20210506,350515.28571
kor,20210507,386899.42857
kor,20210508,426126.14286
kor,20210509,465963.85714
kor,20210510,512411.57143
kor,20210511,565805.57143
kor,20210512,627352.57143
kor,20210513,689507.28571
kor,20210514,752073
kor,20210515,814974.85714
kor,20210516,877910.14286
kor,20210517,944028.57143
kor,20210518,1018766.57143
kor,20210519,1094898.28571
kor,20210520,1189857.14286
kor,20210521,1305432.85714
kor,20210522,1421797.28571
kor,20210523,1537799
kor,20210524,1654445.28571
kor,20210525,1764304.28571
kor,20210526,1870621.57143
kor,20210527,1954876.85714
kor,20210528,2016358.85714
kor,20210529,2073991
kor,20210530,2131256.57143
kor,20210531,2177480.57143
kor,20210601,2214148.85714
kor,20210602,2244422.14286
kor,20210603,2270494.85714
kor,20210604,2291634.14286
kor,20210605,2311903.71429
kor,20210606,2332187.71429
kor,20210607,2351570
kor,20210608,2370863.28571
kor,20210609,2390334.57143
kor,20210610,2447284.28571
kor,20210611,2533859.28571
kor,20210612,2637188.57143
kor,20210613,2742322.57143
kor,20210614,2881313.28571
kor,20210615,3046378.85714
kor,20210616,3248297.14286
kor,20210617,3427478.71429
kor,20210618,3591009.71429
kor,20210619,3742645.14286
kor,20210620,3892708.57143
kor,20210621,4022693.14286
kor,20210622,4140819.85714
kor,20210623,4235798.57143
kor,20210624,4327732.28571
kor,20210625,4415214.85714
kor,20210626,4500910.14286
kor,20210627,4586547.14286
kor,20210628,4676098.71429
kor,20210629,4768447.85714
kor,20210630,4863245.28571
kor,20210701,4959926.71429
kor,20210702,5060054.42857
kor,20210703,5159204.14286
kor,20210704,5258251.85714
kor,20210705,5347609.57143
kor,20210706,5429296
kor,20210707,5504180
kor,20210708,5577037.42857
kor,20210709,5653883
kor,20210710,5733927
kor,20210711,5814057.85714
kor,20210712,5896672
kor,20210713,5982038.85714
kor,20210714,6072169.57143
kor,20210715,6167514.42857
kor,20210716,6267968.28571
kor,20210717,6368056.57143
kor,20210718,6468082.57143
kor,20210719,6564954.14286
kor,20210720,6654921.28571
kor,20210721,6733169.71429
kor,20210722,6799647.14286
kor,20210723,6848444
kor,20210724,6893648.85714
kor,20210725,6938839.28571
kor,20210726,6983206.28571
kor,20210727,7025799.85714
kor,20210728,7068800.14286
kor,20210729,7109445.28571
kor,20210730,7150098.57143
kor,20210731,7191052
kor,20210801,7232045.28571
kor,20210802,7268878
kor,20210803,7314049.71429
kor,20210804,7368843.71429
kor,20210805,7435540.71429
kor,20210806,7515867.28571
kor,20210807,7599370.71429
kor,20210808,7683121.57143
kor,20210809,7786504.14286
kor,20210810,7898734.71429
kor,20210811,8018504.28571
kor,20210812,8220985.42857
kor,20210813,8489785.85714
kor,20210814,8779486.42857
kor,20210815,9069611
kor,20210816,9371496.85714
kor,20210817,9719957.85714
kor,20210818,10090741.42857
kor,20210819,10402532.85714
kor,20210820,10673245.14286
kor,20210821,10935550
kor,20210822,11197373.42857
kor,20210823,11525243.14286
kor,20210824,11868604.71429
kor,20210825,12234556
kor,20210826,12619445.57143
kor,20210827,13035383.71429
kor,20210828,13470146.28571
kor,20210829,13906840.28571
kor,20210830,14326434.42857
kor,20210831,14735395.57143
kor,20210901,15152442.85714
kor,20210902,15579988.85714
kor,20210903,16028722.42857
kor,20210904,16478179.14286
kor,20210905,16926537.71429
kor,20210906,17379903.85714
kor,20210907,17817714.14286
kor,20210908,18222999.71429
kor,20210909,18598598.42857
kor,20210910,18934015.42857
kor,20210911,19262520.28571
kor,20210912,19593499.85714
kor,20210913,19894240.57143
kor,20210914,20166890.71429
kor,20210915,20458518.42857
kor,20210916,20753244.71429
kor,20210917,21051851
kor,20210918,21347308.14286
kor,20210919,21642812.71429
kor,20210920,21879852.57143
kor,20210921,22085380.71429
kor,20210922,22230309.28571
kor,20210923,22384261.85714
kor,20210924,22533964.85714
kor,20210925,22687285.57143
kor,20210926,22840313.57143
kor,20210927,23093120.71429
kor,20210928,23444006.14286
kor,20210929,23867892.57143
kor,20210930,24315404.14286
kor,20211001,24826688.42857
kor,20211002,25365326.28571
kor,20211003,25905303.14286
kor,20211004,26373521.85714
kor,20211005,26852606.14286
kor,20211006,27329460
kor,20211007,27830442.57143
kor,20211008,28365408.57143
kor,20211009,28857042.42857
kor,20211010,29346496.85714
kor,20211011,29829678.71429
kor,20211012,30289227.14286
kor,20211013,30734546.85714
kor,20211014,31143673.28571
kor,20211015,31498716.42857
kor,20211016,31889662.71429
kor,20211017,32280826.85714
kor,20211018,32738359
kor,20211019,33173863.28571
kor,20211020,33596862.14286
kor,20211021,34012830.42857
kor,20211022,34416360.71429
kor,20211023,34816855
kor,20211024,35216939.42857
kor,20211025,35588824.57143
kor,20211026,35937010.28571
kor,20211027,36275811.14286
kor,20211028,36645328
kor,20211029,37024605.42857
kor,20211030,37407377.14286
kor,20211031,37790768.57143
kor,20211101,38129269.85714
kor,20211102,38440077.57143
kor,20211103,38724794.85714
kor,20211104,38938132.42857
kor,20211105,39074337.42857
kor,20211106,39168285.42857
kor,20211107,39259809.57143
kor,20211108,39357717.71429
kor,20211109,39461121.57143
kor,20211110,39568987.71429
kor,20211111,39674618.14286
kor,20211112,39778377.71429
kor,20211113,39887596.14286
kor,20211114,39996659
kor,20211115,40094968.57143
kor,20211116,40182046.42857
kor,20211117,40263310.28571
kor,20211118,40337678.28571
kor,20211119,40401772.28571
kor,20211120,40456972.85714
kor,20211121,40512009.57143
kor,20211122,40566942
kor,20211123,40621359.71429
kor,20211124,40675035.57143
kor,20211125,40729693.28571
kor,20211126,40785775.85714
kor,20211127,40842843.85714
kor,20211128,40899868.71429
kor,20211129,40959496.42857
kor,20211130,41019843.71429
kor,20211201,41080803.42857
kor,20211202,41140837.85714
kor,20211203,41201355.71429
kor,20211204,41262910.28571
kor,20211205,41324477.28571
kor,20211206,41380327.85714
kor,20211207,41435207
kor,20211208,41488087.42857
kor,20211209,41540146.28571
kor,20211210,41589983.28571
kor,20211211,41637164.57143
kor,20211212,41684271.57143
kor,20211213,41730934
kor,20211214,41777836.71429
kor,20211215,41825610.28571
kor,20211216,41874346
kor,20211217,41923787.71429
kor,20211218,41974091.85714
kor,20211219,42024441.71429
kor,20211220,42073381.42857
kor,20211221,42121462.42857
kor,20211222,42166816.28571
kor,20211223,42208217.85714
kor,20211224,42244288.14286
kor,20211225,42275248.57143
kor,20211226,42306195.71429
kor,20211227,42338756.14286
kor,20211228,42372110.14286
kor,20211229,42406519.85714
kor,20211230,42442594.57143
kor,20211231,42480798.28571
kor,20220101,42518985.28571
kor,20220102,42557270.85714
kor,20220103,42597636.42857
kor,20220104,42639643.14286
kor,20220105,42685829.85714
kor,20220106,42737596.42857
kor,20220107,42796370.42857
kor,20220108,42864550.42857
kor,20220109,42933056.28571
kor,20220110,43005875
kor,20220111,43081277.57143
kor,20220112,43157404.28571
kor,20220113,43232348
kor,20220114,43304940.71429
kor,20220115,43371611.85714
kor,20220116,43438096
kor,20220117,43499089.14286
kor,20220118,43556246
kor,20220119,43608289.57143
kor,20220120,43655705.28571
kor,20220121,43698528.71429
kor,20220122,43739730.42857
kor,20220123,43780721.14286
kor,20220124,43817342.28571
kor,20220125,43851503.57143
kor,20220126,43882729
kor,20220127,43911158.14286
kor,20220128,43936469.57143
kor,20220129,43962424.42857
kor,20220130,43988298.14286
kor,20220131,44008492.42857
kor,20220201,44024513.28571
kor,20220202,44037125.71429
kor,20220203,44053676.14286
kor,20220204,44070005.28571
kor,20220205,44085700.71429
kor,20220206,44101333.57143
kor,20220207,44120031.57143
kor,20220208,44141010.71429
kor,20220209,44163724
kor,20220210,44180889.85714
kor,20220211,44195778.57143
kor,20220212,44209830.28571
kor,20220213,44223831.85714
kor,20220214,44236577.14286
kor,20220215,44248546.71429
kor,20220216,44260039.57143
kor,20220217,44270977
kor,20220218,44281287.28571
kor,20220219,44291213
kor,20220220,44301135.85714
kor,20220221,44309905.71429
kor,20220222,44317705.28571
kor,20220223,44324652.57143
kor,20220224,44331658.57143
kor,20220225,44338465.14286
kor,20220226,44345122.14286
kor,20220227,44351761.28571
kor,20220228,44358791.57143
kor,20220301,44365310.71429
kor,20220302,44371927.42857
kor,20220303,44377659.85714
kor,20220304,44382506.57143
kor,20220305,44386944.71429
kor,20220306,44391346.28571
kor,20220307,44395400.57143
kor,20220308,44400149.71429
kor,20220309,44404455.28571
kor,20220310,44409067.42857
kor,20220311,44414567.71429
kor,20220312,44420034.14286
kor,20220313,44425487.85714
kor,20220314,44430803.14286
kor,20220315,44435849.42857
kor,20220316,44441069.28571
kor,20220317,44445762.14286
kor,20220318,44449273.85714
kor,20220319,44452292.57143
kor,20220320,44455300.42857
kor,20220321,44457933.71429
kor,20220322,44460267.71429
kor,20220323,44462432.71429
kor,20220324,44464428.57143
kor,20220325,44466010.28571
kos,20210620,17811
kos,20210630,29692
kos,20210708,40047.66667
kos,20210709,45861
kos,20210710,49394.6
kos,20210711,51874.83333
kos,20210712,54118.14286
kos,20210713,61927.42857
kos,20210714,67173.85714
kos,20210715,69679.42857
kos,20210716,73345.14286
kos,20210717,77150.28571
kos,20210720,81332.42857
kos,20210722,85875.14286
kos,20210723,90122.85714
kos,20210726,94542.14286
kos,20210727,100125.57143
kos,20210728,105163.42857
kos,20210729,110927.14286
kos,20210730,117197.71429
kos,20210731,123888.85714
kos,20210803,131559.85714
kos,20210804,139213.28571
kos,20210805,145914.42857
kos,20210806,151766.42857
kos,20210807,156857.42857
kos,20210810,161629.85714
kos,20210811,165740.71429
kos,20210814,172417.85714
kos,20210817,179628.14286
kos,20210818,186919.42857
kos,20210819,194896
kos,20210820,203672.14286
kos,20210821,212797.71429
kos,20210822,221571.14286
kos,20210824,227512.28571
kos,20210825,232847.57143
kos,20210826,238691.28571
kos,20210827,244518.71429
kos,20210828,250289.85714
kos,20210829,255230
kos,20210830,259931
kos,20210831,264596
kos,20210901,269406
kos,20210902,274465
kos,20210903,279697.42857
kos,20210904,285170
kos,20210905,290620.71429
kos,20210907,297590.28571
kos,20210908,305069.71429
kos,20210909,312762.71429
kos,20210910,320719.28571
kos,20210911,328889
kos,20210912,336161.85714
kos,20210913,343424.85714
kos,20210914,350701.14286
kos,20210915,358708.42857
kos,20210916,367450.42857
kos,20210917,376761.71429
kos,20210918,386750
kos,20210919,398539.42857
kos,20210920,410441.42857
kos,20210921,422545.28571
kos,20210922,433867.85714
kos,20210923,444645.28571
kos,20210924,454899.14286
kos,20210925,464648.14286
kos,20210926,473758.85714
kos,20210927,482839.71429
kos,20210928,491380.28571
kos,20210929,499327
kos,20210930,507352.14286
kos,20211001,515513.71429
kos,20211002,523771.85714
kos,20211003,532672
kos,20211004,541542.28571
kos,20211005,550080.57143
kos,20211006,558572
kos,20211007,566789.42857
kos,20211008,574949.42857
kos,20211009,583140.57143
kos,20211010,591338.28571
kos,20211011,600665
kos,20211012,610445
kos,20211013,620244.42857
kos,20211014,629650.71429
kos,20211015,638371
kos,20211016,646560.42857
kos,20211019,654046
kos,20211020,661029.28571
kos,20211021,667381.57143
kos,20211022,673493.85714
kos,20211023,679694.28571
kos,20211026,686509
kos,20211027,693155.85714
kos,20211028,699052
kos,20211029,704613.14286
kos,20211030,710146.14286
kos,20211102,715722.28571
kos,20211103,720776.57143
kos,20211104,724785.28571
kos,20211105,728311.28571
kos,20211106,731617.28571
kos,20211109,734824.71429
kos,20211110,737639.28571
kos,20211111,739952.85714
kos,20211112,742040.71429
kos,20211113,744051.42857
kos,20211116,746002.28571
kos,20211117,747769.14286
kos,20211118,749284.85714
kos,20211119,750678.85714
kos,20211120,752024.85714
kos,20211123,753364.85714
kos,20211124,754624.57143
kos,20211125,755767.85714
kos,20211126,756844.42857
kos,20211127,757924.85714
kos,20211130,758948.57143
kos,20211201,759951.57143
kos,20211202,760887.14286
kos,20211203,761771.85714
kos,20211204,762705.42857
kos,20211206,763606.14286
kos,20211207,764568.85714
kos,20211208,765600.14286
kos,20211209,766641.85714
kos,20211210,767683.14286
kos,20211211,768777.71429
kos,20211212,769737.57143
kos,20211213,770642
kos,20211214,771483.57143
kos,20211215,772302.57143
kos,20211217,773149.85714
kos,20211218,773963.28571
kos,20211219,774636.85714
kos,20211220,775278.71429
kos,20211221,776020.57143
kos,20211222,776702
kos,20211223,777339.85714
kos,20211224,777851.71429
kos,20211225,778335.85714
kos,20211227,778836.85714
kos,20211228,779367.28571
kos,20211229,779884.57143
kos,20211230,780407
kos,20211231,780933.28571
kos,20220101,781446.57143
kos,20220103,781897.42857
kos,20220104,782445.85714
kos,20220105,783116.85714
kos,20220106,783903.71429
kos,20220107,784786.57143
kos,20220108,785730.85714
kos,20220109,786712.57143
kos,20220110,787711.85714
kos,20220111,788766.28571
kos,20220113,789949.57143
kos,20220114,791040.57143
kos,20220115,792074.28571
kos,20220116,793035
kos,20220117,793935
kos,20220118,794942.28571
kos,20220119,795896.28571
kos,20220120,796687.71429
kos,20220121,797465.28571
kos,20220122,798102.85714
kos,20220123,798852.85714
kos,20220124,799606.85714
kos,20220125,800331.85714
kos,20220126,801016.85714
kos,20220127,801663.14286
kos,20220128,802279.14286
kos,20220129,802973.71429
kos,20220130,803517.28571
kos,20220131,804046.14286
kos,20220201,804546.28571
kos,20220202,805010.28571
kos,20220203,805491
kos,20220204,805956.14286
kos,20220205,806416.85714
kos,20220206,806882.28571
kos,20220207,807356.57143
kos,20220208,807807.57143
kos,20220209,808249
kos,20220211,808693.42857
kos,20220213,809170.14286
kos,20220214,809585.28571
kos,20220215,810031.85714
kos,20220216,810517.28571
kos,20220219,811090.57143
kos,20220220,811645.28571
kos,20220221,812104.28571
kos,20220222,812538.14286
kos,20220223,813040.42857
kos,20220224,813530.28571
kos,20220225,814010.57143
kos,20220226,814396.42857
kos,20220227,814770.85714
kos,20220302,815262
kos,20220303,815704.42857
kos,20220304,816097
kos,20220305,816438.85714
kos,20220306,816733.28571
kos,20220307,817009.71429
kos,20220308,817278.28571
kos,20220309,817440.42857
kos,20220310,817622.42857
kos,20220311,817774.42857
kos,20220312,817923.57143
kos,20220313,818072.42857
kos,20220314,818213
kos,20220315,818358.14286
kos,20220316,818501.71429
kos,20220317,818613.42857
kos,20220318,818749
kos,20220319,818882.14286
kos,20220320,819013.57143
kos,20220321,819142.71429
kos,20220322,819267.85714
kos,20220323,819401.57143
kos,20220324,819523.42857
kos,20220325,819634
kwt,20210215,38000
kwt,20210308,38000
kwt,20210322,38000
kwt,20210329,38000
kwt,20210418,38000
kwt,20210703,185551.16667
kwt,20211130,611241.71429
kwt,20211209,1060081.85714
kwt,20211213,1509944.57143
kwt,20211215,1960787
kwt,20211220,2412969.57143
kwt,20211223,2866144.28571
kwt,20211228,3193771.85714
kwt,20220105,3202286.42857
kwt,20220109,3209217.57143
kwt,20220110,3215377
kwt,20220113,3221172.28571
kwt,20220117,3226198.71429
kwt,20220119,3230549
kwt,20220123,3234570.42857
kwt,20220125,3238187.57143
kwt,20220127,3241569.28571
kwt,20220131,3245265.57143
kwt,20220202,3248691.57143
kwt,20220207,3252153.28571
kwt,20220220,3256604.71429
kwt,20220227,3261009
kwt,20220306,3264863.28571
kwt,20220317,3269086.14286
lao,20210414,30281
lao,20210419,30601
lao,20210421,34625.33333
lao,20210422,37747
lao,20210424,41640.6
lao,20210425,44419.66667
lao,20210426,46404.71429
lao,20210510,53975
lao,20210514,62198.14286
lao,20210515,68854.14286
lao,20210517,75038.85714
lao,20210518,80091.28571
lao,20210519,85388.28571
lao,20210520,91489.85714
lao,20210521,94698.57143
lao,20210522,100093.71429
lao,20210523,105377
lao,20210526,111921.57143
lao,20210531,131169.42857
lao,20210601,151818.14286
lao,20210602,173007.71429
lao,20210603,195881.14286
lao,20210604,218341.85714
lao,20210605,243524
lao,20210606,268393.71429
lao,20210607,280691.57143
lao,20210608,293020.71429
lao,20210609,306000.85714
lao,20210610,318858.71429
lao,20210611,331398.28571
lao,20210612,343312.14286
lao,20210613,355365.57143
lao,20210614,367313.57143
lao,20210615,378490.85714
lao,20210616,389143.85714
lao,20210617,397562.71429
lao,20210618,407459.71429
lao,20210619,417346.42857
lao,20210621,426911.14286
lao,20210622,437387.14286
lao,20210624,450243.85714
lao,20210625,464275
lao,20210626,479891.85714
lao,20210628,492677.42857
lao,20210704,511635.14286
lao,20210705,529946.14286
lao,20210706,547842.85714
lao,20210709,567603
lao,20210711,585966.14286
lao,20210714,606912.42857
lao,20210731,672359.14286
lao,20210820,823339
lao,20210821,974322.14286
lao,20210822,1126963.57143
lao,20210823,1274858.71429
lao,20210824,1424101.71429
lao,20210825,1571443.42857
lao,20210826,1676357.28571
lao,20210828,1692647.14286
lao,20210829,1711002.42857
lao,20210830,1728226.28571
lao,20210831,1746316.85714
lao,20210901,1763141.28571
lao,20210902,1779297.85714
lao,20210903,1793827.42857
lao,20210904,1804156.14286
lao,20210905,1813031
lao,20210907,1821273
lao,20210910,1830592
lao,20210911,1838648.85714
lao,20210919,1852098.14286
lao,20210930,1888685
lao,20211013,1961861.71429
lao,20211021,2084939.42857
lao,20211028,2218403.42857
lao,20211123,2395413.71429
lao,20220103,2650071.57143
lao,20220118,2925204.14286
lao,20220213,3233566.71429
lao,20220216,3505952.42857
lao,20220221,3730728.57143
lao,20220222,3944778.71429
lao,20220223,4113568.28571
lao,20220225,4206622.42857
lao,20220228,4273883.28571
lao,20220302,4286810.71429
lao,20220307,4302570
lao,20220310,4316610.57143
lao,20220311,4330677.71429
lao,20220314,4345263.57143
lao,20220316,4359621.57143
lao,20220318,4373926.42857
lao,20220322,4387148.57143
lao,20220323,4397363.28571
lao,20220325,4407994
lbn,20210310,11875
lbn,20210311,13479.5
lbn,20210312,14890
lbn,20210315,16898.25
lbn,20210316,19331.8
lbn,20210317,21555
lbn,20210318,23977.57143
lbn,20210319,28381.71429
lbn,20210320,32334.28571
lbn,20210321,36178.28571
lbn,20210322,40060.28571
lbn,20210323,43858.71429
lbn,20210324,47831.57143
lbn,20210325,51672.71429
lbn,20210326,55437.14286
lbn,20210327,59274
lbn,20210328,63183
lbn,20210329,66727
lbn,20210330,70166.85714
lbn,20210331,73382.71429
lbn,20210401,76264.14286
lbn,20210402,78849.14286
lbn,20210403,81366.57143
lbn,20210404,83682.71429
lbn,20210405,85987.57143
lbn,20210406,88041.57143
lbn,20210407,90184
lbn,20210408,92334
lbn,20210409,94437.28571
lbn,20210410,96692.14286
lbn,20210412,99494.42857
lbn,20210413,102496.85714
lbn,20210414,105060.42857
lbn,20210415,108470.57143
lbn,20210416,111617.28571
lbn,20210417,114586.42857
lbn,20210418,117711
lbn,20210419,120897.71429
lbn,20210420,124034.57143
lbn,20210424,128162.14286
lbn,20210425,131357.42857
lbn,20210426,134928
lbn,20210427,139664.42857
lbn,20210428,145403.14286
lbn,20210429,150833.42857
lbn,20210430,155755.14286
lbn,20210501,159688.14286
lbn,20210502,163507.71429
lbn,20210503,167402.42857
lbn,20210504,170915.14286
lbn,20210505,173531.28571
lbn,20210506,175844.42857
lbn,20210514,180924.14286
lbn,20210515,186002.71429
lbn,20210516,190795.71429
lbn,20210517,195416.71429
lbn,20210518,199371.71429
lbn,20210519,203198
lbn,20210520,207632.85714
lbn,20210521,209531.14286
lbn,20210522,211430.57143
lbn,20210523,213382.85714
lbn,20210524,215548.57143
lbn,20210525,217705
lbn,20210526,221314.57143
lbn,20210527,224647.28571
lbn,20210528,227993
lbn,20210529,231418.28571
lbn,20210530,235152.28571
lbn,20210531,239492
lbn,20210601,245387
lbn,20210602,250773.71429
lbn,20210603,257353
lbn,20210604,263676.28571
lbn,20210605,269968.85714
lbn,20210606,276328
lbn,20210607,282670.28571
lbn,20210608,288463.57143
lbn,20210609,293889.71429
lbn,20210610,298223.28571
lbn,20210611,302749.28571
lbn,20210612,307270.42857
lbn,20210613,311916.85714
lbn,20210614,316609.85714
lbn,20210615,321882.42857
lbn,20210616,326473.57143
lbn,20210617,333484.57143
lbn,20210618,340817.42857
lbn,20210619,348121.28571
lbn,20210620,354906
lbn,20210623,362139.42857
lbn,20210624,368421.85714
lbn,20210625,376159.42857
lbn,20210626,380956.28571
lbn,20210627,385674
lbn,20210628,392296.71429
lbn,20210629,400446.71429
lbn,20210630,408869.85714
lbn,20210701,417207.57143
lbn,20210702,424892.28571
lbn,20210703,432539.42857
lbn,20210704,439783.71429
lbn,20210705,445513.85714
lbn,20210706,450892
lbn,20210707,459935.71429
lbn,20210708,471381.42857
lbn,20210709,482795
lbn,20210710,494311.57143
lbn,20210711,506147.57143
lbn,20210712,519516.57143
lbn,20210713,538800.28571
lbn,20210714,555986.71429
lbn,20210715,573458
lbn,20210716,590201.85714
lbn,20210717,607043.85714
lbn,20210718,623601.14286
lbn,20210719,640548
lbn,20210720,650545
lbn,20210721,659320.71429
lbn,20210722,668487.85714
lbn,20210723,677491.42857
lbn,20210724,686666.85714
lbn,20210725,697935.57143
lbn,20210726,710339.85714
lbn,20210727,726425.42857
lbn,20210728,743283.14286
lbn,20210729,759115.14286
lbn,20210730,776429
lbn,20210731,793492.14286
lbn,20210801,808535.71429
lbn,20210802,822949.42857
lbn,20210803,836502.14286
lbn,20210804,847822.71429
lbn,20210805,858816.71429
lbn,20210806,870438.28571
lbn,20210807,882242.71429
lbn,20210808,894051
lbn,20210809,904140.42857
lbn,20210810,913940.14286
lbn,20210811,924864.42857
lbn,20210812,934352.57143
lbn,20210813,942607.71429
lbn,20210814,950606.57143
lbn,20210815,959301
lbn,20210816,968223.28571
lbn,20210817,975794.14286
lbn,20210818,982295.42857
lbn,20210819,989142.71429
lbn,20210820,995864.85714
lbn,20210823,1004685.28571
lbn,20210824,1014322.85714
lbn,20210825,1023296.71429
lbn,20210826,1032229.28571
lbn,20210827,1041018.28571
lbn,20210828,1048550.14286
lbn,20210829,1056776.71429
lbn,20210830,1063738.71429
lbn,20210831,1070160.28571
lbn,20210901,1077156.14286
lbn,20210902,1084027.57143
lbn,20210903,1090264.42857
lbn,20210904,1096578.57143
lbn,20210905,1101691.71429
lbn,20210906,1108115.14286
lbn,20210907,1114085.42857
lbn,20210908,1120545
lbn,20210909,1126609.57143
lbn,20210910,1133443
lbn,20210911,1140243.71429
lbn,20210912,1148070
lbn,20210913,1154150.42857
lbn,20210914,1160113.28571
lbn,20210915,1167294.14286
lbn,20210916,1174052.42857
lbn,20210917,1180861.14286
lbn,20210918,1187708.57143
lbn,20210919,1193992.57143
lbn,20210920,1201521.57143
lbn,20210921,1210793.42857
lbn,20210922,1217802.85714
lbn,20210923,1226338.71429
lbn,20210924,1234102
lbn,20210925,1241793.71429
lbn,20210926,1249197.14286
lbn,20210927,1255882.42857
lbn,20210928,1262566.57143
lbn,20210929,1269935.57143
lbn,20210930,1276643.71429
lbn,20211001,1283757.57143
lbn,20211002,1290875
lbn,20211003,1298172
lbn,20211004,1305793.71429
lbn,20211005,1311777.14286
lbn,20211006,1316790.71429
lbn,20211007,1323319.42857
lbn,20211008,1330439.57143
lbn,20211009,1337607
lbn,20211010,1344587.57143
lbn,20211011,1350460.14286
lbn,20211012,1356277.42857
lbn,20211013,1365644.71429
lbn,20211014,1373460.71429
lbn,20211015,1381047.71429
lbn,20211016,1388566.71429
lbn,20211017,1395636.42857
lbn,20211018,1402751.71429
lbn,20211019,1412942.42857
lbn,20211020,1419814.42857
lbn,20211021,1426889.14286
lbn,20211022,1433950.71429
lbn,20211023,1441029.57143
lbn,20211024,1448084
lbn,20211026,1460059.42857
lbn,20211028,1471777.14286
lbn,20211101,1484680.85714
lbn,20211102,1497419.42857
lbn,20211103,1510329.42857
lbn,20211104,1523891
lbn,20211105,1538724.71429
lbn,20211106,1548418.14286
lbn,20211107,1554770.28571
lbn,20211108,1560692.85714
lbn,20211109,1566337.42857
lbn,20211110,1571712.71429
lbn,20211111,1577459.71429
lbn,20211112,1582950.71429
lbn,20211113,1588460.85714
lbn,20211114,1594144
lbn,20211115,1599339
lbn,20211116,1604449
lbn,20211117,1609775.85714
lbn,20211118,1614752.28571
lbn,20211119,1619851.14286
lbn,20211120,1624956.71429
lbn,20211121,1629904.57143
lbn,20211122,1634542.42857
lbn,20211123,1639548.14286
lbn,20211124,1643872.42857
lbn,20211125,1648137
lbn,20211126,1652569
lbn,20211127,1657084.28571
lbn,20211128,1661504
lbn,20211129,1666496.57143
lbn,20211130,1671087.85714
lbn,20211201,1675768.42857
lbn,20211203,1682398.85714
lbn,20211204,1687795.71429
lbn,20211205,1693414
lbn,20211206,1699997.85714
lbn,20211207,1706088
lbn,20211208,1712188.28571
lbn,20211209,1718322.42857
lbn,20211210,1723015.14286
lbn,20211211,1727870.42857
lbn,20211212,1732756.42857
lbn,20211213,1737429.85714
lbn,20211214,1742015.85714
lbn,20211215,1746464.57143
lbn,20211216,1751248.85714
lbn,20211217,1755774.14286
lbn,20211218,1760282
lbn,20211220,1765814.28571
lbn,20211221,1771424
lbn,20211222,1776497.57143
lbn,20211223,1781602.14286
lbn,20211224,1786300.28571
lbn,20211225,1790088.14286
lbn,20211226,1793777
lbn,20211227,1797230
lbn,20211228,1801988.71429
lbn,20211229,1806705.71429
lbn,20211230,1811604.57143
lbn,20211231,1816260.14286
lbn,20220101,1820930.42857
lbn,20220102,1825712.71429
lbn,20220103,1829955.85714
lbn,20220104,1832857.57143
lbn,20220105,1836399.85714
lbn,20220106,1838949.57143
lbn,20220107,1842547.42857
lbn,20220108,1847836.85714
lbn,20220109,1853647
lbn,20220110,1860644
lbn,20220111,1867507.42857
lbn,20220112,1875176.42857
lbn,20220113,1883535
lbn,20220114,1891625.28571
lbn,20220115,1898043.71429
lbn,20220116,1904757.42857
lbn,20220117,1910925.28571
lbn,20220118,1917528.71429
lbn,20220119,1923120.71429
lbn,20220120,1930143.71429
lbn,20220121,1937259.28571
lbn,20220122,1944384.71429
lbn,20220123,1950607.85714
lbn,20220124,1957214.14286
lbn,20220125,1963951.28571
lbn,20220126,1971074.42857
lbn,20220127,1977061.85714
lbn,20220128,1982552.57143
lbn,20220129,1988257.28571
lbn,20220130,1994663.28571
lbn,20220131,2000832.28571
lbn,20220201,2006822.42857
lbn,20220202,2012728.57143
lbn,20220203,2018890.85714
lbn,20220204,2024822.14286
lbn,20220205,2030630.71429
lbn,20220206,2035592.57143
lbn,20220207,2040593.28571
lbn,20220208,2045571
lbn,20220209,2050410.57143
lbn,20220210,2055090.57143
lbn,20220211,2060502
lbn,20220212,2065929
lbn,20220213,2071521
lbn,20220214,2076720.85714
lbn,20220215,2081892.42857
lbn,20220216,2087906.57143
lbn,20220217,2094090.57143
lbn,20220218,2100027.71429
lbn,20220219,2105910.28571
lbn,20220220,2112027.85714
lbn,20220221,2117920.28571
lbn,20220222,2123380.57143
lbn,20220223,2128030
lbn,20220224,2131999.14286
lbn,20220225,2135812.14286
lbn,20220226,2139631.71429
lbn,20220227,2143422.71429
lbn,20220228,2146964.14286
lbn,20220301,2150391.57143
lbn,20220302,2153523.85714
lbn,20220303,2156405.14286
lbn,20220304,2158837.28571
lbn,20220305,2161202.28571
lbn,20220306,2163386.57143
lbn,20220307,2165379.85714
lbn,20220308,2167210.14286
lbn,20220309,2168992.85714
lbn,20220310,2170969.42857
lbn,20220311,2172767.28571
lbn,20220312,2174564.14286
lbn,20220313,2176204.71429
lbn,20220314,2177577.42857
lbn,20220317,2179689.85714
lbn,20220318,2181716.57143
lbn,20220319,2183269.85714
lbn,20220320,2184939
lbn,20220321,2186803.85714
lbn,20220322,2188860
lbn,20220323,2191034.85714
lbn,20220324,2192228.42857
lbn,20220325,2193333
lbr,20210608,140
lbr,20210610,303.5
lbr,20210614,366.66667
lbr,20210615,413.25
lbr,20210620,468
lbr,20210624,768.33333
lbr,20210628,1021.71429
lbr,20211006,2306.71429
lbr,20211021,36901.71429
lbr,20211022,72525.71429
lbr,20211029,117206.28571
lbr,20211031,166370.57143
lbr,20211102,219138.42857
lbr,20211118,284007.14286
lbr,20211130,350741.57143
lbr,20211208,398316.14286
lbr,20211215,470516.42857
lbr,20220107,566753.28571
lbr,20220210,672432.42857
lby,20210818,52050
lby,20210901,55294.5
lby,20210909,73884
lby,20210910,85541.5
lby,20210915,95451.6
lby,20210919,106086.16667
lby,20210922,114781.28571
lby,20210925,134099
lby,20210928,154897.71429
lby,20211002,172666.28571
lby,20211007,191595.28571
lby,20211009,210090.71429
lby,20211014,229733.71429
lby,20211017,253262.14286
lby,20211021,274832.14286
lby,20211024,298628.85714
lby,20211028,320818.57143
lby,20211031,347893.42857
lby,20211104,375873.71429
lby,20211106,403409.14286
lby,20211110,428716.85714
lby,20211114,458171.28571
lby,20211118,484865.42857
lby,20211121,514104.85714
lby,20211124,540928.42857
lby,20211128,568341.57143
lby,20211202,593630.57143
lby,20211204,621011.71429
lby,20211209,646985.28571
lby,20211211,674545.71429
lby,20211215,697680.85714
lby,20211219,719945.28571
lby,20211223,739975.71429
lby,20211227,761460.85714
lby,20211230,779347.14286
lby,20220106,799258
lby,20220110,822538.71429
lby,20220112,846667.71429
lby,20220116,868676.28571
lby,20220118,890706.14286
lby,20220122,911308.42857
lby,20220125,932733.28571
lby,20220130,951369.71429
lby,20220201,964934.71429
lby,20220206,978955.57143
lby,20220213,994539.71429
lby,20220219,1012183.71429
lby,20220220,1028058.42857
lby,20220221,1042233
lby,20220222,1054124.14286
lby,20220223,1064833.71429
lby,20220224,1073431.71429
lby,20220226,1078761.14286
lby,20220227,1081545.42857
lby,20220228,1084372
lby,20220302,1087434.42857
lby,20220303,1090209.85714
lby,20220305,1092647.28571
lby,20220306,1095093.42857
lby,20220308,1097649
lby,20220309,1099838.28571
lby,20220310,1101935.28571
lby,20220312,1103523.85714
lby,20220313,1105019.57143
lby,20220314,1106545.14286
lby,20220315,1108122.85714
lby,20220316,1109551.28571
lby,20220317,1111130
lby,20220319,1112509.42857
lby,20220320,1114121.28571
lby,20220321,1115624.14286
lby,20220322,1117119.28571
lby,20220323,1118917.57143
lby,20220324,1120525.85714
lca,20210519,17301
lca,20210520,17344
lca,20210521,17463.66667
lca,20210522,17573.25
lca,20210525,17652.4
lca,20210526,17735.5
lca,20210527,17812.85714
lca,20210529,17995
lca,20210530,18175.85714
lca,20210601,18341.42857
lca,20210602,18507.57143
lca,20210603,18689.28571
lca,20210607,18886.71429
lca,20210608,19097.42857
lca,20210609,19306.85714
lca,20210610,19531
lca,20210611,19746.28571
lca,20210612,19958.71429
lca,20210614,20151.28571
lca,20210616,20347.71429
lca,20210617,20525.28571
lca,20210618,20667.42857
lca,20210619,20795
lca,20210622,20915.71429
lca,20210623,21021.57143
lca,20210625,21161.42857
lca,20210627,21279.14286
lca,20210629,21401.28571
lca,20210630,21532.57143
lca,20210701,21661.71429
lca,20210705,21788.71429
lca,20210706,21911.42857
lca,20210707,22007.42857
lca,20210708,22100.85714
lca,20210709,22189.42857
lca,20210712,22277
lca,20210713,22367.57143
lca,20210714,22460.28571
lca,20210715,22567.14286
lca,20210716,22691.85714
lca,20210718,22810
lca,20210720,22932.71429
lca,20210721,23111.57143
lca,20210724,23295.14286
lca,20210727,23474.71429
lca,20210728,23656.28571
lca,20210729,23842.71429
lca,20210730,24041.14286
lca,20210731,24247.71429
lca,20210805,24424.85714
lca,20210806,24615.85714
lca,20210807,24832
lca,20210809,25028
lca,20210810,25207
lca,20210811,25396.85714
lca,20210812,25580.85714
lca,20210813,25724
lca,20210817,25874.71429
lca,20210819,26060.14286
lca,20210820,26282.85714
lca,20210821,26504.42857
lca,20210822,26690.85714
lca,20210824,26864.28571
lca,20210826,27077.42857
lca,20210827,27269
lca,20210828,27403.14286
lca,20210830,27499
lca,20210915,27722.14286
lca,20210916,27963.14286
lca,20210918,28224.42857
lca,20210919,28451.71429
lca,20210921,28693.71429
lca,20210922,28984.14286
lca,20210923,29330.85714
lca,20210924,29573.57143
lca,20210925,29863.85714
lca,20210927,30157.42857
lca,20210929,30445.28571
lca,20210930,30898.57143
lca,20211002,31422.14286
lca,20211003,31906.57143
lca,20211006,32438.28571
lca,20211007,32989.42857
lca,20211008,33553.57143
lca,20211009,34208.42857
lca,20211012,34739.14286
lca,20211013,35184.85714
lca,20211015,35760
lca,20211018,36270.42857
lca,20211019,36729
lca,20211103,37781.14286
lca,20211105,38763.57143
lca,20211109,39768.71429
lca,20211110,40733.57143
lca,20211111,41555.14286
lca,20211112,42389.71429
lca,20211114,43252.42857
lca,20211116,43504.42857
lca,20211118,43814
lca,20211120,44093.85714
lca,20211121,44390.71429
lca,20211123,44698.28571
lca,20211126,45038
lca,20211128,45360.85714
lca,20211130,45672
lca,20211201,45931.71429
lca,20211202,46153
lca,20211203,46363.28571
lca,20211205,46612.85714
lca,20211207,46804.85714
lca,20211208,46964.57143
lca,20211210,47138.28571
lca,20211215,47347.57143
lca,20211216,47551.28571
lca,20211219,47776.28571
lca,20211220,47962.71429
lca,20211221,48149.57143
lca,20211223,48359.28571
lca,20211224,48546.57143
lca,20211228,48697.85714
lca,20211230,48842
lca,20211231,48964.42857
lca,20220102,49087.57143
lca,20220105,49217.28571
lca,20220107,49335.14286
lca,20220109,49469.57143
lca,20220111,49596.85714
lca,20220113,49736.71429
lca,20220114,49869.71429
lca,20220116,50009.57143
lca,20220119,50156.57143
lca,20220120,50290.14286
lca,20220121,50405.42857
lca,20220122,50509.71429
lca,20220123,50590.14286
lca,20220128,50691.14286
lca,20220131,50785.14286
lca,20220204,50880
lca,20220207,50975
lca,20220208,51075.42857
lca,20220209,51175.71429
lca,20220211,51281.28571
lca,20220212,51373.42857
lca,20220213,51451.14286
lca,20220216,51520.71429
lca,20220217,51585
lca,20220221,51655.57143
lca,20220223,51721
lca,20220225,51778
lca,20220302,51823.14286
lca,20220309,51895.28571
lca,20220311,51971.14286
lca,20220316,52066.28571
lca,20220318,52146.28571
lca,20220323,52252.42857
lca,20220325,52366.85714
lie,20210201,1
lie,20210202,3
lie,20210203,5
lie,20210204,6.25
lie,20210205,11.4
lie,20210206,14.83333
lie,20210207,17.28571
lie,20210208,33.57143
lie,20210209,60.57143
lie,20210210,94
lie,20210211,135.42857
lie,20210212,180.57143
lie,20210213,225.71429
lie,20210214,270.85714
lie,20210215,313.57143
lie,20210216,352.85714
lie,20210217,385.28571
lie,20210218,409.85714
lie,20210219,432.71429
lie,20210220,455.57143
lie,20210221,478.42857
lie,20210222,491.85714
lie,20210223,500.14286
lie,20210224,509
lie,20210225,534.14286
lie,20210226,578.28571
lie,20210227,622.42857
lie,20210228,666.57143
lie,20210301,710.85714
lie,20210302,754.71429
lie,20210303,799.42857
lie,20210304,829
lie,20210305,834.85714
lie,20210306,841.14286
lie,20210307,847.42857
lie,20210308,854.28571
lie,20210309,859.28571
lie,20210310,863
lie,20210311,866.57143
lie,20210312,870
lie,20210313,873
lie,20210314,876
lie,20210315,878.71429
lie,20210316,909.42857
lie,20210317,970.71429
lie,20210318,1049
lie,20210319,1127.42857
lie,20210320,1205.85714
lie,20210321,1284.28571
lie,20210322,1391.14286
lie,20210323,1498
lie,20210324,1574.14286
lie,20210325,1632.28571
lie,20210326,1690.28571
lie,20210327,1748.28571
lie,20210328,1806.28571
lie,20210329,1836.14286
lie,20210330,1839.14286
lie,20210331,1859.28571
lie,20210401,1907.57143
lie,20210402,1984.28571
lie,20210403,2061
lie,20210404,2137.71429
lie,20210405,2213.71429
lie,20210406,2318.28571
lie,20210407,2434.14286
lie,20210408,2556.57143
lie,20210409,2650.28571
lie,20210410,2744.28571
lie,20210411,2838.28571
lie,20210412,2933.85714
lie,20210413,3001.57143
lie,20210414,3045.57143
lie,20210415,3057.14286
lie,20210416,3069.28571
lie,20210417,3081.57143
lie,20210418,3093.85714
lie,20210419,3106
lie,20210420,3116.14286
lie,20210421,3155.57143
lie,20210422,3228.28571
lie,20210423,3334.14286
lie,20210424,3439.71429
lie,20210425,3545.28571
lie,20210426,3683.71429
lie,20210427,3854.85714
lie,20210428,3992.28571
lie,20210429,4095.14286
lie,20210430,4165.71429
lie,20210501,4236.14286
lie,20210502,4306.57143
lie,20210503,4342.85714
lie,20210504,4346.14286
lie,20210505,4349.42857
lie,20210506,4352.57143
lie,20210507,4387.42857
lie,20210508,4423
lie,20210509,4458.57143
lie,20210510,4531.57143
lie,20210511,4641.57143
lie,20210512,4792.57143
lie,20210513,4982.14286
lie,20210514,5178.28571
lie,20210515,5373.85714
lie,20210516,5569.71429
lie,20210517,5806.14286
lie,20210518,6082.85714
lie,20210519,6355.28571
lie,20210520,6625.42857
lie,20210521,6893.57143
lie,20210522,7161.71429
lie,20210523,7429.57143
lie,20210524,7619.28571
lie,20210525,7732.42857
lie,20210526,7847.28571
lie,20210527,7965.28571
lie,20210528,8119
lie,20210529,8272.71429
lie,20210530,8426.42857
lie,20210531,8620.28571
lie,20210601,8851
lie,20210602,9081.71429
lie,20210603,9310.14286
lie,20210604,9466.42857
lie,20210605,9622.71429
lie,20210606,9779
lie,20210607,9938.14286
lie,20210608,10101.14286
lie,20210609,10225.71429
lie,20210610,10313.57143
lie,20210611,10405.14286
lie,20210612,10497
lie,20210613,10588.85714
lie,20210614,10639.42857
lie,20210615,10649.28571
lie,20210616,10698
lie,20210617,10783
lie,20210618,10905.28571
lie,20210619,11027.14286
lie,20210620,11149
lie,20210621,11269.28571
lie,20210622,11463.85714
lie,20210623,11660.14286
lie,20210624,11862.71429
lie,20210625,12025.57143
lie,20210626,12188.57143
lie,20210627,12351.57143
lie,20210628,12551.42857
lie,20210629,12716.85714
lie,20210630,12881.14286
lie,20210701,13039.71429
lie,20210702,13273.28571
lie,20210703,13506.85714
lie,20210704,13740.42857
lie,20210705,13977.28571
lie,20210706,14214.85714
lie,20210707,14488.71429
lie,20210708,14800.85714
lie,20210709,15109.42857
lie,20210710,15417.85714
lie,20210711,15726.28571
lie,20210712,16070.28571
lie,20210713,16450.28571
lie,20210714,16792.42857
lie,20210715,17097.28571
lie,20210716,17371.57143
lie,20210717,17645.85714
lie,20210718,17920.14286
lie,20210719,18118.71429
lie,20210720,18240.28571
lie,20210721,18323.71429
lie,20210722,18399.42857
lie,20210723,18486.57143
lie,20210724,18573.71429
lie,20210725,18660.85714
lie,20210726,18748
lie,20210727,18835
lie,20210728,18922.14286
lie,20210729,18977.71429
lie,20210730,18978.57143
lie,20210731,18979.42857
lie,20210801,18980.28571
lie,20210802,18981
lie,20210803,18981.57143
lie,20210804,18981.85714
lie,20210805,18982
lie,20210806,18982
lie,20210807,18982
lie,20210808,18982
lie,20210809,19063.42857
lie,20210810,19160
lie,20210811,19298.57143
lie,20210812,19468
lie,20210813,19637.85714
lie,20210814,19807.71429
lie,20210815,19977.57143
lie,20210816,20104.42857
lie,20210817,20225.57143
lie,20210818,20310.42857
lie,20210819,20364.42857
lie,20210820,20418.42857
lie,20210821,20476.14286
lie,20210822,20533.85714
lie,20210823,20557.57143
lie,20210824,20572.28571
lie,20210825,20582.42857
lie,20210826,20594.85714
lie,20210827,20608.14286
lie,20210828,20617.85714
lie,20210829,20627.57143
lie,20210830,20633
lie,20210831,20638
lie,20210901,20641.85714
lie,20210902,20643.42857
lie,20210903,20643.71429
lie,20210904,20643.85714
lie,20210905,20644
lie,20210906,20644.28571
lie,20210907,20666.14286
lie,20210908,20688.14286
lie,20210909,20710.28571
lie,20210910,20775.71429
lie,20210911,20841.28571
lie,20210912,20906.85714
lie,20210913,20973.14286
lie,20210914,21053.71429
lie,20210915,21162.85714
lie,20210916,21271.85714
lie,20210917,21340
lie,20210918,21462.42857
lie,20210919,21584.85714
lie,20210920,21725.71429
lie,20210921,21873.57143
lie,20210922,22009.71429
lie,20210923,22166
lie,20210924,22362.71429
lie,20210925,22505
lie,20210926,22647.28571
lie,20210927,22771.57143
lie,20210928,22854.28571
lie,20210929,22920.14286
lie,20210930,22967.28571
lie,20211001,22973
lie,20211002,22979.57143
lie,20211003,22986.14286
lie,20211004,22991.85714
lie,20211005,22996.85714
lie,20211006,23002
lie,20211007,23006.57143
lie,20211008,23011.71429
lie,20211009,23016
lie,20211010,23020.28571
lie,20211011,23024.85714
lie,20211012,23036.14286
lie,20211013,23050.42857
lie,20211014,23066.85714
lie,20211015,23087.85714
lie,20211016,23109.42857
lie,20211017,23131
lie,20211018,23191.71429
lie,20211019,23303.71429
lie,20211020,23447.85714
lie,20211021,23591.71429
lie,20211022,23732.71429
lie,20211023,23873.28571
lie,20211024,24013.85714
lie,20211025,24124.42857
lie,20211026,24189.71429
lie,20211027,24223.57143
lie,20211028,24264.28571
lie,20211029,24305.57143
lie,20211030,24346.71429
lie,20211031,24387.85714
lie,20211101,24419.14286
lie,20211102,24445.42857
lie,20211103,24472.71429
lie,20211104,24506.42857
lie,20211105,24542.71429
lie,20211106,24579
lie,20211107,24615.28571
lie,20211108,24654.85714
lie,20211109,24689.85714
lie,20211110,24722
lie,20211111,24739.71429
lie,20211112,24752.57143
lie,20211113,24765.57143
lie,20211114,24778.57143
lie,20211115,24788.71429
lie,20211116,24798
lie,20211117,24807.14286
lie,20211118,24815
lie,20211119,24822.42857
lie,20211120,24830
lie,20211121,24837.57143
lie,20211122,24853.57143
lie,20211123,24868.28571
lie,20211124,24890.28571
lie,20211125,24912.71429
lie,20211126,24934.57143
lie,20211127,24956.28571
lie,20211128,24978
lie,20211129,24994.71429
lie,20211130,25012.71429
lie,20211201,25031.14286
lie,20211202,25057
lie,20211203,25082.28571
lie,20211204,25107.42857
lie,20211205,25132.57143
lie,20211206,25164.42857
lie,20211207,25195.71429
lie,20211208,25217.71429
lie,20211209,25233.14286
lie,20211210,25257.57143
lie,20211211,25282
lie,20211212,25306.42857
lie,20211213,25331.28571
lie,20211214,25357.28571
lie,20211215,25385.42857
lie,20211216,25414.14286
lie,20211217,25434.14286
lie,20211218,25454.42857
lie,20211219,25474.71429
lie,20211220,25487.57143
lie,20211221,25500.85714
lie,20211222,25514.71429
lie,20211223,25528
lie,20211224,25540.57143
lie,20211225,25552.85714
lie,20211226,25565.14286
lie,20211227,25574
lie,20211228,25581.71429
lie,20211229,25586.28571
lie,20211230,25589.42857
lie,20211231,25592.57143
lie,20220101,25595.71429
lie,20220102,25598.85714
lie,20220103,25607.14286
lie,20220104,25617.28571
lie,20220105,25630
lie,20220106,25642.85714
lie,20220107,25657.42857
lie,20220108,25672.14286
lie,20220109,25686.85714
lie,20220110,25701.28571
lie,20220111,25716.28571
lie,20220112,25732.71429
lie,20220113,25751.57143
lie,20220114,25774.42857
lie,20220115,25797.28571
lie,20220116,25820.14286
lie,20220117,25845.14286
lie,20220118,25868
lie,20220119,25890.71429
lie,20220120,25912.28571
lie,20220121,25930.85714
lie,20220122,25949.42857
lie,20220123,25968
lie,20220124,25979.71429
lie,20220125,25988.85714
lie,20220126,25994.57143
lie,20220127,25998.85714
lie,20220128,26000.71429
lie,20220129,26002.42857
lie,20220130,26004.14286
lie,20220131,26010.42857
lie,20220201,26020.28571
lie,20220202,26029.85714
lie,20220203,26039.28571
lie,20220204,26048.85714
lie,20220205,26074
lie,20220206,26099.14286
lie,20220207,26120.57143
lie,20220208,26142.71429
lie,20220209,26165.28571
lie,20220210,26187.85714
lie,20220211,26210
lie,20220212,26218.14286
lie,20220213,26226.28571
lie,20220214,26233.42857
lie,20220215,26235.85714
lie,20220216,26238
lie,20220217,26247.57143
lie,20220218,26257.14286
lie,20220219,26265.14286
lie,20220220,26273.14286
lie,20220221,26280.85714
lie,20220222,26296.85714
lie,20220223,26312.57143
lie,20220224,26320.85714
lie,20220225,26329.14286
lie,20220226,26337.42857
lie,20220227,26345.71429
lie,20220228,26354
lie,20220301,26354
lie,20220302,26354
lie,20220303,26354
lie,20220304,26354
lie,20220305,26354
lie,20220306,26354
lie,20220307,26354.28571
lie,20220308,26354.57143
lie,20220309,26354.85714
lie,20220310,26355.14286
lie,20220311,26359.57143
lie,20220312,26364.14286
lie,20220313,26368.71429
lie,20220314,26373
lie,20220315,26377.28571
lie,20220316,26381.71429
lie,20220317,26386.14286
lie,20220318,26386.42857
lie,20220319,26386.57143
lie,20220320,26386.71429
lie,20220321,26386.85714
lie,20220322,26387
lie,20220323,26387.14286
lie,20220324,26388.28571
lka,20210429,5880
lka,20210430,15617
lka,20210501,31475.33333
lka,20210502,45628.5
lka,20210503,55877
lka,20210504,66565.16667
lka,20210505,77301.71429
lka,20210506,99316.85714
lka,20210507,121014.14286
lka,20210509,140178.14286
lka,20210510,156020
lka,20210511,172746
lka,20210512,187574.14286
lka,20210513,200755.71429
lka,20210514,212751.57143
lka,20210516,225703.71429
lka,20210517,236014
lka,20210518,249715.57143
lka,20210519,262025.28571
lka,20210520,273967.14286
lka,20210521,285701.71429
lka,20210522,296940.85714
lka,20210523,305559.57143
lka,20210524,314689.71429
lka,20210525,321266.28571
lka,20210526,327431.42857
lka,20210527,332657.14286
lka,20210528,336694.71429
lka,20210529,339994.28571
lka,20210530,342567
lka,20210531,344681.42857
lka,20210601,345941
lka,20210602,347046.71429
lka,20210605,348115.71429
lka,20210606,349367
lka,20210607,350449
lka,20210608,351527.42857
lka,20210609,352346.14286
lka,20210610,354046.14286
lka,20210611,359249.14286
lka,20210612,370926.71429
lka,20210613,393332.71429
lka,20210614,420703.57143
lka,20210615,457762.28571
lka,20210616,503962
lka,20210617,552662.85714
lka,20210618,604253.57143
lka,20210619,654797.14286
lka,20210620,697119.14286
lka,20210621,737721.71429
lka,20210622,770433.57143
lka,20210624,797496.28571
lka,20210628,825777.42857
lka,20210629,853048.71429
lka,20210630,882808.42857
lka,20210701,921499
lka,20210702,966907.85714
lka,20210703,1018953
lka,20210704,1071595.28571
lka,20210705,1121584.42857
lka,20210707,1170878.57143
lka,20210708,1217336.14286
lka,20210709,1256919.57143
lka,20210710,1290022.14286
lka,20210711,1320985
lka,20210712,1351225.71429
lka,20210713,1387563.71429
lka,20210714,1423663.57143
lka,20210715,1461265.28571
lka,20210716,1500509
lka,20210717,1538720.42857
lka,20210718,1573696.85714
lka,20210719,1607924.14286
lka,20210720,1635478
lka,20210721,1660686
lka,20210722,1680580
lka,20210723,1695928.28571
lka,20210724,1710245.57143
lka,20210725,1728159.57143
lka,20210726,1745309.28571
lka,20210727,1771738.85714
lka,20210728,1796488
lka,20210729,1835257.42857
lka,20210730,1882042.42857
lka,20210731,1937429.42857
lka,20210801,1988962.85714
lka,20210802,2053002.14286
lka,20210803,2133811.85714
lka,20210804,2233406.28571
lka,20210805,2326500.28571
lka,20210806,2414393.71429
lka,20210807,2495142.85714
lka,20210808,2584358.28571
lka,20210812,2801656.71429
lka,20210820,3204617
lka,20210821,3623220.42857
lka,20210822,4048107.85714
lka,20210823,4474656.71429
lka,20210824,4918677.57143
lka,20210825,5371640
lka,20210826,5706720.57143
lka,20210827,5877465.28571
lka,20210828,6071582.85714
lka,20210829,6274749.14286
lka,20210830,6490208.42857
lka,20210831,6761053.42857
lka,20210901,7078165
lka,20210902,7429672.71429
lka,20210903,7763513.57143
lka,20210904,8068435
lka,20210905,8367787.71429
lka,20210906,8654377.14286
lka,20210907,8898868.57143
lka,20210908,9119672.14286
lka,20210909,9321457.14286
lka,20210910,9522936.42857
lka,20210911,9722716.42857
lka,20210912,9923622.28571
lka,20210913,10123618.57143
lka,20210914,10303300.85714
lka,20210915,10450783.57143
lka,20210916,10567870.85714
lka,20210917,10661637
lka,20210918,10741943.71429
lka,20210919,10814782.71429
lka,20210920,10888246.28571
lka,20210921,10952748.85714
lka,20210922,11017985.14286
lka,20210923,11088360.28571
lka,20210924,11165282.85714
lka,20210925,11242842.85714
lka,20210926,11319969.85714
lka,20210927,11393858.57143
lka,20210928,11470765.85714
lka,20210929,11541747.71429
lka,20210930,11602244.71429
lka,20211001,11654720
lka,20211002,11699074.14286
lka,20211003,11736193.42857
lka,20211004,11771956.71429
lka,20211005,11809539.71429
lka,20211006,11847620.28571
lka,20211007,11892343.57143
lka,20211008,11942304.14286
lka,20211009,12004219.85714
lka,20211010,12076553.71429
lka,20211011,12153328.28571
lka,20211012,12232655.85714
lka,20211013,12316440.42857
lka,20211014,12397923.42857
lka,20211015,12474292
lka,20211016,12540786.14286
lka,20211017,12599157.14286
lka,20211018,12654169.14286
lka,20211019,12702384.71429
lka,20211020,12743216
lka,20211021,12777013.14286
lka,20211022,12816234.14286
lka,20211023,12861663.57143
lka,20211024,12912763
lka,20211025,12966054.28571
lka,20211026,13020734.57143
lka,20211027,13081628.85714
lka,20211028,13148636
lka,20211103,13229870.14286
lka,20211104,13298812.57143
lka,20211105,13355565
lka,20211106,13410390.14286
lka,20211107,13464202.71429
lka,20211108,13509221.28571
lka,20211109,13548083.28571
lka,20211110,13561702.42857
lka,20211111,13573677.42857
lka,20211113,13587674.85714
lka,20211114,13603113.85714
lka,20211115,13615646.14286
lka,20211116,13629064.57143
lka,20211117,13642071.14286
lka,20211118,13655242.71429
lka,20211119,13667511.85714
lka,20211120,13677976.85714
lka,20211121,13686103.71429
lka,20211122,13692098.57143
lka,20211123,13698086.28571
lka,20211124,13703608.85714
lka,20211125,13708540.85714
lka,20211126,13713449.57143
lka,20211128,13719674.85714
lka,20211129,13724801
lka,20211130,13730178.42857
lka,20211201,13734895.57143
lka,20211202,13739552.42857
lka,20211203,13744292.85714
lka,20211205,13749822.57143
lka,20211206,13753833.14286
lka,20211207,13757952.28571
lka,20211208,13761742.57143
lka,20211209,13765206.71429
lka,20211211,13769350.85714
lka,20211212,13774006.42857
lka,20211213,13777731.14286
lka,20211214,13781532.14286
lka,20211215,13785326.14286
lka,20211216,13789596.57143
lka,20211217,13793836.57143
lka,20211218,13797494.71429
lka,20211219,13800487.28571
lka,20211220,13803425.14286
lka,20211221,13806373
lka,20211222,13809416.14286
lka,20211223,13812243
lka,20211224,13815128
lka,20211225,13817862.71429
lka,20211226,13820600
lka,20211227,13823313
lka,20211228,13826158.85714
lka,20211229,13828847.28571
lka,20211230,13831548
lka,20211231,13834266.42857
lka,20220101,13836819.71429
lka,20220102,13839278
lka,20220103,13841746.42857
lka,20220104,13843966.57143
lka,20220105,13845986.14286
lka,20220106,13847737.28571
lka,20220107,13849295.28571
lka,20220108,13850840.71429
lka,20220109,13852778.42857
lka,20220110,13854770.57143
lka,20220111,13856606.42857
lka,20220113,13858693
lka,20220115,13861047.71429
lka,20220116,13863586.85714
lka,20220117,13866006.71429
lka,20220118,13868009.28571
lka,20220119,13870186.57143
lka,20220120,13872553.57143
lka,20220121,13874612.57143
lka,20220122,13876350.71429
lka,20220123,13877998.57143
lka,20220124,13879526.71429
lka,20220125,13881300.42857
lka,20220126,13883110
lka,20220127,13884980.57143
lka,20220128,13887526.14286
lka,20220129,13891810.71429
lka,20220130,13896364.71429
lka,20220131,13901188
lka,20220201,13907472.85714
lka,20220202,13915269.14286
lka,20220203,13924777.85714
lka,20220205,13940933.57143
lka,20220206,13955785.85714
lka,20220207,13970970.57143
lka,20220208,13986090.71429
lka,20220209,13999978.28571
lka,20220210,14012339
lka,20220211,14023037
lka,20220212,14026810.71429
lka,20220213,14030042.57143
lka,20220214,14032834.28571
lka,20220215,14035830
lka,20220216,14038753.71429
lka,20220217,14042060.85714
lka,20220218,14046430.28571
lka,20220219,14052460.28571
lka,20220220,14058875.14286
lka,20220221,14066106.85714
lka,20220222,14074548.57143
lka,20220223,14085893.71429
lka,20220224,14099372
lka,20220225,14112486.28571
lka,20220228,14126563
lka,20220301,14140559.85714
lka,20220302,14154238.28571
lka,20220303,14166643.57143
lka,20220304,14176604.85714
lka,20220305,14184938.71429
lka,20220306,14192523.57143
lka,20220307,14197832.14286
lka,20220308,14203714.85714
lka,20220309,14209893.42857
lka,20220310,14216713.85714
lka,20220311,14224520.28571
lka,20220312,14232100.85714
lka,20220313,14239827.28571
lka,20220314,14257215.57143
lka,20220315,14275091
lka,20220316,14292828
lka,20220317,14309884.71429
lka,20220320,14327356.57143
lka,20220321,14344962.42857
lka,20220322,14362710.57143
lso,20210521,122
lso,20210705,9903.5
lso,20210825,17329.33333
lso,20210920,72678.75
lso,20210929,121419.8
lso,20211010,157767.5
lso,20211117,216984.57143
lso,20211208,305312
lso,20211216,394072.28571
lso,20211231,493407.57143
lso,20220215,563236.28571
lso,20220304,621971.14286
ltu,20210117,1094
ltu,20210118,1936.5
ltu,20210119,3527.33333
ltu,20210120,4784.25
ltu,20210121,5666.2
ltu,20210122,6265.83333
ltu,20210123,6694.14286
ltu,20210124,7861.28571
ltu,20210125,8788.14286
ltu,20210126,9248
ltu,20210127,9885.71429
ltu,20210128,10969.28571
ltu,20210129,12775.85714
ltu,20210130,14646.57143
ltu,20210131,16517.28571
ltu,20210201,18653.71429
ltu,20210202,21021.85714
ltu,20210203,23689.14286
ltu,20210204,27023.42857
ltu,20210205,30546.57143
ltu,20210206,34100.71429
ltu,20210207,37668.57143
ltu,20210208,41323.71429
ltu,20210209,44910.28571
ltu,20210210,47995.14286
ltu,20210211,50064.71429
ltu,20210212,51355
ltu,20210213,52550.14286
ltu,20210214,53731.71429
ltu,20210215,54659.42857
ltu,20210216,55362
ltu,20210217,56390.85714
ltu,20210218,57926.14286
ltu,20210219,59795.42857
ltu,20210220,61673.57143
ltu,20210221,63551.57143
ltu,20210222,65556.14286
ltu,20210223,67687.28571
ltu,20210224,69386.42857
ltu,20210225,70526.14286
ltu,20210226,71339.71429
ltu,20210227,72148.85714
ltu,20210228,72958
ltu,20210301,73562.71429
ltu,20210302,74097
ltu,20210303,74823.42857
ltu,20210304,76162.57143
ltu,20210305,78024.71429
ltu,20210306,79902.85714
ltu,20210307,81781.14286
ltu,20210308,83775.71429
ltu,20210309,85879
ltu,20210310,88025.14286
ltu,20210311,89521
ltu,20210312,91392.42857
ltu,20210313,93345.42857
ltu,20210314,95298.57143
ltu,20210315,97275.85714
ltu,20210316,99723.71429
ltu,20210317,102940
ltu,20210318,106867.57143
ltu,20210319,110627.85714
ltu,20210320,114322.42857
ltu,20210321,118019.85714
ltu,20210322,121752.14286
ltu,20210323,125630.14286
ltu,20210324,129157
ltu,20210325,132862.85714
ltu,20210326,136642.28571
ltu,20210327,140401.57143
ltu,20210328,144169.71429
ltu,20210329,148034.57143
ltu,20210330,151971.14286
ltu,20210331,156179.42857
ltu,20210401,159786.14286
ltu,20210402,163440.85714
ltu,20210403,167166.57143
ltu,20210404,170880.57143
ltu,20210405,174307.42857
ltu,20210406,177275.71429
ltu,20210407,179342.57143
ltu,20210408,181751.14286
ltu,20210409,183673.42857
ltu,20210410,185535.28571
ltu,20210411,187402.71429
ltu,20210412,189333.14286
ltu,20210413,191260
ltu,20210414,193981
ltu,20210415,196712.42857
ltu,20210416,199627.14286
ltu,20210417,202543.71429
ltu,20210418,205454.85714
ltu,20210419,208439.28571
ltu,20210420,211654.57143
ltu,20210421,215754.57143
ltu,20210422,220615.28571
ltu,20210423,225932.71429
ltu,20210424,231306.42857
ltu,20210425,236680.42857
ltu,20210426,242092
ltu,20210427,247027.28571
ltu,20210428,250347.42857
ltu,20210429,255002.14286
ltu,20210430,262287.71429
ltu,20210501,270788.28571
ltu,20210502,279391
ltu,20210503,288385.85714
ltu,20210504,299662.42857
ltu,20210505,313895.85714
ltu,20210506,328241.14286
ltu,20210507,340918.28571
ltu,20210508,352538.14286
ltu,20210509,364063.28571
ltu,20210510,375735.57143
ltu,20210511,386485.57143
ltu,20210512,395952.85714
ltu,20210513,404430
ltu,20210514,412942
ltu,20210515,421647.14286
ltu,20210516,430374.42857
ltu,20210517,439101.57143
ltu,20210518,448284.85714
ltu,20210519,457993.71429
ltu,20210520,468178
ltu,20210521,478407.57143
ltu,20210522,489159
ltu,20210523,499930.57143
ltu,20210524,511294.28571
ltu,20210525,522219.85714
ltu,20210526,532589.28571
ltu,20210527,542711.57143
ltu,20210528,552859.57143
ltu,20210529,562918.57143
ltu,20210530,572931.42857
ltu,20210531,583548.14286
ltu,20210601,594746.28571
ltu,20210602,607180.71429
ltu,20210603,619860.28571
ltu,20210604,633588
ltu,20210605,647303.85714
ltu,20210606,661044.14286
ltu,20210607,675204.57143
ltu,20210608,689521.85714
ltu,20210609,703329.14286
ltu,20210610,717274.14286
ltu,20210611,729948
ltu,20210612,742174.57143
ltu,20210613,754955
ltu,20210614,767716.28571
ltu,20210615,780779.28571
ltu,20210616,794553.28571
ltu,20210617,808683.28571
ltu,20210618,823690
ltu,20210619,839120.57143
ltu,20210620,854106.42857
ltu,20210621,868562.57143
ltu,20210622,883542.28571
ltu,20210623,898691.28571
ltu,20210624,912169.57143
ltu,20210625,926365.85714
ltu,20210626,940802.14286
ltu,20210627,955908.71429
ltu,20210628,971686.57143
ltu,20210629,987480
ltu,20210630,1002611.57143
ltu,20210701,1018383.57143
ltu,20210702,1032861.57143
ltu,20210703,1046861.71429
ltu,20210704,1060106.42857
ltu,20210705,1072357.57143
ltu,20210706,1081980.14286
ltu,20210707,1090591.28571
ltu,20210708,1099218.28571
ltu,20210709,1107075.28571
ltu,20210710,1114851.71429
ltu,20210711,1122603.42857
ltu,20210712,1130223.14286
ltu,20210713,1138348
ltu,20210714,1145486.57143
ltu,20210715,1151717.14286
ltu,20210716,1157634.28571
ltu,20210717,1163299.85714
ltu,20210718,1169048.57143
ltu,20210719,1174482
ltu,20210720,1179787.14286
ltu,20210721,1185101.14286
ltu,20210722,1190360.28571
ltu,20210723,1195255.57143
ltu,20210724,1200085.85714
ltu,20210725,1204915.71429
ltu,20210726,1209785.71429
ltu,20210727,1214514.14286
ltu,20210728,1219209
ltu,20210729,1223808.71429
ltu,20210730,1228510.28571
ltu,20210731,1233568.28571
ltu,20210801,1238860.71429
ltu,20210802,1244475.14286
ltu,20210803,1250024.28571
ltu,20210804,1255845.71429
ltu,20210805,1262908.57143
ltu,20210806,1270895.28571
ltu,20210807,1279022.42857
ltu,20210808,1286935
ltu,20210809,1295039.71429
ltu,20210810,1303946.57143
ltu,20210811,1313437.14286
ltu,20210812,1322912.14286
ltu,20210813,1332334
ltu,20210814,1341411.14286
ltu,20210815,1350445.14286
ltu,20210816,1359922
ltu,20210817,1369522.14286
ltu,20210818,1379656.85714
ltu,20210819,1390060.57143
ltu,20210820,1400409.85714
ltu,20210821,1410687
ltu,20210822,1420933.85714
ltu,20210823,1430719.28571
ltu,20210824,1440233.42857
ltu,20210825,1449071.28571
ltu,20210826,1457315.71429
ltu,20210827,1465415.28571
ltu,20210828,1473434.28571
ltu,20210829,1481429
ltu,20210830,1489223.42857
ltu,20210831,1496713.71429
ltu,20210901,1503656.57143
ltu,20210902,1510160.71429
ltu,20210903,1516149
ltu,20210904,1522120.57143
ltu,20210905,1528078.28571
ltu,20210906,1533680.14286
ltu,20210907,1539123.71429
ltu,20210908,1544483.28571
ltu,20210909,1549568.85714
ltu,20210910,1554442.71429
ltu,20210911,1559279.42857
ltu,20210912,1564105.28571
ltu,20210913,1568786.14286
ltu,20210914,1573296.57143
ltu,20210915,1577668.57143
ltu,20210916,1581785.85714
ltu,20210917,1585788.28571
ltu,20210918,1589748.42857
ltu,20210919,1593708.28571
ltu,20210920,1597469.85714
ltu,20210921,1601165.14286
ltu,20210922,1604834.28571
ltu,20210923,1608470.28571
ltu,20210924,1612031
ltu,20210925,1615598.42857
ltu,20210926,1619168.85714
ltu,20210927,1622768.42857
ltu,20210928,1626381.71429
ltu,20210929,1629936.28571
ltu,20210930,1633550.28571
ltu,20211001,1637220.71429
ltu,20211002,1640895.57143
ltu,20211003,1644593.14286
ltu,20211004,1648276.71429
ltu,20211005,1651883.71429
ltu,20211006,1655418.71429
ltu,20211007,1658781.14286
ltu,20211008,1662052.71429
ltu,20211009,1665324.85714
ltu,20211010,1668594
ltu,20211011,1671753.57143
ltu,20211012,1674783.85714
ltu,20211013,1677685
ltu,20211014,1680458.42857
ltu,20211015,1683157.71429
ltu,20211016,1685830.14286
ltu,20211017,1688499.28571
ltu,20211018,1691106.57143
ltu,20211019,1693627.42857
ltu,20211020,1696062.71429
ltu,20211021,1698441.85714
ltu,20211022,1700729.42857
ltu,20211023,1703004.71429
ltu,20211024,1705297.14286
ltu,20211025,1707553.28571
ltu,20211026,1709849.14286
ltu,20211027,1712149.57143
ltu,20211028,1714403.71429
ltu,20211029,1716637.28571
ltu,20211030,1718848.71429
ltu,20211031,1721043.71429
ltu,20211101,1722781.71429
ltu,20211102,1724141.14286
ltu,20211103,1725712.57143
ltu,20211104,1727322
ltu,20211105,1728887
ltu,20211106,1730464.85714
ltu,20211107,1732051.42857
ltu,20211108,1733975.14286
ltu,20211109,1736201.42857
ltu,20211110,1738155.85714
ltu,20211111,1740069.28571
ltu,20211112,1741988.57143
ltu,20211113,1743907.42857
ltu,20211114,1745823.28571
ltu,20211115,1747816.57143
ltu,20211116,1749855.71429
ltu,20211117,1751931.57143
ltu,20211118,1754006.42857
ltu,20211119,1756086.57143
ltu,20211120,1758170.28571
ltu,20211121,1760243.42857
ltu,20211122,1762142
ltu,20211123,1763882.14286
ltu,20211124,1765631
ltu,20211125,1767396.42857
ltu,20211126,1769167.28571
ltu,20211127,1770966.42857
ltu,20211128,1772778.42857
ltu,20211129,1774748.71429
ltu,20211130,1776916.71429
ltu,20211201,1779080.28571
ltu,20211202,1781216.71429
ltu,20211203,1783340.57143
ltu,20211204,1785444.57143
ltu,20211205,1787540.71429
ltu,20211206,1789613.14286
ltu,20211207,1791619.14286
ltu,20211208,1793597.42857
ltu,20211209,1795527.71429
ltu,20211210,1797393.71429
ltu,20211211,1799240.57143
ltu,20211212,1801079
ltu,20211213,1802854
ltu,20211214,1804558.28571
ltu,20211215,1806213.85714
ltu,20211216,1807846.71429
ltu,20211217,1809449.85714
ltu,20211218,1811051.71429
ltu,20211219,1812655.57143
ltu,20211220,1814274.85714
ltu,20211221,1815908.71429
ltu,20211222,1817545.42857
ltu,20211223,1819114.42857
ltu,20211224,1820328.71429
ltu,20211225,1821487
ltu,20211226,1822629
ltu,20211227,1823795.85714
ltu,20211228,1824906.85714
ltu,20211229,1825992.42857
ltu,20211230,1827024.14286
ltu,20211231,1828159
ltu,20220101,1829293.85714
ltu,20220102,1830423.85714
ltu,20220103,1831432
ltu,20220104,1832422.42857
ltu,20220105,1833418
ltu,20220106,1834508.14286
ltu,20220107,1835839.85714
ltu,20220108,1837273.57143
ltu,20220109,1838753.14286
ltu,20220110,1840243.71429
ltu,20220111,1841724.71429
ltu,20220112,1843149.85714
ltu,20220113,1844467.42857
ltu,20220114,1845571.28571
ltu,20220115,1846600.14286
ltu,20220116,1847590.42857
ltu,20220117,1848495
ltu,20220118,1849375.14286
ltu,20220119,1850225.42857
ltu,20220120,1851038.85714
ltu,20220121,1851862.14286
ltu,20220122,1852676.85714
ltu,20220123,1853485.57143
ltu,20220124,1854258.28571
ltu,20220125,1854988.14286
ltu,20220126,1855708.14286
ltu,20220127,1856432.57143
ltu,20220128,1857214.57143
ltu,20220129,1858010.42857
ltu,20220130,1858806.57143
ltu,20220131,1859583.28571
ltu,20220201,1860329.14286
ltu,20220202,1861022.57143
ltu,20220203,1861666
ltu,20220204,1862233.71429
ltu,20220205,1862789.57143
ltu,20220206,1863344.85714
ltu,20220207,1863855
ltu,20220208,1864322.28571
ltu,20220209,1864748.71429
ltu,20220210,1865131.85714
ltu,20220211,1865476.14286
ltu,20220212,1865808.85714
ltu,20220213,1866142
ltu,20220214,1866466.42857
ltu,20220215,1866787.71429
ltu,20220216,1867047.71429
ltu,20220217,1867317.71429
ltu,20220218,1867580
ltu,20220219,1867840.85714
ltu,20220220,1868101.28571
ltu,20220221,1868346.71429
ltu,20220222,1868570.85714
ltu,20220223,1868826.57143
ltu,20220224,1869046.14286
ltu,20220225,1869233.71429
ltu,20220226,1869418
ltu,20220227,1869602
ltu,20220228,1869773.28571
ltu,20220301,1869932.85714
ltu,20220302,1870079.14286
ltu,20220303,1870207.28571
ltu,20220304,1870321
ltu,20220305,1870432.71429
ltu,20220306,1870544.14286
ltu,20220307,1870651.14286
ltu,20220308,1870753.42857
ltu,20220309,1870850.85714
ltu,20220310,1870955.57143
ltu,20220311,1871029
ltu,20220312,1871101.42857
ltu,20220313,1871174
ltu,20220314,1871250.71429
ltu,20220315,1871328.28571
ltu,20220316,1871405.28571
ltu,20220317,1871471.14286
ltu,20220318,1871557.28571
ltu,20220319,1871643.57143
ltu,20220320,1871729.85714
ltu,20220321,1871805.42857
ltu,20220322,1871877.85714
ltu,20220323,1871947.85714
ltu,20220324,1872013.57143
ltu,20220325,1872077
lux,20210118,447
lux,20210119,620.5
lux,20210120,828
lux,20210121,931.75
lux,20210122,994.2
lux,20210123,1035.83333
lux,20210125,1065.71429
lux,20210126,1179.71429
lux,20210127,1258
lux,20210128,1292.28571
lux,20210129,1354.85714
lux,20210130,1417.28571
lux,20210201,1511.85714
lux,20210202,1666.71429
lux,20210203,1890.71429
lux,20210204,2151.28571
lux,20210205,2456.14286
lux,20210206,2743.57143
lux,20210208,3082.71429
lux,20210209,3443.42857
lux,20210210,3807.28571
lux,20210211,4157.71429
lux,20210212,4511.85714
lux,20210213,4801.57143
lux,20210215,5127.71429
lux,20210216,5448.57143
lux,20210217,5746.85714
lux,20210218,6062.42857
lux,20210219,6395
lux,20210220,6692.42857
lux,20210222,7063.85714
lux,20210223,7476.85714
lux,20210224,7931.14286
lux,20210225,8426.71429
lux,20210226,8926.42857
lux,20210227,9371
lux,20210301,9906
lux,20210302,10442.42857
lux,20210303,10994.71429
lux,20210304,11563.42857
lux,20210305,12138.85714
lux,20210306,12645.85714
lux,20210308,13158
lux,20210309,13582.28571
lux,20210310,13978.85714
lux,20210311,14348.85714
lux,20210312,14648.14286
lux,20210313,14871.71429
lux,20210315,15125.28571
lux,20210316,15438.42857
lux,20210317,15796.28571
lux,20210318,16183.28571
lux,20210319,16546
lux,20210320,16879.14286
lux,20210322,17245.71429
lux,20210323,17646
lux,20210324,18052.85714
lux,20210325,18470.57143
lux,20210326,18902.14286
lux,20210327,19312.71429
lux,20210329,19771.71429
lux,20210330,20278.57143
lux,20210331,20825.85714
lux,20210401,21425.42857
lux,20210402,22074.28571
lux,20210403,22692.71429
lux,20210405,23348.42857
lux,20210406,24113
lux,20210407,25081.71429
lux,20210408,26281.85714
lux,20210409,27666.42857
lux,20210410,29078.57143
lux,20210412,30556.14286
lux,20210413,32348.14286
lux,20220220,93724
lva,20201230,1
lva,20201231,1
lva,20210101,1.33333
lva,20210102,1.5
lva,20210103,1.6
lva,20210104,1.83333
lva,20210105,2
lva,20210106,2.71429
lva,20210107,3.42857
lva,20210108,4.57143
lva,20210109,5.71429
lva,20210110,7
lva,20210111,8.14286
lva,20210112,9.71429
lva,20210113,11.71429
lva,20210114,14.42857
lva,20210115,16.57143
lva,20210116,18.85714
lva,20210117,21.71429
lva,20210118,107.85714
lva,20210119,309.14286
lva,20210120,618.14286
lva,20210121,929.42857
lva,20210122,1244
lva,20210123,1558.71429
lva,20210124,1873.42857
lva,20210125,2198.14286
lva,20210126,2525.85714
lva,20210127,2852.14286
lva,20210128,3283.71429
lva,20210129,3842.42857
lva,20210130,4444.85714
lva,20210131,5094.85714
lva,20210201,5819.57143
lva,20210202,6665.85714
lva,20210203,7602.42857
lva,20210204,8626.42857
lva,20210205,9735.71429
lva,20210206,10881.28571
lva,20210207,11996.42857
lva,20210208,12966.28571
lva,20210209,13703
lva,20210210,14271.85714
lva,20210211,14743.57143
lva,20210212,15080.14286
lva,20210213,15362
lva,20210214,15629.28571
lva,20210215,15896.28571
lva,20210216,16167.85714
lva,20210217,16436.28571
lva,20210218,16614.71429
lva,20210219,16721.28571
lva,20210220,16805.42857
lva,20210221,16886.71429
lva,20210222,16950.85714
lva,20210223,17009
lva,20210224,17046.14286
lva,20210225,17081.42857
lva,20210226,17120.85714
lva,20210227,17158.71429
lva,20210228,17196.57143
lva,20210301,17262.42857
lva,20210302,17366.85714
lva,20210303,17494.71429
lva,20210304,17633.57143
lva,20210305,17779.71429
lva,20210306,17925.14286
lva,20210307,18071.42857
lva,20210308,18190.85714
lva,20210309,18270.28571
lva,20210310,18327
lva,20210311,18368.28571
lva,20210312,18391.42857
lva,20210313,18414.42857
lva,20210314,18436.85714
lva,20210315,18463.42857
lva,20210316,18505.28571
lva,20210317,18556.85714
lva,20210318,18644.28571
lva,20210319,18771.71429
lva,20210320,18898.71429
lva,20210321,19025.85714
lva,20210322,19176.57143
lva,20210323,19364.14286
lva,20210324,19634.57143
lva,20210325,19964.71429
lva,20210326,20352.71429
lva,20210327,20788.28571
lva,20210328,21223.57143
lva,20210329,21683.28571
lva,20210330,22189.42857
lva,20210331,22773.85714
lva,20210401,23366
lva,20210402,23859
lva,20210403,24315.28571
lva,20210404,24771
lva,20210405,25169
lva,20210406,25537.57143
lva,20210407,25800.42857
lva,20210408,25999.28571
lva,20210409,26226.85714
lva,20210410,26456.85714
lva,20210411,26688.14286
lva,20210412,26928.42857
lva,20210413,27106.57143
lva,20210414,27249.57143
lva,20210415,27447.57143
lva,20210416,27718
lva,20210417,27991.57143
lva,20210418,28264.71429
lva,20210419,28629
lva,20210420,29265
lva,20210421,30296.71429
lva,20210422,31588.71429
lva,20210423,33071.85714
lva,20210424,34634.71429
lva,20210425,36202
lva,20210426,37943.57143
lva,20210427,39818
lva,20210428,41789
lva,20210429,43987.28571
lva,20210430,46273.85714
lva,20210501,48538
lva,20210502,50802.85714
lva,20210503,52924.14286
lva,20210504,54652.71429
lva,20210505,56893.85714
lva,20210506,59736.42857
lva,20210507,63391.28571
lva,20210508,67305.28571
lva,20210509,71268.14286
lva,20210510,75758.57143
lva,20210511,81002.57143
lva,20210512,86234.14286
lva,20210513,91345.42857
lva,20210514,96717.57143
lva,20210515,102563.71429
lva,20210516,108502.42857
lva,20210517,114488.71429
lva,20210518,120747.57143
lva,20210519,128028.85714
lva,20210520,136288.85714
lva,20210521,144791.28571
lva,20210522,153598.57143
lva,20210523,162541.71429
lva,20210524,171736.85714
lva,20210525,181992.14286
lva,20210526,192348.42857
lva,20210527,203120
lva,20210528,214438.57143
lva,20210529,225847.57143
lva,20210530,237278.71429
lva,20210531,248902.57143
lva,20210601,260575.42857
lva,20210602,272770
lva,20210603,285125.28571
lva,20210604,297366.71429
lva,20210605,309676.85714
lva,20210606,322382.28571
lva,20210607,335350
lva,20210608,348172.85714
lva,20210609,360229.71429
lva,20210610,371461.42857
lva,20210611,382435
lva,20210612,392875.42857
lva,20210613,402733.28571
lva,20210614,412274.85714
lva,20210615,421249.85714
lva,20210616,430009.42857
lva,20210617,438314
lva,20210618,446689.71429
lva,20210619,455245.57143
lva,20210620,464130
lva,20210621,473397.42857
lva,20210622,482444.14286
lva,20210623,489835
lva,20210624,495898.42857
lva,20210625,500384.28571
lva,20210626,504319.57143
lva,20210627,508101.42857
lva,20210628,512330
lva,20210629,516938.28571
lva,20210630,523190
lva,20210701,530672.85714
lva,20210702,539120.14286
lva,20210703,548208
lva,20210704,557238.14286
lva,20210705,565082.85714
lva,20210706,572202.71429
lva,20210707,578691.42857
lva,20210708,584828.28571
lva,20210709,590853.85714
lva,20210710,596837.85714
lva,20210711,602807.85714
lva,20210712,608691.28571
lva,20210713,614312.85714
lva,20210714,619370.71429
lva,20210715,623901.57143
lva,20210716,627646.71429
lva,20210717,630749.85714
lva,20210718,633745.85714
lva,20210719,636544.14286
lva,20210720,639308.14286
lva,20210721,642225.57143
lva,20210722,645369.71429
lva,20210723,648598.42857
lva,20210724,651886.28571
lva,20210725,655181.28571
lva,20210726,658515.57143
lva,20210727,661757.85714
lva,20210728,664919.57143
lva,20210729,667910.42857
lva,20210730,670910
lva,20210731,673809
lva,20210801,676703.57143
lva,20210802,679467.42857
lva,20210803,682254.57143
lva,20210804,684965
lva,20210805,687618
lva,20210806,690229
lva,20210807,692933.28571
lva,20210808,695611.42857
lva,20210809,698254.57143
lva,20210810,700830
lva,20210811,703422.42857
lva,20210812,706007.71429
lva,20210813,708533.42857
lva,20210814,710951.28571
lva,20210815,713373.28571
lva,20210816,715805.14286
lva,20210817,718242.28571
lva,20210818,720674.57143
lva,20210819,723152
lva,20210820,725711.57143
lva,20210821,728272.71429
lva,20210822,730824.71429
lva,20210823,733424.42857
lva,20210824,735992.42857
lva,20210825,738563.42857
lva,20210826,741117
lva,20210827,743671.42857
lva,20210828,746176.57143
lva,20210829,748665.42857
lva,20210830,751204.14286
lva,20210831,753740.28571
lva,20210901,756248.85714
lva,20210902,758768.28571
lva,20210903,761279.57143
lva,20210904,763858.42857
lva,20210905,766436.85714
lva,20210906,768895.57143
lva,20210907,771274.71429
lva,20210908,773735
lva,20210909,776226
lva,20210910,778717.14286
lva,20210911,781134.28571
lva,20210912,783545.42857
lva,20210913,786028.42857
lva,20210914,788560.57143
lva,20210915,791017.85714
lva,20210916,793495.85714
lva,20210917,796089
lva,20210918,798863.14286
lva,20210919,801670.57143
lva,20210920,804526.42857
lva,20210921,807543.71429
lva,20210922,810555.57143
lva,20210923,813745.85714
lva,20210924,817193.14286
lva,20210925,820872.85714
lva,20210926,824623.28571
lva,20210927,828554.71429
lva,20210928,832568.85714
lva,20210929,836867.28571
lva,20210930,841375.14286
lva,20211001,845880
lva,20211002,850212.71429
lva,20211003,854578.85714
lva,20211004,858857.28571
lva,20211005,863161.14286
lva,20211006,867427.57143
lva,20211007,871493.42857
lva,20211008,875563.57143
lva,20211009,879874.71429
lva,20211010,884264.28571
lva,20211011,888810.42857
lva,20211012,893547.71429
lva,20211013,898561.71429
lva,20211014,903949.14286
lva,20211015,909671.42857
lva,20211016,915598
lva,20211017,921534.85714
lva,20211018,927617.85714
lva,20211019,933678.71429
lva,20211020,939599.28571
lva,20211021,945506.85714
lva,20211022,951271.85714
lva,20211023,956835.28571
lva,20211024,962323
lva,20211025,967740.71429
lva,20211026,973128.57143
lva,20211027,978527.57143
lva,20211028,983818
lva,20211029,989116
lva,20211030,994475.71429
lva,20211031,999877.42857
lva,20211101,1005395.42857
lva,20211102,1011210.28571
lva,20211103,1017377.28571
lva,20211104,1023861
lva,20211105,1030707.28571
lva,20211106,1037805.28571
lva,20211107,1045031.14286
lva,20211108,1052578.71429
lva,20211109,1060293.57143
lva,20211110,1068109
lva,20211111,1076051.57143
lva,20211112,1083713.42857
lva,20211113,1091146.57143
lva,20211114,1098454.57143
lva,20211115,1105320.57143
lva,20211116,1111739
lva,20211117,1117872.14286
lva,20211118,1122784
lva,20211119,1127095.85714
lva,20211120,1131237.85714
lva,20211121,1135294.28571
lva,20211122,1139599.42857
lva,20211123,1144001.71429
lva,20211124,1148297.71429
lva,20211125,1153376.42857
lva,20211126,1158893.71429
lva,20211127,1164271
lva,20211128,1169646.71429
lva,20211129,1174677.71429
lva,20211130,1179513.57143
lva,20211201,1184174.85714
lva,20211202,1188610.57143
lva,20211203,1192728.14286
lva,20211204,1196702.28571
lva,20211205,1200586.28571
lva,20211206,1204316.42857
lva,20211207,1207908
lva,20211208,1211348.85714
lva,20211209,1214547
lva,20211210,1217568.57143
lva,20211211,1220516.42857
lva,20211212,1223464.14286
lva,20211213,1226283
lva,20211214,1228979.42857
lva,20211215,1231534.42857
lva,20211216,1233928.57143
lva,20211217,1236151.14286
lva,20211218,1238294.85714
lva,20211219,1240402
lva,20211220,1242419.42857
lva,20211221,1244325.42857
lva,20211222,1246152
lva,20211223,1247983.85714
lva,20211224,1249494.28571
lva,20211225,1250839
lva,20211226,1252155.57143
lva,20211227,1253540.85714
lva,20211228,1254908.71429
lva,20211229,1256179.71429
lva,20211230,1257396
lva,20211231,1258608.42857
lva,20220101,1259809.71429
lva,20220102,1261019.42857
lva,20220103,1262120.71429
lva,20220104,1263160
lva,20220105,1264138.71429
lva,20220106,1265126
lva,20220107,1266338.14286
lva,20220108,1267663.42857
lva,20220109,1268990.42857
lva,20220110,1270207.85714
lva,20220111,1271359.85714
lva,20220112,1272471.14286
lva,20220113,1273540.71429
lva,20220114,1274522.42857
lva,20220115,1275435.85714
lva,20220116,1276341.42857
lva,20220117,1277234.28571
lva,20220118,1278084.42857
lva,20220119,1278908.57143
lva,20220120,1279674.85714
lva,20220121,1280373.42857
lva,20220122,1281060.85714
lva,20220123,1281742.42857
lva,20220124,1282385.42857
lva,20220125,1282994.14286
lva,20220126,1283564.42857
lva,20220127,1284122.28571
lva,20220128,1284708.14286
lva,20220129,1285318.57143
lva,20220130,1285928.28571
lva,20220131,1286522
lva,20220201,1287090.85714
lva,20220202,1287649
lva,20220203,1288189.42857
lva,20220204,1288738.71429
lva,20220205,1289280.71429
lva,20220206,1289820.42857
lva,20220207,1290352
lva,20220208,1290880.57143
lva,20220209,1291391
lva,20220210,1291893.85714
lva,20220211,1292380.42857
lva,20220212,1292851.71429
lva,20220213,1293320.57143
lva,20220214,1293775.28571
lva,20220215,1294203.14286
lva,20220216,1294615
lva,20220217,1295006.42857
lva,20220218,1295386.57143
lva,20220219,1295761.28571
lva,20220220,1296132.14286
lva,20220221,1296481
lva,20220222,1296808.85714
lva,20220223,1297114.71429
lva,20220224,1297399.28571
lva,20220225,1297666.57143
lva,20220226,1297922.14286
lva,20220227,1298176.42857
lva,20220228,1298422.28571
lva,20220301,1298647.42857
lva,20220302,1298856.71429
lva,20220303,1299049.85714
lva,20220304,1299217.28571
lva,20220305,1299374.71429
lva,20220306,1299532.14286
lva,20220307,1299680.57143
lva,20220308,1299824.71429
lva,20220309,1299966.71429
lva,20220310,1300103.71429
lva,20220311,1300238
lva,20220312,1300371
lva,20220313,1300502.71429
lva,20220314,1300634.28571
lva,20220315,1300762.71429
lva,20220316,1300886.28571
lva,20220317,1301002.28571
lva,20220318,1301116.57143
lva,20220319,1301225.14286
lva,20220320,1301334.85714
lva,20220321,1301442.85714
lva,20220322,1301547.28571
lva,20220323,1301643.14286
lva,20220324,1301734.57143
lva,20220325,1301808.28571
mac,20210407,17559
mac,20210408,18211.5
mac,20210409,18838
mac,20210410,19515.25
mac,20210411,20130.8
mac,20210412,20692.5
mac,20210413,21231.28571
mac,20210414,22335.42857
mac,20210415,23371
mac,20210416,24365.42857
mac,20210417,25331.42857
mac,20210418,26276
mac,20210419,27174.57143
mac,20210420,28021
mac,20210421,28823.14286
mac,20210422,29572.85714
mac,20210423,30262.14286
mac,20210424,30841
mac,20210425,31367.14286
mac,20210426,31893.28571
mac,20210427,32424.71429
mac,20210428,32978
mac,20210429,33564.14286
mac,20210430,34162
mac,20210501,34771.42857
mac,20210502,35387
mac,20210503,35939.28571
mac,20210504,36448.57143
mac,20210505,36939.57143
mac,20210506,37420.57143
mac,20210507,37915.28571
mac,20210508,38469.28571
mac,20210509,39047
mac,20210510,39711.14286
mac,20210511,40461.85714
mac,20210512,41261.28571
mac,20210513,42113.14286
mac,20210514,43021.57143
mac,20210515,43977
mac,20210516,44981.14286
mac,20210517,45992.71429
mac,20210518,47025.42857
mac,20210519,48013.14286
mac,20210520,48988
mac,20210521,49992.85714
mac,20210522,51020
mac,20210523,52064.28571
mac,20210524,53135.42857
mac,20210525,54219.42857
mac,20210526,55378.57143
mac,20210527,56550.71429
mac,20210528,57737.85714
mac,20210529,58948.71429
mac,20210531,60311.42857
mac,20210601,61683
mac,20210602,63040.28571
mac,20210603,64370.57143
mac,20210604,65723.85714
mac,20210605,67078.14286
mac,20210606,68363.71429
mac,20210607,69455.71429
mac,20210608,70536.28571
mac,20210609,71598.71429
mac,20210610,72667.57143
mac,20210611,73708
mac,20210612,74728.14286
mac,20210613,75737
mac,20210614,76697.28571
mac,20210615,77686.28571
mac,20210616,78715.71429
mac,20210617,79773.57143
mac,20210618,80899.57143
mac,20210619,82073.85714
mac,20210620,83300.42857
mac,20210621,84624.85714
mac,20210622,85993.28571
mac,20210623,87383
mac,20210624,88812
mac,20210625,90278.85714
mac,20210626,91814.85714
mac,20210627,93409
mac,20210628,95145.85714
mac,20210629,97101.28571
mac,20210630,99303
mac,20210701,101772
mac,20210702,104518.85714
mac,20210703,107568.57143
mac,20210704,110354.85714
mac,20210705,113909
mac,20210708,119108.14286
mac,20210709,124602.28571
mac,20210710,130243.28571
mac,20210711,135746.14286
mac,20210712,141274.71429
mac,20210713,147548
mac,20210714,153345.57143
mac,20210715,157704.42857
mac,20210716,161999.42857
mac,20210717,166427.85714
mac,20210718,171022.14286
mac,20210719,175503.42857
mac,20210720,179818
mac,20210721,183987.42857
mac,20210722,188009
mac,20210723,191835.14286
mac,20210724,195493
mac,20210725,198997.85714
mac,20210726,202452.28571
mac,20210727,205731.28571
mac,20210728,208933.14286
mac,20210729,212043.57143
mac,20210730,215107.42857
mac,20210731,218027.14286
mac,20210801,220879.71429
mac,20210802,223560.14286
mac,20210803,226126.71429
mac,20210804,228489
mac,20210805,230502.71429
mac,20210808,232335.28571
mac,20210809,234112.57143
mac,20210811,236227.14286
mac,20210812,238258.28571
mac,20210813,240326.85714
mac,20210816,243010.57143
mac,20210818,246199.85714
mac,20210823,250173
mac,20210830,255146.85714
mac,20210902,259914.28571
mac,20210906,264903.14286
mac,20210913,271119.14286
mac,20210916,277311.42857
mac,20210920,283895.14286
mac,20210929,290252
mac,20210930,295483
mac,20211001,300440.57143
mac,20211003,305251.28571
mac,20211016,310143.42857
mac,20211018,314760.28571
mac,20211025,320470.28571
mac,20211104,328038.14286
mac,20211122,343432
mac,20211123,358996.71429
mac,20211124,374559.57143
mac,20211126,389114.57143
mac,20211128,403785.28571
mac,20211130,416970.57143
mac,20211202,427932
mac,20211203,431011.14286
mac,20211204,433961.28571
mac,20211205,436771
mac,20211207,439255.85714
mac,20211209,441384.28571
mac,20211211,443228
mac,20211213,444901.57143
mac,20211215,446656.85714
mac,20211216,448362.28571
mac,20211217,450050
mac,20211218,451561.28571
mac,20211220,452957.57143
mac,20211222,454173.57143
mac,20211223,455272.42857
mac,20211225,456200.85714
mac,20211227,457061.57143
mac,20211229,457994.57143
mac,20211230,458896.14286
mac,20220101,459780.14286
mac,20220102,460625
mac,20220103,461379.85714
mac,20220104,462105.71429
mac,20220105,462798.14286
mac,20220106,463359.42857
mac,20220107,463929.85714
mac,20220109,464532
mac,20220110,465165.28571
mac,20220111,465796.42857
mac,20220112,466401.71429
mac,20220113,466996.71429
mac,20220114,467603.71429
mac,20220115,468209.28571
mac,20220116,468716.71429
mac,20220117,469212.28571
mac,20220118,469699
mac,20220119,470180.71429
mac,20220120,470648.71429
mac,20220121,471111.28571
mac,20220122,471562.42857
mac,20220123,472015
mac,20220124,472462.14286
mac,20220125,472926.85714
mac,20220126,473399.28571
mac,20220127,473883
mac,20220128,474365
mac,20220129,474822.28571
mac,20220131,475316
mac,20220201,475753.57143
mac,20220202,476126.85714
mac,20220203,476451.28571
mac,20220204,476746.42857
mac,20220206,477077.57143
mac,20220208,477515.42857
mac,20220209,477927.57143
mac,20220210,478403.28571
mac,20220211,478964.42857
mac,20220213,479684.42857
mac,20220214,480453
mac,20220215,481199.28571
mac,20220216,481859.14286
mac,20220217,482529.85714
mac,20220218,483227.85714
mac,20220219,483952.42857
mac,20220220,484586.85714
mac,20220221,485228.28571
mac,20220222,485859
mac,20220223,486474.71429
mac,20220224,487077.57143
mac,20220225,487667.85714
mac,20220228,488483.85714
mac,20220301,489299.42857
mac,20220302,490078.14286
mac,20220303,490854.57143
mac,20220304,491622.42857
mac,20220307,492544
mac,20220308,493450.71429
mac,20220309,494060.85714
mac,20220310,494649.85714
mac,20220311,495254.14286
mac,20220312,495897
mac,20220313,496555.57143
mac,20220314,497055.14286
mac,20220315,497547.71429
mac,20220316,498062.71429
mac,20220317,498599.28571
mac,20220318,499185.71429
mac,20220320,499911.14286
mac,20220321,500666.71429
mac,20220322,501442.14286
mac,20220323,502237.28571
mac,20220324,503048.28571
mac,20220325,503916.57143
mar,20210219,4867
mar,20210220,9171.5
mar,20210222,14003.33333
mar,20210223,18310.5
mar,20210224,22110.4
mar,20210225,25696.33333
mar,20210226,35802.14286
mar,20210227,58236.28571
mar,20210301,89594
mar,20210302,128192.57143
mar,20210303,175257.85714
mar,20210304,228932.42857
mar,20210305,294120.42857
mar,20210306,363049.71429
mar,20210308,432970.42857
mar,20210309,502132.28571
mar,20210310,582191.85714
mar,20210311,669533.28571
mar,20210312,785522.85714
mar,20210313,924350.85714
mar,20210315,1094140.85714
mar,20210316,1281233
mar,20210317,1481085.57143
mar,20210319,1695096.14286
mar,20210320,1902424.85714
mar,20210322,2086965.28571
mar,20210323,2247174.71429
mar,20210324,2401095.28571
mar,20210325,2559684
mar,20210326,2719064.14286
mar,20210327,2859056.14286
mar,20210329,3006516.57143
mar,20210330,3156481.71429
mar,20210331,3310917
mar,20210401,3442673.28571
mar,20210402,3552595
mar,20210403,3646899.71429
mar,20210405,3735289.85714
mar,20210406,3811964.28571
mar,20210407,3879333.57143
mar,20210408,3936624.85714
mar,20210409,3984631.57143
mar,20210410,4026656
mar,20210411,4063332.42857
mar,20210413,4092528.42857
mar,20210414,4117439.42857
mar,20210415,4136920.28571
mar,20210416,4151901
mar,20210417,4163785.57143
mar,20210419,4171442.14286
mar,20210420,4177910.42857
mar,20210421,4184822.42857
mar,20210422,4190622
mar,20210423,4196770
mar,20210426,4202444.42857
mar,20210427,4209192
mar,20210428,4218698.14286
mar,20210430,4228201.57143
mar,20210501,4236319.57143
mar,20210503,4247029.71429
mar,20210504,4262656.57143
mar,20210505,4280798.14286
mar,20210507,4299309.42857
mar,20210508,4318719.85714
mar,20210510,4339356.28571
mar,20210511,4361277.85714
mar,20210512,4384049
mar,20210514,4401779.42857
mar,20210515,4423746.71429
mar,20210517,4449341.71429
mar,20210518,4476575
mar,20210519,4515008.71429
mar,20210520,4562756.28571
mar,20210521,4616493.85714
mar,20210522,4670838.28571
mar,20210524,4724366
mar,20210525,4789263
mar,20210531,4915989.42857
mar,20210601,5054145
mar,20210602,5196526.14286
mar,20210603,5342635.71429
mar,20210605,5495099.57143
mar,20210607,5679190.71429
mar,20210608,5887829.57143
mar,20210609,6062010.71429
mar,20210610,6238819.85714
mar,20210611,6424926.57143
mar,20210612,6604082.85714
mar,20210614,6807741.71429
mar,20210615,7001507.57143
mar,20210616,7176750.57143
mar,20210617,7348460.57143
mar,20210618,7516818.14286
mar,20210619,7669837.71429
mar,20210621,7863624.85714
mar,20210623,8041097.85714
mar,20210624,8206126.14286
mar,20210625,8364771.14286
mar,20210626,8498093.85714
mar,20210628,8626218.28571
mar,20210630,8768688.42857
mar,20210701,8867200.42857
mar,20210702,8951904.42857
mar,20210703,9021394.57143
mar,20210704,9073975.57143
mar,20210705,9125208.14286
mar,20210706,9159629
mar,20210707,9172289.14286
mar,20210708,9182682
mar,20210709,9191367.28571
mar,20210710,9199876.57143
mar,20210711,9208333.28571
mar,20210712,9226771.42857
mar,20210713,9257402.71429
mar,20210714,9298093.85714
mar,20210715,9354572.71429
mar,20210717,9411634.85714
mar,20210718,9468654.85714
mar,20210719,9542224
mar,20210722,9610292.71429
mar,20210724,9665274.14286
mar,20210725,9709292.57143
mar,20210726,9745867.57143
mar,20210727,9789365.42857
mar,20210728,9845762.85714
mar,20210729,9896837
mar,20210730,9943243
mar,20210731,9990420.14286
mar,20210801,10037806.42857
mar,20210802,10097627.57143
mar,20210803,10190521.85714
mar,20210805,10293098.28571
mar,20210806,10403951.14286
mar,20210807,10515981.71429
mar,20210808,10627212.85714
mar,20210809,10761559.14286
mar,20210810,10880200.28571
mar,20210811,10974677.71429
mar,20210812,11055490.85714
mar,20210813,11126752
mar,20210814,11197245.71429
mar,20210815,11268523.28571
mar,20210816,11350036.57143
mar,20210817,11473770.42857
mar,20210818,11631760.57143
mar,20210819,11831821.71429
mar,20210820,12037686.85714
mar,20210821,12249838.42857
mar,20210822,12465503.57143
mar,20210823,12687063.85714
mar,20210824,12912004.14286
mar,20210827,13188103.57143
mar,20210828,13422057.57143
mar,20210829,13682037.71429
mar,20210831,13988585.14286
mar,20210901,14327739.71429
mar,20210903,14654203.14286
mar,20210904,14936312.14286
mar,20210905,15118867
mar,20210906,15355324.28571
mar,20210908,15565687.28571
mar,20210909,15742455.42857
mar,20210910,15899656
mar,20210914,16099475.42857
mar,20210919,16370906.28571
mar,20210922,16712515.14286
mar,20210925,17050373.42857
mar,20210928,17434345.71429
mar,20211002,17861489.28571
mar,20211009,18391852.71429
mar,20211013,18922096.42857
mar,20211017,19421514
mar,20211019,19874766.57143
mar,20211024,20316458.42857
mar,20211026,20751504.57143
mar,20211031,21150530.28571
mar,20211102,21442741
mar,20211106,21680846.71429
mar,20211114,21904474.42857
mar,20211117,22114602.71429
mar,20211121,22282641.28571
mar,20211124,22405068
mar,20211128,22503549.71429
mar,20211129,22592169.57143
mar,20211204,22670622
mar,20211208,22721156.85714
mar,20211212,22761920.14286
mar,20211214,22800491.28571
mar,20211219,22834363
mar,20211222,22867593.42857
mar,20211227,22900456.71429
mar,20220102,22933175.14286
mar,20220104,22962087.71429
mar,20220110,22991698.85714
mar,20220112,23019324.42857
mar,20220116,23044574.14286
mar,20220118,23067026.57143
mar,20220122,23088097.57143
mar,20220125,23105578.14286
mar,20220126,23121650.71429
mar,20220130,23134739
mar,20220201,23148100.42857
mar,20220206,23161691.14286
mar,20220213,23178057.85714
mar,20220219,23195780
mar,20220227,23215509.85714
mar,20220306,23236825
mar,20220316,23260056.57143
mco,20210304,7163
mco,20210319,7747
mco,20210402,8096.33333
mco,20210415,8787
mco,20210422,9356
mco,20210429,9765.83333
mco,20210506,10085.42857
mco,20210518,10915.71429
mco,20210527,11658
mco,20210603,12411.57143
mco,20210610,13021.57143
mco,20210624,13755.14286
mco,20210701,14595
mco,20210708,15483.85714
mco,20210715,16294
mco,20210722,17052.14286
mco,20210730,17792.85714
mco,20210805,18432.42857
mco,20210819,19031.42857
mco,20210826,19639.71429
mco,20210902,20258.42857
mco,20210909,20853.42857
mco,20210916,21492.57143
mco,20211221,22408.57143
mda,20210415,7997
mda,20210416,8736.5
mda,20210418,9099.33333
mda,20210419,9384.75
mda,20210420,9670.8
mda,20210422,9952
mda,20210423,10172.28571
mda,20210426,10681.28571
mda,20210427,11187.14286
mda,20210428,11926.42857
mda,20210429,12824.85714
mda,20210430,13722.28571
mda,20210504,14716.71429
mda,20210505,15975
mda,20210506,17416
mda,20210507,18884.57143
mda,20210508,20083.71429
mda,20210510,21071.28571
mda,20210511,22253
mda,20210512,23511.57143
mda,20210513,24796.14286
mda,20210514,26192.71429
mda,20210515,27402.42857
mda,20210517,28784
mda,20210518,30335.85714
mda,20210519,31778.71429
mda,20210520,33122.14286
mda,20210521,34374.85714
mda,20210522,35402.85714
mda,20210523,36399.85714
mda,20210524,37443.71429
mda,20210525,39781.14286
mda,20210527,43369.42857
mda,20210528,48199.14286
mda,20210529,53173.42857
mda,20210531,58608.28571
mda,20210601,64682
mda,20210602,71671.85714
mda,20210603,79427.57143
mda,20210605,86092.85714
mda,20210606,91405.57143
mda,20210607,97212.57143
mda,20210609,104525.71429
mda,20210610,112130.14286
mda,20210611,119616.71429
mda,20210612,125425.28571
mda,20210613,131095.42857
mda,20210614,137578.28571
mda,20210615,145329.28571
mda,20210616,153704.85714
mda,20210617,163483.28571
mda,20210618,174158.85714
mda,20210619,184762.14286
mda,20210620,196623.85714
mda,20210621,208739
mda,20210623,219753.28571
mda,20210624,228865.57143
mda,20210625,236428.28571
mda,20210626,242314.85714
mda,20210628,248226.71429
mda,20210629,253277.57143
mda,20210630,258436.42857
mda,20210702,263150.57143
mda,20210703,267295.57143
mda,20210704,270672.42857
mda,20210705,274206.85714
mda,20210706,277930.28571
mda,20210707,281778.57143
mda,20210708,285334.71429
mda,20210709,289286
mda,20210710,293181
mda,20210711,297312.71429
mda,20210712,301754.14286
mda,20210713,306474.28571
mda,20210714,311722
mda,20210715,318677
mda,20210717,326288
mda,20210719,338047.57143
mda,20210721,351902.85714
mda,20210722,368949
mda,20210724,385621.42857
mda,20210725,401251.71429
mda,20210726,415749.57143
mda,20210727,430190.57143
mda,20210728,441779
mda,20210730,453578.28571
mda,20210731,462285.42857
mda,20210801,470573.28571
mda,20210802,479317.14286
mda,20210803,488489
mda,20210806,498335
mda,20210923,540483.42857
mda,20210924,580643.28571
mda,20210926,620238.14286
mda,20210927,660134.71429
mda,20210928,699896.14286
mda,20210930,738704.57143
mda,20211001,775787
mda,20211002,779353
mda,20211004,782761.85714
mda,20211006,786946.85714
mda,20211007,791271.85714
mda,20211008,795572.28571
mda,20211009,799218.14286
mda,20211010,802725.14286
mda,20211012,806529.28571
mda,20211013,810363.85714
mda,20211014,813564.57143
mda,20211015,816658.85714
mda,20211016,819469.85714
mda,20211017,822068.71429
mda,20211018,824813.28571
mda,20211019,828132.57143
mda,20211022,832132
mda,20211023,835964.14286
mda,20211026,840424.57143
mda,20211027,845200.57143
mda,20211028,850436
mda,20211030,856063.57143
mda,20211031,860810.28571
mda,20211101,864918.14286
mda,20211102,869211.57143
mda,20211103,872724.42857
mda,20211104,876082.57143
mda,20211105,879241.71429
mda,20211106,881635.14286
mda,20211107,883888.71429
mda,20211108,885898.85714
mda,20211110,888201.42857
mda,20211113,890994.14286
mda,20211115,893823.28571
mda,20211116,896643.14286
mda,20211117,899676.42857
mda,20211118,902985
mda,20211119,906429.42857
mda,20211120,909314.42857
mda,20211121,911383.28571
mda,20211122,913439
mda,20211124,915879.42857
mda,20211125,918342.85714
mda,20211128,921123
mda,20211129,923909.28571
mda,20211130,926954
mda,20211202,930597.71429
mda,20211203,934135
mda,20211204,937117.85714
mda,20211206,940002.71429
mda,20211207,942499.57143
mda,20211208,944905.71429
mda,20211211,947605
mda,20211212,949706.28571
mda,20211213,951944.28571
mda,20211215,954215.42857
mda,20211217,956702.71429
mda,20211219,959008.42857
mda,20211220,961181.71429
mda,20211221,962885.71429
mda,20211222,964707.42857
mda,20211223,966438
mda,20211225,968324.42857
mda,20211226,969749.71429
mda,20211227,971341.71429
mda,20211228,973325.28571
mda,20211230,975296.28571
mda,20211231,977164.71429
mda,20220101,978704.14286
mda,20220102,979877.14286
mda,20220103,981139
mda,20220104,982315.71429
mda,20220105,983141.28571
mda,20220106,983926.71429
mda,20220107,984673
mda,20220108,985468.85714
mda,20220110,986552.71429
mda,20220111,987810.14286
mda,20220112,989425.14286
mda,20220114,991061.57143
mda,20220115,992583.42857
mda,20220116,994106.57143
mda,20220117,995784.85714
mda,20220118,997382.42857
mda,20220119,998850.85714
mda,20220120,999976.85714
mda,20220121,1001068.28571
mda,20220123,1002110.42857
mda,20220124,1003282.28571
mda,20220125,1004421.71429
mda,20220126,1005507.28571
mda,20220127,1006551.14286
mda,20220128,1007507.71429
mda,20220129,1008296.85714
mda,20220130,1009081.42857
mda,20220131,1009860.28571
mda,20220201,1010606.85714
mda,20220202,1011352.57143
mda,20220203,1012129
mda,20220205,1012998.28571
mda,20220207,1013842
mda,20220208,1014944.57143
mda,20220210,1016226.14286
mda,20220212,1017533.71429
mda,20220213,1018758.85714
mda,20220214,1020002.85714
mda,20220216,1021243.57143
mda,20220218,1022844.71429
mda,20220219,1024409.57143
mda,20220221,1025916.42857
mda,20220222,1027453
mda,20220224,1029314.85714
mda,20220226,1031201.85714
mda,20220227,1032959.42857
mda,20220228,1034567.42857
mda,20220301,1036098.85714
mda,20220302,1037488.57143
mda,20220303,1038837.28571
mda,20220304,1039914
mda,20220307,1040943.14286
mda,20220308,1041911.57143
mda,20220309,1042796.28571
mda,20220310,1043668
mda,20220313,1044610.42857
mda,20220314,1045528.57143
mda,20220315,1046471.28571
mda,20220316,1047246.14286
mda,20220317,1048132.57143
mda,20220318,1048953.71429
mda,20220319,1049654.14286
mda,20220320,1050165.28571
mda,20220321,1050615
mda,20220322,1050987.85714
mda,20220323,1051417.85714
mda,20220324,1051797
mda,20220325,1052168.28571
mdg,20210920,184632
mdg,20211020,184632
mdg,20211118,258474.33333
mdg,20211122,300158.5
mdg,20211129,337040.8
mdg,20211206,371060.66667
mdg,20220105,427639.57143
mdg,20220205,533626.85714
mdg,20220215,643878.85714
mdg,20220228,726993.28571
mdg,20220307,810885
mdg,20220314,888493.14286
mdv,20210403,1721
mdv,20210404,2729
mdv,20210405,3737
mdv,20210406,4790.5
mdv,20210407,5946.2
mdv,20210408,7447
mdv,20210409,8544.71429
mdv,20210410,10483.71429
mdv,20210412,13574
mdv,20210414,16890.71429
mdv,20210415,20687.85714
mdv,20210416,24220
mdv,20210417,27831.28571
mdv,20210418,32215
mdv,20210419,37365.85714
mdv,20210420,41858.42857
mdv,20210421,46660.71429
mdv,20210422,51699.42857
mdv,20210423,56797.85714
mdv,20210424,62039.71429
mdv,20210425,67326.85714
mdv,20210426,72655.28571
mdv,20210427,77768.85714
mdv,20210428,82733.57143
mdv,20210429,87239.85714
mdv,20210501,91755
mdv,20210502,96265.14286
mdv,20210503,100752.71429
mdv,20210504,105162.57143
mdv,20210505,109586.71429
mdv,20210506,113794
mdv,20210507,117625.57143
mdv,20210508,121668
mdv,20210509,125311.28571
mdv,20210510,128449.14286
mdv,20210511,131216.57143
mdv,20210512,133573.28571
mdv,20210513,135556.14286
mdv,20210514,137424.85714
mdv,20210515,139143
mdv,20210516,140768
mdv,20210517,142407.57143
mdv,20210518,143914
mdv,20210519,145485.57143
mdv,20210521,147382.14286
mdv,20210522,149489.85714
mdv,20210523,151655.85714
mdv,20210524,153678.42857
mdv,20210525,155645.85714
mdv,20210526,157499.85714
mdv,20210527,159315.57143
mdv,20210528,160753.71429
mdv,20210529,162065
mdv,20210530,163267.14286
mdv,20210531,164442.42857
mdv,20210601,165504.57143
mdv,20210602,166603.42857
mdv,20210603,167650
mdv,20210604,168691.42857
mdv,20210605,169703.14286
mdv,20210606,170674.71429
mdv,20210607,171603.57143
mdv,20210608,172493.42857
mdv,20210609,173325.57143
mdv,20210610,174137.42857
mdv,20210612,175089.71429
mdv,20210613,176003.42857
mdv,20210614,176881.28571
mdv,20210615,177738
mdv,20210616,178595.14286
mdv,20210617,179427.85714
mdv,20210619,180273.14286
mdv,20210620,181045.14286
mdv,20210621,181838.42857
mdv,20210622,182614
mdv,20210623,183387.57143
mdv,20210624,184166.57143
mdv,20210625,184883.42857
mdv,20210626,185600.71429
mdv,20210627,186374.28571
mdv,20210628,187133.85714
mdv,20210629,187899.85714
mdv,20210630,188622.42857
mdv,20210701,189318.14286
mdv,20210702,190025
mdv,20210703,190680
mdv,20210704,191539.14286
mdv,20210705,193004.14286
mdv,20210706,195292.42857
mdv,20210707,198481.42857
mdv,20210708,202512.85714
mdv,20210709,206687.85714
mdv,20210711,212872.71429
mdv,20210712,219668.14286
mdv,20210713,226390.57143
mdv,20210714,232817.28571
mdv,20210715,238849.85714
mdv,20210716,244034.57143
mdv,20210717,249402.42857
mdv,20210719,252851.85714
mdv,20210721,255410.57143
mdv,20210722,257378.85714
mdv,20210723,258742
mdv,20210724,259557.85714
mdv,20210726,260365.14286
mdv,20210727,260879.85714
mdv,20210728,261352.14286
mdv,20210730,262013.85714
mdv,20210731,263103.14286
mdv,20210801,264642.85714
mdv,20210802,266636.85714
mdv,20210803,269046
mdv,20210804,271649.57143
mdv,20210806,274447.57143
mdv,20210807,277221.28571
mdv,20210808,279748
mdv,20210809,282040.42857
mdv,20210810,284438.57143
mdv,20210811,286500.85714
mdv,20210812,288466
mdv,20210813,290139
mdv,20210814,291669
mdv,20210815,293089.14286
mdv,20210816,294360.42857
mdv,20210817,295112.85714
mdv,20210818,295777.28571
mdv,20210819,296380
mdv,20210820,296959.14286
mdv,20210821,297536
mdv,20210822,298066.85714
mdv,20210823,298576.28571
mdv,20210824,299065.42857
mdv,20210825,299510.42857
mdv,20210826,299903.28571
mdv,20210827,300299.14286
mdv,20210828,300648.57143
mdv,20210829,300972.71429
mdv,20210830,301275.28571
mdv,20210831,301573.14286
mdv,20210903,301975.14286
mdv,20210904,302345
mdv,20210905,302741.57143
mdv,20210906,303319.85714
mdv,20210907,304211
mdv,20210908,305412.42857
mdv,20210909,307055
mdv,20210910,308704.14286
mdv,20210911,310906
mdv,20210912,313421
mdv,20210913,316007.85714
mdv,20210914,318587.71429
mdv,20210915,321164.57143
mdv,20210916,323452
mdv,20210917,325634.42857
mdv,20210918,327395.14286
mdv,20210920,328960.71429
mdv,20210921,330386.85714
mdv,20210923,331679
mdv,20210924,332630.85714
mdv,20210925,333474.28571
mdv,20210927,334472.42857
mdv,20210929,335471.57143
mdv,20210930,336464.71429
mdv,20211002,337474.42857
mdv,20211003,338360.42857
mdv,20211004,339366.71429
mdv,20211005,340398.57143
mdv,20211006,341374.28571
mdv,20211008,342346.28571
mdv,20211009,343277
mdv,20211010,344141.42857
mdv,20211011,345021
mdv,20211012,345924.57143
mdv,20211013,346821.57143
mdv,20211014,347766.71429
mdv,20211016,348619
mdv,20211017,349415.28571
mdv,20211019,350250.42857
mdv,20211020,351043.28571
mdv,20211021,351773.42857
mdv,20211023,352478.57143
mdv,20211024,353052.85714
mdv,20211025,353635.85714
mdv,20211026,354238.14286
mdv,20211028,354875.42857
mdv,20211030,355482.57143
mdv,20211031,356053.14286
mdv,20211101,356598.57143
mdv,20211102,357167.85714
mdv,20211106,357759.85714
mdv,20211108,358327.28571
mdv,20211109,358766.28571
mdv,20211110,359227.14286
mdv,20211114,359685.71429
mdv,20211115,360116.42857
mdv,20211116,360494.57143
mdv,20211117,360814.71429
mdv,20211118,361126.57143
mdv,20211121,361435.85714
mdv,20211122,361712
mdv,20211123,361964.14286
mdv,20211125,362243.14286
mdv,20211127,362517.28571
mdv,20211128,362795.14286
mdv,20211130,363101
mdv,20211201,363372.85714
mdv,20211202,363642.14286
mdv,20211204,363896.14286
mdv,20211205,364116.42857
mdv,20211206,364331.28571
mdv,20211207,364540.71429
mdv,20211209,364719.28571
mdv,20211211,364898.28571
mdv,20211212,365070
mdv,20211213,365242.14286
mdv,20211214,365412.14286
mdv,20211215,365587
mdv,20211216,365746.85714
mdv,20211218,365872.28571
mdv,20211219,365997.42857
mdv,20211220,366118.57143
mdv,20211222,366264.71429
mdv,20211226,366434.14286
mdv,20211227,366599.28571
mdv,20211228,366768
mdv,20211229,366945.14286
mdv,20220102,367132.85714
mdv,20220104,367334.71429
mdv,20220105,367506.42857
mdv,20220106,367646.28571
mdv,20220108,367783.28571
mdv,20220109,367910.71429
mdv,20220110,368039.42857
mdv,20220112,368175.14286
mdv,20220115,368301.71429
mdv,20220116,368425.57143
mdv,20220117,368545.42857
mdv,20220119,368672.14286
mdv,20220122,368802.57143
mdv,20220123,368931.28571
mdv,20220124,369033.42857
mdv,20220125,369129.57143
mdv,20220126,369234.42857
mdv,20220129,369353
mdv,20220130,369464.42857
mdv,20220131,369569
mdv,20220201,369674.28571
mdv,20220202,369776.42857
mdv,20220205,369871.14286
mdv,20220206,369958.28571
mdv,20220207,370035.71429
mdv,20220208,370105.85714
mdv,20220209,370173.85714
mdv,20220210,370236.14286
mdv,20220212,370292.85714
mdv,20220213,370354
mdv,20220215,370415.85714
mdv,20220217,370477.28571
mdv,20220219,370534.28571
mdv,20220221,370600.71429
mdv,20220222,370663.71429
mdv,20220223,370726.28571
mdv,20220224,370791.71429
mdv,20220226,370847.85714
mdv,20220227,370899.71429
mdv,20220228,370954.14286
mdv,20220301,370998.14286
mdv,20220302,371041.57143
mdv,20220303,371086
mdv,20220305,371121.85714
mdv,20220306,371161
mdv,20220307,371195.28571
mdv,20220308,371229
mdv,20220309,371261.42857
mdv,20220310,371295.71429
mdv,20220312,371330.14286
mex,20210115,1958
mex,20210116,2089.5
mex,20210117,2537.66667
mex,20210118,3539.75
mex,20210119,4753.6
mex,20210120,5861.66667
mex,20210121,7598.28571
mex,20210122,10187.57143
mex,20210123,13080.57143
mex,20210124,16187.85714
mex,20210125,19354.85714
mex,20210126,22455.57143
mex,20210127,25300.14286
mex,20210128,27199.57143
mex,20210129,28815.85714
mex,20210130,31178.28571
mex,20210131,33557.85714
mex,20210201,35663.57143
mex,20210202,37725.57143
mex,20210203,40989.57143
mex,20210204,45193.57143
mex,20210205,49886.28571
mex,20210206,54756.42857
mex,20210207,59612.71429
mex,20210208,64751.85714
mex,20210210,70301
mex,20210211,74753.85714
mex,20210212,78346
mex,20210213,81480.57143
mex,20210215,83351.71429
mex,20210216,84832
mex,20210217,87723
mex,20210219,135485.71429
mex,20210220,186926.57143
mex,20210221,239379.14286
mex,20210222,292240.42857
mex,20210223,346255.28571
mex,20210224,401854
mex,20210225,462817.71429
mex,20210226,483300.57143
mex,20210227,500437.57143
mex,20210228,516490.14286
mex,20210301,532364.57143
mex,20210302,547547.42857
mex,20210303,563868.85714
mex,20210305,574829.14286
mex,20210306,580705.71429
mex,20210308,586271.71429
mex,20210309,592040
mex,20210310,597563.14286
mex,20210312,603117.14286
mex,20210313,606007.85714
mex,20210314,606971.71429
mex,20210315,607892
mex,20210317,611112.28571
mex,20210318,616969.57143
mex,20210320,629779.14286
mex,20210321,645108.85714
mex,20210322,662907.28571
mex,20210324,685492.71429
mex,20210325,710335.71429
mex,20210326,736764.71429
mex,20210327,761976.42857
mex,20210329,784158.14286
mex,20210331,816882.57143
mex,20210402,863147.14286
mex,20210403,908225.85714
mex,20210404,955079.28571
mex,20210405,1006835.14286
mex,20210406,1075401
mex,20210407,1164178.57143
mex,20210408,1266867
mex,20210409,1380686
mex,20210410,1508255.57143
mex,20210411,1645120.85714
mex,20210412,1795073.85714
mex,20210413,1984896.85714
mex,20210414,2196654.14286
mex,20210415,2428404.14286
mex,20210416,2689263.57143
mex,20210417,2956117
mex,20210418,3221472.14286
mex,20210419,3491082.85714
mex,20210420,3759771.42857
mex,20210421,4048912.42857
mex,20210422,4343244.42857
mex,20210423,4623964.57143
mex,20210424,4907620
mex,20210425,5191958.42857
mex,20210426,5475648.85714
mex,20210428,5795571.14286
mex,20210429,6098656.71429
mex,20210430,6397686.28571
mex,20210501,6683978.42857
mex,20210502,6964353.85714
mex,20210504,7321584.57143
mex,20210505,7706399
mex,20210506,8040680
mex,20210507,8358581
mex,20210508,8644268.42857
mex,20210509,8906646.28571
mex,20210511,9150545.28571
mex,20210512,9356671.28571
mex,20210513,9544948.14286
mex,20210516,9760980.57143
mex,20210517,9950541.14286
mex,20210519,10192165.85714
mex,20210520,10463210.42857
mex,20210521,10761032.71429
mex,20210522,11026606.28571
mex,20210523,11266020.71429
mex,20210524,11436031.85714
mex,20210525,11604561.57143
mex,20210526,11717142.42857
mex,20210528,11834381.28571
mex,20210529,11939500.28571
mex,20210530,12035222
mex,20210531,12125329.57143
mex,20210601,12241077.42857
mex,20210602,12396398.42857
mex,20210603,12610351.57143
mex,20210604,12838506.42857
mex,20210605,13095316
mex,20210606,13342175.42857
mex,20210607,13596181.28571
mex,20210608,13846765.85714
mex,20210609,14092442
mex,20210610,14282530
mex,20210611,14441047.71429
mex,20210612,14567532.85714
mex,20210613,14702478.14286
mex,20210614,14842816.85714
mex,20210615,14989160.28571
mex,20210616,15119454.85714
mex,20210617,15273376.85714
mex,20210618,15454164.85714
mex,20210619,15671710.14286
mex,20210620,15904989.85714
mex,20210621,16172422.42857
mex,20210622,16469652.42857
mex,20210623,16820359.42857
mex,20210624,17181031.57143
mex,20210625,17532156.14286
mex,20210626,17865958.71429
mex,20210627,18188447.57143
mex,20210628,18485483.71429
mex,20210629,18756154.42857
mex,20210630,18979015.71429
mex,20210701,19169970.14286
mex,20210702,19330057.85714
mex,20210704,19468047.57143
mex,20210705,19608586
mex,20210706,19739154.85714
mex,20210707,19881530.85714
mex,20210708,20021886.14286
mex,20210709,20155395.42857
mex,20210710,20295556.28571
mex,20210711,20429432.14286
mex,20210712,20573539.42857
mex,20210713,20726069.57143
mex,20210714,20857357.57143
mex,20210715,20978480.57143
mex,20210716,21107597.14286
mex,20210717,21234751.28571
mex,20210718,21368187.42857
mex,20210720,21518285.85714
mex,20210721,21687087.85714
mex,20210722,21878479.71429
mex,20210723,22124865.42857
mex,20210724,22421680
mex,20210725,22754382.14286
mex,20210726,23089819.28571
mex,20210727,23437219.57143
mex,20210728,23803780
mex,20210729,24173938.42857
mex,20210730,24515345.14286
mex,20210731,24818900.14286
mex,20210801,25081319.28571
mex,20210802,25332841.71429
mex,20210803,25544862.14286
mex,20210804,25730122.42857
mex,20210805,25915621
mex,20210806,26104640.14286
mex,20210808,26305563.42857
mex,20210809,26529972.14286
mex,20210810,26771874.14286
mex,20210811,27024058.14286
mex,20210812,27289580.57143
mex,20210813,27558232.14286
mex,20210814,27831419.71429
mex,20210815,28104612.42857
mex,20210816,28372652.71429
mex,20210817,28644062.14286
mex,20210818,28962025.85714
mex,20210819,29277464.71429
mex,20210820,29578320.42857
mex,20210821,29864070.14286
mex,20210822,30131689
mex,20210823,30381994.42857
mex,20210824,30641644
mex,20210825,30898836.71429
mex,20210826,31192912.14286
mex,20210827,31523124.28571
mex,20210828,31876498.71429
mex,20210829,32243605.28571
mex,20210830,32619161.42857
mex,20210831,33005268.42857
mex,20210901,33373625.85714
mex,20210902,33713344.14286
mex,20210903,33978295.71429
mex,20210904,34293279.28571
mex,20210905,34598165.57143
mex,20210906,34911427.71429
mex,20210907,35235476.14286
mex,20210909,35604320.14286
mex,20210910,36105048.85714
mex,20210911,36694447.42857
mex,20210912,37215250.14286
mex,20210913,37743257.42857
mex,20210914,38319999.28571
mex,20210915,38940304.71429
mex,20210916,39530808.14286
mex,20210917,39952784.28571
mex,20210918,40335804.57143
mex,20210919,40711233.71429
mex,20210920,41082434.42857
mex,20210921,41418054
mex,20210922,41729869.71429
mex,20210923,42051431.85714
mex,20210924,42437891.71429
mex,20210925,42840101.14286
mex,20210926,43241823
mex,20210927,43628681.71429
mex,20210928,44014751.71429
mex,20210929,44381674.28571
mex,20210930,44713655.14286
mex,20211002,44995656.42857
mex,20211004,45249351.85714
mex,20211006,45506327.71429
mex,20211007,45843535.57143
mex,20211008,46242079.28571
mex,20211009,46653841.14286
mex,20211011,47069544
mex,20211012,47509578.85714
mex,20211014,48014500.28571
mex,20211017,48652041.71429
mex,20211018,49267014.14286
mex,20211019,49814039
mex,20211020,50327874.85714
mex,20211021,50847215.14286
mex,20211022,51364976.57143
mex,20211023,51845115.57143
mex,20211024,52232955.85714
mex,20211025,52598999.85714
mex,20211026,53050697.28571
mex,20211029,53647787.57143
mex,20211030,54826119.14286
mex,20211031,55978480.85714
mex,20211101,57075559.42857
mex,20211103,58108057.28571
mex,20211104,59134128.14286
mex,20211107,60202815.42857
mex,20211108,61105904.85714
mex,20211110,61437167.42857
mex,20211111,61768074.85714
mex,20211114,62157205.85714
mex,20211115,62540046.14286
mex,20211116,62878736.14286
mex,20211117,63068925.28571
mex,20211118,63272644
mex,20211120,63479348.28571
mex,20211121,63674755.57143
mex,20211122,63812435.42857
mex,20211124,63970622.57143
mex,20211125,64143684
mex,20211127,64334381.57143
mex,20211128,64510436.71429
mex,20211129,64630321.71429
mex,20211130,64743033.14286
mex,20211201,64853387.42857
mex,20211202,64948342.85714
mex,20211205,65063166.14286
mex,20211208,65164969.71429
mex,20211209,65266071.85714
mex,20211211,65413539.42857
mex,20211212,65572346.14286
mex,20211213,65734555.85714
mex,20211215,65919227.57143
mex,20211216,66085523.71429
mex,20211219,66256523.42857
mex,20211220,67265662.57143
mex,20211224,68222192.71429
mex,20211228,69165266
mex,20211230,70101725.42857
mex,20220101,71014178.42857
mex,20220102,71908837.71429
mex,20220103,72781577.71429
mex,20220104,72808338
mex,20220105,72848464.14286
mex,20220106,72933555.14286
mex,20220108,73084934.57143
mex,20220109,73257344.14286
mex,20220110,73437045.14286
mex,20220111,73635257.28571
mex,20220113,73903816.85714
mex,20220114,74201019.57143
mex,20220115,74490612.85714
mex,20220116,74744502.71429
mex,20220118,74995290
mex,20220119,75266655.85714
mex,20220120,75544142.85714
mex,20220121,75770422.85714
mex,20220123,75978926.57143
mex,20220124,76148269.28571
mex,20220125,76291293.57143
mex,20220126,76418769.71429
mex,20220127,76552274.71429
mex,20220130,76688015.71429
mex,20220131,76804257.42857
mex,20220201,76907448.28571
mex,20220202,77012895.42857
mex,20220203,77121481
mex,20220204,77232426.42857
mex,20220206,77326800.57143
mex,20220207,77396089.85714
mex,20220208,77463637.71429
mex,20220209,77523282
mex,20220210,77581514.28571
mex,20220211,77643089.85714
mex,20220212,77701249.57143
mex,20220213,77747311.42857
mex,20220214,77795650.14286
mex,20220215,77919518.57143
mex,20220216,78043616.71429
mex,20220217,78165090.28571
mex,20220218,78273612.71429
mex,20220220,78384802.42857
mex,20220221,78492859
mex,20220223,78606761.14286
mex,20220224,78649455.57143
mex,20220227,78700917.42857
mex,20220228,78752301.71429
mex,20220301,78806108.57143
mex,20220302,78852438.57143
mex,20220303,78900144
mex,20220304,78943080.71429
mex,20220306,78987714.57143
mex,20220308,79026185.71429
mex,20220309,79066643.42857
mex,20220310,79108048.42857
mex,20220312,79159191.28571
mex,20220314,79211462.57143
mex,20220315,79262983.28571
mex,20220316,79309041.14286
mex,20220317,79352095.57143
mex,20220318,79394521.28571
mex,20220320,79437569.14286
mex,20220321,79466225.42857
mex,20220322,79490221.14286
mex,20220323,79511881.42857
mex,20220325,79539401.85714
mkd,20210510,23862
mkd,20210511,24356.5
mkd,20210512,24787
mkd,20210515,25194
mkd,20210518,26475
mkd,20210519,27701
mkd,20210520,28938.85714
mkd,20210521,31030.71429
mkd,20210522,33024.28571
mkd,20210523,34904
mkd,20210526,37249.14286
mkd,20210527,40535
mkd,20210528,44247
mkd,20210529,49203.28571
mkd,20210531,55313
mkd,20210601,63220.14286
mkd,20210602,73054.71429
mkd,20210603,84270.57143
mkd,20210604,94446.14286
mkd,20210605,105765.85714
mkd,20210606,117153.71429
mkd,20210608,128385.85714
mkd,20210609,138975.57143
mkd,20210610,148885.85714
mkd,20210611,158282.71429
mkd,20210614,167882.71429
mkd,20210615,175882
mkd,20210616,182521.42857
mkd,20210617,188127.85714
mkd,20210621,193209.57143
mkd,20210622,197372.85714
mkd,20210623,200440.28571
mkd,20210624,203179.14286
mkd,20210625,205629.57143
mkd,20210626,208103.85714
mkd,20210629,210949.28571
mkd,20210630,213381.85714
mkd,20210701,215789.14286
mkd,20210702,218181.71429
mkd,20210703,220417.42857
mkd,20210705,223330.85714
mkd,20210706,226581
mkd,20210707,229665.28571
mkd,20210708,232928.57143
mkd,20210709,236102.42857
mkd,20210712,239416.57143
mkd,20210713,242914.71429
mkd,20210714,246814.57143
mkd,20210715,251069.42857
mkd,20210716,255566.28571
mkd,20210721,264434.42857
mkd,20210722,274958.57143
mkd,20210723,286641.57143
mkd,20210726,300788.85714
mkd,20210727,315294.14286
mkd,20210728,328769.14286
mkd,20210729,343073.14286
mkd,20210730,353841.42857
mkd,20210731,364078.85714
mkd,20210803,374224
mkd,20210804,382483.57143
mkd,20210805,390366.85714
mkd,20210806,399499
mkd,20210809,409040.57143
mkd,20210810,418387.85714
mkd,20210811,427563
mkd,20210812,436256.71429
mkd,20210814,445191.28571
mkd,20210816,454151.14286
mkd,20210817,462738
mkd,20210818,470183.85714
mkd,20210819,477211
mkd,20210820,483660.42857
mkd,20210823,489547.42857
mkd,20210825,494649.57143
mkd,20210826,499314.71429
mkd,20210827,503790.85714
mkd,20210828,508164.42857
mkd,20210831,513197.28571
mkd,20210901,518783.42857
mkd,20210902,525026.85714
mkd,20210908,536759.71429
mkd,20210910,549874.85714
mkd,20210911,565086.42857
mkd,20210913,581430.57143
mkd,20210915,598107.14286
mkd,20210917,616493.14286
mkd,20210921,637021.85714
mkd,20210922,652489.57143
mkd,20210923,666787.14286
mkd,20210925,679766.71429
mkd,20210928,691904.28571
mkd,20210929,702913.71429
mkd,20210930,711326
mkd,20211001,716895.71429
mkd,20211005,722628.85714
mkd,20211006,727906.57143
mkd,20211008,732375.14286
mkd,20211010,736290.42857
mkd,20211014,740767.71429
mkd,20211015,745250
mkd,20211018,749610.42857
mkd,20211019,753189.28571
mkd,20211020,756636.57143
mkd,20211021,759651.71429
mkd,20211022,762399.85714
mkd,20211026,764541.14286
mkd,20211028,766760.57143
mkd,20211029,768781.57143
mkd,20211101,770609.28571
mkd,20211103,772423.85714
mkd,20211104,774132.57143
mkd,20211108,775940.57143
mkd,20211115,778047.85714
mkd,20211117,780090.71429
mkd,20211126,782976.71429
mkd,20211212,787075.71429
mkd,20211219,791934.14286
mkd,20211226,797404.85714
mkd,20220116,803829.42857
mkd,20220130,809892.57143
mkd,20220206,815937.28571
mkd,20220213,821202.71429
mkd,20220220,825215.57143
mkd,20220227,828329.14286
mkd,20220306,830818.57143
mkd,20220320,832207.57143
mli,20210514,13064
mli,20210521,14074.5
mli,20210526,18246.66667
mli,20210531,22050.5
mli,20210608,25838.6
mli,20210610,28545.66667
mli,20210614,30487.85714
mli,20210620,35116.42857
mli,20210624,39578.14286
mli,20210705,42746.85714
mli,20210712,45373.14286
mli,20210803,47517.14286
mli,20210809,53859.42857
mli,20210828,60193.14286
mli,20210901,66052.14286
mli,20210906,71789.28571
mli,20210913,77175.71429
mli,20210920,82123
mli,20210922,86477
mli,20210927,107239
mli,20211001,129216.71429
mli,20211015,153642.85714
mli,20211027,178792
mli,20211102,205255.57143
mli,20211121,233113.85714
mli,20211124,265401.14286
mli,20211128,278096.85714
mli,20211216,292788.42857
mli,20211220,306451.71429
mli,20211223,322459
mli,20211228,339757.14286
mli,20220102,358298.42857
mli,20220105,387690
mli,20220107,419793.14286
mli,20220121,460860.85714
mli,20220214,512069.57143
mli,20220221,568144
mli,20220225,626069
mli,20220304,693262.42857
mli,20220311,748810
mli,20220318,804596.57143
mlt,20210124,1198
mlt,20210125,1330.5
mlt,20210126,1451.66667
mlt,20210127,1612.5
mlt,20210128,1793.6
mlt,20210129,1989.5
mlt,20210130,2199
mlt,20210131,2591.85714
mlt,20210201,3022.28571
mlt,20210202,3479
mlt,20210203,3952.57143
mlt,20210204,4515.28571
mlt,20210205,5176
mlt,20210206,5932.14286
mlt,20210207,6785
mlt,20210208,7724.14286
mlt,20210209,8759
mlt,20210210,9833
mlt,20210211,10884.85714
mlt,20210212,11905.57143
mlt,20210213,12884.42857
mlt,20210214,13791.14286
mlt,20210215,14655.71429
mlt,20210216,15471.14286
mlt,20210217,16272.28571
mlt,20210218,17040.71429
mlt,20210219,17767.71429
mlt,20210220,18423.14286
mlt,20210221,19032.57143
mlt,20210222,19612.28571
mlt,20210223,20172.85714
mlt,20210224,20739.28571
mlt,20210225,21338.71429
mlt,20210226,22094.42857
mlt,20210227,23036.14286
mlt,20210228,24110
mlt,20210301,25233
mlt,20210302,26373.14286
mlt,20210303,27491.42857
mlt,20210304,28582.71429
mlt,20210305,29524.42857
mlt,20210306,30330
mlt,20210307,31017.71429
mlt,20210308,31754.85714
mlt,20210309,32518.42857
mlt,20210310,33363.71429
mlt,20210311,34242
mlt,20210312,35188.14286
mlt,20210313,36142.28571
mlt,20210314,37118.42857
mlt,20210315,38047
mlt,20210316,38870.71429
mlt,20210317,39638.57143
mlt,20210318,40406.42857
mlt,20210319,41111.28571
mlt,20210320,41799.85714
mlt,20210321,42483.85714
mlt,20210322,43141.71429
mlt,20210323,43896.14286
mlt,20210324,44676.14286
mlt,20210325,45587
mlt,20210326,46556
mlt,20210327,47504.28571
mlt,20210328,48469.14286
mlt,20210329,49476.85714
mlt,20210330,50534
mlt,20210331,51605
mlt,20210401,52557
mlt,20210402,53567.42857
mlt,20210403,54631.28571
mlt,20210404,55744.85714
mlt,20210405,56852.85714
mlt,20210406,57934.42857
mlt,20210407,59153.85714
mlt,20210408,60526.42857
mlt,20210409,62007.57143
mlt,20210410,63622.14286
mlt,20210411,65400.57143
mlt,20210412,67394.42857
mlt,20210413,69606.14286
mlt,20210414,71752.57143
mlt,20210415,73962
mlt,20210416,76104.14286
mlt,20210417,78225
mlt,20210418,80146.71429
mlt,20210419,82106.28571
mlt,20210420,84046.28571
mlt,20210421,86273.14286
mlt,20210422,88553.14286
mlt,20210423,90866.14286
mlt,20210424,93069.28571
mlt,20210425,95319.71429
mlt,20210426,97429
mlt,20210427,99387.42857
mlt,20210428,100921.28571
mlt,20210429,102206.57143
mlt,20210430,103401
mlt,20210501,104635.57143
mlt,20210502,105782.71429
mlt,20210503,106839.57143
mlt,20210504,107901.85714
mlt,20210505,109082.85714
mlt,20210506,110469.28571
mlt,20210507,112065.14286
mlt,20210508,113666.71429
mlt,20210509,115448
mlt,20210510,117435.14286
mlt,20210511,119711.85714
mlt,20210512,122255.57143
mlt,20210513,124826.85714
mlt,20210514,127507.71429
mlt,20210515,130610
mlt,20210516,133796
mlt,20210517,137199.42857
mlt,20210518,140817.42857
mlt,20210519,144810.57143
mlt,20210520,149207.85714
mlt,20210521,153808.14286
mlt,20210522,158680
mlt,20210523,163930.85714
mlt,20210524,169057.85714
mlt,20210525,174268.42857
mlt,20210526,179606.57143
mlt,20210527,184761.71429
mlt,20210528,189564.28571
mlt,20210529,193846.42857
mlt,20210530,197828.57143
mlt,20210531,201675.71429
mlt,20210601,205856.57143
mlt,20210602,209533.57143
mlt,20210603,213268.14286
mlt,20210604,217239.42857
mlt,20210605,221325.85714
mlt,20210606,225185.14286
mlt,20210607,229231
mlt,20210608,232792.57143
mlt,20210609,236416.71429
mlt,20210610,240018.42857
mlt,20210611,243659.14286
mlt,20210612,247245.28571
mlt,20210613,250858.28571
mlt,20210614,254613
mlt,20210615,258541.85714
mlt,20210616,262450
mlt,20210617,266312.14286
mlt,20210618,270116.42857
mlt,20210619,273957.57143
mlt,20210620,277924.85714
mlt,20210621,281523.42857
mlt,20210622,284937.14286
mlt,20210623,288484.28571
mlt,20210624,292105.85714
mlt,20210625,295660.42857
mlt,20210626,299096.71429
mlt,20210627,302419.28571
mlt,20210628,306060.42857
mlt,20210629,309768.14286
mlt,20210630,313588.14286
mlt,20210701,317162.57143
mlt,20210702,320742.42857
mlt,20210703,324354.14286
mlt,20210704,327975.14286
mlt,20210705,331497.28571
mlt,20210706,334520.28571
mlt,20210707,337202.42857
mlt,20210708,339742.28571
mlt,20210709,342097
mlt,20210710,344212.42857
mlt,20210711,346146.42857
mlt,20210712,347713.85714
mlt,20210713,349250.71429
mlt,20210714,350574
mlt,20210715,351752
mlt,20210716,352716.28571
mlt,20210717,353755.57143
mlt,20210718,354787
mlt,20210719,355879.42857
mlt,20210720,357073.28571
mlt,20210721,358358.14286
mlt,20210722,359774.42857
mlt,20210723,361589.28571
mlt,20210724,363332.85714
mlt,20210725,365137
mlt,20210726,366959.85714
mlt,20210727,368801.42857
mlt,20210728,370580
mlt,20210729,372596.71429
mlt,20210730,374359.57143
mlt,20210731,376190.14286
mlt,20210801,377995.57143
mlt,20210802,379888
mlt,20210803,381835
mlt,20210804,383868.85714
mlt,20210805,385738
mlt,20210806,387689.71429
mlt,20210807,389587.14286
mlt,20210808,391492.14286
mlt,20210809,393360.57143
mlt,20210810,395127.57143
mlt,20210811,396810.42857
mlt,20210812,398369.71429
mlt,20210813,399744.57143
mlt,20210814,401050.57143
mlt,20210815,402279.14286
mlt,20210816,403343.42857
mlt,20210817,404280
mlt,20210818,405103.42857
mlt,20210819,405817
mlt,20210820,406484.42857
mlt,20210821,407121.14286
mlt,20210822,407753
mlt,20210823,408380.28571
mlt,20210824,408981.28571
mlt,20210825,409537.28571
mlt,20210826,410024.71429
mlt,20210827,410440.85714
mlt,20210828,410850.28571
mlt,20210829,411261.57143
mlt,20210830,411611.57143
mlt,20210831,411930.85714
mlt,20210901,412215.85714
mlt,20210902,412483
mlt,20210903,412740.42857
mlt,20210904,412998.85714
mlt,20210905,413253.42857
mlt,20210906,413528.28571
mlt,20210907,413818.42857
mlt,20210908,414134.14286
mlt,20210909,414473.85714
mlt,20210910,414831.57143
mlt,20210911,415186
mlt,20210912,415538.85714
mlt,20210913,415854.71429
mlt,20210914,416147.71429
mlt,20210915,416427.85714
mlt,20210916,416708.71429
mlt,20210917,416984.71429
mlt,20210918,417261.57143
mlt,20210919,417539.42857
mlt,20210920,417838.42857
mlt,20210921,418104.28571
mlt,20210922,418370.85714
mlt,20210923,418622.57143
mlt,20210924,418891.57143
mlt,20210925,419157
mlt,20210926,419421.57143
mlt,20210927,419676.14286
mlt,20211008,420352.57143
mlt,20211009,420989.14286
mlt,20211010,421584.57143
mlt,20211011,422144.14286
mlt,20211012,422709.42857
mlt,20211013,423311.42857
mlt,20211014,423898.42857
mlt,20211015,424101.57143
mlt,20211016,424313.85714
mlt,20211017,424525
mlt,20211018,424744.57143
mlt,20211019,424951.57143
mlt,20211020,425152.85714
mlt,20211021,425351.28571
mlt,20211022,425539
mlt,20211023,425732.42857
mlt,20211024,425936
mlt,20211025,426130.42857
mlt,20211026,426353.85714
mlt,20211027,426603.71429
mlt,20211028,426876.28571
mlt,20211029,427144.57143
mlt,20211030,427409.28571
mlt,20211031,427675.57143
mlt,20211101,427943.14286
mlt,20211102,428195.42857
mlt,20211103,428406.85714
mlt,20211104,428610.28571
mlt,20211105,428812.57143
mlt,20211106,429003.28571
mlt,20211107,429182.57143
mlt,20211108,429346.14286
mlt,20211109,429499.85714
mlt,20211110,429659.14286
mlt,20211111,429799.14286
mlt,20211112,429933.28571
mlt,20211113,430078.14286
mlt,20211114,430225
mlt,20211115,430379
mlt,20211116,430531.57143
mlt,20211117,430680.14286
mlt,20211118,430812.57143
mlt,20211119,430929.42857
mlt,20211120,431044.85714
mlt,20211121,431158.14286
mlt,20211122,431254.57143
mlt,20211123,431342
mlt,20211124,431423
mlt,20211125,431511.28571
mlt,20211126,431610.42857
mlt,20211127,431712.28571
mlt,20211128,431814.57143
mlt,20211129,431921.42857
mlt,20211130,432030.42857
mlt,20211201,432135.57143
mlt,20211202,432234.57143
mlt,20211203,432334.42857
mlt,20211204,432441.14286
mlt,20211205,432560.28571
mlt,20211206,432696.85714
mlt,20211207,432828.57143
mlt,20211208,432972.28571
mlt,20211209,433127.14286
mlt,20211210,433283.28571
mlt,20211211,433429.28571
mlt,20211212,433571.28571
mlt,20211213,433695.71429
mlt,20211214,433833.57143
mlt,20211215,433963.14286
mlt,20211216,434083.42857
mlt,20211217,434195.28571
mlt,20211218,434299.57143
mlt,20211219,434403.28571
mlt,20211220,434511.14286
mlt,20211221,434606.57143
mlt,20211222,434699.28571
mlt,20211223,434796
mlt,20211224,434891.28571
mlt,20211225,434975
mlt,20211226,435055
mlt,20211227,435135.28571
mlt,20211228,435222.42857
mlt,20211229,435315.57143
mlt,20211230,435414.42857
mlt,20211231,435515.28571
mlt,20220101,435617.28571
mlt,20220102,435726.28571
mlt,20220103,435839.57143
mlt,20220104,435958.85714
mlt,20220105,436086.57143
mlt,20220106,436217
mlt,20220107,436361.42857
mlt,20220108,436536
mlt,20220109,436717.85714
mlt,20220110,436933.85714
mlt,20220111,437209.42857
mlt,20220112,437551.28571
mlt,20220113,437958.57143
mlt,20220114,438373
mlt,20220115,438778.42857
mlt,20220116,439179.85714
mlt,20220117,439624.71429
mlt,20220118,440141
mlt,20220119,440706.57143
mlt,20220120,441326.85714
mlt,20220121,441976.85714
mlt,20220122,442651.42857
mlt,20220123,443349.85714
mlt,20220124,444084.42857
mlt,20220125,444805.42857
mlt,20220126,445517.28571
mlt,20220127,446217
mlt,20220128,446960.28571
mlt,20220129,447700.71429
mlt,20220131,448594.57143
mlt,20220201,449461.42857
mlt,20220202,450306.28571
mlt,20220203,451138.57143
mlt,20220204,451976
mlt,20220205,452792.71429
mlt,20220206,453633
mlt,20220207,454332.42857
mlt,20220208,454974.57143
mlt,20220209,455547
mlt,20220210,456078.14286
mlt,20220211,456547.85714
mlt,20220212,457067.14286
mlt,20220213,457572.14286
mlt,20220214,458088.57143
mlt,20220215,458593
mlt,20220216,459078.14286
mlt,20220217,459504.14286
mlt,20220218,459893.57143
mlt,20220219,460243.28571
mlt,20220220,460574
mlt,20220221,460874.57143
mlt,20220222,461155
mlt,20220223,461432.14286
mlt,20220224,461712.14286
mlt,20220225,461978
mlt,20220226,462187.71429
mlt,20220227,462392.57143
mlt,20220228,462583.57143
mlt,20220301,462770.42857
mlt,20220302,462946.71429
mlt,20220303,463114.85714
mlt,20220304,463275.28571
mlt,20220305,463427.85714
mlt,20220306,463567.71429
mlt,20220307,463710.57143
mlt,20220308,463847.71429
mlt,20220309,463983.85714
mlt,20220310,464116.71429
mlt,20220311,464249.42857
mlt,20220312,464373
mlt,20220313,464491.71429
mlt,20220314,464607.71429
mlt,20220315,464724
mlt,20220316,464841
mlt,20220317,464956.42857
mlt,20220318,465069
mlt,20220319,465181.28571
mlt,20220320,465291.85714
mlt,20220321,465390.57143
mlt,20220322,465488.42857
mlt,20220323,465587.14286
mlt,20220324,465692.14286
mmr,20210331,40000
mmr,20210423,170000
mmr,20210504,398070.33333
mmr,20210513,604233.5
mmr,20210605,788843.6
mmr,20210821,956841.33333
mmr,20210911,1282973.14286
mmr,20210920,1773151.85714
mmr,20210925,2263117.28571
mmr,20211002,2694366.57143
mmr,20211017,3173180.14286
mmr,20211023,3769501.85714
mmr,20211031,4520528.28571
mmr,20211106,5235874.57143
mmr,20211113,6105861.14286
mmr,20211120,7069938.85714
mmr,20211127,8175958.85714
mmr,20211130,9216556
mmr,20211211,10263447.57143
mmr,20220101,11480290.71429
mmr,20220109,12672612.42857
mmr,20220116,13815034.71429
mmr,20220122,14925990.42857
mmr,20220129,15959128.28571
mmr,20220205,17009854
mmr,20220212,17969205.28571
mmr,20220219,18689859.85714
mmr,20220222,19286273.42857
mmr,20220226,19766533.42857
mmr,20220301,20163454
mmr,20220305,20510622.57143
mmr,20220308,20813847.42857
mmr,20220312,21054236.14286
mmr,20220315,21180668.14286
mmr,20220319,21302998.42857
mmr,20220322,21414699.71429
mne,20210319,332
mne,20210320,396.5
mne,20210323,462.66667
mne,20210324,559
mne,20210325,661.6
mne,20210326,772.83333
mne,20210327,891.14286
mne,20210328,1142.42857
mne,20210329,1418.57143
mne,20210330,1686
mne,20210331,2032.42857
mne,20210401,2366.42857
mne,20210402,2720.57143
mne,20210403,3066.85714
mne,20210404,3367.28571
mne,20210405,3665.57143
mne,20210406,3989.42857
mne,20210407,4257.14286
mne,20210408,4538.28571
mne,20210409,4800
mne,20210410,5093.85714
mne,20210411,5459.42857
mne,20210412,5783.85714
mne,20210413,6328.57143
mne,20210414,7054.28571
mne,20210415,8013.71429
mne,20210416,9106.57143
mne,20210417,10306.42857
mne,20210418,11669
mne,20210419,13142.57143
mne,20210420,14458.14286
mne,20210421,15645
mne,20210422,16635.42857
mne,20210423,17515.42857
mne,20210424,18286.85714
mne,20210425,18856
mne,20210426,19321.85714
mne,20210427,19701
mne,20210428,19976.85714
mne,20210429,20219.28571
mne,20210430,20524.85714
mne,20210501,20948.85714
mne,20210503,21415
mne,20210504,22035.71429
mne,20210505,23083.57143
mne,20210506,24288.57143
mne,20210508,25617.85714
mne,20210509,26926.14286
mne,20210510,28100.85714
mne,20210511,29285.42857
mne,20210512,30375.57143
mne,20210513,31092.28571
mne,20210514,31689.57143
mne,20210515,32193.85714
mne,20210516,32627.14286
mne,20210517,33035
mne,20210518,33397.42857
mne,20210519,33747.85714
mne,20210520,34073.42857
mne,20210521,34393.57143
mne,20210523,34703.57143
mne,20210524,34993.42857
mne,20210525,35322.71429
mne,20210526,38079.14286
mne,20210528,41986.14286
mne,20210529,46913.42857
mne,20210530,52550.57143
mne,20210531,58623.57143
mne,20210601,65576.28571
mne,20210602,73057.71429
mne,20210603,78708.14286
mne,20210604,83582.28571
mne,20210605,87869.28571
mne,20210606,91757.71429
mne,20210607,95379.85714
mne,20210608,98589.85714
mne,20210609,101603.14286
mne,20210610,104382.57143
mne,20210611,107093.85714
mne,20210612,109532.14286
mne,20210614,111860.85714
mne,20210615,114251.28571
mne,20210617,116583.42857
mne,20210618,118789.42857
mne,20210619,120784.85714
mne,20210620,122564.57143
mne,20210621,124234
mne,20210622,125876.42857
mne,20210623,127410.71429
mne,20210624,128731.85714
mne,20210626,130161.42857
mne,20210627,131479.28571
mne,20210628,132712.57143
mne,20210629,134003.85714
mne,20210630,135220.28571
mne,20210701,136376.85714
mne,20210702,137440.42857
mne,20210703,138206.85714
mne,20210704,138920.42857
mne,20210705,139587.14286
mne,20210706,140200.28571
mne,20210707,140748.85714
mne,20210708,141284.42857
mne,20210709,141779.85714
mne,20210710,142258.14286
mne,20210711,142701.71429
mne,20210712,143138.85714
mne,20210713,143523.42857
mne,20210714,143856.28571
mne,20210715,144147.85714
mne,20210716,144439.57143
mne,20210717,144728.85714
mne,20210718,145015.71429
mne,20210719,145302.28571
mne,20210720,145628.85714
mne,20210722,146014.42857
mne,20210723,146421.85714
mne,20210724,146842.14286
mne,20210725,147287.85714
mne,20210726,147756.85714
mne,20210727,148383.57143
mne,20210728,149059.57143
mne,20210729,149789.42857
mne,20210730,150535.57143
mne,20210731,151308.42857
mne,20210801,152060.28571
mne,20210802,152800.71429
mne,20210803,153511.28571
mne,20210804,154152.71429
mne,20210805,154714.57143
mne,20210806,155257.14286
mne,20210807,155818
mne,20210808,156370.71429
mne,20210809,156927.28571
mne,20210810,157487.71429
mne,20210811,158110
mne,20210812,158842.28571
mne,20210813,159625
mne,20210814,160437.28571
mne,20210815,161291
mne,20210816,162177.28571
mne,20210817,163112.57143
mne,20210818,164109
mne,20210819,165136.28571
mne,20210820,166215.57143
mne,20210821,167311
mne,20210822,168460.85714
mne,20210823,169631.42857
mne,20210824,170856
mne,20210825,172104.57143
mne,20210826,173405.57143
mne,20210827,174771.71429
mne,20210828,176182.14286
mne,20210829,177577.28571
mne,20210830,178964.57143
mne,20210831,180307
mne,20210901,181605.42857
mne,20210902,182841
mne,20210903,183999.42857
mne,20210904,185105.57143
mne,20210905,186144.71429
mne,20210906,187164.71429
mne,20210907,188146.71429
mne,20210908,189091
mne,20210909,190025
mne,20210910,190994.71429
mne,20210911,191992.71429
mne,20210912,193012.71429
mne,20210913,194022.57143
mne,20210914,195060.14286
mne,20210915,196126.42857
mne,20210916,197179
mne,20210917,198385.71429
mne,20210919,199475.28571
mne,20210920,200524
mne,20210921,201666.71429
mne,20210922,202874.42857
mne,20210924,204076
mne,20210925,205277
mne,20210926,206168.57143
mne,20210927,207001.28571
mne,20210928,207917.85714
mne,20210929,208803.14286
mne,20210930,209571.85714
mne,20211001,210352
mne,20211002,211179.85714
mne,20211003,212047
mne,20211004,212951.71429
mne,20211005,213925.28571
mne,20211007,215195.42857
mne,20211008,216544.71429
mne,20211009,217920.14286
mne,20211010,219148.57143
mne,20211011,220546.71429
mne,20211013,222049.57143
mne,20211014,223518.28571
mne,20211015,224768.71429
mne,20211016,226136.57143
mne,20211018,227391.71429
mne,20211019,228845.57143
mne,20211020,230254
mne,20211021,231669.28571
mne,20211022,233086.85714
mne,20211023,234479.42857
mne,20211024,235600.28571
mne,20211025,236687
mne,20211026,237661.71429
mne,20211027,238530.14286
mne,20211028,239323.85714
mne,20211029,240071
mne,20211030,240760.85714
mne,20211031,241425
mne,20211101,242065.71429
mne,20211102,242633.14286
mne,20211103,243154.57143
mne,20211104,243725.42857
mne,20211106,244246.42857
mne,20211107,244697.28571
mne,20211108,245131.71429
mne,20211109,245622.14286
mne,20211110,246101
mne,20211111,246570.71429
mne,20211112,246977.57143
mne,20211113,247381
mne,20211114,247788.42857
mne,20211115,248191.42857
mne,20211116,248589.85714
mne,20211118,249038.85714
mne,20211120,249550.71429
mne,20211122,250096.71429
mne,20211124,250631.28571
mne,20211125,251128.57143
mne,20211126,251734.71429
mne,20211127,252364.57143
mne,20211128,252953.28571
mne,20211129,253465.28571
mne,20211130,253984.85714
mne,20211201,254556
mne,20211202,255231.14286
mne,20211203,255885
mne,20211204,256574.57143
mne,20211205,257271
mne,20211206,257960.85714
mne,20211207,258660
mne,20211208,259352.71429
mne,20211209,260035.42857
mne,20211210,260714
mne,20211211,261354.57143
mne,20211212,261969.85714
mne,20211213,262573.28571
mne,20211214,263132.85714
mne,20211215,263664.57143
mne,20211216,264178.42857
mne,20211217,264682.42857
mne,20211218,265183
mne,20211219,265690.71429
mne,20211220,266193.28571
mne,20211221,266698.14286
mne,20211222,267214.14286
mne,20211223,267732.14286
mne,20211224,268239.85714
mne,20211225,268743.42857
mne,20211226,269239.42857
mne,20211228,269809.57143
mne,20211229,270351.85714
mne,20211230,270872.71429
mne,20211231,271382.28571
mne,20220101,271852.28571
mne,20220103,272242.85714
mne,20220104,272592.57143
mne,20220105,272901.42857
mne,20220106,273184.85714
mne,20220107,273422.14286
mne,20220108,273599.85714
mne,20220109,273758
mne,20220112,274009.85714
mne,20220113,274280.14286
mne,20220114,274533.14286
mne,20220115,274780.42857
mne,20220116,275027.28571
mne,20220117,275270.28571
mne,20220118,275533.71429
mne,20220119,275725.85714
mne,20220120,275911.85714
mne,20220121,276088.28571
mne,20220122,276256.28571
mne,20220123,276414.71429
mne,20220124,276588.14286
mne,20220126,276776.14286
mne,20220128,276958.14286
mne,20220130,277137.57143
mne,20220131,277291.71429
mne,20220201,277445.71429
mne,20220203,277626.28571
mne,20220204,277810.14286
mne,20220205,277960.85714
mne,20220206,278100.42857
mne,20220207,278217.42857
mne,20220208,278353.42857
mne,20220209,278479.42857
mne,20220210,278587.28571
mne,20220211,278690.14286
mne,20220212,278784.28571
mne,20220213,278876.42857
mne,20220214,278969.42857
mne,20220215,279055.28571
mne,20220216,279137.71429
mne,20220217,279214.42857
mne,20220219,279305.28571
mne,20220220,279389.14286
mne,20220221,279467.42857
mne,20220222,279555.71429
mne,20220223,279640
mne,20220224,279723.57143
mne,20220225,279806.14286
mne,20220226,279867
mne,20220227,279927.28571
mne,20220228,279987.42857
mne,20220301,280046.71429
mne,20220302,280106.71429
mne,20220303,280164.42857
mne,20220304,280221.85714
mne,20220305,280279.85714
mne,20220306,280336.57143
mne,20220307,280394.14286
mne,20220308,280450.28571
mne,20220309,280505.57143
mne,20220310,280559.85714
mne,20220311,280621
mne,20220313,280680.14286
mne,20220314,280737.14286
mne,20220315,280802.28571
mne,20220316,280861.57143
mne,20220317,280917.28571
mne,20220319,280980.57143
mne,20220320,281029.57143
mne,20220321,281071.42857
mne,20220322,281120.28571
mne,20220323,281165.85714
mne,20220324,281214.14286
mne,20220325,281262.85714
mng,20210422,21606
mng,20210427,142036
mng,20210428,194109.66667
mng,20210429,227384.75
mng,20210430,254493
mng,20210501,280292.5
mng,20210502,304688.28571
mng,20210503,372294.14286
mng,20210504,410915.71429
mng,20210505,446524.85714
mng,20210506,484019.42857
mng,20210507,519326.28571
mng,20210508,549128.85714
mng,20210509,573654.14286
mng,20210510,592687.28571
mng,20210511,606808.57143
mng,20210512,619255.85714
mng,20210513,626082.57143
mng,20210514,630280.42857
mng,20210515,633583.42857
mng,20210516,636576.42857
mng,20210517,639934.85714
mng,20210518,644880.71429
mng,20210519,652100.28571
mng,20210520,661609.57143
mng,20210521,674728.71429
mng,20210522,690744
mng,20210523,709351
mng,20210524,734483.14286
mng,20210525,766281
mng,20210526,803289.57143
mng,20210527,849189.85714
mng,20210528,912530.14286
mng,20210530,980543.28571
mng,20210531,1056617.85714
mng,20210601,1127439.71429
mng,20210602,1196628.85714
mng,20210603,1267409.28571
mng,20210604,1333627.28571
mng,20210605,1381534.28571
mng,20210606,1423866.28571
mng,20210607,1460328.57143
mng,20210608,1499413
mng,20210610,1534820.14286
mng,20210611,1563131.85714
mng,20210612,1585108.85714
mng,20210613,1604518.71429
mng,20210614,1623410.28571
mng,20210615,1638574.71429
mng,20210617,1651064.71429
mng,20210618,1661155.14286
mng,20210620,1669491
mng,20210622,1678899
mng,20210623,1688578.42857
mng,20210625,1698011.14286
mng,20210627,1706366.85714
mng,20210628,1714095.71429
mng,20210630,1721882.57143
mng,20210701,1729599.85714
mng,20210702,1736443
mng,20210704,1743250
mng,20210706,1750881.85714
mng,20210707,1758871.14286
mng,20210708,1765851.85714
mng,20210710,1773008.71429
mng,20210714,1779922.71429
mng,20210715,1787310.57143
mng,20210717,1795766.28571
mng,20210718,1802421.71429
mng,20210719,1810932.57143
mng,20210720,1821395.85714
mng,20210721,1833536.28571
mng,20210722,1848037.14286
mng,20210723,1863477.57143
mng,20210725,1879115.57143
mng,20210726,1896300.57143
mng,20210727,1912635.28571
mng,20210728,1927664.14286
mng,20210730,1941749
mng,20210801,1953582.57143
mng,20210802,1963682.14286
mng,20210803,1971917.71429
mng,20210804,1978848.28571
mng,20210805,1984398.57143
mng,20210806,1988941.14286
mng,20210807,1991530.57143
mng,20210808,1993732
mng,20210809,1995703.57143
mng,20210810,1997910.28571
mng,20210811,1999945.28571
mng,20210812,2002248.57143
mng,20210813,2004976.57143
mng,20210814,2007916.71429
mng,20210815,2010842.28571
mng,20210816,2013954.28571
mng,20210818,2018320.42857
mng,20210819,2022844.85714
mng,20210820,2028617.71429
mng,20210821,2033915.28571
mng,20210822,2039158
mng,20210823,2045331.71429
mng,20210824,2051740.57143
mng,20210825,2057366.42857
mng,20210826,2062881.14286
mng,20210828,2067537.42857
mng,20210829,2072012.28571
mng,20210830,2076951.28571
mng,20210831,2081541.14286
mng,20210901,2085779
mng,20210902,2089608.14286
mng,20210903,2093152.57143
mng,20210904,2095882.85714
mng,20210905,2098566
mng,20210906,2100834.28571
mng,20210907,2102787.14286
mng,20210908,2104636
mng,20210909,2106218.14286
mng,20210911,2107767.42857
mng,20210913,2109512.42857
mng,20210914,2111419.85714
mng,20210915,2113233.57143
mng,20210916,2114882.85714
mng,20210917,2116447.28571
mng,20210919,2117993.42857
mng,20210920,2119418.14286
mng,20210921,2120591.42857
mng,20210922,2121655.71429
mng,20210923,2122648.28571
mng,20210924,2123617.71429
mng,20210926,2124421.42857
mng,20210927,2125255.42857
mng,20210928,2126043
mng,20210929,2126815
mng,20210930,2127571
mng,20211001,2128286.14286
mng,20211002,2128924.57143
mng,20211003,2129526.28571
mng,20211004,2130087.85714
mng,20211005,2130612.85714
mng,20211006,2131099.42857
mng,20211007,2131533.14286
mng,20211010,2132013.14286
mng,20211011,2132499.14286
mng,20211012,2133036
mng,20211013,2133556.42857
mng,20211014,2134063.85714
mng,20211015,2134543.57143
mng,20211017,2134993.71429
mng,20211018,2135371.85714
mng,20211019,2135741.57143
mng,20211020,2136089.28571
mng,20211024,2136471
mng,20211026,2136893.85714
mng,20211028,2137372.71429
mng,20211031,2137910.85714
mng,20211105,2138596.28571
mng,20211106,2139250.14286
mng,20211108,2139979.28571
mng,20211110,2140729.57143
mng,20211111,2141440.14286
mng,20211112,2142183.42857
mng,20211114,2142867.28571
mng,20211115,2143433.57143
mng,20211116,2144066.71429
mng,20211118,2144710.42857
mng,20211119,2145282.14286
mng,20211121,2145835
mng,20211122,2146312.14286
mng,20211123,2146824.85714
mng,20211124,2147349
mng,20211125,2147873.42857
mng,20211127,2148320.28571
mng,20211128,2148727.71429
mng,20211129,2149177
mng,20211201,2149739.42857
mng,20211202,2150336.71429
mng,20211203,2150924.14286
mng,20211204,2151474.85714
mng,20211205,2152002.14286
mng,20211206,2152585.28571
mng,20211208,2153232
mng,20211209,2153739.85714
mng,20211211,2154238.28571
mng,20211212,2154686.57143
mng,20211213,2155099.42857
mng,20211214,2155563.42857
mng,20211215,2156283.14286
mng,20211216,2156922.71429
mng,20211217,2157586.71429
mng,20211218,2158193.28571
mng,20211219,2158787.57143
mng,20211221,2159453
mng,20211222,2160120.42857
mng,20211223,2160502.14286
mng,20211224,2160890.42857
mng,20211225,2161292.71429
mng,20211227,2161687.42857
mng,20211228,2162115.57143
mng,20211229,2162507.85714
mng,20211231,2162828.42857
mng,20220101,2163174
mng,20220104,2163482.85714
mng,20220105,2163748.28571
mng,20220106,2164024.71429
mng,20220107,2164403
mng,20220108,2164774.14286
mng,20220109,2165154.57143
mng,20220110,2165468.71429
mng,20220111,2165782
mng,20220112,2166101.71429
mng,20220113,2166435.42857
mng,20220114,2166636.14286
mng,20220116,2166911.42857
mng,20220117,2167181.42857
mng,20220118,2167500.85714
mng,20220119,2167825.28571
mng,20220120,2168132.14286
mng,20220121,2168423.71429
mng,20220122,2168721.85714
mng,20220124,2168923.85714
mng,20220125,2169148
mng,20220126,2169332.42857
mng,20220127,2169500.71429
mng,20220128,2169694.71429
mng,20220129,2169883.14286
mng,20220130,2170054.85714
mng,20220131,2170213.14286
mng,20220201,2170355.57143
mng,20220203,2170484.14286
mng,20220209,2170633.85714
mng,20220210,2170755.28571
mng,20220211,2170886.28571
mng,20220213,2171037.14286
mng,20220214,2171190.28571
mng,20220215,2171344.57143
mng,20220216,2171502.14286
mng,20220218,2171657.57143
mng,20220220,2171811.85714
mng,20220222,2171954.57143
mng,20220224,2172112
mng,20220225,2172278.71429
mng,20220226,2172441.28571
mng,20220302,2172617.14286
mng,20220303,2172759.14286
mng,20220304,2172900.28571
mng,20220307,2173024.28571
mng,20220308,2173117.42857
mng,20220310,2173208
mng,20220311,2173298.42857
mng,20220312,2173375.14286
mng,20220315,2173457.71429
mng,20220316,2173544.28571
mng,20220318,2173650.85714
mng,20220320,2173759.57143
mng,20220323,2173871.42857
mng,20220324,2173980.57143
mng,20220325,2174088.57143
moz,20210512,59012
moz,20210518,66784.5
moz,20210531,69456.66667
moz,20210610,70792.75
moz,20210624,75969.2
moz,20210705,88909.66667
moz,20210719,118958.42857
moz,20210724,153315.85714
moz,20210726,188229.85714
moz,20210803,223335.71429
moz,20210809,281005.14286
moz,20210816,348821
moz,20210825,420351
moz,20210908,486510.85714
moz,20210914,692393.57143
moz,20211008,900161.85714
moz,20211015,1112728.71429
moz,20211021,1305211.42857
moz,20211028,1515982.14286
moz,20211031,1737305.71429
moz,20211104,1975020
moz,20211110,2097865
moz,20211118,2269098.71429
moz,20211124,2503491
moz,20211129,2774609.14286
moz,20211202,3043811.85714
moz,20211203,3316766.14286
moz,20211209,3584117
moz,20211213,3873295.85714
moz,20211215,4132105.28571
moz,20211220,4411463
moz,20211226,4725836.14286
moz,20211230,5033495.71429
moz,20220106,5372742.28571
moz,20220110,5814206
moz,20220119,6389020.85714
moz,20220128,6994630.14286
moz,20220201,7511507.28571
moz,20220215,8128672.42857
moz,20220221,8762446
moz,20220305,9474935.57143
moz,20220310,10103426.42857
moz,20220318,10700450.28571
mrt,20210521,6273
mrt,20210523,6273
mrt,20210526,6318.66667
mrt,20210531,6431.5
mrt,20210610,6525.6
mrt,20210614,6588.33333
mrt,20210615,6633.14286
mrt,20210623,6723
mrt,20210630,7092.28571
mrt,20210705,7784
mrt,20210707,8456.57143
mrt,20210712,9202.57143
mrt,20210713,10023.85714
mrt,20210715,10901.71429
mrt,20210719,11932.71429
mrt,20210724,12761
mrt,20210726,13272.85714
mrt,20210729,13817.85714
mrt,20210803,14715.71429
mrt,20210805,15587.71429
mrt,20210809,16694.71429
mrt,20210812,17755.57143
mrt,20210909,18739.71429
mrt,20210927,97990
mrt,20211013,179743.85714
mrt,20211018,261216
mrt,20211029,346815.42857
mrt,20211104,432881
mrt,20211108,524026.28571
mrt,20211110,615262.71429
mrt,20211111,628657.57143
mrt,20211115,639483.42857
mrt,20211118,650932.57143
mrt,20211122,658585.42857
mrt,20211124,665808
mrt,20211202,669309.85714
mrt,20211206,674142.57143
mrt,20211208,679076.14286
mrt,20211213,685156
mrt,20211215,690629.71429
mrt,20211216,696102.28571
mrt,20211217,701514.85714
mrt,20211223,706736.28571
mrt,20211226,710975.85714
mrt,20211230,720861
mrt,20220102,751824
mrt,20220116,787345.71429
mrt,20220124,825345.28571
mrt,20220207,866863.71429
mrt,20220214,908145.71429
mrt,20220221,951052.71429
mrt,20220223,987763.14286
mrt,20220228,1005034.14286
mrt,20220307,1018371.71429
mrt,20220314,1029619.71429
msr,20210310,40
msr,20210317,117
msr,20210331,170
msr,20210414,244.25
msr,20210421,318.6
msr,20210521,446.5
msr,20210528,549
msr,20210611,714
msr,20210618,858.57143
msr,20210625,994.71429
msr,20210702,1104.14286
msr,20210709,1196.14286
msr,20210716,1223.14286
msr,20210723,1241.28571
msr,20210730,1261.57143
msr,20210806,1284.71429
msr,20210903,1305
msr,20210910,1325.14286
msr,20210917,1342.85714
msr,20210924,1359
msr,20211008,1375.85714
msr,20211112,1387.28571
msr,20211223,1402.14286
msr,20220107,1417.57143
msr,20220114,1433.85714
msr,20220121,1452.85714
msr,20220128,1482.14286
msr,20220204,1509.28571
msr,20220211,1549.28571
msr,20220218,1587.42857
msr,20220225,1626
msr,20220311,1668.14286
mus,20210512,8464
mus,20210531,88296
mus,20210608,128053.66667
mus,20210620,150665.5
mus,20210624,164715.2
mus,20210712,188141.83333
mus,20210719,223093
mus,20210724,290792.42857
mus,20210726,341412.57143
mus,20210803,390907.14286
mus,20210809,442004.14286
mus,20210819,504472.85714
mus,20210825,561534
mus,20210901,606698.85714
mus,20210909,646834
mus,20210915,684084.57143
mus,20210922,717479.28571
mus,20210930,749409.14286
mus,20211007,771940.85714
mus,20211014,790110
mus,20211021,802274.28571
mus,20211028,814433.28571
mus,20211104,824691
mus,20211110,834739.14286
mus,20211118,845999.28571
mus,20211119,854941.57143
mus,20211223,865914
mus,20211228,876742
mus,20220215,890891.71429
mus,20220311,906381
mwi,20210606,19
mwi,20210607,19
mwi,20210609,712.66667
mwi,20210610,1403.5
mwi,20210611,2283.4
mwi,20210612,3171.33333
mwi,20210614,4070.57143
mwi,20210615,6037.28571
mwi,20210616,8568.14286
mwi,20210617,12192.85714
mwi,20210618,16448.28571
mwi,20210619,20963.85714
mwi,20210621,25416.85714
mwi,20210622,29871
mwi,20210623,33856.57143
mwi,20210624,37379.14286
mwi,20210625,39542.42857
mwi,20210626,40947.85714
mwi,20210627,41768.28571
mwi,20210628,42394.42857
mwi,20210727,44826.57143
mwi,20210728,52224.57143
mwi,20210730,65173
mwi,20210731,78818.42857
mwi,20210801,92601.14286
mwi,20210802,106483
mwi,20210803,120616.42857
mwi,20210804,132703.85714
mwi,20210805,142062.57143
mwi,20210808,145805
mwi,20210810,153502.57143
mwi,20210812,164883.71429
mwi,20210814,182172.42857
mwi,20210815,199715.42857
mwi,20210816,217316.71429
mwi,20210817,235391.42857
mwi,20210818,255997.28571
mwi,20210819,274740.71429
mwi,20210820,292071.57143
mwi,20210822,306252.57143
mwi,20210823,319964.85714
mwi,20210824,335258.14286
mwi,20210825,349116.85714
mwi,20210827,362578.28571
mwi,20210829,374364.14286
mwi,20210830,383697.14286
mwi,20210831,390821.14286
mwi,20210901,399016.71429
mwi,20210903,406140.14286
mwi,20210904,412991.57143
mwi,20210905,417784
mwi,20210906,421564.85714
mwi,20210907,425865
mwi,20210910,431224.42857
mwi,20210911,435795.14286
mwi,20210912,440080
mwi,20210913,443915.42857
mwi,20210914,448223.28571
mwi,20210916,453083.28571
mwi,20210917,457884.28571
mwi,20210918,461212.71429
mwi,20210919,464526
mwi,20210920,467667.42857
mwi,20210921,470533.57143
mwi,20210922,473224.42857
mwi,20210923,475721.14286
mwi,20210924,478082.42857
mwi,20210925,480531.71429
mwi,20210926,482782.57143
mwi,20210927,484954.14286
mwi,20210929,487665.42857
mwi,20211001,490303
mwi,20211002,492546.57143
mwi,20211003,494505.28571
mwi,20211004,496144.42857
mwi,20211005,497872.57143
mwi,20211006,499752.85714
mwi,20211007,500831.42857
mwi,20211008,501865.42857
mwi,20211009,503018.71429
mwi,20211010,504236.28571
mwi,20211011,505710.71429
mwi,20211012,507243
mwi,20211014,509066.42857
mwi,20211015,510992.42857
mwi,20211016,512783.57143
mwi,20211017,514391.28571
mwi,20211019,516250
mwi,20211020,518229.57143
mwi,20211022,521002.71429
mwi,20211023,523603.71429
mwi,20211024,526276.57143
mwi,20211025,529377.85714
mwi,20211026,532880.71429
mwi,20211027,536330.71429
mwi,20211028,539717.42857
mwi,20211029,542763.71429
mwi,20211030,545834.28571
mwi,20211031,548724
mwi,20211101,551082.57143
mwi,20211103,553407.42857
mwi,20211104,555538.28571
mwi,20211105,557548.28571
mwi,20211106,558951.14286
mwi,20211107,560004.85714
mwi,20211108,561134.71429
mwi,20211109,562659.28571
mwi,20211110,564001.85714
mwi,20211111,565458.14286
mwi,20211113,567098.57143
mwi,20211114,568740.14286
mwi,20211116,571387.28571
mwi,20211117,573961
mwi,20211119,576487
mwi,20211120,579026.57143
mwi,20211122,581407.28571
mwi,20211123,584407.85714
mwi,20211124,587498.14286
mwi,20211125,589847.57143
mwi,20211126,592173
mwi,20211128,594288.28571
mwi,20211129,596187.57143
mwi,20211130,598237.14286
mwi,20211201,599763.57143
mwi,20211202,601576.14286
mwi,20211204,604338
mwi,20211205,607117.85714
mwi,20211206,609795
mwi,20211207,612756.28571
mwi,20211208,615760
mwi,20211209,618553.28571
mwi,20211210,621332.57143
mwi,20211211,623310.42857
mwi,20211212,625502.71429
mwi,20211213,627833
mwi,20211214,630318.42857
mwi,20211215,632907
mwi,20211216,635637.14286
mwi,20211217,638777.14286
mwi,20211218,641769
mwi,20211219,644852.28571
mwi,20211220,647921.42857
mwi,20211221,650856
mwi,20211222,653684.57143
mwi,20211223,656895.85714
mwi,20211224,659763.14286
mwi,20211225,662608.28571
mwi,20211226,665164.28571
mwi,20211227,667550
mwi,20211228,670679.71429
mwi,20211229,674493.71429
mwi,20211230,677508.85714
mwi,20211231,682633.71429
mwi,20220101,688510
mwi,20220102,694228.42857
mwi,20220103,699923.42857
mwi,20220104,705155.14286
mwi,20220105,709819
mwi,20220106,716223.85714
mwi,20220107,720479
mwi,20220108,724241.14286
mwi,20220109,728258.57143
mwi,20220111,733278.42857
mwi,20220113,738708.14286
mwi,20220114,743900.42857
mwi,20220115,747597.28571
mwi,20220116,750969.42857
mwi,20220118,753992.85714
mwi,20220120,757212.85714
mwi,20220121,759717.14286
mwi,20220122,761505.28571
mwi,20220123,763174.85714
mwi,20220124,764633.42857
mwi,20220125,765979.85714
mwi,20220126,767292.42857
mwi,20220127,768278.42857
mwi,20220128,769125.28571
mwi,20220129,769854.42857
mwi,20220131,770962.42857
mwi,20220201,772125.85714
mwi,20220202,773396
mwi,20220203,774685.71429
mwi,20220204,775933.28571
mwi,20220205,777117.57143
mwi,20220207,778322.57143
mwi,20220208,779227.71429
mwi,20220209,780199.85714
mwi,20220211,781274.28571
mwi,20220212,782378
mwi,20220214,783685.42857
mwi,20220215,786393
mwi,20220217,788901
mwi,20220218,791291.85714
mwi,20220219,793527
mwi,20220220,795502.42857
mwi,20220221,797308.57143
mwi,20220223,799287.14286
mwi,20220225,799955.14286
mwi,20220226,800632.42857
mwi,20220227,802487.28571
mwi,20220313,811498.28571
mys,20210224,3
mys,20210225,4
mys,20210226,5.33333
mys,20210227,7.5
mys,20210228,9.8
mys,20210301,12.33333
mys,20210302,14.85714
mys,20210303,19.57143
mys,20210304,26.14286
mys,20210305,33.14286
mys,20210306,39.71429
mys,20210307,46.42857
mys,20210308,54.28571
mys,20210309,70.28571
mys,20210310,87
mys,20210311,102.71429
mys,20210312,118.85714
mys,20210313,134.85714
mys,20210314,150.57143
mys,20210315,164.71429
mys,20210316,170.85714
mys,20210317,184.42857
mys,20210318,310.85714
mys,20210319,983.71429
mys,20210320,2528.28571
mys,20210321,4907.85714
mys,20210322,9369.71429
mys,20210323,16812.85714
mys,20210324,27507.71429
mys,20210325,40855.71429
mys,20210326,55486.28571
mys,20210327,71307.71429
mys,20210328,88140.71429
mys,20210329,106802.28571
mys,20210330,126682.85714
mys,20210331,147234.71429
mys,20210401,168814
mys,20210402,191835
mys,20210403,214899.71429
mys,20210404,237426
mys,20210405,258828.28571
mys,20210406,279130.28571
mys,20210407,298117.71429
mys,20210408,315426.42857
mys,20210409,331519.28571
mys,20210410,346944
mys,20210411,362591.14286
mys,20210412,377445.28571
mys,20210413,390298.57143
mys,20210414,401641.42857
mys,20210415,412178.14286
mys,20210416,421219
mys,20210417,428980.42857
mys,20210418,435748.71429
mys,20210419,441735.57143
mys,20210420,448235.57143
mys,20210421,455325
mys,20210422,463274.57143
mys,20210423,471620
mys,20210424,480305.14286
mys,20210425,489271.42857
mys,20210426,498302.42857
mys,20210427,507417.42857
mys,20210428,516727
mys,20210429,524733.28571
mys,20210430,533057.57143
mys,20210501,541250.28571
mys,20210502,549784.42857
mys,20210503,560862
mys,20210504,573057.14286
mys,20210505,586634
mys,20210506,602028.42857
mys,20210507,618361.71429
mys,20210508,635534.28571
mys,20210509,652490.14286
mys,20210510,669178.28571
mys,20210511,685689.14286
mys,20210512,700045.85714
mys,20210513,711719.85714
mys,20210514,721182.14286
mys,20210515,729524.28571
mys,20210516,736970.28571
mys,20210517,744893.57143
mys,20210518,754808.28571
mys,20210519,768483.28571
mys,20210520,785300.57143
mys,20210521,804817.57143
mys,20210522,824729.42857
mys,20210523,845797.14286
mys,20210524,866570
mys,20210525,887113.57143
mys,20210526,903051.14286
mys,20210527,922940.85714
mys,20210528,944071.85714
mys,20210529,966876
mys,20210530,991968.14286
mys,20210531,1017428
mys,20210601,1041983.85714
mys,20210602,1067681.57143
mys,20210603,1087409.42857
mys,20210604,1103907.42857
mys,20210605,1118451.42857
mys,20210606,1129735.14286
mys,20210607,1137644.85714
mys,20210608,1148692.42857
mys,20210609,1164155.42857
mys,20210610,1185279
mys,20210611,1210018.28571
mys,20210612,1239443.28571
mys,20210613,1272497.14286
mys,20210614,1312816
mys,20210615,1354539.14286
mys,20210616,1391617.57143
mys,20210617,1428259.57143
mys,20210618,1465256
mys,20210619,1502558.85714
mys,20210620,1539465.85714
mys,20210621,1576205.42857
mys,20210622,1613631.71429
mys,20210623,1661327.42857
mys,20210624,1716222.71429
mys,20210625,1776194.71429
mys,20210626,1839031.85714
mys,20210627,1907867.71429
mys,20210628,1975114.71429
mys,20210629,2045856.71429
mys,20210630,2118978.57143
mys,20210701,2190923.57143
mys,20210702,2263213.42857
mys,20210703,2338792
mys,20210704,2416458.85714
mys,20210705,2505242.57143
mys,20210706,2601709.28571
mys,20210707,2709570.14286
mys,20210708,2828007
mys,20210709,2954888.28571
mys,20210710,3087103.71429
mys,20210711,3222543.14286
mys,20210712,3363845
mys,20210713,3509734.42857
mys,20210714,3653832.57143
mys,20210715,3798029
mys,20210716,3942853.14286
mys,20210717,4089887.14286
mys,20210718,4237023
mys,20210719,4383024.71429
mys,20210720,4519319.14286
mys,20210721,4656536
mys,20210722,4795971.57143
mys,20210723,4939744.85714
mys,20210724,5084290
mys,20210725,5231824.57143
mys,20210726,5385229.42857
mys,20210727,5553269.57143
mys,20210728,5726555.85714
mys,20210729,5905810.14286
mys,20210730,6090558.28571
mys,20210731,6285304.85714
mys,20210801,6488699.28571
mys,20210802,6700169.42857
mys,20210803,6918080
mys,20210804,7145452.85714
mys,20210805,7384873.71429
mys,20210806,7633279.42857
mys,20210807,7887350
mys,20210808,8149148.71429
mys,20210809,8415594.28571
mys,20210810,8675004
mys,20210811,8934591.85714
mys,20210812,9198612.42857
mys,20210813,9469113.57143
mys,20210814,9745678.28571
mys,20210815,10028257.14286
mys,20210816,10318060.85714
mys,20210817,10629075.42857
mys,20210818,10952963.42857
mys,20210819,11279430.57143
mys,20210820,11610222.85714
mys,20210821,11946185.14286
mys,20210822,12286826.85714
mys,20210823,12616217.42857
mys,20210824,12935100.85714
mys,20210825,13241202.57143
mys,20210826,13535170.71429
mys,20210827,13811516.42857
mys,20210828,14071381.85714
mys,20210829,14311745
mys,20210830,14543451
mys,20210831,14758243.57143
mys,20210901,14966455
mys,20210902,15166170.71429
mys,20210903,15363608
mys,20210904,15557847.28571
mys,20210905,15751092.14286
mys,20210906,15944925.28571
mys,20210907,16145789
mys,20210908,16344357.85714
mys,20210909,16542975.14286
mys,20210910,16740971.85714
mys,20210911,16939197.28571
mys,20210912,17136821.71429
mys,20210913,17330619.71429
mys,20210914,17521857.42857
mys,20210915,17711113.42857
mys,20210916,17892710.42857
mys,20210917,18072065
mys,20210918,18249480.71429
mys,20210919,18427684.57143
mys,20210920,18611308.71429
mys,20210921,18789045.28571
mys,20210922,18968969.85714
mys,20210923,19156667.71429
mys,20210924,19342447.28571
mys,20210925,19525665.57143
mys,20210926,19707467
mys,20210927,19882236
mys,20210928,20060171.71429
mys,20210929,20230100.42857
mys,20210930,20394811.57143
mys,20211001,20555900.71429
mys,20211002,20713119.28571
mys,20211003,20864115
mys,20211004,21007205.42857
mys,20211005,21141479.71429
mys,20211006,21267952.28571
mys,20211007,21383408.57143
mys,20211008,21493824.14286
mys,20211009,21601325.71429
mys,20211010,21706728.42857
mys,20211011,21817227.85714
mys,20211012,21935049.28571
mys,20211013,22061228.85714
mys,20211014,22198269
mys,20211015,22339623.14286
mys,20211016,22482034.28571
mys,20211017,22627120.28571
mys,20211018,22776853.71429
mys,20211019,22921355.71429
mys,20211020,23074175.28571
mys,20211021,23230324.85714
mys,20211022,23383863
mys,20211023,23534915
mys,20211024,23684427.42857
mys,20211025,23829931.28571
mys,20211026,23978062.57143
mys,20211027,24113022.71429
mys,20211028,24237467
mys,20211029,24356826.57143
mys,20211030,24469209.57143
mys,20211031,24571861.85714
mys,20211101,24661886
mys,20211102,24740093.71429
mys,20211103,24806388
mys,20211104,24858225.14286
mys,20211105,24902560.57143
mys,20211106,24941485
mys,20211107,24976235
mys,20211108,25009189.57143
mys,20211109,25038253.71429
mys,20211110,25066589.14286
mys,20211111,25098585
mys,20211112,25131021.57143
mys,20211113,25163832
mys,20211114,25196178.71429
mys,20211115,25225935.71429
mys,20211116,25254978.28571
mys,20211117,25281375.28571
mys,20211118,25304416.28571
mys,20211119,25325016.85714
mys,20211120,25344189.28571
mys,20211121,25362460.85714
mys,20211122,25378558.14286
mys,20211123,25392403
mys,20211124,25404470.42857
mys,20211125,25414336
mys,20211126,25422640.28571
mys,20211127,25430794
mys,20211128,25438741.28571
mys,20211129,25445935
mys,20211130,25452848.14286
mys,20211201,25459696.28571
mys,20211202,25466982.14286
mys,20211203,25474299.57143
mys,20211204,25481504.42857
mys,20211205,25488651
mys,20211206,25495764.71429
mys,20211207,25502611
mys,20211208,25509215.28571
mys,20211209,25515664.57143
mys,20211210,25522143.14286
mys,20211211,25528344.14286
mys,20211212,25534417.85714
mys,20211213,25540286.28571
mys,20211214,25545916.42857
mys,20211215,25551385.57143
mys,20211216,25556602.71429
mys,20211217,25561484.14286
mys,20211218,25566286.42857
mys,20211219,25571045.71429
mys,20211220,25575687.85714
mys,20211221,25580203.85714
mys,20211222,25584602.71429
mys,20211223,25588858.14286
mys,20211224,25592970.42857
mys,20211225,25596952.57143
mys,20211226,25600837.28571
mys,20211227,25604822.57143
mys,20211228,25608854.57143
mys,20211229,25612924.71429
mys,20211230,25616916.14286
mys,20211231,25620985.71429
mys,20220101,25624976.85714
mys,20220102,25628962.71429
mys,20220103,25632762.14286
mys,20220104,25636442
mys,20220105,25639986.14286
mys,20220106,25643496.28571
mys,20220107,25646854.42857
mys,20220108,25650270.14286
mys,20220109,25653702.14286
mys,20220110,25657036.42857
mys,20220111,25660237.57143
mys,20220112,25663309.57143
mys,20220113,25666209.71429
mys,20220114,25668925.14286
mys,20220115,25671592.28571
mys,20220116,25674155.71429
mys,20220117,25676696
mys,20220118,25678984.85714
mys,20220119,25681453.42857
mys,20220120,25683920.57143
mys,20220121,25686471.14286
mys,20220122,25689000.71429
mys,20220123,25691557.57143
mys,20220124,25694066
mys,20220125,25696765
mys,20220126,25699173.57143
mys,20220127,25701477.14286
mys,20220128,25703754.14286
mys,20220129,25706059.42857
mys,20220130,25708326.71429
mys,20220131,25710419.57143
mys,20220201,25712150.85714
mys,20220202,25713575.28571
mys,20220203,25714989.85714
mys,20220204,25716283.85714
mys,20220205,25717562.28571
mys,20220206,25718842.85714
mys,20220207,25720223.28571
mys,20220208,25721795.42857
mys,20220209,25723625.71429
mys,20220210,25725344.57143
mys,20220211,25727050.71429
mys,20220212,25728754.42857
mys,20220213,25730458.14286
mys,20220214,25732067.14286
mys,20220215,25733717
mys,20220216,25735310
mys,20220217,25736877.14286
mys,20220218,25738441.28571
mys,20220219,25739987.85714
mys,20220220,25741495.57143
mys,20220221,25742921
mys,20220222,25744169.71429
mys,20220223,25745238
mys,20220224,25746204.28571
mys,20220225,25747076.57143
mys,20220226,25747967
mys,20220227,25748896.14286
mys,20220228,25749864.71429
mys,20220301,25750930.71429
mys,20220302,25752129.28571
mys,20220303,25753398.14286
mys,20220304,25754747.42857
mys,20220305,25756134.85714
mys,20220306,25757560.28571
mys,20220307,25759054.42857
mys,20220308,25760645.42857
mys,20220309,25762291
mys,20220310,25763986.14286
mys,20220311,25765723.42857
mys,20220312,25767514.14286
mys,20220313,25769370.28571
mys,20220314,25771278.42857
mys,20220315,25773167.14286
mys,20220316,25775083.71429
mys,20220317,25777050.71429
mys,20220318,25779002.71429
mys,20220319,25780931
mys,20220320,25782808
mys,20220321,25784616.57143
mys,20220322,25786363
mys,20220323,25788021.71429
mys,20220324,25789600.14286
mys,20220325,25791097.57143
nam,20210419,128
nam,20210420,145.5
nam,20210421,176.66667
nam,20210422,206.75
nam,20210423,264.4
nam,20210424,363.33333
nam,20210425,434.57143
nam,20210428,583.14286
nam,20210430,758.71429
nam,20210501,956.42857
nam,20210505,1163.85714
nam,20210506,1373
nam,20210507,1546.28571
nam,20210508,1751.71429
nam,20210509,1913.57143
nam,20210510,2048.42857
nam,20210511,2173.42857
nam,20210512,2295.42857
nam,20210513,2390.28571
nam,20210514,2484.28571
nam,20210515,2575.85714
nam,20210516,2684.71429
nam,20210517,2788.85714
nam,20210518,2920.28571
nam,20210519,3088.42857
nam,20210521,3453.57143
nam,20210522,3874.14286
nam,20210523,4264.42857
nam,20210525,4749.14286
nam,20210526,5382.14286
nam,20210527,6082.14286
nam,20210529,6796
nam,20210530,7323.57143
nam,20210531,7811
nam,20210601,8368.28571
nam,20210602,8874.57143
nam,20210603,9308.85714
nam,20210604,9711
nam,20210605,10099
nam,20210606,10474
nam,20210607,10834.42857
nam,20210608,11226.85714
nam,20210609,11636.57143
nam,20210610,12072.57143
nam,20210611,12516.85714
nam,20210612,12929.85714
nam,20210613,13385.42857
nam,20210614,13863.71429
nam,20210615,14389.14286
nam,20210616,15010.14286
nam,20210617,15652.85714
nam,20210618,16343.71429
nam,20210619,17124.71429
nam,20210620,17864.57143
nam,20210621,18575.14286
nam,20210622,19289.42857
nam,20210623,19896.28571
nam,20210624,20496
nam,20210625,21066.85714
nam,20210626,21592.71429
nam,20210627,22117.85714
nam,20210629,22733.85714
nam,20210630,23285.71429
nam,20210701,23851.28571
nam,20210702,24352.42857
nam,20210703,24794.28571
nam,20210704,25171.28571
nam,20210705,25569
nam,20210706,25954
nam,20210707,26336.42857
nam,20210708,26760.85714
nam,20210709,27295.71429
nam,20210710,27915.28571
nam,20210711,28537.85714
nam,20210712,29200.57143
nam,20210713,29900
nam,20210714,30644.85714
nam,20210715,31363
nam,20210716,32041.71429
nam,20210717,32653.42857
nam,20210718,33262
nam,20210719,33857.85714
nam,20210720,34669.71429
nam,20210721,35683.71429
nam,20210722,36929.71429
nam,20210723,38292.14286
nam,20210724,39740.42857
nam,20210725,41210.28571
nam,20210726,42669.28571
nam,20210727,43930.42857
nam,20210728,44974.71429
nam,20210729,45821.42857
nam,20210730,46534.14286
nam,20210731,47155.42857
nam,20210801,47766.57143
nam,20210802,48367.42857
nam,20210803,48943.57143
nam,20210804,49511.71429
nam,20210805,50048.71429
nam,20210806,50601.14286
nam,20210807,51198.42857
nam,20210808,51786.28571
nam,20210810,52933.85714
nam,20210811,55102.28571
nam,20210812,57962.28571
nam,20210813,61341.57143
nam,20210814,65003.28571
nam,20210815,68630.57143
nam,20210816,72515.28571
nam,20210819,76235.57143
nam,20210825,81291
nam,20210901,87643.28571
nam,20210909,95415.85714
nam,20210915,104532.14286
nam,20210922,116016
nam,20210930,128452.57143
nam,20211007,144501.71429
nam,20211014,159946.14286
nam,20211021,176649.57143
nam,20211028,194269.71429
nam,20211104,212067.28571
nam,20211110,228529.14286
nam,20211118,245106
nam,20220102,266253.57143
nam,20220121,287099.28571
nam,20220126,304844.28571
nam,20220211,320823
nam,20220215,335355
nam,20220225,349545.85714
nam,20220310,363066
nam,20220318,367979.28571
ncl,20210216,272
ncl,20210223,648.5
ncl,20210309,1239.66667
ncl,20210316,1838.25
ncl,20210323,2499.2
ncl,20210330,3369.5
ncl,20210407,4685.14286
ncl,20210413,7164.28571
ncl,20210420,9990.71429
ncl,20210427,13051.28571
ncl,20210504,16302.28571
ncl,20210511,20087.42857
ncl,20210518,24074.42857
ncl,20210525,28010.42857
ncl,20210601,31594.28571
ncl,20210608,35037
ncl,20210615,38186.28571
ncl,20210621,41272.14286
ncl,20210629,44172.71429
ncl,20210706,46861.85714
ncl,20210720,49454.71429
ncl,20210727,51864.71429
ncl,20210802,54244.71429
ncl,20210809,56693.28571
ncl,20210816,59189.57143
ncl,20210823,61379
ncl,20210831,63562.71429
ncl,20210907,65543.28571
ncl,20210914,67837.85714
ncl,20210921,70394
ncl,20210928,73195.42857
ncl,20211005,77913.28571
ncl,20211012,85957.28571
ncl,20211018,96154.85714
ncl,20211025,107330.42857
ncl,20211101,119061
ncl,20211108,130931
ncl,20211115,142640.42857
ncl,20211122,152504.28571
ncl,20211130,159034.42857
ncl,20211206,163278.71429
ncl,20211213,166408.71429
ncl,20211220,168619
ncl,20220104,170376.57143
ncl,20220111,171909.71429
ncl,20220118,173132
ncl,20220124,174174.71429
ncl,20220131,175068.57143
ncl,20220207,175817
ncl,20220214,176515.57143
ncl,20220221,177076.85714
ncl,20220228,177634
ncl,20220307,178116
ncl,20220314,178550.71429
ncl,20220321,178929.85714
ner,20210512,5948
ner,20210518,6231
ner,20210526,6468.33333
ner,20210608,7419
ner,20210614,8614.2
ner,20210624,12309.16667
ner,20210809,15149.28571
ner,20210816,26397
ner,20210823,37815.71429
ner,20210922,52020.42857
ner,20210929,68827.57143
ner,20211010,97859
ner,20211015,139680.28571
ner,20211027,191826.28571
ner,20211114,245008.57143
ner,20211128,299004
ner,20220110,428114.85714
ner,20220131,556404.71429
ner,20220216,672676
ner,20220226,776438
ner,20220308,939860.14286
nga,20210525,8815
nga,20210526,12037
nga,20210527,15412
nga,20210528,20045
nga,20210529,24880
nga,20210530,30556.33333
nga,20210531,36686.14286
nga,20210601,48389
nga,20210602,67388.85714
nga,20210604,101604.28571
nga,20210615,193947.28571
nga,20210624,331235
nga,20210628,487931
nga,20210705,671124.85714
nga,20210712,858839.85714
nga,20210809,1040034.85714
nga,20210828,1206412.28571
nga,20210831,1314555.71429
nga,20210905,1390968.42857
nga,20210906,1450997.14286
nga,20210912,1498353.28571
nga,20210915,1542348.85714
nga,20210919,1592994.14286
nga,20210922,1643642.85714
nga,20210925,1705086.28571
nga,20210930,1762757.42857
nga,20211007,1847068.14286
nga,20211014,1943134.71429
nga,20211018,2081480.42857
nga,20211021,2222876.57143
nga,20211023,2379301
nga,20211028,2537302.14286
nga,20211031,2699504.71429
nga,20211104,2835903.57143
nga,20211110,2949170.28571
nga,20211111,3022571.57143
nga,20211118,3100495.42857
nga,20211121,3175876.57143
nga,20211124,3244839.85714
nga,20211125,3307265
nga,20211202,3375039.57143
nga,20211203,3465426.85714
nga,20211209,3558055.28571
nga,20211212,3652761.71429
nga,20211215,3742406.28571
nga,20211220,3842079.28571
nga,20211222,3946155.85714
nga,20211227,4055901.57143
nga,20211230,4140884.42857
nga,20211231,4232250.42857
nga,20220106,4317034.71429
nga,20220109,4424780.71429
nga,20220112,4526521.85714
nga,20220114,4625045.71429
nga,20220116,4716852.42857
nga,20220118,4816311.57143
nga,20220122,4918729.42857
nga,20220123,5013339.14286
nga,20220129,5107856.71429
nga,20220221,5497947.28571
nga,20220227,5948923.42857
nga,20220306,6442915.85714
nga,20220313,6969621.42857
nga,20220318,7512902.42857
nic,20210716,162874
nic,20210817,180241
nic,20210820,187084
nic,20210827,190983
nic,20210903,194036
nic,20210910,204854
nic,20210917,215393.85714
nic,20210925,233008.71429
nic,20211001,248381.57143
nic,20211008,266586.71429
nic,20211022,289397.71429
nic,20211105,340385.71429
nic,20211119,616350.14286
nic,20211201,908302.28571
nic,20211208,1224133.57143
nic,20211210,1543435.85714
nic,20211215,1879345
nic,20211229,2242691.85714
nic,20220107,2596344.14286
nic,20220112,2731967.71429
nic,20220119,2873186.42857
nic,20220126,3010649.14286
nic,20220202,3162279.14286
nic,20220211,3312508.57143
nic,20220216,3443444.14286
nic,20220218,3555387.57143
nic,20220223,3670288.71429
nic,20220225,3760794.28571
nic,20220302,3840552.28571
nic,20220309,3913667
nic,20220311,3968291.42857
niu,20210706,32
niu,20210802,591
niu,20211124,823.33333
niu,20220313,971.75
nld,20210130,2430
nld,20210206,14434
nld,20210213,42140.33333
nld,20210220,72659
nld,20210227,113606.4
nld,20210306,154978.16667
nld,20210313,197062.85714
nld,20210320,279162.28571
nld,20210327,371919.42857
nld,20210403,470166.71429
nld,20210410,577319.85714
nld,20210417,681343.42857
nld,20210424,791460.28571
nld,20210501,907936.57143
nld,20210508,1052048.57143
nld,20210515,1231415.57143
nld,20210522,1472373.42857
nld,20210529,1783076.14286
nld,20210605,2188338.85714
nld,20210612,2674067.85714
nld,20210619,3239728
nld,20210626,3859155.28571
nld,20210703,4523920.85714
nld,20210710,5180750.42857
nld,20210717,5876352
nld,20210724,6559295.71429
nld,20210731,7238349.71429
nld,20210807,7924537.57143
nld,20210814,8604320.14286
nld,20210821,9222143.14286
nld,20210828,9800294.85714
nld,20210904,10274455
nld,20210911,10665864.57143
nld,20210918,10974941.57143
nld,20210925,11190055.14286
nld,20211002,11322303.14286
nld,20211009,11430937.85714
nld,20211016,11518668.28571
nld,20211023,11591121.85714
nld,20211030,11659041.42857
nld,20211106,11721559.42857
nld,20211113,11778986.71429
nld,20211120,11832906
nld,20211127,11886054.85714
nld,20211204,11938733.14286
nld,20211211,11991612.28571
nld,20211218,12043263.28571
nld,20211225,12091689.42857
nld,20220101,12136618.71429
nld,20220108,12178329
nld,20220115,12214532.57143
nld,20220122,12244667.28571
nld,20220129,12269002.14286
nld,20220205,12288658.42857
nld,20220212,12305892.14286
nld,20220219,12320452.14286
nld,20220226,12331947.28571
nld,20220305,12341037.14286
nld,20220312,12348275.14286
nld,20220319,12354177.14286
nld_curacao,20210329,4203
nld_curacao,20210330,4466.5
nld_curacao,20210401,4924.66667
nld_curacao,20210405,5613.5
nld_curacao,20210406,6125.8
nld_curacao,20210407,6577
nld_curacao,20210408,6997
nld_curacao,20210409,7856.71429
nld_curacao,20210410,8703.57143
nld_curacao,20210413,9581.42857
nld_curacao,20210414,10256
nld_curacao,20210415,10915.14286
nld_curacao,20210416,11527
nld_curacao,20210417,12106.14286
nld_curacao,20210419,12590.14286
nld_curacao,20210420,13109.28571
nld_curacao,20210421,13539.42857
nld_curacao,20210422,13962.71429
nld_curacao,20210423,14374.28571
nld_curacao,20210424,14843.71429
nld_curacao,20210425,15263.57143
nld_curacao,20210426,15899.14286
nld_curacao,20210427,16629.57143
nld_curacao,20210428,17311.28571
nld_curacao,20210429,18298.28571
nld_curacao,20210430,19409
nld_curacao,20210501,20586
nld_curacao,20210502,21747.85714
nld_curacao,20210503,23051
nld_curacao,20210504,24351.57143
nld_curacao,20210505,25836.71429
nld_curacao,20210506,27074.71429
nld_curacao,20210508,28255.71429
nld_curacao,20210509,29350.28571
nld_curacao,20210510,30511.14286
nld_curacao,20210511,31427.85714
nld_curacao,20210512,32310.42857
nld_curacao,20210513,33270.42857
nld_curacao,20210514,34374.57143
nld_curacao,20210515,35669.42857
nld_curacao,20210516,37324.71429
nld_curacao,20210517,39169
nld_curacao,20210518,41322
nld_curacao,20210519,43743.14286
nld_curacao,20210520,46217.42857
nld_curacao,20210521,48993.28571
nld_curacao,20210522,51721.28571
nld_curacao,20210523,54107.71429
nld_curacao,20210524,56404.57143
nld_curacao,20210525,58554.14286
nld_curacao,20210526,60321.85714
nld_curacao,20210527,61865.57143
nld_curacao,20210528,63038.42857
nld_curacao,20210529,64061.71429
nld_curacao,20210530,65084.57143
nld_curacao,20210531,66091.42857
nld_curacao,20210601,66882.28571
nld_curacao,20210602,67723
nld_curacao,20210603,68524.28571
nld_curacao,20210604,69166.71429
nld_curacao,20210605,69778.42857
nld_curacao,20210606,70332.71429
nld_curacao,20210607,70805.42857
nld_curacao,20210608,71280.85714
nld_curacao,20210609,71721.14286
nld_curacao,20210610,72095.42857
nld_curacao,20210611,72494
nld_curacao,20210612,72877.42857
nld_curacao,20210613,73250
nld_curacao,20210614,73608.28571
nld_curacao,20210615,73943.85714
nld_curacao,20210616,74256
nld_curacao,20210617,74564.57143
nld_curacao,20210618,74876.85714
nld_curacao,20210619,75168.85714
nld_curacao,20210620,75467.28571
nld_curacao,20210621,75730.71429
nld_curacao,20210622,75984.85714
nld_curacao,20210623,76246
nld_curacao,20210624,76501.71429
nld_curacao,20210625,76746.57143
nld_curacao,20210626,76980.42857
nld_curacao,20210627,77206.28571
nld_curacao,20210628,77469.71429
nld_curacao,20210629,77719.42857
nld_curacao,20210630,77963.85714
nld_curacao,20210701,78187.28571
nld_curacao,20210702,78378.14286
nld_curacao,20210703,78556.85714
nld_curacao,20210704,78709
nld_curacao,20210706,78863.42857
nld_curacao,20210707,78999.14286
nld_curacao,20210709,79167.57143
nld_curacao,20210710,79329.71429
nld_curacao,20210713,79541.57143
nld_curacao,20210714,79741.42857
nld_curacao,20210715,79978.42857
nld_curacao,20210716,80162.42857
nld_curacao,20210717,80345.71429
nld_curacao,20210718,80463
nld_curacao,20210719,80624
nld_curacao,20210720,80727.57143
nld_curacao,20210721,80831
nld_curacao,20210722,80915
nld_curacao,20210723,81002.57143
nld_curacao,20210724,81104
nld_curacao,20210727,81242.71429
nld_curacao,20210728,81369
nld_curacao,20210730,81517
nld_curacao,20210731,81715.57143
nld_curacao,20210803,81934.42857
nld_curacao,20210804,82166.57143
nld_curacao,20210806,82399.57143
nld_curacao,20210807,82654.57143
nld_curacao,20210809,82886
nld_curacao,20210810,83120.28571
nld_curacao,20210811,83354.14286
nld_curacao,20210813,83573.14286
nld_curacao,20210814,83827.57143
nld_curacao,20210817,84085.28571
nld_curacao,20210818,84312.57143
nld_curacao,20210820,84548
nld_curacao,20210821,84793.85714
nld_curacao,20210824,84999.85714
nld_curacao,20210825,85201.42857
nld_curacao,20210827,85358.85714
nld_curacao,20210828,85536.14286
nld_curacao,20210829,85700.42857
nld_curacao,20210830,85864
nld_curacao,20210831,86018.42857
nld_curacao,20210901,86183
nld_curacao,20210902,86325
nld_curacao,20210903,86457.14286
nld_curacao,20210904,86595.28571
nld_curacao,20210906,86719
nld_curacao,20210907,86826.57143
nld_curacao,20210908,86940.85714
nld_curacao,20210910,87037
nld_curacao,20210911,87178.42857
nld_curacao,20210914,87321.28571
nld_curacao,20210915,87455.57143
nld_curacao,20210916,87592.14286
nld_curacao,20210918,87775.71429
nld_curacao,20210919,87923.71429
nld_curacao,20210921,88108.42857
nld_curacao,20210922,88251.71429
nld_curacao,20210923,88390.28571
nld_curacao,20210924,88496.28571
nld_curacao,20210925,88646.28571
nld_curacao,20210928,88753.42857
nld_curacao,20210929,88896.28571
nld_curacao,20211001,89002.42857
nld_curacao,20211002,89138.14286
nld_curacao,20211005,89276
nld_curacao,20211006,89440.42857
nld_curacao,20211008,89561.42857
nld_curacao,20211009,89719.42857
nld_curacao,20211010,89848.71429
nld_curacao,20211013,89998.14286
nld_curacao,20211015,90144.71429
nld_curacao,20211017,90370.85714
nld_curacao,20211018,90566.85714
nld_curacao,20211019,90775.57143
nld_curacao,20211020,90959.85714
nld_curacao,20211021,91137.28571
nld_curacao,20211022,91317.85714
nld_curacao,20211023,91493.42857
nld_curacao,20211025,91586.42857
nld_curacao,20211026,91679.42857
nld_curacao,20211027,91780
nld_curacao,20211028,91864.57143
nld_curacao,20211029,91948.57143
nld_curacao,20211030,92041.85714
nld_curacao,20211103,92145.28571
nld_curacao,20211106,92302.28571
nld_curacao,20211110,92507.42857
nld_curacao,20211111,92686.42857
nld_curacao,20211113,92923.71429
nld_curacao,20211117,93213.71429
nld_curacao,20211120,93514.85714
nld_curacao,20211123,93793
nld_curacao,20211124,94047
nld_curacao,20211125,94253.14286
nld_curacao,20211126,94461.14286
nld_curacao,20211127,94649.28571
nld_curacao,20211130,94784.85714
nld_curacao,20211201,94895.85714
nld_curacao,20211202,94996
nld_curacao,20211204,95102.57143
nld_curacao,20211206,95208.71429
nld_curacao,20211208,95342.85714
nld_curacao,20211209,95437.57143
nld_curacao,20211210,95532.14286
nld_curacao,20211211,95632.14286
nld_curacao,20211213,95729.14286
nld_curacao,20211214,95797
nld_curacao,20211215,95888.14286
nld_curacao,20211216,95950.42857
nld_curacao,20211217,96013.42857
nld_curacao,20211218,96105.14286
nld_curacao,20211220,96169.14286
nld_curacao,20211221,96231.71429
nld_curacao,20211223,96302.71429
nld_curacao,20211224,96350.71429
nld_curacao,20211226,96402.57143
nld_curacao,20211227,96455
nld_curacao,20211228,96485.14286
nld_curacao,20211230,96517
nld_curacao,20211231,96549.71429
nld_curacao,20220102,96568.71429
nld_curacao,20220103,96589.42857
nld_curacao,20220104,96607.71429
nld_curacao,20220105,96639.57143
nld_curacao,20220106,96668.28571
nld_curacao,20220107,96698.85714
nld_curacao,20220108,96743.28571
nld_curacao,20220109,96786.28571
nld_curacao,20220110,96830.57143
nld_curacao,20220111,96873.57143
nld_curacao,20220112,96924.71429
nld_curacao,20220113,96974.85714
nld_curacao,20220114,97023.57143
nld_curacao,20220115,97063.71429
nld_curacao,20220116,97109
nld_curacao,20220117,97155.71429
nld_curacao,20220118,97204.85714
nld_curacao,20220119,97237
nld_curacao,20220120,97269.57143
nld_curacao,20220121,97303.57143
nld_curacao,20220122,97332.57143
nld_curacao,20220123,97360
nld_curacao,20220125,97391.28571
nld_curacao,20220127,97420.71429
nld_curacao,20220128,97447.14286
nld_curacao,20220129,97477.28571
nld_curacao,20220130,97504.85714
nld_curacao,20220131,97534.57143
nld_curacao,20220201,97562.28571
nld_curacao,20220202,97587.14286
nld_curacao,20220203,97612.42857
nld_curacao,20220204,97637.57143
nld_curacao,20220205,97664.28571
nld_curacao,20220206,97690
nld_curacao,20220207,97714.28571
nld_curacao,20220208,97738.85714
nld_curacao,20220209,97761.42857
nld_curacao,20220210,97782.85714
nld_curacao,20220211,97806
nld_curacao,20220212,97826.14286
nld_curacao,20220213,97846.28571
nld_curacao,20220214,97866.71429
nld_curacao,20220215,97887.71429
nld_curacao,20220216,97909.14286
nld_curacao,20220217,97932
nld_curacao,20220218,97955.28571
nld_curacao,20220219,97978.14286
nld_curacao,20220220,98001.42857
nld_curacao,20220221,98024
nld_curacao,20220222,98045.28571
nld_curacao,20220223,98063.85714
nld_curacao,20220224,98082.42857
nld_curacao,20220225,98098.28571
nld_curacao,20220226,98112.71429
nld_curacao,20220227,98126.57143
nld_curacao,20220303,98145.71429
nld_curacao,20220304,98165.42857
nld_curacao,20220305,98186.57143
nld_curacao,20220306,98207.14286
nld_curacao,20220308,98226.71429
nld_curacao,20220309,98244.28571
nld_curacao,20220310,98263.14286
nld_curacao,20220312,98278.71429
nld_curacao,20220315,98294.28571
nld_curacao,20220316,98308.42857
nld_curacao,20220317,98322.57143
nld_curacao,20220318,98336.57143
nld_curacao,20220319,98353.71429
nld_curacao,20220321,98369.28571
nld_curacao,20220322,98383.42857
nld_curacao,20220323,98397.71429
nld_curacao,20220324,98411.28571
nld_curacao,20220325,98424.42857
nor,20210106,12
nor,20210107,13
nor,20210108,16.66667
nor,20210109,19
nor,20210110,21.6
nor,20210111,25.16667
nor,20210112,29
nor,20210113,36.14286
nor,20210114,44.42857
nor,20210115,51.71429
nor,20210116,59.28571
nor,20210117,67.14286
nor,20210118,117.71429
nor,20210119,286.42857
nor,20210120,555.14286
nor,20210121,848.14286
nor,20210122,1143.57143
nor,20210123,1439.85714
nor,20210124,1736.57143
nor,20210125,1991.85714
nor,20210126,2472
nor,20210127,3972.42857
nor,20210128,6404.71429
nor,20210129,9140.57143
nor,20210130,11907.28571
nor,20210131,14682.42857
nor,20210201,17506.71429
nor,20210202,20466.42857
nor,20210203,23568.85714
nor,20210204,26991.28571
nor,20210205,30831.28571
nor,20210206,34751.28571
nor,20210207,38710.57143
nor,20210208,42756.71429
nor,20210209,46815.42857
nor,20210210,50914
nor,20210211,55011.28571
nor,20210212,58922
nor,20210213,62770.28571
nor,20210214,66571.71429
nor,20210215,70347.14286
nor,20210216,73961.71429
nor,20210217,77813.42857
nor,20210218,81990.42857
nor,20210219,86339.57143
nor,20210220,90671.42857
nor,20210221,95025.71429
nor,20210222,99294.85714
nor,20210223,104011.42857
nor,20210224,110513.85714
nor,20210225,119252.57143
nor,20210226,128753.42857
nor,20210227,138264.14286
nor,20210228,147776.28571
nor,20210301,157276
nor,20210302,166570.28571
nor,20210303,175230.71429
nor,20210304,182781
nor,20210305,189837.42857
nor,20210306,196927.57143
nor,20210307,203994.57143
nor,20210308,211057.42857
nor,20210309,218178.57143
nor,20210310,225169.28571
nor,20210311,231921.57143
nor,20210312,238931.28571
nor,20210313,245914.85714
nor,20210314,252915.71429
nor,20210315,259974
nor,20210316,266514.14286
nor,20210317,270772.85714
nor,20210318,272776.42857
nor,20210319,273700.71429
nor,20210320,274582.85714
nor,20210321,275456.71429
nor,20210322,276280.28571
nor,20210323,277144.57143
nor,20210324,278298.57143
nor,20210325,279598.85714
nor,20210326,280927.71429
nor,20210327,282255.71429
nor,20210328,283577
nor,20210329,284905.57143
nor,20210330,286728
nor,20210331,289125.57143
nor,20210401,291371.71429
nor,20210402,293546.85714
nor,20210403,295724.28571
nor,20210404,297906.42857
nor,20210405,300085.85714
nor,20210406,302013.57143
nor,20210407,303346.71429
nor,20210408,305081.28571
nor,20210409,306814
nor,20210410,308553.71429
nor,20210411,310293.57143
nor,20210412,312036.14286
nor,20210413,313457.42857
nor,20210414,314556.71429
nor,20210415,315224
nor,20210416,315922.28571
nor,20210417,316638
nor,20210418,317352.71429
nor,20210419,318082.57143
nor,20210420,318878.57143
nor,20210421,319896
nor,20210422,321097.85714
nor,20210423,322372.57143
nor,20210424,323634.14286
nor,20210425,324895.28571
nor,20210426,326207.85714
nor,20210427,328270.14286
nor,20210428,333489
nor,20210429,341384.14286
nor,20210430,350268.42857
nor,20210501,359190.28571
nor,20210502,368150
nor,20210503,377240.28571
nor,20210504,387211.42857
nor,20210505,399171.14286
nor,20210506,413273.71429
nor,20210507,428527.57143
nor,20210508,443820.57143
nor,20210509,459127
nor,20210510,475157
nor,20210511,493983.71429
nor,20210512,514921
nor,20210513,531927.28571
nor,20210514,547792.71429
nor,20210515,563682.57143
nor,20210516,579670.14286
nor,20210517,594781.42857
nor,20210518,608752.85714
nor,20210519,625435.42857
nor,20210520,650744.42857
nor,20210521,679332
nor,20210522,707956
nor,20210523,736485.71429
nor,20210524,765321.28571
nor,20210525,794929.85714
nor,20210526,826205.42857
nor,20210527,858233.57143
nor,20210528,890381.57143
nor,20210529,922683.85714
nor,20210530,955158.85714
nor,20210531,988217.28571
nor,20210601,1020411.42857
nor,20210602,1050632.85714
nor,20210603,1078633.14286
nor,20210604,1104865
nor,20210605,1130896.57143
nor,20210606,1156747.14286
nor,20210607,1182063.42857
nor,20210608,1206840
nor,20210609,1230220.28571
nor,20210610,1253138.57143
nor,20210611,1276232.85714
nor,20210612,1299345.28571
nor,20210613,1322504
nor,20210614,1345616.85714
nor,20210615,1367463
nor,20210616,1386510.28571
nor,20210617,1402288
nor,20210618,1416826.85714
nor,20210619,1431342.14286
nor,20210620,1445777.42857
nor,20210621,1460242.28571
nor,20210622,1475086.57143
nor,20210623,1488646.14286
nor,20210624,1500651.71429
nor,20210625,1512241.28571
nor,20210626,1523969.28571
nor,20210627,1535859.71429
nor,20210628,1547529.28571
nor,20210629,1557779.57143
nor,20210630,1564367.28571
nor,20210701,1568962.14286
nor,20210702,1572663.42857
nor,20210703,1576209.14286
nor,20210704,1579646.57143
nor,20210705,1582999.28571
nor,20210706,1586359.28571
nor,20210707,1590014.85714
nor,20210708,1593818.28571
nor,20210709,1597648.28571
nor,20210710,1601438.85714
nor,20210711,1605182.14286
nor,20210712,1609113.14286
nor,20210713,1613854.57143
nor,20210714,1621535.85714
nor,20210715,1632140
nor,20210716,1643689.57143
nor,20210717,1655276.85714
nor,20210718,1666876.71429
nor,20210719,1678665
nor,20210720,1690391.28571
nor,20210721,1700771.14286
nor,20210722,1710120.85714
nor,20210723,1719105.57143
nor,20210724,1728068.85714
nor,20210725,1737031
nor,20210726,1745977.71429
nor,20210727,1754957.28571
nor,20210728,1764814.28571
nor,20210729,1775318.57143
nor,20210730,1786327.85714
nor,20210731,1797390.14286
nor,20210801,1808436.71429
nor,20210802,1820329.14286
nor,20210803,1833476.85714
nor,20210804,1849144.28571
nor,20210805,1867927.14286
nor,20210806,1888216
nor,20210807,1908573
nor,20210808,1929032.57143
nor,20210809,1951265.57143
nor,20210810,1975838.71429
nor,20210811,2005861.71429
nor,20210812,2041104.85714
nor,20210813,2078879.71429
nor,20210814,2116799
nor,20210815,2154756
nor,20210816,2194077.71429
nor,20210817,2234961.42857
nor,20210818,2279412
nor,20210819,2326183.42857
nor,20210820,2374976
nor,20210821,2424419.71429
nor,20210822,2473961.14286
nor,20210823,2524982.71429
nor,20210824,2579118.28571
nor,20210825,2636027.42857
nor,20210826,2696310.85714
nor,20210827,2757756.28571
nor,20210828,2819659.85714
nor,20210829,2881982.14286
nor,20210830,2943741.42857
nor,20210831,3002570.85714
nor,20210901,3054815
nor,20210902,3100597.42857
nor,20210903,3142740
nor,20210904,3184291.71429
nor,20210905,3225309.71429
nor,20210906,3263852.42857
nor,20210907,3299491.14286
nor,20210908,3331214.71429
nor,20210909,3358000.28571
nor,20210910,3382548.14286
nor,20210911,3406642
nor,20210912,3430607.85714
nor,20210913,3453239.85714
nor,20210914,3473930.14286
nor,20210915,3491376.42857
nor,20210916,3505838.85714
nor,20210917,3518915.42857
nor,20210918,3531663.42857
nor,20210919,3544404.14286
nor,20210920,3556537.85714
nor,20210921,3568253.14286
nor,20210922,3578388
nor,20210923,3587453.71429
nor,20210924,3596032
nor,20210925,3604566.42857
nor,20210926,3613100.14286
nor,20210927,3621430.71429
nor,20210928,3629455.14286
nor,20210929,3636862
nor,20210930,3643847.85714
nor,20211001,3650680.14286
nor,20211002,3657530.57143
nor,20211003,3664372.85714
nor,20211004,3670903.28571
nor,20211005,3677121.28571
nor,20211006,3682254.42857
nor,20211007,3686485.57143
nor,20211008,3690359
nor,20211009,3694203.85714
nor,20211010,3698048.28571
nor,20211011,3701739.85714
nor,20211012,3705068.42857
nor,20211013,3708180.71429
nor,20211014,3710712.28571
nor,20211015,3713015.14286
nor,20211016,3715311.42857
nor,20211017,3717608.14286
nor,20211018,3719822.42857
nor,20211019,3722006
nor,20211020,3724071
nor,20211021,3726362.57143
nor,20211022,3728681
nor,20211023,3730999.14286
nor,20211024,3733315
nor,20211025,3735665.71429
nor,20211026,3737971.57143
nor,20211027,3740393
nor,20211028,3742930.57143
nor,20211029,3745386.85714
nor,20211030,3747844.85714
nor,20211031,3750304.28571
nor,20211101,3752694.14286
nor,20211102,3755044.14286
nor,20211103,3757270
nor,20211104,3759308
nor,20211105,3761413.42857
nor,20211106,3763526.85714
nor,20211107,3765639.71429
nor,20211108,3767816.71429
nor,20211109,3770192.42857
nor,20211110,3772494.85714
nor,20211111,3774930
nor,20211112,3777279.57143
nor,20211113,3779630.57143
nor,20211114,3781981
nor,20211115,3784456.14286
nor,20211116,3786899.42857
nor,20211117,3789581.85714
nor,20211118,3792117.57143
nor,20211119,3794790
nor,20211120,3797556.57143
nor,20211121,3800323.71429
nor,20211122,3803047.71429
nor,20211123,3806039.57143
nor,20211124,3809271.28571
nor,20211125,3813147.14286
nor,20211126,3817174.14286
nor,20211127,3821128.71429
nor,20211128,3825085.42857
nor,20211129,3829240.42857
nor,20211130,3833507.57143
nor,20211201,3837941.28571
nor,20211202,3842507.42857
nor,20211203,3847047.71429
nor,20211204,3851577.57143
nor,20211205,3856108.42857
nor,20211206,3860462.28571
nor,20211207,3864553.85714
nor,20211208,3868213.85714
nor,20211209,3871360.14286
nor,20211210,3874336
nor,20211211,3877321
nor,20211212,3880307.28571
nor,20211213,3883258.14286
nor,20211214,3886205.71429
nor,20211215,3889210.71429
nor,20211216,3892334
nor,20211217,3895567.42857
nor,20211218,3898830.28571
nor,20211219,3902116.85714
nor,20211220,3905556
nor,20211221,3909017
nor,20211222,3912062.28571
nor,20211223,3914164.14286
nor,20211224,3915823.71429
nor,20211225,3917416
nor,20211226,3918979.42857
nor,20211227,3920260.71429
nor,20211228,3921209.14286
nor,20211229,3921991.14286
nor,20211230,3922800
nor,20211231,3923612.85714
nor,20220101,3924425.42857
nor,20220102,3925238
nor,20220103,3926101.85714
nor,20220104,3927183.42857
nor,20220105,3928690.57143
nor,20220106,3930824.28571
nor,20220107,3933317.28571
nor,20220108,3935952.57143
nor,20220109,3938620.71429
nor,20220110,3941429.42857
nor,20220111,3944309.57143
nor,20220112,3947164.28571
nor,20220113,3949944.85714
nor,20220114,3952711.85714
nor,20220115,3955441.42857
nor,20220116,3958169
nor,20220117,3960798.14286
nor,20220118,3963337.14286
nor,20220119,3965755.14286
nor,20220120,3968070.57143
nor,20220121,3970266.85714
nor,20220122,3972401.57143
nor,20220123,3974517.42857
nor,20220124,3976618.42857
nor,20220125,3978632.57143
nor,20220126,3980641.85714
nor,20220127,3982674.85714
nor,20220128,3984697
nor,20220129,3986750
nor,20220130,3988807.42857
nor,20220131,3990844.85714
nor,20220201,3992836
nor,20220202,3994704.57143
nor,20220203,3996402.57143
nor,20220204,3998068.71429
nor,20220205,3999682.57143
nor,20220206,4001285.28571
nor,20220207,4002849
nor,20220208,4004343.42857
nor,20220209,4005688
nor,20220210,4006901
nor,20220211,4008031.71429
nor,20220212,4009171.57143
nor,20220213,4010308
nor,20220214,4011339.71429
nor,20220215,4012276.42857
nor,20220216,4013120.28571
nor,20220217,4013875.14286
nor,20220218,4014599.71429
nor,20220219,4015298.28571
nor,20220220,4015995.71429
nor,20220221,4016671.71429
nor,20220222,4017288
nor,20220223,4017805.28571
nor,20220224,4018249
nor,20220225,4018670.28571
nor,20220226,4019092.14286
nor,20220227,4019513.57143
nor,20220228,4019918.28571
nor,20220301,4020301.85714
nor,20220302,4020657.14286
nor,20220303,4020962.28571
nor,20220304,4021244.85714
nor,20220305,4021525.85714
nor,20220306,4021806.57143
nor,20220307,4022074.14286
nor,20220308,4022329.42857
nor,20220309,4022577.14286
nor,20220310,4022824.14286
nor,20220311,4023070.85714
nor,20220312,4023317.14286
nor,20220313,4023563.42857
nor,20220314,4023807
nor,20220315,4024056.42857
nor,20220316,4024290.14286
nor,20220317,4024493.57143
nor,20220318,4024693.14286
nor,20220319,4024891.28571
nor,20220320,4025088.57143
nor,20220321,4025286
nor,20220322,4025473
nor,20220323,4025659.85714
nor,20220324,4025847
npl,20210507,362001
npl,20210518,394255.5
npl,20210520,424047.33333
npl,20210521,446598.75
npl,20210522,463592.6
npl,20210523,478592
npl,20210524,495043.85714
npl,20210525,531059.85714
npl,20210526,559970.42857
npl,20210527,583461.42857
npl,20210528,603546.85714
npl,20210529,625742.71429
npl,20210530,645160.85714
npl,20210606,659123.57143
npl,20210609,670178
npl,20210610,679122.28571
npl,20210612,685326
npl,20210615,690560.71429
npl,20210616,691211.42857
npl,20210619,697231
npl,20210626,705529.71429
npl,20210627,713906.42857
npl,20210628,722565.85714
npl,20210629,731572.71429
npl,20210630,740647.71429
npl,20210701,749948.85714
npl,20210703,753707.28571
npl,20210704,754916
npl,20210705,756319.28571
npl,20210707,770489.28571
npl,20210709,800484.42857
npl,20210711,841391.14286
npl,20210712,887475.42857
npl,20210713,936785.14286
npl,20210714,986902.57143
npl,20210716,1038378
npl,20210717,1077745.14286
npl,20210718,1101373.71429
npl,20210720,1118054.28571
npl,20210722,1146918.28571
npl,20210723,1176758.57143
npl,20210724,1213498.28571
npl,20210725,1253197.71429
npl,20210726,1295561.42857
npl,20210727,1342384.57143
npl,20210728,1391696.28571
npl,20210729,1429919.57143
npl,20210731,1491904
npl,20210801,1555821.85714
npl,20210802,1641826.57143
npl,20210803,1724581.85714
npl,20210804,1812741.28571
npl,20210805,1902396.71429
npl,20210806,1996575.57143
npl,20210807,2084274.14286
npl,20210808,2181232.85714
npl,20210809,2267780.71429
npl,20210810,2370540.28571
npl,20210811,2486765.14286
npl,20210812,2599813.71429
npl,20210814,2756317
npl,20210815,2899797.57143
npl,20210816,3042352.28571
npl,20210817,3182441.85714
npl,20210818,3314976.14286
npl,20210819,3432165.85714
npl,20210820,3557442.71429
npl,20210821,3633447
npl,20210822,3702386.85714
npl,20210823,3754891.57143
npl,20210825,3801072.71429
npl,20210826,3843896.85714
npl,20210827,3893050.71429
npl,20210830,3978368.42857
npl,20210831,4067533.14286
npl,20210901,4184760.57143
npl,20210902,4301957.42857
npl,20210903,4428447.71429
npl,20210904,4559062.85714
npl,20210905,4679403.85714
npl,20210906,4760312
npl,20210907,4839320.57143
npl,20210909,4901451.42857
npl,20210910,4964723
npl,20210911,5016887.42857
npl,20210912,5060152.28571
npl,20210913,5103443.85714
npl,20210914,5143512
npl,20210915,5201027.14286
npl,20210916,5254013.85714
npl,20210917,5309228.57143
npl,20210918,5366565.85714
npl,20210919,5425448.14286
npl,20210922,5504685.28571
npl,20210923,5592927.14286
npl,20210924,5668726.42857
npl,20210925,5746125
npl,20210926,5821699.42857
npl,20210927,5907866.14286
npl,20210928,5997424
npl,20210929,6066730.85714
npl,20210930,6127418.14286
npl,20211002,6184883.42857
npl,20211003,6233080.71429
npl,20211004,6282762.28571
npl,20211005,6317640
npl,20211006,6348170
npl,20211007,6375660
npl,20211008,6397930.28571
npl,20211009,6412027.14286
npl,20211010,6426073.14286
npl,20211011,6437302.28571
npl,20211012,6445813.57143
npl,20211013,6452872.14286
npl,20211014,6458404.71429
npl,20211018,6462485.14286
npl,20211019,6468051.71429
npl,20211025,6496148.57143
npl,20211101,6608402.57143
npl,20211107,6746679.57143
npl,20211116,6911700.71429
npl,20211122,7128990.85714
npl,20211129,7410085.85714
npl,20211206,7730066.14286
npl,20211220,8171496.28571
npl,20220104,8666091.57143
npl,20220110,9223209.28571
npl,20220116,9866608
npl,20220124,10597541.71429
npl,20220131,11450386.71429
npl,20220207,12461236.57143
npl,20220213,13430925.42857
npl,20220223,14354226.71429
npl,20220224,15196998.14286
npl,20220225,15936828.57143
npl,20220227,16552916.85714
npl,20220228,16993302.28571
npl,20220301,17242666.14286
npl,20220302,17391619
npl,20220304,17464078
npl,20220305,17550941.14286
npl,20220308,17671615.85714
npl,20220309,17783271
npl,20220311,17906363.57143
npl,20220312,18028102.14286
npl,20220313,18154479.57143
npl,20220314,18271776.14286
npl,20220315,18372256.85714
npl,20220316,18435592.14286
npl,20220317,18503803.42857
npl,20220318,18553299.71429
npl,20220319,18596767.57143
npl,20220320,18632661.71429
npl,20220321,18667865.42857
npl,20220322,18699753.14286
npl,20220323,18731629.14286
npl,20220324,18756567.71429
npl,20220325,18784755
nru,20210629,1814
nru,20210713,2434
nru,20210720,3939
nru,20210727,4767
nru,20210831,5263.8
nru,20220118,5613.83333
nru,20220321,5908.14286
nzl,20210221,1
nzl,20210222,1
nzl,20210223,1
nzl,20210224,1
nzl,20210225,1
nzl,20210226,1
nzl,20210227,1
nzl,20210228,1
nzl,20210301,1
nzl,20210302,1
nzl,20210303,1
nzl,20210304,1
nzl,20210305,1.14286
nzl,20210306,1.42857
nzl,20210307,1.71429
nzl,20210308,2
nzl,20210309,2.28571
nzl,20210310,2.57143
nzl,20210311,2.85714
nzl,20210312,3.85714
nzl,20210313,5.57143
nzl,20210314,9.28571
nzl,20210315,51.14286
nzl,20210316,126.28571
nzl,20210317,253.57143
nzl,20210318,448.57143
nzl,20210319,753.14286
nzl,20210320,1159.14286
nzl,20210321,1655.42857
nzl,20210322,2287.71429
nzl,20210323,3044.85714
nzl,20210324,3976.42857
nzl,20210325,5059.57143
nzl,20210326,6216.71429
nzl,20210327,7396.28571
nzl,20210328,8553.71429
nzl,20210329,9698.28571
nzl,20210330,10899.42857
nzl,20210331,12066.57143
nzl,20210401,13193.42857
nzl,20210402,14178
nzl,20210403,15085.71429
nzl,20210404,15951.28571
nzl,20210405,16697.14286
nzl,20210406,17434.28571
nzl,20210407,18285.85714
nzl,20210408,19210.71429
nzl,20210409,20369.71429
nzl,20210410,21579.71429
nzl,20210411,22916.14286
nzl,20210412,24457.28571
nzl,20210413,26025
nzl,20210414,27503.42857
nzl,20210415,28993
nzl,20210416,30582.85714
nzl,20210417,32239.28571
nzl,20210418,33825.85714
nzl,20210419,35457.14286
nzl,20210420,37282.57143
nzl,20210421,39380.42857
nzl,20210422,41769.42857
nzl,20210423,44288.57143
nzl,20210424,46839.71429
nzl,20210425,49436.14286
nzl,20210426,51864.85714
nzl,20210427,54325.71429
nzl,20210428,56821.14286
nzl,20210429,59470.42857
nzl,20210430,62332
nzl,20210501,65280.71429
nzl,20210502,68374
nzl,20210503,71985.57143
nzl,20210504,75896
nzl,20210505,80075.85714
nzl,20210506,84380.42857
nzl,20210507,88931.42857
nzl,20210508,93605.85714
nzl,20210509,98236.71429
nzl,20210510,102957.57143
nzl,20210511,107763.71429
nzl,20210512,112600.57143
nzl,20210513,117464
nzl,20210514,122378.85714
nzl,20210515,127288.28571
nzl,20210516,132225
nzl,20210517,136967.14286
nzl,20210518,141654.57143
nzl,20210519,146431.85714
nzl,20210520,151314.28571
nzl,20210521,156222.85714
nzl,20210522,161238.42857
nzl,20210523,166216.42857
nzl,20210524,171482.57143
nzl,20210525,177029.57143
nzl,20210526,182771.85714
nzl,20210527,188554.14286
nzl,20210528,194704.85714
nzl,20210529,200960.14286
nzl,20210530,207264
nzl,20210531,213538.28571
nzl,20210601,219875.57143
nzl,20210602,226305.71429
nzl,20210603,233021.85714
nzl,20210604,239520.85714
nzl,20210605,245884.42857
nzl,20210606,252219.42857
nzl,20210607,257955
nzl,20210608,263809.71429
nzl,20210609,269078.71429
nzl,20210610,274410.71429
nzl,20210611,279918.57143
nzl,20210612,285590
nzl,20210613,291436
nzl,20210614,298166.42857
nzl,20210615,304954.14286
nzl,20210616,312558.14286
nzl,20210617,320281.28571
nzl,20210618,327986.28571
nzl,20210619,335750
nzl,20210620,343576.85714
nzl,20210621,351530.28571
nzl,20210622,359788
nzl,20210623,368311.71429
nzl,20210624,377219.42857
nzl,20210625,386449.71429
nzl,20210626,395877.28571
nzl,20210627,405318.71429
nzl,20210628,414475.85714
nzl,20210629,423455.42857
nzl,20210630,432158.28571
nzl,20210701,440412.42857
nzl,20210702,448466
nzl,20210703,456383.14286
nzl,20210704,464226.14286
nzl,20210705,472285
nzl,20210706,480528.14286
nzl,20210707,489045.28571
nzl,20210708,497854.28571
nzl,20210709,506692.71429
nzl,20210710,515696.14286
nzl,20210711,524744.85714
nzl,20210712,533813.28571
nzl,20210713,542760.71429
nzl,20210714,551647.42857
nzl,20210715,560393.28571
nzl,20210716,569053
nzl,20210717,577797.57143
nzl,20210718,586518.14286
nzl,20210719,595393
nzl,20210720,604473.28571
nzl,20210721,613801.85714
nzl,20210722,623360.28571
nzl,20210723,633118.57143
nzl,20210724,642970.71429
nzl,20210725,653088.42857
nzl,20210726,663319.42857
nzl,20210727,673472.57143
nzl,20210728,683481
nzl,20210729,693414.28571
nzl,20210730,703252.28571
nzl,20210731,713282.14286
nzl,20210801,723275.57143
nzl,20210802,733191.85714
nzl,20210803,743274.14286
nzl,20210804,753465.14286
nzl,20210805,763804.71429
nzl,20210806,774295.57143
nzl,20210807,784760.14286
nzl,20210808,795218.71429
nzl,20210809,805994.14286
nzl,20210810,817258.42857
nzl,20210811,829095
nzl,20210812,841434.42857
nzl,20210813,854339.14286
nzl,20210814,867878
nzl,20210815,881812.85714
nzl,20210816,896377.42857
nzl,20210817,911580.85714
nzl,20210818,924378.28571
nzl,20210819,936064.85714
nzl,20210820,948403.28571
nzl,20210821,961109.28571
nzl,20210822,974057.14286
nzl,20210823,987507
nzl,20210824,1001421.57143
nzl,20210825,1019110.28571
nzl,20210826,1039192
nzl,20210827,1059918.57143
nzl,20210828,1081574.85714
nzl,20210829,1103572.28571
nzl,20210830,1126170.28571
nzl,20210831,1149314.57143
nzl,20210901,1172631
nzl,20210902,1195920.85714
nzl,20210903,1219379.42857
nzl,20210904,1242864
nzl,20210905,1266425.57143
nzl,20210906,1289709.14286
nzl,20210907,1312417.28571
nzl,20210908,1333820.85714
nzl,20210909,1353837.85714
nzl,20210910,1373180.57143
nzl,20210911,1392629.42857
nzl,20210912,1412285.57143
nzl,20210913,1431821.71429
nzl,20210914,1451275.14286
nzl,20210915,1471393.14286
nzl,20210916,1492731.85714
nzl,20210917,1515001.85714
nzl,20210918,1537459
nzl,20210919,1559791.28571
nzl,20210920,1582832.57143
nzl,20210921,1606404.85714
nzl,20210922,1630313.14286
nzl,20210923,1654849.57143
nzl,20210924,1679973.85714
nzl,20210925,1706197.28571
nzl,20210926,1732996.14286
nzl,20210927,1760131.42857
nzl,20210928,1787934.28571
nzl,20210929,1815961.85714
nzl,20210930,1844541.42857
nzl,20211001,1873648.28571
nzl,20211002,1903489.85714
nzl,20211003,1933822.28571
nzl,20211004,1966004.28571
nzl,20211005,2000349.57143
nzl,20211006,2038201.42857
nzl,20211007,2080432.42857
nzl,20211008,2127249.42857
nzl,20211009,2177831.57143
nzl,20211010,2230300.85714
nzl,20211011,2284647.14286
nzl,20211012,2340332.42857
nzl,20211013,2396277.85714
nzl,20211014,2450802.85714
nzl,20211015,2503641.71429
nzl,20211016,2560467.42857
nzl,20211017,2615897
nzl,20211018,2668254.28571
nzl,20211019,2717287.57143
nzl,20211020,2763367.71429
nzl,20211021,2806352.28571
nzl,20211022,2846153.71429
nzl,20211023,2877253
nzl,20211024,2906957.57143
nzl,20211025,2932991.85714
nzl,20211026,2958863.14286
nzl,20211027,2984107.85714
nzl,20211028,3009491.14286
nzl,20211029,3034665.85714
nzl,20211030,3060022.71429
nzl,20211031,3085612.42857
nzl,20211101,3113088
nzl,20211102,3139147.57143
nzl,20211103,3164078.57143
nzl,20211104,3187183.14286
nzl,20211105,3208799.85714
nzl,20211106,3229631.42857
nzl,20211107,3249843.57143
nzl,20211108,3269468.28571
nzl,20211109,3288379.28571
nzl,20211110,3306648.71429
nzl,20211111,3324488.14286
nzl,20211112,3341638.85714
nzl,20211113,3357850.57143
nzl,20211114,3373916.85714
nzl,20211115,3389620.42857
nzl,20211116,3405039.85714
nzl,20211117,3420205.14286
nzl,20211118,3435013.57143
nzl,20211119,3449680.85714
nzl,20211120,3463715.42857
nzl,20211121,3477288.57143
nzl,20211122,3490404.71429
nzl,20211123,3503234.14286
nzl,20211124,3515754.57143
nzl,20211125,3527949.71429
nzl,20211126,3539635.42857
nzl,20211127,3551169
nzl,20211128,3562888
nzl,20211129,3574806.71429
nzl,20211130,3587004.57143
nzl,20211201,3599518.42857
nzl,20211202,3612729.28571
nzl,20211203,3626676.42857
nzl,20211204,3640553.85714
nzl,20211205,3654241.71429
nzl,20211206,3667752.14286
nzl,20211207,3680655.28571
nzl,20211208,3692853.85714
nzl,20211209,3703979
nzl,20211210,3713937.42857
nzl,20211211,3723104.57143
nzl,20211212,3731915
nzl,20211213,3740180.57143
nzl,20211214,3748117
nzl,20211215,3755880.14286
nzl,20211216,3763513.85714
nzl,20211217,3770911.14286
nzl,20211218,3778042.71429
nzl,20211219,3785046.85714
nzl,20211220,3791965.85714
nzl,20211221,3798797.71429
nzl,20211222,3805501
nzl,20211223,3812036.28571
nzl,20211224,3818121.14286
nzl,20211225,3823261.42857
nzl,20211226,3828025.85714
nzl,20211227,3832113
nzl,20211228,3835432.14286
nzl,20211229,3838655.42857
nzl,20211230,3841557
nzl,20211231,3844324.42857
nzl,20220101,3847135.42857
nzl,20220102,3849929.85714
nzl,20220103,3852689.14286
nzl,20220104,3855376.85714
nzl,20220105,3857776.42857
nzl,20220106,3860059.57143
nzl,20220107,3862401.42857
nzl,20220108,3865029.71429
nzl,20220109,3867766.57143
nzl,20220110,3870887
nzl,20220111,3874353.85714
nzl,20220112,3877710.57143
nzl,20220113,3880995.14286
nzl,20220114,3884194.14286
nzl,20220115,3887334.57143
nzl,20220116,3890432.85714
nzl,20220117,3893315
nzl,20220118,3895981.71429
nzl,20220119,3898450.71429
nzl,20220120,3900738
nzl,20220121,3902858.71429
nzl,20220122,3904904.71429
nzl,20220123,3906917.57143
nzl,20220124,3908846.14286
nzl,20220125,3910756.14286
nzl,20220126,3912647.28571
nzl,20220127,3914540.28571
nzl,20220128,3916439.71429
nzl,20220129,3918321.14286
nzl,20220130,3920181.57143
nzl,20220131,3921935.14286
nzl,20220201,3923697.42857
nzl,20220202,3925417
nzl,20220203,3927064.71429
nzl,20220204,3928650.85714
nzl,20220205,3930209.14286
nzl,20220206,3931740
nzl,20220207,3933186.71429
nzl,20220208,3934582.57143
nzl,20220209,3935925
nzl,20220210,3937238.14286
nzl,20220211,3938527.57143
nzl,20220212,3939849.57143
nzl,20220213,3941175.42857
nzl,20220214,3942615.85714
nzl,20220215,3944006.57143
nzl,20220216,3945373.85714
nzl,20220217,3946709.42857
nzl,20220218,3948029.14286
nzl,20220219,3949337.57143
nzl,20220220,3950661.14286
nzl,20220221,3951948
nzl,20220222,3953209
nzl,20220223,3954443.14286
nzl,20220224,3955660.85714
nzl,20220225,3956870.28571
nzl,20220226,3958076.57143
nzl,20220227,3959278.28571
nzl,20220228,3960459.42857
nzl,20220301,3961600
nzl,20220302,3962717.28571
nzl,20220303,3963788.57143
nzl,20220304,3964789.85714
nzl,20220305,3965775.71429
nzl,20220306,3966746.71429
nzl,20220307,3967712
nzl,20220308,3968697.85714
nzl,20220309,3969681.14286
nzl,20220310,3970676.14286
nzl,20220311,3971699.42857
nzl,20220312,3972751.42857
nzl,20220313,3973837
nzl,20220314,3975365.57143
nzl,20220315,3977356.42857
nzl,20220316,3979848
nzl,20220317,3982874.57143
nzl,20220318,3986604.85714
nzl,20220319,3991287.14286
nzl,20220320,3996336.71429
nzl,20220321,4001388.71429
nzl,20220322,4006432.57143
nzl,20220325,4012895.28571
omn,20210117,673
omn,20210118,1329
omn,20210119,1978
omn,20210120,2677.25
omn,20210123,3322.2
omn,20210124,4100.5
omn,20210125,4919.42857
omn,20210126,6456.57143
omn,20210127,7926.14286
omn,20210208,9211.28571
omn,20210209,10282.28571
omn,20210210,11192.28571
omn,20210211,11803.71429
omn,20210212,12152.14286
omn,20210213,12272
omn,20210214,12272
omn,20210215,12272
omn,20210216,13235.85714
omn,20210217,14199.71429
omn,20210218,15163.57143
omn,20210219,16127.42857
omn,20210220,17091.28571
omn,20210221,18055.14286
omn,20210222,19019
omn,20210223,19019
omn,20210309,19019
omn,20210310,19019
omn,20210315,19019
omn,20210317,19019
omn,20210322,19019
omn,20210324,19019
omn,20210329,19019
omn,20210331,19019
omn,20210405,19019
omn,20210412,19019
omn,20210414,19019
omn,20210419,19019
omn,20210421,22910.28571
omn,20210517,31671.14286
omn,20210613,53347.71429
omn,20210615,77005.14286
omn,20210620,101859.57143
omn,20210705,133614.57143
omn,20210707,166843
omn,20210712,199112
omn,20210714,229297.71429
omn,20210725,252977.14286
omn,20210809,319248.14286
omn,20210816,405351.85714
omn,20210823,519863
omn,20210830,633661.28571
omn,20210905,801053.42857
omn,20210913,991797.14286
omn,20210920,1204613.28571
omn,20210928,1404927.28571
omn,20211011,1619092.14286
omn,20211023,1843658.57143
omn,20211109,2084346.42857
omn,20211216,2290826.28571
omn,20211219,2471394.28571
omn,20211226,2625112.85714
omn,20220117,2751648.71429
omn,20220131,2847689.85714
omn,20220207,2899785
omn,20220214,2936632.57143
omn,20220221,2952128.85714
omn,20220228,2968365.42857
omn,20220307,2983768.42857
pak,20210511,952518
pak,20210513,958372.5
pak,20210520,1024546
pak,20210521,1066769.75
pak,20210524,1110701.6
pak,20210527,1177775.33333
pak,20210601,1293093.85714
pak,20210602,1453677
pak,20210603,1626525.85714
pak,20210605,1791271.85714
pak,20210609,1983671.42857
pak,20210612,2207190.57143
pak,20210613,2403021.28571
pak,20210615,2548884.57143
pak,20210616,2696180.42857
pak,20210726,3126827.85714
pak,20210809,4353618.42857
pak,20210810,5594905.42857
pak,20210811,6830105.28571
pak,20210812,8081925.28571
pak,20210813,9360568.71429
pak,20210815,10645811.85714
pak,20210817,11712905.85714
pak,20210818,11984050.57143
pak,20210820,12240242.57143
pak,20210821,12516977.28571
pak,20210824,12848960.85714
pak,20210826,13322267.57143
pak,20210829,13903338.14286
pak,20210831,14588608.14286
pak,20210901,15332732
pak,20210902,16116978.85714
pak,20210905,16973095.14286
pak,20210906,17842779.85714
pak,20210907,18593675.57143
pak,20210908,19270839.57143
pak,20210909,19819047.71429
pak,20210910,20334633
pak,20210912,20827509.57143
pak,20210914,21319778
pak,20210916,21774475.14286
pak,20210917,22265911.85714
pak,20210919,22760811.14286
pak,20210920,23271570
pak,20210922,23825904
pak,20210927,24592935.85714
pak,20210928,25240446.57143
pak,20210930,26070955.71429
pak,20211004,27078696.42857
pak,20211005,28115328
pak,20211007,29237477
pak,20211011,30495359.14286
pak,20211012,31563669.14286
pak,20211020,33001223.14286
pak,20211021,34258488.85714
pak,20211023,35340871.57143
pak,20211026,36436640
pak,20211028,37478621.57143
pak,20211101,38481513.85714
pak,20211102,39494691.71429
pak,20211104,40317994.42857
pak,20211105,41174262
pak,20211107,42007716.42857
pak,20211108,42833681
pak,20211109,43686538.14286
pak,20211110,44449588
pak,20211111,45210991
pak,20211112,45864282.71429
pak,20211114,46483635.14286
pak,20211115,47051821.28571
pak,20211116,47554078.14286
pak,20211117,47948719.57143
pak,20211118,48267306.85714
pak,20211119,48521448.57143
pak,20211122,48741277.14286
pak,20211123,48926844.85714
pak,20211124,49099010.71429
pak,20211126,49276690.57143
pak,20211128,49448856.28571
pak,20211129,49633607
pak,20211201,49880012.42857
pak,20211202,50139921.85714
pak,20211205,50542711.71429
pak,20211206,51030996.57143
pak,20211208,51704186.42857
pak,20211209,52469184.71429
pak,20211210,53317170.28571
pak,20211212,54192239
pak,20211213,55078103.28571
pak,20211214,55888964.42857
pak,20211215,56696664.14286
pak,20211216,57383052.71429
pak,20211219,58208019.71429
pak,20211220,59013939.85714
pak,20211221,59826272.42857
pak,20211222,60686024.14286
pak,20211224,61710366.42857
pak,20211228,63113658.57143
pak,20211230,64715801.28571
pak,20220103,66283825.42857
pak,20220104,67824579.57143
pak,20220105,69317088.28571
pak,20220106,70760221.42857
pak,20220107,72004833.71429
pak,20220111,72964369.14286
pak,20220112,73694357.71429
pak,20220113,74280290.14286
pak,20220114,74866423
pak,20220117,75507853
pak,20220118,76143237.42857
pak,20220119,76790052.85714
pak,20220120,77309384.71429
pak,20220124,77931611.28571
pak,20220127,78586764.14286
pak,20220201,79430354.42857
pak,20220202,80257491.42857
pak,20220203,81116683
pak,20220204,82022619.42857
pak,20220206,83071196.28571
pak,20220207,84072754.28571
pak,20220208,85100883.14286
pak,20220209,86002850.71429
pak,20220210,86942644.42857
pak,20220213,88173897.42857
pak,20220214,89432639.14286
pak,20220216,90621619.57143
pak,20220221,91930948.71429
pak,20220228,93483051.14286
pak,20220301,94937540.28571
pak,20220302,96285896
pak,20220305,97371444
pak,20220307,98360133.14286
pak,20220308,99272920.57143
pak,20220309,100010241.42857
pak,20220310,100449020.28571
pan,20210218,2227
pan,20210219,2397.5
pan,20210220,2487.66667
pan,20210221,2574.25
pan,20210222,2713.8
pan,20210223,2850.5
pan,20210224,3197.28571
pan,20210225,3691.42857
pan,20210226,4160
pan,20210227,4615.14286
pan,20210228,5046.85714
pan,20210301,5417
pan,20210302,5751.85714
pan,20210303,5838
pan,20210304,5866
pan,20210305,5872.28571
pan,20210306,5877.71429
pan,20210307,5883
pan,20210308,5888.42857
pan,20210309,5891.85714
pan,20210310,5895.14286
pan,20210311,5898.28571
pan,20210318,12416
pan,20210325,24659.14286
pan,20210326,37930.14286
pan,20210404,52816.28571
pan,20210411,78259.42857
pan,20210418,107977.42857
pan,20210425,139117.14286
pan,20210502,164656.28571
pan,20210509,189282
pan,20210516,218949
pan,20210523,251318
pan,20210530,274790
pan,20210606,299548.71429
pan,20210613,327792.85714
pan,20210627,367954.28571
pan,20210704,409587.14286
pan,20210711,451027
pan,20210725,499812.14286
pan,20210801,559723.14286
pan,20210808,616816.71429
pan,20210815,675073.85714
pan,20210822,746068.28571
pan,20210829,865452.85714
pan,20210905,1043143.42857
pan,20210912,1253105.57143
pan,20210919,1478533.28571
pan,20210926,1712950.57143
pan,20211003,1955020.42857
pan,20211010,2180763.42857
pan,20211017,2354972.57143
pan,20211024,2470542.14286
pan,20211031,2544727.28571
pan,20211107,2593649
pan,20211114,2632780.14286
pan,20211121,2662034.14286
pan,20211128,2683159.42857
pan,20211205,2704001.85714
pan,20211212,2721160.42857
pan,20211219,2739053.14286
pan,20211226,2755620.57143
pan,20220102,2770949.28571
pan,20220109,2784137.57143
pan,20220116,2797397.85714
pan,20220123,2810074.14286
pan,20220130,2822361.42857
pan,20220206,2835353
pan,20220213,2847808.71429
pan,20220220,2863546.42857
pan,20220227,2878194.57143
pan,20220306,2893885.57143
pan,20220310,2910996.57143
pan,20220311,2926918.14286
pan,20220316,2940680.85714
pan,20220318,2953947.14286
pan,20220323,2967145.14286
pan,20220325,2980628.71429
pcn,20210727,30
pcn,20210802,33
pcn,20210907,37.66667
per,20210208,2
per,20210209,3.5
per,20210210,9.66667
per,20210211,13.25
per,20210212,15.4
per,20210213,17
per,20210214,18.14286
per,20210215,21.42857
per,20210216,24.42857
per,20210217,25
per,20210218,25.42857
per,20210219,25.85714
per,20210220,26.14286
per,20210221,26.57143
per,20210222,28.14286
per,20210223,29.71429
per,20210224,31.85714
per,20210225,34.14286
per,20210226,37
per,20210227,39.85714
per,20210228,42.57143
per,20210301,44.85714
per,20210302,352.71429
per,20210303,2382.42857
per,20210304,8588.85714
per,20210305,19413.57143
per,20210306,32668
per,20210307,46275.85714
per,20210308,61695.85714
per,20210309,77884.14286
per,20210310,93075.14286
per,20210311,104933.14286
per,20210312,114707.28571
per,20210313,126259.14286
per,20210314,137845.42857
per,20210315,151878.14286
per,20210316,168400.42857
per,20210317,187690.57143
per,20210318,208512.42857
per,20210319,229061.28571
per,20210320,246316.14286
per,20210321,263330.42857
per,20210322,277336.85714
per,20210323,289108
per,20210324,298442.42857
per,20210325,306088.14286
per,20210326,312152.85714
per,20210327,317747.71429
per,20210328,323224.14286
per,20210329,329234
per,20210330,337053.42857
per,20210331,346331.57143
per,20210401,355537.71429
per,20210402,364463.57143
per,20210403,373831.71429
per,20210404,383359.71429
per,20210405,392583.14286
per,20210406,401334.71429
per,20210407,410001.85714
per,20210408,422171.71429
per,20210409,436572.57143
per,20210410,451347.71429
per,20210411,465945.42857
per,20210412,480954.42857
per,20210413,496172.57143
per,20210414,511915.42857
per,20210415,526619.71429
per,20210416,541817.42857
per,20210417,557841
per,20210418,574307
per,20210419,589455.28571
per,20210420,602464.14286
per,20210421,613982.14286
per,20210422,622782.42857
per,20210423,628828.42857
per,20210424,633140.57143
per,20210425,637017.85714
per,20210426,640965.85714
per,20210427,645725.85714
per,20210428,650713.71429
per,20210429,657182.42857
per,20210430,665897.28571
per,20210501,674688
per,20210502,683614.28571
per,20210503,692617.28571
per,20210504,700288.71429
per,20210505,706919.85714
per,20210506,712004.14286
per,20210507,716589.71429
per,20210508,723997.14286
per,20210509,734888.57143
per,20210510,746351.28571
per,20210511,759393.85714
per,20210512,773412.85714
per,20210513,788341.14286
per,20210514,804143.85714
per,20210515,819840.42857
per,20210516,833976.42857
per,20210517,848008.42857
per,20210518,861659.14286
per,20210519,876591.28571
per,20210520,892666.57143
per,20210521,913422.71429
per,20210522,938507.85714
per,20210523,967644.28571
per,20210524,1003063.14286
per,20210525,1040447.42857
per,20210526,1076750
per,20210527,1114573
per,20210528,1148700
per,20210529,1183377.42857
per,20210530,1216441
per,20210531,1248240.14286
per,20210601,1282082.14286
per,20210602,1319306.42857
per,20210603,1356506.85714
per,20210604,1392814.14286
per,20210605,1423059.14286
per,20210606,1448832.71429
per,20210607,1471757.57143
per,20210608,1505948.28571
per,20210609,1548119
per,20210610,1601686.14286
per,20210611,1671510
per,20210612,1752129.42857
per,20210613,1839426.14286
per,20210614,1934607.28571
per,20210615,2025890.71429
per,20210616,2115008.42857
per,20210617,2203267.14286
per,20210618,2292095.28571
per,20210619,2381315
per,20210620,2467714.14286
per,20210621,2552700.28571
per,20210622,2638477.71429
per,20210623,2725776.71429
per,20210624,2804710.71429
per,20210625,2868728.28571
per,20210626,2921448.71429
per,20210627,2970839
per,20210628,3012401
per,20210629,3050369.85714
per,20210630,3089895
per,20210701,3137970
per,20210702,3194152.14286
per,20210703,3258959.85714
per,20210704,3328274.14286
per,20210705,3400886.71429
per,20210706,3469504.28571
per,20210707,3528969.57143
per,20210708,3580123.42857
per,20210709,3624079.28571
per,20210710,3661443.57143
per,20210711,3695307.42857
per,20210712,3727144.57143
per,20210713,3756646.42857
per,20210714,3785516
per,20210715,3816452
per,20210716,3855105.42857
per,20210717,3901542.14286
per,20210718,3953126
per,20210719,4007286.71429
per,20210720,4062354.71429
per,20210721,4123518.57143
per,20210722,4188359.85714
per,20210723,4254061.85714
per,20210724,4324134.14286
per,20210725,4401979.42857
per,20210726,4477626.42857
per,20210727,4579376
per,20210728,4685304.28571
per,20210729,4786326
per,20210730,4891273
per,20210731,5011210.28571
per,20210801,5139069.14286
per,20210802,5278767.42857
per,20210803,5402341.57143
per,20210804,5527414.28571
per,20210805,5662777.71429
per,20210806,5798261.28571
per,20210807,5932293.42857
per,20210808,6064012.14286
per,20210809,6187737.85714
per,20210810,6306043.14286
per,20210811,6419422.85714
per,20210812,6526895
per,20210813,6627782
per,20210814,6726971.85714
per,20210815,6831232
per,20210816,6934815.71429
per,20210817,7038356.42857
per,20210818,7138577.71429
per,20210819,7235741.14286
per,20210820,7330875.71429
per,20210821,7416781.28571
per,20210822,7488958
per,20210823,7560924.42857
per,20210824,7629472
per,20210825,7695622.42857
per,20210826,7758559.57143
per,20210827,7828554.42857
per,20210828,7913138.28571
per,20210829,8019059.71429
per,20210830,8119823.71429
per,20210831,8221947.71429
per,20210901,8328804.85714
per,20210902,8438878
per,20210903,8541773.57143
per,20210904,8622229.85714
per,20210905,8674713.42857
per,20210906,8730061.42857
per,20210907,8783889.85714
per,20210908,8835336.14286
per,20210909,8885650.28571
per,20210910,8936974.85714
per,20210911,8994588.57143
per,20210912,9065154
per,20210913,9137026.57143
per,20210914,9209261.57143
per,20210915,9281396.85714
per,20210916,9356901.57143
per,20210917,9429279.71429
per,20210918,9507360.14286
per,20210919,9584355.28571
per,20210920,9662337.28571
per,20210921,9746231.28571
per,20210922,9832952.42857
per,20210923,9919851.85714
per,20210924,10012809.57143
per,20210925,10119146.85714
per,20210926,10237944.14286
per,20210927,10365658.57143
per,20210928,10500040.71429
per,20210929,10653729.71429
per,20210930,10827895
per,20211001,11016762
per,20211002,11226508
per,20211003,11454558.57143
per,20211004,11694572.28571
per,20211005,11947879.57143
per,20211006,12200878.85714
per,20211007,12451321.14286
per,20211008,12695203.71429
per,20211009,12922397.28571
per,20211010,13127523
per,20211011,13321803.28571
per,20211012,13502342.14286
per,20211013,13670286.42857
per,20211014,13826459.71429
per,20211015,13976696
per,20211016,14107491.85714
per,20211017,14230208.28571
per,20211018,14348675.71429
per,20211019,14463933.28571
per,20211020,14576272.14286
per,20211021,14684920.42857
per,20211022,14790376.71429
per,20211023,14895773.28571
per,20211024,15001969
per,20211025,15106656.28571
per,20211026,15207191.71429
per,20211027,15303781.42857
per,20211028,15397362.28571
per,20211029,15487794.42857
per,20211030,15569740.85714
per,20211031,15643546.57143
per,20211101,15709961.85714
per,20211102,15770994.57143
per,20211103,15829161.57143
per,20211104,15885776.28571
per,20211105,15941291.42857
per,20211106,15999017.57143
per,20211107,16060296.14286
per,20211108,16128696.71429
per,20211109,16205747.57143
per,20211110,16287372.57143
per,20211111,16371668.14286
per,20211112,16457269.85714
per,20211113,16545112
per,20211114,16634389.42857
per,20211115,16723483.85714
per,20211116,16808932.85714
per,20211117,16892687.71429
per,20211118,16974516.28571
per,20211119,17055511
per,20211120,17142742.28571
per,20211121,17238783.71429
per,20211122,17337281.85714
per,20211123,17439854
per,20211124,17546251.71429
per,20211125,17662469.71429
per,20211126,17792705.57143
per,20211127,17934831.42857
per,20211128,18080626
per,20211129,18230477.42857
per,20211130,18381457.71429
per,20211201,18532560.28571
per,20211202,18678434.57143
per,20211203,18815073
per,20211204,18935322.28571
per,20211205,19043564.28571
per,20211206,19147203.42857
per,20211207,19248665.28571
per,20211208,19346319.57143
per,20211209,19445068.42857
per,20211210,19550618.28571
per,20211211,19663556.85714
per,20211212,19782777.42857
per,20211213,19907585.57143
per,20211214,20039152
per,20211215,20178907.14286
per,20211216,20318618.28571
per,20211217,20452531.85714
per,20211218,20575517.85714
per,20211219,20689222.42857
per,20211220,20796515.42857
per,20211221,20894965.85714
per,20211222,20985391.28571
per,20211223,21069453.28571
per,20211224,21141966.42857
per,20211225,21200236.85714
per,20211226,21251928
per,20211227,21302799.85714
per,20211228,21353606.71429
per,20211229,21403699.42857
per,20211230,21453472
per,20211231,21503558.57143
per,20220101,21553437.14286
per,20220102,21601611.14286
per,20220103,21649120
per,20220104,21696339
per,20220105,21744959.85714
per,20220106,21795741.14286
per,20220107,21853514.57143
per,20220108,21920471.57143
per,20220109,21989654.14286
per,20220110,22058407.28571
per,20220111,22124905.14286
per,20220112,22188571.42857
per,20220113,22249330.57143
per,20220114,22306380.71429
per,20220115,22358958.28571
per,20220116,22408744.85714
per,20220117,22454825.85714
per,20220118,22497580.57143
per,20220119,22537246.14286
per,20220120,22573974.28571
per,20220121,22608255.71429
per,20220122,22640804.71429
per,20220123,22672640.85714
per,20220124,22702741
per,20220125,22731495.71429
per,20220126,22759092.57143
per,20220127,22785794
per,20220128,22811735.28571
per,20220129,22837457
per,20220130,22862701.14286
per,20220131,22887339.28571
per,20220201,22911465.71429
per,20220202,22935054.42857
per,20220203,22958219.71429
per,20220204,22981202.28571
per,20220205,23004114.28571
per,20220206,23026748.42857
per,20220207,23049243.14286
per,20220208,23071609.28571
per,20220209,23093656.71429
per,20220210,23115406
per,20220211,23136947.14286
per,20220212,23157961.57143
per,20220213,23178617.28571
per,20220214,23200711.71429
per,20220215,23225271.71429
per,20220216,23253531
per,20220217,23286611.57143
per,20220218,23326209
per,20220219,23375587.57143
per,20220220,23432172.42857
per,20220221,23495677.71429
per,20220222,23566247.28571
per,20220223,23640968.14286
per,20220224,23719413.14286
per,20220225,23801343
per,20220226,23882392.28571
per,20220227,23962115.85714
per,20220228,24041404.42857
per,20220301,24116753
per,20220302,24190273.71429
per,20220303,24261504.85714
per,20220304,24330283
per,20220305,24398401.14286
per,20220306,24464985
per,20220307,24528027.42857
per,20220308,24589433.85714
per,20220309,24649282.71429
per,20220310,24707160.28571
per,20220311,24762224.85714
per,20220312,24815216.42857
per,20220313,24867975.42857
per,20220314,24918288.71429
per,20220315,24966519.42857
per,20220316,25012155.14286
per,20220317,25055058.42857
per,20220318,25095335.28571
per,20220319,25133676.57143
per,20220320,25170419.85714
per,20220321,25205250.42857
per,20220322,25236772.57143
phl,20210330,1344
phl,20210405,15097
phl,20210406,26959.66667
phl,20210411,53291.75
phl,20210412,72441.6
phl,20210413,87378.83333
phl,20210417,102322.14286
phl,20210418,130492.14286
phl,20210420,156293
phl,20210421,179736.85714
phl,20210424,193805.57143
phl,20210426,206512.85714
phl,20210427,218644.42857
phl,20210429,229297.71429
phl,20210430,240942.14286
phl,20210501,251670.28571
phl,20210503,265183.57143
phl,20210504,278014.57143
phl,20210505,292973.57143
phl,20210507,317896
phl,20210508,343216.14286
phl,20210509,367676.85714
phl,20210511,400899.71429
phl,20210514,447566.71429
phl,20210515,498311.42857
phl,20210516,552153.85714
phl,20210518,604308.85714
phl,20210521,673154.14286
phl,20210522,744392.57143
phl,20210524,811509.14286
phl,20210525,867653
phl,20210530,943449
phl,20210602,1032521.14286
phl,20210604,1132277.28571
phl,20210605,1217288
phl,20210606,1302201.28571
phl,20210607,1390391.42857
phl,20210608,1483628.71429
phl,20210609,1560791.85714
phl,20210612,1633986.85714
phl,20210613,1690397.28571
phl,20210614,1744999
phl,20210615,1806587.28571
phl,20210616,1864857.85714
phl,20210617,1919631
phl,20210618,1969686.42857
phl,20210619,2007495.28571
phl,20210620,2046673.57143
phl,20210621,2086743.42857
phl,20210625,2125521.57143
phl,20210627,2199111.85714
phl,20210629,2271289.85714
phl,20210630,2347866.57143
phl,20210701,2430856.57143
phl,20210704,2532994.14286
phl,20210706,2638274
phl,20210707,2741769.71429
phl,20210708,2822154
phl,20210710,2935777.57143
phl,20210711,3054631.57143
phl,20210712,3172528.42857
phl,20210713,3287104.85714
phl,20210715,3448154
phl,20210716,3636338.71429
phl,20210719,3867495.42857
phl,20210721,4105432
phl,20210723,4404733.85714
phl,20210725,4755844.28571
phl,20210726,5101326.28571
phl,20210727,5424650.28571
phl,20210729,5931372.42857
phl,20210802,6561071
phl,20210803,7311192.57143
phl,20210805,8046215.57143
phl,20210808,8850569.14286
phl,20210811,9698864.71429
phl,20210815,10592287.14286
phl,20210816,11293339.57143
phl,20210818,11830658.71429
phl,20210822,12237563.42857
phl,20210823,12593634.71429
phl,20210825,12844655.28571
phl,20210829,13095697.85714
phl,20210831,13294755.14286
phl,20210901,13490017.14286
phl,20210905,13798039.57143
phl,20210906,14082509.71429
phl,20210908,14459668.28571
phl,20210909,14854982.57143
phl,20210912,15284963.14286
phl,20210913,15730714.28571
phl,20210914,16193393.57143
phl,20210915,16570908.57143
phl,20210916,16978863.71429
phl,20210919,17367808
phl,20210921,17779954.28571
phl,20210923,18190980
phl,20210926,18652186.57143
phl,20210927,19114316.42857
phl,20210928,19562883
phl,20210929,20009433.71429
phl,20210930,20409186.14286
phl,20211003,20805902.71429
phl,20211004,21137292.28571
phl,20211005,21436575.57143
phl,20211006,21732828.57143
phl,20211007,22026841.14286
phl,20211010,22324505.71429
phl,20211011,22610479
phl,20211012,22858640.28571
phl,20211013,23112095.85714
phl,20211014,23337686.57143
phl,20211017,23573479.71429
phl,20211018,23805585.42857
phl,20211019,24020978
phl,20211020,24237606.57143
phl,20211021,24460909.28571
phl,20211024,24738957.71429
phl,20211025,25021019
phl,20211026,25288557
phl,20211027,25571453.42857
phl,20211028,25872733.42857
phl,20211031,26227588.28571
phl,20211101,26562123.57143
phl,20211102,26853242
phl,20211103,27173617
phl,20211111,27834177.71429
phl,20211118,28764757
phl,20211121,29732686.14286
phl,20211128,30920957.71429
phl,20211130,32195584.57143
phl,20211201,33498386
phl,20211202,34806263.71429
phl,20211205,35858265
phl,20211206,36673399.28571
phl,20211208,37527887.42857
phl,20211213,38361358.42857
phl,20211214,39167487.85714
phl,20211215,39982726.14286
phl,20211216,40792862.57143
phl,20211219,41559367.28571
phl,20211220,42346971.85714
phl,20211226,43433951.28571
phl,20211227,44340790.28571
phl,20211228,45289203.85714
phl,20211230,46296397
phl,20220104,47382511.71429
phl,20220105,48461216.57143
phl,20220106,49524558.57143
phl,20220109,50270812.14286
phl,20220110,50983406
phl,20220111,51660880.71429
phl,20220112,52272242.71429
phl,20220113,52814541.28571
phl,20220116,53401743.57143
phl,20220117,53962878.28571
phl,20220118,54482096.85714
phl,20220119,54995711.85714
phl,20220120,55487931.71429
phl,20220123,55968258
phl,20220125,56456993.71429
phl,20220126,56878946.85714
phl,20220131,57370744.28571
phl,20220201,57812545.42857
phl,20220202,58233213.14286
phl,20220204,58658428.28571
phl,20220207,59069519.42857
phl,20220214,59609771.57143
phl,20220217,60188429.57143
phl,20220221,60706419.14286
phl,20220313,61402455.28571
phl,20220315,62155476.42857
phl,20220320,62848148.14286
phl,20220321,63577038.85714
phl,20220324,64134555.85714
png,20210727,8352
png,20210802,12819.5
png,20210816,15576.33333
png,20210831,18922.5
png,20210907,21479
png,20210914,24614.33333
png,20210928,27537.14286
png,20211005,35089.85714
png,20211025,47857
png,20211122,70741.71429
png,20211130,94861.57143
png,20211213,121193.28571
png,20211220,146880.71429
png,20220104,172452
png,20220111,196074.71429
png,20220118,213297
png,20220124,220293.14286
png,20220131,225014.28571
png,20220207,227683.28571
png,20220214,230086.28571
png,20220221,232507.14286
png,20220228,234963.28571
png,20220307,238255.14286
png,20220314,241183.14286
pol,20210117,671
pol,20210118,2069.5
pol,20210119,5104.33333
pol,20210120,10076.25
pol,20210121,15998.2
pol,20210122,20911.66667
pol,20210123,24635.71429
pol,20210124,31357.14286
pol,20210125,41685.28571
pol,20210126,57666.71429
pol,20210127,75493.42857
pol,20210128,95413.71429
pol,20210129,116842.57143
pol,20210130,138485.14286
pol,20210131,160316
pol,20210201,182796.57143
pol,20210202,206531.71429
pol,20210203,234339.28571
pol,20210204,265231.71429
pol,20210205,297981.57143
pol,20210206,332536.85714
pol,20210207,368245.28571
pol,20210209,403819.14286
pol,20210211,445450.14286
pol,20210212,485518
pol,20210213,520557.28571
pol,20210214,552163.14286
pol,20210215,583287.42857
pol,20210216,617699.42857
pol,20210217,659401.42857
pol,20210218,700155.28571
pol,20210219,741873.57143
pol,20210220,782592.42857
pol,20210221,823163
pol,20210222,862669.71429
pol,20210224,911260.85714
pol,20210226,967546.28571
pol,20210228,1013383.85714
pol,20210301,1052807.42857
pol,20210303,1103592.71429
pol,20210304,1165976
pol,20210306,1235966.42857
pol,20210308,1293555.28571
pol,20210309,1333142.71429
pol,20210311,1385807.42857
pol,20210312,1443324.57143
pol,20210313,1489262.57143
pol,20210314,1523477.71429
pol,20210315,1549988.85714
pol,20210316,1576652.71429
pol,20210317,1607989
pol,20210318,1632981.71429
pol,20210319,1657874.57143
pol,20210320,1683220.85714
pol,20210321,1708587.42857
pol,20210322,1734037.85714
pol,20210323,1760712.28571
pol,20210324,1788282.71429
pol,20210326,1822505
pol,20210328,1854339.42857
pol,20210330,1888463.85714
pol,20210331,1925027.14286
pol,20210401,1963564
pol,20210402,2000991.85714
pol,20210404,2031822.85714
pol,20210405,2046698.28571
pol,20210407,2060619.28571
pol,20210408,2071640
pol,20210410,2081052.42857
pol,20210411,2087958.85714
pol,20210412,2094189.14286
pol,20210413,2103327.71429
pol,20210415,2128198.14286
pol,20210419,2159230.42857
pol,20210420,2194306.28571
pol,20210421,2238655.28571
pol,20210422,2294268
pol,20210423,2355624.71429
pol,20210425,2418616.14286
pol,20210427,2489858.71429
pol,20210428,2567722.28571
pol,20210429,2643609.28571
pol,20210501,2721284.85714
pol,20210503,2790075.71429
pol,20210505,2899472.42857
pol,20210506,3024244.85714
pol,20210507,3143257.14286
pol,20210508,3257227.14286
pol,20210509,3371333.71429
pol,20210510,3481187.28571
pol,20210511,3604332.42857
pol,20210513,3737627.71429
pol,20210514,3875255.28571
pol,20210515,4011782
pol,20210516,4144293.71429
pol,20210517,4282913.57143
pol,20210518,4435147.42857
pol,20210520,4632724.57143
pol,20210521,4799673.57143
pol,20210522,4962335.57143
pol,20210523,5113988.14286
pol,20210524,5272851.42857
pol,20210525,5446235.71429
pol,20210526,5628626.14286
pol,20210527,5783765.14286
pol,20210528,5948379.14286
pol,20210529,6124505.28571
pol,20210530,6306170.28571
pol,20210531,6496085.28571
pol,20210601,6702457.14286
pol,20210602,6935207.85714
pol,20210603,7145014.28571
pol,20210604,7356012
pol,20210605,7553609.85714
pol,20210606,7747139.28571
pol,20210607,7939950.42857
pol,20210608,8128625.57143
pol,20210609,8304306
pol,20210610,8508257
pol,20210611,8713954.85714
pol,20210612,8929068
pol,20210613,9146843.14286
pol,20210614,9369856.85714
pol,20210616,9636238.85714
pol,20210617,9898490.85714
pol,20210618,10153969.42857
pol,20210619,10390693.14286
pol,20210620,10607085.42857
pol,20210621,10834196.28571
pol,20210622,11078969.71429
pol,20210623,11285888.42857
pol,20210624,11469754.28571
pol,20210626,11701167.42857
pol,20210627,11921983.14286
pol,20210628,12153401.28571
pol,20210629,12395783.28571
pol,20210630,12631515
pol,20210701,12858766.71429
pol,20210702,13096387.85714
pol,20210703,13273701.42857
pol,20210704,13448011.57143
pol,20210705,13618636.71429
pol,20210706,13787745.71429
pol,20210707,13961697.28571
pol,20210708,14133434
pol,20210709,14307989
pol,20210711,14497640.28571
pol,20210712,14693982.85714
pol,20210713,14900970.71429
pol,20210714,15112691.71429
pol,20210715,15312131.57143
pol,20210717,15524263.42857
pol,20210719,15721192.71429
pol,20210720,15901459.57143
pol,20210721,16090879.71429
pol,20210722,16277513.85714
pol,20210723,16446340.28571
pol,20210725,16600487.57143
pol,20210726,16718908.71429
pol,20210727,16833138.28571
pol,20210728,16944799
pol,20210729,17046718.85714
pol,20210730,17138012.85714
pol,20210731,17222023.42857
pol,20210801,17295158.28571
pol,20210802,17366205.85714
pol,20210803,17433920.42857
pol,20210804,17496482
pol,20210805,17556338.14286
pol,20210807,17622681.85714
pol,20210809,17685616
pol,20210810,17750647.71429
pol,20210811,17817075.28571
pol,20210812,17884772
pol,20210814,17955194.57143
pol,20210815,18017775.71429
pol,20210816,18066687.42857
pol,20210817,18114371.28571
pol,20210818,18165279.57143
pol,20210819,18215960.57143
pol,20210820,18265450.14286
pol,20210821,18306477.85714
pol,20210822,18347276
pol,20210824,18392869.28571
pol,20210826,18446269.28571
pol,20210827,18497764
pol,20210828,18547191.71429
pol,20210829,18591797.71429
pol,20210830,18635648.28571
pol,20210831,18682576.42857
pol,20210901,18724990.85714
pol,20210902,18759639
pol,20210903,18792878
pol,20210904,18824795.42857
pol,20210905,18855691.71429
pol,20210906,18885283.85714
pol,20210907,18913057.42857
pol,20210908,18940086.14286
pol,20210910,18971714.57143
pol,20210911,18999434.85714
pol,20210912,19025032.85714
pol,20210914,19054199.57143
pol,20210915,19084253.57143
pol,20210916,19114139
pol,20210917,19143898.42857
pol,20210919,19167137.57143
pol,20210920,19190343.85714
pol,20210921,19214873.14286
pol,20210922,19240235.42857
pol,20210923,19264971.28571
pol,20210924,19290200.71429
pol,20210925,19312309.71429
pol,20210927,19332526.14286
pol,20210928,19350714.57143
pol,20210929,19368698.57143
pol,20211001,19392859
pol,20211002,19415618
pol,20211003,19438964.57143
pol,20211004,19462735.14286
pol,20211012,19500227.28571
pol,20211013,19538036.42857
pol,20211015,19582333
pol,20211016,19616031.57143
pol,20211017,19648670.71429
pol,20211019,19680886.71429
pol,20211020,19714306.42857
pol,20211021,19734994
pol,20211023,19760559.85714
pol,20211024,19777653.85714
pol,20211025,19794930
pol,20211026,19817440.57143
pol,20211028,19841436.71429
pol,20211029,19866586.71429
pol,20211031,19891147.71429
pol,20211101,19910602.57143
pol,20211102,19931675.71429
pol,20211103,19953489.14286
pol,20211104,19972337.42857
pol,20211105,19989211.57143
pol,20211106,20004330.14286
pol,20211107,20017824
pol,20211108,20032980.28571
pol,20211109,20048234.71429
pol,20211111,20064390.85714
pol,20211112,20080986.85714
pol,20211114,20095951
pol,20211115,20110717.28571
pol,20211116,20127505.28571
pol,20211117,20145343.85714
pol,20211118,20164052.71429
pol,20211119,20183342.14286
pol,20211120,20201900.42857
pol,20211121,20219216.71429
pol,20211122,20236502.57143
pol,20211123,20253771.42857
pol,20211125,20274562.57143
pol,20211127,20300208.71429
pol,20211128,20322735.85714
pol,20211129,20344740.42857
pol,20211201,20371517.71429
pol,20211202,20398584.57143
pol,20211203,20427395
pol,20211204,20452857.14286
pol,20211205,20471178.85714
pol,20211206,20493717.42857
pol,20211208,20520934.14286
pol,20211210,20550604.57143
pol,20211211,20581325.14286
pol,20211212,20608411.28571
pol,20211213,20634965.85714
pol,20211214,20664081
pol,20211215,20691678.14286
pol,20211216,20716260.42857
pol,20211217,20737756
pol,20211218,20759248
pol,20211219,20780919.85714
pol,20211220,20802995.42857
pol,20211221,20824324.57143
pol,20211222,20845517.42857
pol,20211223,20865438.71429
pol,20211224,20880858.71429
pol,20211225,20893275.42857
pol,20211226,20904915.57143
pol,20211228,20922493.71429
pol,20211230,20945745.71429
pol,20211231,20966013
pol,20220101,20984060.71429
pol,20220102,21002212.42857
pol,20220103,21024026
pol,20220104,21051200.57143
pol,20220105,21074620.85714
pol,20220106,21090460
pol,20220107,21111685.14286
pol,20220108,21137630.42857
pol,20220109,21164893.42857
pol,20220110,21193700
pol,20220111,21224571.57143
pol,20220112,21256444.71429
pol,20220113,21291732.57143
pol,20220114,21324527.71429
pol,20220116,21353921.42857
pol,20220117,21384549.28571
pol,20220118,21414186.14286
pol,20220120,21444458.14286
pol,20220121,21471303.28571
pol,20220122,21495499
pol,20220123,21519084
pol,20220124,21543947
pol,20220125,21569484.85714
pol,20220126,21594917.28571
pol,20220127,21614073.14286
pol,20220128,21634263.42857
pol,20220130,21656765.71429
pol,20220131,21679311.57143
pol,20220201,21702543.85714
pol,20220202,21725739.28571
pol,20220203,21748203.85714
pol,20220204,21772815.85714
pol,20220205,21796806
pol,20220206,21817528.14286
pol,20220207,21837966.57143
pol,20220208,21857977
pol,20220209,21877467.57143
pol,20220210,21896545.42857
pol,20220211,21915277
pol,20220212,21933402.57143
pol,20220213,21951390.85714
pol,20220214,21968792.85714
pol,20220215,21985340.14286
pol,20220216,22001922.57143
pol,20220218,22021463.28571
pol,20220219,22039224.28571
pol,20220220,22054886.28571
pol,20220221,22071794.28571
pol,20220222,22088740.28571
pol,20220223,22105771.42857
pol,20220224,22121660.14286
pol,20220225,22134114.85714
pol,20220226,22146138.14286
pol,20220227,22158048.42857
pol,20220301,22170918.71429
pol,20220302,22183269.57143
pol,20220303,22194835.42857
pol,20220304,22206265.28571
pol,20220305,22215975.57143
pol,20220307,22225112.42857
pol,20220308,22234840.42857
pol,20220310,22243902.28571
pol,20220311,22252809.71429
pol,20220313,22261092
pol,20220315,22268859.57143
pol,20220316,22276605.57143
pol,20220317,22284225.42857
pol,20220319,22292540.28571
pol,20220320,22298993.71429
pol,20220321,22304540.42857
pol,20220322,22309844.57143
pol,20220323,22314401.42857
pol,20220324,22318725.71429
pol,20220325,22323170.42857
prt,20210111,138
prt,20210112,138
prt,20210113,138
prt,20210114,138
prt,20210115,138
prt,20210116,138
prt,20210117,303.85714
prt,20210118,486.14286
prt,20210119,1756.71429
prt,20210120,4338
prt,20210121,7629.85714
prt,20210122,11265.14286
prt,20210123,15477.57143
prt,20210124,19598
prt,20210130,28688.85714
prt,20210131,37109.14286
prt,20210201,46006.42857
prt,20210202,54470.71429
prt,20210203,63328.28571
prt,20210204,72912
prt,20210205,83842
prt,20210206,91052.28571
prt,20210207,97950.57143
prt,20210208,103334
prt,20210209,108645.85714
prt,20210210,114721.57143
prt,20210211,121853.85714
prt,20210212,131069.71429
prt,20210213,142888.42857
prt,20210214,156006.57143
prt,20210215,170285.57143
prt,20210216,185156.57143
prt,20210217,199388.71429
prt,20210218,212397.14286
prt,20210219,223716.71429
prt,20210220,233016.85714
prt,20210221,241412.42857
prt,20210222,248709.28571
prt,20210223,255454.42857
prt,20210224,261655.14286
prt,20210225,267218.14286
prt,20210226,271408
prt,20210227,274526.71429
prt,20210228,277328.42857
prt,20210301,280390.42857
prt,20210302,283399
prt,20210303,286328.14286
prt,20210304,289477.85714
prt,20210305,293015.71429
prt,20210306,297003.71429
prt,20210307,301401.42857
prt,20210308,306290.71429
prt,20210309,311298.28571
prt,20210310,316340.28571
prt,20210311,321948.71429
prt,20210312,328770.57143
prt,20210313,336287.42857
prt,20210314,343977.42857
prt,20210315,351492
prt,20210316,359126.14286
prt,20210317,367337.57143
prt,20210318,377391.71429
prt,20210319,390167.28571
prt,20210320,405014.71429
prt,20210321,420940
prt,20210322,436764.57143
prt,20210323,453248.71429
prt,20210324,469179.28571
prt,20210325,482497
prt,20210326,491693.42857
prt,20210327,497244.28571
prt,20210328,501167.71429
prt,20210329,504433.28571
prt,20210330,506984
prt,20210331,509752.42857
prt,20210401,513392.28571
prt,20210402,522395.57143
prt,20210403,533441.71429
prt,20210404,545288.57143
prt,20210405,557515
prt,20210406,570211.71429
prt,20210407,582835
prt,20210408,595562.85714
prt,20210409,604427.57143
prt,20210410,612696.42857
prt,20210411,620248.57143
prt,20210412,628044.42857
prt,20210413,635303.42857
prt,20210414,642376.42857
prt,20210415,649514.28571
prt,20210416,655955.71429
prt,20210417,663450
prt,20210418,671347.71429
prt,20210419,679289.28571
prt,20210420,688517.28571
prt,20210421,698773.28571
prt,20210422,710885.57143
prt,20210423,727169.28571
prt,20210424,746021.57143
prt,20210425,765924.14286
prt,20210426,786041.57143
prt,20210427,805794.71429
prt,20210428,825722.71429
prt,20210429,844932.28571
prt,20210430,861127.57143
prt,20210501,874336.14286
prt,20210502,887139.28571
prt,20210503,900202.28571
prt,20210504,913979.42857
prt,20210505,928715
prt,20210506,946809.71429
prt,20210507,969628.14286
prt,20210508,998130.85714
prt,20210509,1027268.42857
prt,20210510,1058936.85714
prt,20210511,1091472.28571
prt,20210512,1123887.42857
prt,20210513,1152409
prt,20210514,1176402
prt,20210515,1200305.57143
prt,20210516,1239914.85714
prt,20210517,1283968.42857
prt,20210518,1328166.28571
prt,20210519,1373434.71429
prt,20210520,1420336.28571
prt,20210521,1468473.14286
prt,20210522,1513741.71429
prt,20210523,1546254.42857
prt,20210524,1579443
prt,20210525,1613164.28571
prt,20210526,1646280
prt,20210527,1681810.28571
prt,20210528,1721471.42857
prt,20210529,1765170
prt,20210530,1809525.71429
prt,20210531,1859907.85714
prt,20210601,1912238.71429
prt,20210602,1968540.14286
prt,20210603,2023818.71429
prt,20210604,2075186.57143
prt,20210605,2123304.42857
prt,20210606,2172274.14286
prt,20210607,2223039.57143
prt,20210608,2275682.85714
prt,20210609,2326438.28571
prt,20210610,2376857.85714
prt,20210611,2428489.71429
prt,20210612,2477845
prt,20210613,2521616.85714
prt,20210614,2560499.57143
prt,20210615,2597169.71429
prt,20210616,2636382.71429
prt,20210617,2677792.71429
prt,20210618,2723720.57143
prt,20210619,2769899.57143
prt,20210620,2828236
prt,20210621,2886830.85714
prt,20210622,2942550.71429
prt,20210623,2998234.42857
prt,20210624,3053995.71429
prt,20210625,3106648.57143
prt,20210626,3161707.28571
prt,20210627,3209043.57143
prt,20210628,3262363
prt,20210629,3320913.85714
prt,20210705,3430813.71429
prt,20210706,3544721.57143
prt,20210707,3664635
prt,20210712,3848313.14286
prt,20210713,4037184.42857
prt,20210714,4216310.28571
prt,20210715,4397111.57143
prt,20210716,4527934.14286
prt,20210717,4656891.57143
prt,20210718,4779111.14286
prt,20210719,4858462.14286
prt,20210720,4935339.85714
prt,20210721,5011578.14286
prt,20210722,5087042
prt,20210723,5162097.85714
prt,20210724,5236514.14286
prt,20210725,5312721.14286
prt,20210726,5392263.85714
prt,20210727,5472463.71429
prt,20210728,5553171.71429
prt,20210729,5633981.71429
prt,20210730,5714777.42857
prt,20210731,5795467.71429
prt,20210802,5901957.57143
prt,20210803,5986455.28571
prt,20210804,6070449.71429
prt,20210805,6154705.85714
prt,20210806,6239786.57143
prt,20210807,6325239.57143
prt,20210808,6409656.85714
prt,20210809,6487144.71429
prt,20210810,6561255.14286
prt,20210811,6632593.57143
prt,20210812,6699928
prt,20210813,6764422.14286
prt,20210814,6825951.42857
prt,20210815,6880672.28571
prt,20210816,6938443.42857
prt,20210817,6995511.85714
prt,20210818,7050856.85714
prt,20210819,7104378
prt,20210820,7153644
prt,20210821,7200687.71429
prt,20210822,7247389.57143
prt,20210823,7288281.57143
prt,20210824,7326771.57143
prt,20210825,7363507.85714
prt,20210826,7399773.85714
prt,20210827,7435931.57143
prt,20210828,7471853.57143
prt,20210829,7507980.85714
prt,20210830,7533560.85714
prt,20210831,7560461.71429
prt,20210901,7589296.71429
prt,20210902,7620795.28571
prt,20210903,7653871
prt,20210905,7701916.14286
prt,20210906,7762771.71429
prt,20210907,7815095.57143
prt,20210908,7868365.28571
prt,20210909,7922199.14286
prt,20210910,7975420.14286
prt,20210911,8029246.57143
prt,20210912,8081407.71429
prt,20210913,8127774.28571
prt,20210914,8175688.42857
prt,20210920,8248136.57143
prt,20210921,8320711.57143
prt,20210922,8391730.57143
prt,20210926,8467274.28571
prt,20210927,8528917.14286
prt,20211004,8592380.28571
prt,20211011,8656146
prt,20211018,8696921
prt,20211025,8737906.28571
prt,20211101,8779384.57143
prt,20211108,8814480.71429
prt,20211115,8849967.71429
prt,20211129,8884218.28571
prt,20211130,8912096.57143
prt,20211201,8934605.57143
prt,20211202,8952819.42857
prt,20211203,8968473.71429
prt,20211204,8982291.14286
prt,20211205,8993602.85714
prt,20211206,8997090.42857
prt,20211207,9000714.57143
prt,20211208,9004375.14286
prt,20211209,9008007.42857
prt,20211210,9011590.42857
prt,20211211,9015152.28571
prt,20211212,9018739.42857
prt,20211213,9022367.14286
prt,20211214,9025948.42857
prt,20211215,9029479.42857
prt,20211216,9033119
prt,20211217,9036651.71429
prt,20211218,9040219.57143
prt,20211219,9043771
prt,20211220,9047602.14286
prt,20211221,9051741.71429
prt,20211222,9056128.28571
prt,20211223,9060789.14286
prt,20211224,9065549
prt,20211225,9069723.14286
prt,20211226,9073352.85714
prt,20211227,9076346.42857
prt,20211228,9079593
prt,20211229,9082907.28571
prt,20211230,9086161.57143
prt,20211231,9089459.14286
prt,20220101,9092756.71429
prt,20220102,9096054.28571
prt,20220103,9099734.28571
prt,20220104,9103084.85714
prt,20220105,9106234.71429
prt,20220106,9109277.57143
prt,20220107,9112432.42857
prt,20220108,9116373.71429
prt,20220109,9121146.28571
prt,20220110,9126184.71429
prt,20220111,9131289.85714
prt,20220112,9136490
prt,20220113,9141698.71429
prt,20220114,9146706.85714
prt,20220115,9151391.85714
prt,20220116,9155573
prt,20220117,9159312.42857
prt,20220118,9162685.85714
prt,20220119,9165797.28571
prt,20220120,9168688
prt,20220121,9171427.28571
prt,20220122,9174001.42857
prt,20220123,9176519.71429
prt,20220124,9179038.14286
prt,20220125,9181447.14286
prt,20220126,9183777.85714
prt,20220127,9186073
prt,20220128,9188280.14286
prt,20220129,9190452.71429
prt,20220130,9192608.28571
prt,20220131,9194775.57143
prt,20220201,9197023
prt,20220202,9199274.28571
prt,20220203,9201543.71429
prt,20220204,9203833.42857
prt,20220205,9206220.28571
prt,20220206,9212278.14286
prt,20220207,9222187.28571
prt,20220208,9232101
prt,20220209,9242008.28571
prt,20220210,9251842.85714
prt,20220211,9261646.42857
prt,20220212,9271425.14286
prt,20220213,9277620
prt,20220214,9279940.42857
prt,20220215,9282093.85714
prt,20220216,9284137.85714
prt,20220217,9286110.57143
prt,20220218,9288039.85714
prt,20220219,9289863
prt,20220220,9292080.42857
prt,20220221,9294253.28571
prt,20220222,9296333.14286
prt,20220223,9298361.85714
prt,20220224,9300333.85714
prt,20220225,9302258.57143
prt,20220226,9304263.57143
prt,20220227,9316166.14286
prt,20220228,9330998.85714
prt,20220301,9345796.57143
prt,20220302,9360381.42857
prt,20220303,9374892.71429
prt,20220304,9389381.42857
prt,20220305,9403723.42857
prt,20220306,9407823.28571
prt,20220307,9408863.28571
prt,20220308,9409868.42857
prt,20220309,9410999.14286
prt,20220310,9412126.42857
pry,20210302,1
pry,20210303,2
pry,20210304,2.33333
pry,20210305,2.5
pry,20210306,2.6
pry,20210308,2.66667
pry,20210309,2.71429
pry,20210310,3
pry,20210311,3
pry,20210312,3
pry,20210313,3
pry,20210314,3
pry,20210315,24.42857
pry,20210316,95.14286
pry,20210317,225.85714
pry,20210318,400.14286
pry,20210319,596.57143
pry,20210320,793
pry,20210321,989.42857
pry,20210322,1168
pry,20210323,1312.42857
pry,20210324,1408.28571
pry,20210325,1465.57143
pry,20210326,1505.28571
pry,20210327,1545
pry,20210328,1584.71429
pry,20210329,1632.57143
pry,20210330,1671.14286
pry,20210331,1704.28571
pry,20210401,1732.57143
pry,20210403,1756.42857
pry,20210404,1780.28571
pry,20210405,1807
pry,20210406,1835.28571
pry,20210407,1979.57143
pry,20210408,2326.71429
pry,20210409,2989.42857
pry,20210410,3809
pry,20210411,4686.85714
pry,20210412,5773.28571
pry,20210413,6964.71429
pry,20210414,8119.57143
pry,20210415,9125.85714
pry,20210416,9875.28571
pry,20210417,10473.57143
pry,20210418,11015.85714
pry,20210419,11367.42857
pry,20210420,11614
pry,20210421,11786.42857
pry,20210422,11908.57143
pry,20210423,11982.57143
pry,20210424,12056.85714
pry,20210425,12130.85714
pry,20210426,12192.57143
pry,20210427,12246.42857
pry,20210428,12296.14286
pry,20210429,12342.57143
pry,20210430,12386.28571
pry,20210501,12424.71429
pry,20210502,12462.71429
pry,20210503,12514.85714
pry,20210504,12605.14286
pry,20210505,12741.57143
pry,20210506,12918.28571
pry,20210507,13149.57143
pry,20210508,13420
pry,20210509,13723.42857
pry,20210510,14335.71429
pry,20210511,15435.28571
pry,20210512,17075
pry,20210513,19495.71429
pry,20210514,22069
pry,20210515,24646
pry,20210516,27246
pry,20210517,30522.14286
pry,20210518,34051.28571
pry,20210519,37748.71429
pry,20210520,41310.28571
pry,20210521,45285.85714
pry,20210522,49355.71429
pry,20210523,53377.57143
pry,20210524,57089.28571
pry,20210525,60617.57143
pry,20210526,63960.71429
pry,20210527,67240.57143
pry,20210528,70714.14286
pry,20210529,74202.71429
pry,20210530,77718.57143
pry,20210531,81190
pry,20210601,84459.85714
pry,20210602,87436.57143
pry,20210603,90267
pry,20210604,92794.85714
pry,20210605,95259.42857
pry,20210606,97712.14286
pry,20210607,100137.42857
pry,20210608,102500.85714
pry,20210609,104841
pry,20210610,107342.14286
pry,20210611,110058.42857
pry,20210612,112708.57143
pry,20210613,115351.85714
pry,20210614,117995.14286
pry,20210615,120565.71429
pry,20210616,123085.28571
pry,20210617,125184.71429
pry,20210618,127034.85714
pry,20210619,128865
pry,20210620,130678.57143
pry,20210621,132278.57143
pry,20210622,133847.71429
pry,20210623,135320.28571
pry,20210624,137856.71429
pry,20210625,142209.57143
pry,20210626,146578.42857
pry,20210627,150951.85714
pry,20210628,155076.42857
pry,20210629,159045.85714
pry,20210630,162972.42857
pry,20210701,169707.42857
pry,20210702,176863.71429
pry,20210703,184014
pry,20210704,191159.14286
pry,20210705,198221.57143
pry,20210706,205302.85714
pry,20210707,212419.28571
pry,20210708,217756.57143
pry,20210709,222821.57143
pry,20210710,227892.85714
pry,20210711,232963.57143
pry,20210712,237989.57143
pry,20210713,242969.28571
pry,20210714,247913.28571
pry,20210715,250675.42857
pry,20210716,251105.71429
pry,20210717,253064
pry,20210718,255442.71429
pry,20210719,257932.85714
pry,20210720,260487
pry,20210721,263123.28571
pry,20210722,265835.85714
pry,20210723,268827.42857
pry,20210724,275834
pry,20210725,283548.71429
pry,20210726,291235.57143
pry,20210727,298860.85714
pry,20210728,306407.14286
pry,20210729,315109.57143
pry,20210730,324357.28571
pry,20210731,328090.71429
pry,20210801,330698
pry,20210802,343336.42857
pry,20210803,365220.71429
pry,20210804,399471
pry,20210805,441895
pry,20210806,490385.42857
pry,20210807,547253.14286
pry,20210808,607201.57143
pry,20210809,665680.42857
pry,20210810,719895.71429
pry,20210811,776768.42857
pry,20210812,840718.57143
pry,20210813,908668.28571
pry,20210814,979517.42857
pry,20210815,1053693.85714
pry,20210816,1135647.71429
pry,20210817,1226142.71429
pry,20210818,1312921.57143
pry,20210819,1385156.14286
pry,20210820,1447894.71429
pry,20210821,1499426.71429
pry,20210822,1544555.14286
pry,20210823,1574513.42857
pry,20210824,1592544.71429
pry,20210825,1601660.42857
pry,20210826,1615374.71429
pry,20210827,1634792.14286
pry,20210828,1654138.71429
pry,20210829,1673479.28571
pry,20210830,1694667.85714
pry,20210831,1717386.71429
pry,20210901,1741058.28571
pry,20210902,1758317.42857
pry,20210903,1768955.85714
pry,20210904,1780439.71429
pry,20210905,1791922.42857
pry,20210910,1803479.85714
pry,20210917,1814455.28571
pry,20210924,1823678.57143
pry,20210925,1833273.71429
pry,20211001,1843327.42857
pry,20211008,1870285.42857
pry,20211015,1905785.14286
pry,20211029,1981467.14286
pry,20211105,2057172.71429
pry,20211112,2149511
pry,20211119,2248318.14286
pry,20211129,2353828.71429
pry,20211203,2454590.28571
pry,20211210,2556135
pry,20211217,2628905.57143
pry,20211223,2704520.14286
pry,20211229,2767345.42857
pry,20220107,2830900.71429
pry,20220114,2892697
pry,20220121,2945724.71429
pry,20220128,2991444.71429
pry,20220204,3026645.85714
pry,20220211,3060356
pry,20220218,3091980.28571
pry,20220304,3122647.85714
pry,20220311,3149536.57143
pry,20220316,3176944.14286
pry,20220318,3206608.42857
pry,20220325,3235054.57143
pse,20210330,7978
pse,20210331,8332.5
pse,20210401,8686.66667
pse,20210403,9060.5
pse,20210404,9474.2
pse,20210405,9783.16667
pse,20210406,10018.71429
pse,20210407,10539
pse,20210408,10976.28571
pse,20210409,11415.71429
pse,20210410,11742.71429
pse,20210411,12033.85714
pse,20210412,12511.85714
pse,20210413,13401.57143
pse,20210414,14590.14286
pse,20210415,15971.71429
pse,20210416,17492
pse,20210417,19012.28571
pse,20210418,20507
pse,20210419,22048.71429
pse,20210421,24487.28571
pse,20210422,27159.14286
pse,20210423,30296.71429
pse,20210424,33213.85714
pse,20210505,57369.28571
pse,20210512,81878.28571
pse,20210514,106127
pse,20210516,129066.28571
pse,20210517,151499.42857
pse,20210518,173318
pse,20210519,195120.85714
pse,20210520,195729.28571
pse,20210526,195910.28571
pse,20210527,198291.28571
pse,20210529,201420.14286
pse,20210531,205291.42857
pse,20210601,209547.71429
pse,20210602,214109.14286
pse,20210603,219063.14286
pse,20211004,353277.14286
pse,20211005,486768.14286
pse,20211006,620974.71429
pse,20211007,755547.42857
pse,20211008,890729.14286
pse,20211010,1026151.14286
pse,20211027,1177784.71429
pse,20211110,1204294.85714
pse,20211115,1231923.28571
pse,20211122,1261809.71429
pse,20211129,1293553.57143
pse,20211206,1326669.85714
pse,20211220,1369908.14286
pse,20211227,1401783.28571
pse,20220110,1431589.71429
pse,20220116,1458798.85714
pse,20220306,1508850
pse,20220317,1560285
pyf,20210210,415
pyf,20210216,746
pyf,20210217,919.33333
pyf,20210223,1218.25
pyf,20210301,1593.8
pyf,20210302,1882.16667
pyf,20210309,2241.71429
pyf,20210316,2987.85714
pyf,20210323,3750
pyf,20210330,4630.85714
pyf,20210407,5660.71429
pyf,20210413,7260.71429
pyf,20210420,9342.42857
pyf,20210427,12010.85714
pyf,20210504,15076.42857
pyf,20210511,18659.71429
pyf,20210518,22439.57143
pyf,20210525,26814.71429
pyf,20210601,31273.71429
pyf,20210608,36222.14286
pyf,20210615,40731.57143
pyf,20210621,45085
pyf,20210629,49342.57143
pyf,20210713,53932.28571
pyf,20210720,58100.57143
pyf,20210727,61717.42857
pyf,20210802,64744.42857
pyf,20210809,67963.57143
pyf,20210816,71423.85714
pyf,20210823,75520.28571
pyf,20210831,80633.57143
pyf,20210907,87209
pyf,20210914,94846.71429
pyf,20210921,103158
pyf,20210928,111935.28571
pyf,20211005,120519.42857
pyf,20211012,128255.28571
pyf,20211018,134737.14286
pyf,20211025,139312.71429
pyf,20211101,142583.28571
pyf,20211115,145664.85714
pyf,20211122,147787
pyf,20211130,149798
pyf,20211206,151488.71429
pyf,20211213,152971.28571
pyf,20211220,154673.42857
pyf,20220104,156375.57143
pyf,20220118,158172
pyf,20220207,159968.42857
pyf,20220214,161409.85714
pyf,20220221,162851.28571
pyf,20220228,166059.85714
pyf,20220307,169160.85714
pyf,20220314,172261.85714
pyf,20220321,174370.14286
qat,20210429,554982
qat,20210430,560779
qat,20210501,565937.33333
qat,20210502,571176.5
qat,20210503,577760.8
qat,20210504,585419.83333
qat,20210505,592877
qat,20210506,606744.71429
qat,20210507,621172.28571
qat,20210508,636480.71429
qat,20210509,652267
qat,20210510,668476.85714
qat,20210511,684851.14286
qat,20210512,702592.42857
qat,20210513,721500.85714
qat,20210514,741530
qat,20210515,761655.71429
qat,20210516,782709.57143
qat,20210517,804002.42857
qat,20210518,825380.85714
qat,20210519,846629.14286
qat,20210520,867281.14286
qat,20210521,886888.14286
qat,20210523,907990.14286
qat,20210524,928367.57143
qat,20210525,948013.14286
qat,20210526,967116.71429
qat,20210527,985640
qat,20210528,1003749.71429
qat,20210529,1020391.85714
qat,20210530,1034491.28571
qat,20210531,1048192
qat,20210601,1061169
qat,20210602,1073221.85714
qat,20210603,1083438.14286
qat,20210604,1092255.71429
qat,20210605,1101355.85714
qat,20210606,1110452
qat,20210607,1119434.85714
qat,20210608,1128036.85714
qat,20210609,1136178.57143
qat,20210610,1145395.14286
qat,20210611,1155665
qat,20210612,1166030
qat,20210613,1176501.57143
qat,20210614,1186961.57143
qat,20210615,1197960.71429
qat,20210616,1208912.42857
qat,20210617,1218931.57143
qat,20210618,1228183.57143
qat,20210619,1237017.42857
qat,20210620,1245313.85714
qat,20210621,1253058.71429
qat,20210622,1259870.57143
qat,20210623,1267196.14286
qat,20210624,1276047.71429
qat,20210625,1286942.42857
qat,20210626,1298968.28571
qat,20210627,1313190.85714
qat,20210628,1329176.85714
qat,20210629,1347377
qat,20210630,1367263.14286
qat,20210701,1387355.85714
qat,20210702,1407618.57143
qat,20210703,1427163.57143
qat,20210704,1444781
qat,20210705,1460777
qat,20210706,1475020
qat,20210707,1487515.71429
qat,20210708,1498994.57143
qat,20210709,1508515.28571
qat,20210710,1517435
qat,20210711,1525793
qat,20210712,1533881.71429
qat,20210713,1541706.57143
qat,20210714,1549474.42857
qat,20210715,1556973.85714
qat,20210716,1564691.71429
qat,20210717,1572297.85714
qat,20210718,1580856.85714
qat,20210719,1590885.14286
qat,20210720,1601614.85714
qat,20210721,1611631.28571
qat,20210722,1622602.14286
qat,20210723,1633738.57143
qat,20210724,1644929.71429
qat,20210726,1656496
qat,20210727,1666659.14286
qat,20210728,1675947.42857
qat,20210729,1685299.85714
qat,20210730,1694744.57143
qat,20210731,1702757.28571
qat,20210801,1711938
qat,20210802,1721473.28571
qat,20210803,1732050.71429
qat,20210804,1742101.71429
qat,20210805,1755719.57143
qat,20210806,1768362.85714
qat,20210807,1780913.28571
qat,20210808,1792041.71429
qat,20210809,1802203.57143
qat,20210810,1811805.14286
qat,20210811,1823328
qat,20210813,1832395.85714
qat,20210814,1840690
qat,20210815,1849654.14286
qat,20210816,1862847.57143
qat,20210817,1877314.85714
qat,20210818,1891392.28571
qat,20210819,1904748.85714
qat,20210820,1917925.71429
qat,20210822,1933684.14286
qat,20210823,1949906.42857
qat,20210824,1963815.85714
qat,20210825,1978100.57143
qat,20210826,1992973.28571
qat,20210829,2014120.71429
qat,20210831,2038717.57143
qat,20210901,2063086.42857
qat,20210902,2087798.14286
qat,20210904,2110735.85714
qat,20210906,2134207.42857
qat,20210908,2157392.28571
qat,20210909,2173881.28571
qat,20210911,2186371.85714
qat,20220303,2246906.14286
qat,20220317,2307835.85714
rou,20210117,875
rou,20210118,1412.5
rou,20210119,1815.33333
rou,20210120,2814.75
rou,20210121,4220.4
rou,20210122,5392.66667
rou,20210123,6462
rou,20210124,8216.28571
rou,20210125,11518.14286
rou,20210126,16953.14286
rou,20210127,24304.71429
rou,20210128,33619.85714
rou,20210129,45165.71429
rou,20210130,57798
rou,20210131,71089.57143
rou,20210201,85087.42857
rou,20210202,99042
rou,20210203,112577.85714
rou,20210204,125501.57143
rou,20210205,138443
rou,20210206,151559.71429
rou,20210207,164980.85714
rou,20210208,180300.42857
rou,20210209,198138.14286
rou,20210210,219208.57143
rou,20210211,243304.57143
rou,20210212,269990.14286
rou,20210213,299651.28571
rou,20210214,332107.85714
rou,20210215,364091.14286
rou,20210216,395252.28571
rou,20210217,424675.28571
rou,20210218,452145
rou,20210219,477523.71429
rou,20210220,500669.71429
rou,20210221,521924.71429
rou,20210222,541277.85714
rou,20210223,558453.85714
rou,20210224,573607.14286
rou,20210225,586188.71429
rou,20210226,596024.28571
rou,20210227,603713.28571
rou,20210228,609568.42857
rou,20210301,613654.14286
rou,20210302,616169.85714
rou,20210303,617349.28571
rou,20210304,619151.14286
rou,20210305,622021
rou,20210306,626037.14286
rou,20210307,631102.28571
rou,20210308,636745.28571
rou,20210309,643096.71429
rou,20210310,650650.57143
rou,20210311,658617.71429
rou,20210312,666831.28571
rou,20210313,675334.42857
rou,20210314,683997.14286
rou,20210315,693313.57143
rou,20210316,704027.71429
rou,20210317,715349.71429
rou,20210318,726467.42857
rou,20210319,737092.14286
rou,20210320,746866.14286
rou,20210321,755752
rou,20210322,766576.71429
rou,20210323,779069.28571
rou,20210324,793706.57143
rou,20210325,811187.14286
rou,20210326,831750.14286
rou,20210327,856165.85714
rou,20210328,884489.14286
rou,20210329,913594.14286
rou,20210330,944101.14286
rou,20210331,975327.57143
rou,20210401,1007078.71429
rou,20210402,1039427.14286
rou,20210403,1071610
rou,20210404,1103473.42857
rou,20210405,1135547.42857
rou,20210406,1166749
rou,20210407,1197535
rou,20210408,1228176.14286
rou,20210409,1258648.57143
rou,20210410,1289385.14286
rou,20210411,1320252.71429
rou,20210412,1350073.85714
rou,20210413,1379802.42857
rou,20210414,1409581.71429
rou,20210415,1439201.42857
rou,20210416,1468256.57143
rou,20210417,1496411.71429
rou,20210418,1523857
rou,20210419,1551768.28571
rou,20210420,1579225.71429
rou,20210421,1606317.28571
rou,20210422,1633063.14286
rou,20210423,1660038.28571
rou,20210424,1687239.85714
rou,20210425,1714325.71429
rou,20210426,1741400.71429
rou,20210427,1768791.42857
rou,20210428,1796471.42857
rou,20210429,1824353
rou,20210430,1851954.85714
rou,20210501,1879404.71429
rou,20210502,1906856.71429
rou,20210503,1936710.42857
rou,20210504,1969931
rou,20210505,2006839.57143
rou,20210506,2048139.28571
rou,20210507,2093484.42857
rou,20210508,2143652
rou,20210509,2198390
rou,20210510,2255326.85714
rou,20210511,2314728.71429
rou,20210512,2376127.85714
rou,20210513,2438734.14286
rou,20210514,2503555.85714
rou,20210515,2569683.71429
rou,20210516,2636622.57143
rou,20210517,2704450.57143
rou,20210518,2772155.71429
rou,20210519,2839773.85714
rou,20210520,2907170.71429
rou,20210521,2973523.28571
rou,20210522,3037295.28571
rou,20210523,3097190.85714
rou,20210524,3153635.57143
rou,20210525,3207572.14286
rou,20210526,3259319.57143
rou,20210527,3308838.28571
rou,20210528,3356887.85714
rou,20210529,3406057.28571
rou,20210530,3458200.71429
rou,20210531,3511844.28571
rou,20210601,3563795
rou,20210602,3614142
rou,20210603,3663809.28571
rou,20210604,3713522.57143
rou,20210605,3762594.57143
rou,20210606,3810564.85714
rou,20210607,3856874.85714
rou,20210608,3903033.28571
rou,20210609,3948229
rou,20210610,3991364.71429
rou,20210611,4031500
rou,20210612,4068180.85714
rou,20210613,4101792.71429
rou,20210614,4133409.71429
rou,20210615,4163202.85714
rou,20210616,4191523.85714
rou,20210617,4218598
rou,20210618,4244342
rou,20210619,4268630
rou,20210620,4291683.71429
rou,20210621,4313344
rou,20210622,4334003.14286
rou,20210623,4353961.42857
rou,20210624,4373512
rou,20210625,4392667
rou,20210626,4411462.28571
rou,20210627,4430450.85714
rou,20210628,4449368.14286
rou,20210629,4467816.42857
rou,20210630,4485554.71429
rou,20210701,4502428.42857
rou,20210702,4518475.57143
rou,20210703,4534126.14286
rou,20210704,4548418.71429
rou,20210705,4562231
rou,20210706,4575517.28571
rou,20210707,4588293.57143
rou,20210708,4600700.85714
rou,20210709,4610947.42857
rou,20210710,4621517.42857
rou,20210711,4632599.28571
rou,20210712,4643212.85714
rou,20210713,4653581.28571
rou,20210714,4663737.57143
rou,20210715,4673740.57143
rou,20210716,4685350.42857
rou,20210717,4695600.42857
rou,20210718,4704918
rou,20210719,4714377.14286
rou,20210720,4724059.28571
rou,20210721,4733695.71429
rou,20210722,4743432.28571
rou,20210723,4753304
rou,20210724,4763225.57143
rou,20210725,4773145.28571
rou,20210726,4783204.14286
rou,20210727,4793226.57143
rou,20210728,4803390.57143
rou,20210729,4813481.85714
rou,20210730,4823538
rou,20210731,4833530.57143
rou,20210801,4843469.57143
rou,20210802,4853219.57143
rou,20210803,4862892.28571
rou,20210804,4872525.42857
rou,20210805,4882247.28571
rou,20210806,4891881
rou,20210807,4901399
rou,20210808,4910895.42857
rou,20210809,4919798.57143
rou,20210810,4927926.28571
rou,20210811,4936014.14286
rou,20210812,4943970.14286
rou,20210813,4952011.71429
rou,20210814,4960094.57143
rou,20210815,4968100.85714
rou,20210816,4976776.85714
rou,20210817,4986161.42857
rou,20210818,4995588.71429
rou,20210819,5004977
rou,20210820,5014180.71429
rou,20210821,5023319.42857
rou,20210822,5032437.42857
rou,20210823,5041507.85714
rou,20210824,5050555.14286
rou,20210825,5059481
rou,20210826,5068387.85714
rou,20210827,5077267.85714
rou,20210828,5086084.85714
rou,20210829,5094878.85714
rou,20210830,5103499.42857
rou,20210831,5111907.85714
rou,20210901,5119976.71429
rou,20210902,5127740.14286
rou,20210903,5135154.42857
rou,20210904,5142303.85714
rou,20210905,5149258
rou,20210906,5155918.14286
rou,20210907,5162226.85714
rou,20210908,5168372
rou,20210909,5174299.14286
rou,20210910,5180146.14286
rou,20210911,5186019.42857
rou,20210912,5191947.42857
rou,20210913,5197871.85714
rou,20210914,5203901.14286
rou,20210915,5210025.71429
rou,20210916,5216369.14286
rou,20210917,5222967.14286
rou,20210918,5229752.28571
rou,20210919,5236727.14286
rou,20210920,5243996.71429
rou,20210921,5251715
rou,20210922,5259968.71429
rou,20210923,5268781.71429
rou,20210924,5278137.42857
rou,20210925,5287979.85714
rou,20210926,5298097
rou,20210927,5308689.71429
rou,20210928,5319802.14286
rou,20210929,5331440.28571
rou,20210930,5343603.42857
rou,20211001,5356382.57143
rou,20211002,5369491
rou,20211003,5382853.42857
rou,20211004,5396478.85714
rou,20211005,5410502.85714
rou,20211006,5424605.57143
rou,20211007,5439076.28571
rou,20211008,5454054.28571
rou,20211009,5469523.28571
rou,20211010,5485325.14286
rou,20211011,5501397.28571
rou,20211012,5517785.14286
rou,20211013,5534834.71429
rou,20211014,5552475.14286
rou,20211015,5570896.42857
rou,20211016,5589947
rou,20211017,5609458.71429
rou,20211018,5629799.28571
rou,20211019,5650948.14286
rou,20211020,5673173.14286
rou,20211021,5697352.57143
rou,20211022,5724948.57143
rou,20211023,5756606.14286
rou,20211024,5792531.85714
rou,20211025,5833213.57143
rou,20211026,5880017.42857
rou,20211027,5932706
rou,20211028,5988898.14286
rou,20211029,6046324.42857
rou,20211030,6102495.28571
rou,20211031,6156464.14286
rou,20211101,6207921.71429
rou,20211102,6254861
rou,20211103,6297251
rou,20211104,6336331
rou,20211105,6372802.14286
rou,20211106,6407858.71429
rou,20211107,6442168.42857
rou,20211108,6475518.85714
rou,20211109,6508319.14286
rou,20211110,6540863.14286
rou,20211111,6574573.42857
rou,20211112,6610560.42857
rou,20211113,6650253.42857
rou,20211114,6693914.71429
rou,20211115,6741055.28571
rou,20211116,6792315.71429
rou,20211117,6846960.71429
rou,20211118,6902359.85714
rou,20211119,6956655.28571
rou,20211120,7008605.42857
rou,20211121,7057498.42857
rou,20211122,7103221.85714
rou,20211123,7144934.85714
rou,20211124,7182809
rou,20211125,7217904.85714
rou,20211126,7250636.57143
rou,20211127,7281590.85714
rou,20211128,7311242
rou,20211129,7339474
rou,20211130,7365358.14286
rou,20211201,7388345.14286
rou,20211202,7409714.28571
rou,20211203,7429974
rou,20211204,7449136.71429
rou,20211205,7467550.85714
rou,20211206,7485594.42857
rou,20211207,7503827
rou,20211208,7522620.42857
rou,20211209,7541180.28571
rou,20211210,7558940.71429
rou,20211211,7576275.71429
rou,20211212,7593115.57143
rou,20211213,7609102.42857
rou,20211214,7624522.42857
rou,20211215,7639576.57143
rou,20211216,7653834.71429
rou,20211217,7667440.71429
rou,20211218,7680320.14286
rou,20211219,7692739.28571
rou,20211220,7704886.28571
rou,20211221,7716610.85714
rou,20211222,7727743.57143
rou,20211223,7738389.28571
rou,20211224,7747818.71429
rou,20211225,7755868
rou,20211226,7763001.28571
rou,20211227,7769857.57143
rou,20211228,7776633.14286
rou,20211229,7783442.14286
rou,20211230,7789925
rou,20211231,7796087.42857
rou,20220101,7802162.57143
rou,20220102,7808269.85714
rou,20220103,7814363.14286
rou,20220104,7820417.42857
rou,20220105,7826475.14286
rou,20220106,7832744.28571
rou,20220107,7839735.42857
rou,20220108,7848083.14286
rou,20220109,7856616
rou,20220110,7864800.57143
rou,20220111,7872598.42857
rou,20220112,7880015.57143
rou,20220113,7887019.28571
rou,20220114,7893575.71429
rou,20220115,7899107.42857
rou,20220116,7904392.14286
rou,20220117,7909334.42857
rou,20220118,7913975
rou,20220119,7918403.28571
rou,20220120,7922679.71429
rou,20220121,7926718.71429
rou,20220122,7930674
rou,20220123,7934606.57143
rou,20220124,7938256.28571
rou,20220125,7941827.42857
rou,20220126,7945393.42857
rou,20220127,7948986.57143
rou,20220128,7952806.28571
rou,20220129,7956870.57143
rou,20220130,7961044
rou,20220131,7965459.71429
rou,20220201,7969854.85714
rou,20220202,7974183
rou,20220203,7978431.14286
rou,20220204,7982588.85714
rou,20220205,7986664.42857
rou,20220206,7990684.28571
rou,20220207,7994579.14286
rou,20220208,7998373.71429
rou,20220209,8002023.85714
rou,20220210,8005541.14286
rou,20220211,8008910.42857
rou,20220212,8012145.28571
rou,20220213,8015338.57143
rou,20220214,8018325.42857
rou,20220215,8021142.57143
rou,20220216,8023834.57143
rou,20220217,8026468.85714
rou,20220218,8029073.71429
rou,20220219,8031790
rou,20220220,8034515.28571
rou,20220221,8037282.14286
rou,20220222,8040045.71429
rou,20220223,8042765.71429
rou,20220224,8045391.28571
rou,20220225,8047893.71429
rou,20220226,8050251.57143
rou,20220227,8052565.57143
rou,20220228,8054807.42857
rou,20220301,8056946.28571
rou,20220302,8058964.57143
rou,20220303,8060891.57143
rou,20220304,8062699.42857
rou,20220305,8064408.85714
rou,20220307,8066193.14286
rou,20220308,8067866.42857
rou,20220309,8069410.57143
rou,20220310,8070873.14286
rou,20220311,8072240.57143
rou,20220312,8073452.85714
rou,20220313,8074529
rou,20220314,8075405
rou,20220315,8076170.57143
rou,20220316,8076843.42857
rou,20220317,8077421.28571
rou,20220318,8077897
rou,20220319,8078316
rou,20220320,8078735
rou,20220321,8079154
rou,20220322,8079573
rou,20220323,8079992
rou,20220324,8080411
rus,20210302,1091497
rus,20210303,1146708
rus,20210304,1200995
rus,20210305,1249165.25
rus,20210306,1299681.4
rus,20210307,1337626
rus,20210308,1365516.71429
rus,20210309,1430268.57143
rus,20210310,1512205.57143
rus,20210311,1597684.85714
rus,20210317,1746966.85714
rus,20210318,1886487.42857
rus,20210319,2045604.28571
rus,20210320,2213853.42857
rus,20210321,2386235.71429
rus,20210329,2743694
rus,20210330,3084969
rus,20210331,3360767
rus,20210401,3647123.28571
rus,20210402,3917216
rus,20210403,4186247.28571
rus,20210404,4452477.28571
rus,20210405,4504051
rus,20210406,4564655.14286
rus,20210407,4674604.57143
rus,20210408,4778178.85714
rus,20210409,4887283.42857
rus,20210410,5002658
rus,20210411,5117007.57143
rus,20210412,5234550
rus,20210413,5352421.14286
rus,20210414,5421704.14286
rus,20210415,5490697.57143
rus,20210416,5553926
rus,20210417,5608310.57143
rus,20210418,5712849.57143
rus,20210419,5812678.57143
rus,20210420,5909831.85714
rus,20210421,6006547.71429
rus,20210422,6112267.14286
rus,20210423,6226535.42857
rus,20210424,6367354.71429
rus,20210425,6459147.28571
rus,20210426,6560521.57143
rus,20210427,6665061.28571
rus,20210428,6783538.71429
rus,20210429,6917938.28571
rus,20210430,7060309.28571
rus,20210501,7172959
rus,20210502,7294377
rus,20210503,7407445
rus,20210504,7511933.85714
rus,20210505,7638465.85714
rus,20210506,7768817.14286
rus,20210507,7886197.14286
rus,20210508,8026829.28571
rus,20210510,8166961.57143
rus,20210511,8306573.85714
rus,20210512,8495122.14286
rus,20210513,8654192.57143
rus,20210514,8818668.14286
rus,20210515,8995279.14286
rus,20210516,9154718
rus,20210517,9312580.42857
rus,20210518,9496521.28571
rus,20210519,9658742
rus,20210520,9822819
rus,20210521,9965899.42857
rus,20210522,10180362.57143
rus,20210523,10388209.14286
rus,20210524,10597692.42857
rus,20210525,10787919.42857
rus,20210526,10974686.42857
rus,20210527,11151282.28571
rus,20210528,11343341.71429
rus,20210529,11457788.42857
rus,20210530,11573412.28571
rus,20210531,11678152.42857
rus,20210601,11872203.71429
rus,20210602,12064330
rus,20210603,12257333.14286
rus,20210604,12442117.57143
rus,20210605,12616559.14286
rus,20210606,12792263.57143
rus,20210607,12999644.14286
rus,20210608,13127845.71429
rus,20210609,13249850.42857
rus,20210610,13388207.14286
rus,20210611,13519260.57143
rus,20210612,13684423.28571
rus,20210613,13850910.42857
rus,20210614,13987359.85714
rus,20210615,14107825.42857
rus,20210616,14230134.42857
rus,20210617,14355269.28571
rus,20210618,14485130
rus,20210619,14619166.71429
rus,20210620,14751657.85714
rus,20210621,14900910
rus,20210622,15083902.14286
rus,20210623,15247626.14286
rus,20210624,15473143.85714
rus,20210625,15702425.71429
rus,20210626,15906135
rus,20210627,16132114.42857
rus,20210628,16361567.71429
rus,20210629,16575283
rus,20210630,16815711.42857
rus,20210701,16992108.71429
rus,20210702,17148370.42857
rus,20210703,17314950.71429
rus,20210704,17462910.71429
rus,20210705,17593803.71429
rus,20210706,17750537.14286
rus,20210707,17900284.42857
rus,20210708,18041968.42857
rus,20210709,18202972.42857
rus,20210710,18358517.28571
rus,20210711,18510621
rus,20210712,18678003.85714
rus,20210713,18825705.28571
rus,20210714,19007428.57143
rus,20210715,19197427.71429
rus,20210716,19459737.42857
rus,20210717,19703387.28571
rus,20210718,19956197
rus,20210719,20197736.42857
rus,20210720,20528420.42857
rus,20210721,20833638.42857
rus,20210722,21139946.71429
rus,20210723,21436536.85714
rus,20210724,21744410.85714
rus,20210725,22050524.71429
rus,20210726,22363784.14286
rus,20210727,22616759.85714
rus,20210728,22882971.14286
rus,20210729,23179109.28571
rus,20210730,23474822.85714
rus,20210731,23836041.14286
rus,20210801,24211432
rus,20210802,24582680.14286
rus,20210803,24953481.14286
rus,20210804,25368254.14286
rus,20210805,25755274.57143
rus,20210806,26088291.28571
rus,20210807,26404691.14286
rus,20210808,26717129.71429
rus,20210809,27030866
rus,20210810,27379258.85714
rus,20210811,27678501.57143
rus,20210812,27998918.71429
rus,20210813,28514092.57143
rus,20210814,29193576.42857
rus,20210815,29876334.57143
rus,20210816,30568410.57143
rus,20210817,31212329
rus,20210818,31856972.14286
rus,20210819,32496590.14286
rus,20210820,32954943.28571
rus,20210821,33246249.85714
rus,20210822,33544557.71429
rus,20210823,33834074.57143
rus,20210824,34132541.57143
rus,20210825,34427471
rus,20210826,34706951.57143
rus,20210827,34993376.28571
rus,20210828,35245451.71429
rus,20210829,35483265.42857
rus,20210830,35730692.14286
rus,20210831,35943803.42857
rus,20210901,36233269.71429
rus,20210902,36520835.28571
rus,20210903,36828998.14286
rus,20210904,37125682.42857
rus,20210905,37429285.14286
rus,20210906,37717286.14286
rus,20210907,38046327.28571
rus,20210908,38281784.85714
rus,20210909,38534322.14286
rus,20210910,38741284.85714
rus,20210911,38949489.85714
rus,20210912,39145591.57143
rus,20210913,39354110.57143
rus,20210914,39515115.57143
rus,20210915,39690898.28571
rus,20210916,39851910
rus,20210917,40002827
rus,20210919,40193623.28571
rus,20210920,40378368.71429
rus,20210921,40552299.14286
rus,20210922,40749314.71429
rus,20210924,40952592.28571
rus,20210925,41138574.28571
rus,20210926,41307658
rus,20210927,41432922.42857
rus,20210928,41555876.14286
rus,20210929,41699051.57143
rus,20210930,41832761.57143
rus,20211001,41941856.14286
rus,20211002,42059446.14286
rus,20211003,42178614.14286
rus,20211004,42291011
rus,20211005,42423028.71429
rus,20211006,42602100.28571
rus,20211007,42963808.28571
rus,20211008,43328960.85714
rus,20211009,43679743.28571
rus,20211010,44035217.42857
rus,20211011,44393930.42857
rus,20211012,44728870.28571
rus,20211013,45016092
rus,20211014,45103705.14286
rus,20211015,45221302.28571
rus,20211028,45534239.57143
rus,20211029,45849556.14286
rus,20211030,46186662.85714
rus,20211031,46543144.71429
rus,20211101,46881914.85714
rus,20211102,47250709.14286
rus,20211103,47608189.14286
rus,20211104,47921019.28571
rus,20211107,48255126.28571
rus,20211108,48566547.71429
rus,20211109,48900105.42857
rus,20211110,49248397.14286
rus,20211111,49603368.71429
rus,20211112,49943679.14286
rus,20211113,50182931.42857
rus,20211114,50413429.14286
rus,20211115,50660684.57143
rus,20211116,50915379.71429
rus,20211117,51217124.42857
rus,20211118,51513787.42857
rus,20211119,51833460
rus,20211120,52203035
rus,20211122,52598002
rus,20211123,52986094.14286
rus,20211124,53400681.85714
rus,20211125,53786587
rus,20211126,54213153.14286
rus,20211127,54661734.85714
rus,20211128,55024157.42857
rus,20211129,55367100.71429
rus,20211130,55737719.57143
rus,20211201,56082875
rus,20211202,56462465.28571
rus,20211203,56802498.28571
rus,20211204,57161810.85714
rus,20211205,57530375
rus,20211206,57879679.14286
rus,20211207,58233252.71429
rus,20211208,58593840.71429
rus,20211209,58934648
rus,20211210,59261031
rus,20211211,59615611.14286
rus,20211212,59997792.85714
rus,20211213,60373713.57143
rus,20211214,60755926.71429
rus,20211215,61107624.28571
rus,20211216,61407288.42857
rus,20211217,61777773
rus,20211218,62105057.14286
rus,20211219,62422452.28571
rus,20211220,62747961.28571
rus,20211221,63134697
rus,20211222,63496761
rus,20211223,63899657.42857
rus,20211224,64233064.14286
rus,20211225,64544387
rus,20211227,64816674
rus,20211228,65121609.14286
rus,20211229,65427593.42857
rus,20211231,65744079.14286
rus,20220101,66045863.57143
rus,20220106,66322777.28571
rus,20220107,66566175.42857
rus,20220108,66803579.71429
rus,20220109,67006054.71429
rus,20220110,67108211.28571
rus,20220111,67244094.28571
rus,20220112,67388228.57143
rus,20220113,67610732.28571
rus,20220115,67822298.42857
rus,20220116,68044006.71429
rus,20220117,68255376.85714
rus,20220118,68478622.57143
rus,20220121,68665049.71429
rus,20220122,68848465.57143
rus,20220123,68952197.14286
rus,20220126,69066103.42857
rus,20220128,69179513
rus,20220129,69299731
rus,20220130,69406345.85714
rus,20220131,69518562.42857
rus,20220201,69613811.71429
rus,20220202,69714709.71429
rus,20220203,69809792.57143
rus,20220204,69913550
rus,20220205,70018431.57143
rus,20220206,70106992.28571
rus,20220207,70182233.28571
rus,20220208,70269919.85714
rus,20220209,70368264.42857
rus,20220211,70458410.57143
rus,20220212,70553119.42857
rus,20220213,70647536
rus,20220214,70773583.85714
rus,20220215,70912986.28571
rus,20220216,71034429.71429
rus,20220217,71163010.57143
rus,20220303,71343905.85714
rus,20220304,71507598.57143
rus,20220305,71668243.42857
rus,20220306,71798945.14286
rus,20220307,71914149.71429
rus,20220309,72015848
rus,20220310,72098895.28571
rus,20220311,72131974.57143
rus,20220312,72156129.28571
rus,20220314,72175454.57143
rus,20220315,72202627.85714
rus,20220316,72231150.85714
rus,20220317,72257065.42857
rus,20220318,72277313.42857
rus,20220319,72293896.57143
rus,20220320,72319259.71429
rus,20220321,72342716.71429
rus,20220322,72369692.71429
rus,20220323,72401791.14286
rus,20220324,72456385.42857
rus,20220325,72511772
rwa,20210508,49696
rwa,20210606,138932.5
rwa,20210706,176609.33333
rwa,20210709,195667.5
rwa,20210710,207102.4
rwa,20210812,238057.33333
rwa,20210819,260168
rwa,20210820,313027.85714
rwa,20210822,341113.42857
rwa,20210825,373846.85714
rwa,20210829,432069.71429
rwa,20210906,525541.85714
rwa,20210910,602664.71429
rwa,20210913,689465.71429
rwa,20210915,780186.85714
rwa,20210918,912659.71429
rwa,20210919,1039468.42857
rwa,20210922,1150924.85714
rwa,20210926,1255757.28571
rwa,20210928,1358583.42857
rwa,20210930,1453335.42857
rwa,20211001,1543651.85714
rwa,20211005,1591494.71429
rwa,20211010,1638240.85714
rwa,20211014,1676358.14286
rwa,20211015,1687422.42857
rwa,20211021,1700631.28571
rwa,20211023,1714771.28571
rwa,20211026,1747307.85714
rwa,20211104,1801048
rwa,20211110,1882972.85714
rwa,20211111,1999034.85714
rwa,20211228,2530000
rwa,20220127,3287112.28571
rwa,20220215,4111555
rwa,20220224,4953512.42857
sau,20210627,1445087
sau,20210628,1477686
sau,20210629,1505626
sau,20210630,1526114.75
sau,20210701,1540862.2
sau,20210702,1564386.16667
sau,20210703,1586024
sau,20210704,1630349.57143
sau,20210705,1675635.42857
sau,20210706,1724742
sau,20210707,1780343.42857
sau,20210708,1846632
sau,20210709,1909939.85714
sau,20210710,1979392
sau,20210711,2058170.57143
sau,20210712,2150662.14286
sau,20210713,2257134.42857
sau,20210714,2390154.42857
sau,20210715,2546643.28571
sau,20210716,2742310.57143
sau,20210717,2974092.28571
sau,20210718,3245246
sau,20210719,3524371.71429
sau,20210720,3808231.14286
sau,20210721,4098809.14286
sau,20210722,4402205
sau,20210723,4698027.28571
sau,20210724,4990381.85714
sau,20210725,5281861
sau,20210726,5594555
sau,20210727,5934910.85714
sau,20210728,6289134.14286
sau,20210729,6634537.42857
sau,20210730,6966424.42857
sau,20210731,7282188.71429
sau,20210801,7581963.71429
sau,20210802,7866800.57143
sau,20210803,8133708.28571
sau,20210804,8368678
sau,20210805,8622804.71429
sau,20210806,8867727.71429
sau,20210807,9105990.28571
sau,20210808,9331630.42857
sau,20210809,9538101.42857
sau,20210810,9729569
sau,20210811,9925943.14286
sau,20210812,10097466.71429
sau,20210813,10268771
sau,20210814,10439601.28571
sau,20210815,10615833.85714
sau,20210816,10804173.71429
sau,20210817,11000102.85714
sau,20210818,11198755
sau,20210819,11398014.42857
sau,20210820,11602059
sau,20210821,11810716.14286
sau,20210822,12026243.28571
sau,20210823,12248624.14286
sau,20210824,12477896.85714
sau,20210825,12709447
sau,20210826,12945339.42857
sau,20210827,13184498.28571
sau,20210828,13430567.42857
sau,20210829,13686542.85714
sau,20210830,13938060
sau,20210831,14182351.85714
sau,20210901,14414387.28571
sau,20210902,14633786.42857
sau,20210903,14839846.57143
sau,20210904,15028971.42857
sau,20210905,15196376
sau,20210906,15350994.71429
sau,20210907,15498621.28571
sau,20210908,15649776.28571
sau,20210909,15804860.71429
sau,20210910,15965571.28571
sau,20210911,16133129.57143
sau,20210912,16303424.14286
sau,20210913,16478449.28571
sau,20210914,16649831.14286
sau,20210915,16815160.28571
sau,20210916,16976693.42857
sau,20210917,17130803.28571
sau,20210918,17277224.85714
sau,20210919,17416362
sau,20210920,17546160.14286
sau,20210921,17669944.85714
sau,20210922,17785775.14286
sau,20210923,17882936.14286
sau,20210924,17974737.57143
sau,20210925,18062154.71429
sau,20210926,18144779.28571
sau,20210927,18224945.28571
sau,20210928,18302167.85714
sau,20210929,18377836.28571
sau,20210930,18458360
sau,20211001,18539953
sau,20211002,18623331.85714
sau,20211003,18709285.57143
sau,20211004,18799504.85714
sau,20211005,18894477.85714
sau,20211006,18997346.14286
sau,20211007,19108928
sau,20211008,19225515.28571
sau,20211009,19348202.71429
sau,20211010,19484756.28571
sau,20211011,19630513.57143
sau,20211012,19781662.57143
sau,20211013,19932607
sau,20211014,20079255.42857
sau,20211015,20222239.85714
sau,20211016,20356413.14286
sau,20211017,20472049
sau,20211018,20565331.85714
sau,20211019,20653490.85714
sau,20211020,20732135.14286
sau,20211021,20803223.71429
sau,20211022,20871946
sau,20211023,20939301.57143
sau,20211024,21002411.42857
sau,20211025,21069570.28571
sau,20211026,21127200.42857
sau,20211027,21182926.42857
sau,20211028,21236200.85714
sau,20211029,21287635.42857
sau,20211030,21336314.28571
sau,20211031,21383434
sau,20211101,21428229.85714
sau,20211102,21473075.71429
sau,20211103,21515756.85714
sau,20211104,21555956.14286
sau,20211105,21597064.42857
sau,20211106,21635116.14286
sau,20211109,21684399.85714
sau,20211110,21732396.14286
sau,20211111,21778715.42857
sau,20211112,21822275.85714
sau,20211113,21864316.85714
sau,20211114,21908818.28571
sau,20211115,21957331.14286
sau,20211116,21988532.57143
sau,20211117,22021732.14286
sau,20211118,22053349
sau,20211119,22084469.85714
sau,20211120,22115366
sau,20211121,22144078.57143
sau,20211122,22171764.14286
sau,20211123,22201383.57143
sau,20211124,22227804.71429
sau,20211125,22253854.14286
sau,20211126,22279869.28571
sau,20211127,22305327.14286
sau,20211128,22327779.42857
sau,20211129,22353089.14286
sau,20211130,22379466.85714
sau,20211201,22402203.28571
sau,20211203,22428839.28571
sau,20211204,22461429.28571
sau,20211205,22497171.57143
sau,20211206,22536328.28571
sau,20211207,22572390.71429
sau,20211208,22607872.71429
sau,20211209,22646916
sau,20211210,22679514
sau,20211211,22706650
sau,20211212,22732493.42857
sau,20211213,22754689.71429
sau,20211214,22777985.85714
sau,20211215,22799691.85714
sau,20211216,22820195.14286
sau,20211217,22840211
sau,20211218,22859752
sau,20211219,22878888.57143
sau,20211220,22900188.57143
sau,20211221,22918884.28571
sau,20211222,22938067.28571
sau,20211223,22958038.57143
sau,20211224,22978305
sau,20211225,22998836.71429
sau,20211226,23019223.71429
sau,20211227,23039585.42857
sau,20211228,23060475.42857
sau,20211229,23081333.71429
sau,20211230,23101887.85714
sau,20211231,23122432
sau,20220101,23142362.71429
sau,20220102,23161926.71429
sau,20220103,23181638.42857
sau,20220104,23201047
sau,20220105,23220295
sau,20220106,23239186.71429
sau,20220107,23257897.14286
sau,20220108,23276765.28571
sau,20220109,23295550.57143
sau,20220110,23314028.57143
sau,20220111,23332547.71429
sau,20220112,23350803.85714
sau,20220113,23368946.57143
sau,20220114,23387172.28571
sau,20220115,23405271.14286
sau,20220116,23422822.14286
sau,20220117,23439790
sau,20220118,23455810
sau,20220119,23471325.71429
sau,20220121,23486065.14286
sau,20220122,23499494.14286
sau,20220123,23516320.42857
sau,20220124,23533864.57143
sau,20220125,23551531.14286
sau,20220126,23569793.14286
sau,20220127,23588168.14286
sau,20220128,23605583.71429
sau,20220129,23623232.71429
sau,20220131,23642069.71429
sau,20220201,23660292.42857
sau,20220202,23679010.42857
sau,20220203,23697926.71429
sau,20220204,23715750.42857
sau,20220205,23734355.71429
sau,20220206,23755983.57143
sau,20220207,23774933.85714
sau,20220208,23793752.85714
sau,20220209,23811921.14286
sau,20220210,23830134.85714
sau,20220211,23848472.85714
sau,20220212,23867019.85714
sau,20220213,23885643.14286
sau,20220214,23903874.42857
sau,20220215,23919970.42857
sdn,20210530,37931
sdn,20210602,39662
sdn,20210607,46708
sdn,20210608,51608.75
sdn,20210614,58517.6
sdn,20210620,66892
sdn,20210628,74640.57143
sdn,20210629,86916.42857
sdn,20210718,107107
sdn,20210822,132930.42857
sdn,20210908,172021.28571
sdn,20210914,231915.57143
sdn,20210919,299498.71429
sdn,20211208,458535
sdn,20220118,643058.57143
sdn,20220123,821898.14286
sdn,20220125,992622.71429
sdn,20220202,1227364.14286
sdn,20220215,1488507.42857
sdn,20220307,1797751.71429
sen,20210521,68596
sen,20210524,68874.5
sen,20210526,69024.66667
sen,20210531,69228.5
sen,20210608,69560.6
sen,20210610,69930.33333
sen,20210614,81010.42857
sen,20210628,92565.57143
sen,20210705,111452.42857
sen,20210712,134942.57143
sen,20210713,158754.28571
sen,20210719,185639.42857
sen,20210724,213148.71429
sen,20210726,230156.28571
sen,20210803,252134.71429
sen,20210809,269731.28571
sen,20210816,285107
sen,20210819,332032.14286
sen,20210825,375734
sen,20210901,418684.57143
sen,20210909,461320.85714
sen,20210915,498701.85714
sen,20210922,533053.42857
sen,20210930,564998
sen,20211007,564998
sen,20211014,564998
sen,20211122,615478.14286
sen,20220106,672405.42857
sen,20220202,735060.57143
sen,20220209,798406.71429
sen,20220218,863761
sen,20220222,930024.42857
sen,20220301,996717.42857
sen,20220309,1013476.85714
sen,20220315,1024300.85714
sgp,20210105,2
sgp,20210106,3
sgp,20210107,4
sgp,20210108,5.25
sgp,20210109,6.4
sgp,20210110,7.16667
sgp,20210111,8
sgp,20210112,9.85714
sgp,20210113,11.57143
sgp,20210114,13.14286
sgp,20210115,14.71429
sgp,20210116,16.28571
sgp,20210117,18.28571
sgp,20210118,20
sgp,20210119,22.57143
sgp,20210120,30.71429
sgp,20210121,39.14286
sgp,20210122,47.42857
sgp,20210123,55.85714
sgp,20210124,64.14286
sgp,20210125,74.85714
sgp,20210126,85.71429
sgp,20210127,91.85714
sgp,20210128,100.14286
sgp,20210129,211.57143
sgp,20210130,369.57143
sgp,20210131,545.57143
sgp,20210201,1020.42857
sgp,20210202,1853.28571
sgp,20210203,3218
sgp,20210204,5211.14286
sgp,20210205,7853
sgp,20210206,10687.14286
sgp,20210207,13600
sgp,20210208,17295.14286
sgp,20210209,21820.42857
sgp,20210210,27122
sgp,20210211,32219.57143
sgp,20210212,36566
sgp,20210213,40674
sgp,20210214,45253.71429
sgp,20210215,50321
sgp,20210216,56221.42857
sgp,20210217,63048.14286
sgp,20210218,71514.71429
sgp,20210219,82046
sgp,20210220,93673.28571
sgp,20210221,105587.71429
sgp,20210222,117620.42857
sgp,20210223,129345.85714
sgp,20210224,140532.71429
sgp,20210225,151093.42857
sgp,20210226,161145.85714
sgp,20210227,170895.28571
sgp,20210228,180162.28571
sgp,20210301,188226.14286
sgp,20210302,195067.71429
sgp,20210303,200615.85714
sgp,20210304,204972.14286
sgp,20210305,207905.71429
sgp,20210306,210139.42857
sgp,20210307,212061.42857
sgp,20210308,213709.57143
sgp,20210309,215143.85714
sgp,20210310,216575.42857
sgp,20210311,218247.28571
sgp,20210312,220489.57143
sgp,20210313,223132.57143
sgp,20210314,225973.28571
sgp,20210315,229462.28571
sgp,20210316,233706.42857
sgp,20210317,238638.14286
sgp,20210318,244191.42857
sgp,20210319,250419.14286
sgp,20210320,257350.42857
sgp,20210321,264836.28571
sgp,20210322,272902.71429
sgp,20210323,281331.42857
sgp,20210324,290203.28571
sgp,20210325,299709.42857
sgp,20210326,309885.57143
sgp,20210327,320121.42857
sgp,20210328,330261.57143
sgp,20210329,340850
sgp,20210330,352326.14286
sgp,20210331,364960.28571
sgp,20210401,378650.71429
sgp,20210402,392655.71429
sgp,20210403,408579.57143
sgp,20210404,426173.42857
sgp,20210405,445503.85714
sgp,20210406,466168.14286
sgp,20210407,488173.42857
sgp,20210408,511579.57143
sgp,20210409,537785.14286
sgp,20210410,565440.42857
sgp,20210411,594411.57143
sgp,20210412,623913.14286
sgp,20210413,653231.85714
sgp,20210414,681517.85714
sgp,20210415,708580.85714
sgp,20210416,733894.42857
sgp,20210417,757759.42857
sgp,20210418,780163.28571
sgp,20210419,802810.42857
sgp,20210420,825523.28571
sgp,20210421,848167.85714
sgp,20210422,870631.42857
sgp,20210423,892780.85714
sgp,20210424,915290.42857
sgp,20210425,938260.28571
sgp,20210426,960672.85714
sgp,20210427,983210.85714
sgp,20210428,1005959.71429
sgp,20210429,1028740.57143
sgp,20210430,1051728.71429
sgp,20210501,1073131.28571
sgp,20210502,1094245.14286
sgp,20210503,1113211.57143
sgp,20210504,1130269.57143
sgp,20210505,1146238.42857
sgp,20210506,1161263.71429
sgp,20210507,1175378.42857
sgp,20210508,1189836.85714
sgp,20210509,1203854.57143
sgp,20210510,1218664.42857
sgp,20210511,1234733.57143
sgp,20210512,1251533.57143
sgp,20210513,1266462.85714
sgp,20210514,1284687
sgp,20210515,1304343.57143
sgp,20210516,1325380.42857
sgp,20210517,1347234.14286
sgp,20210518,1369250.28571
sgp,20210519,1391611.28571
sgp,20210520,1417260.57143
sgp,20210521,1441229.28571
sgp,20210522,1465940.14286
sgp,20210523,1490936.28571
sgp,20210524,1515552.14286
sgp,20210525,1540034.85714
sgp,20210526,1563399.14286
sgp,20210527,1586636.42857
sgp,20210528,1609210.28571
sgp,20210529,1630274.42857
sgp,20210530,1650259.28571
sgp,20210531,1671528.14286
sgp,20210601,1692761
sgp,20210602,1713547.14286
sgp,20210603,1732395.42857
sgp,20210604,1750651.28571
sgp,20210605,1769365.85714
sgp,20210606,1788489.28571
sgp,20210607,1805577.14286
sgp,20210608,1821998.42857
sgp,20210609,1839020.85714
sgp,20210610,1856463.57143
sgp,20210611,1873794.57143
sgp,20210612,1889932
sgp,20210613,1904878.85714
sgp,20210614,1919715.28571
sgp,20210615,1934294.85714
sgp,20210616,1948601.71429
sgp,20210617,1963009.14286
sgp,20210618,1976988.85714
sgp,20210619,1990887.85714
sgp,20210620,2004498
sgp,20210621,2017465.42857
sgp,20210622,2029794.28571
sgp,20210623,2041528.85714
sgp,20210624,2052683.28571
sgp,20210625,2063016
sgp,20210626,2072375.28571
sgp,20210627,2081133.71429
sgp,20210628,2089765.42857
sgp,20210629,2098126.28571
sgp,20210630,2106557.85714
sgp,20210701,2116296
sgp,20210702,2127349.71429
sgp,20210703,2139664.85714
sgp,20210704,2153558.57143
sgp,20210705,2168479
sgp,20210706,2184561.28571
sgp,20210707,2201810.28571
sgp,20210708,2219284.57143
sgp,20210709,2237889.28571
sgp,20210710,2257867.71429
sgp,20210711,2279452.28571
sgp,20210712,2303196.28571
sgp,20210713,2329367.28571
sgp,20210714,2358661.57143
sgp,20210715,2391643.42857
sgp,20210716,2429170.85714
sgp,20210717,2471118.14286
sgp,20210718,2516261.71429
sgp,20210719,2561309.28571
sgp,20210720,2601688
sgp,20210721,2644097
sgp,20210722,2687480.71429
sgp,20210723,2731577.85714
sgp,20210724,2775588
sgp,20210725,2819299.57143
sgp,20210726,2865899.42857
sgp,20210727,2917669.14286
sgp,20210728,2968746.42857
sgp,20210729,3019833
sgp,20210730,3071186.28571
sgp,20210731,3123399.85714
sgp,20210801,3176548.71429
sgp,20210802,3230507.28571
sgp,20210803,3286922.85714
sgp,20210804,3344305.57143
sgp,20210805,3402642
sgp,20210806,3461102.85714
sgp,20210807,3519445.85714
sgp,20210808,3577463.85714
sgp,20210809,3632271.85714
sgp,20210810,3684784.14286
sgp,20210811,3734660.71429
sgp,20210812,3781343.42857
sgp,20210813,3825109.28571
sgp,20210814,3866455.28571
sgp,20210815,3904629.57143
sgp,20210816,3940575.42857
sgp,20210817,3973212.42857
sgp,20210818,4002668.57143
sgp,20210819,4028928.28571
sgp,20210820,4051244.28571
sgp,20210821,4069192.57143
sgp,20210822,4083868.42857
sgp,20210823,4097589.71429
sgp,20210824,4110643.85714
sgp,20210825,4122906.28571
sgp,20210826,4134551.42857
sgp,20210827,4145532.85714
sgp,20210828,4156162.28571
sgp,20210829,4166760.14286
sgp,20210830,4176886.28571
sgp,20210831,4187014.42857
sgp,20210901,4197056.14286
sgp,20210902,4206959.71429
sgp,20210903,4216774.85714
sgp,20210904,4226777.71429
sgp,20210905,4236958.85714
sgp,20210906,4246928.28571
sgp,20210907,4256379.71429
sgp,20210908,4265410
sgp,20210909,4274059.42857
sgp,20210910,4282310.28571
sgp,20210911,4289954.28571
sgp,20210912,4297142.57143
sgp,20210913,4303991.14286
sgp,20210914,4310542.85714
sgp,20210915,4316861.85714
sgp,20210916,4322968.85714
sgp,20210917,4328563.42857
sgp,20210918,4333673.85714
sgp,20210919,4338442.71429
sgp,20210920,4343190.71429
sgp,20210921,4347848.28571
sgp,20210922,4352427.71429
sgp,20210923,4356869.14286
sgp,20210924,4361115
sgp,20210925,4365237.42857
sgp,20210926,4369259.42857
sgp,20210927,4373106.57143
sgp,20210928,4376896.71429
sgp,20210929,4380580
sgp,20210930,4384286
sgp,20211001,4387693.57143
sgp,20211002,4390818.14286
sgp,20211003,4393820.42857
sgp,20211004,4396696.71429
sgp,20211005,4399491.57143
sgp,20211006,4402242.57143
sgp,20211007,4404863
sgp,20211008,4407527.14286
sgp,20211009,4410223.57143
sgp,20211010,4412925.85714
sgp,20211011,4415650.71429
sgp,20211012,4418347.85714
sgp,20211013,4420975
sgp,20211014,4423574.85714
sgp,20211015,4426135.28571
sgp,20211016,4428588.14286
sgp,20211017,4430976.28571
sgp,20211018,4433312.85714
sgp,20211019,4435573.57143
sgp,20211020,4437789.71429
sgp,20211021,4439962.28571
sgp,20211022,4442026.71429
sgp,20211023,4444016.28571
sgp,20211024,4445966.85714
sgp,20211025,4447885.71429
sgp,20211026,4449839.57143
sgp,20211027,4451826.85714
sgp,20211028,4453867.28571
sgp,20211029,4455995.57143
sgp,20211030,4458306.71429
sgp,20211031,4460821
sgp,20211101,4463543.28571
sgp,20211102,4466387
sgp,20211103,4469313.42857
sgp,20211104,4471982.71429
sgp,20211105,4474948.42857
sgp,20211106,4477974.28571
sgp,20211107,4480915.42857
sgp,20211108,4483859.71429
sgp,20211109,4486808.28571
sgp,20211110,4489791.57143
sgp,20211111,4493111.42857
sgp,20211112,4496166.85714
sgp,20211113,4499093
sgp,20211114,4501987.71429
sgp,20211115,4504836
sgp,20211116,4507654.28571
sgp,20211117,4510386.14286
sgp,20211118,4513033.71429
sgp,20211119,4515648
sgp,20211120,4518225.14286
sgp,20211121,4520736.14286
sgp,20211122,4523170.71429
sgp,20211123,4525510.42857
sgp,20211124,4527803.71429
sgp,20211125,4530015.71429
sgp,20211126,4532189.71429
sgp,20211127,4534310
sgp,20211128,4536485
sgp,20211129,4538651.85714
sgp,20211130,4540890
sgp,20211201,4543166.71429
sgp,20211202,4545576.28571
sgp,20211203,4548128.42857
sgp,20211204,4550831.14286
sgp,20211205,4553564.14286
sgp,20211206,4556475
sgp,20211207,4559501.71429
sgp,20211208,4562665.57143
sgp,20211209,4565898.14286
sgp,20211210,4569097
sgp,20211211,4572234.28571
sgp,20211212,4575350.71429
sgp,20211213,4578380.57143
sgp,20211214,4581325.85714
sgp,20211215,4584219.28571
sgp,20211216,4587085.71429
sgp,20211217,4589902
sgp,20211218,4592647.57143
sgp,20211219,4595353.71429
sgp,20211220,4598029.14286
sgp,20211221,4600670.14286
sgp,20211222,4603258.28571
sgp,20211223,4605769
sgp,20211224,4608006.14286
sgp,20211225,4609952.85714
sgp,20211226,4611966.71429
sgp,20211227,4614030.42857
sgp,20211228,4616149.57143
sgp,20211229,4618297.71429
sgp,20211230,4620529.85714
sgp,20211231,4622789.42857
sgp,20220101,4625043
sgp,20220102,4627201.28571
sgp,20220103,4629213.28571
sgp,20220104,4631095.14286
sgp,20220105,4632855
sgp,20220106,4634446.85714
sgp,20220107,4636111.42857
sgp,20220108,4637996.85714
sgp,20220109,4639840.57143
sgp,20220110,4641624.28571
sgp,20220111,4643346.14286
sgp,20220112,4645048.57143
sgp,20220113,4646735
sgp,20220114,4648421
sgp,20220115,4650082.28571
sgp,20220116,4651753.57143
sgp,20220117,4653542.85714
sgp,20220118,4655458
sgp,20220119,4657535
sgp,20220120,4659833.85714
sgp,20220121,4662511.85714
sgp,20220122,4665632.71429
sgp,20220123,4669199.28571
sgp,20220124,4673088.57143
sgp,20220125,4677245.57143
sgp,20220126,4681563.71429
sgp,20220127,4686269.85714
sgp,20220128,4691534
sgp,20220129,4697332.71429
sgp,20220130,4703769.71429
sgp,20220131,4710030.14286
sgp,20220201,4715666.85714
sgp,20220202,4720751.14286
sgp,20220203,4725946.42857
sgp,20220204,4731114
sgp,20220205,4736524.71429
sgp,20220206,4741829.14286
sgp,20220207,4747476.85714
sgp,20220208,4753859
sgp,20220209,4761018.42857
sgp,20220210,4768284.42857
sgp,20220211,4775815.28571
sgp,20220212,4783490.85714
sgp,20220213,4791281.57143
sgp,20220214,4798878.57143
sgp,20220215,4806323.42857
sgp,20220216,4813596.14286
sgp,20220217,4820523.71429
sgp,20220218,4827158.71429
sgp,20220219,4833522.28571
sgp,20220220,4839495.42857
sgp,20220221,4845214.42857
sgp,20220222,4850653.14286
sgp,20220223,4855772.28571
sgp,20220224,4860753.85714
sgp,20220225,4865523
sgp,20220226,4870102.28571
sgp,20220227,4874517
sgp,20220228,4878907
sgp,20220301,4883312.42857
sgp,20220302,4887699.85714
sgp,20220303,4891869
sgp,20220304,4895568.28571
sgp,20220305,4898679.85714
sgp,20220306,4901398.85714
sgp,20220307,4904071.28571
sgp,20220308,4906715
sgp,20220309,4909395.85714
sgp,20220310,4912077.71429
sgp,20220311,4914821.14286
sgp,20220312,4917641.85714
sgp,20220313,4920625.57143
sgp,20220314,4923716.28571
sgp,20220315,4926963.28571
sgp,20220316,4930336.57143
sgp,20220317,4933816.42857
sgp,20220318,4937365
sgp,20220319,4940973.71429
sgp,20220320,4944596.14286
sgp,20220321,4948076.28571
shn,20210325,110
shn,20210409,561
shn,20210505,1551
slb,20210621,3427
slb,20210629,3559.5
slb,20210713,4368.66667
slb,20210720,5097
slb,20210727,6064.4
slb,20210802,6882.83333
slb,20210809,7778.85714
slb,20210816,9351.71429
slb,20210831,11342.42857
slb,20210914,13797.28571
slb,20211005,16391.85714
slb,20211012,19043.71429
slb,20211025,21912.14286
slb,20211108,25113.85714
slb,20211122,29200
slb,20211130,33328.28571
slb,20211213,37492.28571
slb,20211220,41849.57143
slb,20220104,46441.28571
slb,20220118,51428.71429
slb,20220124,56484.71429
slb,20220131,61164.85714
slb,20220207,65947.14286
slb,20220221,70518.71429
slb,20220228,76112.42857
slb,20220307,81785
slb,20220321,88918.57143
sle,20210410,122
sle,20210414,499
sle,20210415,926.33333
sle,20210425,2016.75
sle,20210427,2733.2
sle,20210429,3228
sle,20210501,3627.42857
sle,20210508,4569.42857
sle,20210531,5998.57143
sle,20210608,7408.85714
sle,20210610,8490
sle,20210614,9666
sle,20210620,11018.57143
sle,20210827,14981.42857
sle,20210913,19742.71429
sle,20210927,24293.28571
sle,20210929,28901
sle,20211012,36614.71429
sle,20211018,50459.42857
sle,20211104,84271.42857
sle,20211110,122688.85714
sle,20211126,168552.28571
sle,20220111,217480.57143
sle,20220126,310138.42857
sle,20220207,405903.71429
sle,20220218,523918.28571
sle,20220225,621774.28571
sle,20220304,716376.57143
sle,20220315,823942
slv,20210413,2367
slv,20210414,3950
slv,20210415,5843.66667
slv,20210416,8246.75
slv,20210417,10272.4
slv,20210422,12572.66667
slv,20210423,14215.71429
slv,20210426,17808
slv,20210427,22768.28571
slv,20210428,29678.14286
slv,20210429,37224.28571
slv,20210430,45435.71429
slv,20210504,56428.57143
slv,20210505,69059.14286
slv,20210506,83260.14286
slv,20210507,99754.57143
slv,20210511,119712
slv,20210513,147768.28571
slv,20210514,179446.71429
slv,20210515,211566.14286
slv,20210517,247820
slv,20210518,286904
slv,20210519,326251.57143
slv,20210520,364289.71429
slv,20210521,400037.14286
slv,20210522,435335
slv,20210524,473356.57143
slv,20210525,511308
slv,20210526,550153
slv,20210527,590452.85714
slv,20210531,636297.28571
slv,20210601,679610.42857
slv,20210602,722699.28571
slv,20210607,766917.71429
slv,20210609,809588.14286
slv,20210611,851414.57143
slv,20210615,893013.14286
slv,20210616,926554.57143
slv,20210618,958345.57143
slv,20210621,988999.42857
slv,20210622,1013197.71429
slv,20210623,1034262.14286
slv,20210625,1051950
slv,20210701,1071648.57143
slv,20210702,1092054.42857
slv,20210706,1116212.71429
slv,20210708,1142617.42857
slv,20210709,1169815.71429
slv,20210712,1197611.14286
slv,20210713,1226050.28571
slv,20210714,1249138.14286
slv,20210716,1272202
slv,20210719,1290554
slv,20210720,1306376
slv,20210721,1322297.57143
slv,20210722,1339426.14286
slv,20210723,1356840.71429
slv,20210726,1374031.57143
slv,20210727,1390649.71429
slv,20210728,1407627.14286
slv,20210729,1424380.28571
slv,20210730,1440765.14286
slv,20210802,1455801.14286
slv,20210803,1475686.28571
slv,20210804,1502527.85714
slv,20210805,1529647.42857
slv,20210809,1564429.71429
slv,20210810,1606045.14286
slv,20210811,1653168.28571
slv,20210812,1707073
slv,20210813,1761470.42857
slv,20210816,1815866.28571
slv,20210817,1876394.57143
slv,20210818,1935045.28571
slv,20210819,1995098.85714
slv,20210820,2058370.57143
slv,20210823,2124543.42857
slv,20210824,2193225.28571
slv,20210825,2263597.14286
slv,20210827,2345329.14286
slv,20210830,2430325
slv,20210831,2512181.85714
slv,20210902,2600105.85714
slv,20210903,2679597.85714
slv,20210906,2753457.71429
slv,20210907,2821298.42857
slv,20210909,2879935.42857
slv,20210910,2932555.14286
slv,20210913,2982417
slv,20210914,3021554.57143
slv,20210916,3063805.14286
slv,20210919,3109300.14286
slv,20210921,3150839.71429
slv,20210922,3184289.85714
slv,20210923,3215205
slv,20210926,3243958.57143
slv,20210927,3269377.71429
slv,20210929,3298839.71429
slv,20210930,3323116
slv,20211003,3351942.57143
slv,20211004,3383026.85714
slv,20211005,3415275.57143
slv,20211006,3446933.28571
slv,20211007,3477894
slv,20211010,3500526
slv,20211011,3522648.71429
slv,20211012,3540651.14286
slv,20211013,3554138.14286
slv,20211014,3564460
slv,20211017,3574652.14286
slv,20211018,3584914.85714
slv,20211025,3611153.57143
slv,20211028,3642356.57143
slv,20211103,3682666.85714
slv,20211104,3725266.85714
slv,20211108,3773038.85714
slv,20211109,3821099
slv,20211110,3869159.57143
slv,20211111,3901724.57143
slv,20211114,3928794.57143
slv,20211116,3948217
slv,20211121,3967741.57143
slv,20211122,3982151.28571
slv,20211123,3995095.71429
slv,20211124,4007729.71429
slv,20211128,4019389.42857
slv,20211130,4030870
slv,20211205,4042928.14286
slv,20211206,4053012.42857
slv,20211207,4063041.85714
slv,20211208,4073199.71429
slv,20211212,4083276.85714
slv,20211213,4093117.85714
slv,20211216,4103247.42857
slv,20211220,4111178.28571
slv,20211221,4118827
slv,20211222,4126287.28571
slv,20211230,4134424.57143
slv,20220104,4142031.14286
slv,20220120,4153373.28571
slv,20220124,4163278.57143
slv,20220125,4172462.28571
slv,20220127,4181600
slv,20220130,4190242.42857
slv,20220210,4200243
slv,20220213,4209432.14286
slv,20220215,4214625.28571
slv,20220227,4222041.42857
slv,20220228,4230203.28571
slv,20220314,4239741.71429
slv,20220317,4249533.42857
slv,20220318,4256597.42857
slv,20220323,4263792.14286
slv,20220324,4270768.28571
smr,20210318,29
smr,20210319,32
smr,20210322,108
smr,20210323,207.5
smr,20210324,336.8
smr,20210326,559.83333
smr,20210330,905.57143
smr,20210331,1404.71429
smr,20210402,1988.42857
smr,20210403,2614.85714
smr,20210406,3294.71429
smr,20210407,4018.57143
smr,20210408,4729.57143
smr,20210409,5335.28571
smr,20210410,5932.28571
smr,20210413,6543.28571
smr,20210415,7084.71429
smr,20210416,7537.71429
smr,20210417,7897.85714
smr,20210418,8154
smr,20210420,8347.28571
smr,20210421,8481.42857
smr,20210422,8518.14286
smr,20210423,8549.85714
smr,20210426,8582
smr,20210427,8613.28571
smr,20210429,8649.85714
smr,20210502,8707.71429
smr,20210504,8872.14286
smr,20210505,9163.42857
smr,20210507,9729.85714
smr,20210523,11446.42857
smr,20210524,13163.42857
smr,20210525,14911.28571
smr,20210526,16619.57143
smr,20210527,18212
smr,20210530,19678.28571
smr,20210531,20925.71429
smr,20210601,21022.42857
smr,20210603,21118.85714
smr,20210606,21178.71429
smr,20210607,21270.71429
smr,20211212,21368.42857
smr,20211219,21463.71429
smr,20220102,21511
smr,20220109,21559
smr,20220116,21612.14286
smr,20220123,21666.71429
smr,20220130,21694.57143
smr,20220206,21716.57143
smr,20220213,21738.28571
smr,20220220,21760.57143
smr,20220306,22026.85714
som,20210527,942
som,20210531,2828
som,20210602,4618.33333
som,20210608,6613.5
som,20210609,8020
som,20210612,9996.5
som,20210614,11631.42857
som,20210617,14868.57143
som,20210618,17740.28571
som,20210620,20693.42857
som,20210622,25058.85714
som,20210623,30915
som,20210628,37531.57143
som,20210629,44441.71429
som,20210706,53216.71429
som,20210708,61941
som,20210711,70264.42857
som,20210821,77493
som,20210830,83427
som,20210901,87888.42857
som,20210906,92593.71429
som,20210911,97047
som,20210915,101951.28571
som,20210920,110674.28571
som,20210923,123223.14286
som,20210926,140047
som,20210928,158360.14286
som,20210929,177396
som,20211006,195761.71429
som,20211014,215535.28571
som,20211017,235106.14286
som,20211026,250843.42857
som,20211031,263813.85714
som,20211103,276688.71429
som,20211105,288757.57143
som,20211113,334450.71429
som,20211209,392420.85714
som,20211220,458193.42857
som,20211223,526616.28571
som,20211226,598798.14286
som,20220116,677569
som,20220206,756072.42857
som,20220210,799700.14286
som,20220226,836524.14286
som,20220228,863955.14286
som,20220317,932860.28571
srb,20210210,47665
srb,20210212,86907
srb,20210214,118604.66667
srb,20210223,207145.75
srb,20210224,263188.4
srb,20210225,302278.5
srb,20210226,331524.42857
srb,20210227,397830.42857
srb,20210228,452951.85714
srb,20210301,501842
srb,20210302,510141.14286
srb,20210303,516911.42857
srb,20210304,526367.57143
srb,20210305,538741.42857
srb,20210306,554207.14286
srb,20210307,569757.71429
srb,20210308,583928.14286
srb,20210309,597477.28571
srb,20210310,613515.57143
srb,20210311,628119
srb,20210312,643473.71429
srb,20210313,660429.28571
srb,20210314,683545.71429
srb,20210315,707523.57143
srb,20210316,731554.85714
srb,20210317,754748.57143
srb,20210318,777706.42857
srb,20210319,800111.28571
srb,20210320,817212
srb,20210321,828520.28571
srb,20210322,839055.85714
srb,20210323,850843
srb,20210324,864289.42857
srb,20210326,877087
srb,20210328,885882
srb,20210330,906960.71429
srb,20210331,928915.14286
srb,20210401,953585.28571
srb,20210402,980317.14286
srb,20210404,1007069
srb,20210405,1035124.57143
srb,20210406,1063898.28571
srb,20210407,1082293.14286
srb,20210409,1102755.57143
srb,20210410,1121084.42857
srb,20210414,1140791.57143
srb,20210415,1158253.57143
srb,20210416,1173706.42857
srb,20210417,1188924.85714
srb,20210418,1203795.57143
srb,20210421,1219348.85714
srb,20210422,1236257.28571
srb,20210423,1249298.85714
srb,20210424,1262948.85714
srb,20210426,1277102.28571
srb,20210428,1302440.42857
srb,20210430,1338035.14286
srb,20210501,1370878
srb,20210502,1401451.71429
srb,20210505,1448306.14286
srb,20210506,1493799.57143
srb,20210507,1539576
srb,20210508,1574043.28571
srb,20210509,1597072.28571
srb,20210510,1619887.42857
srb,20210512,1648220.42857
srb,20210515,1665632.71429
srb,20210516,1683478.85714
srb,20210517,1702316.14286
srb,20210518,1725438.42857
srb,20210519,1753523
srb,20210521,1784117.85714
srb,20210523,1810589.14286
srb,20210524,1833968.57143
srb,20210525,1859001.57143
srb,20210527,1886596.71429
srb,20210530,1919175.57143
srb,20210602,1955420.42857
srb,20210603,1993556.42857
srb,20210605,2034874.71429
srb,20210609,2083889
srb,20210612,2137107
srb,20210617,2197637.57143
srb,20210620,2257102.28571
srb,20210705,2327084
srb,20210714,2398960.85714
srb,20210716,2467150.71429
srb,20210719,2525250.71429
srb,20210722,2577576
srb,20210723,2617743.28571
srb,20210726,2649562.71429
srb,20210728,2663004.14286
srb,20210729,2669785.85714
srb,20210730,2676681.71429
srb,20210731,2682989.14286
srb,20210803,2688829.71429
srb,20210804,2694523
srb,20210805,2700181.85714
srb,20210806,2705126.71429
srb,20210807,2709913.57143
srb,20210808,2714205.14286
srb,20210809,2718836
srb,20210810,2723228.28571
srb,20210811,2727899.28571
srb,20210812,2732741.71429
srb,20210813,2737769.14286
srb,20210815,2742714.71429
srb,20210816,2747719.85714
srb,20210817,2752504.28571
srb,20210818,2756959.71429
srb,20210819,2761100.14286
srb,20210822,2765562.28571
srb,20210823,2769954
srb,20210824,2774294.14286
srb,20210825,2778467.85714
srb,20210826,2782457.71429
srb,20210828,2786855.85714
srb,20210829,2790911.71429
srb,20210830,2794440.28571
srb,20210901,2798278.57143
srb,20210902,2802048.71429
srb,20210905,2806191.85714
srb,20210906,2810392.14286
srb,20210907,2814259.57143
srb,20210908,2818436.71429
srb,20210909,2822431.57143
srb,20210912,2826550.28571
srb,20210914,2831309.85714
srb,20210916,2836167.42857
srb,20210918,2841414.28571
srb,20210919,2846359.28571
srb,20210921,2852101.42857
srb,20210922,2857940.28571
srb,20210923,2863237.42857
srb,20210924,2868068.71429
srb,20210926,2872389.28571
srb,20210928,2877155.57143
srb,20210929,2882398
srb,20210930,2886985
srb,20211002,2892228.71429
srb,20211005,2898545
srb,20211006,2904915.57143
srb,20211007,2911355.85714
srb,20211012,2917040.14286
srb,20211019,2923290
srb,20211023,2934780.14286
srb,20211024,2945278.14286
srb,20211026,2955174
srb,20211029,2965893.42857
srb,20211030,2976373.57143
srb,20211101,2986904.42857
srb,20211102,2996729
srb,20211103,3001202.71429
srb,20211105,3006505.85714
srb,20211107,3011444.85714
srb,20211108,3015551.85714
srb,20211109,3019890.85714
srb,20211114,3026379.14286
srb,20211118,3035550.14286
srb,20211119,3045050.71429
srb,20211122,3054917.57143
srb,20211123,3064830.71429
srb,20211124,3074673.42857
srb,20211127,3085647.57143
srb,20211128,3094122.42857
srb,20211129,3100325.71429
srb,20211130,3106540.71429
srb,20211202,3112533
srb,20211203,3118607.85714
srb,20211206,3125459.85714
srb,20211207,3131180.71429
srb,20211208,3137190.71429
srb,20211209,3142809.28571
srb,20211212,3148737.71429
srb,20211214,3154529.71429
srb,20211222,3162578.71429
srb,20211226,3170547.71429
srb,20211228,3178757.28571
srb,20220101,3188336.42857
srb,20220109,3197678
srb,20220114,3206887.42857
srb,20220116,3215524.14286
srb,20220118,3221576.28571
srb,20220119,3226517.85714
srb,20220123,3231045.28571
srb,20220127,3234173.71429
srb,20220130,3237243.42857
srb,20220131,3239486.85714
srb,20220202,3241566.28571
srb,20220203,3243341.85714
srb,20220207,3245394.28571
srb,20220209,3247328.57143
srb,20220211,3248974.85714
srb,20220213,3250529.14286
srb,20220214,3252053.42857
srb,20220216,3253361.28571
srb,20220220,3254955.57143
srb,20220223,3256420.42857
srb,20220224,3257705.28571
srb,20220228,3259015.71429
srb,20220301,3260273.14286
srb,20220306,3261655.57143
srb,20220309,3263114.42857
srb,20220310,3264221.42857
srb,20220321,3265355.28571
srb,20220322,3266443
ssd,20210614,1513
ssd,20210620,1792.5
ssd,20210624,1898.33333
ssd,20210628,2112.25
ssd,20210705,2367.2
ssd,20210713,2696.66667
ssd,20210719,2991.85714
ssd,20210830,3456.14286
ssd,20210906,4119.85714
ssd,20210908,5522.28571
ssd,20210919,8969.42857
ssd,20210922,12549.57143
ssd,20210923,16150.85714
ssd,20211001,19906.57143
ssd,20211008,23790.71429
ssd,20211011,27511.14286
ssd,20211017,30922.85714
ssd,20211020,32543.85714
ssd,20211021,34001.71429
ssd,20211025,35831.42857
ssd,20211027,37811.28571
ssd,20211029,40322.71429
ssd,20211105,43582.42857
ssd,20211106,47000.71429
ssd,20211109,51025.71429
ssd,20211123,64548.85714
ssd,20211206,83131.71429
ssd,20211212,102061.28571
ssd,20211215,120924.85714
ssd,20220109,141519.28571
ssd,20220115,162618
ssd,20220123,185412
ssd,20220131,201780.14286
ssd,20220205,216740.85714
ssd,20220220,253122.57143
stp,20210526,2135
stp,20210531,4324.5
stp,20210608,6434
stp,20210610,7643
stp,20210712,8420.8
stp,20210719,8969.16667
stp,20210726,9383.57143
stp,20210803,10774.42857
stp,20210816,11540
stp,20210901,11715.42857
stp,20210906,11806.42857
stp,20210910,11882.71429
stp,20210917,12223.28571
stp,20210921,13125.71429
stp,20210924,14589.85714
stp,20211002,16636.14286
stp,20211009,18869
stp,20211013,21133
stp,20211015,23392.57143
stp,20211029,25449.42857
stp,20211110,26931.42857
stp,20211121,28342.14286
stp,20211126,30038.85714
stp,20211207,32872.85714
stp,20211209,35897.57143
stp,20211213,39230.85714
stp,20220117,43932.57143
stp,20220301,50990.85714
stp,20220307,57795.71429
sur,20210504,82
sur,20210507,167
sur,20210508,278.66667
sur,20210511,392
sur,20210513,513.2
sur,20210515,696.33333
sur,20210517,890.14286
sur,20210519,1239.14286
sur,20210520,1842.28571
sur,20210521,2547.57143
sur,20210523,3765
sur,20210525,5163.42857
sur,20210526,6635.85714
sur,20210528,8234.57143
sur,20210529,9945.57143
sur,20210601,11584.71429
sur,20210602,13260.85714
sur,20210603,14604
sur,20210605,16085.14286
sur,20210606,17419
sur,20210607,18589.28571
sur,20210608,19611.57143
sur,20210609,20500.57143
sur,20210612,21661.28571
sur,20210613,22700.85714
sur,20210614,23434.57143
sur,20210615,24187.85714
sur,20210616,25169.28571
sur,20210618,26422.57143
sur,20210620,27688.42857
sur,20210621,28559.71429
sur,20210623,29517
sur,20210624,30509.42857
sur,20210625,31603.14286
sur,20210627,32488.57143
sur,20210628,33140.28571
sur,20210630,33839.42857
sur,20210701,34525.42857
sur,20210702,35142.71429
sur,20210704,35739.28571
sur,20210705,36264.42857
sur,20210706,36836.28571
sur,20210707,37449.85714
sur,20210709,38127.14286
sur,20210711,38801.85714
sur,20210712,39504.42857
sur,20210714,40470
sur,20210715,41522.85714
sur,20210716,42709.14286
sur,20210717,43838.28571
sur,20210718,44825.57143
sur,20210719,45896.71429
sur,20210720,46882
sur,20210721,47654.14286
sur,20210722,48381.71429
sur,20210723,49064.28571
sur,20210724,49753.14286
sur,20210725,50437.71429
sur,20210726,51108
sur,20210727,51925.71429
sur,20210728,52812
sur,20210729,53720.57143
sur,20210730,54648
sur,20210801,55744.28571
sur,20210802,57007.57143
sur,20210803,58451.42857
sur,20210804,59978
sur,20210805,61525.85714
sur,20210806,62958.28571
sur,20210807,64460.71429
sur,20210808,66129.71429
sur,20210809,67874.28571
sur,20210810,69438.85714
sur,20210811,70888.42857
sur,20210812,72283
sur,20210813,74100.42857
sur,20210814,76123.57143
sur,20210815,78052.42857
sur,20210816,79984.28571
sur,20210817,82136.42857
sur,20210818,84353.42857
sur,20210819,86792.28571
sur,20210820,89365.14286
sur,20210821,92356.71429
sur,20210822,95049.42857
sur,20210823,98488.14286
sur,20210824,102116.71429
sur,20210825,105794.14286
sur,20210826,109742
sur,20210827,113612.28571
sur,20210828,117232.14286
sur,20210829,121246
sur,20210830,124400.42857
sur,20210831,127264.57143
sur,20210901,130161.57143
sur,20210902,132707.71429
sur,20210903,135059.28571
sur,20210904,137087.71429
sur,20210905,138995
sur,20210906,140910.14286
sur,20210907,142905.85714
sur,20210908,144840.14286
sur,20210909,146650.28571
sur,20210910,148385.28571
sur,20210911,149847.71429
sur,20210912,151174.71429
sur,20210913,152455.42857
sur,20210914,153566.42857
sur,20210915,154585.85714
sur,20210916,155718.14286
sur,20210917,156657.42857
sur,20210919,157644.28571
sur,20210920,158530.71429
sur,20210921,159572.71429
sur,20210922,160674.14286
sur,20210923,161760
sur,20210924,162799.57143
sur,20210925,163888.57143
sur,20210927,165048.42857
sur,20210928,166313.42857
sur,20210929,167373.85714
sur,20210930,168528
sur,20211001,169699.42857
sur,20211002,170651.28571
sur,20211004,171666
sur,20211005,172673.28571
sur,20211006,173681.85714
sur,20211007,174737.42857
sur,20211008,175629.28571
sur,20211009,176399.42857
sur,20211010,177353.42857
sur,20211012,178297.28571
sur,20211013,179275.57143
sur,20211014,180197.57143
sur,20211015,181232.42857
sur,20211018,182362.85714
sur,20211019,183804.28571
sur,20211020,185212.85714
sur,20211021,186698.71429
sur,20211022,188285.28571
sur,20211023,189864.57143
sur,20211024,191330.42857
sur,20211025,192631.71429
sur,20211026,193766.85714
sur,20211027,194872.57143
sur,20211028,195956.57143
sur,20211030,196881
sur,20211031,197907
sur,20211101,198876.42857
sur,20211102,199897.85714
sur,20211103,200859.42857
sur,20211104,201717.85714
sur,20211106,202633.85714
sur,20211107,203483.85714
sur,20211108,204226
sur,20211109,204988.28571
sur,20211110,205757.42857
sur,20211111,206537.14286
sur,20211112,207439.71429
sur,20211113,208104.28571
sur,20211115,208923.57143
sur,20211117,209826.14286
sur,20211118,210698.14286
sur,20211119,211634.71429
sur,20211120,212448.28571
sur,20211121,213249.85714
sur,20211122,214070.85714
sur,20211123,214750.57143
sur,20211125,215370.28571
sur,20211128,216079.14286
sur,20211129,216713
sur,20211201,217367.42857
sur,20211202,218081.85714
sur,20211205,218846.14286
sur,20211206,219602.57143
sur,20211207,220317
sur,20211208,220986.42857
sur,20211209,221586
sur,20211210,222174.14286
sur,20211211,222668.85714
sur,20211213,223150.14286
sur,20211216,223669.42857
sur,20211220,224262.57143
sur,20211222,224779
sur,20211223,225312
sur,20211227,225867.57143
sur,20211230,226457.14286
sur,20220103,227024.14286
sur,20220105,227547
sur,20220106,228015.28571
sur,20220108,228486
sur,20220112,229009.85714
sur,20220113,229519.28571
sur,20220118,229962.28571
sur,20220124,230468.14286
sur,20220127,230922.28571
sur,20220128,231384.57143
sur,20220201,231865.85714
sur,20220212,232392
sur,20220213,232903.57143
sur,20220220,233411.57143
sur,20220227,233931.14286
sur,20220306,234494
sur,20220313,235035.14286
sur,20220314,235513.57143
sur,20220318,235844.71429
sur,20220319,236196.57143
svk,20210117,2850
svk,20210124,6366
svk,20210131,15104.33333
svk,20210207,27332.5
svk,20210214,41231.8
svk,20210221,56901.16667
svk,20210228,74745.57143
svk,20210307,105681
svk,20210314,139167.57143
svk,20210321,171945.42857
svk,20210328,201295.28571
svk,20210404,229628.57143
svk,20210411,260775.85714
svk,20210418,297107.14286
svk,20210425,339553.14286
svk,20210502,389756.14286
svk,20210509,449077.85714
svk,20210516,519405.42857
svk,20210523,600385.42857
svk,20210530,692898.28571
svk,20210606,798519.85714
svk,20210613,920033.28571
svk,20210620,1057600.57143
svk,20210627,1205622.71429
svk,20210704,1358252.57143
svk,20210711,1509547.85714
svk,20210718,1650482.42857
svk,20210725,1776311.42857
svk,20210801,1884373.85714
svk,20210808,1973421
svk,20210815,2046443.71429
svk,20210822,2107829.42857
svk,20210829,2160398
svk,20210905,2207367.42857
svk,20210912,2247983.85714
svk,20210919,2282253.57143
svk,20210926,2310815
svk,20211003,2335515.57143
svk,20211010,2357183.42857
svk,20211017,2377016.57143
svk,20211024,2395182.85714
svk,20211031,2411946.14286
svk,20211107,2428443
svk,20211114,2445785.28571
svk,20211121,2464898
svk,20211128,2484477
svk,20211205,2504957.57143
svk,20211212,2527597
svk,20211219,2551192.42857
svk,20211226,2574727.28571
svk,20220102,2598204
svk,20220109,2621135.42857
svk,20220116,2643520.42857
svk,20220123,2664785.57143
svk,20220130,2683553.71429
svk,20220206,2700873.42857
svk,20220213,2716410.57143
svk,20220220,2729257.57143
svk,20220227,2739048.57143
svk,20220306,2747193.28571
svk,20220313,2753219.42857
svk,20220320,2757375.14286
svn,20210103,1
svn,20210104,1
svn,20210105,1
svn,20210106,1.25
svn,20210107,1.4
svn,20210108,1.66667
svn,20210109,1.85714
svn,20210110,2.14286
svn,20210111,2.42857
svn,20210112,2.71429
svn,20210113,3.14286
svn,20210114,3.71429
svn,20210115,25.28571
svn,20210116,46.85714
svn,20210117,68.57143
svn,20210118,114
svn,20210119,394.71429
svn,20210120,1219.14286
svn,20210121,2542.14286
svn,20210122,3986.28571
svn,20210123,5500.42857
svn,20210124,7033.71429
svn,20210125,8544
svn,20210126,10069.57143
svn,20210127,11745.14286
svn,20210128,13751.85714
svn,20210129,16195.42857
svn,20210130,18584.14286
svn,20210131,20953.85714
svn,20210201,23329.14286
svn,20210202,25611
svn,20210203,27866.57143
svn,20210204,30271.14286
svn,20210205,32858.57143
svn,20210206,35513
svn,20210207,38167.14286
svn,20210208,40815.14286
svn,20210209,43310.57143
svn,20210210,45242.14286
svn,20210211,46462.14286
svn,20210212,47178.42857
svn,20210213,47839.85714
svn,20210214,48503.57143
svn,20210215,49168.28571
svn,20210216,49839.42857
svn,20210217,50497
svn,20210218,50997.28571
svn,20210219,51326.14286
svn,20210220,51630.28571
svn,20210221,51932.28571
svn,20210222,52233.71429
svn,20210223,52525.85714
svn,20210224,52754.85714
svn,20210225,52901.14286
svn,20210226,53039
svn,20210227,53175.85714
svn,20210228,53312.57143
svn,20210301,53448.71429
svn,20210302,53584.71429
svn,20210303,53822.57143
svn,20210304,54699.71429
svn,20210305,56324.14286
svn,20210306,58032.14286
svn,20210307,59740.14286
svn,20210308,61504.71429
svn,20210309,63339.14286
svn,20210310,65755.42857
svn,20210311,68638.57143
svn,20210312,71436.28571
svn,20210313,74471.85714
svn,20210314,77507.42857
svn,20210315,80528.28571
svn,20210316,83589.85714
svn,20210317,86756.85714
svn,20210318,89995.85714
svn,20210319,93141.85714
svn,20210320,95990.71429
svn,20210321,98839.71429
svn,20210322,101648.14286
svn,20210323,104389.57143
svn,20210324,106690.71429
svn,20210325,108152.57143
svn,20210326,109303.28571
svn,20210327,110499.14286
svn,20210328,111695.28571
svn,20210329,112891.14286
svn,20210330,114088.14286
svn,20210331,115099.28571
svn,20210401,116128.71429
svn,20210402,117125.57143
svn,20210403,118055.57143
svn,20210404,118985.42857
svn,20210405,119914.28571
svn,20210406,120849.57143
svn,20210407,121597.71429
svn,20210408,122055.42857
svn,20210409,122452.57143
svn,20210410,122864.28571
svn,20210411,123277.57143
svn,20210412,123720.28571
svn,20210413,124222.42857
svn,20210414,125273.42857
svn,20210415,127668.28571
svn,20210416,130640.28571
svn,20210417,134115.42857
svn,20210418,137589.71429
svn,20210419,141088
svn,20210420,144684.71429
svn,20210421,149037.14286
svn,20210422,153654.71429
svn,20210423,158427.28571
svn,20210424,162744.14286
svn,20210425,167062.85714
svn,20210426,171329.28571
svn,20210427,175386.28571
svn,20210428,178823.42857
svn,20210429,182469.28571
svn,20210430,187266.42857
svn,20210501,192906.85714
svn,20210502,198853.14286
svn,20210503,205219.14286
svn,20210504,211985.85714
svn,20210505,219204
svn,20210506,226267.14286
svn,20210507,232436.28571
svn,20210508,238452
svn,20210509,244178.57143
svn,20210510,249681.85714
svn,20210511,255089.42857
svn,20210512,260196.71429
svn,20210513,264944.42857
svn,20210514,269706
svn,20210515,274332.42857
svn,20210516,279361.57143
svn,20210517,284925.85714
svn,20210518,290704.71429
svn,20210519,296796.42857
svn,20210520,302505.42857
svn,20210521,308804.14286
svn,20210522,315562.71429
svn,20210523,322164.42857
svn,20210524,328798
svn,20210525,335915.57143
svn,20210526,344048.28571
svn,20210527,354105.85714
svn,20210528,364359
svn,20210529,374517.42857
svn,20210530,384410.71429
svn,20210531,394123.57143
svn,20210601,404529.28571
svn,20210602,414850.85714
svn,20210603,425088.71429
svn,20210604,436302.14286
svn,20210605,447517.85714
svn,20210606,459123.57143
svn,20210607,470780.14286
svn,20210608,481858.57143
svn,20210609,492870.71429
svn,20210610,503567.71429
svn,20210611,513748.57143
svn,20210612,523897.85714
svn,20210613,533758.14286
svn,20210614,543546.14286
svn,20210615,552924.42857
svn,20210616,561809.42857
svn,20210617,570188.85714
svn,20210618,577505.42857
svn,20210619,584056.57143
svn,20210620,590708.28571
svn,20210621,597386.71429
svn,20210622,604472.57143
svn,20210623,612301.85714
svn,20210624,621197.71429
svn,20210625,628673.85714
svn,20210626,636495.42857
svn,20210627,644116.71429
svn,20210628,651890.42857
svn,20210629,660024
svn,20210630,667510.28571
svn,20210701,674309.28571
svn,20210702,682715.85714
svn,20210703,690758
svn,20210704,698801.14286
svn,20210705,706892.71429
svn,20210706,714466.71429
svn,20210707,721736.71429
svn,20210708,728216.14286
svn,20210709,734248.85714
svn,20210710,740198
svn,20210711,746164.28571
svn,20210712,751922
svn,20210713,757343.28571
svn,20210714,762380.57143
svn,20210715,767074.28571
svn,20210716,771452.28571
svn,20210717,775896.14286
svn,20210718,780321.57143
svn,20210719,784593.14286
svn,20210720,788722.85714
svn,20210721,792706.57143
svn,20210722,796313
svn,20210723,799819.42857
svn,20210724,803278.57143
svn,20210725,806738.85714
svn,20210726,810147
svn,20210727,813487.57143
svn,20210728,816776.28571
svn,20210729,820053.57143
svn,20210730,823331
svn,20210731,826675.71429
svn,20210801,830019.28571
svn,20210802,833412.28571
svn,20210803,836779.42857
svn,20210804,840127.14286
svn,20210805,843482.14286
svn,20210806,846854.14286
svn,20210807,850120.57143
svn,20210808,853408.28571
svn,20210809,856601
svn,20210810,859814
svn,20210811,862917.57143
svn,20210812,866018
svn,20210813,869115.42857
svn,20210814,872208.57143
svn,20210815,875284.71429
svn,20210816,878489.28571
svn,20210817,881823.71429
svn,20210818,885188.57143
svn,20210819,888476.14286
svn,20210820,891660.42857
svn,20210821,894860.14286
svn,20210822,898054.57143
svn,20210823,901174.14286
svn,20210824,904276.85714
svn,20210825,907310.57143
svn,20210826,910281.85714
svn,20210827,913198.28571
svn,20210828,916116
svn,20210829,919037
svn,20210830,921912.42857
svn,20210831,924643.57143
svn,20210901,927234.85714
svn,20210902,929763.57143
svn,20210903,932203.57143
svn,20210904,934606.42857
svn,20210905,937005.71429
svn,20210906,939413
svn,20210907,941938.14286
svn,20210908,944636.42857
svn,20210909,947418.85714
svn,20210910,950335.71429
svn,20210911,953314.14286
svn,20210912,956292.71429
svn,20210913,959436.57143
svn,20210914,962885.85714
svn,20210915,966638.28571
svn,20210916,970931.71429
svn,20210917,975592.42857
svn,20210918,980476.71429
svn,20210919,985468.42857
svn,20210920,990320.14286
svn,20210921,994741
svn,20210922,998683
svn,20210923,1002112.85714
svn,20210924,1005310.42857
svn,20210925,1008319.57143
svn,20210926,1011285.57143
svn,20210927,1014286.71429
svn,20210928,1017485.57143
svn,20210929,1020740.14286
svn,20210930,1023883.85714
svn,20211001,1026822.14286
svn,20211002,1029693.42857
svn,20211003,1032503.14286
svn,20211004,1035427.14286
svn,20211005,1038625.71429
svn,20211006,1042257.85714
svn,20211007,1046634.57143
svn,20211008,1051597.85714
svn,20211009,1056690.71429
svn,20211010,1061810.42857
svn,20211011,1067055.71429
svn,20211012,1072095.57143
svn,20211013,1076784.85714
svn,20211014,1080855.57143
svn,20211015,1084307.71429
svn,20211016,1087596.42857
svn,20211017,1090859.57143
svn,20211018,1093750.42857
svn,20211019,1096310
svn,20211020,1098615.14286
svn,20211021,1100581.14286
svn,20211022,1102308.71429
svn,20211023,1104026
svn,20211024,1105739.14286
svn,20211025,1107328.71429
svn,20211026,1108833.71429
svn,20211027,1110197
svn,20211028,1111382.28571
svn,20211029,1112419.42857
svn,20211030,1113445.71429
svn,20211031,1114472
svn,20211101,1115347.71429
svn,20211102,1116203.42857
svn,20211103,1117053.71429
svn,20211104,1117842.42857
svn,20211105,1118651.28571
svn,20211106,1119481.28571
svn,20211107,1120329.57143
svn,20211108,1121311
svn,20211109,1122231.14286
svn,20211110,1123168.28571
svn,20211111,1124108.85714
svn,20211112,1125085.42857
svn,20211113,1126076.85714
svn,20211114,1127060.28571
svn,20211115,1128038.28571
svn,20211116,1129034.42857
svn,20211117,1130047.85714
svn,20211118,1131094.71429
svn,20211119,1132153
svn,20211120,1133213
svn,20211121,1134275.57143
svn,20211122,1135278.28571
svn,20211123,1136312.71429
svn,20211124,1137352.28571
svn,20211125,1138416.28571
svn,20211126,1139534.14286
svn,20211127,1140678.85714
svn,20211128,1141822
svn,20211129,1143126.14286
svn,20211130,1144487
svn,20211201,1145924.85714
svn,20211202,1147464.57143
svn,20211203,1149096.14286
svn,20211204,1150719.14286
svn,20211205,1152351.42857
svn,20211206,1154025.28571
svn,20211207,1155739.14286
svn,20211208,1157504.14286
svn,20211209,1159272.14286
svn,20211210,1161063.14286
svn,20211211,1162855.14286
svn,20211212,1164638.57143
svn,20211213,1166339.71429
svn,20211214,1167950.85714
svn,20211215,1169477.85714
svn,20211216,1170872
svn,20211217,1172119
svn,20211218,1173334.85714
svn,20211219,1174619.85714
svn,20211220,1175948.14286
svn,20211221,1177322.28571
svn,20211222,1178695.28571
svn,20211223,1180078.28571
svn,20211224,1181285.42857
svn,20211225,1182447.71429
svn,20211226,1183533.71429
svn,20211227,1184505.28571
svn,20211228,1185398.42857
svn,20211229,1186169.57143
svn,20211230,1186768.57143
svn,20211231,1187315
svn,20220101,1187861.42857
svn,20220102,1188405.42857
svn,20220103,1188955
svn,20220104,1189464.85714
svn,20220105,1190018.85714
svn,20220106,1190651.42857
svn,20220107,1191434.85714
svn,20220108,1192247.14286
svn,20220109,1193064
svn,20220110,1193899.42857
svn,20220111,1194775.14286
svn,20220112,1195648.28571
svn,20220113,1196641.14286
svn,20220114,1197708.42857
svn,20220115,1198859.14286
svn,20220116,1200007
svn,20220117,1201069.42857
svn,20220118,1202064.85714
svn,20220119,1202997.28571
svn,20220120,1203740.85714
svn,20220121,1204323.85714
svn,20220122,1204806.42857
svn,20220123,1205286.42857
svn,20220124,1205758.85714
svn,20220125,1206207.71429
svn,20220126,1206654.57143
svn,20220127,1207088.71429
svn,20220128,1207554.42857
svn,20220129,1208021.42857
svn,20220130,1208490.85714
svn,20220131,1208968.85714
svn,20220201,1209460
svn,20220202,1209966.57143
svn,20220203,1210482.57143
svn,20220204,1210989.28571
svn,20220205,1211503.85714
svn,20220206,1212016.14286
svn,20220207,1212522
svn,20220208,1212942.57143
svn,20220209,1213346.85714
svn,20220210,1213746.42857
svn,20220211,1214113
svn,20220212,1214469.71429
svn,20220213,1214826
svn,20220214,1215167.28571
svn,20220215,1215555.85714
svn,20220216,1215901.71429
svn,20220217,1216185
svn,20220218,1216437.57143
svn,20220219,1216684.57143
svn,20220220,1216930.57143
svn,20220221,1217153.28571
svn,20220222,1217343.14286
svn,20220223,1217505
svn,20220224,1217641.71429
svn,20220225,1217755.28571
svn,20220226,1217864
svn,20220227,1217973.28571
svn,20220228,1218078.57143
svn,20220301,1218180.85714
svn,20220302,1218274.71429
svn,20220303,1218361.28571
svn,20220304,1218439.14286
svn,20220305,1218517.85714
svn,20220306,1218595.85714
svn,20220307,1218673.85714
svn,20220308,1218758.85714
svn,20220309,1218844.71429
svn,20220310,1218929.71429
svn,20220311,1219009.14286
svn,20220312,1219088.71429
svn,20220313,1219168.28571
svn,20220314,1219245.14286
svn,20220315,1219312.85714
svn,20220316,1219375.85714
svn,20220317,1219431.14286
svn,20220318,1219484.71429
svn,20220319,1219537
svn,20220320,1219589.71429
svn,20220321,1219643.85714
svn,20220322,1219696.14286
svn,20220323,1219747.71429
svn,20220324,1219799
svn,20220325,1219849.57143
swe,20210117,73
swe,20210124,4593.5
swe,20210131,13320.33333
swe,20210207,30387.75
swe,20210214,53955
swe,20210221,83186.5
swe,20210228,111634
swe,20210307,157124.85714
swe,20210314,206626.71429
swe,20210321,260593.14286
swe,20210328,316845.71429
swe,20210404,373125.28571
swe,20210411,431031.85714
swe,20210418,490723.42857
swe,20210425,550625.14286
swe,20210502,609095.85714
swe,20210509,676420.71429
swe,20210516,755207.85714
swe,20210523,853704.85714
swe,20210530,980206.57143
swe,20210606,1149970.57143
swe,20210613,1373140.42857
swe,20210620,1659535.42857
swe,20210627,1979251
swe,20210704,2324004.85714
swe,20210711,2669573.14286
swe,20210718,2996794.85714
swe,20210725,3300729.14286
swe,20210801,3582982.71429
swe,20210808,3840422.57143
swe,20210815,4096282.28571
swe,20210822,4365254
swe,20210829,4659496
swe,20210905,4973533.14286
swe,20210912,5289342.57143
swe,20210919,5593247.28571
swe,20210926,5873602.42857
swe,20211003,6121379.85714
swe,20211010,6320875.42857
swe,20211017,6473702.28571
swe,20211024,6590725.14286
swe,20211031,6683486.85714
swe,20211107,6755536.42857
swe,20211114,6816664.14286
swe,20211121,6871498.42857
swe,20211128,6926455
swe,20211205,6982907.85714
swe,20211212,7042639.14286
swe,20211219,7104589.71429
swe,20211226,7165804.28571
swe,20220102,7221693
swe,20220109,7272163.14286
swe,20220116,7319284.42857
swe,20220123,7362498.85714
swe,20220130,7399394.14286
swe,20220206,7430244.28571
swe,20220213,7460362.85714
swe,20220220,7490419.14286
swe,20220227,7518576
swe,20220306,7540346.42857
swe,20220313,7556848.85714
swe,20220318,7571676.71429
swe,20220322,7583936.85714
swe,20220323,7593308.42857
swe,20220324,7600401
swe,20220325,7605684.57143
swz,20210623,8078
swz,20210625,8923
swz,20210626,9412.66667
swz,20210706,9840.5
swz,20210707,10651
swz,20210714,12554.5
swz,20210718,14369
swz,20210721,17120.85714
swz,20210802,19678.85714
swz,20210803,22860.71429
swz,20210804,26767.14286
swz,20210805,31417.14286
swz,20210806,36004.42857
swz,20210807,40136.85714
swz,20210809,45167
swz,20210810,51080.57143
swz,20210811,57347
swz,20210812,64010.71429
swz,20210813,70766.14286
swz,20210814,77329.42857
swz,20210815,84232.42857
swz,20210816,89974.85714
swz,20210817,95764.42857
swz,20210905,109306.57143
swz,20210908,121859.42857
swz,20210919,136086.14286
swz,20210922,150299.71429
swz,20210924,164485.28571
swz,20210929,179868.57143
swz,20211010,195602.85714
swz,20211011,203276.71429
swz,20211017,211346.85714
swz,20211024,216894
swz,20211029,221999.57143
swz,20211101,227174.71429
swz,20211108,231414
swz,20211111,235681.28571
swz,20211124,240784.28571
swz,20211203,247212.57143
swz,20211208,254460.85714
swz,20211214,262561.28571
swz,20211216,270751.57143
swz,20211223,279242.14286
swz,20211228,286618.71429
swz,20220103,292553.14286
swz,20220105,297316.42857
swz,20220108,301382.28571
swz,20220110,304199.28571
swz,20220113,307114
swz,20220117,310235.57143
swz,20220123,314158.14286
swz,20220125,318132.85714
swz,20220201,321994.85714
swz,20220212,325526.14286
swz,20220221,328995.28571
swz,20220309,331895.57143
swz,20220314,333991.85714
sxm,20210507,9956
sxm,20210514,10386.5
sxm,20210521,10717.33333
sxm,20210528,11045.75
sxm,20210604,11530
sxm,20210611,12024.66667
sxm,20210618,12571.28571
sxm,20210625,13600.42857
sxm,20210702,14599.57143
sxm,20210709,15683
sxm,20210716,16770.28571
sxm,20210723,17726
sxm,20210730,18669.71429
sxm,20210806,19541.28571
sxm,20210809,20235.14286
sxm,20210813,20874.57143
sxm,20210820,21398.57143
sxm,20210827,21861.28571
sxm,20210903,22287.14286
sxm,20210910,22610.28571
sxm,20210917,22829.57143
sxm,20210924,23054.14286
sxm,20211001,23273
sxm,20211008,23477
sxm,20211015,23651.28571
sxm,20211022,23801.57143
sxm,20211029,23939.14286
sxm,20211105,24072.57143
sxm,20211112,24204.85714
sxm,20211119,24328.14286
sxm,20211129,24437.42857
sxm,20211203,24554.57143
sxm,20211210,24671.42857
sxm,20211217,24782.85714
sxm,20211223,24888.85714
sxm,20220107,24998.71429
sxm,20220114,25096.85714
sxm,20220121,25184.28571
sxm,20220128,25267.14286
sxm,20220211,25363
sxm,20220218,25458.28571
sxm,20220225,25556.14286
sxm,20220311,25640.14286
syc,20210203,5
syc,20210206,795.5
syc,20210208,1857
syc,20210209,3067.75
syc,20210210,4521.2
syc,20210211,6078.83333
syc,20210213,7236.28571
syc,20210215,9584.28571
syc,20210216,11954.28571
syc,20210217,14173.14286
syc,20210218,16168.14286
syc,20210219,17777.28571
syc,20210221,18881.85714
syc,20210223,20196
syc,20210225,21207.14286
syc,20210227,21974.71429
syc,20210301,22648.71429
syc,20210303,23211.14286
syc,20210304,23642.71429
syc,20210308,24352.42857
syc,20210310,24854.42857
syc,20210311,25356.85714
syc,20210315,25913
syc,20210318,26407.71429
syc,20210323,27374.85714
syc,20210324,28627.85714
syc,20210330,30099.14286
syc,20210401,31679.57143
syc,20210406,33454.42857
syc,20210410,35714
syc,20210413,38321.28571
syc,20210419,41057.28571
syc,20210423,44096.85714
syc,20210426,47008.57143
syc,20210428,49942.71429
syc,20210429,52757
syc,20210503,55102.28571
syc,20210505,57168.42857
syc,20210512,58716.42857
syc,20210515,59711.14286
syc,20210518,60395
syc,20210525,61185.42857
syc,20210602,62144.42857
syc,20210610,63125.42857
syc,20210618,64069.57143
syc,20210624,64918.85714
syc,20210630,65781.57143
syc,20210705,66653
syc,20210722,67299.28571
syc,20210809,67847.85714
syc,20210916,68497.57143
syc,20211015,69606.42857
syc,20211025,70875.42857
syc,20211026,72105.85714
syc,20211103,73328.85714
syc,20211108,74506.42857
syc,20211115,75603
syc,20211117,76513.85714
syc,20211123,76946.85714
syc,20211129,77198.71429
syc,20211210,77474.57143
syc,20211217,77694.85714
syc,20211228,77904.42857
syc,20220118,78077.14286
syc,20220215,78390.28571
syc,20220222,78677.57143
syc,20220301,78959
syc,20220318,79226.85714
syr,20210621,5957
syr,20210709,7634.5
syr,20210830,72216
syr,20210913,116377.5
syr,20210929,157357.2
syr,20211012,199031.83333
syr,20211025,229855.57143
syr,20211031,300918
syr,20211115,404191.14286
syr,20211128,481024.14286
syr,20211212,554476
syr,20211219,619274.57143
syr,20211221,672731.42857
syr,20220103,739685.71429
syr,20220115,800975.42857
syr,20220212,862532.71429
syr,20220219,924342.42857
syr,20220221,990961.42857
syr,20220301,1061569.57143
syr,20220315,1137847.71429
tca,20210329,10000
tca,20210411,10000
tca,20210516,10000
tca,20210528,11352.5
tca,20210618,12164
tca,20210702,13719.33333
tca,20210716,14900.57143
tca,20210723,16714.28571
tca,20210813,18640.85714
tca,20210903,20679.28571
tca,20210910,21994.71429
tca,20210917,23354.42857
tca,20211008,24013.85714
tca,20211105,24748.85714
tca,20220204,25622.42857
tca,20220211,26383.14286
tca,20220218,27063.57143
tca,20220225,27712.42857
tca,20220311,28339.42857
tcd,20210705,3684
tcd,20210707,4098
tcd,20210715,4723.66667
tcd,20210721,5350
tcd,20210729,5787
tcd,20210805,6432.83333
tcd,20210812,7065.71429
tcd,20210819,8234.42857
tcd,20210828,9686
tcd,20210830,11013.71429
tcd,20210909,12239.71429
tcd,20210915,13718.42857
tcd,20210919,15886.57143
tcd,20210926,18536.57143
tcd,20210929,21215.28571
tcd,20211006,23918.14286
tcd,20211011,26977.14286
tcd,20211013,30518
tcd,20211017,34316.85714
tcd,20211024,39089.28571
tcd,20211031,43466
tcd,20211103,47836.57143
tcd,20211107,52154.71429
tcd,20211110,56237.71429
tcd,20211114,60021
tcd,20211121,63741.42857
tcd,20211127,65824
tcd,20211205,68174.57143
tcd,20211212,70953.57143
tcd,20220116,78994.28571
tcd,20220130,89120
tcd,20220204,99373.42857
tcd,20220218,109649.28571
tcd,20220304,120337.28571
tcd,20220311,131156.42857
tgo,20210531,41154
tgo,20210608,44518
tgo,20210610,55166
tgo,20210719,78857
tgo,20210803,93813
tgo,20210820,107947.66667
tgo,20210905,126482.57143
tgo,20210917,176000.71429
tgo,20210924,226609.14286
tgo,20211001,273533.42857
tgo,20211008,310585.85714
tgo,20211015,348604.57143
tgo,20211029,386820.71429
tgo,20211105,418880.57143
tgo,20211112,432375.85714
tgo,20211119,447631.42857
tgo,20211126,470903.14286
tgo,20211203,505157.71429
tgo,20211210,560915
tgo,20211217,629787
tgo,20211224,706225.85714
tgo,20211231,783172.14286
tgo,20220107,859135.57143
tgo,20220114,928970.14286
tgo,20220121,989870.71429
tgo,20220304,1037782.71429
tgo,20220311,1070233.42857
tha,20210324,5862
tha,20210330,17463
tha,20210401,24111
tha,20210402,28637.25
tha,20210403,31387.8
tha,20210404,33412.5
tha,20210405,35358
tha,20210406,41611.28571
tha,20210407,45308.42857
tha,20210408,48602.14286
tha,20210409,52154
tha,20210410,56018.14286
tha,20210411,59978.85714
tha,20210412,63734
tha,20210413,67152
tha,20210415,70099.42857
tha,20210416,73094.57143
tha,20210417,75199.71429
tha,20210418,77088.14286
tha,20210419,80391.57143
tha,20210420,85298.14286
tha,20210421,91678.42857
tha,20210422,99559.42857
tha,20210423,110926.14286
tha,20210424,124242.42857
tha,20210425,137785.85714
tha,20210426,154965.71429
tha,20210427,173978.57143
tha,20210428,197793.14286
tha,20210429,227095.28571
tha,20210430,258645.57143
tha,20210501,288884.71429
tha,20210502,318882.57143
tha,20210503,344297.14286
tha,20210504,370262.57143
tha,20210505,391575.28571
tha,20210506,407956.14286
tha,20210507,420232.85714
tha,20210508,432140.14286
tha,20210509,450141.14286
tha,20210510,470129.14286
tha,20210511,490277.85714
tha,20210512,520437.71429
tha,20210513,557262.85714
tha,20210516,602094.42857
tha,20210517,652081.14286
tha,20210518,701569.42857
tha,20210519,752967
tha,20210520,804148.85714
tha,20210521,849423.57143
tha,20210522,886346.28571
tha,20210523,913131
tha,20210524,936020.85714
tha,20210525,954556
tha,20210526,969115.42857
tha,20210527,984247
tha,20210528,1002256.42857
tha,20210529,1020508.42857
tha,20210530,1040773.28571
tha,20210531,1061513
tha,20210601,1086188.42857
tha,20210603,1120426.85714
tha,20210604,1162787.14286
tha,20210605,1199500.57143
tha,20210606,1237862
tha,20210607,1277872.71429
tha,20210608,1322062.57143
tha,20210609,1367106.28571
tha,20210610,1408504
tha,20210611,1449727.85714
tha,20210612,1489619.28571
tha,20210613,1531498.85714
tha,20210614,1582655
tha,20210615,1639496.71429
tha,20210616,1698264.71429
tha,20210617,1761625.14286
tha,20210618,1823929.28571
tha,20210619,1892019.28571
tha,20210620,1962991.85714
tha,20210621,2031381.42857
tha,20210622,2098699.28571
tha,20210623,2169251.85714
tha,20210624,2238385.14286
tha,20210625,2309414.57143
tha,20210626,2377733
tha,20210627,2442967.71429
tha,20210628,2509760
tha,20210629,2575291.85714
tha,20210630,2637284.42857
tha,20210701,2696074.14286
tha,20210702,2751217.57143
tha,20210703,2804136.42857
tha,20210704,2856055.42857
tha,20210705,2904765
tha,20210706,2950509.14286
tha,20210707,2994586.85714
tha,20210708,3039335.85714
tha,20210709,3084079.28571
tha,20210710,3127771.14286
tha,20210711,3169872.85714
tha,20210712,3208856.14286
tha,20210713,3245972
tha,20210714,3280970.42857
tha,20210715,3312768.85714
tha,20210716,3339559.28571
tha,20210717,3366379.28571
tha,20210718,3392192.28571
tha,20210719,3416546.85714
tha,20210720,3440830.28571
tha,20210721,3465895
tha,20210722,3492370.57143
tha,20210723,3520868.14286
tha,20210724,3549392.28571
tha,20210725,3578605.57143
tha,20210726,3605751.14286
tha,20210727,3634352
tha,20210728,3661056.14286
tha,20210729,3689982.57143
tha,20210730,3721276.71429
tha,20210731,3755570.85714
tha,20210801,3792492.14286
tha,20210802,3838435.42857
tha,20210803,3891716
tha,20210804,3955422.14286
tha,20210805,4025540.28571
tha,20210806,4104864.57143
tha,20210807,4184166
tha,20210808,4262797.71429
tha,20210809,4344940.14286
tha,20210810,4431557.14286
tha,20210811,4524119.85714
tha,20210812,4606681.14286
tha,20210813,4696230.42857
tha,20210815,4792131.57143
tha,20210816,4901602.42857
tha,20210817,5018078.28571
tha,20210818,5134057.14286
tha,20210819,5259565.57143
tha,20210820,5411796.14286
tha,20210821,5552403.57143
tha,20210822,5688907.42857
tha,20210823,5832100.85714
tha,20210824,5978366.71429
tha,20210825,6134495.71429
tha,20210826,6299479.14286
tha,20210827,6485301.14286
tha,20210828,6666739
tha,20210829,6850359.71429
tha,20210830,7071854.28571
tha,20210901,7330027.57143
tha,20210902,7628300.42857
tha,20210903,7955831.14286
tha,20210904,8309756
tha,20210905,8679968.28571
tha,20210906,9069148.85714
tha,20210907,9454056.28571
tha,20210908,9837949.28571
tha,20210909,10207649
tha,20210910,10561677.14286
tha,20210911,10899505.85714
tha,20210912,11238311.57143
tha,20210913,11564450
tha,20210914,11895933.14286
tha,20210915,12233141
tha,20210916,12590368.28571
tha,20210917,12969653.85714
tha,20210918,13340230.71429
tha,20210919,13728845.85714
tha,20210920,14123193.57143
tha,20210921,14493531.28571
tha,20210922,14870488.71429
tha,20211005,15926069.71429
tha,20211006,16970344.14286
tha,20211007,18020064.28571
tha,20211008,19089906.57143
tha,20211009,20208655.28571
tha,20211010,21304010.14286
tha,20211011,22375700.71429
tha,20211012,22752021.57143
tha,20211013,23135845.85714
tha,20211014,23492532.28571
tha,20211015,23857127.57143
tha,20211016,24191168.57143
tha,20211017,24586832.28571
tha,20211018,24964201
tha,20211019,25346776
tha,20211020,25729218.71429
tha,20211021,26143972
tha,20211022,26538514.85714
tha,20211023,26941157.85714
tha,20211024,27291295.57143
tha,20211025,27624146.71429
tha,20211026,27944058.42857
tha,20211027,28252039.28571
tha,20211028,28546851.71429
tha,20211029,28847966.57143
tha,20211030,29177007.28571
tha,20211031,29529469.28571
tha,20211101,29892139
tha,20211102,30253665.14286
tha,20211103,30627195.71429
tha,20211104,31020621.42857
tha,20211105,31426912.42857
tha,20211106,31834685
tha,20211107,32259810.85714
tha,20211108,32688570.57143
tha,20211109,33116537.42857
tha,20211110,33549461
tha,20211111,33985695.42857
tha,20211112,34424931.57143
tha,20211113,34856098.28571
tha,20211114,35253935.57143
tha,20211115,35674392
tha,20211116,36084990.71429
tha,20211117,36480200
tha,20211118,36860559.14286
tha,20211120,37294249.14286
tha,20211121,37697068.57143
tha,20211122,38082579.28571
tha,20211123,38446584.57143
tha,20211124,38819402.28571
tha,20211125,39180656.14286
tha,20211126,39503959.42857
tha,20211127,39775526.42857
tha,20211128,40041561.42857
tha,20211129,40305979.71429
tha,20211201,40695685.57143
tha,20211202,41073775.28571
tha,20211203,41444324.71429
tha,20211204,41801111.57143
tha,20211205,42086202.71429
tha,20211206,42343784.57143
tha,20211207,42617100.14286
tha,20211208,42761449.42857
tha,20211209,42905789.57143
tha,20211210,43035312.57143
tha,20211211,43162819
tha,20211212,43289895
tha,20211213,43439575.42857
tha,20211214,43583209.71429
tha,20211215,43727562.28571
tha,20211216,43861630
tha,20211217,44003039
tha,20211218,44147118.14286
tha,20211219,44290846.71429
tha,20211220,44428688.85714
tha,20211221,44565722.42857
tha,20211222,44702372.14286
tha,20211223,44842761.42857
tha,20211224,44986427.28571
tha,20211225,45128989.28571
tha,20211226,45271565.28571
tha,20211227,45423178.85714
tha,20211228,45580886.71429
tha,20211229,45738089.28571
tha,20211230,45883030.57143
tha,20211231,45992616.42857
tha,20220101,46095676.42857
tha,20220102,46195040
tha,20220103,46264921.14286
tha,20220104,46323504
tha,20220105,46380531.71429
tha,20220106,46446973.14286
tha,20220107,46541596.57143
tha,20220108,46639741.85714
tha,20220109,46739666
tha,20220110,46857569.14286
tha,20220111,46974821.71429
tha,20220112,47085889.71429
tha,20220113,47190054.28571
tha,20220114,47290483.28571
tha,20220115,47389917.85714
tha,20220116,47488863.28571
tha,20220117,47582031.85714
tha,20220118,47673016
tha,20220119,47761238.28571
tha,20220120,47846188.85714
tha,20220121,47925699.71429
tha,20220122,48004462.14286
tha,20220123,48082767.14286
tha,20220124,48157606.14286
tha,20220125,48228850.85714
tha,20220126,48294962.57143
tha,20220127,48357816.28571
tha,20220128,48416711.28571
tha,20220129,48474779.71429
tha,20220130,48532430.42857
tha,20220131,48586615.42857
tha,20220201,48635741.71429
tha,20220202,48682451.71429
tha,20220203,48725515.14286
tha,20220204,48764183.42857
tha,20220205,48802858.57143
tha,20220206,48841447.14286
tha,20220207,48880182
tha,20220208,48920515.28571
tha,20220209,48960566.57143
tha,20220210,48999670.28571
tha,20220211,49038234.42857
tha,20220212,49076858
tha,20220213,49115580.85714
tha,20220214,49153555.14286
tha,20220215,49190142.28571
tha,20220216,49221376.85714
tha,20220217,49253177.85714
tha,20220218,49285059.42857
tha,20220219,49317070.14286
tha,20220220,49349207.42857
tha,20220221,49380354.71429
tha,20220222,49412177.28571
tha,20220223,49448856.14286
tha,20220224,49484175
tha,20220225,49517242
tha,20220226,49550177.71429
tha,20220227,49582973.85714
tha,20220228,49614327.85714
tha,20220301,49642240.42857
tha,20220302,49666914.71429
tha,20220303,49688442
tha,20220304,49706264
tha,20220305,49723636.28571
tha,20220306,49740806
tha,20220307,49756826.85714
tha,20220308,49772773.57143
tha,20220309,49788537.71429
tha,20220310,49804610.57143
tha,20220311,49821160.28571
tha,20220312,49837776.42857
tha,20220313,49854416.14286
tha,20220314,49870950.57143
tha,20220315,49887584.42857
tha,20220316,49904001.85714
tha,20220317,49920380
tha,20220318,49936720.42857
tha,20220319,49953134.14286
tha,20220320,49969516.42857
tha,20220321,49985990.14286
tha,20220322,50002449.28571
tha,20220323,50018901
tha,20220324,50035361.28571
tha,20220325,50050975.14286
tjk,20210530,12399
tjk,20210606,12973
tjk,20210613,13178.66667
tjk,20210620,13817.5
tjk,20210627,14659.8
tjk,20210702,15312.83333
tjk,20210704,15820.71429
tjk,20210706,16763.71429
tjk,20210707,17562.14286
tjk,20210709,18469.28571
tjk,20210711,19071.57143
tjk,20210716,19380.28571
tjk,20210718,19731.14286
tjk,20210721,20213.14286
tjk,20210725,21716.57143
tjk,20210728,24761.42857
tjk,20210801,29955.85714
tjk,20210804,38570.14286
tjk,20210811,54257.28571
tjk,20210815,69963.28571
tjk,20210817,97071.57143
tjk,20210823,144838.85714
tjk,20210831,253104.28571
tjk,20210905,385223
tjk,20210906,527630.14286
tjk,20210913,691664.42857
tjk,20210917,884454.57143
tjk,20210920,1077780.42857
tjk,20210927,1274464.28571
tjk,20211003,1431674
tjk,20211010,1578939
tjk,20211017,1716405.85714
tjk,20211020,1834772.57143
tjk,20211107,1928574.85714
tjk,20211114,2029413.71429
tjk,20211121,2125246.42857
tjk,20211128,2219017.42857
tjk,20211205,2301995
tjk,20211219,2405935
tjk,20211226,2518610.42857
tjk,20220102,2648777.71429
tjk,20220116,2809992
tjk,20220123,2980045
tjk,20220130,3152091.57143
tjk,20220206,3334793.42857
tjk,20220220,3526326.85714
tjk,20220306,3752586.85714
tkl,20211012,968
tkm,20210228,19506
tkm,20210829,1612894
tkm,20210905,2144023.33333
ton,20210720,6906
ton,20210727,8832
ton,20210802,12125.33333
ton,20210823,15538.5
ton,20210831,17885.6
ton,20210921,19484.16667
ton,20211005,20631.85714
ton,20211018,23966
ton,20211025,27208.85714
ton,20211101,29846.85714
ton,20211115,31779.85714
ton,20211122,34177.57143
ton,20211130,36681.14286
ton,20211206,39355.57143
ton,20211220,43124.42857
ton,20220104,47328.57143
ton,20220111,51187.71429
ton,20220118,54812.14286
ton,20220221,58388.42857
ton,20220228,62000
tto,20210504,196
tto,20210505,242
tto,20210506,321.33333
tto,20210507,392.25
tto,20210508,503
tto,20210509,576.83333
tto,20210510,651.57143
tto,20210511,792
tto,20210512,919.28571
tto,20210513,1019.14286
tto,20210514,1101.14286
tto,20210515,1134.42857
tto,20210516,1167.71429
tto,20210517,1179
tto,20210518,1179
tto,20210519,1179
tto,20210520,1179
tto,20210521,1179
tto,20210522,1179
tto,20210523,1179
tto,20210524,1179
tto,20210525,1179
tto,20210526,1179
tto,20210527,1179
tto,20210528,1179
tto,20210529,1179
tto,20210530,1179
tto,20210531,1179
tto,20210601,1179
tto,20210602,1179
tto,20210603,1179
tto,20210604,1179
tto,20210605,1179
tto,20210606,1179
tto,20210607,1343.14286
tto,20210608,1673.14286
tto,20210609,2347
tto,20210610,3201
tto,20210611,4389.14286
tto,20210612,5656.42857
tto,20210613,7152.14286
tto,20210614,9018.71429
tto,20210615,11164
tto,20210616,13752.85714
tto,20210617,17032.57143
tto,20210618,20907.42857
tto,20210619,25063.42857
tto,20210620,28991
tto,20210621,33077.71429
tto,20210622,36943.57143
tto,20210623,40879.28571
tto,20210624,44754.14286
tto,20210625,48615.14286
tto,20210626,52891.14286
tto,20210627,57503.14286
tto,20210628,61596.28571
tto,20210629,66519.42857
tto,20210630,71854.85714
tto,20210701,77563.42857
tto,20210702,83168.57143
tto,20210703,88384.57143
tto,20210704,94322.85714
tto,20210705,101095.14286
tto,20210706,107304.85714
tto,20210707,113152.42857
tto,20210708,118877.71429
tto,20210709,124199.42857
tto,20210710,129196.85714
tto,20210711,133136
tto,20210712,136065.85714
tto,20210713,138834.14286
tto,20210714,140958.28571
tto,20210715,142307.57143
tto,20210716,143978.42857
tto,20210717,146373
tto,20210718,149860.14286
tto,20210719,154585
tto,20210720,159173.14286
tto,20210721,163646.28571
tto,20210722,167993.14286
tto,20210723,171929
tto,20210724,175353.14286
tto,20210725,177711.71429
tto,20210726,178962.85714
tto,20210727,180395.42857
tto,20210728,181918.28571
tto,20210729,183650.28571
tto,20210730,185435.85714
tto,20210731,187351.71429
tto,20210801,189292
tto,20210802,191104.28571
tto,20210803,192553.57143
tto,20210804,194269.57143
tto,20210805,196256.85714
tto,20210806,199005.28571
tto,20210807,203009.71429
tto,20210808,207739
tto,20210809,212791.57143
tto,20210810,219559.85714
tto,20210811,227622.14286
tto,20210812,237403.42857
tto,20210813,247896.57143
tto,20210814,257928.28571
tto,20210815,269361.14286
tto,20210816,282214.14286
tto,20210817,294670.42857
tto,20210818,306688.85714
tto,20210819,317372.85714
tto,20210820,327551.42857
tto,20210821,337782.28571
tto,20210822,346280.28571
tto,20210823,353265.85714
tto,20210824,359391.14286
tto,20210825,364838.42857
tto,20210826,369888.42857
tto,20210827,374140.85714
tto,20210828,377826.71429
tto,20210829,381573.14286
tto,20210830,385347.28571
tto,20210831,389133.28571
tto,20210901,392369.85714
tto,20210902,395574.14286
tto,20210903,398784
tto,20210904,401846.42857
tto,20210905,404586.42857
tto,20210906,407157
tto,20210907,409763
tto,20210908,412710.42857
tto,20210909,415787.85714
tto,20210910,419098
tto,20210911,422908.57143
tto,20210912,426972
tto,20210913,431232.85714
tto,20210914,435724.85714
tto,20210915,440331.71429
tto,20210916,444720.28571
tto,20210917,448746.28571
tto,20210918,452153
tto,20210919,455290.71429
tto,20210920,458228.71429
tto,20210921,460941.28571
tto,20210922,463390
tto,20210923,465763.42857
tto,20210924,468118.42857
tto,20210925,470055.28571
tto,20210926,472238.57143
tto,20210927,474492.28571
tto,20210928,477241.42857
tto,20210929,480568.85714
tto,20210930,484133.28571
tto,20211001,487905.14286
tto,20211002,492240.71429
tto,20211003,496457.57143
tto,20211004,500710
tto,20211005,505067.42857
tto,20211006,509617.85714
tto,20211007,514348.28571
tto,20211008,519279.42857
tto,20211009,524567.57143
tto,20211010,530028.57143
tto,20211011,535487.42857
tto,20211012,540551.14286
tto,20211013,545074.57143
tto,20211014,549168.71429
tto,20211015,552859.14286
tto,20211016,555922.14286
tto,20211017,558712.57143
tto,20211018,561416.28571
tto,20211019,563994.71429
tto,20211020,566507.28571
tto,20211021,569034
tto,20211022,571591.57143
tto,20211023,574269.28571
tto,20211024,576935.42857
tto,20211025,579639.28571
tto,20211026,582268.71429
tto,20211027,584827.57143
tto,20211028,587336.85714
tto,20211029,589757.71429
tto,20211030,592208.28571
tto,20211031,594645.85714
tto,20211101,596973.71429
tto,20211102,599253.57143
tto,20211103,601539.71429
tto,20211104,603794
tto,20211105,605701.57143
tto,20211106,607638.28571
tto,20211107,609625.42857
tto,20211108,611648.85714
tto,20211109,613562.57143
tto,20211110,615387.42857
tto,20211111,617152.28571
tto,20211112,619176.42857
tto,20211113,620961.28571
tto,20211114,622602.14286
tto,20211115,624230.71429
tto,20211116,625743.42857
tto,20211117,627117.71429
tto,20211118,628368.28571
tto,20211119,629556.85714
tto,20211120,630679.85714
tto,20211121,631803.85714
tto,20211122,632893.71429
tto,20211123,633965.71429
tto,20211124,635049.28571
tto,20211125,636124.42857
tto,20211126,637100.14286
tto,20211127,638076.14286
tto,20211128,639039.57143
tto,20211129,640022.42857
tto,20211130,640993.42857
tto,20211201,641925.14286
tto,20211202,642831.85714
tto,20211203,643769.42857
tto,20211204,644706.85714
tto,20211205,645648.57143
tto,20211206,646583.71429
tto,20211207,647493.42857
tto,20211208,648385.85714
tto,20211209,649288.57143
tto,20211210,650194.71429
tto,20211211,651075.85714
tto,20211212,651955.71429
tto,20211213,652819.14286
tto,20211214,653667
tto,20211215,654494.28571
tto,20211216,655316.57143
tto,20211217,656127.42857
tto,20211218,656931.28571
tto,20211219,657702.14286
tto,20211220,658474.71429
tto,20211221,659297.71429
tto,20211222,660146.85714
tto,20211223,660993
tto,20211224,661820.85714
tto,20211225,662534.71429
tto,20211226,663213.71429
tto,20211227,663870.28571
tto,20211228,664292.14286
tto,20211229,664801
tto,20211230,665357
tto,20211231,665952.57143
tto,20220101,666564.42857
tto,20220102,667176.28571
tto,20220103,667788.14286
tto,20220104,668569.28571
tto,20220105,669266.71429
tto,20220106,669927.85714
tto,20220107,670568.14286
tto,20220108,671313.14286
tto,20220109,672105.71429
tto,20220111,673084
tto,20220112,674063.71429
tto,20220113,675007.42857
tto,20220114,675909.71429
tto,20220115,676778.71429
tto,20220116,677536
tto,20220117,678250.57143
tto,20220118,678851
tto,20220119,679431.57143
tto,20220120,680069.71429
tto,20220121,680746
tto,20220122,681422.57143
tto,20220123,682085.85714
tto,20220124,682746.28571
tto,20220125,683509.57143
tto,20220126,684294.85714
tto,20220127,685043.42857
tto,20220128,685787.71429
tto,20220129,686605.57143
tto,20220130,687462.14286
tto,20220201,688488.57143
tto,20220202,689473.28571
tto,20220203,690409
tto,20220204,691296.57143
tto,20220205,692155.71429
tto,20220206,692893.85714
tto,20220208,693676
tto,20220209,694370.28571
tto,20220210,695004.42857
tto,20220211,695572.42857
tto,20220212,696106.57143
tto,20220213,696555
tto,20220214,696966.71429
tto,20220215,697347
tto,20220216,697718.28571
tto,20220217,698074.14286
tto,20220218,698430.14286
tto,20220219,698789
tto,20220220,699150.42857
tto,20220221,699507.85714
tto,20220222,699874.14286
tto,20220223,700241.71429
tto,20220224,700624.85714
tto,20220225,701003.57143
tto,20220226,701373.71429
tto,20220227,701737
tto,20220228,702100.28571
tto,20220301,702429.28571
tto,20220302,702711.14286
tto,20220303,702951.42857
tto,20220304,703167
tto,20220305,703355.42857
tto,20220306,703541.57143
tto,20220307,703728.28571
tto,20220308,703923
tto,20220309,704138.71429
tto,20220310,704365.85714
tto,20220311,704603.85714
tto,20220312,704857
tto,20220313,705110
tto,20220314,705362.42857
tto,20220315,705609.57143
tto,20220316,705851.42857
tto,20220317,706084
tto,20220318,706311.28571
tto,20220319,706530
tto,20220320,706745.28571
tto,20220321,706960.57143
tto,20220322,707160.28571
tto,20220323,707352.85714
tto,20220324,707546.85714
tto,20220325,707733.42857
tun,20210407,3988
tun,20210408,4424
tun,20210409,4609
tun,20210410,5464.5
tun,20210411,6044.2
tun,20210412,6449.5
tun,20210413,6739.57143
tun,20210414,7382.85714
tun,20210415,8230.85714
tun,20210418,12236.57143
tun,20210419,17083.71429
tun,20210420,22702.85714
tun,20210421,28808.42857
tun,20210422,35319.28571
tun,20210423,42262.85714
tun,20210424,49609.85714
tun,20210425,54309
tun,20210426,58287.57143
tun,20210427,62157.28571
tun,20210428,66387.71429
tun,20210430,71517.14286
tun,20210501,76914.85714
tun,20210502,82517.57143
tun,20210503,87934.71429
tun,20210504,93267.14286
tun,20210505,98825.85714
tun,20210506,104963.14286
tun,20210507,111793.71429
tun,20210508,119517
tun,20210509,127373.14286
tun,20210510,136131.28571
tun,20210515,146323.85714
tun,20210516,156645.28571
tun,20210517,166890.71429
tun,20210518,176622.71429
tun,20210519,186384.85714
tun,20210521,198860.42857
tun,20210522,211503.42857
tun,20210523,223111.71429
tun,20210524,234664.28571
tun,20210525,245538.85714
tun,20210526,255409.85714
tun,20210527,264103.14286
tun,20210528,269586.14286
tun,20210529,274682.28571
tun,20210530,280203.71429
tun,20210531,285512.42857
tun,20210601,291143.57143
tun,20210602,297111.57143
tun,20210603,303506.28571
tun,20210604,310297.42857
tun,20210605,317226
tun,20210606,323899.85714
tun,20210607,330738.28571
tun,20210608,336622.71429
tun,20210609,341736.57143
tun,20210610,346019.28571
tun,20210611,349450.42857
tun,20210612,352889
tun,20210613,356246.85714
tun,20210614,359378.14286
tun,20210615,363014.42857
tun,20210616,366974.42857
tun,20210617,371162
tun,20210618,376488.28571
tun,20210619,382585.85714
tun,20210620,389605.14286
tun,20210621,397354.85714
tun,20210622,405992.71429
tun,20210623,415375.14286
tun,20210624,426742
tun,20210625,438888.57143
tun,20210626,452049.14286
tun,20210627,465703
tun,20210628,480644.57143
tun,20210629,496478.85714
tun,20210630,511882.85714
tun,20210701,526791
tun,20210702,540216.57143
tun,20210703,551332.85714
tun,20210704,561024.85714
tun,20210705,569560.28571
tun,20210706,576955.71429
tun,20210707,584746.71429
tun,20210708,591689.42857
tun,20210709,598556.57143
tun,20210710,605495.42857
tun,20210711,612625.57143
tun,20210712,620931.85714
tun,20210713,631767.28571
tun,20210714,645234.42857
tun,20210715,661419.28571
tun,20210716,681043
tun,20210717,703672.42857
tun,20210718,728106.85714
tun,20210719,753094.85714
tun,20210725,790494
tun,20210726,827784.14286
tun,20210807,924488.71429
tun,20210813,1027597.14286
tun,20210814,1128642.42857
tun,20210816,1238552.14286
tun,20210817,1349109.85714
tun,20210818,1446725
tun,20210819,1544084.28571
tun,20210820,1582218.57143
tun,20210822,1616160.85714
tun,20210823,1651448.57143
tun,20210824,1675498.14286
tun,20210825,1696273.57143
tun,20210826,1716460.85714
tun,20210827,1735790.42857
tun,20210828,1753404.71429
tun,20210829,1813502.42857
tun,20210830,1873479.28571
tun,20210903,1936704
tun,20210904,2044469.14286
tun,20210905,2151593.57143
tun,20210906,2258067.28571
tun,20210907,2364679.57143
tun,20210908,2425437.85714
tun,20210910,2488814.42857
tun,20210911,2602853
tun,20210912,2673785
tun,20210914,2750831.57143
tun,20210915,2830935.57143
tun,20210916,2914843.14286
tun,20210918,3007485.71429
tun,20210919,3098907.14286
tun,20210920,3139136.85714
tun,20210921,3180690.42857
tun,20210922,3219528.57143
tun,20210923,3258183.85714
tun,20210924,3295161.14286
tun,20210925,3325026.85714
tun,20210927,3400609.85714
tun,20210928,3478316.42857
tun,20211001,3560397.14286
tun,20211002,3640053.28571
tun,20211003,3717087.71429
tun,20211004,3794522.14286
tun,20211005,3871368
tun,20211006,3900741.28571
tun,20211007,3927345
tun,20211008,3949268.14286
tun,20211009,3973128.71429
tun,20211010,3998490.14286
tun,20211011,4022176.85714
tun,20211012,4044642
tun,20211013,4067185.14286
tun,20211014,4089637
tun,20211015,4110702.42857
tun,20211016,4130756.57143
tun,20211017,4149605.14286
tun,20211018,4167744
tun,20211019,4185836
tun,20211020,4204465
tun,20211021,4224473.57143
tun,20211022,4247321.57143
tun,20211023,4269247.14286
tun,20211024,4290858.57143
tun,20211025,4315807.71429
tun,20211028,4348850.42857
tun,20211029,4382178.42857
tun,20211030,4414600
tun,20211101,4447603.71429
tun,20211102,4479721.14286
tun,20211103,4512332.71429
tun,20211104,4541097.85714
tun,20211105,4561676.28571
tun,20211106,4580262.71429
tun,20211107,4598468.57143
tun,20211108,4612620.42857
tun,20211109,4629143.28571
tun,20211110,4646330.28571
tun,20211111,4664215.14286
tun,20211112,4682846.71429
tun,20211113,4702443.42857
tun,20211114,4720934
tun,20211115,4741524.85714
tun,20211116,4759602
tun,20211117,4776068.42857
tun,20211118,4791311.85714
tun,20211119,4805175.42857
tun,20211120,4818640.14286
tun,20211122,4850631
tun,20211123,4881815.85714
tun,20211124,4913293.85714
tun,20211125,4946577.14286
tun,20211126,4981043.14286
tun,20211127,5016254.42857
tun,20211128,5051759.28571
tun,20211129,5070582.71429
tun,20211130,5090897.57143
tun,20211201,5111876.71429
tun,20211202,5131599.28571
tun,20211203,5151680.28571
tun,20211204,5171989
tun,20211205,5192216.57143
tun,20211206,5211064.28571
tun,20211207,5228088.14286
tun,20211208,5244517.14286
tun,20211209,5260909.85714
tun,20211210,5276902.28571
tun,20211211,5292887.42857
tun,20211212,5308722.42857
tun,20211213,5325398
tun,20211214,5342830
tun,20211215,5360641.42857
tun,20211216,5379234
tun,20211217,5397491.42857
tun,20211218,5416155.14286
tun,20211219,5435790.57143
tun,20211220,5456237.14286
tun,20211223,5490276.57143
tun,20211224,5525046.71429
tun,20211226,5573259.57143
tun,20211227,5622713.57143
tun,20211228,5673605.14286
tun,20211229,5725702.42857
tun,20211230,5780348.42857
tun,20211231,5821189.71429
tun,20220101,5860226.57143
tun,20220102,5884273.42857
tun,20220104,5913180.28571
tun,20220105,5939714.71429
tun,20220106,5963572.28571
tun,20220107,5982524.14286
tun,20220108,6000047.57143
tun,20220109,6017106.85714
tun,20220110,6033863
tun,20220111,6043782
tun,20220112,6052749.57143
tun,20220113,6061385.71429
tun,20220114,6070106.28571
tun,20220115,6079124.42857
tun,20220116,6088273.71429
tun,20220117,6097458.57143
tun,20220118,6106454.71429
tun,20220119,6115271.71429
tun,20220121,6127884.85714
tun,20220122,6140779.14286
tun,20220123,6153058.42857
tun,20220124,6165248
tun,20220125,6177051.57143
tun,20220126,6188301.42857
tun,20220127,6199221.42857
tun,20220128,6205841.42857
tun,20220129,6211471.28571
tun,20220130,6216728.28571
tun,20220131,6221350.85714
tun,20220201,6229067.71429
tun,20220202,6236297.14286
tun,20220203,6243218.42857
tun,20220204,6249855.57143
tun,20220205,6256252.14286
tun,20220206,6262488.57143
tun,20220207,6268520.42857
tun,20220208,6271071.14286
tun,20220209,6273727.85714
tun,20220210,6276288.85714
tun,20220211,6278717.57143
tun,20220212,6281026.28571
tun,20220213,6283238.42857
tun,20220214,6285377.14286
tun,20220215,6287485.71429
tun,20220217,6289755.57143
tun,20220218,6291912
tun,20220219,6294003
tun,20220220,6295952.42857
tun,20220221,6297833.14286
tun,20220222,6302162.42857
tun,20220223,6306591.57143
tun,20220224,6310822.71429
tun,20220225,6315173.28571
tun,20220226,6319357.14286
tun,20220227,6323481.28571
tun,20220228,6327541
tun,20220302,6329182
tun,20220303,6330577.85714
tun,20220304,6331846.57143
tun,20220305,6332856.42857
tun,20220306,6333865.71429
tun,20220308,6334974.14286
tun,20220309,6336055.85714
tun,20220310,6336949.42857
tun,20220314,6338000.42857
tun,20220321,6339482.28571
tur,20210212,336532
tur,20210213,396711.5
tur,20210214,427453.33333
tur,20210215,464059.75
tur,20210216,500480.2
tur,20210217,541428.5
tur,20210218,587955.28571
tur,20210219,679410.14286
tur,20210220,761342.28571
tur,20210221,842042.28571
tur,20210222,917035.42857
tur,20210223,993723.14286
tur,20210224,1068168.14286
tur,20210225,1143935.42857
tur,20210226,1226355.71429
tur,20210227,1316315.28571
tur,20210228,1405474.57143
tur,20210301,1505521.57143
tur,20210302,1615084.71429
tur,20210303,1730762.71429
tur,20210304,1846336.28571
tur,20210305,1954378.28571
tur,20210306,2056314.14286
tur,20210307,2158378.85714
tur,20210308,2249492.71429
tur,20210309,2334715.14286
tur,20210310,2411539.71429
tur,20210311,2481276
tur,20210312,2563241.71429
tur,20210313,2657821.14286
tur,20210314,2758806.14286
tur,20210315,2889193.14286
tur,20210316,3060836.14286
tur,20210317,3282296.14286
tur,20210318,3531627
tur,20210319,3810645.71429
tur,20210320,4093208
tur,20210321,4370454.28571
tur,20210322,4637668.14286
tur,20210323,4887597.57143
tur,20210324,5126426.28571
tur,20210325,5358466.57143
tur,20210326,5566873.71429
tur,20210327,5769996.42857
tur,20210329,5989762.71429
tur,20210330,6199324.28571
tur,20210331,6391160.14286
tur,20210401,6549068.57143
tur,20210402,6683235.71429
tur,20210403,6801568.57143
tur,20210404,6901695.57143
tur,20210405,6990078.42857
tur,20210406,7074727.42857
tur,20210407,7146893.85714
tur,20210408,7221260
tur,20210409,7298332.71429
tur,20210410,7363418.42857
tur,20210411,7427838.42857
tur,20210412,7488276
tur,20210413,7544663.85714
tur,20210414,7597647.57143
tur,20210415,7636845.85714
tur,20210416,7669765.57143
tur,20210417,7699195.28571
tur,20210418,7727826.85714
tur,20210419,7755685.71429
tur,20210420,7781727.85714
tur,20210421,7806116.28571
tur,20210422,7833996.71429
tur,20210423,7858793
tur,20210424,7882850
tur,20210425,7907306.28571
tur,20210426,7949011.28571
tur,20210427,8011693.71429
tur,20210428,8116392.28571
tur,20210429,8257746.14286
tur,20210430,8423130.71429
tur,20210501,8593546.28571
tur,20210502,8771739.14286
tur,20210503,8950815
tur,20210504,9136747.57143
tur,20210505,9311015.57143
tur,20210506,9475922.71429
tur,20210507,9634426.42857
tur,20210508,9800267.85714
tur,20210509,9961191.28571
tur,20210510,10109663
tur,20210511,10241258.85714
tur,20210512,10355220.71429
tur,20210513,10440024.42857
tur,20210514,10516241.42857
tur,20210515,10585462.28571
tur,20210516,10655778
tur,20210517,10736355.28571
tur,20210518,10852958.28571
tur,20210519,10969785
tur,20210520,11098691.71429
tur,20210521,11259573.28571
tur,20210522,11417689.42857
tur,20210523,11585959.28571
tur,20210524,11740487.14286
tur,20210525,11855974
tur,20210526,11961044
tur,20210527,12054794.85714
tur,20210528,12112432
tur,20210529,12170235.57143
tur,20210530,12228277.57143
tur,20210531,12299286.85714
tur,20210601,12369680.14286
tur,20210602,12447081
tur,20210603,12542238.85714
tur,20210604,12641425.57143
tur,20210605,12749503.28571
tur,20210606,12856402.85714
tur,20210607,12958655.57143
tur,20210608,13060790.85714
tur,20210609,13163056
tur,20210610,13255324.14286
tur,20210611,13345626.14286
tur,20210612,13432286.57143
tur,20210613,13514646
tur,20210614,13594127.14286
tur,20210615,13683093.71429
tur,20210616,13774019.42857
tur,20210617,13871150.85714
tur,20210618,13973151.57143
tur,20210619,14073608.42857
tur,20210620,14181627.14286
tur,20210621,14290497.71429
tur,20210622,14382603.42857
tur,20210623,14468091.28571
tur,20210624,14542579
tur,20210625,14610760.71429
tur,20210626,14678717.42857
tur,20210627,14739517
tur,20210628,14800570.14286
tur,20210629,14863240
tur,20210630,14939557.14286
tur,20210701,15024580
tur,20210702,15128564.14286
tur,20210703,15239960.71429
tur,20210704,15363304.85714
tur,20210705,15500126.85714
tur,20210706,15654919.71429
tur,20210707,15816361.28571
tur,20210708,16002453.42857
tur,20210709,16198323.71429
tur,20210710,16404778.42857
tur,20210711,16629201.85714
tur,20210712,16892913.42857
tur,20210713,17209515.57143
tur,20210714,17591083.28571
tur,20210715,18073034.14286
tur,20210716,18536638.57143
tur,20210717,19034074.71429
tur,20210718,19531517.71429
tur,20210719,20010761.57143
tur,20210720,20419437.57143
tur,20210721,20787974
tur,20210722,21085764.14286
tur,20210723,21389766.42857
tur,20210724,21681870.14286
tur,20210725,22030559
tur,20210726,22451380.42857
tur,20210727,22967592.28571
tur,20210728,23534405.85714
tur,20210729,24154453.28571
tur,20210730,24849594.14286
tur,20210731,25529311.28571
tur,20210801,26129282.57143
tur,20210802,26636037.57143
tur,20210803,27064794.14286
tur,20210804,27388790.71429
tur,20210805,27600720.42857
tur,20210806,27760382.28571
tur,20210807,27934285.42857
tur,20210808,28120738.42857
tur,20210809,28326808.57143
tur,20210810,28643052.57143
tur,20210811,29069509
tur,20210812,29621151
tur,20210813,30170350.28571
tur,20210814,30738058.42857
tur,20210815,31313747.71429
tur,20210816,31891192.85714
tur,20210817,32392900.57143
tur,20210818,32865581.28571
tur,20210819,33246012.71429
tur,20210820,33631205.42857
tur,20210821,33976466.57143
tur,20210822,34303813.14286
tur,20210823,34627853.71429
tur,20210824,34930029.28571
tur,20210825,35184378.71429
tur,20210826,35427218.14286
tur,20210827,35655385.71429
tur,20210828,35877943.85714
tur,20210829,36097521.85714
tur,20210830,36291364.42857
tur,20210831,36493762.57143
tur,20210901,36702270.42857
tur,20210902,36916453.42857
tur,20210903,37143314.14286
tur,20210904,37374713.42857
tur,20210905,37610719
tur,20210906,37876885.28571
tur,20210907,38146733.85714
tur,20210908,38422489.28571
tur,20210909,38701728.71429
tur,20210910,38985505.28571
tur,20210911,39273638.28571
tur,20210912,39561835.85714
tur,20210913,39848575.71429
tur,20210914,40126131.42857
tur,20210915,40395295.71429
tur,20210916,40657506.85714
tur,20210917,40911222
tur,20210918,41160442.57143
tur,20210919,41405986.14286
tur,20210920,41641772.85714
tur,20210921,41872497.42857
tur,20210922,42099869.71429
tur,20210923,42323708
tur,20210924,42544627.28571
tur,20210925,42764181
tur,20210926,42983571
tur,20210927,43201793.28571
tur,20210928,43419403.14286
tur,20210930,43665716.28571
tur,20211001,43916618.85714
tur,20211002,44148709.42857
tur,20211003,44374926
tur,20211004,44617489.85714
tur,20211005,44851796
tur,20211006,45077363.42857
tur,20211007,45264326.42857
tur,20211008,45446095.71429
tur,20211009,45624081.85714
tur,20211010,45798636.57143
tur,20211011,45966789.57143
tur,20211012,46132924.14286
tur,20211013,46295247.14286
tur,20211014,46455196.14286
tur,20211015,46610653.57143
tur,20211016,46763549.85714
tur,20211017,46914692.42857
tur,20211018,47059658.28571
tur,20211019,47198057.85714
tur,20211020,47330823.85714
tur,20211021,47458100
tur,20211022,47578611.57143
tur,20211023,47695326
tur,20211024,47809205.42857
tur,20211025,47918987.85714
tur,20211026,48023828.57143
tur,20211027,48125794.14286
tur,20211028,48224092.28571
tur,20211029,48309914.42857
tur,20211030,48391452.57143
tur,20211031,48470810.71429
tur,20211101,48547946.85714
tur,20211102,48623186.42857
tur,20211103,48695942.42857
tur,20211104,48767658.42857
tur,20211105,48845359.57143
tur,20211106,48922623.14286
tur,20211107,48999006.42857
tur,20211108,49072100.42857
tur,20211109,49142891.14286
tur,20211110,49211127.14286
tur,20211111,49277550.85714
tur,20211112,49341377.42857
tur,20211113,49404179.57143
tur,20211114,49466402.71429
tur,20211115,49528942
tur,20211116,49591204.14286
tur,20211117,49653633
tur,20211118,49715300.71429
tur,20211119,49776138.71429
tur,20211120,49835799.28571
tur,20211121,49894586
tur,20211122,49949692.57143
tur,20211123,50002012.57143
tur,20211124,50052105.42857
tur,20211125,50100099.14286
tur,20211126,50145606.14286
tur,20211127,50190934.42857
tur,20211128,50236157.71429
tur,20211129,50281218.42857
tur,20211130,50326120.42857
tur,20211201,50370765.85714
tur,20211202,50415048.14286
tur,20211203,50458960.85714
tur,20211204,50502296.14286
tur,20211205,50545081.57143
tur,20211206,50586498.42857
tur,20211207,50626794
tur,20211208,50666154.14286
tur,20211209,50704862.85714
tur,20211210,50742747.71429
tur,20211211,50780382.28571
tur,20211212,50817879.57143
tur,20211213,50855387.42857
tur,20211214,50892923.28571
tur,20211215,50929455.28571
tur,20211216,50965540.71429
tur,20211217,51001041
tur,20211218,51036250.85714
tur,20211219,51071326.85714
tur,20211220,51105711.14286
tur,20211221,51139919.28571
tur,20211222,51175034.85714
tur,20211223,51210345.28571
tur,20211224,51245528
tur,20211225,51280421.42857
tur,20211226,51315221.28571
tur,20211227,51350202.85714
tur,20211228,51385144.71429
tur,20211229,51420127.14286
tur,20211230,51455077
tur,20211231,51489217.85714
tur,20220101,51522728.85714
tur,20220102,51556101.85714
tur,20220103,51588991.28571
tur,20220105,51627515.28571
tur,20220106,51666276
tur,20220107,51706572
tur,20220108,51744854
tur,20220109,51783717.42857
tur,20220110,51826304.85714
tur,20220111,51869080.85714
tur,20220112,51906154.14286
tur,20220113,51942284.57143
tur,20220114,51977297.28571
tur,20220115,52011509.14286
tur,20220116,52044685
tur,20220117,52075940.85714
tur,20220118,52105292.28571
tur,20220119,52131771.14286
tur,20220120,52156167
tur,20220121,52177783.57143
tur,20220122,52198005.42857
tur,20220123,52217534.14286
tur,20220124,52235641.57143
tur,20220125,52252467.85714
tur,20220126,52268971.57143
tur,20220127,52285185.42857
tur,20220128,52301389.85714
tur,20220129,52317608.14286
tur,20220130,52333766.28571
tur,20220131,52350532.28571
tur,20220201,52368022.14286
tur,20220202,52386071.42857
tur,20220203,52404410
tur,20220204,52423240
tur,20220205,52442246.14286
tur,20220206,52461282.57143
tur,20220207,52479919.71429
tur,20220208,52497980.57143
tur,20220209,52515595.28571
tur,20220210,52532882.42857
tur,20220211,52549608.57143
tur,20220212,52566140.28571
tur,20220213,52582472.57143
tur,20220214,52598257.28571
tur,20220215,52613737.14286
tur,20220216,52628854.85714
tur,20220217,52643269.42857
tur,20220218,52656813.85714
tur,20220219,52670154.71429
tur,20220220,52683325
tur,20220221,52696356.28571
tur,20220222,52709140.42857
tur,20220223,52721615.14286
tur,20220224,52733896.57143
tur,20220225,52745996.28571
tur,20220226,52757890.85714
tur,20220227,52769597.57143
tur,20220228,52780686.14286
tur,20220301,52791313.14286
tur,20220302,52801589
tur,20220303,52811485.71429
tur,20220304,52820831.28571
tur,20220305,52829838.28571
tur,20220306,52838563.14286
tur,20220307,52846721.57143
tur,20220308,52854282.85714
tur,20220309,52861277.14286
tur,20220310,52867806.14286
tur,20220311,52873806.14286
tur,20220312,52879517.28571
tur,20220313,52885068.85714
tur,20220314,52890177.28571
tur,20220315,52894946.71429
tur,20220316,52899463.57143
tur,20220317,52903938
tur,20220318,52908321
tur,20220319,52912661.57143
tur,20220320,52917016.42857
tur,20220321,52921525.71429
tur,20220322,52926176.42857
tur,20220323,52930877.28571
tur,20220324,52935515.57143
tur,20220325,52940086
tuv,20210816,2301
tuv,20210826,3413
tuv,20210910,3826
tuv,20211022,4340.5
twn,20210615,24076
twn,20210621,26439.5
twn,20210622,27527.66667
twn,20210623,28611.25
twn,20210624,29585.4
twn,20210625,30716
twn,20210627,31568.14286
twn,20210628,33560.14286
twn,20210629,35115
twn,20210630,36843
twn,20210701,38483.57143
twn,20210702,40299.42857
twn,20210704,41741.14286
twn,20210705,43321.28571
twn,20210706,44957.57143
twn,20210707,46765.71429
twn,20210708,49468.57143
twn,20210709,53607.85714
twn,20210711,57520.71429
twn,20210712,62149
twn,20210713,67589.85714
twn,20210714,74121.71429
twn,20210715,81995.85714
twn,20210716,91279.14286
twn,20210718,99533.28571
twn,20210719,109082.85714
twn,20210720,119887.71429
twn,20210721,132802
twn,20210722,147889.42857
twn,20210723,165318.57143
twn,20210725,181767
twn,20210726,200624.85714
twn,20210727,221711
twn,20210728,244726.42857
twn,20210729,268522.42857
twn,20210730,294269.85714
twn,20210801,316987
twn,20210802,340264.57143
twn,20210803,362544.42857
twn,20210804,383864
twn,20210805,404045.14286
twn,20210806,425473.71429
twn,20210808,442607.42857
twn,20210809,461256.28571
twn,20210810,480753.85714
twn,20210811,501880
twn,20210812,524586.57143
twn,20210813,551997.57143
twn,20210815,576152.42857
twn,20210816,602261.28571
twn,20210817,628678
twn,20210818,655069.57143
twn,20210819,680691.57143
twn,20210820,705769.71429
twn,20210822,724116.14286
twn,20210823,741526.14286
twn,20210824,758514.42857
twn,20210825,774838.14286
twn,20210826,791709
twn,20210827,809573.85714
twn,20210829,825166.28571
twn,20210830,842806.28571
twn,20210831,862407.42857
twn,20210901,881504.85714
twn,20210902,900784.57143
twn,20210903,919061.14286
twn,20210905,934992
twn,20210906,950244.71429
twn,20210907,963887
twn,20210908,976384.14286
twn,20210909,988410
twn,20210910,1000577.85714
twn,20210912,1011378.85714
twn,20210913,1021776
twn,20210914,1032471.28571
twn,20210915,1065178.28571
twn,20210916,1121409.71429
twn,20210917,1201164.71429
twn,20210921,1297915
twn,20210922,1409255
twn,20210923,1536295.14286
twn,20210924,1679819.71429
twn,20210926,1812218.14286
twn,20210927,1927874.14286
twn,20210928,2027833.14286
twn,20210929,2122144
twn,20210930,2238102.85714
twn,20211001,2367886.85714
twn,20211003,2512751.14286
twn,20211004,2676149.85714
twn,20211005,2852199.28571
twn,20211006,3041222.57143
twn,20211007,3255403
twn,20211008,3475123.71429
twn,20211011,3707774.28571
twn,20211012,3939018.14286
twn,20211013,4152022.28571
twn,20211014,4356291.28571
twn,20211015,4561630
twn,20211017,4751692.85714
twn,20211018,4916216.85714
twn,20211019,5058657.14286
twn,20211020,5200287.42857
twn,20211021,5360928.42857
twn,20211022,5544873.71429
twn,20211024,5741792.28571
twn,20211025,5952234.42857
twn,20211026,6182088
twn,20211027,6432702.42857
twn,20211028,6675674.14286
twn,20211029,6906941.28571
twn,20211031,7120360.14286
twn,20211101,7331578.85714
twn,20211102,7542479.14286
twn,20211103,7750579.71429
twn,20211104,7924784.42857
twn,20211105,8103538.28571
twn,20211107,8284655.71429
twn,20211108,8474588.85714
twn,20211109,8653142.57143
twn,20211110,8818861.28571
twn,20211111,8972045.14286
twn,20211112,9146194.28571
twn,20211114,9316882
twn,20211115,9493727.42857
twn,20211116,9671600.57143
twn,20211117,9856837.57143
twn,20211118,10054359.57143
twn,20211119,10269419.57143
twn,20211122,10523651
twn,20211123,10784138.57143
twn,20211124,11039487.71429
twn,20211125,11309159
twn,20211126,11600268.28571
twn,20211128,11896590.71429
twn,20211129,12192128.28571
twn,20211130,12456357.85714
twn,20211201,12724404.71429
twn,20211202,12995014.57143
twn,20211203,13261423.71429
twn,20211205,13502707.28571
twn,20211206,13729922.28571
twn,20211207,13945244.71429
twn,20211208,14147597.85714
twn,20211209,14329057.57143
twn,20211210,14503425.71429
twn,20211212,14652356.57143
twn,20211213,14785910.28571
twn,20211214,14899389.85714
twn,20211215,14993820.71429
twn,20211216,15070273.14286
twn,20211217,15144208.71429
twn,20211219,15205998.14286
twn,20211220,15261950.85714
twn,20211221,15313276
twn,20211222,15364168.57143
twn,20211223,15413972.57143
twn,20211224,15472744.85714
twn,20211226,15524046.14286
twn,20211227,15576262.42857
twn,20211228,15632280.42857
twn,20211230,15725778
twn,20211231,15818114.14286
twn,20220102,15906227.85714
twn,20220103,15984704
twn,20220104,16066967.14286
twn,20220105,16149452.42857
twn,20220106,16233219.57143
twn,20220107,16293554.85714
twn,20220112,16374538.57143
twn,20220114,16471590.85714
twn,20220116,16570725.14286
twn,20220117,16669193.28571
twn,20220118,16766077.28571
twn,20220119,16857144.42857
twn,20220120,16937654.14286
twn,20220121,16999300.28571
twn,20220123,17049353.71429
twn,20220124,17098746
twn,20220125,17149009
twn,20220126,17200082.14286
twn,20220127,17251901
twn,20220128,17300362.71429
twn,20220206,17349391
twn,20220207,17394975.71429
twn,20220208,17437218.57143
twn,20220209,17476325.42857
twn,20220210,17512383
twn,20220211,17545614.71429
twn,20220213,17575372.57143
twn,20220214,17600289.71429
twn,20220215,17626162.57143
twn,20220216,17651948.28571
twn,20220217,17677427
twn,20220218,17703269.71429
twn,20220220,17728180
twn,20220221,17752412.71429
twn,20220222,17776078.71429
twn,20220223,17798432.71429
twn,20220224,17820337.85714
twn,20220225,17842393.85714
twn,20220228,17864706.85714
twn,20220301,17886418.85714
twn,20220302,17907675.71429
twn,20220303,17928305.42857
twn,20220304,17948874.57143
twn,20220306,17968485.42857
twn,20220307,17986020.85714
twn,20220308,18001083
twn,20220309,18015671.85714
twn,20220310,18030124.42857
twn,20220311,18044701.28571
twn,20220313,18058596.28571
twn,20220314,18072263.71429
twn,20220315,18085991.28571
twn,20220316,18099600.14286
twn,20220317,18113497.28571
twn,20220318,18127556.71429
twn,20220320,18141155.42857
twn,20220321,18154487.14286
twn,20220322,18167505.42857
twn,20220323,18180276.85714
twn,20220324,18192282.28571
twn,20220325,18203347.28571
tza,20210808,105745
tza,20210816,162183
tza,20210828,209656.33333
tza,20210911,244742.25
tza,20211029,388949.4
tza,20211122,488091.33333
tza,20211206,572378.57143
tza,20211228,792452.28571
tza,20220121,1027910.71429
tza,20220218,1323653.14286
tza,20220223,1629936.57143
tza,20220311,1889080
uga,20210522,2274
uga,20210523,2505
uga,20210524,3046.33333
uga,20210820,62862.25
uga,20210901,123621.4
uga,20210922,172265.5
uga,20211007,207011.28571
uga,20211014,266041.57143
uga,20211021,325005.85714
uga,20211028,383771.14286
uga,20211104,408510.57143
uga,20211110,415486
uga,20211115,486557
uga,20211209,611173.14286
uga,20211220,752992.57143
uga,20220110,952155.57143
uga,20220123,1168517.14286
uga,20220131,1397023.14286
uga,20220221,1724351.57143
uga,20220309,2020421.42857
uga,20220314,2981319
ukr,20210316,1
ukr,20210317,1
ukr,20210318,1
ukr,20210319,1
ukr,20210320,1
ukr,20210321,1
ukr,20210322,1
ukr,20210323,1
ukr,20210324,1
ukr,20210325,1
ukr,20210326,1
ukr,20210327,1
ukr,20210328,1
ukr,20210329,1.14286
ukr,20210330,1.28571
ukr,20210331,1.42857
ukr,20210401,1.57143
ukr,20210402,1.71429
ukr,20210403,1.85714
ukr,20210404,2
ukr,20210405,2
ukr,20210406,2
ukr,20210407,2
ukr,20210408,2.42857
ukr,20210409,2.85714
ukr,20210410,3.28571
ukr,20210411,3.71429
ukr,20210412,4.14286
ukr,20210413,4.57143
ukr,20210414,5
ukr,20210415,5
ukr,20210416,5
ukr,20210417,5
ukr,20210418,5
ukr,20210419,5
ukr,20210420,5
ukr,20210421,5
ukr,20210422,5
ukr,20210423,5
ukr,20210424,5
ukr,20210425,5
ukr,20210426,5.57143
ukr,20210427,6.14286
ukr,20210428,6.85714
ukr,20210429,24.71429
ukr,20210430,61.14286
ukr,20210501,101.85714
ukr,20210502,142.57143
ukr,20210503,182.71429
ukr,20210504,224.71429
ukr,20210505,283.14286
ukr,20210506,325.71429
ukr,20210507,352.28571
ukr,20210508,374.57143
ukr,20210509,396.85714
ukr,20210510,454.71429
ukr,20210511,686.85714
ukr,20210512,1173.85714
ukr,20210513,2306.71429
ukr,20210514,4194.57143
ukr,20210515,6571.71429
ukr,20210516,9135.71429
ukr,20210517,12958.42857
ukr,20210518,18060.14286
ukr,20210519,24396.71429
ukr,20210520,31889.85714
ukr,20210521,40267.14286
ukr,20210522,48540.85714
ukr,20210523,56771.14286
ukr,20210524,65198.28571
ukr,20210525,73766.14286
ukr,20210526,82275.28571
ukr,20210527,90325
ukr,20210528,97737.28571
ukr,20210529,104974.28571
ukr,20210530,112116.42857
ukr,20210531,118296.71429
ukr,20210601,123313.42857
ukr,20210602,127680
ukr,20210603,131269.71429
ukr,20210604,134411.71429
ukr,20210605,137467.85714
ukr,20210606,140540.28571
ukr,20210607,143801.14286
ukr,20210608,147949.14286
ukr,20210609,154024.71429
ukr,20210610,162902.14286
ukr,20210611,174991.85714
ukr,20210612,187883.57143
ukr,20210613,200980.71429
ukr,20210614,216496.85714
ukr,20210615,234569.14286
ukr,20210616,253590.42857
ukr,20210617,272634.28571
ukr,20210618,290544.28571
ukr,20210619,308097.28571
ukr,20210620,325476.42857
ukr,20210621,340061
ukr,20210622,355235.71429
ukr,20210623,372602
ukr,20210624,394463.57143
ukr,20210625,422345.85714
ukr,20210626,452706
ukr,20210627,484054
ukr,20210628,516413.28571
ukr,20210629,552901.42857
ukr,20210630,592305.71429
ukr,20210701,631749.57143
ukr,20210702,670743.42857
ukr,20210703,709171
ukr,20210704,747814.71429
ukr,20210705,791916.71429
ukr,20210706,835642.85714
ukr,20210707,879537.42857
ukr,20210708,924697.28571
ukr,20210709,970342.85714
ukr,20210710,1016540.71429
ukr,20210711,1063290.42857
ukr,20210712,1108605.85714
ukr,20210713,1151917.85714
ukr,20210714,1193019.57143
ukr,20210715,1232697
ukr,20210716,1270243.57143
ukr,20210717,1307093.28571
ukr,20210718,1343318
ukr,20210719,1378557.85714
ukr,20210720,1413213.28571
ukr,20210721,1448924.28571
ukr,20210722,1485906.42857
ukr,20210723,1525271.28571
ukr,20210724,1565321
ukr,20210725,1605558.71429
ukr,20210726,1648267.28571
ukr,20210727,1693398.71429
ukr,20210728,1739029.57143
ukr,20210729,1784655.71429
ukr,20210730,1830175.85714
ukr,20210731,1875946.28571
ukr,20210801,1921781.14286
ukr,20210802,1968583.57143
ukr,20210803,2016384.57143
ukr,20210804,2064952.28571
ukr,20210805,2114333.85714
ukr,20210806,2164957
ukr,20210807,2216518.71429
ukr,20210808,2269808.85714
ukr,20210809,2323312.42857
ukr,20210810,2376890.85714
ukr,20210811,2430079.71429
ukr,20210812,2481101.28571
ukr,20210813,2530270.57143
ukr,20210814,2579626.28571
ukr,20210815,2628758.57143
ukr,20210816,2677593.85714
ukr,20210817,2725895.28571
ukr,20210818,2774037.57143
ukr,20210819,2824717.71429
ukr,20210820,2879478.14286
ukr,20210821,2935816.85714
ukr,20210822,2993188.71429
ukr,20210823,3048996.71429
ukr,20210824,3098087.28571
ukr,20210825,3155549.57143
ukr,20210826,3219767.28571
ukr,20210827,3287266.14286
ukr,20210828,3357046.42857
ukr,20210829,3426831.28571
ukr,20210830,3504688.57143
ukr,20210831,3595340.57143
ukr,20210901,3680632.14286
ukr,20210902,3764084.85714
ukr,20210903,3848780.85714
ukr,20210904,3932196.14286
ukr,20210905,4015934.71429
ukr,20210906,4099209
ukr,20210907,4182440.85714
ukr,20210908,4269145.14286
ukr,20210909,4355939
ukr,20210910,4441921.42857
ukr,20210911,4527395.85714
ukr,20210912,4612670
ukr,20210913,4695681
ukr,20210914,4774661.28571
ukr,20210915,4845785
ukr,20210916,4908927.57143
ukr,20210917,4963806
ukr,20210918,5015625.57143
ukr,20210919,5065519.57143
ukr,20210920,5110431.71429
ukr,20210921,5151532.57143
ukr,20210922,5193086.71429
ukr,20210923,5235489
ukr,20210924,5279009.71429
ukr,20210925,5322756.28571
ukr,20210926,5366471.14286
ukr,20210927,5410692.71429
ukr,20210928,5456279.28571
ukr,20210929,5501727.85714
ukr,20210930,5547265.42857
ukr,20211001,5591986.42857
ukr,20211002,5636528.42857
ukr,20211003,5681246.71429
ukr,20211004,5725891.42857
ukr,20211005,5770752.85714
ukr,20211006,5817140.42857
ukr,20211007,5864838
ukr,20211008,5915160
ukr,20211009,5966579.14286
ukr,20211010,6018460
ukr,20211011,6072368.71429
ukr,20211012,6128365
ukr,20211013,6186589.14286
ukr,20211014,6237493.14286
ukr,20211015,6287552
ukr,20211016,6337937.14286
ukr,20211017,6388670
ukr,20211018,6442309.71429
ukr,20211019,6497557.71429
ukr,20211020,6553825.71429
ukr,20211021,6620145.85714
ukr,20211022,6688943.85714
ukr,20211023,6759748.42857
ukr,20211024,6831106.42857
ukr,20211025,6900426.14286
ukr,20211026,6969007.85714
ukr,20211027,7036689
ukr,20211028,7102881.42857
ukr,20211029,7168832.14286
ukr,20211030,7234256.28571
ukr,20211031,7299992
ukr,20211101,7365198.57143
ukr,20211102,7430699.28571
ukr,20211103,7497200.42857
ukr,20211104,7564395.14286
ukr,20211105,7633177.28571
ukr,20211106,7702181.14286
ukr,20211107,7771929
ukr,20211108,7846615.57143
ukr,20211109,7926359.14286
ukr,20211110,8012309.71429
ukr,20211111,8106516.85714
ukr,20211112,8210510.28571
ukr,20211113,8319277.71429
ukr,20211114,8431303.71429
ukr,20211115,8552641
ukr,20211116,8683133.71429
ukr,20211117,8822101.42857
ukr,20211118,8968736.85714
ukr,20211119,9122285.85714
ukr,20211120,9279131.57143
ukr,20211121,9437999.28571
ukr,20211122,9600562.85714
ukr,20211123,9765840.14286
ukr,20211124,9931651.71429
ukr,20211125,10097591.28571
ukr,20211126,10261501.57143
ukr,20211127,10424492.14286
ukr,20211128,10586405.14286
ukr,20211129,10743158.71429
ukr,20211130,10893722.28571
ukr,20211201,11035916.71429
ukr,20211202,11170078.28571
ukr,20211203,11295990.57143
ukr,20211204,11418510.85714
ukr,20211205,11538279
ukr,20211206,11652436.57143
ukr,20211207,11761451.71429
ukr,20211208,11866937.57143
ukr,20211209,11967330
ukr,20211210,12063720.85714
ukr,20211211,12157788
ukr,20211212,12250870
ukr,20211213,12339827
ukr,20211214,12425253.85714
ukr,20211215,12508663.28571
ukr,20211216,12590438.85714
ukr,20211217,12669614
ukr,20211218,12746896.14286
ukr,20211219,12822499.14286
ukr,20211220,12896362
ukr,20211221,12967965.57143
ukr,20211222,13037096.85714
ukr,20211223,13104443.14286
ukr,20211224,13169569.85714
ukr,20211225,13231247.14286
ukr,20211226,13292274.14286
ukr,20211227,13347390.57143
ukr,20211228,13404650.57143
ukr,20211229,13462651.42857
ukr,20211230,13520122.42857
ukr,20211231,13571526.71429
ukr,20220101,13620257.28571
ukr,20220102,13666068.71429
ukr,20220103,13711050.14286
ukr,20220104,13752969
ukr,20220105,13793013.14286
ukr,20220106,13829057.57143
ukr,20220107,13859908.57143
ukr,20220108,13893248.85714
ukr,20220109,13928353.42857
ukr,20220110,13967980
ukr,20220111,14005579.71429
ukr,20220112,14040776.28571
ukr,20220113,14076062.71429
ukr,20220114,14117510.14286
ukr,20220115,14159148.28571
ukr,20220116,14200583.57143
ukr,20220117,14238754.28571
ukr,20220118,14273695.85714
ukr,20220119,14305636.85714
ukr,20220120,14336069.28571
ukr,20220121,14365035.42857
ukr,20220122,14393272.42857
ukr,20220123,14421210.14286
ukr,20220124,14447501.71429
ukr,20220125,14472684.71429
ukr,20220126,14497494.57143
ukr,20220127,14521207.71429
ukr,20220128,14543613.57143
ukr,20220129,14565697.14286
ukr,20220130,14587611.85714
ukr,20220131,14609644.42857
ukr,20220201,14631429
ukr,20220202,14652958.14286
ukr,20220203,14674661
ukr,20220204,14697220.42857
ukr,20220205,14720178.14286
ukr,20220206,14743189.42857
ukr,20220207,14766679.57143
ukr,20220208,14790706.71429
ukr,20220209,14814955.14286
ukr,20220210,14839517.42857
ukr,20220211,14864448
ukr,20220212,14889690.14286
ukr,20220213,14915068.42857
ukr,20220214,14940230.28571
ukr,20220215,14965149.28571
ukr,20220216,14989991.28571
ukr,20220217,15014411.14286
ukr,20220218,15038429.57143
ukr,20220219,15061972.57143
ukr,20220220,15085370.42857
ukr,20220221,15108577.57143
ukr,20220222,15131465.28571
ukr,20220223,15153934
ury,20210329,17261
ury,20210330,24280.5
ury,20210331,33409.66667
ury,20210401,40096.5
ury,20210402,45852
ury,20210403,49695.83333
ury,20210404,52442.71429
ury,20210405,63766.57143
ury,20210406,76119.57143
ury,20210407,89048.28571
ury,20210408,103808
ury,20210409,121328.28571
ury,20210410,140153.71429
ury,20210411,158979.42857
ury,20210412,174919.28571
ury,20210413,189256.57143
ury,20210414,201523.42857
ury,20210415,215442.85714
ury,20210416,230116.14286
ury,20210417,244835.14286
ury,20210418,259559.28571
ury,20210419,277665.71429
ury,20210420,299452.14286
ury,20210421,325157.85714
ury,20210422,352213
ury,20210423,380112.42857
ury,20210424,408478.14286
ury,20210425,436841.42857
ury,20210426,465990.42857
ury,20210427,495348.14286
ury,20210428,524608.14286
ury,20210429,553338
ury,20210430,582169
ury,20210501,609184.57143
ury,20210502,636200.85714
ury,20210503,660760.14286
ury,20210504,683134.71429
ury,20210505,703407.28571
ury,20210506,721960.85714
ury,20210507,736213.42857
ury,20210508,750946.57143
ury,20210509,765725.42857
ury,20210510,782998.85714
ury,20210511,802380.57143
ury,20210512,823980.42857
ury,20210513,845327.71429
ury,20210514,868034.14286
ury,20210515,890697.14286
ury,20210516,913325.71429
ury,20210517,931417.14286
ury,20210518,945319.14286
ury,20210519,954796.28571
ury,20210520,961670.42857
ury,20210521,966723.85714
ury,20210522,971691.42857
ury,20210523,976719.28571
ury,20210524,981695.42857
ury,20210525,986152.85714
ury,20210526,990148.71429
ury,20210527,993783.71429
ury,20210528,997177.28571
ury,20210529,1002108.28571
ury,20210530,1006985.28571
ury,20210531,1012713.71429
ury,20210601,1019425
ury,20210602,1027216.28571
ury,20210603,1035924.71429
ury,20210604,1045377.14286
ury,20210605,1053311.28571
ury,20210606,1061226.14286
ury,20210607,1068310.28571
ury,20210608,1074397.71429
ury,20210609,1079845.57143
ury,20210610,1088233.14286
ury,20210611,1100037.71429
ury,20210612,1114250.28571
ury,20210613,1128555.57143
ury,20210614,1148438.42857
ury,20210615,1173514.28571
ury,20210616,1203149.42857
ury,20210617,1234250.14286
ury,20210618,1265421.28571
ury,20210619,1295446.71429
ury,20210620,1325519.42857
ury,20210621,1355099.28571
ury,20210622,1384218.42857
ury,20210623,1412792.57143
ury,20210624,1440106.85714
ury,20210625,1466625.57143
ury,20210626,1493205.85714
ury,20210627,1519820.71429
ury,20210628,1545791.28571
ury,20210629,1571575.42857
ury,20210630,1597234.42857
ury,20210701,1623706.57143
ury,20210702,1652041.57143
ury,20210703,1680819
ury,20210704,1709560.57143
ury,20210705,1738647
ury,20210706,1767983.71429
ury,20210707,1798486
ury,20210708,1826055.14286
ury,20210709,1850052.42857
ury,20210710,1872444.42857
ury,20210711,1894744.57143
ury,20210712,1914846
ury,20210713,1932563.71429
ury,20210714,1947347
ury,20210715,1963615
ury,20210716,1982537.42857
ury,20210717,2001628.85714
ury,20210718,2020676.14286
ury,20210719,2039564.71429
ury,20210720,2057798.71429
ury,20210721,2074646.71429
ury,20210722,2089457.28571
ury,20210723,2101510.28571
ury,20210724,2113165.85714
ury,20210725,2124822.71429
ury,20210726,2136440.85714
ury,20210727,2148695.71429
ury,20210728,2162213.28571
ury,20210729,2176118
ury,20210730,2189732.57143
ury,20210731,2203505.85714
ury,20210801,2217275
ury,20210802,2229827.42857
ury,20210803,2241246.42857
ury,20210804,2251319.42857
ury,20210805,2260973.42857
ury,20210806,2269935.14286
ury,20210807,2278765
ury,20210808,2287598.85714
ury,20210809,2298465.57143
ury,20210810,2310801.71429
ury,20210811,2324670.42857
ury,20210812,2339298.85714
ury,20210813,2354664.28571
ury,20210814,2369917.14286
ury,20210815,2385170.14286
ury,20210816,2398046.57143
ury,20210817,2409017.57143
ury,20210818,2418587.28571
ury,20210819,2427250.71429
ury,20210820,2436993.28571
ury,20210821,2446827.57143
ury,20210822,2456783.85714
ury,20210823,2466708.28571
ury,20210824,2476119.71429
ury,20210825,2483845.71429
ury,20210826,2490430.42857
ury,20210827,2494773.42857
ury,20210828,2499104.85714
ury,20210829,2503309.71429
ury,20210830,2506834.28571
ury,20210831,2510451
ury,20210901,2514865.57143
ury,20210902,2519486.85714
ury,20210903,2524255.14286
ury,20210904,2528792.85714
ury,20210905,2533336.85714
ury,20210906,2537494.71429
ury,20210907,2541002.42857
ury,20210908,2543955
ury,20210909,2546284.42857
ury,20210910,2547797.57143
ury,20210911,2549243
ury,20210912,2550680.42857
ury,20210913,2553021
ury,20210914,2555583.42857
ury,20210915,2558220.28571
ury,20210916,2561037.71429
ury,20210917,2564078.57143
ury,20210918,2567123.71429
ury,20210919,2570168.71429
ury,20210920,2572027.85714
ury,20210921,2573530.71429
ury,20210922,2574788
ury,20210923,2575712.42857
ury,20210924,2576289.71429
ury,20210925,2576858.28571
ury,20210926,2577427.71429
ury,20210927,2578304.85714
ury,20210928,2579276.57143
ury,20210929,2580362.28571
ury,20210930,2581610.14286
ury,20211001,2582970.85714
ury,20211002,2584357.14286
ury,20211003,2585756.85714
ury,20211004,2588033.71429
ury,20211005,2590666.71429
ury,20211006,2593611.14286
ury,20211007,2596816.57143
ury,20211008,2600262.14286
ury,20211009,2603697.14286
ury,20211010,2607118.42857
ury,20211011,2609620.28571
ury,20211012,2611739.57143
ury,20211013,2613497.71429
ury,20211014,2614925.28571
ury,20211015,2616195.28571
ury,20211016,2617452.28571
ury,20211017,2618707.85714
ury,20211018,2619962.71429
ury,20211019,2621219.28571
ury,20211020,2622401.85714
ury,20211021,2623578.57143
ury,20211022,2624759.71429
ury,20211023,2625937.42857
ury,20211024,2627123.57143
ury,20211025,2628335.28571
ury,20211026,2629476.28571
ury,20211027,2630690
ury,20211028,2631865
ury,20211029,2632965.57143
ury,20211030,2634071.85714
ury,20211031,2635170.14286
ury,20211101,2636001.28571
ury,20211102,2636691.57143
ury,20211103,2637442.71429
ury,20211104,2638226.85714
ury,20211105,2639046
ury,20211106,2639870.71429
ury,20211107,2640695.28571
ury,20211108,2641539.28571
ury,20211109,2642687
ury,20211110,2643797.57143
ury,20211111,2644971.42857
ury,20211112,2646212.42857
ury,20211113,2647447.28571
ury,20211114,2648681.85714
ury,20211115,2649903.57143
ury,20211116,2650912.85714
ury,20211117,2651789
ury,20211118,2652539.57143
ury,20211119,2653178.71429
ury,20211120,2653813.14286
ury,20211121,2654447.71429
ury,20211122,2655101.71429
ury,20211123,2655770
ury,20211124,2656476.14286
ury,20211125,2657156.85714
ury,20211126,2657770.28571
ury,20211127,2658388.71429
ury,20211128,2659007
ury,20211129,2659646
ury,20211130,2660211.28571
ury,20211201,2660807.14286
ury,20211202,2661439.14286
ury,20211203,2662194.28571
ury,20211204,2662945.57143
ury,20211205,2663697.14286
ury,20211206,2664270.28571
ury,20211207,2664879.28571
ury,20211208,2665546.28571
ury,20211209,2666248.71429
ury,20211210,2666927.71429
ury,20211211,2667606.42857
ury,20211212,2668285
ury,20211213,2668998.85714
ury,20211214,2669760.57143
ury,20211215,2670412.71429
ury,20211216,2671012
ury,20211217,2671625.57143
ury,20211218,2672238
ury,20211219,2672850.42857
ury,20211220,2673501.14286
ury,20211221,2674132.28571
ury,20211222,2674806.28571
ury,20211223,2675398.42857
ury,20211224,2675704.14286
ury,20211225,2676008.85714
ury,20211226,2676313.57143
ury,20211227,2676545
ury,20211228,2676810.28571
ury,20211229,2677025.71429
ury,20211230,2677243.28571
ury,20211231,2677460.71429
ury,20220101,2677678.14286
ury,20220102,2677895.57143
ury,20220103,2678196.71429
ury,20220104,2678481.28571
ury,20220105,2678750.57143
ury,20220106,2679006
ury,20220107,2679279.14286
ury,20220108,2679552.71429
ury,20220109,2679826.14286
ury,20220110,2680364
ury,20220111,2680884.85714
ury,20220112,2681518.14286
ury,20220113,2682303.42857
ury,20220114,2683343.28571
ury,20220115,2684391.85714
ury,20220116,2685441.14286
ury,20220117,2686297.42857
ury,20220118,2687115
ury,20220119,2687881
ury,20220120,2688537.57143
ury,20220121,2689003.71429
ury,20220122,2689467.14286
ury,20220123,2689929.85714
ury,20220124,2690351
ury,20220125,2690775.42857
ury,20220126,2691215
ury,20220127,2691663.85714
ury,20220128,2692128.42857
ury,20220129,2692588.71429
ury,20220130,2693049.14286
ury,20220131,2693458.71429
ury,20220201,2693878.42857
ury,20220202,2694277.57143
ury,20220203,2694671.28571
ury,20220204,2695053.71429
ury,20220205,2695434
ury,20220206,2695814.14286
ury,20220207,2696637.14286
ury,20220208,2697495.42857
ury,20220209,2698410
ury,20220210,2699372.14286
ury,20220211,2700324.14286
ury,20220212,2701277.85714
ury,20220213,2702231.57143
ury,20220214,2703019.28571
ury,20220215,2703787.14286
ury,20220216,2704465.57143
ury,20220217,2705086.85714
ury,20220218,2705702.85714
ury,20220219,2706322.42857
ury,20220220,2706942
ury,20220221,2707664.71429
ury,20220222,2708441.85714
ury,20220223,2710430
ury,20220224,2713698.71429
ury,20220225,2717449.28571
ury,20220226,2721199.57143
ury,20220227,2724949.85714
ury,20220228,2728680
ury,20220301,2733077
ury,20220302,2737472.28571
ury,20220303,2741921.28571
ury,20220304,2746815.71429
ury,20220305,2751705.42857
ury,20220306,2756595.14286
ury,20220307,2761904.28571
ury,20220308,2767285.42857
ury,20220309,2772619.71429
ury,20220310,2777745
ury,20220311,2782433.42857
ury,20220312,2787124.42857
ury,20220313,2791815.57143
ury,20220314,2796378
ury,20220315,2800605.28571
ury,20220316,2804359.71429
ury,20220317,2807880.42857
ury,20220318,2811401.28571
ury,20220319,2814924.42857
ury,20220320,2818447.57143
ury,20220321,2821869.28571
ury,20220322,2825124.71429
ury,20220323,2827956.14286
ury,20220324,2830349.71429
ury,20220325,2832514.28571
usa,20201213,5812
usa,20201214,5872
usa,20201215,5979.33333
usa,20201216,6152
usa,20201217,6405.4
usa,20201218,6776.16667
usa,20201219,7192.42857
usa,20201220,7847.71429
usa,20201221,8699.28571
usa,20201222,9924.71429
usa,20201223,11502.28571
usa,20201224,13130.28571
usa,20201225,14600.28571
usa,20201226,16057.28571
usa,20201227,17516.28571
usa,20201228,19359.28571
usa,20201229,21540.42857
usa,20201230,24411.42857
usa,20201231,27576
usa,20210101,31702.28571
usa,20210102,36099
usa,20210103,40743.57143
usa,20210104,51332.28571
usa,20210105,73811.85714
usa,20210106,119805.42857
usa,20210107,205465.28571
usa,20210108,342040.28571
usa,20210109,496584.71429
usa,20210110,660719.57143
usa,20210111,864381.71429
usa,20210112,1100315
usa,20210113,1350262
usa,20210114,1579485.85714
usa,20210115,1774057.85714
usa,20210116,1960534.28571
usa,20210117,2143079.85714
usa,20210118,2312114.57143
usa,20210119,2487164.85714
usa,20210120,2683722.14286
usa,20210121,2900148.28571
usa,20210122,3129276.71429
usa,20210123,3369665.57143
usa,20210124,3616670.85714
usa,20210125,3901053.57143
usa,20210126,4217692.57143
usa,20210127,4566831.71429
usa,20210128,4956464.85714
usa,20210129,5387052.42857
usa,20210130,5830763.57143
usa,20210131,6280037
usa,20210201,6741259.28571
usa,20210202,7219265.71429
usa,20210203,7723895.71429
usa,20210204,8279223.71429
usa,20210205,8900958.71429
usa,20210206,9548326.85714
usa,20210207,10199904.71429
usa,20210208,10870320.57143
usa,20210209,11568709.85714
usa,20210210,12295804
usa,20210211,13048057.85714
usa,20210212,13828305.85714
usa,20210213,14629851.85714
usa,20210214,15441718.42857
usa,20210215,16229226.42857
usa,20210216,17001267.71429
usa,20210217,17766722.57143
usa,20210218,18515742.42857
usa,20210219,19255945.28571
usa,20210220,20011706
usa,20210221,20780926.85714
usa,20210222,21588324.28571
usa,20210223,22429683.42857
usa,20210224,23305758.42857
usa,20210225,24234076.14286
usa,20210226,25203267.42857
usa,20210227,26191953.85714
usa,20210228,27176557.42857
usa,20210301,28160018
usa,20210302,29134148.28571
usa,20210303,30092418
usa,20210304,31036812.85714
usa,20210305,31970379.85714
usa,20210306,32910429.42857
usa,20210307,33857349.14286
usa,20210308,34812387.71429
usa,20210309,35784591.28571
usa,20210310,36777656.57143
usa,20210311,37792933.71429
usa,20210312,38839879.57143
usa,20210313,39909084.14286
usa,20210314,40990209.14286
usa,20210315,42073884
usa,20210316,43152983.28571
usa,20210317,44212362.14286
usa,20210318,45243976
usa,20210319,46232030.14286
usa,20210320,47197494.57143
usa,20210321,48155091.71429
usa,20210322,49103845.28571
usa,20210323,50067386
usa,20210324,51072674.57143
usa,20210325,52141268.85714
usa,20210326,53292382.71429
usa,20210327,54486919.14286
usa,20210328,55707119.28571
usa,20210329,56994108.28571
usa,20210330,58353859.14286
usa,20210331,59787470
usa,20210401,61305784
usa,20210402,62826289.71429
usa,20210403,64346012.57143
usa,20210404,65840083
usa,20210405,67380845.14286
usa,20210406,68981337
usa,20210407,70633855.14286
usa,20210408,72325632.85714
usa,20210409,74106197.85714
usa,20210410,75957890
usa,20210411,77870890.57143
usa,20210412,79801423.85714
usa,20210413,81680376.85714
usa,20210414,83505314.42857
usa,20210415,85249459.42857
usa,20210416,86920898.28571
usa,20210417,88523800
usa,20210418,90095520
usa,20210419,91630154.71429
usa,20210420,93181398.71429
usa,20210421,94750374.14286
usa,20210422,96334510.28571
usa,20210423,97915227.85714
usa,20210424,99497241.71429
usa,20210425,101066856.42857
usa,20210426,102631975.85714
usa,20210427,104190846.42857
usa,20210428,105737911.85714
usa,20210429,107274224.28571
usa,20210430,108803095.14286
usa,20210501,110329033.42857
usa,20210502,111867779.14286
usa,20210503,113402229.42857
usa,20210504,114932313
usa,20210505,116439474.85714
usa,20210506,117923381.57143
usa,20210507,119398242.14286
usa,20210508,120861961.85714
usa,20210509,122304581.28571
usa,20210510,123714552.71429
usa,20210511,125080383.71429
usa,20210512,126393531.85714
usa,20210513,127647992.71429
usa,20210514,128852147.57143
usa,20210515,130042563.28571
usa,20210516,131239950.28571
usa,20210517,132413981
usa,20210518,133547059
usa,20210519,134643240
usa,20210520,135706446.28571
usa,20210521,136736297.57143
usa,20210522,137734764.42857
usa,20210523,138713317.57143
usa,20210524,139654795.85714
usa,20210525,140549717.85714
usa,20210526,141395795.28571
usa,20210527,142187818.85714
usa,20210528,142920192.71429
usa,20210529,143602533.14286
usa,20210530,144264619.14286
usa,20210531,144836865
usa,20210601,145401273.85714
usa,20210602,145943238.14286
usa,20210603,146490889.71429
usa,20210604,147063121.57143
usa,20210605,147682469.14286
usa,20210606,148324394.57143
usa,20210607,149054515.14286
usa,20210608,149789469.71429
usa,20210609,150544605.28571
usa,20210610,151296578.85714
usa,20210611,152033556.71429
usa,20210612,152754995.85714
usa,20210613,153466872
usa,20210614,154161554.71429
usa,20210615,154833806.42857
usa,20210616,155478751
usa,20210617,156091598.14286
usa,20210618,156667731.85714
usa,20210619,157204942.28571
usa,20210620,157724990
usa,20210621,158198437.28571
usa,20210622,158644439
usa,20210623,159063443.42857
usa,20210624,159457624
usa,20210625,159831255.28571
usa,20210626,160194219.85714
usa,20210627,160553537.28571
usa,20210628,160914538.42857
usa,20210629,161259732.85714
usa,20210630,161591969.14286
usa,20210701,161912381.71429
usa,20210702,162216936.71429
usa,20210703,162506333.85714
usa,20210704,162778156.57143
usa,20210705,163036231.85714
usa,20210706,163291356.57143
usa,20210707,163542102.71429
usa,20210708,163789766.57143
usa,20210709,164037952.28571
usa,20210710,164288704.57143
usa,20210711,164550950
usa,20210712,164822432
usa,20210713,165084492.42857
usa,20210714,165339687.42857
usa,20210715,165588531
usa,20210716,165831350.42857
usa,20210717,166071622
usa,20210718,166311558.57143
usa,20210719,166548411
usa,20210720,166783061.42857
usa,20210721,167016983.28571
usa,20210722,167249360.42857
usa,20210723,167479556
usa,20210724,167707644.42857
usa,20210725,167929662.28571
usa,20210726,168147280.28571
usa,20210727,168364291.85714
usa,20210728,168580149.85714
usa,20210729,168795376.57143
usa,20210730,169011126.28571
usa,20210731,169227745.71429
usa,20210801,169449541.57143
usa,20210802,169673873.28571
usa,20210803,169898537.71429
usa,20210804,170122723.14286
usa,20210805,170348601.28571
usa,20210806,170577431.14286
usa,20210807,170807643.14286
usa,20210808,171040491.14286
usa,20210809,171280214.71429
usa,20210810,171525842.85714
usa,20210811,171777272.85714
usa,20210812,172035674.28571
usa,20210813,172305197.85714
usa,20210814,172582256
usa,20210815,172865586.85714
usa,20210816,173158569.14286
usa,20210817,173461382.57143
usa,20210818,173776074.42857
usa,20210819,174100476
usa,20210820,174437623.85714
usa,20210821,174782611.42857
usa,20210822,175130129
usa,20210823,175484908.57143
usa,20210824,175847017.57143
usa,20210825,176215334.85714
usa,20210826,176591002.85714
usa,20210827,176975429.71429
usa,20210828,177366063.28571
usa,20210829,177760449.28571
usa,20210830,178158567.42857
usa,20210831,178557503.14286
usa,20210901,178954426.28571
usa,20210902,179346802.14286
usa,20210903,179732052.42857
usa,20210904,180108249
usa,20210905,180479841.71429
usa,20210906,180802242.71429
usa,20210907,181132917.42857
usa,20210908,181462527
usa,20210909,181791513.71429
usa,20210910,182121828.28571
usa,20210911,182455329.57143
usa,20210912,182788824.42857
usa,20210913,183164600.28571
usa,20210914,183525899.42857
usa,20210915,183885452
usa,20210916,184244304.14286
usa,20210917,184600560.14286
usa,20210918,184953336.71429
usa,20210919,185304882.85714
usa,20210920,185651864.57143
usa,20210921,185993873.14286
usa,20210922,186328359.14286
usa,20210923,186653894.57143
usa,20210924,186969856.71429
usa,20210925,187279233
usa,20210926,187585917
usa,20210927,187874402.28571
usa,20210928,188157414.85714
usa,20210929,188436978.71429
usa,20210930,188715356.85714
usa,20211001,188988761.57143
usa,20211002,189259040.28571
usa,20211003,189527132.42857
usa,20211004,189800001.85714
usa,20211005,190066122.85714
usa,20211006,190324687.14286
usa,20211007,190574012
usa,20211008,190813505.85714
usa,20211009,191047416.57143
usa,20211010,191277669.57143
usa,20211011,191502806.71429
usa,20211012,191724683.85714
usa,20211013,191942236.28571
usa,20211014,192155992.71429
usa,20211015,192365082.28571
usa,20211016,192570831.71429
usa,20211017,192773643
usa,20211018,192975050.71429
usa,20211019,193170551.28571
usa,20211020,193361156.85714
usa,20211021,193547148
usa,20211022,193728599
usa,20211023,193908453.71429
usa,20211024,194087750.14286
usa,20211025,194266060.85714
usa,20211026,194445565.42857
usa,20211027,194626888
usa,20211028,194809877
usa,20211029,194991735.57143
usa,20211030,195171520.85714
usa,20211031,195349886.28571
usa,20211101,195526918.71429
usa,20211102,195702129.28571
usa,20211103,195875171.57143
usa,20211104,196046240.14286
usa,20211105,196216100.14286
usa,20211106,196385728.28571
usa,20211107,196555358.28571
usa,20211108,196721823.71429
usa,20211109,196885109
usa,20211110,197045291.85714
usa,20211111,197199552.28571
usa,20211112,197349503.57143
usa,20211113,197497357.71429
usa,20211114,197643801.57143
usa,20211115,197789406.85714
usa,20211116,197935166.85714
usa,20211117,198081226.71429
usa,20211118,198229851
usa,20211119,198377885.42857
usa,20211120,198525633.42857
usa,20211121,198673303.71429
usa,20211122,198821582.28571
usa,20211123,198969653.71429
usa,20211124,199115142.57143
usa,20211125,199236871.85714
usa,20211126,199355882.42857
usa,20211127,199488878
usa,20211128,199634338.71429
usa,20211129,199806786.42857
usa,20211130,200011347.85714
usa,20211201,200252124.42857
usa,20211202,200548341.85714
usa,20211203,200889430.71429
usa,20211204,201266475.14286
usa,20211205,201649485
usa,20211206,202027462.28571
usa,20211207,202398302.42857
usa,20211208,202761086.85714
usa,20211209,203116067.85714
usa,20211210,203457449.85714
usa,20211211,203782456.14286
usa,20211212,204098929.57143
usa,20211213,204408728.14286
usa,20211214,204710709.57143
usa,20211215,204999645.71429
usa,20211216,205264446
usa,20211217,205508754.28571
usa,20211218,205728325.42857
usa,20211219,205941089.71429
usa,20211220,206146409.14286
usa,20211221,206345462.14286
usa,20211222,206541354.85714
usa,20211223,206738346.28571
usa,20211224,206907455.71429
usa,20211225,207053461.71429
usa,20211226,207199664.42857
usa,20211227,207346272.57143
usa,20211228,207492628.71429
usa,20211229,207638678.42857
usa,20211230,207789896
usa,20211231,207946311.71429
usa,20220101,208104867.71429
usa,20220102,208264424.42857
usa,20220103,208419215.85714
usa,20220104,208570170.57143
usa,20220105,208717610.42857
usa,20220106,208864712.71429
usa,20220107,209033310.42857
usa,20220108,209224399.28571
usa,20220109,209413229.85714
usa,20220110,209601115.14286
usa,20220111,209787146.42857
usa,20220112,209971385.85714
usa,20220113,210152232.71429
usa,20220114,210323126.85714
usa,20220115,210481654
usa,20220116,210637785.57143
usa,20220117,210786893.42857
usa,20220118,210934038.28571
usa,20220119,211079158
usa,20220120,211222381.42857
usa,20220121,211363513.71429
usa,20220122,211503919.71429
usa,20220123,211645173.28571
usa,20220124,211789067.57143
usa,20220125,211931033.85714
usa,20220126,212071871.42857
usa,20220127,212212469.85714
usa,20220128,212359912.28571
usa,20220129,212511484
usa,20220130,212663474.42857
usa,20220131,212815130.28571
usa,20220201,212964438.42857
usa,20220202,213110146.71429
usa,20220203,213250848.14286
usa,20220204,213387860.14286
usa,20220205,213527702.57143
usa,20220206,213666543.28571
usa,20220207,213801585.28571
usa,20220208,213934648.42857
usa,20220209,214066433.14286
usa,20220210,214198137
usa,20220211,214328292.85714
usa,20220212,214454137
usa,20220213,214577940
usa,20220214,214696817
usa,20220215,214811358.57143
usa,20220216,214921755.57143
usa,20220217,215027837.28571
usa,20220218,215129395
usa,20220219,215227496.57143
usa,20220220,215324986.28571
usa,20220221,215421161.57143
usa,20220222,215514568.42857
usa,20220223,215604547.14286
usa,20220224,215691009
usa,20220225,215772056.28571
usa,20220226,215851131.28571
usa,20220227,215928746.57143
usa,20220228,216005169.71429
usa,20220301,216078243.57143
usa,20220302,216148303.42857
usa,20220303,216216047.71429
usa,20220304,216281415.85714
usa,20220305,216344931
usa,20220306,216407407.28571
usa,20220307,216466256.14286
usa,20220308,216523155.85714
usa,20220309,216578329.85714
usa,20220310,216632106.71429
usa,20220311,216683875.57143
usa,20220312,216734203
usa,20220313,216784040
usa,20220314,216833328.28571
usa,20220315,216881629.71429
usa,20220316,216928793
usa,20220317,216974308.85714
usa,20220318,217017941
usa,20220319,217060748
usa,20220320,217102990.71429
usa,20220321,217143744.85714
usa,20220322,217182584.85714
usa,20220323,217218281.14286
usa,20220324,217248204.71429
uzb,20210510,116884
uzb,20210512,153493.5
uzb,20210518,197768
uzb,20210523,252466.25
uzb,20210525,290651
uzb,20210615,409362.33333
uzb,20210720,497085.57143
uzb,20210802,656503.14286
uzb,20210909,1041407.42857
uzb,20210915,1478394.28571
uzb,20210921,1967848
uzb,20210924,2489627.28571
uzb,20210925,2944436.85714
uzb,20210927,3410182.57143
uzb,20210928,3858643
uzb,20210929,4083462
uzb,20210930,4254090
uzb,20211002,4364131.71429
uzb,20211004,4450472.57143
uzb,20211005,4535496.57143
uzb,20211006,4617997.42857
uzb,20211007,4699401.71429
uzb,20211014,4837016.71429
uzb,20211015,4976254.71429
uzb,20211016,5118047
uzb,20211017,5259205.57143
uzb,20211019,5403196.57143
uzb,20211020,5549044.42857
uzb,20211212,6429122
uzb,20220130,7358336
uzb,20220206,8370367.71429
uzb,20220213,9407668.14286
uzb,20220220,10475143.85714
uzb,20220306,11585885.85714
vct,20210720,9883
vct,20210723,9887.5
vct,20210730,9894.66667
vct,20210802,9903.5
vct,20210804,9922.4
vct,20210807,9936.66667
vct,20210810,9948.14286
vct,20210812,9969.71429
vct,20210819,10024.14286
vct,20210820,10306.28571
vct,20210904,10586.57143
vct,20210905,10929.85714
vct,20210912,11306.42857
vct,20210913,11717.71429
vct,20210922,12154.71429
vct,20210927,12603
vct,20210929,12828.42857
vct,20210930,13056.42857
vct,20211002,13221.42857
vct,20211006,13384
vct,20211014,13622.57143
vct,20211017,13881.14286
vct,20211022,14101
vct,20211023,14403.42857
vct,20211025,14746.28571
vct,20211026,15243.14286
vct,20211027,15810.71429
vct,20211102,16373.71429
vct,20211108,17024.57143
vct,20211109,17740.28571
vct,20211111,18414.42857
vct,20211112,19044.42857
vct,20211115,19592.28571
vct,20211117,20127.28571
vct,20211122,20624.85714
vct,20211124,20989.14286
vct,20211125,21335.42857
vct,20211126,21635.57143
vct,20211128,21969.28571
vct,20211201,22248.28571
vct,20211202,22490.14286
vct,20211205,22689.85714
vct,20211207,22961.14286
vct,20211210,23217
vct,20211216,23625.85714
vct,20211217,24065.14286
vct,20211228,24554
vct,20220127,25154.28571
vct,20220131,25771
vct,20220202,26348.57143
vct,20220203,26891
vct,20220208,27376.57143
vct,20220209,27804.14286
vct,20220210,28163.71429
vct,20220212,28361.85714
vct,20220214,28518
vct,20220219,28673.28571
vct,20220220,28825.57143
vct,20220222,28886.14286
vct,20220223,28942.14286
vct,20220224,28993.14286
vct,20220226,29042.42857
vct,20220228,29092.57143
vct,20220301,29108.85714
vct,20220307,29160
vct,20220308,29209.57143
vct,20220309,29310.57143
vct,20220310,29416.57143
vct,20220311,29523.28571
vct,20220314,29627
vct,20220316,29734
vct,20220317,29820.71429
vct,20220321,29908.71429
vct,20220322,29949.14286
vct,20220323,29985
ven,20210611,151896
ven,20210618,187877
ven,20210625,199870.66667
ven,20210705,205867.5
ven,20210712,384694
ven,20210827,876669.5
ven,20210910,1361630.57143
ven,20210921,2089931.14286
ven,20210927,2912672.71429
ven,20211008,3765068.57143
ven,20211105,5057639.85714
ven,20211129,6308865.71429
ven,20211217,7490545.42857
ven,20220128,8833070.42857
ven,20220204,10102889.85714
ven,20220211,11289221.42857
ven,20220218,12445898.71429
ven,20220225,13162400.57143
ven,20220311,13795084.71429
vgb,20210521,3776
vgb,20210528,4262.5
vgb,20210611,5271.33333
vgb,20210618,5921.75
vgb,20210625,6505.6
vgb,20210702,6963.66667
vgb,20210709,7311.42857
vgb,20210716,8216.71429
vgb,20210723,9092.71429
vgb,20210730,9685.42857
vgb,20210820,10361.42857
vgb,20210827,10917.42857
vgb,20210903,11570.28571
vgb,20210924,12364.71429
vgb,20211001,13114.28571
vgb,20211008,13769.57143
vgb,20211022,14387.28571
vgb,20211029,14868
vgb,20211105,15382.71429
vgb,20211112,15760.85714
vgb,20211129,16002.42857
vgb,20211203,16194.42857
vgb,20211217,16395.42857
vgb,20211223,16573
vgb,20220107,16730.42857
vgb,20220114,16842.28571
vgb,20220121,16946.42857
vgb,20220128,17027.14286
vgb,20220204,17103.14286
vgb,20220211,17154.71429
vgb,20220218,17197.85714
vgb,20220225,17234
vgb,20220311,17282.57143
vnm,20210430,9407
vnm,20210514,15224.5
vnm,20210515,17653.66667
vnm,20210516,18880.5
vnm,20210518,20874.8
vnm,20210522,22222.5
vnm,20210526,23185.14286
vnm,20210531,26213
vnm,20210602,27660.85714
vnm,20210603,28952.14286
vnm,20210604,30357.85714
vnm,20210605,31040.71429
vnm,20210606,31709.57143
vnm,20210607,33024.57143
vnm,20210608,34669.28571
vnm,20210609,36955.28571
vnm,20210610,39594.14286
vnm,20210611,42555
vnm,20210612,45519.71429
vnm,20210613,48608.57143
vnm,20210614,51671.71429
vnm,20210615,54746.14286
vnm,20210616,58338.42857
vnm,20210617,64025.57143
vnm,20210618,71558.28571
vnm,20210619,80262.57143
vnm,20210620,89750.85714
vnm,20210622,100355.85714
vnm,20210623,110933.85714
vnm,20210624,121047.57143
vnm,20210625,129688
vnm,20210626,136778.28571
vnm,20210627,142752.71429
vnm,20210628,150082.85714
vnm,20210629,157031.14286
vnm,20210630,164939.57143
vnm,20210701,173637.42857
vnm,20210702,182793
vnm,20210703,191809.28571
vnm,20210704,201266.42857
vnm,20210705,208961.28571
vnm,20210706,216545.42857
vnm,20210707,223527.14286
vnm,20210708,230030.85714
vnm,20210709,236297.85714
vnm,20210710,243841.71429
vnm,20210711,251571.85714
vnm,20210712,259216
vnm,20210713,266118
vnm,20210714,272526.42857
vnm,20210715,278975.57143
vnm,20210716,284676
vnm,20210717,289474.42857
vnm,20210718,293621.28571
vnm,20210719,297824.71429
vnm,20210720,302651.57143
vnm,20210721,308106.28571
vnm,20210722,313804
vnm,20210723,321721.71429
vnm,20210724,331343.85714
vnm,20210725,343256.42857
vnm,20210726,359439.28571
vnm,20210727,378462.71429
vnm,20210728,402987.71429
vnm,20210729,433250.85714
vnm,20210730,466864
vnm,20210731,502329.42857
vnm,20210801,540786.71429
vnm,20210802,582185.71429
vnm,20210803,624113.57143
vnm,20210804,664450.14286
vnm,20210805,703538.85714
vnm,20210806,742743.14286
vnm,20210807,781007.14286
vnm,20210808,821970.28571
vnm,20210809,863459.28571
vnm,20210810,905140.85714
vnm,20210811,949957.14286
vnm,20210812,1003076
vnm,20210813,1061454.57143
vnm,20210814,1128200
vnm,20210815,1190124
vnm,20210816,1247059.28571
vnm,20210817,1311391.14286
vnm,20210818,1378529.57143
vnm,20210819,1442032
vnm,20210820,1504188.14286
vnm,20210821,1566412.57143
vnm,20210822,1631423.14286
vnm,20210823,1705777.28571
vnm,20210824,1784752.42857
vnm,20210825,1867163.28571
vnm,20210826,1952683.42857
vnm,20210827,2041449.85714
vnm,20210828,2132872.28571
vnm,20210829,2231452.14286
vnm,20210830,2331005.42857
vnm,20210831,2429192.85714
vnm,20210901,2535194
vnm,20210902,2638638.14286
vnm,20210903,2741365.85714
vnm,20210904,2850985.85714
vnm,20210905,2967325.28571
vnm,20210906,3085213.85714
vnm,20210907,3234088.14286
vnm,20210908,3420978
vnm,20210909,3636472.85714
vnm,20210910,3878364.14286
vnm,20210911,4143761.28571
vnm,20210912,4427657.85714
vnm,20210913,4738657.42857
vnm,20210914,5033800.85714
vnm,20210915,5290812.57143
vnm,20210916,5536118.28571
vnm,20210917,5765594.14286
vnm,20210918,5974372.14286
vnm,20210919,6162086.71429
vnm,20210920,6328130.14286
vnm,20210921,6484626.28571
vnm,20210922,6637375.57143
vnm,20210923,6790902.14286
vnm,20210924,6963537.85714
vnm,20210925,7167611
vnm,20210926,7402824.85714
vnm,20210927,7661875.85714
vnm,20210928,7954910.14286
vnm,20210929,8303196.14286
vnm,20210930,8668772.71429
vnm,20211001,9036041
vnm,20211002,9398342.28571
vnm,20211003,9767966.71429
vnm,20211004,10198945.71429
vnm,20211005,10661842.42857
vnm,20211006,11134740.57143
vnm,20211008,11766766.28571
vnm,20211010,12546052.71429
vnm,20211011,13354430.71429
vnm,20211012,14157240.85714
vnm,20211013,14898424.14286
vnm,20211014,15608443.14286
vnm,20211016,16328907.85714
vnm,20211017,16887424.28571
vnm,20211018,17304182.71429
vnm,20211019,17724893.85714
vnm,20211020,18148317.14286
vnm,20211022,18709633.85714
vnm,20211023,19260209.14286
vnm,20211202,24313789.71429
vnm,20211209,29775666.57143
vnm,20211230,36909534.57143
vnm,20220113,44461076.14286
vnm,20220204,52279674
vnm,20220210,60183331.14286
vnm,20220211,68050058.42857
vnm,20220212,71326937
vnm,20220213,74155080.57143
vnm,20220223,75342535.42857
vnm,20220224,76030725.71429
vnm,20220225,76400131
vnm,20220226,76503886.42857
vnm,20220227,76602021.85714
vnm,20220228,76729112.28571
vnm,20220301,76856113.85714
vnm,20220302,76905776.71429
vnm,20220305,76999452.14286
vnm,20220306,77096786
vnm,20220307,77197724.85714
vnm,20220308,77299086.28571
vnm,20220309,77366420
vnm,20220310,77434332.57143
vnm,20220312,77506574.85714
vnm,20220315,77537713
vnm,20220317,77567835.42857
vnm,20220318,77594154.71429
vnm,20220319,77618228.57143
vnm,20220320,77641487
vnm,20220321,77662934.85714
vnm,20220322,77684759.85714
vut,20210727,114
vut,20210816,917.5
vut,20210831,2810.33333
vut,20210907,4334.25
vut,20210914,5722
vut,20210921,7159
vut,20211005,9579.85714
vut,20211012,13616.14286
vut,20211025,17735.14286
vut,20211101,21469.42857
vut,20211108,25105.85714
vut,20211115,28765.57143
vut,20211122,32446.42857
vut,20211206,35481.28571
vut,20211213,38192.28571
vut,20211220,41027.85714
vut,20220124,46249.57143
vut,20220207,51885.14286
vut,20220221,57790.85714
vut,20220228,64229.42857
wlf,20210427,1488
wlf,20210504,1488
wlf,20210511,1488
wlf,20210518,2079.5
wlf,20210525,2449.8
wlf,20210601,2706.66667
wlf,20210608,2908.42857
wlf,20210615,3294
wlf,20210621,3696
wlf,20210629,4107.42857
wlf,20210706,4184.42857
wlf,20210713,4266
wlf,20210720,4342.85714
wlf,20210802,4417
wlf,20210809,4484.42857
wlf,20210816,4543.14286
wlf,20210823,4601.57143
wlf,20210831,4666.71429
wlf,20210914,4730.71429
wlf,20210921,4800.28571
wlf,20210928,4862.28571
wlf,20211005,4934.42857
wlf,20211012,5012.57143
wlf,20211018,5090.28571
wlf,20211025,5178.14286
wlf,20211101,5276.57143
wlf,20211108,5389.71429
wlf,20211115,5503.71429
wlf,20211122,5609.14286
wlf,20211130,5703.85714
wlf,20220111,5817.57143
wlf,20220118,5913.57143
wlf,20220228,6022.14286
wlf,20220321,6114.85714
wsm,20210621,1195
wsm,20210629,3156
wsm,20210706,5188.66667
wsm,20210720,7804
wsm,20210727,10457.2
wsm,20210802,12947.83333
wsm,20210809,15191.42857
wsm,20210816,19617.57143
wsm,20210823,24247.14286
wsm,20210831,28917.42857
wsm,20210907,32898.42857
wsm,20210914,36393.28571
wsm,20210921,39945.71429
wsm,20210928,44083.57143
wsm,20211018,49959.57143
wsm,20211025,55827
wsm,20211101,61521.71429
wsm,20211108,67341
wsm,20211115,73157
wsm,20211130,81527.85714
wsm,20211213,90659.42857
wsm,20211220,97581.57143
wsm,20220111,103884.14286
wsm,20220118,109835.85714
wsm,20220124,115597.42857
wsm,20220214,121826.57143
wsm,20220221,124887.28571
wsm,20220321,126243.28571
yem,20210712,8577
yem,20210727,10949.5
yem,20210912,12269.33333
yem,20211011,45142.25
yem,20211028,74596.4
yem,20211101,98037.16667
yem,20220117,126575.85714
yem,20220120,170362.42857
yem,20220126,216184.85714
yem,20220131,263281
yem,20220207,294004.28571
yem,20220213,319152.14286
yem,20220217,341677.42857
yem,20220306,354084.14286
yem,20220316,366898.14286
zaf,20210218,2260
zaf,20210219,4392
zaf,20210220,6399.33333
zaf,20210221,8646.5
zaf,20210222,11529
zaf,20210223,14993.33333
zaf,20210224,18824.14286
zaf,20210225,26022.28571
zaf,20210226,34182.85714
zaf,20210227,42309.85714
zaf,20210228,50186.85714
zaf,20210301,57328
zaf,20210302,63574
zaf,20210303,69539.85714
zaf,20210304,75165.85714
zaf,20210305,80384.71429
zaf,20210306,85280.42857
zaf,20210307,89715.57143
zaf,20210308,93829
zaf,20210309,98260
zaf,20210310,104733.85714
zaf,20210311,111303.14286
zaf,20210312,117736.71429
zaf,20210313,124018.28571
zaf,20210315,130615.42857
zaf,20210316,138536.14286
zaf,20210317,147301.71429
zaf,20210318,154214.28571
zaf,20210319,160638.42857
zaf,20210323,167644.42857
zaf,20210324,176539.28571
zaf,20210325,186878.71429
zaf,20210326,197409.57143
zaf,20210327,206437
zaf,20210329,215349.85714
zaf,20210330,225167.57143
zaf,20210331,235113.42857
zaf,20210401,243869.71429
zaf,20210406,251342.42857
zaf,20210407,258186.28571
zaf,20210408,265618.28571
zaf,20210409,272575.85714
zaf,20210410,277818.57143
zaf,20210412,281519.85714
zaf,20210413,284880
zaf,20210428,288553.57143
zaf,20210429,292651
zaf,20210430,297512
zaf,20210501,301840.85714
zaf,20210503,307654
zaf,20210504,316710.28571
zaf,20210505,327207.14286
zaf,20210507,339066.85714
zaf,20210508,349765.28571
zaf,20210510,360847.28571
zaf,20210511,374519
zaf,20210512,389037.85714
zaf,20210513,403607.57143
zaf,20210514,419067.14286
zaf,20210515,432964.42857
zaf,20210516,446714.85714
zaf,20210517,458643.85714
zaf,20210518,467986.14286
zaf,20210708,585593
zaf,20210709,712667.42857
zaf,20210710,838585.28571
zaf,20210712,970163.14286
zaf,20210713,1110337
zaf,20210715,1281111.14286
zaf,20210719,1453789.14286
zaf,20210720,1529926.42857
zaf,20210722,1645673.85714
zaf,20210723,1776891.57143
zaf,20210725,1907186.14286
zaf,20210727,2067193.42857
zaf,20210729,2233161.71429
zaf,20210802,2418081.42857
zaf,20210803,2621800.71429
zaf,20210805,2789376.14286
zaf,20210808,2975437.71429
zaf,20210810,3176573.28571
zaf,20210812,3373463.28571
zaf,20210815,3551595
zaf,20210816,3725093.57143
zaf,20210818,3906510.57143
zaf,20210819,4092427.85714
zaf,20210820,4264624
zaf,20210822,4423660.42857
zaf,20210823,4570186.14286
zaf,20210824,4721385.57143
zaf,20210827,4922019.28571
zaf,20210830,5112790.42857
zaf,20210831,5306493.57143
zaf,20210901,5501228.57143
zaf,20210902,5711085
zaf,20210905,5926593.28571
zaf,20210907,6156652.42857
zaf,20210909,6340407.42857
zaf,20210910,6531210.28571
zaf,20210911,6702908.28571
zaf,20210912,6853506.71429
zaf,20210913,7000472.28571
zaf,20210914,7140677.14286
zaf,20210915,7263180.14286
zaf,20210916,7384023.85714
zaf,20210919,7492203.85714
zaf,20210921,7623824
zaf,20210922,7770808.42857
zaf,20210923,7915700.57143
zaf,20210924,8042604.71429
zaf,20210926,8154381.42857
zaf,20210927,8264044.71429
zaf,20210930,8393753.14286
zaf,20211003,8531848.71429
zaf,20211005,8694195.71429
zaf,20211006,8862979.28571
zaf,20211008,9052152.28571
zaf,20211011,9269347.85714
zaf,20211013,9514610.28571
zaf,20211015,9760371.42857
zaf,20211017,10001023.71429
zaf,20211019,10239780.71429
zaf,20211023,10528340.14286
zaf,20211025,10815654.85714
zaf,20211030,11157559.28571
zaf,20211031,11457400.14286
zaf,20211102,11742836.28571
zaf,20211103,12008713
zaf,20211104,12251809.57143
zaf,20211106,12431442
zaf,20211107,12590448.57143
zaf,20211108,12680395.14286
zaf,20211109,12782274.14286
zaf,20211110,12866181.85714
zaf,20211112,12966671
zaf,20211113,13057852.71429
zaf,20211114,13143360
zaf,20211115,13240714.57143
zaf,20211116,13333423.71429
zaf,20211117,13425200.71429
zaf,20211118,13515754.71429
zaf,20211120,13593615.57143
zaf,20211121,13665111.42857
zaf,20211122,13743334.85714
zaf,20211123,13820332.71429
zaf,20211124,13896309
zaf,20211126,13981238.42857
zaf,20211127,14056893.14286
zaf,20211129,14130455.14286
zaf,20211130,14216071
zaf,20211201,14303455.28571
zaf,20211202,14415553.28571
zaf,20211204,14532512.28571
zaf,20211205,14629784.14286
zaf,20211206,14734860.14286
zaf,20211207,14837811.14286
zaf,20211208,14938844.28571
zaf,20211210,15048735.71429
zaf,20211212,15126161.14286
zaf,20211213,15194119.85714
zaf,20211214,15269125.14286
zaf,20211215,15341818.28571
zaf,20211216,15410384.85714
zaf,20211219,15469834.85714
zaf,20211221,15520363.85714
zaf,20211224,15578273.28571
zaf,20211226,15628916.85714
zaf,20211227,15670790.85714
zaf,20211228,15709205
zaf,20211229,15744732.85714
zaf,20220101,15783701
zaf,20220102,15810576.85714
zaf,20220103,15830742.28571
zaf,20220104,15861306.42857
zaf,20220107,15903269
zaf,20220109,15942017.85714
zaf,20220117,15989527.71429
zaf,20220118,16038275.14286
zaf,20220119,16093558.57143
zaf,20220120,16150641.71429
zaf,20220121,16203961.57143
zaf,20220122,16247589.57143
zaf,20220124,16296198.42857
zaf,20220126,16344035.71429
zaf,20220127,16389962.42857
zaf,20220128,16434964.42857
zaf,20220130,16475842.57143
zaf,20220131,16514944.57143
zaf,20220202,16561731.71429
zaf,20220203,16606036.42857
zaf,20220206,16643461.28571
zaf,20220209,16688031.42857
zaf,20220211,16734794.57143
zaf,20220212,16780169.57143
zaf,20220213,16821923
zaf,20220214,16856505
zaf,20220216,16895002.14286
zaf,20220217,16932006.14286
zaf,20220219,16963186.71429
zaf,20220220,16986796.42857
zaf,20220222,17018440.85714
zaf,20220223,17053387.71429
zaf,20220225,17095355
zaf,20220227,17131452.28571
zaf,20220301,17171421
zaf,20220304,17217455
zaf,20220305,17264452.85714
zaf,20220306,17302877.42857
zaf,20220307,17340157
zaf,20220308,17367921.85714
zaf,20220309,17396889.85714
zaf,20220310,17421324.71429
zaf,20220311,17440719.28571
zaf,20220312,17458837.14286
zaf,20220313,17477569.71429
zaf,20220314,17492992.85714
zaf,20220315,17511568.71429
zaf,20220316,17529988
zaf,20220317,17548574.42857
zaf,20220318,17563599.85714
zaf,20220319,17582443
zaf,20220320,17601239.42857
zaf,20220321,17619996.28571
zaf,20220322,17635974.28571
zaf,20220323,17652686.42857
zaf,20220324,17670509.57143
zaf,20220325,17689682
zmb,20210521,1107
zmb,20210522,2153
zmb,20210523,3124.33333
zmb,20210525,3664.75
zmb,20210526,3989
zmb,20210527,4205.16667
zmb,20210528,4359.57143
zmb,20210529,4956.57143
zmb,20210602,5254.71429
zmb,20210615,5418.71429
zmb,20210624,5651.14286
zmb,20210625,5983.14286
zmb,20210626,6426.14286
zmb,20210627,6968.14286
zmb,20210629,7781.71429
zmb,20210630,8840
zmb,20210701,10017.71429
zmb,20210702,11410.28571
zmb,20210703,13217.14286
zmb,20210704,15196.85714
zmb,20210707,17860.28571
zmb,20210708,20440.14286
zmb,20210709,23347.57143
zmb,20210710,26533.71429
zmb,20210711,30026.57143
zmb,20210712,33220.42857
zmb,20210713,36683.85714
zmb,20210714,39575.85714
zmb,20210715,43200.14286
zmb,20210716,46792.42857
zmb,20210717,50400.14286
zmb,20210718,53691.42857
zmb,20210719,56964.71429
zmb,20210720,60157.28571
zmb,20210721,63138.57143
zmb,20210722,66195
zmb,20210724,70333.85714
zmb,20210726,75056
zmb,20210727,81785
zmb,20210728,89292.85714
zmb,20210729,98072.28571
zmb,20210730,108296.85714
zmb,20210731,118755.57143
zmb,20210801,128246
zmb,20210802,136826.42857
zmb,20210803,143448.42857
zmb,20210804,150140
zmb,20210805,156217.85714
zmb,20210806,162010.28571
zmb,20210807,167610.71429
zmb,20210809,173325.85714
zmb,20210810,179698.28571
zmb,20210811,186610.14286
zmb,20210813,193434.42857
zmb,20210815,199375.42857
zmb,20210817,204822
zmb,20210818,209863.85714
zmb,20210819,214759.85714
zmb,20210821,220390
zmb,20210823,225674
zmb,20210824,230608.28571
zmb,20210825,235506.42857
zmb,20210826,240310
zmb,20210827,245139.85714
zmb,20210828,249923.85714
zmb,20210830,253596.28571
zmb,20210902,258639.85714
zmb,20210903,263633.71429
zmb,20210907,269810.14286
zmb,20210923,285717
zmb,20210926,303569.42857
zmb,20210927,321263.57143
zmb,20210928,339599.71429
zmb,20210929,357086.14286
zmb,20210930,375270.42857
zmb,20211001,393059.57143
zmb,20211002,401965
zmb,20211007,411253.57143
zmb,20211008,420913.57143
zmb,20211009,430115
zmb,20211011,438993.14286
zmb,20211012,447469.85714
zmb,20211013,455826.85714
zmb,20211014,463676.71429
zmb,20211015,469422.42857
zmb,20211016,475113.28571
zmb,20211018,480671.14286
zmb,20211019,485691.42857
zmb,20211020,490651.42857
zmb,20211021,495357.28571
zmb,20211022,499594.71429
zmb,20211031,506507.57143
zmb,20211101,513026.42857
zmb,20211105,522591.42857
zmb,20211111,541009
zmb,20211119,560216.14286
zmb,20211122,579457.14286
zmb,20211123,599017
zmb,20211124,617804.85714
zmb,20211127,636761.42857
zmb,20211129,655083.28571
zmb,20211202,667157.85714
zmb,20211203,680555.28571
zmb,20211206,694607.14286
zmb,20211207,708847.28571
zmb,20211208,726090.28571
zmb,20211211,747594.57143
zmb,20211212,767388
zmb,20211213,785701.28571
zmb,20211214,803302.57143
zmb,20211215,822873.14286
zmb,20211216,845244.14286
zmb,20211218,869341.28571
zmb,20211219,890633.28571
zmb,20211220,911857.71429
zmb,20211221,935767.42857
zmb,20211222,961952.14286
zmb,20211224,993258.14286
zmb,20211229,1031444
zmb,20211231,1068672.71429
zmb,20220103,1110012.57143
zmb,20220105,1152471
zmb,20220106,1193556.57143
zmb,20220108,1235537.14286
zmb,20220110,1271233.28571
zmb,20220111,1301513.57143
zmb,20220112,1328825.57143
zmb,20220113,1353814.57143
zmb,20220117,1389349.14286
zmb,20220118,1426365.28571
zmb,20220119,1460138.71429
zmb,20220121,1493736
zmb,20220124,1525183.57143
zmb,20220125,1554312.85714
zmb,20220127,1582408.57143
zmb,20220129,1600540.28571
zmb,20220131,1615820.14286
zmb,20220203,1632701.71429
zmb,20220204,1649101.14286
zmb,20220207,1664776.71429
zmb,20220208,1680318
zmb,20220209,1694570
zmb,20220210,1707168.14286
zmb,20220212,1720991.14286
zmb,20220214,1732420.14286
zmb,20220216,1745388.85714
zmb,20220218,1759533.14286
zmb,20220220,1775038.14286
zmb,20220221,1789750.14286
zmb,20220222,1805078.42857
zmb,20220223,1819697.28571
zmb,20220227,1833395.85714
zmb,20220228,1850091
zmb,20220301,1865101.28571
zmb,20220305,1886990.57143
zmb,20220308,1911665.57143
zmb,20220309,1935477.71429
zmb,20220311,1961051.85714
zmb,20220314,1989732.14286
zmb,20220316,2015217.14286
zmb,20220318,2040455.28571
zmb,20220319,2058512.28571
zmb,20220321,2074727.14286
zmb,20220323,2092871
zmb,20220324,2109058.28571
zwe,20210322,280
zwe,20210323,671
zwe,20210324,1277
zwe,20210325,1981.5
zwe,20210326,2899
zwe,20210327,3743.33333
zwe,20210328,4726.85714
zwe,20210329,6381
zwe,20210330,8075.28571
zwe,20210331,9846.14286
zwe,20210401,11763.42857
zwe,20210402,13816.14286
zwe,20210403,15725
zwe,20210404,17292.85714
zwe,20210405,18749.57143
zwe,20210406,20260.71429
zwe,20210407,21874.14286
zwe,20210408,23248.14286
zwe,20210409,24252.42857
zwe,20210410,25319.57143
zwe,20210411,26361.71429
zwe,20210412,27397.14286
zwe,20210413,28396.57143
zwe,20210415,29652.28571
zwe,20210417,30891.14286
zwe,20210418,32099
zwe,20210420,33239.14286
zwe,20210421,34445.85714
zwe,20210422,35594.57143
zwe,20210423,36933.71429
zwe,20210424,38685.42857
zwe,20210425,41147.14286
zwe,20210426,44143.28571
zwe,20210427,47924
zwe,20210428,52585
zwe,20210429,59476.71429
zwe,20210501,66944.42857
zwe,20210502,73641.57143
zwe,20210503,80314
zwe,20210504,87481.14286
zwe,20210505,94902.14286
zwe,20210506,103357.71429
zwe,20210507,111176.71429
zwe,20210508,119233.85714
zwe,20210509,128383.28571
zwe,20210510,137173
zwe,20210511,146124.42857
zwe,20210512,155461.28571
zwe,20210513,164456.14286
zwe,20210514,173519.14286
zwe,20210515,182801.71429
zwe,20210516,190966.71429
zwe,20210517,199703.42857
zwe,20210518,208436.14286
zwe,20210519,218655
zwe,20210521,230309.28571
zwe,20210523,240988.71429
zwe,20210524,251688
zwe,20210526,262856.14286
zwe,20210527,274687.28571
zwe,20210528,287371.71429
zwe,20210529,299311.57143
zwe,20210530,308953.42857
zwe,20210531,318362.42857
zwe,20210601,327625.42857
zwe,20210602,336834.42857
zwe,20210603,345273.28571
zwe,20210604,352488.71429
zwe,20210605,358151
zwe,20210606,363803.57143
zwe,20210607,369642.85714
zwe,20210608,374804.85714
zwe,20210609,379960.71429
zwe,20210610,384919.85714
zwe,20210611,390711.85714
zwe,20210613,396225.57143
zwe,20210614,401061.14286
zwe,20210615,405843
zwe,20210616,410709
zwe,20210617,415433.42857
zwe,20210618,420221.71429
zwe,20210620,423714.57143
zwe,20210621,426991.71429
zwe,20210622,430646.71429
zwe,20210623,435367.42857
zwe,20210624,441690.14286
zwe,20210625,449875.85714
zwe,20210626,459819.57143
zwe,20210627,471719.57143
zwe,20210628,485727.42857
zwe,20210629,500680
zwe,20210630,515463.42857
zwe,20210701,528539
zwe,20210702,540007.57143
zwe,20210703,549365.85714
zwe,20210704,556389.42857
zwe,20210705,561648.71429
zwe,20210706,565941
zwe,20210707,569429.85714
zwe,20210708,573654.28571
zwe,20210710,577341
zwe,20210711,581305.42857
zwe,20210712,586654.42857
zwe,20210713,594253.42857
zwe,20210715,602942.57143
zwe,20210717,611472.57143
zwe,20210718,618949.85714
zwe,20210719,626478.71429
zwe,20210720,634253.85714
zwe,20210721,641578.71429
zwe,20210722,647249.14286
zwe,20210723,653254.28571
zwe,20210725,660086.71429
zwe,20210726,666667
zwe,20210727,676659.57143
zwe,20210728,688167.42857
zwe,20210729,701692.71429
zwe,20210730,716456
zwe,20210731,730952.42857
zwe,20210802,746907.28571
zwe,20210803,772117.42857
zwe,20210804,793622.57143
zwe,20210805,827378.85714
zwe,20210807,863203.71429
zwe,20210808,899590.57143
zwe,20210809,937467.14286
zwe,20210810,974946.85714
zwe,20210811,1006479
zwe,20210812,1051696.14286
zwe,20210814,1084868.85714
zwe,20210815,1116719.42857
zwe,20210816,1149874.85714
zwe,20210817,1187208.71429
zwe,20210818,1228356.71429
zwe,20210819,1271679.57143
zwe,20210820,1307089.85714
zwe,20210821,1343232.71429
zwe,20210822,1376925.14286
zwe,20210823,1409674
zwe,20210824,1438480.14286
zwe,20210825,1468907.85714
zwe,20210827,1496999.71429
zwe,20210828,1521174.28571
zwe,20210829,1543427.28571
zwe,20210830,1566184.71429
zwe,20210831,1588106.28571
zwe,20210901,1609225.14286
zwe,20210902,1625216.85714
zwe,20210903,1640394.57143
zwe,20210904,1655339.28571
zwe,20210905,1671150.57143
zwe,20210907,1688747.42857
zwe,20210908,1707869.42857
zwe,20210909,1728140.71429
zwe,20210910,1750701
zwe,20210911,1775486.42857
zwe,20210913,1803170.28571
zwe,20210914,1833001.28571
zwe,20210915,1864489.42857
zwe,20210916,1901986.42857
zwe,20210918,1938365.71429
zwe,20210919,1971817.71429
zwe,20210920,2003090.14286
zwe,20210921,2033392.71429
zwe,20210922,2062579.28571
zwe,20210923,2090377
zwe,20210924,2110665.28571
zwe,20210925,2130219.42857
zwe,20210926,2149067.42857
zwe,20210927,2167584
zwe,20210928,2185039.85714
zwe,20210929,2201786.57143
zwe,20210930,2217968.28571
zwe,20211001,2233988.71429
zwe,20211002,2249765.42857
zwe,20211003,2265591.85714
zwe,20211004,2280303.57143
zwe,20211005,2295397.28571
zwe,20211006,2310000.42857
zwe,20211007,2323559
zwe,20211008,2337639.42857
zwe,20211009,2351422
zwe,20211010,2364688.71429
zwe,20211011,2378200.14286
zwe,20211012,2390425
zwe,20211013,2402198.28571
zwe,20211014,2413366.71429
zwe,20211015,2423490.42857
zwe,20211016,2433349.57143
zwe,20211017,2443203
zwe,20211018,2454939.57143
zwe,20211019,2466187.28571
zwe,20211020,2477165.85714
zwe,20211021,2487838.57143
zwe,20211022,2498208.42857
zwe,20211023,2508544.14286
zwe,20211024,2518636.42857
zwe,20211025,2526553.42857
zwe,20211026,2534660.14286
zwe,20211027,2542692.42857
zwe,20211028,2550578.57143
zwe,20211029,2558257
zwe,20211030,2565947.42857
zwe,20211031,2573609.57143
zwe,20211101,2581143.28571
zwe,20211102,2588868.28571
zwe,20211103,2596252.42857
zwe,20211104,2603504
zwe,20211105,2610683.57143
zwe,20211106,2618062.14286
zwe,20211107,2625716.57143
zwe,20211108,2633377.42857
zwe,20211109,2640676.14286
zwe,20211110,2648054.42857
zwe,20211111,2655553.42857
zwe,20211112,2663068.85714
zwe,20211113,2670217.28571
zwe,20211114,2677042.42857
zwe,20211115,2684473.42857
zwe,20211116,2691772.28571
zwe,20211118,2699976
zwe,20211119,2708431.42857
zwe,20211120,2716666.71429
zwe,20211121,2724561.28571
zwe,20211122,2732537.85714
zwe,20211123,2739879.28571
zwe,20211124,2747631.28571
zwe,20211125,2754424.71429
zwe,20211126,2761524.85714
zwe,20211127,2768790.28571
zwe,20211128,2775949.57143
zwe,20211129,2783394.28571
zwe,20211130,2791830.71429
zwe,20211201,2800873.14286
zwe,20211202,2811858
zwe,20211203,2822982.28571
zwe,20211204,2834554.28571
zwe,20211205,2846873.57143
zwe,20211206,2859430.57143
zwe,20211207,2872917.71429
zwe,20211208,2886574
zwe,20211209,2900106.42857
zwe,20211210,2913843.85714
zwe,20211211,2926819.71429
zwe,20211212,2940094.28571
zwe,20211213,2953808.42857
zwe,20211214,2966334.14286
zwe,20211215,2978797.57143
zwe,20211216,2991488.28571
zwe,20211217,3004722.14286
zwe,20211218,3018585.28571
zwe,20211219,3031807.28571
zwe,20211220,3044139.85714
zwe,20211221,3056141.71429
zwe,20211222,3066897
zwe,20211223,3075986.71429
zwe,20211224,3083335.71429
zwe,20211225,3089771.85714
zwe,20211226,3095748
zwe,20211227,3101241
zwe,20211228,3105890.42857
zwe,20211229,3110620.57143
zwe,20211231,3115814.14286
zwe,20220101,3120849.42857
zwe,20220102,3125855.28571
zwe,20220103,3131041
zwe,20220104,3136742.28571
zwe,20220105,3143399.14286
zwe,20220106,3150256.57143
zwe,20220107,3156331.28571
zwe,20220108,3162255.71429
zwe,20220109,3168325.14286
zwe,20220110,3174700.85714
zwe,20220111,3180988.57143
zwe,20220112,3187490.57143
zwe,20220113,3194129.57143
zwe,20220114,3200824.71429
zwe,20220115,3207521.28571
zwe,20220116,3214036.71429
zwe,20220117,3220293
zwe,20220118,3226770.42857
zwe,20220119,3232790.57143
zwe,20220120,3238266.14286
zwe,20220121,3243649.71429
zwe,20220122,3249158.85714
zwe,20220123,3254607.57143
zwe,20220124,3259871.28571
zwe,20220125,3264812.85714
zwe,20220126,3269323.28571
zwe,20220127,3273783.14286
zwe,20220128,3277928.14286
zwe,20220129,3281858.85714
zwe,20220130,3285588.57143
zwe,20220131,3289403.14286
zwe,20220201,3293227.57143
zwe,20220202,3297544.85714
zwe,20220203,3301680.42857
zwe,20220204,3305774.71429
zwe,20220205,3309754.57143
zwe,20220206,3313732
zwe,20220207,3317658.28571
zwe,20220208,3321457.42857
zwe,20220209,3324865.42857
zwe,20220210,3328415.42857
zwe,20220211,3331713.14286
zwe,20220212,3335133.85714
zwe,20220213,3338575.71429
zwe,20220214,3341914.71429
zwe,20220215,3345113
zwe,20220216,3348256.57143
zwe,20220217,3351548
zwe,20220218,3355108
zwe,20220219,3358678.71429
zwe,20220220,3362152.57143
zwe,20220221,3365565.42857
zwe,20220222,3368988.42857
zwe,20220223,3372438.14286
zwe,20220224,3375574.14286
zwe,20220225,3378576.85714
zwe,20220226,3381336.42857
zwe,20220227,3384188.14286
zwe,20220228,3387371.57143
zwe,20220301,3390686.28571
zwe,20220302,3393713.14286
zwe,20220303,3396840.57143
zwe,20220304,3399650.42857
zwe,20220305,3402430.42857
zwe,20220306,3405056.42857
zwe,20220307,3407328
zwe,20220308,3409403.85714
zwe,20220309,3411583.57143
zwe,20220310,3413691.42857
zwe,20220311,3416156.42857
zwe,20220312,3418645.14286
zwe,20220313,3421247.14286
zwe,20220314,3423953
zwe,20220315,3426794.57143
zwe,20220316,3429763
zwe,20220317,3432496.28571
zwe,20220318,3434944.71429
zwe,20220319,3437251.14286
zwe,20220320,3439482.42857
zwe,20220321,3441682
zwe,20220322,3444043
zwe,20220323,3446536.57143
zwe,20220324,3449616
zwe,20220325,3453976
