geo,time,icu_patients_per_million
arg,20200701,12.722
arg,20200702,13.119
arg,20200703,13.694
arg,20200704,14.069
arg,20200705,14.533
arg,20200706,14.93
arg,20200707,15.195
arg,20200708,14.82
arg,20200709,14.621
arg,20200710,15.151
arg,20200711,15.483
arg,20200712,16.233
arg,20200713,16.609
arg,20200714,17.051
arg,20200715,17.294
arg,20200716,17.514
arg,20200717,18.177
arg,20200718,18.199
arg,20200719,18.597
arg,20200720,18.84
arg,20200721,19.657
arg,20200722,19.922
arg,20200723,20.165
arg,20200724,21.092
arg,20200725,21.645
arg,20200726,21.932
arg,20200727,22.131
arg,20200728,22.616
arg,20200729,23.345
arg,20200730,23.765
arg,20200731,24.383
arg,20200801,24.913
arg,20200802,24.781
arg,20200803,25.399
arg,20200804,26.658
arg,20200805,26.923
arg,20200806,27.498
arg,20200807,28.558
arg,20200808,33.174
arg,20200809,34.565
arg,20200810,34.654
arg,20200811,35.007
arg,20200812,36.708
arg,20200813,37.149
arg,20200814,37.944
arg,20200815,37.9
arg,20200816,37.724
arg,20200817,38.629
arg,20200818,39.733
arg,20200819,39.645
arg,20200820,40.462
arg,20200821,40.926
arg,20200822,42.119
arg,20200823,42.45
arg,20200824,43.289
arg,20200825,43.952
arg,20200826,44.659
arg,20200827,45.829
arg,20200828,46.691
arg,20200829,48.413
arg,20200830,49.297
arg,20200831,50.202
arg,20200901,51.108
arg,20200902,56.077
arg,20200903,52.875
arg,20200904,53.559
arg,20200905,54.244
arg,20200906,55.481
arg,20200907,59.589
arg,20200908,60.053
arg,20200909,62.482
arg,20200910,63.609
arg,20200911,68.313
arg,20200912,65.42
arg,20200913,65.906
arg,20200914,66.082
arg,20200915,67.341
arg,20200916,68.865
arg,20200917,68.644
arg,20200918,71.229
arg,20200919,70.964
arg,20200920,72.024
arg,20200921,74.807
arg,20200922,74.254
arg,20200923,77.545
arg,20200924,77.899
arg,20200925,79.401
arg,20200926,80.24
arg,20200927,79.599
arg,20200928,81.234
arg,20200929,83.221
arg,20200930,83.752
arg,20201001,83.906
arg,20201002,84.547
arg,20201003,84.37
arg,20201004,87.241
arg,20201005,87.86
arg,20201006,88.5
arg,20201007,88.279
arg,20201008,89.295
arg,20201009,90.377
arg,20201010,92.763
arg,20201011,93.58
arg,20201012,94.684
arg,20201013,94.839
arg,20201014,95.325
arg,20201015,94.486
arg,20201016,95.987
arg,20201017,96.871
arg,20201018,96.893
arg,20201019,97.003
arg,20201020,98.306
arg,20201021,101.001
arg,20201022,101.84
arg,20201023,103.718
arg,20201024,107.119
arg,20201025,107.406
arg,20201026,111.271
arg,20201027,109.372
arg,20201028,111.249
arg,20201029,110.012
arg,20201030,110.012
arg,20201031,109.747
arg,20201101,113.06
arg,20201102,108.709
arg,20201103,107.207
arg,20201104,106.368
arg,20201105,104.093
arg,20201106,103.055
arg,20201107,101.443
arg,20201108,101.774
arg,20201109,101.089
arg,20201110,99.256
arg,20201111,97.578
arg,20201112,97.114
arg,20201113,96.76
arg,20201114,95.987
arg,20201115,96.407
arg,20201116,95.457
arg,20201117,96.716
arg,20201118,94.243
arg,20201119,94.795
arg,20201120,92.476
arg,20201121,91.261
arg,20201122,93.757
arg,20201123,92.012
arg,20201124,91.614
arg,20201125,89.207
arg,20201126,87.462
arg,20201127,90.996
arg,20201128,88.809
arg,20201129,88.633
arg,20201130,89.715
arg,20201201,87.153
arg,20201202,87.97
arg,20201203,86.49
arg,20201204,86.777
arg,20201205,82.979
arg,20201206,82.493
arg,20201207,82.228
arg,20201208,82.051
arg,20201209,81.455
arg,20201210,80.726
arg,20201211,79.953
arg,20201212,79.378
arg,20201213,78.12
arg,20201214,76.816
arg,20201215,76.75
arg,20201216,76.043
arg,20201217,76.662
arg,20201218,75.845
arg,20201219,76.242
arg,20201220,76.463
arg,20201221,74.365
arg,20201222,75.072
arg,20201223,74.873
arg,20201226,72.046
arg,20201227,73.172
arg,20201228,73.305
arg,20201229,73.879
arg,20201230,75.977
arg,20210102,75.933
arg,20210103,75.823
arg,20210104,77.346
arg,20210105,76.419
arg,20210106,76.419
arg,20210107,78.605
arg,20210108,78.605
arg,20210109,79.445
arg,20210110,79.776
arg,20210111,79.643
arg,20210112,79.931
arg,20210113,79.931
arg,20210114,80.262
arg,20210115,79.025
arg,20210116,79.025
arg,20210117,78.34
arg,20210118,78.716
arg,20210119,78.672
arg,20210120,78.672
arg,20210121,79.864
arg,20210122,79.864
arg,20210123,79.909
arg,20210124,79.931
arg,20210125,79.931
arg,20210126,79.82
arg,20210127,79.82
arg,20210128,79.666
arg,20210129,80.129
arg,20210130,80.041
arg,20210131,79.886
arg,20210201,78.495
arg,20210202,79.202
arg,20210203,78.87
arg,20210204,78.848
arg,20210205,78.407
arg,20210206,78.407
arg,20210207,78.407
arg,20210208,77.877
arg,20210209,78.473
arg,20210210,78.65
arg,20210211,78.208
arg,20210212,78.142
arg,20210213,77.612
arg,20210214,78.34
arg,20210215,78.142
arg,20210216,79.091
arg,20210217,78.915
arg,20210219,79.688
arg,20210220,79.621
arg,20210221,79.621
arg,20210222,78.407
arg,20210223,77.943
arg,20210224,77.391
arg,20210225,76.573
arg,20210226,76.75
arg,20210228,77.413
arg,20210301,77.413
arg,20210303,77.766
arg,20210304,77.059
arg,20210305,76.971
arg,20210306,76.75
arg,20210307,76.573
arg,20210308,76.949
arg,20210309,77.854
arg,20210310,77.104
arg,20210311,75.933
arg,20210312,75.469
arg,20210313,76.286
arg,20210314,76.839
arg,20210315,76.618
arg,20210316,76.618
arg,20210317,76.971
arg,20210318,77.788
arg,20210319,78.053
arg,20210320,78.053
arg,20210321,78.053
arg,20210322,77.965
arg,20210323,79.312
arg,20210324,78.937
arg,20210325,79.18
arg,20210326,77.479
arg,20210327,77.435
arg,20210329,80.372
arg,20210330,81.764
arg,20210331,80.35
arg,20210401,80.372
arg,20210402,79.931
arg,20210403,79.909
arg,20210404,80.085
arg,20210405,80.659
arg,20210406,80.439
arg,20210407,81.852
arg,20210408,82.647
arg,20210409,82.117
arg,20210410,83.067
arg,20210411,83.685
arg,20210412,84.348
arg,20210413,84.723
arg,20210414,85.673
arg,20210415,86.137
arg,20210416,87.705
arg,20210417,87.838
arg,20210418,90.665
arg,20210419,95.06
arg,20210420,96.429
arg,20210421,99.212
arg,20210422,105.816
arg,20210423,106.125
arg,20210424,107.296
arg,20210425,109.151
arg,20210426,111.227
arg,20210427,113.391
arg,20210428,114.363
arg,20210429,117.433
arg,20210430,118.582
arg,20210501,118.604
arg,20210502,118.626
arg,20210503,119.841
arg,20210504,119.023
arg,20210505,117.985
arg,20210506,117.036
arg,20210507,116.351
arg,20210508,116.726
arg,20210509,116.925
arg,20210510,118.317
arg,20210511,118.714
arg,20210512,119.134
arg,20210513,119.708
arg,20210514,120.525
arg,20210515,121.851
arg,20210516,122.314
arg,20210517,125.671
arg,20210518,128.388
arg,20210519,129.802
arg,20210520,131.436
arg,20210521,133.115
arg,20210522,135.566
arg,20210523,137.245
arg,20210524,140.756
arg,20210525,144.71
arg,20210526,146.742
arg,20210527,150.232
arg,20210528,151.778
arg,20210529,152.595
arg,20210530,159.154
arg,20210531,161.783
arg,20210601,163.815
arg,20210602,168.166
arg,20210603,170.021
arg,20210604,169.358
arg,20210605,170.75
arg,20210606,171.744
arg,20210607,172.87
arg,20210608,172.141
arg,20210609,171.589
arg,20210610,172.649
arg,20210611,173.135
arg,20210612,174.372
arg,20210613,174.703
arg,20210614,176.006
arg,20210615,174.262
arg,20210616,169.27
arg,20210617,166.09
arg,20210618,164.919
arg,20210619,163.13
arg,20210620,162.688
arg,20210621,162.224
arg,20210622,161.805
arg,20210623,159.927
arg,20210624,159
arg,20210625,155.864
arg,20210626,154.56
arg,20210627,153.567
arg,20210628,151.711
arg,20210629,146.565
arg,20210630,139.321
arg,20210701,133.534
arg,20210702,127.748
arg,20210703,125.163
arg,20210704,125.252
arg,20210705,123.838
arg,20210706,124.611
arg,20210707,122.491
arg,20210708,120.216
arg,20210709,119.377
arg,20210710,119.863
arg,20210711,118.14
arg,20210712,115.335
arg,20210713,114.827
arg,20210714,112.464
arg,20210715,110.719
arg,20210716,107.516
arg,20210717,107.627
arg,20210718,105.639
arg,20210719,103.386
arg,20210720,102.547
arg,20210721,101.222
arg,20210722,100.095
arg,20210723,96.252
arg,20210724,95.369
arg,20210725,93.182
arg,20210726,91.769
arg,20210727,91.879
arg,20210729,90.333
arg,20210730,87.815
arg,20210801,86.424
arg,20210802,84.348
arg,20210803,83.199
arg,20210804,82.78
arg,20210805,82.029
arg,20210806,80.77
arg,20210807,80.527
arg,20210808,81.167
arg,20210809,79.798
arg,20210810,80.659
arg,20210811,80.284
arg,20210812,80.019
arg,20210813,79.467
arg,20210814,78.87
arg,20210815,78.937
arg,20210816,77.921
arg,20210817,77.346
arg,20210818,77.059
arg,20210819,76.772
arg,20210820,74.586
arg,20210821,73.503
arg,20210822,72.841
arg,20210823,71.251
arg,20210824,70.08
arg,20210825,68.181
arg,20210826,65.199
arg,20210827,63.432
arg,20210828,62.019
arg,20210829,60.671
arg,20210830,59.92
arg,20210831,59.015
arg,20210901,57.469
arg,20210902,55.15
arg,20210903,54.156
arg,20210904,52.809
arg,20210905,52.919
arg,20210906,50.644
arg,20210907,50.423
arg,20210908,49.628
arg,20210909,50.732
arg,20210910,47.972
arg,20210911,47.309
arg,20210912,46.448
arg,20210913,40.396
arg,20210914,40.882
arg,20210915,39.424
arg,20210916,35.647
arg,20210917,35.184
arg,20210918,33.483
arg,20210919,33.041
arg,20210920,31.804
arg,20210921,32.887
arg,20210922,30.17
arg,20210923,29.198
arg,20210924,28.072
arg,20210925,27.564
arg,20210926,27.321
arg,20210927,26.504
arg,20210928,26.15
arg,20210929,25.62
arg,20210930,25.178
arg,20211001,23.964
arg,20211002,23.632
arg,20211003,23.235
arg,20211004,22.793
arg,20211005,22.55
arg,20211006,22.241
arg,20211007,21.578
arg,20211008,21.667
arg,20211009,21.446
arg,20211010,21.446
arg,20211011,21.358
arg,20211012,20.319
arg,20211013,20.342
arg,20211014,20.032
arg,20211015,17.846
arg,20211016,17.426
arg,20211017,17.559
arg,20211018,17.691
arg,20211019,17.426
arg,20211020,17.073
arg,20211021,16.565
arg,20211022,16.322
arg,20211023,16.278
arg,20211024,16.256
arg,20211025,14.312
arg,20211026,13.981
arg,20211027,13.937
arg,20211028,13.848
arg,20211029,13.451
arg,20211030,13.539
arg,20211031,13.384
arg,20211101,13.163
arg,20211102,13.097
arg,20211103,13.163
arg,20211104,13.384
arg,20211105,13.318
arg,20211106,13.34
arg,20211107,13.429
arg,20211108,13.362
arg,20211109,13.649
arg,20211110,13.716
arg,20211111,14.378
arg,20211112,13.627
arg,20211113,13.384
arg,20211114,12.943
arg,20211115,12.479
arg,20211116,12.766
arg,20211117,12.633
arg,20211118,12.898
arg,20211119,12.368
arg,20211120,12.633
arg,20211121,12.39
arg,20211122,12.501
arg,20211123,12.589
arg,20211124,13.119
arg,20211125,13.34
arg,20211126,13.031
arg,20211127,13.097
arg,20211128,13.252
arg,20211129,13.561
arg,20211130,13.627
arg,20211201,13.959
arg,20211202,13.627
arg,20211203,14.511
arg,20211204,14.511
arg,20211205,14.489
arg,20211206,14.82
arg,20211207,15.173
arg,20211208,15.284
arg,20211209,15.615
arg,20211210,15.593
arg,20211211,15.041
arg,20211212,15.306
arg,20211213,15.549
arg,20211214,16.322
arg,20211215,16.388
arg,20211216,16.697
arg,20211217,17.205
arg,20211218,17.426
arg,20211219,17.603
arg,20211220,17.559
arg,20211221,17.735
arg,20211222,18.199
arg,20211223,18.376
arg,20211224,18.332
arg,20211225,17.868
arg,20211226,18.111
arg,20211227,19.436
arg,20211228,19.701
arg,20211229,21.578
arg,20211230,22.175
arg,20211231,22.285
arg,20220101,22.351
arg,20220102,24.339
arg,20220103,25.664
arg,20220104,26.901
arg,20220105,30.833
arg,20220106,34.72
arg,20220107,37.105
arg,20220108,40.904
arg,20220109,41.986
arg,20220110,43.444
arg,20220111,46.028
arg,20220112,48.723
arg,20220113,53.14
arg,20220114,50.092
arg,20220115,43.4
arg,20220116,44.968
arg,20220117,46.359
arg,20220118,51.461
arg,20220119,51.02
arg,20220120,54.553
arg,20220121,55.459
arg,20220122,56.497
arg,20220123,56.585
arg,20220124,57.248
arg,20220125,58.308
arg,20220126,60.848
arg,20220127,62.637
arg,20220128,65.044
arg,20220129,64.581
arg,20220130,64.316
arg,20220131,64.249
arg,20220201,63.255
arg,20220202,61.003
arg,20220203,60.738
arg,20220204,59.457
arg,20220205,58.087
arg,20220206,57.358
arg,20220207,56.033
arg,20220208,55.061
arg,20220209,53.626
arg,20220210,51.262
arg,20220211,46.536
arg,20220212,46.072
arg,20220213,44.747
arg,20220214,44.195
arg,20220215,41.611
arg,20220216,41.125
arg,20220217,39.513
arg,20220218,36.332
arg,20220219,35.89
arg,20220220,34.72
arg,20220221,34.057
arg,20220222,32.555
arg,20220223,32.069
arg,20220224,30.568
arg,20220225,27.542
arg,20220226,25.841
arg,20220227,25.532
arg,20220228,25.09
arg,20220301,25.09
arg,20220302,24.317
arg,20220303,23.765
arg,20220304,22.859
arg,20220305,22.285
arg,20220306,22.241
arg,20220307,21.335
arg,20220308,21.225
arg,20220309,20.231
arg,20220310,19.016
arg,20220311,16.764
arg,20220312,16.3
arg,20220313,16.278
arg,20220314,16.962
arg,20220315,16.808
arg,20220316,16.366
arg,20220317,15.615
arg,20220318,15.262
arg,20220319,15.438
arg,20220320,15.218
arg,20220321,14.975
arg,20220322,13.959
arg,20220323,14.555
arg,20220324,14.665
arg,20220325,13.406
arg,20220326,13.318
arg,20220327,12.28
arg,20220328,12.148
arg,20220329,12.258
arg,20220330,11.949
arg,20220331,11.971
arg,20220401,10.756
arg,20220402,10.756
arg,20220403,10.756
arg,20220404,10.513
arg,20220405,10.336
arg,20220406,10.292
arg,20220407,9.453
arg,20220408,9.475
arg,20220409,9.475
arg,20220410,9.475
arg,20220411,9.298
arg,20220412,9.365
arg,20220413,9.1
arg,20220414,9.1
arg,20220415,9.1
arg,20220416,9.1
arg,20220417,9.1
arg,20220424,8.216
aus,20200331,3.163
aus,20200401,3.318
aus,20200402,3.549
aus,20200403,3.588
aus,20200404,3.665
aus,20200405,3.704
aus,20200406,3.588
aus,20200407,3.356
aus,20200408,3.125
aus,20200409,3.125
aus,20200410,3.086
aus,20200411,3.202
aus,20200412,3.048
aus,20200413,3.086
aus,20200414,2.816
aus,20200415,2.585
aus,20200416,2.315
aus,20200417,2.122
aus,20200418,1.852
aus,20200419,1.89
aus,20200420,1.813
aus,20200421,1.775
aus,20200422,1.736
aus,20200423,1.62
aus,20200424,1.659
aus,20200425,1.659
aus,20200426,1.659
aus,20200427,1.62
aus,20200428,1.466
aus,20200429,1.312
aus,20200430,1.08
aus,20200501,1.08
aus,20200502,1.08
aus,20200503,1.08
aus,20200504,1.042
aus,20200505,1.042
aus,20200506,0.887
aus,20200507,0.81
aus,20200508,0.733
aus,20200509,0.656
aus,20200510,0.617
aus,20200511,0.617
aus,20200512,0.656
aus,20200513,0.694
aus,20200514,0.656
aus,20200515,0.617
aus,20200516,0.617
aus,20200517,0.463
aus,20200518,0.424
aus,20200519,0.347
aus,20200520,0.347
aus,20200521,0.27
aus,20200522,0.193
aus,20200523,0.193
aus,20200524,0.193
aus,20200525,0.193
aus,20200526,0.231
aus,20200527,0.193
aus,20200528,0.154
aus,20200529,0.154
aus,20200530,0.154
aus,20200531,0.116
aus,20200601,0.154
aus,20200602,0.193
aus,20200603,0.154
aus,20200604,0.077
aus,20200605,0.154
aus,20200606,0.116
aus,20200607,0.116
aus,20200608,0.077
aus,20200609,0.116
aus,20200610,0.077
aus,20200611,0.077
aus,20200612,0.077
aus,20200613,0.116
aus,20200614,0.154
aus,20200615,0.116
aus,20200616,0.116
aus,20200617,0.077
aus,20200618,0.077
aus,20200619,0.116
aus,20200620,0.077
aus,20200621,0.077
aus,20200622,0.116
aus,20200623,0.077
aus,20200624,0.077
aus,20200625,0.039
aus,20200626,0.039
aus,20200627,0.039
aus,20200628,0.039
aus,20200629,0.039
aus,20200630,0.116
aus,20200701,0.193
aus,20200702,0.27
aus,20200703,0.154
aus,20200704,0.154
aus,20200705,0.231
aus,20200706,0.386
aus,20200707,0.309
aus,20200708,0.386
aus,20200709,0.502
aus,20200710,0.617
aus,20200711,0.656
aus,20200712,0.694
aus,20200713,1.042
aus,20200714,1.08
aus,20200715,1.157
aus,20200716,1.235
aus,20200717,1.003
aus,20200718,1.119
aus,20200719,1.273
aus,20200720,1.466
aus,20200721,1.62
aus,20200722,1.582
aus,20200723,1.697
aus,20200724,1.775
aus,20200725,1.775
aus,20200726,1.89
aus,20200727,1.813
aus,20200728,1.775
aus,20200729,1.543
aus,20200730,1.697
aus,20200731,1.929
aus,20200801,1.775
aus,20200802,1.659
aus,20200803,1.697
aus,20200804,1.968
aus,20200805,2.006
aus,20200806,1.968
aus,20200807,2.045
aus,20200808,1.968
aus,20200809,2.16
aus,20200810,1.968
aus,20200811,1.968
aus,20200812,1.697
aus,20200813,1.813
aus,20200814,1.852
aus,20200815,1.813
aus,20200816,1.968
aus,20200817,2.006
aus,20200818,2.006
aus,20200819,1.968
aus,20200820,1.813
aus,20200821,1.659
aus,20200822,1.505
aus,20200823,1.466
aus,20200824,1.62
aus,20200825,1.775
aus,20200826,1.35
aus,20200827,1.35
aus,20200828,1.235
aus,20200829,1.196
aus,20200830,1.042
aus,20200831,1.003
aus,20200901,0.887
aus,20200902,1.003
aus,20200903,1.042
aus,20200904,1.042
aus,20200905,1.003
aus,20200906,1.235
aus,20200907,1.119
aus,20200908,1.003
aus,20200909,0.887
aus,20200910,0.694
aus,20200911,0.579
aus,20200912,0.656
aus,20200913,0.694
aus,20200914,0.656
aus,20200915,0.617
aus,20200916,0.617
aus,20200917,0.579
aus,20200918,0.463
aus,20200919,0.386
aus,20200920,0.309
aus,20200921,0.424
aus,20200922,0.424
aus,20200923,0.424
aus,20200924,0.424
aus,20200925,0.463
aus,20200926,0.463
aus,20200927,0.424
aus,20200928,0.309
aus,20200929,0.347
aus,20200930,0.347
aus,20201001,0.231
aus,20201002,0.231
aus,20201003,0.231
aus,20201004,0.231
aus,20201005,0.193
aus,20201006,0.231
aus,20201007,0.116
aus,20201008,0.154
aus,20201009,0.116
aus,20201010,0.039
aus,20201011,0.039
aus,20201012,0.039
aus,20201013,0.039
aus,20201014,0.039
aus,20201015,0.039
aus,20201016,0
aus,20201017,0.039
aus,20201018,0.039
aus,20201019,0.039
aus,20201020,0.039
aus,20201021,0
aus,20201022,0
aus,20201023,0
aus,20201024,0
aus,20201025,0
aus,20201026,0.039
aus,20201027,0.039
aus,20201028,0.039
aus,20201029,0.039
aus,20201030,0.039
aus,20201031,0.039
aus,20201101,0.039
aus,20201102,0.039
aus,20201103,0.039
aus,20201104,0.039
aus,20201105,0.039
aus,20201106,0.039
aus,20201107,0.039
aus,20201108,0.039
aus,20201109,0
aus,20201110,0
aus,20201111,0
aus,20201112,0
aus,20201113,0
aus,20201114,0
aus,20201115,0
aus,20201116,0
aus,20201117,0
aus,20201118,0
aus,20201119,0
aus,20201120,0
aus,20201121,0
aus,20201122,0
aus,20201123,0
aus,20201124,0
aus,20201125,0
aus,20201126,0
aus,20201127,0
aus,20201128,0
aus,20201129,0
aus,20201130,0
aus,20201201,0
aus,20201202,0
aus,20201203,0
aus,20201204,0
aus,20201205,0
aus,20201206,0
aus,20201207,0
aus,20201208,0
aus,20201209,0
aus,20201210,0
aus,20201211,0
aus,20201212,0
aus,20201213,0.039
aus,20201214,0.039
aus,20201215,0.039
aus,20201216,0
aus,20201217,0
aus,20201218,0
aus,20201219,0
aus,20201220,0
aus,20201221,0
aus,20201222,0
aus,20201223,0
aus,20201224,0
aus,20201225,0
aus,20201226,0
aus,20201227,0
aus,20201228,0
aus,20201229,0
aus,20201230,0
aus,20201231,0
aus,20210101,0
aus,20210102,0
aus,20210103,0
aus,20210104,0
aus,20210105,0
aus,20210106,0
aus,20210107,0
aus,20210108,0
aus,20210109,0
aus,20210110,0
aus,20210111,0
aus,20210112,0.039
aus,20210113,0.039
aus,20210114,0.039
aus,20210115,0.077
aus,20210116,0.077
aus,20210117,0.077
aus,20210118,0.039
aus,20210119,0.039
aus,20210120,0.039
aus,20210121,0
aus,20210122,0
aus,20210123,0
aus,20210124,0
aus,20210125,0
aus,20210126,0
aus,20210127,0
aus,20210128,0
aus,20210129,0
aus,20210130,0
aus,20210131,0
aus,20210201,0
aus,20210202,0
aus,20210203,0
aus,20210204,0
aus,20210205,0
aus,20210206,0
aus,20210207,0
aus,20210208,0.039
aus,20210209,0.039
aus,20210210,0.039
aus,20210211,0.039
aus,20210212,0
aus,20210213,0
aus,20210214,0
aus,20210215,0
aus,20210216,0
aus,20210217,0
aus,20210218,0.039
aus,20210219,0.039
aus,20210220,0.039
aus,20210221,0.039
aus,20210222,0
aus,20210223,0
aus,20210224,0
aus,20210225,0
aus,20210226,0.039
aus,20210227,0
aus,20210228,0.039
aus,20210301,0.039
aus,20210302,0.039
aus,20210303,0.039
aus,20210304,0.039
aus,20210305,0.039
aus,20210306,0.039
aus,20210307,0.039
aus,20210308,0.039
aus,20210309,0.039
aus,20210310,0
aus,20210311,0
aus,20210312,0
aus,20210313,0
aus,20210314,0
aus,20210315,0
aus,20210316,0.039
aus,20210317,0
aus,20210318,0.039
aus,20210319,0.116
aus,20210320,0.077
aus,20210321,0.039
aus,20210322,0.039
aus,20210323,0.039
aus,20210324,0.039
aus,20210325,0.039
aus,20210326,0.077
aus,20210327,0.077
aus,20210328,0.077
aus,20210329,0.077
aus,20210330,0.039
aus,20210331,0.039
aus,20210401,0.039
aus,20210402,0.077
aus,20210403,0.116
aus,20210404,0.116
aus,20210405,0.077
aus,20210406,0.077
aus,20210407,0.077
aus,20210408,0.077
aus,20210409,0.039
aus,20210410,0.039
aus,20210411,0.039
aus,20210412,0.077
aus,20210413,0.077
aus,20210414,0.077
aus,20210415,0.077
aus,20210416,0.077
aus,20210417,0.116
aus,20210418,0.116
aus,20210419,0.116
aus,20210420,0.039
aus,20210421,0.039
aus,20210422,0.039
aus,20210423,0.039
aus,20210424,0.039
aus,20210425,0.039
aus,20210426,0.039
aus,20210427,0.077
aus,20210428,0.077
aus,20210429,0.077
aus,20210430,0.077
aus,20210501,0.077
aus,20210502,0.039
aus,20210503,0.039
aus,20210504,0.039
aus,20210505,0.039
aus,20210506,0.039
aus,20210507,0.039
aus,20210508,0.077
aus,20210509,0.077
aus,20210510,0.077
aus,20210511,0.116
aus,20210512,0.116
aus,20210513,0.116
aus,20210514,0.116
aus,20210515,0.116
aus,20210516,0.116
aus,20210517,0.116
aus,20210518,0.039
aus,20210519,0.039
aus,20210520,0.039
aus,20210521,0.039
aus,20210522,0.039
aus,20210523,0.039
aus,20210524,0.039
aus,20210525,0.039
aus,20210526,0.077
aus,20210527,0.077
aus,20210528,0.039
aus,20210529,0.039
aus,20210530,0.039
aus,20210531,0.039
aus,20210601,0.039
aus,20210602,0
aus,20210603,0
aus,20210604,0
aus,20210605,0
aus,20210606,0
aus,20210607,0
aus,20210608,0
aus,20210609,0
aus,20210610,0
aus,20210611,0
aus,20210612,0
aus,20210613,0.039
aus,20210614,0.039
aus,20210615,0.039
aus,20210616,0.039
aus,20210617,0.039
aus,20210618,0.039
aus,20210619,0.039
aus,20210620,0.039
aus,20210621,0.039
aus,20210622,0
aus,20210623,0
aus,20210624,0.039
aus,20210625,0.039
aus,20210626,0.039
aus,20210627,0.077
aus,20210628,0.039
aus,20210629,0.039
aus,20210630,0.116
aus,20210701,0.154
aus,20210702,0.231
aus,20210703,0.27
aus,20210704,0.27
aus,20210705,0.347
aus,20210706,0.309
aus,20210707,0.502
aus,20210708,0.463
aus,20210709,0.694
aus,20210710,0.656
aus,20210711,0.772
aus,20210712,0.887
aus,20210713,0.849
aus,20210714,0.849
aus,20210715,0.81
aus,20210716,0.772
aus,20210717,0.772
aus,20210718,1.003
aus,20210719,1.119
aus,20210720,1.003
aus,20210721,1.196
aus,20210722,1.35
aus,20210723,1.582
aus,20210724,1.775
aus,20210725,1.813
aus,20210726,1.929
aus,20210727,2.276
aus,20210728,2.238
aus,20210729,2.392
aus,20210730,2.199
aus,20210731,2.276
aus,20210801,2.276
aus,20210802,2.238
aus,20210803,2.199
aus,20210804,2.16
aus,20210805,2.122
aus,20210806,2.353
aus,20210807,2.392
aus,20210808,2.701
aus,20210809,2.392
aus,20210810,2.469
aus,20210811,2.508
aus,20210812,2.585
aus,20210813,2.623
aus,20210814,2.546
aus,20210815,2.662
aus,20210816,2.816
aus,20210817,3.086
aus,20210818,3.318
aus,20210819,3.356
aus,20210820,3.588
aus,20210821,4.089
aus,20210822,4.282
aus,20210823,4.591
aus,20210824,4.822
aus,20210825,5.092
aus,20210826,5.17
aus,20210827,5.44
aus,20210828,5.401
aus,20210829,5.98
aus,20210830,6.25
aus,20210831,6.751
aus,20210901,7.098
aus,20210902,6.906
aus,20210903,7.639
aus,20210904,7.716
aus,20210905,7.87
aus,20210906,8.603
aus,20210907,8.835
aus,20210908,9.105
aus,20210909,9.413
aus,20210910,9.953
aus,20210911,9.915
aus,20210912,10.146
aus,20210913,10.763
aus,20210914,10.763
aus,20210915,10.918
aus,20210916,10.763
aus,20210917,11.226
aus,20210918,11.226
aus,20210919,11.458
aus,20210920,11.805
aus,20210921,11.651
aus,20210922,11.381
aus,20210923,11.612
aus,20210924,11.496
aus,20210925,11.535
aus,20210926,11.265
aus,20210927,11.458
aus,20210928,11.419
aus,20210929,11.689
aus,20210930,11.574
aus,20211001,11.651
aus,20211002,11.535
aus,20211003,11.419
aus,20211004,11.496
aus,20211005,11.226
aus,20211006,11.805
aus,20211007,11.304
aus,20211008,11.072
aus,20211009,11.304
aus,20211010,11.419
aus,20211011,11.921
aus,20211012,11.805
aus,20211013,11.419
aus,20211014,11.998
aus,20211015,12.037
aus,20211016,11.496
aus,20211017,11.458
aus,20211018,11.111
aus,20211019,10.802
aus,20211020,10.648
aus,20211021,10.879
aus,20211022,10.763
aus,20211023,10.648
aus,20211024,10.725
aus,20211025,10.223
aus,20211026,9.297
aus,20211027,8.719
aus,20211028,8.333
aus,20211029,8.526
aus,20211030,8.14
aus,20211031,8.333
aus,20211101,7.831
aus,20211102,7.214
aus,20211103,6.944
aus,20211104,6.597
aus,20211105,6.25
aus,20211106,5.748
aus,20211107,5.401
aus,20211108,5.131
aus,20211109,4.822
aus,20211110,4.591
aus,20211111,4.475
aus,20211112,6.636
aus,20211113,6.906
aus,20211114,6.983
aus,20211115,6.404
aus,20211116,6.057
aus,20211117,6.095
aus,20211118,5.555
aus,20211119,5.517
aus,20211120,5.632
aus,20211121,5.015
aus,20211122,5.17
aus,20211123,5.517
aus,20211124,5.015
aus,20211125,5.015
aus,20211126,4.668
aus,20211127,4.861
aus,20211128,4.861
aus,20211129,4.784
aus,20211130,4.591
aus,20211201,4.552
aus,20211202,4.437
aus,20211203,4.475
aus,20211204,4.321
aus,20211205,4.552
aus,20211206,5.131
aus,20211207,4.822
aus,20211208,4.745
aus,20211209,5.015
aus,20211210,5.362
aus,20211211,5.401
aus,20211212,5.478
aus,20211213,5.44
aus,20211214,5.903
aus,20211215,5.748
aus,20211216,5.478
aus,20211217,5.71
aus,20211218,5.632
aus,20211219,5.825
aus,20211220,6.018
aus,20211221,6.018
aus,20211222,6.211
aus,20211223,6.636
aus,20211224,6.443
aus,20211225,6.597
aus,20211226,6.906
aus,20211227,7.33
aus,20211228,6.597
aus,20211229,6.443
aus,20211230,6.597
aus,20211231,7.021
aus,20220101,7.484
aus,20220102,8.372
aus,20220103,9.143
aus,20220104,9.567
aus,20220105,9.953
aus,20220106,10.609
aus,20220107,11.304
aus,20220108,11.574
aus,20220109,12.538
aus,20220110,13.194
aus,20220111,13.464
aus,20220112,13.464
aus,20220113,13.927
aus,20220114,14.814
aus,20220115,15.123
aus,20220116,15.856
aus,20220117,16.164
aus,20220118,16.357
aus,20220119,16.087
aus,20220120,16.357
aus,20220121,16.087
aus,20220122,14.814
aus,20220123,15.2
aus,20220124,15.239
aus,20220125,14.351
aus,20220126,14.737
aus,20220127,15.084
aus,20220128,15.2
aus,20220129,14.158
aus,20220130,14.313
aus,20220131,14.313
aus,20220201,13.425
aus,20220202,13.155
aus,20220203,12.075
aus,20220204,11.651
aus,20220205,10.956
aus,20220206,11.265
aus,20220207,10.455
aus,20220208,10.571
aus,20220209,10.3
aus,20220210,9.953
aus,20220211,9.915
aus,20220212,8.603
aus,20220213,8.912
aus,20220214,8.564
aus,20220215,8.603
aus,20220216,8.642
aus,20220217,8.024
aus,20220218,7.33
aus,20220219,7.098
aus,20220220,6.906
aus,20220221,6.597
aus,20220222,6.636
aus,20220223,6.057
aus,20220224,6.057
aus,20220225,5.787
aus,20220226,5.285
aus,20220227,5.247
aus,20220228,5.054
aus,20220301,4.668
aus,20220302,4.552
aus,20220303,4.244
aus,20220304,4.321
aus,20220305,4.359
aus,20220306,4.514
aus,20220307,4.321
aus,20220308,4.321
aus,20220309,4.166
aus,20220310,3.896
aus,20220311,3.742
aus,20220312,4.166
aus,20220313,4.321
aus,20220314,4.051
aus,20220315,4.051
aus,20220316,3.704
aus,20220317,3.549
aus,20220318,3.279
aus,20220319,3.356
aus,20220320,3.356
aus,20220321,3.665
aus,20220322,3.665
aus,20220323,3.935
aus,20220324,3.704
aus,20220325,3.858
aus,20220326,3.935
aus,20220327,4.359
aus,20220328,4.591
aus,20220329,3.935
aus,20220330,3.433
aus,20220331,3.395
aus,20220401,3.665
aus,20220402,3.974
aus,20220403,4.128
aus,20220404,4.398
aus,20220405,4.128
aus,20220406,3.935
aus,20220407,3.665
aus,20220408,3.974
aus,20220409,4.359
aus,20220410,4.668
aus,20220411,5.015
aus,20220412,4.861
aus,20220413,4.861
aus,20220414,4.938
aus,20220415,5.17
aus,20220416,5.015
aus,20220417,5.401
aus,20220418,5.555
aus,20220419,6.211
aus,20220420,5.671
aus,20220421,5.17
aus,20220422,5.131
aus,20220423,5.208
aus,20220424,5.092
aus,20220425,5.44
aus,20220426,5.478
aus,20220427,5.748
aus,20220428,5.285
aus,20220429,5.362
aus,20220430,5.748
aus,20220501,5.208
aus,20220502,5.517
aus,20220503,5.478
aus,20220504,5.131
aus,20220505,4.861
aus,20220506,5.015
aus,20220507,5.054
aus,20220508,4.977
aus,20220509,4.745
aus,20220510,4.398
aus,20220511,4.707
aus,20220512,4.745
aus,20220513,4.707
aus,20220514,4.977
aus,20220515,5.324
aus,20220516,5.015
aus,20220517,5.131
aus,20220518,4.591
aus,20220519,4.552
aus,20220520,4.128
aus,20220521,4.166
aus,20220522,4.089
aus,20220523,4.514
aus,20220524,4.166
aus,20220525,3.896
aus,20220526,3.819
aus,20220527,3.549
aus,20220528,3.472
aus,20220529,3.742
aus,20220530,3.588
aus,20220531,3.356
aus,20220601,3.279
aus,20220602,3.356
aus,20220603,3.202
aus,20220604,3.511
aus,20220605,3.626
aus,20220606,3.356
aus,20220607,3.819
aus,20220608,3.935
aus,20220609,3.896
aus,20220610,3.742
aus,20220611,3.704
aus,20220612,3.318
aus,20220613,3.935
aus,20220614,4.012
aus,20220615,3.742
aus,20220616,3.588
aus,20220617,3.974
aus,20220618,4.282
aus,20220619,4.359
aus,20220620,4.051
aus,20220621,4.166
aus,20220622,4.166
aus,20220623,4.398
aus,20220624,3.935
aus,20220625,4.089
aus,20220626,4.282
aus,20220627,4.707
aus,20220628,4.166
aus,20220629,3.781
aus,20220630,4.089
aus,20220701,4.205
aus,20220702,4.089
aus,20220703,4.552
aus,20220704,4.745
aus,20220705,5.324
aus,20220706,5.401
aus,20220707,5.44
aus,20220708,5.17
aus,20220709,5.131
aus,20220710,5.054
aus,20220711,4.861
aus,20220712,5.285
aus,20220713,5.362
aus,20220714,5.555
aus,20220715,5.825
aus,20220716,5.98
aus,20220717,5.98
aus,20220718,6.095
aus,20220719,6.52
aus,20220720,6.25
aus,20220721,6.134
aus,20220722,6.095
aus,20220723,5.594
aus,20220724,6.173
aus,20220725,6.365
aus,20220726,5.594
aus,20220727,6.288
aus,20220728,6.211
aus,20220729,6.404
aus,20220730,6.52
aus,20220731,6.906
aus,20220801,7.098
aus,20220802,6.25
aus,20220803,6.211
aus,20220804,5.941
aus,20220805,5.825
aus,20220806,6.211
aus,20220807,5.941
aus,20220808,5.44
aus,20220809,4.822
aus,20220810,5.208
aus,20220811,5.401
aus,20220812,5.324
aus,20220813,5.362
aus,20220814,5.054
aus,20220815,5.131
aus,20220816,4.475
aus,20220817,4.707
aus,20220818,4.591
aus,20220819,4.861
aus,20220820,4.321
aus,20220821,4.012
aus,20220822,3.935
aus,20220823,3.704
aus,20220824,3.665
aus,20220825,3.511
aus,20220826,3.433
aus,20220827,3.665
aus,20220828,3.665
aus,20220829,3.318
aus,20220830,3.241
aus,20220831,2.855
aus,20220901,2.855
aus,20220902,3.048
aus,20220903,3.202
aus,20220904,3.241
aus,20220905,2.971
aus,20220906,3.086
aus,20220907,2.469
aus,20220908,2.315
aus,20220909,2.315
aus,20220910,2.315
aus,20220911,2.315
aus,20220912,2.315
aus,20220913,2.315
aus,20220914,2.315
aus,20220915,2.16
aut,20200401,24.098
aut,20200402,24.546
aut,20200403,27.46
aut,20200404,27.46
aut,20200405,27.348
aut,20200406,28.02
aut,20200407,27.236
aut,20200408,29.926
aut,20200409,29.814
aut,20200410,29.253
aut,20200411,27.46
aut,20200412,27.236
aut,20200413,26.787
aut,20200414,27.236
aut,20200415,26.003
aut,20200416,26.675
aut,20200417,25.442
aut,20200418,23.313
aut,20200419,22.865
aut,20200420,21.744
aut,20200421,21.968
aut,20200422,19.726
aut,20200423,18.942
aut,20200424,17.485
aut,20200425,16.588
aut,20200426,16.252
aut,20200427,15.691
aut,20200428,15.243
aut,20200429,14.683
aut,20200430,14.346
aut,20200501,13.898
aut,20200502,12.777
aut,20200503,12.777
aut,20200504,12.441
aut,20200505,11.656
aut,20200506,10.872
aut,20200507,10.311
aut,20200508,9.079
aut,20200509,8.854
aut,20200510,8.07
aut,20200511,7.622
aut,20200512,6.613
aut,20200513,6.164
aut,20200514,6.052
aut,20200515,5.268
aut,20200516,5.604
aut,20200517,5.38
aut,20200518,5.044
aut,20200519,4.371
aut,20200520,4.147
aut,20200521,3.587
aut,20200522,3.475
aut,20200523,3.138
aut,20200524,3.25
aut,20200525,3.475
aut,20200526,3.587
aut,20200527,3.587
aut,20200528,3.362
aut,20200529,2.802
aut,20200530,2.578
aut,20200531,3.026
aut,20200601,3.25
aut,20200602,2.914
aut,20200603,2.354
aut,20200604,2.466
aut,20200605,2.242
aut,20200606,1.905
aut,20200607,1.905
aut,20200608,1.905
aut,20200609,2.13
aut,20200610,1.905
aut,20200611,1.569
aut,20200612,1.009
aut,20200613,1.121
aut,20200614,1.345
aut,20200615,1.681
aut,20200616,1.345
aut,20200617,1.233
aut,20200618,0.897
aut,20200619,0.785
aut,20200620,0.897
aut,20200621,0.897
aut,20200622,1.121
aut,20200623,1.233
aut,20200624,1.233
aut,20200625,1.233
aut,20200626,1.121
aut,20200627,1.121
aut,20200628,1.009
aut,20200629,0.897
aut,20200630,0.672
aut,20200701,1.009
aut,20200702,0.785
aut,20200703,0.785
aut,20200704,0.897
aut,20200705,1.121
aut,20200706,1.233
aut,20200707,1.121
aut,20200708,1.233
aut,20200709,1.345
aut,20200710,1.009
aut,20200711,1.009
aut,20200712,1.121
aut,20200713,0.897
aut,20200714,1.009
aut,20200715,1.121
aut,20200716,1.233
aut,20200717,1.233
aut,20200718,1.233
aut,20200719,1.569
aut,20200720,1.793
aut,20200721,2.017
aut,20200722,2.017
aut,20200723,1.681
aut,20200724,1.905
aut,20200725,1.793
aut,20200726,1.681
aut,20200727,1.793
aut,20200728,1.681
aut,20200729,2.242
aut,20200730,2.017
aut,20200731,1.793
aut,20200801,2.13
aut,20200802,2.242
aut,20200803,2.354
aut,20200804,2.578
aut,20200805,2.802
aut,20200806,2.802
aut,20200807,2.802
aut,20200808,2.69
aut,20200809,2.466
aut,20200810,2.69
aut,20200811,2.802
aut,20200812,2.802
aut,20200813,2.466
aut,20200814,2.13
aut,20200815,2.354
aut,20200816,2.13
aut,20200817,2.578
aut,20200818,2.13
aut,20200819,2.242
aut,20200820,2.354
aut,20200821,2.466
aut,20200822,2.466
aut,20200823,2.578
aut,20200824,2.578
aut,20200825,2.578
aut,20200826,2.578
aut,20200827,2.69
aut,20200828,3.026
aut,20200829,3.362
aut,20200830,3.362
aut,20200831,3.475
aut,20200901,3.362
aut,20200902,3.362
aut,20200903,3.25
aut,20200904,3.138
aut,20200905,3.138
aut,20200906,3.138
aut,20200907,3.25
aut,20200908,3.138
aut,20200909,4.035
aut,20200910,4.371
aut,20200911,4.595
aut,20200912,4.707
aut,20200913,4.932
aut,20200914,5.268
aut,20200915,5.492
aut,20200916,6.052
aut,20200917,6.164
aut,20200918,6.949
aut,20200919,9.415
aut,20200920,7.622
aut,20200921,7.509
aut,20200922,8.406
aut,20200923,8.63
aut,20200924,8.742
aut,20200925,8.742
aut,20200926,8.967
aut,20200927,9.415
aut,20200928,9.863
aut,20200929,10.087
aut,20200930,10.087
aut,20201001,10.984
aut,20201002,11.208
aut,20201003,10.872
aut,20201004,11.544
aut,20201005,11.32
aut,20201006,11.32
aut,20201007,11.208
aut,20201008,11.993
aut,20201009,11.544
aut,20201010,11.096
aut,20201011,10.76
aut,20201012,10.872
aut,20201013,11.993
aut,20201014,12.553
aut,20201015,13.338
aut,20201016,13.674
aut,20201017,14.571
aut,20201018,15.131
aut,20201019,16.252
aut,20201020,16.252
aut,20201021,16.476
aut,20201022,18.045
aut,20201023,17.709
aut,20201024,19.614
aut,20201025,19.502
aut,20201026,21.071
aut,20201027,22.753
aut,20201028,25.106
aut,20201029,27.796
aut,20201030,29.477
aut,20201031,29.702
aut,20201101,32.616
aut,20201102,37.659
aut,20201103,41.022
aut,20201104,42.927
aut,20201105,45.617
aut,20201106,48.307
aut,20201107,48.419
aut,20201108,51.445
aut,20201109,53.015
aut,20201110,55.48
aut,20201111,60.076
aut,20201112,61.196
aut,20201113,63.55
aut,20201114,65.119
aut,20201115,67.137
aut,20201116,68.594
aut,20201117,73.75
aut,20201118,76.44
aut,20201119,76.552
aut,20201120,77
aut,20201121,78.121
aut,20201122,76.552
aut,20201123,76.776
aut,20201124,78.905
aut,20201125,79.466
aut,20201126,79.017
aut,20201127,78.793
aut,20201128,77.112
aut,20201129,77.448
aut,20201130,78.569
aut,20201201,77.448
aut,20201202,75.543
aut,20201203,74.87
aut,20201204,71.956
aut,20201205,72.405
aut,20201206,70.835
aut,20201207,69.042
aut,20201208,68.258
aut,20201209,68.37
aut,20201210,65.568
aut,20201211,64.111
aut,20201212,66.24
aut,20201213,64.671
aut,20201214,66.576
aut,20201215,64.223
aut,20201216,61.421
aut,20201217,59.403
aut,20201218,55.48
aut,20201219,54.808
aut,20201220,53.239
aut,20201221,53.575
aut,20201222,54.584
aut,20201223,52.902
aut,20201224,49.876
aut,20201225,45.841
aut,20201226,48.307
aut,20201227,46.402
aut,20201228,47.186
aut,20201229,46.065
aut,20201230,44.272
aut,20201231,44.384
aut,20210101,43.151
aut,20210102,43.151
aut,20210103,40.686
aut,20210104,41.246
aut,20210105,41.582
aut,20210106,40.461
aut,20210107,41.806
aut,20210108,41.582
aut,20210109,41.358
aut,20210110,41.694
aut,20210111,42.479
aut,20210112,42.367
aut,20210113,39.677
aut,20210114,40.461
aut,20210115,37.771
aut,20210116,38.332
aut,20210117,36.763
aut,20210118,37.435
aut,20210119,37.211
aut,20210120,36.202
aut,20210121,38.108
aut,20210122,37.099
aut,20210123,36.202
aut,20210124,36.202
aut,20210125,35.978
aut,20210126,35.081
aut,20210127,34.073
aut,20210128,34.073
aut,20210129,33.064
aut,20210130,33.288
aut,20210131,33.288
aut,20210201,32.952
aut,20210202,33.624
aut,20210203,33.961
aut,20210204,33.4
aut,20210205,33.624
aut,20210206,33.624
aut,20210207,31.943
aut,20210208,31.495
aut,20210209,31.271
aut,20210210,29.702
aut,20210211,29.702
aut,20210212,29.477
aut,20210213,29.926
aut,20210214,28.581
aut,20210215,28.917
aut,20210216,29.59
aut,20210217,29.365
aut,20210218,29.59
aut,20210219,29.253
aut,20210220,29.253
aut,20210221,28.469
aut,20210222,28.245
aut,20210223,30.598
aut,20210224,28.581
aut,20210225,27.796
aut,20210226,29.141
aut,20210227,29.141
aut,20210228,31.719
aut,20210301,33.176
aut,20210302,33.737
aut,20210303,35.081
aut,20210304,33.849
aut,20210305,36.426
aut,20210306,35.418
aut,20210307,35.53
aut,20210308,37.323
aut,20210309,36.875
aut,20210310,36.314
aut,20210311,38.332
aut,20210312,38.78
aut,20210313,39.901
aut,20210314,39.453
aut,20210315,41.806
aut,20210316,44.272
aut,20210317,44.384
aut,20210318,43.488
aut,20210319,44.833
aut,20210320,44.048
aut,20210321,46.626
aut,20210322,48.868
aut,20210323,49.092
aut,20210324,50.437
aut,20210325,50.997
aut,20210326,52.79
aut,20210327,56.937
aut,20210328,58.058
aut,20210329,60.188
aut,20210330,60.3
aut,20210331,59.515
aut,20210401,59.852
aut,20210402,60.188
aut,20210403,59.739
aut,20210404,62.99
aut,20210405,63.886
aut,20210406,65.343
aut,20210407,65.343
aut,20210408,64.895
aut,20210409,65.231
aut,20210410,65.456
aut,20210411,67.137
aut,20210412,68.93
aut,20210413,66.801
aut,20210414,66.016
aut,20210415,63.999
aut,20210416,62.766
aut,20210417,61.533
aut,20210418,61.196
aut,20210419,63.662
aut,20210420,62.878
aut,20210421,61.757
aut,20210422,58.394
aut,20210423,58.058
aut,20210424,56.937
aut,20210425,58.394
aut,20210426,58.282
aut,20210427,58.394
aut,20210428,58.17
aut,20210429,54.808
aut,20210430,56.713
aut,20210501,54.023
aut,20210502,53.351
aut,20210503,54.36
aut,20210504,51.894
aut,20210505,49.316
aut,20210506,48.307
aut,20210507,47.298
aut,20210508,45.505
aut,20210509,45.841
aut,20210510,43.151
aut,20210511,40.125
aut,20210512,37.771
aut,20210513,35.418
aut,20210514,36.09
aut,20210515,35.306
aut,20210516,31.943
aut,20210517,32.504
aut,20210518,31.159
aut,20210519,29.814
aut,20210520,27.908
aut,20210521,26.227
aut,20210522,26.563
aut,20210523,26.563
aut,20210524,25.106
aut,20210525,24.658
aut,20210526,22.192
aut,20210527,21.52
aut,20210528,19.166
aut,20210529,18.269
aut,20210530,16.7
aut,20210531,17.036
aut,20210601,16.476
aut,20210602,15.243
aut,20210603,14.346
aut,20210604,12.889
aut,20210605,16.812
aut,20210606,16.14
aut,20210607,16.364
aut,20210608,14.234
aut,20210609,13.674
aut,20210610,12.665
aut,20210611,10.872
aut,20210612,11.096
aut,20210613,11.096
aut,20210614,10.984
aut,20210615,10.536
aut,20210616,10.311
aut,20210617,9.639
aut,20210618,9.415
aut,20210619,9.303
aut,20210620,9.415
aut,20210621,8.967
aut,20210622,8.182
aut,20210623,7.846
aut,20210624,7.958
aut,20210625,7.622
aut,20210626,8.182
aut,20210627,7.061
aut,20210628,6.837
aut,20210629,6.277
aut,20210630,6.725
aut,20210701,5.94
aut,20210702,5.492
aut,20210703,5.156
aut,20210704,5.156
aut,20210705,5.044
aut,20210706,5.156
aut,20210707,5.156
aut,20210708,4.707
aut,20210709,4.707
aut,20210710,4.707
aut,20210711,4.147
aut,20210712,3.923
aut,20210713,4.147
aut,20210714,3.587
aut,20210715,3.923
aut,20210716,4.147
aut,20210717,3.923
aut,20210718,3.475
aut,20210719,3.699
aut,20210720,4.483
aut,20210721,3.362
aut,20210722,2.914
aut,20210723,2.914
aut,20210724,3.026
aut,20210725,2.914
aut,20210726,3.587
aut,20210727,4.595
aut,20210728,4.259
aut,20210729,4.483
aut,20210730,4.147
aut,20210731,3.699
aut,20210801,3.362
aut,20210802,3.475
aut,20210803,3.923
aut,20210804,3.475
aut,20210805,4.259
aut,20210806,3.811
aut,20210807,4.595
aut,20210808,4.932
aut,20210809,4.483
aut,20210810,5.156
aut,20210811,5.38
aut,20210812,5.492
aut,20210813,5.492
aut,20210814,5.94
aut,20210815,6.501
aut,20210816,7.173
aut,20210817,6.725
aut,20210818,6.949
aut,20210819,7.622
aut,20210820,7.734
aut,20210821,7.958
aut,20210822,8.182
aut,20210823,8.294
aut,20210824,9.639
aut,20210825,9.863
aut,20210826,10.536
aut,20210827,11.769
aut,20210828,12.329
aut,20210829,12.665
aut,20210830,13.898
aut,20210831,14.907
aut,20210901,15.803
aut,20210902,16.028
aut,20210903,17.148
aut,20210904,17.261
aut,20210905,17.597
aut,20210906,19.166
aut,20210907,19.278
aut,20210908,21.071
aut,20210909,20.847
aut,20210910,20.287
aut,20210911,19.39
aut,20210912,20.399
aut,20210913,21.183
aut,20210914,22.528
aut,20210915,21.968
aut,20210916,22.64
aut,20210917,23.201
aut,20210918,23.873
aut,20210919,24.322
aut,20210920,24.658
aut,20210921,24.21
aut,20210922,24.434
aut,20210923,24.546
aut,20210924,25.218
aut,20210925,25.218
aut,20210926,25.218
aut,20210927,27.46
aut,20210928,26.787
aut,20210929,24.882
aut,20210930,24.882
aut,20211001,24.658
aut,20211002,24.77
aut,20211003,24.994
aut,20211004,24.882
aut,20211005,26.115
aut,20211006,24.77
aut,20211007,24.77
aut,20211008,24.77
aut,20211009,24.434
aut,20211010,24.77
aut,20211011,23.761
aut,20211012,24.434
aut,20211013,24.434
aut,20211014,24.322
aut,20211015,24.546
aut,20211016,24.434
aut,20211017,24.658
aut,20211018,24.658
aut,20211019,24.322
aut,20211020,24.434
aut,20211021,24.658
aut,20211022,24.658
aut,20211023,25.667
aut,20211024,25.33
aut,20211025,26.9
aut,20211026,28.357
aut,20211027,28.693
aut,20211028,29.59
aut,20211029,31.271
aut,20211030,31.719
aut,20211031,32.84
aut,20211101,34.521
aut,20211102,36.875
aut,20211103,38.556
aut,20211104,40.573
aut,20211105,41.022
aut,20211106,39.677
aut,20211107,41.134
aut,20211108,42.815
aut,20211109,45.729
aut,20211110,47.074
aut,20211111,48.98
aut,20211112,47.971
aut,20211113,46.738
aut,20211114,48.531
aut,20211115,51.109
aut,20211116,52.23
aut,20211117,54.472
aut,20211118,56.937
aut,20211119,57.61
aut,20211120,58.843
aut,20211121,59.739
aut,20211122,64.111
aut,20211123,65.343
aut,20211124,66.801
aut,20211125,68.93
aut,20211126,68.594
aut,20211127,68.93
aut,20211128,69.827
aut,20211129,70.611
aut,20211130,72.405
aut,20211201,72.965
aut,20211202,71.732
aut,20211203,71.956
aut,20211204,73.077
aut,20211205,73.301
aut,20211206,74.422
aut,20211207,73.75
aut,20211208,70.835
aut,20211209,69.491
aut,20211210,65.904
aut,20211211,63.55
aut,20211212,62.878
aut,20211213,65.007
aut,20211214,62.429
aut,20211215,62.317
aut,20211216,59.739
aut,20211217,56.601
aut,20211218,53.799
aut,20211219,53.239
aut,20211220,54.135
aut,20211221,52.678
aut,20211222,50.549
aut,20211223,47.747
aut,20211224,44.833
aut,20211225,44.16
aut,20211226,43.039
aut,20211227,42.927
aut,20211228,40.461
aut,20211229,39.116
aut,20211230,38.444
aut,20211231,36.763
aut,20220101,36.09
aut,20220102,36.202
aut,20220103,35.978
aut,20220104,35.53
aut,20220105,33.849
aut,20220106,32.392
aut,20220107,30.598
aut,20220108,30.038
aut,20220109,29.59
aut,20220110,29.141
aut,20220111,28.581
aut,20220112,27.012
aut,20220113,26.451
aut,20220114,24.658
aut,20220115,24.21
aut,20220116,23.761
aut,20220117,23.649
aut,20220118,21.744
aut,20220119,21.632
aut,20220120,21.968
aut,20220121,22.192
aut,20220122,21.632
aut,20220123,21.295
aut,20220124,21.744
aut,20220125,21.295
aut,20220126,21.295
aut,20220127,19.278
aut,20220128,19.726
aut,20220129,19.838
aut,20220130,19.726
aut,20220131,19.614
aut,20220201,20.623
aut,20220202,20.623
aut,20220203,21.295
aut,20220204,21.856
aut,20220205,22.08
aut,20220206,22.977
aut,20220207,21.968
aut,20220208,21.744
aut,20220209,20.959
aut,20220210,21.183
aut,20220211,20.847
aut,20220212,21.295
aut,20220213,22.304
aut,20220214,22.304
aut,20220215,22.977
aut,20220216,22.08
aut,20220217,22.304
aut,20220218,20.959
aut,20220219,20.847
aut,20220220,21.071
aut,20220221,21.071
aut,20220222,22.08
aut,20220223,21.295
aut,20220224,22.416
aut,20220225,22.416
aut,20220226,21.632
aut,20220227,22.304
aut,20220228,20.959
aut,20220301,21.295
aut,20220302,21.071
aut,20220303,21.52
aut,20220304,21.856
aut,20220305,22.192
aut,20220306,22.304
aut,20220307,21.295
aut,20220308,21.52
aut,20220309,20.511
aut,20220310,19.951
aut,20220311,20.511
aut,20220312,20.287
aut,20220313,21.632
aut,20220314,22.416
aut,20220315,24.434
aut,20220316,24.434
aut,20220317,23.201
aut,20220318,23.313
aut,20220319,23.313
aut,20220320,22.753
aut,20220321,24.994
aut,20220322,26.003
aut,20220323,25.779
aut,20220324,26.227
aut,20220325,26.227
aut,20220326,27.012
aut,20220327,26.9
aut,20220328,27.012
aut,20220329,26.563
aut,20220330,26.563
aut,20220331,25.33
aut,20220401,24.434
aut,20220402,24.098
aut,20220403,24.098
aut,20220404,25.218
aut,20220405,25.33
aut,20220406,25.33
aut,20220407,22.64
aut,20220408,22.304
aut,20220409,22.416
aut,20220410,20.511
aut,20220411,21.968
aut,20220412,21.52
aut,20220413,21.632
aut,20220414,20.175
aut,20220415,19.054
aut,20220416,17.036
aut,20220417,16.364
aut,20220418,15.803
aut,20220419,15.355
aut,20220420,15.691
aut,20220421,14.122
aut,20220422,13.114
aut,20220423,13.45
aut,20220424,13.226
aut,20220425,13.226
aut,20220426,12.329
aut,20220427,11.881
aut,20220428,12.329
aut,20220429,11.096
aut,20220430,9.639
aut,20220501,9.527
aut,20220502,9.863
aut,20220503,9.639
aut,20220504,8.967
aut,20220505,9.079
aut,20220506,8.854
aut,20220507,8.742
aut,20220508,9.079
aut,20220509,8.854
aut,20220510,8.854
aut,20220511,8.854
aut,20220512,7.846
aut,20220513,7.061
aut,20220514,6.949
aut,20220515,6.501
aut,20220516,7.285
aut,20220517,6.501
aut,20220518,6.052
aut,20220519,6.501
aut,20220520,6.164
aut,20220521,5.94
aut,20220522,4.932
aut,20220523,5.828
aut,20220524,6.389
aut,20220525,4.932
aut,20220526,4.707
aut,20220527,5.156
aut,20220528,5.604
aut,20220529,5.044
aut,20220530,4.259
aut,20220531,4.82
aut,20220601,4.82
aut,20220602,5.38
aut,20220603,5.268
aut,20220604,4.82
aut,20220605,4.595
aut,20220606,4.483
aut,20220607,4.707
aut,20220608,4.707
aut,20220609,4.371
aut,20220610,3.923
aut,20220611,3.811
aut,20220612,3.362
aut,20220613,4.035
aut,20220614,4.82
aut,20220615,3.811
aut,20220616,3.475
aut,20220617,4.035
aut,20220618,3.923
aut,20220619,4.259
aut,20220620,4.035
aut,20220621,4.595
aut,20220622,5.604
aut,20220623,4.82
aut,20220624,4.707
aut,20220625,5.38
aut,20220626,5.716
aut,20220627,5.38
aut,20220628,5.268
aut,20220629,5.268
aut,20220630,4.595
aut,20220701,5.492
aut,20220702,6.613
aut,20220703,5.716
aut,20220704,5.716
aut,20220705,6.277
aut,20220706,6.501
aut,20220707,7.061
aut,20220708,6.389
aut,20220709,6.164
aut,20220710,5.604
aut,20220711,6.389
aut,20220712,6.277
aut,20220713,7.397
aut,20220714,7.958
aut,20220715,8.742
aut,20220716,8.406
aut,20220717,7.958
aut,20220718,8.518
aut,20220719,10.087
aut,20220720,8.518
aut,20220721,8.967
aut,20220722,8.967
aut,20220723,8.967
aut,20220724,9.751
aut,20220725,9.863
aut,20220726,10.424
aut,20220727,11.32
aut,20220728,10.984
aut,20220729,10.199
aut,20220730,10.087
aut,20220731,9.751
aut,20220801,9.191
aut,20220802,9.639
aut,20220803,8.854
aut,20220804,9.303
aut,20220805,8.182
aut,20220806,8.294
aut,20220807,8.07
aut,20220808,9.079
aut,20220809,8.63
aut,20220810,9.079
aut,20220811,8.518
aut,20220812,9.191
aut,20220813,7.622
aut,20220814,7.846
aut,20220815,7.173
aut,20220816,7.061
aut,20220817,7.734
aut,20220818,7.397
aut,20220819,7.173
aut,20220820,7.509
aut,20220821,7.734
aut,20220822,8.07
aut,20220823,8.07
aut,20220824,8.294
aut,20220825,8.742
aut,20220826,8.967
aut,20220827,8.294
aut,20220828,8.07
aut,20220829,7.397
aut,20220830,7.734
aut,20220831,6.949
aut,20220901,7.285
aut,20220902,7.734
aut,20220903,7.061
aut,20220904,6.725
aut,20220905,7.061
aut,20220906,6.052
aut,20220907,5.156
aut,20220908,4.82
aut,20220909,5.268
aut,20220910,5.604
aut,20220911,5.38
aut,20220912,5.268
aut,20220913,5.828
aut,20220914,6.052
aut,20220915,6.052
aut,20220916,5.604
bel,20200315,4.564
bel,20200316,6.804
bel,20200317,8.612
bel,20200318,11.196
bel,20200319,14.124
bel,20200320,19.722
bel,20200321,24.975
bel,20200322,28.076
bel,20200323,33.157
bel,20200324,41.941
bel,20200325,52.707
bel,20200326,60.199
bel,20200327,67.95
bel,20200328,74.668
bel,20200329,82.763
bel,20200330,87.931
bel,20200331,93.701
bel,20200401,98.524
bel,20200402,103.777
bel,20200403,108.169
bel,20200404,108.6
bel,20200405,109.117
bel,20200406,108.514
bel,20200407,109.892
bel,20200408,110.753
bel,20200409,110.15
bel,20200410,108.686
bel,20200411,107.739
bel,20200412,107.911
bel,20200413,105.586
bel,20200414,103.691
bel,20200415,101.796
bel,20200416,99.04
bel,20200417,96.371
bel,20200418,93.098
bel,20200419,92.237
bel,20200420,92.926
bel,20200421,87.845
bel,20200422,85.519
bel,20200423,83.538
bel,20200424,80.438
bel,20200425,77.596
bel,20200426,77.768
bel,20200427,75.443
bel,20200428,68.639
bel,20200429,66.228
bel,20200430,64.505
bel,20200501,59.424
bel,20200502,58.908
bel,20200503,56.41
bel,20200504,55.635
bel,20200505,50.123
bel,20200506,46.678
bel,20200507,43.75
bel,20200508,43.233
bel,20200509,40.908
bel,20200510,41.08
bel,20200511,40.047
bel,20200512,36.774
bel,20200513,35.052
bel,20200514,32.726
bel,20200515,31.348
bel,20200516,29.712
bel,20200517,29.454
bel,20200518,29.712
bel,20200519,26.956
bel,20200520,23.856
bel,20200521,23.081
bel,20200522,22.306
bel,20200523,22.047
bel,20200524,21.617
bel,20200525,21.444
bel,20200526,19.205
bel,20200527,18
bel,20200528,16.105
bel,20200529,14.899
bel,20200530,14.469
bel,20200531,14.124
bel,20200601,14.296
bel,20200602,14.813
bel,20200603,12.488
bel,20200604,11.799
bel,20200605,10.421
bel,20200606,9.56
bel,20200607,9.99
bel,20200608,9.904
bel,20200609,8.784
bel,20200610,8.526
bel,20200611,7.665
bel,20200612,7.579
bel,20200613,7.062
bel,20200614,7.32
bel,20200615,6.459
bel,20200616,5.77
bel,20200617,5.167
bel,20200618,4.478
bel,20200619,4.306
bel,20200620,4.564
bel,20200621,4.306
bel,20200622,3.617
bel,20200623,3.531
bel,20200624,3.445
bel,20200625,3.273
bel,20200626,3.1
bel,20200627,2.928
bel,20200628,3.1
bel,20200629,3.531
bel,20200630,3.187
bel,20200701,3.1
bel,20200702,3.014
bel,20200703,2.756
bel,20200704,2.498
bel,20200705,2.584
bel,20200706,2.325
bel,20200707,2.756
bel,20200708,2.756
bel,20200709,3.1
bel,20200710,2.756
bel,20200711,2.411
bel,20200712,2.325
bel,20200713,1.981
bel,20200714,2.325
bel,20200715,2.325
bel,20200716,2.411
bel,20200717,2.411
bel,20200718,2.584
bel,20200719,2.67
bel,20200720,3.1
bel,20200721,2.842
bel,20200722,3.531
bel,20200723,3.445
bel,20200724,3.531
bel,20200725,3.789
bel,20200726,4.048
bel,20200727,4.478
bel,20200728,4.22
bel,20200729,4.048
bel,20200730,3.617
bel,20200731,4.134
bel,20200801,4.823
bel,20200802,4.995
bel,20200803,4.651
bel,20200804,5.426
bel,20200805,5.253
bel,20200806,5.598
bel,20200807,5.942
bel,20200808,5.77
bel,20200809,5.942
bel,20200810,6.287
bel,20200811,6.631
bel,20200812,6.545
bel,20200813,6.373
bel,20200814,6.89
bel,20200815,7.062
bel,20200816,7.407
bel,20200817,7.837
bel,20200818,7.665
bel,20200819,7.148
bel,20200820,7.062
bel,20200821,7.234
bel,20200822,7.32
bel,20200823,7.493
bel,20200824,7.665
bel,20200825,7.32
bel,20200826,6.976
bel,20200827,7.062
bel,20200828,6.631
bel,20200829,6.201
bel,20200830,6.115
bel,20200831,6.373
bel,20200901,5.856
bel,20200902,5.167
bel,20200903,4.995
bel,20200904,4.478
bel,20200905,4.564
bel,20200906,4.564
bel,20200907,4.478
bel,20200908,5.081
bel,20200909,5.167
bel,20200910,5.598
bel,20200911,5.77
bel,20200912,5.856
bel,20200913,6.115
bel,20200914,6.201
bel,20200915,5.77
bel,20200916,6.373
bel,20200917,5.942
bel,20200918,6.718
bel,20200919,6.718
bel,20200920,6.631
bel,20200921,7.493
bel,20200922,8.095
bel,20200923,8.182
bel,20200924,8.957
bel,20200925,9.473
bel,20200926,10.335
bel,20200927,11.626
bel,20200928,12.057
bel,20200929,12.918
bel,20200930,13.521
bel,20201001,13.435
bel,20201002,14.038
bel,20201003,15.933
bel,20201004,16.019
bel,20201005,16.794
bel,20201006,16.277
bel,20201007,17.311
bel,20201008,18.344
bel,20201009,18.43
bel,20201010,19.636
bel,20201011,21.1
bel,20201012,23.081
bel,20201013,24.2
bel,20201014,26.956
bel,20201015,28.162
bel,20201016,30.832
bel,20201017,33.071
bel,20201018,35.482
bel,20201019,38.41
bel,20201020,41.941
bel,20201021,45.214
bel,20201022,49.348
bel,20201023,54.515
bel,20201024,59.769
bel,20201025,65.108
bel,20201026,69.931
bel,20201027,78.543
bel,20201028,85.605
bel,20201029,91.031
bel,20201030,95.165
bel,20201031,99.988
bel,20201101,105.327
bel,20201102,112.131
bel,20201103,116.523
bel,20201104,121.604
bel,20201105,122.982
bel,20201106,125.652
bel,20201107,126.083
bel,20201108,126.6
bel,20201109,126.944
bel,20201110,126.6
bel,20201111,125.997
bel,20201112,125.394
bel,20201113,125.48
bel,20201114,122.552
bel,20201115,123.93
bel,20201116,121.26
bel,20201117,116.782
bel,20201118,113.94
bel,20201119,110.753
bel,20201120,108.169
bel,20201121,103.433
bel,20201122,102.83
bel,20201123,100.591
bel,20201124,95.165
bel,20201125,92.237
bel,20201126,89.05
bel,20201127,85.864
bel,20201128,81.472
bel,20201129,77.854
bel,20201130,77.51
bel,20201201,73.548
bel,20201202,71.395
bel,20201203,67.692
bel,20201204,67.95
bel,20201205,64.85
bel,20201206,64.075
bel,20201207,62.352
bel,20201208,58.305
bel,20201209,57.013
bel,20201210,56.668
bel,20201211,55.635
bel,20201212,53.999
bel,20201213,53.137
bel,20201214,52.965
bel,20201215,51.157
bel,20201216,49.176
bel,20201217,48.401
bel,20201218,47.109
bel,20201219,46.592
bel,20201220,46.764
bel,20201221,47.023
bel,20201222,46.161
bel,20201223,44.095
bel,20201224,44.267
bel,20201225,44.008
bel,20201226,42.458
bel,20201227,42.286
bel,20201228,43.922
bel,20201229,42.889
bel,20201230,42.717
bel,20201231,42.544
bel,20210101,42.114
bel,20210102,41.425
bel,20210103,40.305
bel,20210104,39.961
bel,20210105,37.033
bel,20210106,34.793
bel,20210107,32.813
bel,20210108,32.468
bel,20210109,32.64
bel,20210110,31.951
bel,20210111,32.554
bel,20210112,30.659
bel,20210113,31.004
bel,20210114,29.798
bel,20210115,29.712
bel,20210116,30.315
bel,20210117,31.607
bel,20210118,31.779
bel,20210119,31.09
bel,20210120,29.023
bel,20210121,29.109
bel,20210122,29.109
bel,20210123,28.162
bel,20210124,27.731
bel,20210125,27.99
bel,20210126,27.731
bel,20210127,26.956
bel,20210128,27.817
bel,20210129,27.128
bel,20210130,27.128
bel,20210131,27.128
bel,20210201,27.99
bel,20210202,26.784
bel,20210203,26.698
bel,20210204,26.353
bel,20210205,26.181
bel,20210206,25.148
bel,20210207,25.837
bel,20210208,26.009
bel,20210209,26.526
bel,20210210,26.095
bel,20210211,25.32
bel,20210212,25.406
bel,20210213,25.664
bel,20210214,26.439
bel,20210215,27.473
bel,20210216,26.784
bel,20210217,27.128
bel,20210218,27.042
bel,20210219,27.042
bel,20210220,27.215
bel,20210221,28.334
bel,20210222,29.97
bel,20210223,30.401
bel,20210224,31.176
bel,20210225,31.779
bel,20210226,33.846
bel,20210227,34.19
bel,20210228,35.052
bel,20210301,35.568
bel,20210302,36.688
bel,20210303,37.377
bel,20210304,36.688
bel,20210305,37.291
bel,20210306,35.827
bel,20210307,36.602
bel,20210308,37.549
bel,20210309,37.98
bel,20210310,38.927
bel,20210311,38.583
bel,20210312,40.305
bel,20210313,40.822
bel,20210314,41.769
bel,20210315,43.319
bel,20210316,44.956
bel,20210317,45.989
bel,20210318,46.764
bel,20210319,47.367
bel,20210320,47.97
bel,20210321,49.003
bel,20210322,50.726
bel,20210323,51.759
bel,20210324,54.774
bel,20210325,56.152
bel,20210326,57.443
bel,20210327,60.372
bel,20210328,61.319
bel,20210329,63.73
bel,20210330,63.472
bel,20210331,65.108
bel,20210401,68.036
bel,20210402,68.984
bel,20210403,70.706
bel,20210404,71.567
bel,20210405,74.582
bel,20210406,76.821
bel,20210407,78.285
bel,20210408,78.457
bel,20210409,79.663
bel,20210410,77.941
bel,20210411,77.424
bel,20210412,79.146
bel,20210413,81.558
bel,20210414,81.041
bel,20210415,80.094
bel,20210416,79.491
bel,20210417,79.491
bel,20210418,80.18
bel,20210419,81.472
bel,20210420,79.749
bel,20210421,80.524
bel,20210422,78.371
bel,20210423,77.596
bel,20210424,76.304
bel,20210425,76.304
bel,20210426,76.821
bel,20210427,76.821
bel,20210428,76.476
bel,20210429,74.41
bel,20210430,73.634
bel,20210501,70.965
bel,20210502,71.051
bel,20210503,71.567
bel,20210504,68.467
bel,20210505,65.194
bel,20210506,64.075
bel,20210507,62.611
bel,20210508,60.888
bel,20210509,60.458
bel,20210510,61.147
bel,20210511,59.08
bel,20210512,56.841
bel,20210513,55.463
bel,20210514,55.377
bel,20210515,53.482
bel,20210516,53.31
bel,20210517,52.793
bel,20210518,51.243
bel,20210519,50.726
bel,20210520,48.401
bel,20210521,46.506
bel,20210522,46.85
bel,20210523,46.678
bel,20210524,46.678
bel,20210525,45.731
bel,20210526,43.75
bel,20210527,42.286
bel,20210528,40.391
bel,20210529,38.841
bel,20210530,38.066
bel,20210531,37.808
bel,20210601,34.793
bel,20210602,32.554
bel,20210603,31.435
bel,20210604,29.454
bel,20210605,29.023
bel,20210606,28.506
bel,20210607,28.937
bel,20210608,27.473
bel,20210609,26.612
bel,20210610,26.009
bel,20210611,25.837
bel,20210612,24.545
bel,20210613,23.597
bel,20210614,23.77
bel,20210615,22.047
bel,20210616,21.272
bel,20210617,20.153
bel,20210618,18.258
bel,20210619,17.483
bel,20210620,17.569
bel,20210621,17.741
bel,20210622,15.846
bel,20210623,15.76
bel,20210624,15.071
bel,20210625,13.521
bel,20210626,12.832
bel,20210627,12.918
bel,20210628,12.66
bel,20210629,12.315
bel,20210630,11.54
bel,20210701,10.851
bel,20210702,10.593
bel,20210703,9.904
bel,20210704,9.732
bel,20210705,9.646
bel,20210706,8.698
bel,20210707,8.526
bel,20210708,8.268
bel,20210709,8.009
bel,20210710,7.493
bel,20210711,7.148
bel,20210712,7.665
bel,20210713,7.751
bel,20210714,7.062
bel,20210715,7.407
bel,20210716,6.976
bel,20210717,6.976
bel,20210718,7.579
bel,20210719,7.234
bel,20210720,7.493
bel,20210721,7.32
bel,20210722,7.148
bel,20210723,7.234
bel,20210724,7.665
bel,20210725,8.095
bel,20210726,8.354
bel,20210727,8.095
bel,20210728,8.268
bel,20210729,8.009
bel,20210730,8.268
bel,20210731,8.009
bel,20210801,8.182
bel,20210802,8.354
bel,20210803,8.095
bel,20210804,7.923
bel,20210805,8.095
bel,20210806,8.44
bel,20210807,8.784
bel,20210808,9.129
bel,20210809,10.335
bel,20210810,10.335
bel,20210811,10.679
bel,20210812,11.368
bel,20210813,11.713
bel,20210814,12.229
bel,20210815,12.66
bel,20210816,13.607
bel,20210817,13.952
bel,20210818,14.813
bel,20210819,15.33
bel,20210820,15.416
bel,20210821,15.33
bel,20210822,15.157
bel,20210823,14.899
bel,20210824,14.727
bel,20210825,15.157
bel,20210826,15.674
bel,20210827,15.933
bel,20210828,16.708
bel,20210829,16.449
bel,20210830,17.311
bel,20210831,16.535
bel,20210901,16.622
bel,20210902,16.794
bel,20210903,17.224
bel,20210904,18.775
bel,20210905,19.722
bel,20210906,20.411
bel,20210907,19.464
bel,20210908,18.947
bel,20210909,18.688
bel,20210910,19.636
bel,20210911,18.861
bel,20210912,18.775
bel,20210913,19.291
bel,20210914,18.861
bel,20210915,18.516
bel,20210916,18.947
bel,20210917,18.344
bel,20210918,18.344
bel,20210919,18.516
bel,20210920,19.119
bel,20210921,18.43
bel,20210922,18.688
bel,20210923,18.602
bel,20210924,18
bel,20210925,16.88
bel,20210926,17.397
bel,20210927,17.741
bel,20210928,17.827
bel,20210929,18.688
bel,20210930,18.344
bel,20211001,17.569
bel,20211002,17.483
bel,20211003,16.966
bel,20211004,18.172
bel,20211005,18.086
bel,20211006,18
bel,20211007,16.794
bel,20211008,17.569
bel,20211009,16.88
bel,20211010,16.622
bel,20211011,16.966
bel,20211012,17.311
bel,20211013,17.311
bel,20211014,16.622
bel,20211015,16.363
bel,20211016,17.397
bel,20211017,18
bel,20211018,19.98
bel,20211019,19.808
bel,20211020,20.669
bel,20211021,19.98
bel,20211022,21.617
bel,20211023,21.186
bel,20211024,22.047
bel,20211025,22.736
bel,20211026,22.392
bel,20211027,22.047
bel,20211028,22.133
bel,20211029,23.856
bel,20211030,25.664
bel,20211031,26.267
bel,20211101,27.904
bel,20211102,29.023
bel,20211103,29.54
bel,20211104,31.262
bel,20211105,33.071
bel,20211106,32.64
bel,20211107,33.674
bel,20211108,35.999
bel,20211109,37.377
bel,20211110,38.841
bel,20211111,40.564
bel,20211112,41.941
bel,20211113,42.114
bel,20211114,43.664
bel,20211115,46.506
bel,20211116,47.97
bel,20211117,48.917
bel,20211118,49.692
bel,20211119,51.932
bel,20211120,53.223
bel,20211121,54.429
bel,20211122,56.324
bel,20211123,56.582
bel,20211124,56.754
bel,20211125,57.616
bel,20211126,58.735
bel,20211127,59.941
bel,20211128,62.18
bel,20211129,65.453
bel,20211130,67.175
bel,20211201,68.295
bel,20211202,70.706
bel,20211203,69.242
bel,20211204,69.242
bel,20211205,69.673
bel,20211206,70.362
bel,20211207,70.19
bel,20211208,71.051
bel,20211209,71.223
bel,20211210,72.17
bel,20211211,72.256
bel,20211212,71.223
bel,20211213,72.17
bel,20211214,70.19
bel,20211215,69.242
bel,20211216,67.95
bel,20211217,65.539
bel,20211218,65.97
bel,20211219,63.989
bel,20211220,62.869
bel,20211221,61.061
bel,20211222,59.597
bel,20211223,56.841
bel,20211224,56.065
bel,20211225,55.118
bel,20211226,54.171
bel,20211227,52.793
bel,20211228,49.951
bel,20211229,48.573
bel,20211230,46.248
bel,20211231,45.817
bel,20220101,44.181
bel,20220102,43.75
bel,20220103,44.783
bel,20220104,43.319
bel,20220105,40.564
bel,20220106,40.736
bel,20220107,39.961
bel,20220108,37.721
bel,20220109,38.066
bel,20220110,37.808
bel,20220111,38.755
bel,20220112,36.43
bel,20220113,34.966
bel,20220114,34.793
bel,20220115,33.846
bel,20220116,33.674
bel,20220117,34.104
bel,20220118,33.502
bel,20220119,33.415
bel,20220120,31.607
bel,20220121,31.348
bel,20220122,30.918
bel,20220123,31.09
bel,20220124,31.951
bel,20220125,31.521
bel,20220126,30.401
bel,20220127,30.918
bel,20220128,31.607
bel,20220129,32.382
bel,20220130,33.329
bel,20220131,34.966
bel,20220201,36.085
bel,20220202,37.205
bel,20220203,37.119
bel,20220204,36.86
bel,20220205,35.741
bel,20220206,36.946
bel,20220207,37.894
bel,20220208,37.291
bel,20220209,37.033
bel,20220210,34.707
bel,20220211,34.19
bel,20220212,32.813
bel,20220213,31.951
bel,20220214,32.726
bel,20220215,31.348
bel,20220216,30.315
bel,20220217,30.143
bel,20220218,29.109
bel,20220219,28.42
bel,20220220,27.128
bel,20220221,27.128
bel,20220222,24.545
bel,20220223,24.889
bel,20220224,23.167
bel,20220225,21.531
bel,20220226,19.894
bel,20220227,20.755
bel,20220228,20.669
bel,20220301,19.291
bel,20220302,18.43
bel,20220303,19.55
bel,20220304,18.688
bel,20220305,18.258
bel,20220306,17.913
bel,20220307,17.741
bel,20220308,16.966
bel,20220309,16.535
bel,20220310,15.933
bel,20220311,15.33
bel,20220312,15.33
bel,20220313,15.071
bel,20220314,15.33
bel,20220315,15.588
bel,20220316,15.244
bel,20220317,14.899
bel,20220318,14.727
bel,20220319,14.641
bel,20220320,15.157
bel,20220321,15.416
bel,20220322,15.502
bel,20220323,14.813
bel,20220324,14.382
bel,20220325,14.21
bel,20220326,14.124
bel,20220327,13.952
bel,20220328,14.641
bel,20220329,14.555
bel,20220330,14.124
bel,20220331,14.813
bel,20220401,15.416
bel,20220402,14.641
bel,20220403,15.674
bel,20220404,15.933
bel,20220405,16.105
bel,20220406,15.157
bel,20220407,15.071
bel,20220408,15.071
bel,20220409,15.157
bel,20220410,14.899
bel,20220411,16.708
bel,20220412,16.363
bel,20220413,15.588
bel,20220414,15.76
bel,20220415,16.535
bel,20220416,16.019
bel,20220417,14.985
bel,20220418,15.846
bel,20220419,16.277
bel,20220420,14.555
bel,20220421,13.263
bel,20220422,13.177
bel,20220423,12.746
bel,20220424,13.435
bel,20220425,14.21
bel,20220426,13.263
bel,20220427,12.918
bel,20220428,12.574
bel,20220429,11.626
bel,20220430,10.938
bel,20220501,11.196
bel,20220502,11.626
bel,20220503,10.679
bel,20220504,9.99
bel,20220505,10.507
bel,20220506,9.99
bel,20220507,10.249
bel,20220508,10.249
bel,20220509,10.851
bel,20220510,10.076
bel,20220511,9.56
bel,20220512,9.043
bel,20220513,8.871
bel,20220514,8.182
bel,20220515,8.784
bel,20220516,9.129
bel,20220517,9.818
bel,20220518,8.957
bel,20220519,8.784
bel,20220520,7.923
bel,20220521,7.837
bel,20220522,8.009
bel,20220523,7.751
bel,20220524,7.751
bel,20220525,7.32
bel,20220526,6.545
bel,20220527,7.148
bel,20220528,6.976
bel,20220529,7.234
bel,20220530,7.579
bel,20220531,7.062
bel,20220601,7.493
bel,20220602,6.545
bel,20220603,6.115
bel,20220604,5.684
bel,20220605,5.426
bel,20220606,5.684
bel,20220607,5.684
bel,20220608,5.684
bel,20220609,6.115
bel,20220610,6.201
bel,20220611,5.081
bel,20220612,4.995
bel,20220613,5.34
bel,20220614,5.598
bel,20220615,4.909
bel,20220616,4.134
bel,20220617,4.22
bel,20220618,4.306
bel,20220619,4.306
bel,20220620,4.909
bel,20220621,4.823
bel,20220622,4.823
bel,20220623,5.856
bel,20220624,5.77
bel,20220625,5.684
bel,20220626,5.684
bel,20220627,6.287
bel,20220628,6.804
bel,20220629,6.545
bel,20220630,6.287
bel,20220701,5.77
bel,20220702,6.115
bel,20220703,6.804
bel,20220704,6.373
bel,20220705,7.234
bel,20220706,7.234
bel,20220707,7.407
bel,20220708,8.268
bel,20220709,7.751
bel,20220710,7.837
bel,20220711,7.923
bel,20220712,8.182
bel,20220713,8.182
bel,20220714,8.44
bel,20220715,9.818
bel,20220716,9.99
bel,20220717,10.593
bel,20220718,10.593
bel,20220719,10.765
bel,20220720,10.593
bel,20220721,9.646
bel,20220722,9.904
bel,20220723,10.076
bel,20220724,10.593
bel,20220725,10.851
bel,20220726,9.904
bel,20220727,9.215
bel,20220728,8.612
bel,20220729,8.784
bel,20220730,10.335
bel,20220731,10.507
bel,20220801,10.421
bel,20220802,10.938
bel,20220803,10.765
bel,20220804,10.249
bel,20220805,9.56
bel,20220806,9.56
bel,20220807,9.56
bel,20220808,10.679
bel,20220809,10.507
bel,20220810,9.646
bel,20220811,8.268
bel,20220812,7.751
bel,20220813,7.923
bel,20220814,8.095
bel,20220815,8.526
bel,20220816,8.612
bel,20220817,8.009
bel,20220818,7.579
bel,20220819,6.201
bel,20220820,6.029
bel,20220821,5.942
bel,20220822,6.287
bel,20220823,5.77
bel,20220824,6.115
bel,20220825,5.856
bel,20220826,5.684
bel,20220827,5.167
bel,20220828,5.426
bel,20220829,6.631
bel,20220830,5.081
bel,20220831,5.081
bel,20220901,4.995
bel,20220902,4.909
bel,20220903,5.167
bel,20220904,5.34
bel,20220905,5.34
bel,20220906,5.081
bel,20220907,4.823
bel,20220908,4.737
bel,20220909,3.789
bel,20220910,4.306
bel,20220911,4.478
bel,20220912,4.737
bel,20220913,4.564
bel,20220914,4.306
bel,20220915,4.823
bgr,20200406,3.776
bgr,20200407,3.776
bgr,20200408,3.921
bgr,20200409,4.647
bgr,20200410,4.792
bgr,20200411,5.083
bgr,20200412,5.228
bgr,20200413,5.228
bgr,20200414,4.212
bgr,20200415,4.502
bgr,20200416,5.373
bgr,20200417,6.39
bgr,20200418,6.39
bgr,20200419,5.228
bgr,20200420,5.228
bgr,20200421,4.938
bgr,20200422,5.809
bgr,20200423,5.373
bgr,20200424,5.954
bgr,20200425,5.954
bgr,20200426,5.373
bgr,20200427,5.954
bgr,20200428,5.664
bgr,20200429,5.664
bgr,20200430,5.809
bgr,20200501,6.245
bgr,20200502,6.245
bgr,20200503,5.809
bgr,20200504,5.809
bgr,20200505,5.373
bgr,20200506,5.664
bgr,20200507,5.519
bgr,20200508,6.245
bgr,20200509,7.116
bgr,20200510,8.133
bgr,20200511,8.423
bgr,20200512,7.261
bgr,20200513,7.406
bgr,20200514,7.406
bgr,20200515,7.116
bgr,20200516,6.535
bgr,20200517,6.68
bgr,20200518,6.245
bgr,20200519,5.228
bgr,20200520,4.792
bgr,20200521,4.502
bgr,20200522,4.212
bgr,20200523,4.212
bgr,20200524,3.195
bgr,20200525,2.904
bgr,20200526,3.05
bgr,20200527,3.195
bgr,20200528,2.904
bgr,20200529,2.904
bgr,20200530,2.614
bgr,20200531,2.469
bgr,20200601,2.324
bgr,20200602,2.904
bgr,20200603,1.307
bgr,20200604,1.162
bgr,20200605,1.162
bgr,20200606,1.743
bgr,20200607,1.743
bgr,20200608,1.743
bgr,20200609,2.178
bgr,20200610,1.888
bgr,20200611,2.469
bgr,20200612,2.178
bgr,20200613,2.178
bgr,20200614,2.324
bgr,20200615,2.178
bgr,20200616,2.033
bgr,20200617,1.888
bgr,20200618,1.743
bgr,20200619,1.888
bgr,20200620,2.469
bgr,20200621,1.888
bgr,20200622,1.888
bgr,20200623,1.597
bgr,20200624,1.888
bgr,20200625,2.324
bgr,20200626,2.324
bgr,20200627,2.614
bgr,20200628,2.904
bgr,20200629,3.631
bgr,20200630,4.502
bgr,20200701,4.647
bgr,20200702,4.647
bgr,20200703,4.502
bgr,20200704,4.212
bgr,20200705,4.212
bgr,20200706,4.066
bgr,20200707,4.212
bgr,20200708,4.647
bgr,20200709,4.212
bgr,20200710,4.066
bgr,20200711,4.647
bgr,20200712,4.792
bgr,20200713,4.792
bgr,20200714,4.212
bgr,20200715,3.921
bgr,20200716,4.066
bgr,20200717,4.066
bgr,20200718,4.792
bgr,20200719,4.938
bgr,20200720,4.938
bgr,20200721,4.938
bgr,20200722,4.502
bgr,20200723,3.485
bgr,20200724,3.921
bgr,20200725,4.066
bgr,20200726,4.792
bgr,20200727,4.938
bgr,20200728,5.664
bgr,20200729,5.809
bgr,20200730,5.373
bgr,20200731,4.938
bgr,20200801,6.099
bgr,20200802,6.245
bgr,20200803,6.68
bgr,20200804,6.245
bgr,20200805,5.954
bgr,20200806,6.39
bgr,20200807,6.826
bgr,20200808,7.987
bgr,20200809,7.987
bgr,20200810,7.842
bgr,20200811,7.842
bgr,20200812,9.294
bgr,20200813,9.149
bgr,20200814,9.149
bgr,20200815,8.423
bgr,20200816,7.987
bgr,20200817,8.133
bgr,20200818,8.133
bgr,20200819,8.859
bgr,20200820,8.713
bgr,20200821,9.149
bgr,20200822,10.601
bgr,20200823,10.747
bgr,20200824,10.747
bgr,20200825,9.44
bgr,20200826,9.294
bgr,20200827,8.713
bgr,20200828,9.44
bgr,20200829,8.568
bgr,20200830,8.859
bgr,20200831,9.149
bgr,20200901,9.44
bgr,20200902,9.004
bgr,20200903,9.149
bgr,20200904,8.859
bgr,20200905,8.133
bgr,20200906,8.278
bgr,20200907,7.842
bgr,20200908,7.697
bgr,20200909,8.278
bgr,20200910,8.713
bgr,20200911,7.987
bgr,20200912,8.133
bgr,20200913,7.697
bgr,20200914,7.697
bgr,20200915,7.116
bgr,20200916,6.68
bgr,20200917,6.245
bgr,20200918,5.373
bgr,20200919,4.938
bgr,20200920,5.373
bgr,20200921,5.083
bgr,20200922,4.792
bgr,20200923,4.502
bgr,20200924,4.212
bgr,20200925,4.357
bgr,20200926,5.228
bgr,20200927,5.228
bgr,20200928,5.954
bgr,20200929,6.099
bgr,20200930,6.39
bgr,20201001,6.39
bgr,20201002,6.826
bgr,20201003,7.261
bgr,20201004,7.842
bgr,20201005,8.133
bgr,20201006,8.568
bgr,20201007,8.278
bgr,20201008,7.697
bgr,20201009,8.133
bgr,20201010,8.423
bgr,20201011,8.568
bgr,20201012,9.004
bgr,20201013,9.44
bgr,20201014,9.294
bgr,20201015,9.73
bgr,20201016,10.747
bgr,20201017,11.037
bgr,20201018,11.473
bgr,20201019,10.747
bgr,20201020,12.78
bgr,20201021,13.506
bgr,20201022,15.539
bgr,20201023,16.265
bgr,20201024,18.444
bgr,20201025,20.041
bgr,20201026,21.203
bgr,20201027,21.639
bgr,20201028,21.058
bgr,20201029,23.526
bgr,20201030,24.253
bgr,20201031,23.962
bgr,20201101,24.107
bgr,20201102,24.543
bgr,20201103,26.14
bgr,20201104,30.497
bgr,20201105,34.709
bgr,20201106,36.306
bgr,20201107,37.323
bgr,20201108,39.356
bgr,20201109,39.501
bgr,20201110,39.211
bgr,20201111,40.663
bgr,20201112,40.082
bgr,20201113,41.244
bgr,20201114,41.825
bgr,20201115,42.841
bgr,20201116,42.551
bgr,20201117,41.825
bgr,20201118,44.003
bgr,20201119,45.455
bgr,20201120,49.957
bgr,20201121,55.621
bgr,20201122,59.252
bgr,20201123,59.252
bgr,20201124,57.945
bgr,20201125,56.928
bgr,20201126,59.542
bgr,20201127,62.447
bgr,20201128,63.318
bgr,20201129,62.592
bgr,20201130,62.447
bgr,20201201,66.368
bgr,20201202,71.596
bgr,20201203,75.953
bgr,20201204,75.953
bgr,20201205,73.193
bgr,20201206,74.936
bgr,20201207,74.936
bgr,20201208,75.953
bgr,20201209,74.646
bgr,20201210,79.002
bgr,20201211,78.712
bgr,20201212,85.392
bgr,20201213,86.409
bgr,20201214,85.683
bgr,20201215,84.23
bgr,20201216,84.521
bgr,20201217,82.778
bgr,20201218,82.343
bgr,20201219,77.841
bgr,20201220,78.712
bgr,20201221,77.841
bgr,20201222,75.953
bgr,20201223,76.388
bgr,20201224,77.405
bgr,20201225,75.662
bgr,20201226,74.355
bgr,20201227,75.953
bgr,20201228,75.953
bgr,20201229,73.193
bgr,20201230,68.837
bgr,20201231,67.82
bgr,20210101,67.384
bgr,20210102,67.094
bgr,20210103,66.513
bgr,20210104,65.787
bgr,20210105,59.687
bgr,20210106,57.073
bgr,20210107,55.04
bgr,20210108,54.75
bgr,20210109,55.185
bgr,20210110,55.185
bgr,20210111,55.185
bgr,20210112,54.459
bgr,20210113,53.298
bgr,20210114,50.538
bgr,20210115,49.812
bgr,20210116,49.812
bgr,20210117,49.376
bgr,20210118,49.522
bgr,20210119,47.779
bgr,20210120,46.182
bgr,20210121,47.489
bgr,20210122,43.132
bgr,20210123,41.244
bgr,20210124,40.808
bgr,20210125,41.099
bgr,20210126,40.518
bgr,20210127,40.808
bgr,20210128,38.485
bgr,20210129,37.323
bgr,20210130,37.904
bgr,20210131,38.194
bgr,20210201,38.339
bgr,20210202,38.485
bgr,20210203,40.518
bgr,20210204,41.244
bgr,20210205,40.227
bgr,20210206,40.082
bgr,20210207,40.808
bgr,20210208,40.373
bgr,20210209,39.792
bgr,20210210,38.63
bgr,20210211,39.646
bgr,20210212,42.551
bgr,20210213,44.148
bgr,20210214,43.858
bgr,20210215,43.713
bgr,20210216,41.97
bgr,20210217,41.244
bgr,20210218,42.987
bgr,20210219,43.567
bgr,20210220,45.891
bgr,20210221,45.891
bgr,20210222,46.617
bgr,20210223,48.505
bgr,20210224,50.684
bgr,20210225,53.588
bgr,20210226,53.733
bgr,20210227,54.895
bgr,20210228,55.185
bgr,20210301,57.219
bgr,20210302,60.123
bgr,20210303,61.43
bgr,20210304,61.721
bgr,20210305,63.899
bgr,20210306,63.463
bgr,20210307,65.642
bgr,20210308,66.223
bgr,20210309,73.048
bgr,20210310,72.177
bgr,20210311,72.758
bgr,20210312,72.903
bgr,20210313,73.484
bgr,20210314,75.807
bgr,20210315,77.405
bgr,20210316,83.795
bgr,20210317,88.878
bgr,20210318,88.442
bgr,20210319,97.301
bgr,20210320,100.06
bgr,20210321,100.35
bgr,20210322,100.205
bgr,20210323,100.35
bgr,20210324,105.869
bgr,20210325,107.902
bgr,20210326,111.678
bgr,20210327,109.064
bgr,20210328,111.678
bgr,20210329,112.259
bgr,20210330,109.209
bgr,20210331,108.628
bgr,20210401,112.114
bgr,20210402,108.483
bgr,20210403,109.354
bgr,20210404,110.081
bgr,20210405,108.483
bgr,20210406,106.595
bgr,20210407,109.645
bgr,20210408,112.84
bgr,20210409,118.068
bgr,20210410,117.923
bgr,20210411,116.325
bgr,20210412,115.744
bgr,20210413,112.695
bgr,20210414,116.035
bgr,20210415,117.197
bgr,20210416,117.777
bgr,20210417,116.325
bgr,20210418,115.744
bgr,20210419,113.711
bgr,20210420,113.275
bgr,20210421,111.097
bgr,20210422,114.147
bgr,20210423,113.421
bgr,20210424,109.064
bgr,20210425,107.176
bgr,20210426,108.338
bgr,20210427,105.143
bgr,20210428,103.691
bgr,20210429,101.222
bgr,20210430,99.043
bgr,20210501,97.882
bgr,20210502,97.301
bgr,20210503,96.139
bgr,20210504,94.251
bgr,20210505,92.508
bgr,20210506,86.99
bgr,20210507,85.247
bgr,20210508,82.778
bgr,20210509,82.197
bgr,20210510,81.616
bgr,20210511,80.6
bgr,20210512,77.695
bgr,20210513,76.388
bgr,20210514,74.936
bgr,20210515,73.193
bgr,20210516,72.758
bgr,20210517,72.467
bgr,20210518,71.16
bgr,20210519,70.434
bgr,20210520,66.803
bgr,20210521,64.189
bgr,20210522,60.559
bgr,20210523,59.542
bgr,20210524,58.38
bgr,20210525,58.961
bgr,20210526,55.621
bgr,20210527,54.459
bgr,20210528,55.04
bgr,20210529,53.298
bgr,20210530,52.862
bgr,20210531,52.136
bgr,20210601,50.538
bgr,20210602,46.762
bgr,20210603,47.343
bgr,20210604,44.875
bgr,20210605,42.551
bgr,20210606,42.551
bgr,20210607,41.68
bgr,20210608,40.227
bgr,20210609,38.775
bgr,20210610,37.178
bgr,20210611,36.742
bgr,20210612,35.725
bgr,20210613,35.725
bgr,20210614,35.871
bgr,20210615,35.144
bgr,20210616,34.999
bgr,20210617,32.966
bgr,20210618,31.223
bgr,20210619,30.207
bgr,20210620,30.062
bgr,20210621,30.062
bgr,20210622,29.045
bgr,20210623,28.464
bgr,20210624,29.19
bgr,20210625,29.19
bgr,20210626,28.464
bgr,20210627,28.464
bgr,20210628,28.609
bgr,20210629,27.012
bgr,20210630,25.995
bgr,20210701,25.995
bgr,20210702,23.672
bgr,20210703,22.51
bgr,20210704,22.365
bgr,20210705,22.074
bgr,20210706,17.863
bgr,20210707,16.12
bgr,20210708,16.41
bgr,20210709,15.684
bgr,20210710,15.249
bgr,20210711,15.103
bgr,20210712,15.103
bgr,20210713,13.796
bgr,20210714,13.651
bgr,20210715,13.651
bgr,20210716,13.506
bgr,20210717,13.215
bgr,20210718,13.215
bgr,20210719,12.78
bgr,20210720,12.78
bgr,20210721,11.908
bgr,20210722,11.618
bgr,20210723,11.763
bgr,20210724,10.892
bgr,20210725,11.182
bgr,20210726,11.182
bgr,20210727,10.601
bgr,20210728,11.182
bgr,20210729,11.473
bgr,20210730,11.473
bgr,20210731,10.892
bgr,20210801,11.328
bgr,20210802,11.763
bgr,20210803,11.908
bgr,20210804,12.489
bgr,20210805,13.07
bgr,20210806,12.925
bgr,20210807,13.215
bgr,20210808,14.232
bgr,20210809,14.377
bgr,20210810,13.651
bgr,20210811,14.668
bgr,20210812,15.684
bgr,20210813,15.394
bgr,20210814,18.008
bgr,20210815,19.024
bgr,20210816,20.477
bgr,20210817,21.058
bgr,20210818,23.236
bgr,20210819,25.269
bgr,20210820,28.174
bgr,20210821,28.028
bgr,20210822,28.609
bgr,20210823,29.335
bgr,20210824,32.385
bgr,20210825,36.016
bgr,20210826,38.049
bgr,20210827,40.518
bgr,20210828,43.277
bgr,20210829,43.132
bgr,20210830,43.277
bgr,20210831,43.713
bgr,20210901,47.053
bgr,20210902,48.215
bgr,20210903,48.36
bgr,20210904,48.505
bgr,20210905,49.086
bgr,20210906,48.215
bgr,20210907,49.231
bgr,20210908,47.779
bgr,20210909,52.717
bgr,20210910,54.895
bgr,20210911,54.75
bgr,20210912,55.185
bgr,20210913,54.169
bgr,20210914,53.733
bgr,20210915,56.057
bgr,20210916,57.509
bgr,20210917,57.509
bgr,20210918,57.364
bgr,20210919,57.509
bgr,20210920,56.783
bgr,20210921,56.347
bgr,20210922,58.816
bgr,20210923,58.816
bgr,20210924,60.123
bgr,20210925,60.414
bgr,20210926,60.704
bgr,20210927,60.704
bgr,20210928,62.737
bgr,20210929,65.206
bgr,20210930,66.513
bgr,20211001,67.094
bgr,20211002,67.239
bgr,20211003,67.53
bgr,20211004,67.094
bgr,20211005,64.625
bgr,20211006,66.803
bgr,20211007,66.077
bgr,20211008,67.239
bgr,20211009,67.094
bgr,20211010,68.111
bgr,20211011,68.256
bgr,20211012,68.546
bgr,20211013,70.434
bgr,20211014,70.725
bgr,20211015,71.596
bgr,20211016,73.92
bgr,20211017,74.355
bgr,20211018,74.355
bgr,20211019,77.986
bgr,20211020,81.036
bgr,20211021,82.343
bgr,20211022,85.683
bgr,20211023,86.409
bgr,20211024,87.425
bgr,20211025,87.135
bgr,20211026,88.297
bgr,20211027,88.297
bgr,20211028,88.152
bgr,20211029,95.268
bgr,20211030,98.172
bgr,20211031,99.479
bgr,20211101,98.753
bgr,20211102,97.156
bgr,20211103,101.077
bgr,20211104,103.836
bgr,20211105,103.11
bgr,20211106,105.143
bgr,20211107,106.305
bgr,20211108,106.305
bgr,20211109,104.998
bgr,20211110,108.483
bgr,20211111,110.371
bgr,20211112,109.645
bgr,20211113,109.064
bgr,20211114,108.193
bgr,20211115,109.209
bgr,20211116,105.288
bgr,20211117,111.388
bgr,20211118,110.516
bgr,20211119,112.549
bgr,20211120,111.388
bgr,20211121,110.226
bgr,20211122,110.371
bgr,20211123,112.549
bgr,20211124,112.84
bgr,20211125,115.744
bgr,20211126,114.292
bgr,20211127,113.13
bgr,20211128,113.711
bgr,20211129,109.79
bgr,20211130,104.998
bgr,20211201,104.126
bgr,20211202,100.786
bgr,20211203,101.948
bgr,20211204,99.334
bgr,20211205,98.317
bgr,20211206,97.882
bgr,20211207,90.62
bgr,20211208,91.056
bgr,20211209,91.637
bgr,20211210,93.38
bgr,20211211,91.201
bgr,20211212,91.056
bgr,20211213,91.347
bgr,20211214,88.006
bgr,20211215,85.247
bgr,20211216,81.326
bgr,20211217,80.019
bgr,20211218,77.986
bgr,20211219,77.26
bgr,20211220,76.534
bgr,20211221,73.484
bgr,20211222,71.596
bgr,20211223,71.596
bgr,20211224,69.563
bgr,20211225,67.82
bgr,20211226,65.496
bgr,20211227,66.223
bgr,20211228,67.384
bgr,20211229,69.853
bgr,20211230,67.094
bgr,20211231,67.82
bgr,20220101,66.368
bgr,20220102,65.206
bgr,20220103,65.351
bgr,20220104,66.077
bgr,20220105,67.965
bgr,20220106,71.596
bgr,20220107,73.92
bgr,20220108,75.807
bgr,20220109,75.081
bgr,20220110,74.355
bgr,20220111,82.778
bgr,20220112,84.23
bgr,20220113,84.085
bgr,20220114,84.085
bgr,20220115,83.94
bgr,20220116,82.488
bgr,20220117,80.89
bgr,20220118,78.567
bgr,20220119,80.455
bgr,20220120,78.712
bgr,20220121,76.969
bgr,20220122,79.438
bgr,20220123,79.438
bgr,20220124,79.874
bgr,20220125,75.081
bgr,20220126,75.953
bgr,20220127,75.372
bgr,20220128,75.517
bgr,20220129,73.92
bgr,20220130,74.5
bgr,20220131,73.484
bgr,20220201,73.484
bgr,20220202,77.405
bgr,20220203,82.052
bgr,20220204,82.488
bgr,20220205,85.102
bgr,20220206,84.957
bgr,20220207,86.118
bgr,20220208,90.475
bgr,20220209,90.766
bgr,20220210,88.297
bgr,20220211,87.28
bgr,20220212,89.749
bgr,20220213,91.056
bgr,20220214,89.459
bgr,20220215,87.861
bgr,20220216,87.28
bgr,20220217,86.264
bgr,20220218,85.392
bgr,20220219,85.392
bgr,20220220,84.23
bgr,20220221,83.795
bgr,20220222,79.729
bgr,20220223,79.002
bgr,20220224,77.986
bgr,20220225,76.969
bgr,20220226,72.612
bgr,20220227,72.322
bgr,20220228,73.048
bgr,20220301,68.691
bgr,20220302,66.949
bgr,20220303,64.916
bgr,20220304,63.318
bgr,20220305,60.994
bgr,20220306,60.414
bgr,20220307,59.978
bgr,20220308,54.314
bgr,20220309,51.845
bgr,20220310,53.007
bgr,20220311,51.41
bgr,20220312,50.103
bgr,20220313,50.103
bgr,20220314,49.957
bgr,20220315,45.165
bgr,20220316,41.825
bgr,20220317,40.373
bgr,20220318,40.082
bgr,20220319,37.758
bgr,20220320,37.032
bgr,20220321,37.032
bgr,20220322,35.725
bgr,20220323,34.273
bgr,20220324,33.837
bgr,20220325,34.999
bgr,20220326,34.128
bgr,20220327,34.999
bgr,20220328,35.144
bgr,20220329,31.659
bgr,20220330,31.514
bgr,20220331,31.078
bgr,20220401,31.804
bgr,20220402,31.369
bgr,20220403,29.771
bgr,20220404,29.916
bgr,20220405,27.593
bgr,20220406,25.269
bgr,20220407,23.962
bgr,20220408,22.655
bgr,20220409,20.912
bgr,20220410,20.477
bgr,20220411,19.751
bgr,20220412,19.46
bgr,20220413,18.298
bgr,20220414,19.024
bgr,20220415,19.315
bgr,20220416,17.137
bgr,20220417,17.137
bgr,20220418,16.846
bgr,20220419,16.265
bgr,20220420,16.846
bgr,20220421,16.846
bgr,20220422,16.12
bgr,20220423,15.83
bgr,20220424,15.249
bgr,20220425,15.249
bgr,20220426,15.684
bgr,20220427,14.813
bgr,20220428,14.087
bgr,20220429,12.489
bgr,20220430,11.908
bgr,20220501,12.054
bgr,20220502,11.763
bgr,20220503,11.182
bgr,20220504,10.892
bgr,20220505,11.908
bgr,20220506,11.182
bgr,20220507,11.328
bgr,20220508,11.328
bgr,20220509,11.328
bgr,20220510,10.601
bgr,20220511,10.456
bgr,20220512,9.73
bgr,20220513,9.004
bgr,20220514,8.133
bgr,20220515,7.842
bgr,20220516,7.842
bgr,20220517,7.987
bgr,20220518,7.261
bgr,20220519,7.406
bgr,20220520,7.261
bgr,20220521,6.68
bgr,20220522,6.826
bgr,20220523,6.245
bgr,20220524,5.954
bgr,20220525,5.809
bgr,20220526,5.519
bgr,20220527,5.519
bgr,20220528,5.519
bgr,20220529,5.228
bgr,20220530,5.373
bgr,20220531,5.373
bgr,20220601,5.083
bgr,20220602,4.938
bgr,20220603,4.938
bgr,20220604,4.502
bgr,20220605,4.502
bgr,20220606,4.647
bgr,20220607,4.066
bgr,20220608,4.066
bgr,20220609,4.212
bgr,20220610,3.921
bgr,20220611,4.066
bgr,20220612,3.776
bgr,20220613,3.776
bgr,20220614,4.212
bgr,20220615,4.357
bgr,20220616,4.066
bgr,20220617,4.212
bgr,20220618,3.776
bgr,20220619,3.921
bgr,20220620,4.066
bgr,20220621,4.502
bgr,20220622,4.647
bgr,20220623,4.212
bgr,20220624,4.066
bgr,20220625,3.776
bgr,20220626,3.776
bgr,20220627,3.776
bgr,20220628,3.776
bgr,20220629,3.776
bgr,20220630,4.357
bgr,20220701,4.212
bgr,20220702,4.066
bgr,20220703,3.921
bgr,20220704,3.776
bgr,20220705,4.502
bgr,20220706,4.792
bgr,20220707,5.083
bgr,20220708,5.373
bgr,20220709,5.519
bgr,20220710,5.373
bgr,20220711,5.228
bgr,20220712,4.792
bgr,20220713,5.809
bgr,20220714,5.664
bgr,20220715,5.519
bgr,20220716,4.647
bgr,20220717,4.792
bgr,20220718,4.647
bgr,20220719,5.373
bgr,20220720,6.099
bgr,20220721,6.535
bgr,20220722,5.954
bgr,20220723,6.826
bgr,20220724,6.826
bgr,20220725,6.68
bgr,20220726,6.39
bgr,20220727,6.971
bgr,20220728,7.261
bgr,20220729,7.552
bgr,20220730,7.987
bgr,20220731,7.842
bgr,20220801,8.133
bgr,20220802,8.568
bgr,20220803,8.423
bgr,20220804,7.987
bgr,20220805,8.133
bgr,20220806,6.971
bgr,20220807,6.826
bgr,20220808,6.826
bgr,20220809,7.261
bgr,20220810,6.971
bgr,20220811,7.987
bgr,20220812,8.278
bgr,20220813,8.278
bgr,20220814,8.133
bgr,20220815,7.987
bgr,20220816,8.713
bgr,20220817,7.697
bgr,20220818,7.697
bgr,20220819,7.116
bgr,20220820,7.261
bgr,20220821,7.552
bgr,20220822,7.116
bgr,20220823,6.535
bgr,20220824,7.261
bgr,20220825,7.116
bgr,20220826,7.552
bgr,20220827,7.987
bgr,20220828,7.842
bgr,20220829,7.261
bgr,20220830,7.406
bgr,20220831,7.261
bgr,20220901,7.552
bgr,20220902,7.261
bgr,20220903,6.535
bgr,20220904,6.535
bgr,20220905,6.39
bgr,20220906,6.099
bgr,20220907,6.099
bgr,20220908,5.664
bgr,20220909,5.519
bgr,20220910,4.938
bgr,20220911,4.938
bol,20210508,9.189
bol,20210509,9.603
bol,20210510,11.507
bol,20210511,12.501
bol,20210512,10.845
bol,20210513,12.832
bol,20210514,13.328
bol,20210515,13.163
bol,20210516,12.914
bol,20210517,13.08
bol,20210518,13.08
bol,20210519,13.163
bol,20210520,13.08
bol,20210521,13.991
bol,20210522,14.736
bol,20210523,15.315
bol,20210524,16.226
bol,20210525,17.55
bol,20210526,17.302
bol,20210527,17.385
bol,20210528,17.468
bol,20210529,18.213
bol,20210530,18.709
bol,20210531,17.799
bol,20210601,17.385
bol,20210602,17.302
bol,20210603,16.888
bol,20210604,16.888
bol,20210605,16.723
bol,20210606,16.888
bol,20210607,16.888
bol,20210608,16.888
bol,20210609,17.468
bol,20210610,17.716
bol,20210611,17.799
bol,20210612,18.875
bol,20210613,19.454
bol,20210614,19.206
bol,20210615,18.544
bol,20210616,18.213
bol,20210617,17.799
bol,20210618,17.302
bol,20210619,16.971
bol,20210620,16.805
bol,20210621,16.143
bol,20210622,16.06
bol,20210623,15.646
bol,20210624,15.315
bol,20210625,14.901
bol,20210626,14.487
bol,20210627,13.908
bol,20210628,13.577
bol,20210629,13.494
bol,20210630,13.328
bol,20210701,13.411
bol,20210702,13.742
bol,20210703,13.825
bol,20210704,13.08
bol,20210705,12.583
bol,20210706,11.755
bol,20210707,12.004
bol,20210708,11.921
bol,20210709,11.921
bol,20210710,12.583
bol,20210711,11.59
bol,20210712,12.418
bol,20210713,11.838
bol,20210714,11.673
bol,20210715,11.921
bol,20210716,12.252
bol,20210717,12.335
bol,20210718,12.666
bol,20210719,12.335
bol,20210720,12.252
bol,20210721,12.501
bol,20210722,11.01
bol,20210723,11.342
bol,20210724,11.259
bol,20210725,10.928
bol,20210726,10.596
bol,20210727,10.431
bol,20210728,10.845
bol,20210729,10.348
bol,20210730,10.183
bol,20210731,10.265
bol,20210801,10.183
bol,20210802,9.769
bol,20210803,10.431
bol,20210804,10.514
bol,20210805,10.679
bol,20210806,9.52
bol,20210807,9.603
bol,20210808,9.52
bol,20210809,9.437
bol,20210810,9.437
bol,20210811,9.272
bol,20210812,9.851
bol,20210813,10.596
bol,20210814,10.431
bol,20210815,9.603
bol,20210816,9.437
bol,20210817,9.355
bol,20210818,9.686
bol,20210819,9.603
bol,20210820,9.355
bol,20210821,8.775
bol,20210822,8.61
bol,20210823,8.444
bol,20210824,8.444
bol,20210825,8.279
bol,20210826,7.865
bol,20210827,7.699
bol,20210828,7.368
bol,20210829,6.871
bol,20210830,6.623
bol,20210831,6.292
bol,20210901,6.706
bol,20210902,6.54
bol,20210903,6.126
bol,20210904,6.292
bol,20210905,6.623
bol,20210906,6.871
bol,20210907,6.788
bol,20210908,6.457
bol,20210909,6.374
bol,20210910,6.374
bol,20210911,6.292
bol,20210912,6.126
bol,20210913,5.878
bol,20210914,5.795
bol,20210915,5.215
bol,20210916,4.553
bol,20210917,6.126
bol,20210918,5.878
bol,20210919,5.629
bol,20210920,5.381
bol,20210921,5.133
bol,20210922,5.215
bol,20210923,4.719
bol,20210924,4.802
bol,20210925,5.05
bol,20210926,5.05
bol,20210927,5.05
bol,20210928,5.795
bol,20210929,5.133
bol,20210930,4.802
bol,20211001,5.05
bol,20211002,5.215
bol,20211003,5.547
bol,20211004,5.05
bol,20211005,4.719
bol,20211006,5.629
bol,20211007,5.712
bol,20211008,5.381
bol,20211009,5.215
bol,20211010,5.795
bol,20211011,6.788
bol,20211012,6.126
bol,20211013,6.623
bol,20211014,5.961
bol,20211015,5.381
bol,20211016,5.05
bol,20211017,5.381
bol,20211018,5.133
bol,20211019,4.636
bol,20211020,5.795
bol,20211021,7.202
bol,20211022,7.037
bol,20211023,7.202
bol,20211024,7.451
bol,20211025,7.947
bol,20211026,6.043
bol,20211027,5.215
bol,20211028,5.464
bol,20211029,5.133
bol,20211030,5.464
bol,20211031,5.298
bol,20211101,5.215
bol,20211102,5.464
bol,20211103,5.464
bol,20211104,5.878
bol,20211105,6.043
bol,20211106,6.043
bol,20211107,5.795
bol,20211108,5.381
bol,20211109,5.464
bol,20211110,5.878
bol,20211111,6.374
bol,20211112,6.706
bol,20211113,6.623
bol,20211114,5.878
bol,20211115,6.623
bol,20211116,6.623
bol,20211117,6.788
bol,20211118,6.954
bol,20211119,7.533
bol,20211120,7.533
bol,20211121,7.782
bol,20211122,7.782
bol,20211123,7.533
bol,20211124,7.533
bol,20211125,7.782
bol,20211126,7.782
bol,20211127,8.279
bol,20211128,7.865
bol,20211129,8.113
bol,20211130,7.865
bol,20211201,8.113
bol,20211202,8.196
bol,20211203,7.699
bol,20211204,7.947
bol,20211205,7.782
bol,20211206,8.196
bol,20211207,7.699
bol,20211208,7.12
bol,20211209,7.947
bol,20211210,8.527
bol,20211211,7.782
bol,20211212,7.699
bol,20211213,8.692
bol,20211214,8.527
bol,20211215,9.106
bol,20211216,9.437
bol,20211217,9.603
bol,20211218,10.348
bol,20211219,10.679
bol,20211220,10.596
bol,20211221,9.934
bol,20211222,10.928
bol,20211223,10.431
bol,20211224,10.017
bol,20211225,10.1
bol,20211226,10.265
bol,20211227,10.348
bol,20211228,10.183
bol,20211229,10.762
bol,20211230,10.845
bol,20211231,10.762
bol,20220101,11.093
bol,20220102,10.679
bol,20220103,10.596
bol,20220104,10.431
bol,20220105,11.01
bol,20220106,11.755
bol,20220107,11.673
bol,20220108,11.507
bol,20220109,12.335
bol,20220110,12.749
bol,20220111,12.914
bol,20220112,13.577
bol,20220113,13.825
bol,20220114,14.487
bol,20220115,15.315
bol,20220116,14.984
bol,20220117,15.232
bol,20220118,15.895
bol,20220119,17.054
bol,20220120,16.723
bol,20220121,16.226
bol,20220122,16.971
bol,20220123,15.978
bol,20220124,16.226
bol,20220125,15.729
bol,20220126,15.398
bol,20220127,15.398
bol,20220128,14.653
bol,20220129,14.322
bol,20220130,13.08
bol,20220131,12.914
bol,20220201,11.673
bol,20220202,12.087
bol,20220203,12.252
bol,20220204,12.004
bol,20220205,10.845
bol,20220206,10.596
bol,20220207,10.017
bol,20220208,9.851
bol,20220209,10.017
bol,20220210,9.272
bol,20220211,8.775
bol,20220212,8.444
bol,20220213,7.368
bol,20220214,6.788
bol,20220215,6.871
bol,20220216,6.54
bol,20220217,6.126
bol,20220218,5.878
bol,20220219,5.629
bol,20220220,5.795
bol,20220221,5.381
bol,20220222,4.636
bol,20220223,4.553
bol,20220224,4.056
bol,20220225,4.47
bol,20220226,4.553
bol,20220227,4.056
bol,20220228,4.222
bol,20220301,4.139
bol,20220302,3.725
bol,20220303,3.974
bol,20220304,4.056
bol,20220305,3.725
bol,20220306,3.229
bol,20220307,4.222
bol,20220308,3.725
bol,20220309,4.139
bol,20220310,3.974
bol,20220311,3.56
bol,20220312,4.139
bol,20220313,3.643
bol,20220314,3.891
bol,20220315,4.056
bol,20220316,4.056
bol,20220317,3.974
bol,20220318,3.56
bol,20220319,3.394
bol,20220320,3.477
bol,20220321,3.394
bol,20220322,3.56
bol,20220323,3.063
bol,20220324,3.146
bol,20220325,3.394
bol,20220326,3.643
bol,20220327,3.229
bol,20220328,3.394
bol,20220329,3.477
bol,20220330,2.897
bol,20220331,2.815
bol,20220401,2.649
bol,20220402,2.566
bol,20220403,2.732
bol,20220404,3.146
bol,20220405,3.229
bol,20220406,3.56
bol,20220407,3.394
bol,20220408,3.394
bol,20220409,3.229
bol,20220410,3.063
bol,20220411,2.732
bol,20220412,3.146
bol,20220413,3.477
bol,20220414,3.229
bol,20220415,3.146
bol,20220416,2.732
bol,20220417,3.229
bol,20220418,3.311
bol,20220419,3.56
bol,20220420,3.311
bol,20220421,3.229
bol,20220422,3.063
bol,20220423,2.566
bol,20220424,2.732
bol,20220425,2.897
bol,20220426,2.566
bol,20220427,3.146
bol,20220428,3.974
bol,20220429,3.974
bol,20220430,3.56
bol,20220501,3.146
bol,20220502,2.897
bol,20220503,3.725
bol,20220504,3.146
bol,20220505,3.311
bol,20220506,3.146
bol,20220507,2.649
bol,20220508,2.649
bol,20220509,3.063
bol,20220510,2.566
bol,20220511,2.484
bol,20220512,2.649
bol,20220513,2.566
bol,20220514,2.566
bol,20220515,2.401
bol,20220516,2.401
bol,20220517,2.152
bol,20220518,2.152
bol,20220519,2.152
bol,20220520,1.656
bol,20220521,1.904
bol,20220522,1.987
bol,20220523,1.904
bol,20220524,1.821
bol,20220525,1.738
bol,20220526,1.573
bol,20220527,1.573
bol,20220528,1.49
bol,20220529,1.573
bol,20220530,1.49
bol,20220531,1.49
bol,20220601,1.573
bol,20220602,1.49
bol,20220603,1.821
bol,20220604,1.904
bol,20220605,1.987
bol,20220606,1.738
bol,20220607,1.656
bol,20220608,1.656
bol,20220609,1.49
bol,20220610,1.656
bol,20220611,1.738
bol,20220612,1.738
bol,20220613,1.573
bol,20220614,1.738
bol,20220615,1.821
bol,20220616,1.987
bol,20220617,1.821
bol,20220618,1.573
bol,20220619,1.49
bol,20220620,1.656
bol,20220621,1.821
bol,20220622,1.821
bol,20220623,2.07
bol,20220624,2.07
bol,20220625,2.07
bol,20220626,2.152
bol,20220627,1.904
bol,20220628,1.325
bol,20220629,1.407
bol,20220630,1.987
bol,20220701,1.821
bol,20220702,0.993
bol,20220703,1.407
bol,20220704,1.49
bol,20220705,1.987
bol,20220706,1.987
bol,20220707,2.07
bol,20220708,2.235
bol,20220709,2.318
bol,20220710,2.484
bol,20220711,2.649
bol,20220712,3.146
bol,20220713,3.311
bol,20220714,3.394
bol,20220715,3.477
bol,20220716,3.643
bol,20220717,3.725
bol,20220718,3.974
bol,20220719,4.47
bol,20220720,3.56
bol,20220721,3.311
bol,20220722,3.56
bol,20220723,3.063
bol,20220724,3.311
bol,20220725,3.725
bol,20220726,3.974
bol,20220727,4.222
bol,20220728,4.553
bol,20220729,4.388
bol,20220730,4.553
bol,20220731,4.388
bol,20220801,4.222
bol,20220802,4.139
bol,20220803,4.47
bol,20220804,4.553
bol,20220805,4.636
bol,20220806,4.222
bol,20220807,3.643
bol,20220808,3.725
bol,20220809,4.056
bol,20220810,3.725
bol,20220811,3.56
bol,20220812,3.311
bol,20220813,3.229
bol,20220814,3.311
bol,20220815,3.311
bol,20220816,3.808
bol,20220817,3.229
bol,20220818,2.98
bol,20220819,2.815
bol,20220820,2.566
bol,20220821,2.566
bol,20220822,2.235
bol,20220823,2.484
bol,20220824,2.484
bol,20220825,2.566
can,20200309,0
can,20200310,0
can,20200311,0
can,20200312,0
can,20200313,0.026
can,20200314,0.052
can,20200315,0.052
can,20200316,0.052
can,20200317,0.157
can,20200318,0.367
can,20200319,0.419
can,20200320,0.629
can,20200321,0.812
can,20200322,0.917
can,20200323,1.153
can,20200324,1.677
can,20200325,1.887
can,20200326,2.149
can,20200327,2.333
can,20200328,3.276
can,20200329,3.722
can,20200330,4.115
can,20200331,4.324
can,20200401,4.56
can,20200402,9.488
can,20200403,10.405
can,20200404,11.113
can,20200405,11.925
can,20200406,12.738
can,20200407,13.235
can,20200408,13.707
can,20200409,14.703
can,20200410,14.205
can,20200411,14.703
can,20200412,14.939
can,20200413,15.096
can,20200414,14.965
can,20200415,14.677
can,20200416,14.153
can,20200417,13.996
can,20200418,15.516
can,20200419,13.524
can,20200420,13.812
can,20200421,13.917
can,20200422,13.576
can,20200423,13.445
can,20200424,14.153
can,20200425,13.969
can,20200426,14.048
can,20200427,13.524
can,20200428,13.655
can,20200429,13.681
can,20200430,13.262
can,20200501,13.471
can,20200502,13.367
can,20200503,13.471
can,20200504,13.367
can,20200505,13.393
can,20200506,13.131
can,20200507,13.262
can,20200508,12.685
can,20200509,12.318
can,20200510,11.977
can,20200511,11.768
can,20200512,11.401
can,20200513,11.427
can,20200514,11.06
can,20200515,10.929
can,20200516,10.588
can,20200517,10.457
can,20200518,10.431
can,20200519,10.536
can,20200520,10.326
can,20200521,9.959
can,20200522,9.671
can,20200523,9.54
can,20200524,9.645
can,20200525,9.828
can,20200526,9.723
can,20200527,9.855
can,20200528,9.383
can,20200529,9.147
can,20200530,8.806
can,20200531,8.963
can,20200601,8.911
can,20200602,8.911
can,20200603,8.728
can,20200604,8.23
can,20200605,7.758
can,20200606,7.601
can,20200607,7.47
can,20200608,7.286
can,20200609,7.155
can,20200610,7.26
can,20200611,7.181
can,20200612,6.814
can,20200613,6.605
can,20200614,5.949
can,20200615,5.949
can,20200616,5.766
can,20200617,5.451
can,20200618,5.058
can,20200619,4.875
can,20200620,4.927
can,20200621,5.058
can,20200622,4.639
can,20200623,4.665
can,20200624,4.456
can,20200625,4.324
can,20200626,4.089
can,20200627,3.879
can,20200628,3.774
can,20200629,3.748
can,20200630,3.355
can,20200701,3.145
can,20200702,3.119
can,20200703,3.066
can,20200704,2.883
can,20200705,2.752
can,20200706,2.621
can,20200707,2.542
can,20200708,2.568
can,20200709,2.542
can,20200710,2.595
can,20200711,2.437
can,20200712,2.437
can,20200713,2.464
can,20200714,2.516
can,20200715,2.333
can,20200716,2.202
can,20200717,2.28
can,20200718,2.306
can,20200719,2.385
can,20200720,2.542
can,20200721,2.437
can,20200722,2.568
can,20200723,2.568
can,20200724,2.359
can,20200725,2.202
can,20200726,2.123
can,20200727,2.097
can,20200728,2.097
can,20200729,2.097
can,20200730,2.254
can,20200731,2.254
can,20200801,2.28
can,20200802,2.359
can,20200803,2.333
can,20200804,2.595
can,20200805,2.595
can,20200806,2.411
can,20200807,2.254
can,20200808,2.359
can,20200809,2.359
can,20200810,2.175
can,20200811,2.149
can,20200812,2.071
can,20200813,2.044
can,20200814,2.044
can,20200815,2.071
can,20200816,2.071
can,20200817,1.913
can,20200818,1.913
can,20200819,1.939
can,20200820,1.939
can,20200821,1.782
can,20200822,1.573
can,20200823,1.415
can,20200824,1.415
can,20200825,1.415
can,20200826,1.389
can,20200827,1.52
can,20200828,1.546
can,20200829,1.625
can,20200830,1.651
can,20200831,1.756
can,20200901,1.887
can,20200902,1.73
can,20200903,1.625
can,20200904,1.704
can,20200905,1.677
can,20200906,1.73
can,20200907,1.756
can,20200908,1.73
can,20200909,1.677
can,20200910,1.546
can,20200911,1.494
can,20200912,1.415
can,20200913,1.52
can,20200914,1.808
can,20200915,2.071
can,20200916,2.254
can,20200917,2.333
can,20200918,2.306
can,20200919,2.385
can,20200920,2.437
can,20200921,2.437
can,20200922,2.437
can,20200923,2.568
can,20200924,2.752
can,20200925,2.726
can,20200926,3.119
can,20200927,3.014
can,20200928,3.066
can,20200929,3.066
can,20200930,3.276
can,20201001,3.302
can,20201002,3.46
can,20201003,3.853
can,20201004,3.931
can,20201005,3.879
can,20201006,3.931
can,20201007,3.826
can,20201008,4.193
can,20201009,4.141
can,20201010,4.298
can,20201011,4.377
can,20201012,4.456
can,20201013,5.137
can,20201014,5.032
can,20201015,5.216
can,20201016,5.347
can,20201017,5.425
can,20201018,5.504
can,20201019,5.556
can,20201020,5.766
can,20201021,5.661
can,20201022,6.238
can,20201023,6.212
can,20201024,6.185
can,20201025,6.29
can,20201026,6.29
can,20201027,6.212
can,20201028,6.212
can,20201029,6.002
can,20201030,6.343
can,20201031,6.316
can,20201101,6.343
can,20201102,6.212
can,20201103,6.474
can,20201104,6.447
can,20201105,6.657
can,20201106,6.788
can,20201107,7.181
can,20201108,7.129
can,20201109,7.601
can,20201110,7.994
can,20201111,8.334
can,20201112,8.806
can,20201113,9.252
can,20201114,9.252
can,20201115,10.012
can,20201116,10.3
can,20201117,10.824
can,20201118,10.719
can,20201119,11.506
can,20201120,11.113
can,20201121,11.322
can,20201122,11.689
can,20201123,11.899
can,20201124,11.977
can,20201125,12.082
can,20201126,12.03
can,20201127,12.213
can,20201128,12.423
can,20201129,12.842
can,20201130,13.367
can,20201201,14.1
can,20201202,14.258
can,20201203,14.677
can,20201204,14.965
can,20201205,14.782
can,20201206,14.808
can,20201207,15.306
can,20201208,15.752
can,20201209,16.25
can,20201210,16.538
can,20201211,17.141
can,20201212,17.429
can,20201213,17.953
can,20201214,17.953
can,20201215,18.451
can,20201216,18.87
can,20201217,18.87
can,20201218,18.923
can,20201219,19.08
can,20201220,19.264
can,20201221,19.08
can,20201222,19.08
can,20201223,19.028
can,20201224,19.395
can,20201225,19.395
can,20201226,19.657
can,20201227,19.368
can,20201228,19.84
can,20201229,20.338
can,20201230,20.784
can,20201231,21.386
can,20210101,21.413
can,20210102,21.334
can,20210103,22.015
can,20210104,21.832
can,20210105,22.513
can,20210106,22.802
can,20210107,22.618
can,20210108,22.88
can,20210109,23.326
can,20210110,23.195
can,20210111,23.431
can,20210112,23.614
can,20210113,24.217
can,20210114,24.217
can,20210115,23.798
can,20210116,23.85
can,20210117,23.431
can,20210118,23.247
can,20210119,23.326
can,20210120,23.352
can,20210121,23.09
can,20210122,22.907
can,20210123,23.457
can,20210124,23.273
can,20210125,23.116
can,20210126,22.802
can,20210127,23.064
can,20210128,22.592
can,20210129,22.513
can,20210130,21.858
can,20210131,21.622
can,20210201,21.465
can,20210202,20.941
can,20210203,20.653
can,20210204,20.181
can,20210205,19.866
can,20210206,19.578
can,20210207,19.657
can,20210208,19.447
can,20210209,18.399
can,20210210,18.268
can,20210211,17.481
can,20210212,16.957
can,20210213,16.485
can,20210214,16.512
can,20210215,16.695
can,20210216,16.931
can,20210217,16.8
can,20210218,16.04
can,20210219,15.647
can,20210220,15.044
can,20210221,15.332
can,20210222,15.594
can,20210223,15.83
can,20210224,16.171
can,20210225,15.83
can,20210226,15.856
can,20210227,15.332
can,20210228,15.752
can,20210301,15.778
can,20210302,15.83
can,20210303,15.358
can,20210304,15.306
can,20210305,15.254
can,20210306,15.175
can,20210307,14.991
can,20210308,15.123
can,20210309,15.568
can,20210310,15.149
can,20210311,15.201
can,20210312,15.123
can,20210313,14.965
can,20210314,15.096
can,20210315,15.725
can,20210316,15.752
can,20210317,16.302
can,20210318,16.302
can,20210319,16.433
can,20210320,16.118
can,20210321,16.407
can,20210322,16.433
can,20210323,17.245
can,20210324,17.534
can,20210325,17.376
can,20210326,18.189
can,20210327,18.346
can,20210328,18.503
can,20210329,19.028
can,20210330,19.08
can,20210331,19.395
can,20210401,19.84
can,20210402,20.076
can,20210403,20.993
can,20210404,21.832
can,20210405,22.88
can,20210406,23.038
can,20210407,23.509
can,20210408,24.322
can,20210409,25.213
can,20210410,26.209
can,20210411,26.89
can,20210412,27.755
can,20210413,27.965
can,20210414,28.751
can,20210415,29.275
can,20210416,30.874
can,20210417,31.791
can,20210418,32.42
can,20210419,33.076
can,20210420,33.94
can,20210421,34.727
can,20210422,35.251
can,20210423,35.828
can,20210424,36.457
can,20210425,36.823
can,20210426,37.584
can,20210427,37.636
can,20210428,37.505
can,20210429,38.344
can,20210430,38.16
can,20210501,38.501
can,20210502,38.475
can,20210503,38.317
can,20210504,38.317
can,20210505,37.688
can,20210506,37.348
can,20210507,36.928
can,20210508,36.457
can,20210509,36.326
can,20210510,35.854
can,20210511,35.251
can,20210512,34.832
can,20210513,34.858
can,20210514,35.199
can,20210515,35.277
can,20210516,35.382
can,20210517,34.91
can,20210518,34.622
can,20210519,33.626
can,20210520,32.578
can,20210521,32.316
can,20210522,31.555
can,20210523,31.189
can,20210524,30.691
can,20210525,30.769
can,20210526,30.114
can,20210527,29.039
can,20210528,28.253
can,20210529,27.519
can,20210530,27.257
can,20210531,27.048
can,20210601,25.894
can,20210602,24.977
can,20210603,23.536
can,20210604,22.33
can,20210605,21.858
can,20210606,21.36
can,20210607,21.124
can,20210608,20.391
can,20210609,19.709
can,20210610,19.211
can,20210611,18.635
can,20210612,17.848
can,20210613,18.084
can,20210614,17.403
can,20210615,16.354
can,20210616,15.961
can,20210617,15.175
can,20210618,14.991
can,20210619,14.284
can,20210620,14.336
can,20210621,14.1
can,20210622,13.629
can,20210623,13.471
can,20210624,12.869
can,20210625,12.528
can,20210626,12.502
can,20210627,12.554
can,20210628,12.004
can,20210629,11.479
can,20210630,11.375
can,20210701,11.401
can,20210702,10.588
can,20210703,10.143
can,20210704,9.959
can,20210705,9.435
can,20210706,9.252
can,20210707,8.885
can,20210708,8.78
can,20210709,8.439
can,20210710,8.308
can,20210711,8.361
can,20210712,8.334
can,20210713,8.046
can,20210714,7.601
can,20210715,7.155
can,20210716,6.788
can,20210717,6.605
can,20210718,6.605
can,20210719,6.552
can,20210720,6.526
can,20210721,6.5
can,20210722,6.343
can,20210723,6.133
can,20210724,6.054
can,20210725,5.976
can,20210726,5.897
can,20210727,5.976
can,20210728,5.714
can,20210729,5.74
can,20210730,5.425
can,20210731,5.268
can,20210801,5.216
can,20210802,5.216
can,20210803,5.137
can,20210804,5.294
can,20210805,5.242
can,20210806,5.294
can,20210807,5.32
can,20210808,5.399
can,20210809,5.294
can,20210810,5.425
can,20210811,5.74
can,20210812,6.107
can,20210813,6.159
can,20210814,6.185
can,20210815,6.316
can,20210816,6.841
can,20210817,7.181
can,20210818,7.548
can,20210819,7.443
can,20210820,7.941
can,20210821,7.81
can,20210822,8.02
can,20210823,9.042
can,20210824,9.226
can,20210825,9.619
can,20210826,10.169
can,20210827,10.353
can,20210828,10.536
can,20210829,10.431
can,20210830,11.322
can,20210831,11.846
can,20210901,12.187
can,20210902,12.397
can,20210903,12.816
can,20210904,12.869
can,20210905,13.131
can,20210906,13.786
can,20210907,14.86
can,20210908,15.673
can,20210909,15.647
can,20210910,16.145
can,20210911,16.407
can,20210912,16.564
can,20210913,17.586
can,20210914,18.005
can,20210915,18.084
can,20210916,18.425
can,20210917,18.661
can,20210918,18.451
can,20210919,18.477
can,20210920,19.001
can,20210921,19.001
can,20210922,19.63
can,20210923,19.447
can,20210924,20.128
can,20210925,19.761
can,20210926,19.735
can,20210927,20.548
can,20210928,20.417
can,20210929,20.391
can,20210930,20.443
can,20211001,19.761
can,20211002,19.709
can,20211003,19.919
can,20211004,20.024
can,20211005,19.893
can,20211006,19.709
can,20211007,19.552
can,20211008,19.552
can,20211009,19.709
can,20211010,19.735
can,20211011,19.526
can,20211012,19.421
can,20211013,19.316
can,20211014,19.159
can,20211015,19.29
can,20211016,19.395
can,20211017,19.473
can,20211018,19.526
can,20211019,18.792
can,20211020,18.215
can,20211021,18.005
can,20211022,17.56
can,20211023,17.141
can,20211024,16.983
can,20211025,16.905
can,20211026,16.852
can,20211027,16.669
can,20211028,16.721
can,20211029,16.512
can,20211030,16.538
can,20211031,16.512
can,20211101,15.542
can,20211102,15.437
can,20211103,15.358
can,20211104,14.546
can,20211105,14.127
can,20211106,14.205
can,20211107,13.996
can,20211108,13.576
can,20211109,13.681
can,20211110,13.445
can,20211111,13.183
can,20211112,12.921
can,20211113,12.973
can,20211114,12.973
can,20211115,13
can,20211116,12.738
can,20211117,12.685
can,20211118,12.266
can,20211119,12.161
can,20211120,12.161
can,20211121,12.266
can,20211122,12.397
can,20211123,12.371
can,20211124,12.397
can,20211125,12.502
can,20211126,12.475
can,20211127,12.213
can,20211128,12.187
can,20211129,12.318
can,20211130,12.318
can,20211201,12.213
can,20211202,12.082
can,20211203,11.899
can,20211204,12.24
can,20211205,12.292
can,20211206,12.397
can,20211207,12.213
can,20211208,11.689
can,20211209,11.611
can,20211210,11.506
can,20211211,11.401
can,20211212,11.794
can,20211213,12.004
can,20211214,12.371
can,20211215,12.004
can,20211216,11.873
can,20211217,11.611
can,20211218,11.794
can,20211219,12.082
can,20211220,12.318
can,20211221,12.449
can,20211222,12.213
can,20211223,12.475
can,20211224,12.109
can,20211225,12.109
can,20211226,12.109
can,20211227,12.423
can,20211228,13.026
can,20211229,13.078
can,20211230,13.471
can,20211231,14.258
can,20220101,14.546
can,20220102,15.044
can,20220103,16.118
can,20220104,17.35
can,20220105,18.372
can,20220106,19.735
can,20220107,20.784
can,20220108,22.487
can,20220109,23.483
can,20220110,24.034
can,20220111,25.685
can,20220112,26.785
can,20220113,26.917
can,20220114,27.598
can,20220115,28.463
can,20220116,29.302
can,20220117,30.062
can,20220118,31.058
can,20220119,31.32
can,20220120,31.529
can,20220121,31.346
can,20220122,31.896
can,20220123,31.844
can,20220124,32.027
can,20220125,32.892
can,20220126,31.791
can,20220127,31.398
can,20220128,31.634
can,20220129,31.451
can,20220130,31.162
can,20220131,30.953
can,20220201,30.586
can,20220202,29.747
can,20220203,29.302
can,20220204,28.489
can,20220205,27.86
can,20220206,27.362
can,20220207,27.179
can,20220208,27.152
can,20220209,26.471
can,20220210,25.947
can,20220211,25.344
can,20220212,24.584
can,20220213,23.955
can,20220214,23.011
can,20220215,22.618
can,20220216,21.78
can,20220217,21.386
can,20220218,20.81
can,20220219,20.259
can,20220220,19.971
can,20220221,20.102
can,20220222,18.844
can,20220223,18.451
can,20220224,17.665
can,20220225,17.35
can,20220226,17.01
can,20220227,16.931
can,20220228,16.171
can,20220301,15.909
can,20220302,15.83
can,20220303,15.306
can,20220304,14.834
can,20220305,14.598
can,20220306,14.389
can,20220307,14.467
can,20220308,14.258
can,20220309,13.969
can,20220310,13.681
can,20220311,13.157
can,20220312,13
can,20220313,12.895
can,20220314,12.816
can,20220315,12.58
can,20220316,11.768
can,20220317,11.296
can,20220318,10.798
can,20220319,10.588
can,20220320,10.51
can,20220321,10.693
can,20220322,10.719
can,20220323,10.536
can,20220324,10.484
can,20220325,10.484
can,20220326,10.379
can,20220327,10.379
can,20220328,10.221
can,20220329,10.405
can,20220330,10.117
can,20220331,10.274
can,20220401,10.012
can,20220402,9.959
can,20220403,9.986
can,20220404,10.195
can,20220405,10.326
can,20220406,10.012
can,20220407,9.723
can,20220408,9.671
can,20220409,9.881
can,20220410,9.907
can,20220411,10.457
can,20220412,10.929
can,20220413,11.217
can,20220414,11.532
can,20220415,11.663
can,20220416,11.742
can,20220417,12.056
can,20220418,12.187
can,20220419,12.266
can,20220420,12.082
can,20220421,11.873
can,20220422,12.056
can,20220423,12.004
can,20220424,12.004
can,20220425,12.135
can,20220426,12.344
can,20220427,12.292
can,20220428,12.03
can,20220429,12.109
can,20220430,11.558
can,20220501,11.532
can,20220502,12.082
can,20220503,11.689
can,20220504,11.637
can,20220505,11.375
can,20220506,11.401
can,20220507,11.244
can,20220508,11.322
can,20220509,11.322
can,20220510,10.877
can,20220511,10.221
can,20220512,10.038
can,20220513,9.828
can,20220514,9.828
can,20220515,9.828
can,20220516,9.619
can,20220517,9.566
can,20220518,9.488
can,20220519,9.828
can,20220520,9.776
can,20220521,9.697
can,20220522,9.488
can,20220523,9.488
can,20220524,9.461
can,20220525,9.199
can,20220526,8.754
can,20220527,8.439
can,20220528,8.177
can,20220529,8.203
can,20220530,8.177
can,20220531,7.967
can,20220601,7.548
can,20220602,6.867
can,20220603,6.736
can,20220604,6.474
can,20220605,6.578
can,20220606,6.709
can,20220607,6.683
can,20220608,6.474
can,20220609,6.316
can,20220610,6.107
can,20220611,6.002
can,20220612,6.08
can,20220613,6.054
can,20220614,6.185
can,20220615,6.054
can,20220616,5.556
can,20220617,5.478
can,20220618,5.294
can,20220619,5.294
can,20220620,5.294
can,20220621,5.399
can,20220622,5.268
can,20220623,5.609
can,20220624,5.609
can,20220625,5.373
can,20220626,5.373
can,20220627,5.425
can,20220628,5.478
can,20220629,5.347
can,20220630,5.714
can,20220701,5.766
can,20220702,5.53
can,20220703,5.661
can,20220704,5.661
can,20220705,5.949
can,20220706,6.238
can,20220707,6.552
can,20220708,6.5
can,20220709,6.159
can,20220710,6.316
can,20220711,6.343
can,20220712,6.316
can,20220713,6.578
can,20220714,6.605
can,20220715,6.605
can,20220716,6.395
can,20220717,6.447
can,20220718,6.709
can,20220719,7.234
can,20220720,7.391
can,20220721,7.338
can,20220722,7.338
can,20220723,7.338
can,20220724,7.365
can,20220725,7.548
can,20220726,7.679
can,20220727,7.47
can,20220728,7.548
can,20220729,7.705
can,20220730,7.758
can,20220731,7.627
can,20220801,7.81
can,20220802,7.705
can,20220803,7.836
can,20220804,7.653
can,20220805,7.391
can,20220806,7.26
can,20220807,7.365
can,20220808,7.522
can,20220809,7.522
can,20220810,7.391
can,20220811,7.024
can,20220812,7.076
can,20220813,6.945
can,20220814,7.076
can,20220815,6.893
can,20220816,6.762
can,20220817,6.736
can,20220818,6.605
can,20220819,6.631
can,20220820,6.657
can,20220821,6.867
can,20220822,7.024
can,20220823,6.788
can,20220824,6.945
can,20220825,6.919
can,20220826,6.631
can,20220827,6.605
can,20220828,6.788
can,20220829,6.814
can,20220830,7.076
can,20220831,6.552
can,20220901,6.264
can,20220902,6.212
can,20220903,6.028
can,20220904,6.238
can,20220905,6.212
can,20220906,6.29
can,20220907,6.238
can,20220908,6.002
can,20220909,5.818
can,20220910,5.714
can,20220911,5.818
can,20220912,5.818
can,20220913,5.714
can,20220914,6.028
can,20220915,6.159
can,20220916,0.917
che,20200330,45.907
che,20200331,49.359
che,20200401,53.041
che,20200402,55.112
che,20200403,55.457
che,20200404,52.696
che,20200405,53.616
che,20200406,54.191
che,20200407,54.422
che,20200408,52.466
che,20200409,52.236
che,20200410,50.625
che,20200411,49.359
che,20200412,48.899
che,20200413,48.899
che,20200414,45.907
che,20200415,43.836
che,20200416,42.456
che,20200417,38.774
che,20200418,36.703
che,20200419,36.243
che,20200420,35.092
che,20200421,31.41
che,20200422,29.915
che,20200423,28.534
che,20200424,28.764
che,20200425,27.729
che,20200426,27.153
che,20200427,25.888
che,20200428,23.356
che,20200429,22.321
che,20200430,21.746
che,20200501,17.489
che,20200502,16.453
che,20200503,15.763
che,20200504,15.418
che,20200505,14.612
che,20200506,14.037
che,20200507,13.116
che,20200508,11.506
che,20200509,11.045
che,20200510,10.585
che,20200511,11.045
che,20200512,9.895
che,20200513,9.78
che,20200514,9.55
che,20200515,9.204
che,20200516,8.744
che,20200517,8.054
che,20200518,7.824
che,20200519,7.709
che,20200520,6.903
che,20200521,6.673
che,20200522,6.328
che,20200523,5.753
che,20200524,5.638
che,20200525,5.523
che,20200526,4.372
che,20200527,5.062
che,20200528,4.257
che,20200529,3.567
che,20200530,3.682
che,20200531,4.027
che,20200601,3.682
che,20200602,3.682
che,20200603,3.797
che,20200604,3.682
che,20200605,3.222
che,20200606,3.222
che,20200607,3.222
che,20200608,3.567
che,20200609,3.567
che,20200610,3.452
che,20200611,2.186
che,20200612,2.761
che,20200613,2.876
che,20200614,2.876
che,20200615,1.611
che,20200616,1.381
che,20200617,1.726
che,20200618,1.381
che,20200619,1.266
che,20200620,1.266
che,20200621,1.266
che,20200622,1.611
che,20200623,1.611
che,20200624,1.726
che,20200625,1.611
che,20200626,2.071
che,20200627,2.071
che,20200628,2.071
che,20200629,2.071
che,20200630,2.646
che,20200701,2.646
che,20200702,3.107
che,20200703,2.876
che,20200704,2.876
che,20200705,2.876
che,20200706,2.531
che,20200707,2.301
che,20200708,1.956
che,20200709,2.531
che,20200710,2.761
che,20200711,2.761
che,20200712,2.991
che,20200713,2.991
che,20200714,2.991
che,20200715,3.337
che,20200716,3.222
che,20200717,2.991
che,20200718,2.991
che,20200719,2.991
che,20200720,3.682
che,20200721,3.107
che,20200722,2.876
che,20200723,2.531
che,20200724,2.761
che,20200725,2.761
che,20200726,2.761
che,20200727,2.761
che,20200728,3.107
che,20200729,2.876
che,20200730,4.142
che,20200731,4.487
che,20200801,4.487
che,20200802,4.487
che,20200803,4.717
che,20200804,5.062
che,20200805,4.487
che,20200806,4.257
che,20200807,3.912
che,20200808,3.222
che,20200809,3.222
che,20200810,3.797
che,20200811,3.797
che,20200812,3.452
che,20200813,3.797
che,20200814,3.912
che,20200815,3.912
che,20200816,3.797
che,20200817,3.222
che,20200818,3.567
che,20200819,3.797
che,20200820,3.222
che,20200821,3.567
che,20200822,3.567
che,20200823,3.452
che,20200824,3.222
che,20200825,3.222
che,20200826,3.337
che,20200827,3.567
che,20200828,3.452
che,20200829,3.452
che,20200830,3.452
che,20200831,3.797
che,20200901,3.912
che,20200902,3.682
che,20200903,4.027
che,20200904,3.222
che,20200905,3.222
che,20200906,3.222
che,20200907,3.567
che,20200908,3.107
che,20200909,3.222
che,20200910,2.991
che,20200911,2.991
che,20200912,2.991
che,20200913,2.991
che,20200914,1.841
che,20200915,1.956
che,20200916,3.452
che,20200917,3.107
che,20200918,3.222
che,20200919,3.107
che,20200920,3.222
che,20200921,3.797
che,20200922,4.372
che,20200923,4.027
che,20200924,3.682
che,20200925,4.487
che,20200926,4.142
che,20200927,4.027
che,20200928,3.912
che,20200929,3.797
che,20200930,3.567
che,20201001,3.912
che,20201002,3.337
che,20201003,3.337
che,20201004,3.337
che,20201005,4.027
che,20201006,4.142
che,20201007,4.027
che,20201008,4.717
che,20201009,4.832
che,20201010,5.062
che,20201011,5.062
che,20201012,4.947
che,20201013,5.753
che,20201014,5.293
che,20201015,6.443
che,20201016,7.018
che,20201017,7.594
che,20201018,8.514
che,20201019,10.585
che,20201020,11.621
che,20201021,13.577
che,20201022,14.727
che,20201023,16.913
che,20201024,17.373
che,20201025,17.949
che,20201026,21.746
che,20201027,25.312
che,20201028,25.197
che,20201029,27.498
che,20201030,29.339
che,20201031,32.561
che,20201101,34.402
che,20201102,38.084
che,20201103,42.111
che,20201104,44.987
che,20201105,48.324
che,20201106,50.97
che,20201107,52.005
che,20201108,52.696
che,20201109,53.271
che,20201110,56.608
che,20201111,56.723
che,20201112,57.758
che,20201113,56.378
che,20201114,58.103
che,20201115,59.024
che,20201116,60.174
che,20201117,61.44
che,20201118,60.98
che,20201119,60.404
che,20201120,61.44
che,20201121,60.404
che,20201122,61.095
che,20201123,60.404
che,20201124,58.449
che,20201125,58.333
che,20201126,57.068
che,20201127,56.032
che,20201128,56.032
che,20201129,56.723
che,20201130,55.342
che,20201201,55.227
che,20201202,56.262
che,20201203,54.652
che,20201204,53.386
che,20201205,54.422
che,20201206,53.271
che,20201207,52.696
che,20201208,53.041
che,20201209,53.041
che,20201210,54.191
che,20201211,53.961
che,20201212,53.386
che,20201213,53.961
che,20201214,54.882
che,20201215,53.961
che,20201216,54.882
che,20201217,54.422
che,20201218,52.12
che,20201219,51.775
che,20201220,51.545
che,20201221,51.2
che,20201222,51.2
che,20201223,51.545
che,20201224,51.43
che,20201225,50.855
che,20201226,51.66
che,20201227,52.811
che,20201228,51.2
che,20201229,50.28
che,20201230,48.784
che,20201231,48.784
che,20210101,48.439
che,20210102,48.439
che,20210103,49.244
che,20210104,49.934
che,20210105,50.97
che,20210106,50.395
che,20210107,48.324
che,20210108,46.943
che,20210109,45.562
che,20210110,45.332
che,20210111,46.022
che,20210112,43.721
che,20210113,43.031
che,20210114,43.606
che,20210115,42.801
che,20210116,41.88
che,20210117,41.305
che,20210118,39.809
che,20210119,39.119
che,20210120,37.853
che,20210121,36.818
che,20210122,38.084
che,20210123,36.243
che,20210124,35.437
che,20210125,34.287
che,20210126,33.366
che,20210127,32.561
che,20210128,32.906
che,20210129,33.827
che,20210130,31.18
che,20210131,32.216
che,20210201,32.676
che,20210202,30.835
che,20210203,30.375
che,20210204,29.915
che,20210205,29.569
che,20210206,28.649
che,20210207,28.419
che,20210208,29.109
che,20210209,28.764
che,20210210,28.534
che,20210211,27.729
che,20210212,26.808
che,20210213,25.658
che,20210214,25.312
che,20210215,26.348
che,20210216,24.852
che,20210217,23.932
che,20210218,24.047
che,20210219,23.587
che,20210220,22.551
che,20210221,22.781
che,20210222,22.436
che,20210223,21.631
che,20210224,21.976
che,20210225,22.321
che,20210226,21.17
che,20210227,20.48
che,20210228,20.595
che,20210301,19.905
che,20210302,21.17
che,20210303,19.79
che,20210304,20.02
che,20210305,19.444
che,20210306,19.444
che,20210307,20.135
che,20210308,20.48
che,20210309,19.675
che,20210310,20.02
che,20210311,19.099
che,20210312,17.834
che,20210313,20.02
che,20210314,19.214
che,20210315,19.79
che,20210316,19.214
che,20210317,18.294
che,20210318,18.179
che,20210319,18.639
che,20210320,19.214
che,20210321,19.79
che,20210322,18.639
che,20210323,19.329
che,20210324,19.214
che,20210325,18.869
che,20210326,18.409
che,20210327,19.099
che,20210328,18.984
che,20210329,18.754
che,20210330,19.675
che,20210331,18.984
che,20210401,18.639
che,20210402,18.869
che,20210403,20.365
che,20210404,20.48
che,20210405,21.285
che,20210406,20.94
che,20210407,22.321
che,20210408,21.976
che,20210409,22.551
che,20210410,22.896
che,20210411,23.126
che,20210412,23.356
che,20210413,24.852
che,20210414,25.427
che,20210415,26.808
che,20210416,28.074
che,20210417,28.994
che,20210418,28.534
che,20210419,28.419
che,20210420,27.959
che,20210421,27.729
che,20210422,27.613
che,20210423,28.304
che,20210424,28.304
che,20210425,28.304
che,20210426,28.649
che,20210427,28.764
che,20210428,29.339
che,20210429,29.109
che,20210430,28.994
che,20210501,28.304
che,20210502,27.268
che,20210503,27.268
che,20210504,25.197
che,20210505,26.118
che,20210506,24.622
che,20210507,24.507
che,20210508,24.047
che,20210509,23.356
che,20210510,23.587
che,20210511,21.976
che,20210512,22.091
che,20210513,21.4
che,20210514,22.436
che,20210515,23.356
che,20210516,22.896
che,20210517,21.4
che,20210518,20.825
che,20210519,20.48
che,20210520,18.754
che,20210521,18.984
che,20210522,18.179
che,20210523,18.294
che,20210524,17.949
che,20210525,16.798
che,20210526,15.993
che,20210527,16.453
che,20210528,15.878
che,20210529,15.763
che,20210530,15.187
che,20210531,15.418
che,20210601,14.957
che,20210602,14.612
che,20210603,14.727
che,20210604,14.267
che,20210605,14.152
che,20210606,14.152
che,20210607,12.771
che,20210608,12.081
che,20210609,11.851
che,20210610,11.506
che,20210611,11.391
che,20210612,10.93
che,20210613,10.585
che,20210614,10.355
che,20210615,9.55
che,20210616,8.399
che,20210617,8.629
che,20210618,8.514
che,20210619,7.594
che,20210620,8.169
che,20210621,8.054
che,20210622,7.018
che,20210623,6.328
che,20210624,6.328
che,20210625,5.638
che,20210626,5.638
che,20210627,5.753
che,20210628,5.408
che,20210629,4.947
che,20210630,4.142
che,20210701,4.142
che,20210702,3.797
che,20210703,3.912
che,20210704,4.027
che,20210705,3.222
che,20210706,3.222
che,20210707,2.991
che,20210708,2.761
che,20210709,2.761
che,20210710,2.991
che,20210711,2.991
che,20210712,2.876
che,20210713,2.761
che,20210714,2.416
che,20210715,2.761
che,20210716,2.991
che,20210717,2.876
che,20210718,2.876
che,20210719,3.797
che,20210720,3.682
che,20210721,3.452
che,20210722,3.567
che,20210723,3.682
che,20210724,4.027
che,20210725,3.912
che,20210726,4.602
che,20210727,4.372
che,20210728,4.372
che,20210729,4.027
che,20210730,4.142
che,20210731,4.832
che,20210801,4.717
che,20210802,5.062
che,20210803,5.523
che,20210804,5.983
che,20210805,6.328
che,20210806,6.443
che,20210807,6.788
che,20210808,6.788
che,20210809,8.284
che,20210810,8.744
che,20210811,9.089
che,20210812,9.55
che,20210813,10.47
che,20210814,10.815
che,20210815,11.045
che,20210816,14.037
che,20210817,16.568
che,20210818,18.754
che,20210819,19.56
che,20210820,20.825
che,20210821,21.861
che,20210822,22.436
che,20210823,24.737
che,20210824,25.773
che,20210825,26.463
che,20210826,27.268
che,20210827,28.649
che,20210828,30.95
che,20210829,31.756
che,20210830,31.41
che,20210831,30.375
che,20210901,31.64
che,20210902,32.906
che,20210903,33.251
che,20210904,33.021
che,20210905,33.021
che,20210906,33.481
che,20210907,33.136
che,20210908,33.827
che,20210909,32.331
che,20210910,32.561
che,20210911,32.331
che,20210912,32.216
che,20210913,31.756
che,20210914,30.72
che,20210915,30.26
che,20210916,30.145
che,20210917,30.835
che,20210918,30.145
che,20210919,29.224
che,20210920,27.268
che,20210921,26.233
che,20210922,26.233
che,20210923,23.817
che,20210924,24.507
che,20210925,23.817
che,20210926,24.162
che,20210927,23.011
che,20210928,21.746
che,20210929,21.285
che,20210930,20.365
che,20211001,20.135
che,20211002,19.56
che,20211003,18.639
che,20211004,18.064
che,20211005,18.984
che,20211006,18.409
che,20211007,18.294
che,20211008,17.258
che,20211009,17.028
che,20211010,16.108
che,20211011,16.453
che,20211012,15.302
che,20211013,15.072
che,20211014,14.267
che,20211015,13.807
che,20211016,13.692
che,20211017,13.577
che,20211018,13.001
che,20211019,12.541
che,20211020,13.001
che,20211021,11.851
che,20211022,11.506
che,20211023,11.621
che,20211024,11.966
che,20211025,11.391
che,20211026,11.276
che,20211027,11.736
che,20211028,12.886
che,20211029,13.001
che,20211030,12.426
che,20211031,11.736
che,20211101,12.771
che,20211102,12.426
che,20211103,11.621
che,20211104,11.966
che,20211105,12.081
che,20211106,13.231
che,20211107,13.577
che,20211108,13.692
che,20211109,14.382
che,20211110,14.037
che,20211111,13.922
che,20211112,14.382
che,20211113,14.842
che,20211114,14.842
che,20211115,14.842
che,20211116,16.223
che,20211117,16.683
che,20211118,17.258
che,20211119,17.719
che,20211120,17.258
che,20211121,18.754
che,20211122,19.675
che,20211123,19.444
che,20211124,20.825
che,20211125,21.746
che,20211126,22.781
che,20211127,24.277
che,20211128,24.852
che,20211129,25.773
che,20211130,26.578
che,20211201,26.463
che,20211202,27.498
che,20211203,27.844
che,20211204,28.304
che,20211205,29.454
che,20211206,30.26
che,20211207,29.8
che,20211208,30.26
che,20211209,33.251
che,20211210,31.525
che,20211211,30.95
che,20211212,33.481
che,20211213,34.862
che,20211214,33.251
che,20211215,34.057
che,20211216,33.827
che,20211217,34.402
che,20211218,34.402
che,20211219,36.128
che,20211220,36.013
che,20211221,36.013
che,20211222,36.358
che,20211223,35.667
che,20211224,36.358
che,20211225,37.853
che,20211226,37.623
che,20211227,38.429
che,20211228,36.243
che,20211229,37.393
che,20211230,36.128
che,20211231,35.207
che,20220101,35.322
che,20220102,35.437
che,20220103,34.517
che,20220104,35.207
che,20220105,34.287
che,20220106,33.481
che,20220107,33.021
che,20220108,31.64
che,20220109,30.605
che,20220110,32.101
che,20220111,31.18
che,20220112,30.72
che,20220113,30.145
che,20220114,30.375
che,20220115,31.756
che,20220116,31.18
che,20220117,30.72
che,20220118,28.419
che,20220119,28.189
che,20220120,27.613
che,20220121,26.003
che,20220122,26.233
che,20220123,26.463
che,20220124,25.197
che,20220125,24.737
che,20220126,24.737
che,20220127,24.162
che,20220128,23.587
che,20220129,23.587
che,20220130,22.781
che,20220131,23.702
che,20220201,23.011
che,20220202,24.047
che,20220203,22.666
che,20220204,22.666
che,20220205,22.206
che,20220206,24.392
che,20220207,24.622
che,20220208,24.162
che,20220209,22.436
che,20220210,23.011
che,20220211,23.241
che,20220212,22.206
che,20220213,21.976
che,20220214,21.861
che,20220215,21.17
che,20220216,21.4
che,20220217,20.25
che,20220218,18.294
che,20220219,19.214
che,20220220,18.984
che,20220221,17.373
che,20220222,17.604
che,20220223,17.604
che,20220224,16.798
che,20220225,17.143
che,20220226,16.683
che,20220227,15.993
che,20220228,16.338
che,20220301,16.453
che,20220302,15.878
che,20220303,15.648
che,20220304,15.648
che,20220305,15.763
che,20220306,15.878
che,20220307,15.878
che,20220308,15.763
che,20220309,15.418
che,20220310,15.763
che,20220311,14.727
che,20220312,14.842
che,20220313,15.993
che,20220314,16.453
che,20220315,17.258
che,20220316,16.223
che,20220317,15.763
che,20220318,16.683
che,20220319,17.028
che,20220320,17.489
che,20220321,17.949
che,20220322,18.754
che,20220323,17.949
che,20220324,17.028
che,20220325,16.683
che,20220326,16.453
che,20220327,17.028
che,20220328,16.568
che,20220329,16.683
che,20220330,15.187
che,20220331,14.497
che,20220401,13.116
che,20220402,12.771
che,20220403,12.886
che,20220404,12.656
che,20220405,11.506
che,20220406,11.506
che,20220407,9.78
che,20220408,9.895
che,20220409,9.665
che,20220410,10.125
che,20220411,10.24
che,20220412,9.895
che,20220413,10.125
che,20220414,9.895
che,20220415,10.125
che,20220416,10.355
che,20220417,9.665
che,20220418,9.32
che,20220419,8.859
che,20220420,8.629
che,20220421,8.514
che,20220422,8.744
che,20220423,8.514
che,20220424,8.514
che,20220425,7.939
che,20220426,7.249
che,20220427,7.249
che,20220428,7.018
che,20220429,6.903
che,20220430,7.249
che,20220501,6.558
che,20220502,6.443
che,20220503,6.443
che,20220504,6.328
che,20220505,6.673
che,20220506,6.558
che,20220507,6.213
che,20220508,5.983
che,20220509,5.408
che,20220510,5.408
che,20220511,6.443
che,20220512,5.638
che,20220513,5.523
che,20220514,4.947
che,20220515,5.062
che,20220516,5.062
che,20220517,4.027
che,20220518,3.682
che,20220519,3.222
che,20220520,3.452
che,20220521,3.452
che,20220522,3.337
che,20220523,3.107
che,20220524,2.876
che,20220525,2.646
che,20220526,2.416
che,20220527,2.876
che,20220528,3.222
che,20220529,2.531
che,20220530,2.301
che,20220531,2.531
che,20220601,2.531
che,20220602,2.531
che,20220603,2.186
che,20220604,2.186
che,20220605,2.186
che,20220606,2.416
che,20220607,2.416
che,20220608,1.841
che,20220609,1.726
che,20220610,1.726
che,20220611,2.071
che,20220612,2.301
che,20220613,2.071
che,20220614,3.337
che,20220615,2.991
che,20220616,2.071
che,20220617,2.761
che,20220618,2.876
che,20220619,2.876
che,20220620,3.452
che,20220621,4.602
che,20220622,4.717
che,20220623,4.257
che,20220624,4.602
che,20220625,4.832
che,20220626,5.293
che,20220627,5.523
che,20220628,5.638
che,20220629,5.983
che,20220630,6.213
che,20220701,5.523
che,20220702,5.868
che,20220703,5.523
che,20220704,5.178
che,20220705,5.868
che,20220706,5.868
che,20220707,5.868
che,20220708,5.523
che,20220709,5.178
che,20220710,5.753
che,20220711,5.293
che,20220712,4.487
che,20220713,5.062
che,20220714,4.487
che,20220715,5.868
che,20220716,5.523
che,20220717,5.408
che,20220718,4.947
che,20220719,5.408
che,20220720,5.868
che,20220721,6.213
che,20220722,6.788
che,20220723,6.673
che,20220724,7.133
che,20220725,7.249
che,20220726,7.018
che,20220727,6.558
che,20220728,5.983
che,20220729,5.293
che,20220730,5.178
che,20220731,5.293
che,20220801,5.523
che,20220802,5.983
che,20220803,5.062
che,20220804,4.717
che,20220805,4.832
che,20220806,4.832
che,20220807,5.062
che,20220808,5.753
che,20220809,5.753
che,20220810,5.523
che,20220811,4.717
che,20220812,3.452
che,20220813,3.567
che,20220814,3.682
che,20220815,4.257
che,20220816,4.487
che,20220817,5.293
che,20220818,3.567
che,20220819,3.337
che,20220820,3.682
che,20220821,3.452
che,20220822,3.337
che,20220823,3.682
che,20220824,3.567
che,20220825,3.567
che,20220826,3.682
che,20220827,3.682
che,20220828,3.912
che,20220829,3.567
che,20220830,3.682
che,20220831,2.761
che,20220901,3.107
che,20220902,3.797
che,20220903,3.797
che,20220904,3.682
che,20220905,3.567
che,20220906,3.107
che,20220907,3.682
che,20220908,3.222
che,20220909,2.531
che,20220910,2.531
che,20220911,2.531
che,20220912,3.452
chl,20200401,8.875
chl,20200402,10.26
chl,20200403,12.158
chl,20200404,14.364
chl,20200405,15.749
chl,20200406,16.775
chl,20200407,17.288
chl,20200408,18.571
chl,20200409,18.468
chl,20200410,19.648
chl,20200411,19.648
chl,20200412,19.853
chl,20200413,19.853
chl,20200414,19.443
chl,20200415,19.956
chl,20200416,19.699
chl,20200417,19.75
chl,20200418,18.468
chl,20200419,19.135
chl,20200420,19.34
chl,20200421,20.11
chl,20200422,20.469
chl,20200423,21.084
chl,20200424,21.289
chl,20200425,21.443
chl,20200426,21.289
chl,20200427,21.854
chl,20200428,21.956
chl,20200429,21.443
chl,20200430,21.495
chl,20200501,21.956
chl,20200502,21.802
chl,20200503,23.034
chl,20200504,23.803
chl,20200505,24.111
chl,20200506,24.932
chl,20200507,25.291
chl,20200508,26.06
chl,20200509,27.907
chl,20200510,28.984
chl,20200511,29.446
chl,20200512,30.985
chl,20200513,32.935
chl,20200514,34.012
chl,20200515,36.474
chl,20200516,38.526
chl,20200517,39.45
chl,20200518,41.399
chl,20200519,44.939
chl,20200520,46.375
chl,20200521,48.376
chl,20200522,50.582
chl,20200523,54.481
chl,20200524,55.917
chl,20200525,58.225
chl,20200526,61.663
chl,20200527,64.176
chl,20200528,66.126
chl,20200529,69.255
chl,20200530,70.332
chl,20200531,70.948
chl,20200601,74.18
chl,20200602,74.436
chl,20200603,75.667
chl,20200604,76.745
chl,20200605,78.027
chl,20200606,78.181
chl,20200607,79.925
chl,20200608,81.105
chl,20200609,80.9
chl,20200610,81.567
chl,20200611,83.003
chl,20200612,84.491
chl,20200613,84.953
chl,20200614,87.979
chl,20200615,88.39
chl,20200616,88.595
chl,20200617,92.032
chl,20200618,94.648
chl,20200619,98.034
chl,20200620,100.086
chl,20200621,102.395
chl,20200622,103.318
chl,20200623,103.062
chl,20200624,104.96
chl,20200625,106.601
chl,20200626,107.012
chl,20200627,107.217
chl,20200628,109.218
chl,20200629,107.217
chl,20200630,108.038
chl,20200701,106.447
chl,20200702,107.679
chl,20200703,108.089
chl,20200704,106.55
chl,20200705,106.601
chl,20200706,106.14
chl,20200707,105.678
chl,20200708,105.319
chl,20200709,102.549
chl,20200710,102.087
chl,20200711,102.549
chl,20200712,102.343
chl,20200713,99.06
chl,20200714,98.239
chl,20200715,96.341
chl,20200716,93.417
chl,20200717,92.135
chl,20200718,91.93
chl,20200719,90.493
chl,20200720,89.929
chl,20200721,88.646
chl,20200722,86.594
chl,20200723,85.671
chl,20200724,83.927
chl,20200725,82.696
chl,20200726,81.67
chl,20200727,79.771
chl,20200728,78.438
chl,20200729,76.18
chl,20200730,75.052
chl,20200731,74.128
chl,20200801,74.128
chl,20200802,73.718
chl,20200803,72.795
chl,20200804,72.076
chl,20200805,71.82
chl,20200806,69.665
chl,20200807,69.152
chl,20200808,66.946
chl,20200809,65.459
chl,20200810,65.664
chl,20200811,65.048
chl,20200812,64.381
chl,20200813,64.587
chl,20200814,64.228
chl,20200815,61.919
chl,20200816,61.047
chl,20200817,60.38
chl,20200818,59.354
chl,20200819,57.456
chl,20200820,55.25
chl,20200821,54.994
chl,20200822,54.275
chl,20200823,52.685
chl,20200824,52.018
chl,20200825,51.864
chl,20200826,51.505
chl,20200827,51.916
chl,20200828,51.043
chl,20200829,49.197
chl,20200830,49.248
chl,20200831,49.71
chl,20200901,49.351
chl,20200902,48.581
chl,20200903,48.222
chl,20200904,47.812
chl,20200905,46.58
chl,20200906,46.632
chl,20200907,47.709
chl,20200908,47.709
chl,20200909,48.325
chl,20200910,48.786
chl,20200911,47.093
chl,20200912,46.58
chl,20200913,46.478
chl,20200914,46.478
chl,20200915,46.426
chl,20200916,46.067
chl,20200917,45.913
chl,20200918,46.273
chl,20200919,45.862
chl,20200920,46.221
chl,20200921,46.939
chl,20200922,47.093
chl,20200923,46.529
chl,20200924,45.657
chl,20200925,45.708
chl,20200926,45.913
chl,20200927,45.554
chl,20200928,45.349
chl,20200929,44.374
chl,20200930,43.554
chl,20201001,43.554
chl,20201002,44.528
chl,20201003,43.554
chl,20201004,43.913
chl,20201005,43.759
chl,20201006,43.451
chl,20201007,41.963
chl,20201008,41.656
chl,20201009,42.117
chl,20201010,41.912
chl,20201011,40.578
chl,20201012,40.27
chl,20201013,39.911
chl,20201014,40.27
chl,20201015,40.322
chl,20201016,40.732
chl,20201017,40.578
chl,20201018,39.809
chl,20201019,39.45
chl,20201020,39.501
chl,20201021,39.347
chl,20201022,38.937
chl,20201023,38.937
chl,20201024,37.398
chl,20201025,37.09
chl,20201026,37.449
chl,20201027,37.962
chl,20201028,38.218
chl,20201029,38.372
chl,20201030,39.193
chl,20201031,38.783
chl,20201101,38.116
chl,20201102,37.09
chl,20201103,37.295
chl,20201104,37.603
chl,20201105,37.192
chl,20201106,37.603
chl,20201107,37.654
chl,20201108,37.705
chl,20201109,37.398
chl,20201110,36.936
chl,20201111,36.987
chl,20201112,37.244
chl,20201113,37.603
chl,20201114,37.5
chl,20201115,36.987
chl,20201116,37.141
chl,20201117,37.449
chl,20201118,37.244
chl,20201119,36.679
chl,20201120,36.782
chl,20201121,36.526
chl,20201122,35.807
chl,20201123,36.115
chl,20201124,35.653
chl,20201125,35.91
chl,20201126,35.602
chl,20201127,35.551
chl,20201128,36.064
chl,20201129,35.551
chl,20201130,35.397
chl,20201201,35.653
chl,20201202,35.602
chl,20201203,35.243
chl,20201204,35.038
chl,20201205,34.063
chl,20201206,33.755
chl,20201207,33.704
chl,20201208,33.601
chl,20201209,34.217
chl,20201210,34.422
chl,20201211,34.012
chl,20201212,33.396
chl,20201213,32.678
chl,20201214,32.216
chl,20201215,32.319
chl,20201216,32.729
chl,20201217,32.165
chl,20201218,34.268
chl,20201219,34.474
chl,20201220,34.012
chl,20201221,34.525
chl,20201222,35.038
chl,20201223,35.602
chl,20201224,35.859
chl,20201225,34.781
chl,20201226,35.91
chl,20201227,36.731
chl,20201228,37.654
chl,20201229,38.218
chl,20201230,38.578
chl,20201231,39.296
chl,20210101,40.732
chl,20210102,40.578
chl,20210103,40.065
chl,20210104,40.373
chl,20210105,41.091
chl,20210106,42.066
chl,20210107,44.221
chl,20210108,44.785
chl,20210109,46.734
chl,20210110,48.53
chl,20210111,48.171
chl,20210112,48.786
chl,20210113,50.325
chl,20210114,51.3
chl,20210115,52.582
chl,20210116,53.557
chl,20210117,53.814
chl,20210118,55.045
chl,20210119,55.455
chl,20210120,58.995
chl,20210121,61.201
chl,20210122,62.637
chl,20210123,64.946
chl,20210124,64.792
chl,20210125,65.254
chl,20210126,66.023
chl,20210127,68.126
chl,20210128,68.691
chl,20210129,71.512
chl,20210130,72.333
chl,20210131,74.539
chl,20210201,74.693
chl,20210202,74.795
chl,20210203,76.129
chl,20210204,77.463
chl,20210205,76.283
chl,20210206,77.104
chl,20210207,77.412
chl,20210208,77.258
chl,20210209,78.232
chl,20210210,78.027
chl,20210211,78.899
chl,20210212,79.207
chl,20210213,78.489
chl,20210214,79.618
chl,20210215,79.925
chl,20210216,80.695
chl,20210217,81.003
chl,20210218,80.49
chl,20210219,79.823
chl,20210220,80.746
chl,20210221,80.746
chl,20210222,81.259
chl,20210223,84.132
chl,20210224,83.568
chl,20210225,83.875
chl,20210226,85.055
chl,20210227,85.107
chl,20210228,84.85
chl,20210301,85.927
chl,20210302,86.338
chl,20210303,87.774
chl,20210304,88.287
chl,20210305,90.031
chl,20210306,89.98
chl,20210307,91.16
chl,20210308,93.417
chl,20210309,94.341
chl,20210310,96.495
chl,20210311,97.983
chl,20210312,98.804
chl,20210313,100.548
chl,20210314,103.369
chl,20210315,105.319
chl,20210316,107.679
chl,20210317,109.423
chl,20210318,110.398
chl,20210319,112.501
chl,20210320,114.245
chl,20210321,114.348
chl,20210322,116.4
chl,20210323,118.554
chl,20210324,120.452
chl,20210325,123.941
chl,20210326,126.506
chl,20210327,128.968
chl,20210328,130.251
chl,20210329,132.867
chl,20210330,135.894
chl,20210331,137.638
chl,20210401,139.998
chl,20210402,143.845
chl,20210403,147.077
chl,20210404,147.949
chl,20210405,147.898
chl,20210406,151.13
chl,20210407,155.388
chl,20210408,156.157
chl,20210409,157.747
chl,20210410,161.031
chl,20210411,161.851
chl,20210412,164.314
chl,20210413,164.827
chl,20210414,167.802
chl,20210415,167.084
chl,20210416,168.11
chl,20210417,169.7
chl,20210418,171.547
chl,20210419,172.573
chl,20210420,172.984
chl,20210421,174.471
chl,20210422,173.137
chl,20210423,173.958
chl,20210424,173.086
chl,20210425,172.009
chl,20210426,172.522
chl,20210427,174.728
chl,20210428,173.189
chl,20210429,174.215
chl,20210430,171.598
chl,20210501,171.137
chl,20210502,170.213
chl,20210503,169.444
chl,20210504,169.444
chl,20210505,167.238
chl,20210506,163.544
chl,20210507,162.929
chl,20210508,160.979
chl,20210509,161.441
chl,20210510,160.928
chl,20210511,159.133
chl,20210512,155.747
chl,20210513,152.669
chl,20210514,152.669
chl,20210515,151.489
chl,20210516,151.54
chl,20210517,152.31
chl,20210518,152.823
chl,20210519,152.464
chl,20210520,150.565
chl,20210521,153.438
chl,20210522,152.566
chl,20210523,152.874
chl,20210524,155.798
chl,20210525,155.234
chl,20210526,155.08
chl,20210527,154.618
chl,20210528,157.337
chl,20210529,158.62
chl,20210530,160.415
chl,20210531,161.185
chl,20210601,163.801
chl,20210602,162.621
chl,20210603,165.135
chl,20210604,164.981
chl,20210605,164.827
chl,20210606,166.315
chl,20210607,166.571
chl,20210608,167.494
chl,20210609,168.213
chl,20210610,167.546
chl,20210611,169.906
chl,20210612,168.623
chl,20210613,168.88
chl,20210614,168.777
chl,20210615,168.007
chl,20210616,169.341
chl,20210617,169.393
chl,20210618,168.572
chl,20210619,168.007
chl,20210620,165.699
chl,20210621,166.007
chl,20210622,165.802
chl,20210623,165.648
chl,20210624,161.851
chl,20210625,159.286
chl,20210626,158.568
chl,20210627,157.029
chl,20210628,156.465
chl,20210629,154.772
chl,20210630,153.592
chl,20210701,150.976
chl,20210702,148.873
chl,20210703,148
chl,20210704,144.82
chl,20210705,142.717
chl,20210706,139.946
chl,20210707,137.074
chl,20210708,134.303
chl,20210709,129.532
chl,20210710,125.531
chl,20210711,122.299
chl,20210712,120.401
chl,20210713,119.632
chl,20210714,114.963
chl,20210715,112.039
chl,20210716,109.115
chl,20210717,106.294
chl,20210718,103.882
chl,20210719,102.138
chl,20210720,101.061
chl,20210721,96.341
chl,20210722,94.648
chl,20210723,93.007
chl,20210724,91.109
chl,20210725,87.774
chl,20210726,85.62
chl,20210727,84.542
chl,20210728,80.592
chl,20210729,77.771
chl,20210730,74.488
chl,20210731,71.563
chl,20210801,70.281
chl,20210802,70.23
chl,20210803,68.896
chl,20210804,65.561
chl,20210805,63.663
chl,20210806,62.74
chl,20210807,60.483
chl,20210808,57.712
chl,20210809,56.686
chl,20210810,55.147
chl,20210811,54.891
chl,20210812,54.327
chl,20210813,52.48
chl,20210814,52.531
chl,20210815,51.095
chl,20210816,49.556
chl,20210817,50.12
chl,20210818,49.299
chl,20210819,48.119
chl,20210820,46.067
chl,20210821,44.426
chl,20210822,43.195
chl,20210823,42.63
chl,20210824,41.861
chl,20210825,40.835
chl,20210826,39.244
chl,20210827,37.808
chl,20210828,37.141
chl,20210829,36.166
chl,20210830,35.346
chl,20210831,35.243
chl,20210901,33.704
chl,20210902,32.575
chl,20210903,31.601
chl,20210904,30.626
chl,20210905,29.6
chl,20210906,29.497
chl,20210907,29.549
chl,20210908,28.728
chl,20210909,28.369
chl,20210910,27.138
chl,20210911,26.317
chl,20210912,25.137
chl,20210913,24.727
chl,20210914,24.675
chl,20210915,24.419
chl,20210916,23.752
chl,20210917,23.598
chl,20210918,22.828
chl,20210919,22.469
chl,20210920,22.264
chl,20210921,22.315
chl,20210922,22.008
chl,20210923,21.187
chl,20210924,20.879
chl,20210925,20.212
chl,20210926,20.058
chl,20210927,19.494
chl,20210928,19.956
chl,20210929,19.802
chl,20210930,19.391
chl,20211001,18.519
chl,20211002,18.673
chl,20211003,18.981
chl,20211004,19.34
chl,20211005,19.443
chl,20211006,19.186
chl,20211007,19.34
chl,20211008,19.34
chl,20211009,18.827
chl,20211010,17.852
chl,20211011,18.365
chl,20211012,18.571
chl,20211013,18.93
chl,20211014,19.494
chl,20211015,19.545
chl,20211016,19.494
chl,20211017,19.597
chl,20211018,19.443
chl,20211019,19.648
chl,20211020,20.417
chl,20211021,21.392
chl,20211022,22.264
chl,20211023,22.521
chl,20211024,22.315
chl,20211025,22.726
chl,20211026,23.034
chl,20211027,23.495
chl,20211028,22.418
chl,20211029,23.085
chl,20211030,23.444
chl,20211031,23.752
chl,20211101,23.854
chl,20211102,24.573
chl,20211103,25.342
chl,20211104,25.24
chl,20211105,25.65
chl,20211106,26.522
chl,20211107,27.138
chl,20211108,27.394
chl,20211109,27.856
chl,20211110,29.395
chl,20211111,29.087
chl,20211112,29.857
chl,20211113,30.318
chl,20211114,30.37
chl,20211115,30.37
chl,20211116,30.729
chl,20211117,30.934
chl,20211118,32.011
chl,20211119,32.575
chl,20211120,33.191
chl,20211121,33.704
chl,20211122,33.499
chl,20211123,33.55
chl,20211124,33.55
chl,20211125,34.32
chl,20211126,34.422
chl,20211127,34.576
chl,20211128,34.679
chl,20211129,34.884
chl,20211130,35.705
chl,20211201,35.294
chl,20211202,36.218
chl,20211203,35.5
chl,20211204,35.5
chl,20211205,35.551
chl,20211206,35.397
chl,20211207,35.807
chl,20211208,35.14
chl,20211209,35.294
chl,20211210,34.987
chl,20211211,35.243
chl,20211212,34.371
chl,20211213,33.961
chl,20211214,34.627
chl,20211215,34.268
chl,20211216,33.909
chl,20211217,32.678
chl,20211218,32.422
chl,20211219,32.114
chl,20211220,31.806
chl,20211221,31.19
chl,20211222,30.113
chl,20211223,29.805
chl,20211224,28.471
chl,20211225,28.471
chl,20211226,28.318
chl,20211227,27.805
chl,20211228,28.215
chl,20211229,28.266
chl,20211230,27.24
chl,20211231,26.779
chl,20220101,26.266
chl,20220102,26.625
chl,20220103,26.214
chl,20220104,26.573
chl,20220105,25.034
chl,20220106,24.573
chl,20220107,24.573
chl,20220108,23.444
chl,20220109,23.598
chl,20220110,23.598
chl,20220111,23.598
chl,20220112,22.828
chl,20220113,22.777
chl,20220114,21.905
chl,20220115,21.597
chl,20220116,21.084
chl,20220117,21.392
chl,20220118,21.597
chl,20220119,20.982
chl,20220120,21.649
chl,20220121,21.033
chl,20220122,21.136
chl,20220123,20.571
chl,20220124,20.879
chl,20220125,21.084
chl,20220126,21.443
chl,20220127,21.7
chl,20220128,21.802
chl,20220129,21.854
chl,20220130,22.418
chl,20220131,22.315
chl,20220201,24.316
chl,20220202,26.214
chl,20220203,26.881
chl,20220204,27.958
chl,20220205,29.395
chl,20220206,30.831
chl,20220207,32.422
chl,20220208,33.448
chl,20220209,34.781
chl,20220210,36.936
chl,20220211,39.296
chl,20220212,40.527
chl,20220213,41.194
chl,20220214,43.759
chl,20220215,45.144
chl,20220216,46.939
chl,20220217,49.145
chl,20220218,49.761
chl,20220219,50.992
chl,20220220,51.71
chl,20220221,51.556
chl,20220222,52.326
chl,20220223,53.506
chl,20220224,54.891
chl,20220225,56.071
chl,20220226,56.738
chl,20220227,54.942
chl,20220228,55.353
chl,20220301,56.789
chl,20220302,56.43
chl,20220303,56.686
chl,20220304,56.225
chl,20220305,54.429
chl,20220306,53.865
chl,20220307,53.916
chl,20220308,54.378
chl,20220309,53.147
chl,20220310,51.864
chl,20220311,51.3
chl,20220312,49.812
chl,20220313,48.017
chl,20220314,48.119
chl,20220315,47.76
chl,20220316,45.965
chl,20220317,44.887
chl,20220318,43.656
chl,20220319,40.783
chl,20220320,39.757
chl,20220321,39.86
chl,20220322,39.45
chl,20220323,38.167
chl,20220324,37.705
chl,20220325,36.269
chl,20220326,35.961
chl,20220327,34.371
chl,20220328,33.601
chl,20220329,32.883
chl,20220330,32.165
chl,20220331,30.216
chl,20220401,29.395
chl,20220402,28.01
chl,20220403,26.881
chl,20220404,26.573
chl,20220405,26.676
chl,20220406,25.599
chl,20220407,24.573
chl,20220408,23.803
chl,20220409,22.726
chl,20220410,21.7
chl,20220411,21.341
chl,20220412,21.238
chl,20220413,19.443
chl,20220414,18.519
chl,20220415,17.852
chl,20220416,17.339
chl,20220417,16.262
chl,20220418,15.954
chl,20220419,15.544
chl,20220420,15.646
chl,20220421,15.133
chl,20220422,14.877
chl,20220423,14.672
chl,20220424,13.492
chl,20220425,13.492
chl,20220426,13.646
chl,20220427,13.081
chl,20220428,12.261
chl,20220429,11.85
chl,20220430,11.337
chl,20220501,10.824
chl,20220502,10.722
chl,20220503,10.568
chl,20220504,10.106
chl,20220505,10.106
chl,20220506,9.234
chl,20220507,8.977
chl,20220508,9.029
chl,20220509,8.875
chl,20220510,8.567
chl,20220511,8.875
chl,20220512,9.08
chl,20220513,8.772
chl,20220514,8.362
chl,20220515,8.157
chl,20220516,8.003
chl,20220517,8.259
chl,20220518,7.695
chl,20220519,7.541
chl,20220520,7.233
chl,20220521,7.336
chl,20220522,7.285
chl,20220523,6.977
chl,20220524,7.028
chl,20220525,6.823
chl,20220526,6.618
chl,20220527,6.412
chl,20220528,6.412
chl,20220529,6.669
chl,20220530,6.772
chl,20220531,7.182
chl,20220601,7.285
chl,20220602,7.387
chl,20220603,8.003
chl,20220604,7.798
chl,20220605,7.9
chl,20220606,8.362
chl,20220607,8.413
chl,20220608,8.618
chl,20220609,8.567
chl,20220610,7.746
chl,20220611,7.695
chl,20220612,7.798
chl,20220613,8.003
chl,20220614,8.157
chl,20220615,8.362
chl,20220616,8.464
chl,20220617,8.259
chl,20220618,8.618
chl,20220619,8.977
chl,20220620,9.439
chl,20220621,9.696
chl,20220622,9.85
chl,20220623,10.003
chl,20220624,9.593
chl,20220625,9.08
chl,20220626,9.08
chl,20220627,8.824
chl,20220628,9.337
chl,20220629,9.388
chl,20220630,9.183
chl,20220701,9.234
chl,20220702,9.234
chl,20220703,9.08
chl,20220704,8.926
chl,20220705,8.926
chl,20220706,9.542
chl,20220707,9.901
chl,20220708,9.798
chl,20220709,9.747
chl,20220710,9.439
chl,20220711,9.542
chl,20220712,9.747
chl,20220713,10.26
chl,20220714,9.747
chl,20220715,9.49
chl,20220716,9.234
chl,20220717,9.542
chl,20220718,9.85
chl,20220719,10.055
chl,20220720,9.388
chl,20220721,8.926
chl,20220722,9.696
chl,20220723,9.593
chl,20220724,9.029
chl,20220725,9.183
chl,20220726,9.285
chl,20220727,9.337
chl,20220728,9.131
chl,20220729,8.926
chl,20220730,8.464
chl,20220731,8.567
chl,20220801,8.567
chl,20220802,8.67
chl,20220803,8.567
chl,20220804,8.464
chl,20220805,8.721
chl,20220806,8.875
chl,20220807,8.413
chl,20220808,8.926
chl,20220809,8.67
chl,20220810,8.772
chl,20220811,8.567
chl,20220812,8.157
chl,20220813,8.157
chl,20220814,8.259
chl,20220815,8.259
chl,20220816,7.9
chl,20220817,7.798
chl,20220818,8.157
chl,20220819,8.003
chl,20220820,8.362
chl,20220821,8.157
chl,20220822,8.105
chl,20220823,8.054
chl,20220824,8.464
chl,20220825,8.464
chl,20220826,8.054
chl,20220827,7.746
chl,20220828,7.438
chl,20220829,7.438
chl,20220830,8.054
chl,20220831,7.9
chl,20220901,7.49
chl,20220902,7.233
chl,20220903,7.028
chl,20220904,7.131
chl,20220905,7.182
chl,20220906,7.541
chl,20220907,7.285
chl,20220908,7.387
chl,20220909,7.336
chl,20220910,7.233
chl,20220911,7.182
chl,20220912,7.233
chl,20220913,6.925
cyp,20200309,0
cyp,20200310,0
cyp,20200311,0
cyp,20200312,0
cyp,20200313,0
cyp,20200314,0
cyp,20200315,0
cyp,20200316,0
cyp,20200317,0
cyp,20200318,0
cyp,20200319,0
cyp,20200320,0
cyp,20200321,0
cyp,20200322,0
cyp,20200323,0
cyp,20200324,4.464
cyp,20200325,5.58
cyp,20200326,6.696
cyp,20200327,8.929
cyp,20200328,12.277
cyp,20200329,10.045
cyp,20200330,11.161
cyp,20200331,12.277
cyp,20200401,12.277
cyp,20200402,10.045
cyp,20200403,13.393
cyp,20200404,12.277
cyp,20200405,12.277
cyp,20200406,12.277
cyp,20200407,14.509
cyp,20200408,15.625
cyp,20200409,13.393
cyp,20200410,13.393
cyp,20200411,13.393
cyp,20200412,14.509
cyp,20200413,14.509
cyp,20200414,13.393
cyp,20200415,13.393
cyp,20200416,13.393
cyp,20200417,14.509
cyp,20200418,14.509
cyp,20200419,13.393
cyp,20200420,14.509
cyp,20200421,13.393
cyp,20200422,12.277
cyp,20200423,11.161
cyp,20200424,10.045
cyp,20200425,10.045
cyp,20200426,10.045
cyp,20200427,7.812
cyp,20200428,6.696
cyp,20200429,6.696
cyp,20200430,6.696
cyp,20200501,6.696
cyp,20200502,6.696
cyp,20200503,6.696
cyp,20200504,6.696
cyp,20200505,5.58
cyp,20200506,5.58
cyp,20200507,5.58
cyp,20200508,5.58
cyp,20200509,5.58
cyp,20200510,4.464
cyp,20200511,4.464
cyp,20200512,4.464
cyp,20200513,3.348
cyp,20200514,3.348
cyp,20200515,3.348
cyp,20200516,3.348
cyp,20200517,3.348
cyp,20200518,3.348
cyp,20200519,4.464
cyp,20200520,4.464
cyp,20200521,4.464
cyp,20200522,4.464
cyp,20200523,4.464
cyp,20200524,3.348
cyp,20200525,3.348
cyp,20200526,3.348
cyp,20200527,3.348
cyp,20200528,3.348
cyp,20200529,3.348
cyp,20200530,3.348
cyp,20200531,3.348
cyp,20200601,3.348
cyp,20200602,3.348
cyp,20200603,3.348
cyp,20200604,3.348
cyp,20200605,3.348
cyp,20200606,2.232
cyp,20200607,2.232
cyp,20200608,2.232
cyp,20200609,2.232
cyp,20200610,2.232
cyp,20200611,2.232
cyp,20200612,2.232
cyp,20200613,2.232
cyp,20200614,2.232
cyp,20200615,2.232
cyp,20200616,2.232
cyp,20200617,2.232
cyp,20200618,1.116
cyp,20200619,0
cyp,20200620,0
cyp,20200621,0
cyp,20200622,0
cyp,20200623,0
cyp,20200624,0
cyp,20200625,0
cyp,20200626,0
cyp,20200627,0
cyp,20200628,0
cyp,20200629,0
cyp,20200630,0
cyp,20200701,0
cyp,20200702,0
cyp,20200703,0
cyp,20200704,0
cyp,20200705,0
cyp,20200706,0
cyp,20200707,0
cyp,20200708,0
cyp,20200709,0
cyp,20200710,0
cyp,20200711,0
cyp,20200712,0
cyp,20200713,0
cyp,20200714,0
cyp,20200715,0
cyp,20200716,0
cyp,20200717,0
cyp,20200718,0
cyp,20200719,0
cyp,20200720,0
cyp,20200721,0
cyp,20200722,0
cyp,20200723,0
cyp,20200724,0
cyp,20200725,0
cyp,20200726,0
cyp,20200727,0
cyp,20200728,0
cyp,20200729,0
cyp,20200730,0
cyp,20200731,0
cyp,20200801,0
cyp,20200802,0
cyp,20200803,0
cyp,20200804,0
cyp,20200805,0
cyp,20200806,0
cyp,20200807,0
cyp,20200808,0
cyp,20200809,0
cyp,20200810,0
cyp,20200811,0
cyp,20200812,0
cyp,20200813,0
cyp,20200814,0
cyp,20200815,0
cyp,20200816,0
cyp,20200817,0
cyp,20200818,1.116
cyp,20200819,1.116
cyp,20200820,1.116
cyp,20200821,1.116
cyp,20200822,1.116
cyp,20200823,1.116
cyp,20200824,1.116
cyp,20200825,1.116
cyp,20200826,1.116
cyp,20200827,1.116
cyp,20200828,1.116
cyp,20200829,1.116
cyp,20200830,1.116
cyp,20200831,1.116
cyp,20200901,1.116
cyp,20200902,1.116
cyp,20200903,2.232
cyp,20200904,2.232
cyp,20200905,2.232
cyp,20200906,2.232
cyp,20200907,1.116
cyp,20200908,1.116
cyp,20200909,1.116
cyp,20200910,1.116
cyp,20200911,1.116
cyp,20200912,1.116
cyp,20200913,1.116
cyp,20200914,1.116
cyp,20200915,1.116
cyp,20200916,1.116
cyp,20200917,1.116
cyp,20200918,1.116
cyp,20200919,1.116
cyp,20200920,1.116
cyp,20200921,0
cyp,20200922,0
cyp,20200923,0
cyp,20200924,0
cyp,20200925,0
cyp,20200926,0
cyp,20200927,0
cyp,20200928,0
cyp,20200929,0
cyp,20200930,1.116
cyp,20201001,1.116
cyp,20201002,1.116
cyp,20201003,2.232
cyp,20201004,2.232
cyp,20201005,2.232
cyp,20201006,3.348
cyp,20201007,2.232
cyp,20201008,2.232
cyp,20201009,2.232
cyp,20201010,2.232
cyp,20201011,2.232
cyp,20201012,2.232
cyp,20201013,2.232
cyp,20201014,2.232
cyp,20201015,2.232
cyp,20201016,2.232
cyp,20201017,2.232
cyp,20201018,2.232
cyp,20201019,2.232
cyp,20201020,2.232
cyp,20201021,2.232
cyp,20201022,2.232
cyp,20201023,2.232
cyp,20201024,2.232
cyp,20201025,2.232
cyp,20201026,2.232
cyp,20201027,3.348
cyp,20201028,4.464
cyp,20201029,4.464
cyp,20201030,4.464
cyp,20201031,5.58
cyp,20201101,5.58
cyp,20201102,5.58
cyp,20201103,5.58
cyp,20201104,5.58
cyp,20201105,5.58
cyp,20201106,6.696
cyp,20201107,7.812
cyp,20201108,7.812
cyp,20201109,7.812
cyp,20201110,7.812
cyp,20201111,6.696
cyp,20201112,7.812
cyp,20201113,8.929
cyp,20201114,8.929
cyp,20201115,10.045
cyp,20201116,10.045
cyp,20201117,11.161
cyp,20201118,11.161
cyp,20201119,11.161
cyp,20201120,10.045
cyp,20201121,10.045
cyp,20201122,10.045
cyp,20201123,13.393
cyp,20201124,12.277
cyp,20201125,16.741
cyp,20201126,18.973
cyp,20201127,17.857
cyp,20201128,17.857
cyp,20201129,16.741
cyp,20201130,15.625
cyp,20201201,15.625
cyp,20201202,15.625
cyp,20201203,15.625
cyp,20201204,14.509
cyp,20201205,13.393
cyp,20201206,13.393
cyp,20201207,14.509
cyp,20201208,14.509
cyp,20201209,16.741
cyp,20201210,14.509
cyp,20201211,13.393
cyp,20201212,13.393
cyp,20201213,12.277
cyp,20201214,13.393
cyp,20201215,14.509
cyp,20201216,15.625
cyp,20201217,15.625
cyp,20201218,14.509
cyp,20201219,14.509
cyp,20201220,15.625
cyp,20201221,16.741
cyp,20201222,16.741
cyp,20201223,17.857
cyp,20201224,18.973
cyp,20201225,22.321
cyp,20201226,25.669
cyp,20201227,27.902
cyp,20201228,30.134
cyp,20201229,27.902
cyp,20201230,27.902
cyp,20201231,30.134
cyp,20210101,31.25
cyp,20210102,33.482
cyp,20210103,31.25
cyp,20210104,33.482
cyp,20210105,34.598
cyp,20210106,34.598
cyp,20210107,35.714
cyp,20210108,37.946
cyp,20210109,39.062
cyp,20210110,40.178
cyp,20210111,39.062
cyp,20210112,42.41
cyp,20210113,40.178
cyp,20210114,41.294
cyp,20210115,40.178
cyp,20210116,41.294
cyp,20210117,43.526
cyp,20210118,42.41
cyp,20210119,42.41
cyp,20210120,41.294
cyp,20210121,41.294
cyp,20210122,39.062
cyp,20210123,39.062
cyp,20210124,39.062
cyp,20210125,40.178
cyp,20210126,39.062
cyp,20210127,40.178
cyp,20210128,39.062
cyp,20210129,39.062
cyp,20210130,39.062
cyp,20210131,35.714
cyp,20210201,33.482
cyp,20210202,31.25
cyp,20210203,30.134
cyp,20210204,24.553
cyp,20210205,25.669
cyp,20210206,25.669
cyp,20210207,26.786
cyp,20210208,26.786
cyp,20210209,25.669
cyp,20210210,23.437
cyp,20210211,26.786
cyp,20210212,24.553
cyp,20210213,24.553
cyp,20210214,23.437
cyp,20210215,22.321
cyp,20210216,16.741
cyp,20210217,16.741
cyp,20210218,17.857
cyp,20210219,18.973
cyp,20210220,16.741
cyp,20210221,18.973
cyp,20210222,20.089
cyp,20210223,17.857
cyp,20210224,17.857
cyp,20210225,14.509
cyp,20210226,14.509
cyp,20210227,13.393
cyp,20210228,15.625
cyp,20210301,15.625
cyp,20210302,13.393
cyp,20210303,14.509
cyp,20210304,14.509
cyp,20210305,15.625
cyp,20210306,15.625
cyp,20210307,15.625
cyp,20210308,16.741
cyp,20210309,21.205
cyp,20210310,20.089
cyp,20210311,22.321
cyp,20210312,25.669
cyp,20210313,23.437
cyp,20210314,26.786
cyp,20210315,26.786
cyp,20210316,25.669
cyp,20210317,27.902
cyp,20210318,25.669
cyp,20210319,23.437
cyp,20210320,25.669
cyp,20210321,24.553
cyp,20210322,27.902
cyp,20210323,31.25
cyp,20210324,30.134
cyp,20210325,32.366
cyp,20210326,34.598
cyp,20210327,33.482
cyp,20210328,33.482
cyp,20210329,30.134
cyp,20210330,27.902
cyp,20210331,29.018
cyp,20210401,30.134
cyp,20210402,29.018
cyp,20210403,29.018
cyp,20210404,31.25
cyp,20210405,31.25
cyp,20210406,31.25
cyp,20210407,29.018
cyp,20210408,34.598
cyp,20210409,34.598
cyp,20210410,35.714
cyp,20210411,36.83
cyp,20210412,36.83
cyp,20210413,42.41
cyp,20210414,41.294
cyp,20210415,43.526
cyp,20210416,41.294
cyp,20210417,41.294
cyp,20210418,40.178
cyp,20210419,39.062
cyp,20210420,41.294
cyp,20210421,43.526
cyp,20210422,42.41
cyp,20210423,40.178
cyp,20210424,40.178
cyp,20210425,42.41
cyp,20210426,43.526
cyp,20210427,42.41
cyp,20210428,43.526
cyp,20210429,43.526
cyp,20210430,40.178
cyp,20210501,41.294
cyp,20210502,41.294
cyp,20210503,36.83
cyp,20210504,35.714
cyp,20210505,35.714
cyp,20210506,36.83
cyp,20210507,35.714
cyp,20210508,37.946
cyp,20210509,39.062
cyp,20210510,37.946
cyp,20210511,40.178
cyp,20210512,39.062
cyp,20210513,37.946
cyp,20210514,31.25
cyp,20210515,34.598
cyp,20210516,34.598
cyp,20210517,35.714
cyp,20210518,36.83
cyp,20210519,36.83
cyp,20210520,34.598
cyp,20210521,35.714
cyp,20210522,33.482
cyp,20210523,33.482
cyp,20210524,35.714
cyp,20210525,32.366
cyp,20210526,30.134
cyp,20210527,26.786
cyp,20210528,25.669
cyp,20210529,25.669
cyp,20210530,25.669
cyp,20210531,24.553
cyp,20210601,21.205
cyp,20210602,17.857
cyp,20210603,16.741
cyp,20210604,14.509
cyp,20210605,13.393
cyp,20210606,14.509
cyp,20210607,13.393
cyp,20210608,12.277
cyp,20210609,11.161
cyp,20210610,12.277
cyp,20210611,10.045
cyp,20210612,8.929
cyp,20210613,8.929
cyp,20210614,8.929
cyp,20210615,8.929
cyp,20210616,8.929
cyp,20210617,10.045
cyp,20210618,12.277
cyp,20210619,11.161
cyp,20210620,11.161
cyp,20210621,12.277
cyp,20210622,12.277
cyp,20210623,12.277
cyp,20210624,12.277
cyp,20210625,12.277
cyp,20210626,12.277
cyp,20210627,11.161
cyp,20210628,10.045
cyp,20210629,10.045
cyp,20210630,10.045
cyp,20210701,10.045
cyp,20210702,11.161
cyp,20210703,11.161
cyp,20210704,14.509
cyp,20210705,14.509
cyp,20210706,13.393
cyp,20210707,13.393
cyp,20210708,12.277
cyp,20210709,14.509
cyp,20210710,15.625
cyp,20210711,15.625
cyp,20210712,18.973
cyp,20210713,21.205
cyp,20210714,20.089
cyp,20210715,21.205
cyp,20210716,21.205
cyp,20210717,22.321
cyp,20210718,23.437
cyp,20210719,24.553
cyp,20210720,25.669
cyp,20210721,29.018
cyp,20210722,32.366
cyp,20210723,32.366
cyp,20210724,34.598
cyp,20210725,37.946
cyp,20210726,36.83
cyp,20210727,42.41
cyp,20210728,46.875
cyp,20210729,45.759
cyp,20210730,42.41
cyp,20210731,45.759
cyp,20210801,50.223
cyp,20210802,47.991
cyp,20210803,54.687
cyp,20210804,54.687
cyp,20210805,55.803
cyp,20210806,56.919
cyp,20210807,58.035
cyp,20210808,63.616
cyp,20210809,58.035
cyp,20210810,58.035
cyp,20210811,61.383
cyp,20210812,61.383
cyp,20210813,58.035
cyp,20210814,56.919
cyp,20210815,54.687
cyp,20210816,52.455
cyp,20210817,58.035
cyp,20210818,58.035
cyp,20210819,55.803
cyp,20210820,54.687
cyp,20210821,47.991
cyp,20210822,49.107
cyp,20210823,49.107
cyp,20210824,46.875
cyp,20210825,45.759
cyp,20210826,42.41
cyp,20210827,33.482
cyp,20210828,31.25
cyp,20210829,30.134
cyp,20210830,26.786
cyp,20210831,27.902
cyp,20210901,25.669
cyp,20210902,25.669
cyp,20210903,24.553
cyp,20210904,25.669
cyp,20210905,22.321
cyp,20210906,24.553
cyp,20210907,23.437
cyp,20210908,21.205
cyp,20210909,20.089
cyp,20210910,21.205
cyp,20210911,20.089
cyp,20210912,22.321
cyp,20210913,22.321
cyp,20210914,22.321
cyp,20210915,23.437
cyp,20210916,20.089
cyp,20210917,18.973
cyp,20210918,20.089
cyp,20210919,18.973
cyp,20210920,18.973
cyp,20210921,20.089
cyp,20210922,18.973
cyp,20210923,17.857
cyp,20210924,17.857
cyp,20210925,16.741
cyp,20210926,17.857
cyp,20210927,17.857
cyp,20210928,18.973
cyp,20210929,18.973
cyp,20210930,18.973
cyp,20211001,16.741
cyp,20211002,18.973
cyp,20211003,15.625
cyp,20211004,15.625
cyp,20211005,15.625
cyp,20211006,15.625
cyp,20211007,14.509
cyp,20211008,14.509
cyp,20211009,13.393
cyp,20211010,13.393
cyp,20211011,12.277
cyp,20211012,12.277
cyp,20211013,12.277
cyp,20211014,11.161
cyp,20211015,11.161
cyp,20211016,11.161
cyp,20211017,11.161
cyp,20211018,11.161
cyp,20211019,13.393
cyp,20211020,13.393
cyp,20211021,12.277
cyp,20211022,11.161
cyp,20211023,12.277
cyp,20211024,11.161
cyp,20211025,10.045
cyp,20211026,11.161
cyp,20211027,12.277
cyp,20211028,11.161
cyp,20211029,11.161
cyp,20211030,10.045
cyp,20211031,8.929
cyp,20211101,10.045
cyp,20211102,8.929
cyp,20211103,8.929
cyp,20211104,10.045
cyp,20211105,11.161
cyp,20211106,8.929
cyp,20211107,10.045
cyp,20211108,10.045
cyp,20211109,8.929
cyp,20211110,10.045
cyp,20211111,13.393
cyp,20211112,12.277
cyp,20211113,13.393
cyp,20211114,14.509
cyp,20211115,15.625
cyp,20211116,18.973
cyp,20211117,18.973
cyp,20211118,17.857
cyp,20211119,18.973
cyp,20211120,18.973
cyp,20211121,20.089
cyp,20211122,18.973
cyp,20211123,21.205
cyp,20211124,21.205
cyp,20211125,21.205
cyp,20211126,20.089
cyp,20211127,20.089
cyp,20211128,20.089
cyp,20211129,23.437
cyp,20211130,23.437
cyp,20211201,23.437
cyp,20211202,23.437
cyp,20211203,24.553
cyp,20211204,21.205
cyp,20211205,20.089
cyp,20211206,21.205
cyp,20211207,25.669
cyp,20211208,22.321
cyp,20211209,21.205
cyp,20211210,23.437
cyp,20211211,24.553
cyp,20211212,23.437
cyp,20211213,21.205
cyp,20211214,24.553
cyp,20211215,24.553
cyp,20211216,24.553
cyp,20211217,23.437
cyp,20211218,23.437
cyp,20211219,26.786
cyp,20211220,26.786
cyp,20211221,31.25
cyp,20211222,31.25
cyp,20211223,32.366
cyp,20211224,31.25
cyp,20211225,31.25
cyp,20211226,34.598
cyp,20211227,34.598
cyp,20211228,39.062
cyp,20211229,36.83
cyp,20211230,43.526
cyp,20211231,37.946
cyp,20220101,40.178
cyp,20220102,42.41
cyp,20220103,40.178
cyp,20220104,40.178
cyp,20220105,34.598
cyp,20220106,34.598
cyp,20220107,36.83
cyp,20220108,36.83
cyp,20220109,35.714
cyp,20220110,36.83
cyp,20220111,32.366
cyp,20220112,35.714
cyp,20220113,36.83
cyp,20220114,35.714
cyp,20220115,35.714
cyp,20220116,41.294
cyp,20220117,44.643
cyp,20220118,46.875
cyp,20220119,44.643
cyp,20220120,41.294
cyp,20220121,42.41
cyp,20220122,34.598
cyp,20220123,34.598
cyp,20220124,37.946
cyp,20220125,35.714
cyp,20220126,42.41
cyp,20220127,42.41
cyp,20220128,36.83
cyp,20220129,35.714
cyp,20220130,44.643
cyp,20220131,39.062
cyp,20220201,36.83
cyp,20220202,37.946
cyp,20220203,39.062
cyp,20220204,36.83
cyp,20220205,36.83
cyp,20220206,36.83
cyp,20220207,35.714
cyp,20220208,24.553
cyp,20220209,23.437
cyp,20220210,20.089
cyp,20220211,12.277
cyp,20220212,10.045
cyp,20220213,12.277
cyp,20220214,14.509
cyp,20220215,14.509
cyp,20220216,15.625
cyp,20220217,13.393
cyp,20220218,14.509
cyp,20220219,14.509
cyp,20220220,14.509
cyp,20220221,14.509
cyp,20220222,12.277
cyp,20220223,14.509
cyp,20220224,17.857
cyp,20220225,16.741
cyp,20220226,14.509
cyp,20220227,15.625
cyp,20220228,16.741
cyp,20220301,15.625
cyp,20220302,14.509
cyp,20220303,16.741
cyp,20220304,14.509
cyp,20220305,14.509
cyp,20220306,15.625
cyp,20220307,12.277
cyp,20220308,11.161
cyp,20220309,11.161
cyp,20220310,8.929
cyp,20220311,7.812
cyp,20220312,5.58
cyp,20220313,5.58
cyp,20220314,8.929
cyp,20220315,6.696
cyp,20220316,6.696
cyp,20220317,8.929
cyp,20220318,8.929
cyp,20220319,7.812
cyp,20220320,8.929
cyp,20220321,7.812
cyp,20220322,7.812
cyp,20220323,7.812
cyp,20220324,7.812
cyp,20220325,6.696
cyp,20220326,6.696
cyp,20220327,3.348
cyp,20220328,5.58
cyp,20220329,5.58
cyp,20220330,6.696
cyp,20220331,7.812
cyp,20220401,7.812
cyp,20220402,11.161
cyp,20220403,10.045
cyp,20220404,10.045
cyp,20220405,11.161
cyp,20220406,10.045
cyp,20220407,7.812
cyp,20220408,7.812
cyp,20220409,8.929
cyp,20220410,10.045
cyp,20220411,10.045
cyp,20220412,10.045
cyp,20220413,12.277
cyp,20220414,10.045
cyp,20220421,11.161
cyp,20220428,11.161
cyp,20220505,7.812
cyp,20220512,2.232
cyp,20220519,4.464
cyp,20220526,5.58
cyp,20220602,1.116
cyp,20220609,2.232
cyp,20220616,1.116
cyp,20220623,1.116
cyp,20220630,1.116
cyp,20220707,1.116
cyp,20220714,4.464
cyp,20220721,6.696
cyp,20220728,4.464
cyp,20220804,7.812
cyp,20220811,6.696
cyp,20220818,7.812
cyp,20220825,5.58
cyp,20220901,4.464
cyp,20220908,2.232
cze,20200316,0.285
cze,20200317,0.666
cze,20200318,0.856
cze,20200319,0.951
cze,20200320,1.522
cze,20200321,1.713
cze,20200322,2.569
cze,20200323,2.949
cze,20200324,3.901
cze,20200325,5.138
cze,20200326,4.852
cze,20200327,5.613
cze,20200328,5.994
cze,20200329,5.804
cze,20200330,6.945
cze,20200331,7.802
cze,20200401,8.372
cze,20200402,8.277
cze,20200403,8.943
cze,20200404,8.563
cze,20200405,8.658
cze,20200406,9.134
cze,20200407,9.704
cze,20200408,9.134
cze,20200409,8.943
cze,20200410,8.563
cze,20200411,8.943
cze,20200412,9.419
cze,20200413,8.848
cze,20200414,7.897
cze,20200415,7.516
cze,20200416,8.277
cze,20200417,8.182
cze,20200418,7.706
cze,20200419,7.992
cze,20200420,8.182
cze,20200421,7.802
cze,20200422,7.421
cze,20200423,7.136
cze,20200424,6.945
cze,20200425,6.565
cze,20200426,6.374
cze,20200427,6.47
cze,20200428,5.804
cze,20200429,5.708
cze,20200430,4.947
cze,20200501,4.376
cze,20200502,4.472
cze,20200503,4.281
cze,20200504,4.472
cze,20200505,3.52
cze,20200506,3.33
cze,20200507,3.425
cze,20200508,3.806
cze,20200509,3.235
cze,20200510,3.235
cze,20200511,3.33
cze,20200512,3.045
cze,20200513,2.759
cze,20200514,2.759
cze,20200515,2.759
cze,20200516,2.664
cze,20200517,2.664
cze,20200518,2.759
cze,20200519,2.474
cze,20200520,2.379
cze,20200521,2.188
cze,20200522,1.617
cze,20200523,1.713
cze,20200524,1.808
cze,20200525,1.713
cze,20200526,1.522
cze,20200527,1.522
cze,20200528,1.237
cze,20200529,1.142
cze,20200530,1.142
cze,20200531,1.047
cze,20200601,1.047
cze,20200602,0.856
cze,20200603,0.761
cze,20200604,0.761
cze,20200605,0.571
cze,20200606,0.761
cze,20200607,0.856
cze,20200608,0.856
cze,20200609,1.047
cze,20200610,1.142
cze,20200611,0.951
cze,20200612,1.047
cze,20200613,0.951
cze,20200614,1.047
cze,20200615,0.761
cze,20200616,0.381
cze,20200617,0.571
cze,20200618,0.761
cze,20200619,0.666
cze,20200620,0.666
cze,20200621,0.856
cze,20200622,0.856
cze,20200623,0.571
cze,20200624,0.666
cze,20200625,0.856
cze,20200626,0.761
cze,20200627,0.856
cze,20200628,0.951
cze,20200629,0.951
cze,20200630,0.761
cze,20200701,0.951
cze,20200702,0.951
cze,20200703,1.047
cze,20200704,1.047
cze,20200705,1.237
cze,20200706,1.047
cze,20200707,1.237
cze,20200708,1.332
cze,20200709,1.427
cze,20200710,1.427
cze,20200711,1.237
cze,20200712,1.332
cze,20200713,1.332
cze,20200714,1.237
cze,20200715,1.142
cze,20200716,1.332
cze,20200717,1.237
cze,20200718,1.142
cze,20200719,1.332
cze,20200720,1.332
cze,20200721,1.237
cze,20200722,1.142
cze,20200723,1.332
cze,20200724,1.427
cze,20200725,1.332
cze,20200726,1.332
cze,20200727,1.522
cze,20200728,1.522
cze,20200729,1.713
cze,20200730,1.713
cze,20200731,1.617
cze,20200801,1.427
cze,20200802,1.427
cze,20200803,1.332
cze,20200804,1.332
cze,20200805,1.427
cze,20200806,1.427
cze,20200807,1.617
cze,20200808,1.142
cze,20200809,1.903
cze,20200810,2.093
cze,20200811,1.998
cze,20200812,2.093
cze,20200813,2.188
cze,20200814,2.093
cze,20200815,1.998
cze,20200816,1.998
cze,20200817,2.093
cze,20200818,2.379
cze,20200819,2.569
cze,20200820,2.474
cze,20200821,2.283
cze,20200822,2.474
cze,20200823,2.759
cze,20200824,3.14
cze,20200825,2.759
cze,20200826,2.949
cze,20200827,3.235
cze,20200828,3.52
cze,20200829,3.52
cze,20200830,3.71
cze,20200831,3.806
cze,20200901,4.281
cze,20200902,4.662
cze,20200903,4.376
cze,20200904,4.852
cze,20200905,4.662
cze,20200906,4.947
cze,20200907,5.042
cze,20200908,4.757
cze,20200909,5.233
cze,20200910,5.518
cze,20200911,5.899
cze,20200912,5.423
cze,20200913,5.994
cze,20200914,6.66
cze,20200915,6.66
cze,20200916,7.04
cze,20200917,7.706
cze,20200918,9.324
cze,20200919,10.656
cze,20200920,11.607
cze,20200921,13.7
cze,20200922,13.034
cze,20200923,13.986
cze,20200924,14.937
cze,20200925,15.032
cze,20200926,15.508
cze,20200927,16.935
cze,20200928,18.172
cze,20200929,18.743
cze,20200930,18.648
cze,20201001,20.836
cze,20201002,21.407
cze,20201003,24.166
cze,20201004,25.498
cze,20201005,26.83
cze,20201006,30.064
cze,20201007,32.919
cze,20201008,34.06
cze,20201009,37.01
cze,20201010,39.959
cze,20201011,39.103
cze,20201012,41.386
cze,20201013,43.004
cze,20201014,45.477
cze,20201015,48.902
cze,20201016,52.803
cze,20201017,54.516
cze,20201018,56.894
cze,20201019,59.178
cze,20201020,61.08
cze,20201021,66.979
cze,20201022,71.451
cze,20201023,72.497
cze,20201024,72.307
cze,20201025,76.303
cze,20201026,84.104
cze,20201027,83.343
cze,20201028,84.485
cze,20201029,94.665
cze,20201030,97.995
cze,20201031,101.705
cze,20201101,106.367
cze,20201102,109.792
cze,20201103,112.266
cze,20201104,110.934
cze,20201105,111.885
cze,20201106,115.311
cze,20201107,110.078
cze,20201108,111.029
cze,20201109,112.361
cze,20201110,111.219
cze,20201111,105.606
cze,20201112,105.13
cze,20201113,104.75
cze,20201114,101.61
cze,20201115,99.422
cze,20201116,98.946
cze,20201117,94.76
cze,20201118,95.807
cze,20201119,92.667
cze,20201120,91.335
cze,20201121,89.813
cze,20201122,91.145
cze,20201123,90.384
cze,20201124,83.819
cze,20201125,81.44
cze,20201126,80.204
cze,20201127,76.113
cze,20201128,74.21
cze,20201129,72.783
cze,20201130,75.256
cze,20201201,69.738
cze,20201202,68.216
cze,20201203,68.311
cze,20201204,68.026
cze,20201205,65.837
cze,20201206,64.696
cze,20201207,67.93
cze,20201208,66.694
cze,20201209,65.267
cze,20201210,67.74
cze,20201211,66.789
cze,20201212,66.218
cze,20201213,67.55
cze,20201214,69.262
cze,20201215,68.977
cze,20201216,69.928
cze,20201217,68.977
cze,20201218,69.358
cze,20201219,70.975
cze,20201220,71.831
cze,20201221,72.783
cze,20201222,73.258
cze,20201223,74.21
cze,20201224,71.26
cze,20201225,73.163
cze,20201226,76.683
cze,20201227,80.489
cze,20201228,86.102
cze,20201229,89.337
cze,20201230,90.764
cze,20201231,92.477
cze,20210101,90.384
cze,20210102,91.335
cze,20210103,95.712
cze,20210104,103.798
cze,20210105,105.987
cze,20210106,109.697
cze,20210107,109.412
cze,20210108,108.746
cze,20210109,109.317
cze,20210110,111.981
cze,20210111,113.217
cze,20210112,112.076
cze,20210113,111.695
cze,20210114,112.742
cze,20210115,111.79
cze,20210116,110.934
cze,20210117,108.27
cze,20210118,110.553
cze,20210119,108.746
cze,20210120,106.367
cze,20210121,105.701
cze,20210122,105.987
cze,20210123,104.084
cze,20210124,100.754
cze,20210125,103.133
cze,20210126,99.612
cze,20210127,98.851
cze,20210128,96.853
cze,20210129,97.044
cze,20210130,97.234
cze,20210131,98.946
cze,20210201,102.562
cze,20210202,103.703
cze,20210203,102.371
cze,20210204,104.845
cze,20210205,103.418
cze,20210206,101.801
cze,20210207,104.464
cze,20210208,105.321
cze,20210209,104.084
cze,20210210,105.606
cze,20210211,106.177
cze,20210212,105.987
cze,20210213,105.321
cze,20210214,109.126
cze,20210215,111.695
cze,20210216,115.786
cze,20210217,118.45
cze,20210218,120.829
cze,20210219,121.114
cze,20210220,120.829
cze,20210221,122.351
cze,20210222,129.772
cze,20210223,132.341
cze,20210224,134.148
cze,20210225,139.286
cze,20210226,137.003
cze,20210227,139.952
cze,20210228,143.472
cze,20210301,151.083
cze,20210302,152.035
cze,20210303,154.889
cze,20210304,157.648
cze,20210305,159.266
cze,20210306,159.456
cze,20210307,159.931
cze,20210308,169.065
cze,20210309,171.634
cze,20210310,174.298
cze,20210311,173.346
cze,20210312,174.393
cze,20210313,169.636
cze,20210314,174.012
cze,20210315,179.435
cze,20210316,180.387
cze,20210317,177.057
cze,20210318,176.867
cze,20210319,173.061
cze,20210320,169.446
cze,20210321,171.729
cze,20210322,173.537
cze,20210323,168.78
cze,20210324,165.83
cze,20210325,165.735
cze,20210326,159.551
cze,20210327,156.411
cze,20210328,157.458
cze,20210329,158.409
cze,20210330,153.462
cze,20210331,147.753
cze,20210401,143.282
cze,20210402,135.385
cze,20210403,133.007
cze,20210404,131.199
cze,20210405,128.155
cze,20210406,132.721
cze,20210407,129.296
cze,20210408,125.11
cze,20210409,117.499
cze,20210410,115.501
cze,20210411,113.788
cze,20210412,112.647
cze,20210413,109.697
cze,20210414,105.606
cze,20210415,98.471
cze,20210416,96.282
cze,20210417,92.762
cze,20210418,92.762
cze,20210419,94.38
cze,20210420,89.623
cze,20210421,86.388
cze,20210422,79.823
cze,20210423,75.351
cze,20210424,71.831
cze,20210425,72.592
cze,20210426,70.499
cze,20210427,68.121
cze,20210428,65.552
cze,20210429,60.89
cze,20210430,55.182
cze,20210501,52.803
cze,20210502,53.184
cze,20210503,53.659
cze,20210504,51.852
cze,20210505,47.856
cze,20210506,44.145
cze,20210507,41.767
cze,20210508,39.198
cze,20210509,39.579
cze,20210510,40.34
cze,20210511,38.151
cze,20210512,36.058
cze,20210513,35.107
cze,20210514,32.633
cze,20210515,29.398
cze,20210516,29.113
cze,20210517,28.257
cze,20210518,26.544
cze,20210519,23.88
cze,20210520,20.931
cze,20210521,18.457
cze,20210522,18.172
cze,20210523,17.982
cze,20210524,17.601
cze,20210525,15.603
cze,20210526,14.842
cze,20210527,13.986
cze,20210528,12.083
cze,20210529,10.751
cze,20210530,10.751
cze,20210531,11.227
cze,20210601,9.324
cze,20210602,8.658
cze,20210603,8.182
cze,20210604,6.85
cze,20210605,5.708
cze,20210606,5.804
cze,20210607,5.518
cze,20210608,5.613
cze,20210609,5.328
cze,20210610,5.042
cze,20210611,3.615
cze,20210612,3.615
cze,20210613,3.33
cze,20210614,3.52
cze,20210615,2.569
cze,20210616,2.379
cze,20210617,2.283
cze,20210618,2.093
cze,20210619,1.713
cze,20210620,1.903
cze,20210621,1.713
cze,20210622,1.617
cze,20210623,1.332
cze,20210624,1.522
cze,20210625,1.522
cze,20210626,1.237
cze,20210627,1.142
cze,20210628,1.332
cze,20210629,1.427
cze,20210630,1.237
cze,20210701,1.332
cze,20210702,0.666
cze,20210703,0.571
cze,20210704,0.666
cze,20210705,1.047
cze,20210706,1.047
cze,20210707,1.142
cze,20210708,1.047
cze,20210709,0.761
cze,20210710,0.666
cze,20210711,0.761
cze,20210712,0.856
cze,20210713,0.761
cze,20210714,0.951
cze,20210715,0.951
cze,20210716,0.951
cze,20210717,0.856
cze,20210718,0.951
cze,20210719,0.951
cze,20210720,0.571
cze,20210721,0.856
cze,20210722,1.332
cze,20210723,1.142
cze,20210724,0.856
cze,20210725,0.951
cze,20210726,0.856
cze,20210727,0.951
cze,20210728,1.047
cze,20210729,1.332
cze,20210730,1.522
cze,20210731,1.617
cze,20210801,1.522
cze,20210802,1.427
cze,20210803,1.617
cze,20210804,1.713
cze,20210805,1.617
cze,20210806,1.427
cze,20210807,1.237
cze,20210808,1.522
cze,20210809,1.713
cze,20210810,1.713
cze,20210811,1.903
cze,20210812,1.903
cze,20210813,1.713
cze,20210814,1.808
cze,20210815,1.522
cze,20210816,1.713
cze,20210817,1.713
cze,20210818,1.808
cze,20210819,1.903
cze,20210820,1.713
cze,20210821,1.522
cze,20210822,1.617
cze,20210823,1.808
cze,20210824,1.522
cze,20210825,1.713
cze,20210826,1.522
cze,20210827,1.332
cze,20210828,1.237
cze,20210829,0.856
cze,20210830,0.951
cze,20210831,0.951
cze,20210901,1.142
cze,20210902,1.332
cze,20210903,1.332
cze,20210904,1.522
cze,20210905,1.522
cze,20210906,2.188
cze,20210907,2.474
cze,20210908,2.283
cze,20210909,2.093
cze,20210910,2.283
cze,20210911,2.569
cze,20210912,2.949
cze,20210913,3.33
cze,20210914,3.901
cze,20210915,3.615
cze,20210916,4.091
cze,20210917,4.376
cze,20210918,4.091
cze,20210919,3.806
cze,20210920,3.996
cze,20210921,3.806
cze,20210922,3.615
cze,20210923,3.615
cze,20210924,3.996
cze,20210925,4.376
cze,20210926,4.281
cze,20210927,4.662
cze,20210928,5.042
cze,20210929,4.852
cze,20210930,4.757
cze,20211001,4.281
cze,20211002,4.186
cze,20211003,4.947
cze,20211004,5.518
cze,20211005,6.85
cze,20211006,8.182
cze,20211007,7.136
cze,20211008,7.421
cze,20211009,7.326
cze,20211010,7.326
cze,20211011,9.419
cze,20211012,10.751
cze,20211013,10.846
cze,20211014,11.036
cze,20211015,10.941
cze,20211016,10.656
cze,20211017,11.036
cze,20211018,12.654
cze,20211019,13.891
cze,20211020,13.129
cze,20211021,13.51
cze,20211022,14.557
cze,20211023,14.366
cze,20211024,15.508
cze,20211025,16.269
cze,20211026,18.457
cze,20211027,20.55
cze,20211028,19.98
cze,20211029,22.263
cze,20211030,22.643
cze,20211031,25.307
cze,20211101,29.494
cze,20211102,30.16
cze,20211103,32.728
cze,20211104,32.728
cze,20211105,36.439
cze,20211106,36.915
cze,20211107,40.245
cze,20211108,44.716
cze,20211109,46.238
cze,20211110,48.522
cze,20211111,49.283
cze,20211112,50.044
cze,20211113,53.279
cze,20211114,57.084
cze,20211115,61.08
cze,20211116,62.032
cze,20211117,65.837
cze,20211118,68.216
cze,20211119,70.88
cze,20211120,71.641
cze,20211121,74.4
cze,20211122,77.825
cze,20211123,81.726
cze,20211124,82.772
cze,20211125,85.151
cze,20211126,86.768
cze,20211127,88.291
cze,20211128,89.432
cze,20211129,93.714
cze,20211130,94.094
cze,20211201,93.428
cze,20211202,92.667
cze,20211203,92.096
cze,20211204,89.242
cze,20211205,91.811
cze,20211206,93.904
cze,20211207,94.57
cze,20211208,94.57
cze,20211209,95.521
cze,20211210,92.762
cze,20211211,90.859
cze,20211212,92.382
cze,20211213,94.189
cze,20211214,91.716
cze,20211215,88.481
cze,20211216,83.629
cze,20211217,81.726
cze,20211218,76.303
cze,20211219,76.874
cze,20211220,82.392
cze,20211221,81.345
cze,20211222,77.064
cze,20211223,72.783
cze,20211224,66.313
cze,20211225,64.981
cze,20211226,66.503
cze,20211227,69.167
cze,20211228,67.264
cze,20211229,65.647
cze,20211230,61.271
cze,20211231,58.702
cze,20220101,56.704
cze,20220102,55.752
cze,20220103,54.706
cze,20220104,53.374
cze,20220105,50.71
cze,20220106,50.995
cze,20220107,47.951
cze,20220108,46.334
cze,20220109,45.002
cze,20220110,46.714
cze,20220111,43.67
cze,20220112,39.483
cze,20220113,36.724
cze,20220114,33.965
cze,20220115,32.158
cze,20220116,31.682
cze,20220117,31.872
cze,20220118,29.208
cze,20220119,28.067
cze,20220120,25.878
cze,20220121,24.832
cze,20220122,26.164
cze,20220123,25.688
cze,20220124,25.593
cze,20220125,25.878
cze,20220126,24.641
cze,20220127,25.878
cze,20220128,26.449
cze,20220129,26.259
cze,20220130,28.447
cze,20220131,29.874
cze,20220201,30.826
cze,20220202,31.682
cze,20220203,29.018
cze,20220204,29.208
cze,20220205,31.492
cze,20220206,33.014
cze,20220207,33.965
cze,20220208,34.156
cze,20220209,36.439
cze,20220210,36.153
cze,20220211,37.39
cze,20220212,35.678
cze,20220213,35.868
cze,20220214,37.961
cze,20220215,39.579
cze,20220216,37.866
cze,20220217,36.153
cze,20220218,34.631
cze,20220219,33.775
cze,20220220,34.821
cze,20220221,36.439
cze,20220222,34.917
cze,20220223,35.678
cze,20220224,35.297
cze,20220225,31.492
cze,20220226,30.35
cze,20220227,31.301
cze,20220228,30.635
cze,20220301,29.494
cze,20220302,27.21
cze,20220303,24.641
cze,20220304,23.024
cze,20220305,22.739
cze,20220306,22.739
cze,20220307,22.548
cze,20220308,21.026
cze,20220309,19.504
cze,20220310,18.743
cze,20220311,17.982
cze,20220312,17.125
cze,20220313,18.743
cze,20220314,19.028
cze,20220315,18.648
cze,20220316,18.552
cze,20220317,19.123
cze,20220318,17.982
cze,20220319,16.935
cze,20220320,18.172
cze,20220321,20.455
cze,20220322,19.314
cze,20220323,18.838
cze,20220324,19.409
cze,20220325,18.838
cze,20220326,18.362
cze,20220327,17.506
cze,20220328,18.743
cze,20220329,18.457
cze,20220330,17.316
cze,20220331,16.459
cze,20220401,16.079
cze,20220402,15.318
cze,20220403,15.603
cze,20220404,15.603
cze,20220405,15.888
cze,20220406,15.698
cze,20220407,14.842
cze,20220408,13.986
cze,20220409,12.083
cze,20220410,11.893
cze,20220411,12.654
cze,20220412,12.178
cze,20220413,12.654
cze,20220414,11.988
cze,20220415,10.085
cze,20220416,10.085
cze,20220417,10.18
cze,20220418,10.085
cze,20220419,10.085
cze,20220420,9.514
cze,20220421,9.419
cze,20220422,8.277
cze,20220423,7.421
cze,20220424,7.421
cze,20220425,7.326
cze,20220426,7.136
cze,20220427,5.899
cze,20220428,5.233
cze,20220429,5.042
cze,20220430,5.423
cze,20220501,5.328
cze,20220502,5.042
cze,20220503,5.328
cze,20220504,4.662
cze,20220505,4.186
cze,20220506,3.806
cze,20220507,3.806
cze,20220508,3.806
cze,20220509,3.996
cze,20220510,3.806
cze,20220511,3.425
cze,20220512,3.235
cze,20220513,2.474
cze,20220514,2.379
cze,20220515,2.379
cze,20220516,2.283
cze,20220517,1.998
cze,20220518,1.617
cze,20220519,1.522
cze,20220520,1.808
cze,20220521,1.713
cze,20220522,1.903
cze,20220523,2.379
cze,20220524,2.569
cze,20220525,2.188
cze,20220526,1.522
cze,20220527,1.713
cze,20220528,1.713
cze,20220529,1.713
cze,20220530,2.093
cze,20220531,2.188
cze,20220601,2.188
cze,20220602,1.808
cze,20220603,1.713
cze,20220604,1.522
cze,20220605,1.522
cze,20220606,1.522
cze,20220607,1.522
cze,20220608,1.237
cze,20220609,1.142
cze,20220610,0.856
cze,20220611,1.047
cze,20220612,0.856
cze,20220613,0.951
cze,20220614,0.856
cze,20220615,0.761
cze,20220616,0.951
cze,20220617,0.666
cze,20220618,0.476
cze,20220619,0.476
cze,20220620,0.285
cze,20220621,0.571
cze,20220622,0.666
cze,20220623,0.666
cze,20220624,0.761
cze,20220625,0.666
cze,20220626,0.666
cze,20220627,0.951
cze,20220628,0.666
cze,20220629,1.047
cze,20220630,0.951
cze,20220701,1.047
cze,20220702,1.237
cze,20220703,1.522
cze,20220704,1.903
cze,20220705,1.998
cze,20220706,2.093
cze,20220707,2.759
cze,20220708,2.664
cze,20220709,2.664
cze,20220710,2.759
cze,20220711,2.664
cze,20220712,3.14
cze,20220713,3.045
cze,20220714,3.235
cze,20220715,3.806
cze,20220716,3.901
cze,20220717,3.996
cze,20220718,4.186
cze,20220719,4.567
cze,20220720,5.233
cze,20220721,5.804
cze,20220722,6.47
cze,20220723,6.66
cze,20220724,7.611
cze,20220725,8.277
cze,20220726,8.563
cze,20220727,8.087
cze,20220728,7.516
cze,20220729,7.421
cze,20220730,7.326
cze,20220731,8.468
cze,20220801,9.134
cze,20220802,8.372
cze,20220803,8.658
cze,20220804,7.706
cze,20220805,7.421
cze,20220806,7.421
cze,20220807,7.992
cze,20220808,7.611
cze,20220809,7.326
cze,20220810,6.755
cze,20220811,6.85
cze,20220812,6.565
cze,20220813,6.47
cze,20220814,6.47
cze,20220815,7.04
cze,20220816,6.565
cze,20220817,6.279
cze,20220818,5.804
cze,20220819,6.279
cze,20220820,5.804
cze,20220821,6.184
cze,20220822,6.66
cze,20220823,6.089
cze,20220824,5.899
cze,20220825,5.518
cze,20220826,5.138
cze,20220827,4.947
cze,20220828,5.328
cze,20220829,5.613
cze,20220830,4.662
cze,20220831,4.852
cze,20220901,4.567
cze,20220902,4.947
cze,20220903,4.852
cze,20220904,4.662
cze,20220905,5.423
cze,20220906,5.518
cze,20220907,5.804
cze,20220908,6.184
cze,20220909,5.708
cze,20220910,5.042
cze,20220911,5.233
cze,20220912,5.328
cze,20220913,6.089
cze,20220914,5.138
cze,20220915,5.042
cze,20220916,4.472
deu,20200320,2.398
deu,20200321,3.693
deu,20200322,4.364
deu,20200323,5.407
deu,20200324,7.385
deu,20200325,9.459
deu,20200326,9.879
deu,20200327,10.85
deu,20200328,12.001
deu,20200329,12.744
deu,20200330,14.423
deu,20200331,18.595
deu,20200401,21.401
deu,20200402,25.213
deu,20200403,28.342
deu,20200404,29.661
deu,20200405,30.345
deu,20200406,30.62
deu,20200407,31.699
deu,20200408,31.903
deu,20200409,32.587
deu,20200410,32.419
deu,20200411,31.855
deu,20200412,31.855
deu,20200413,32.635
deu,20200414,32.671
deu,20200415,32.838
deu,20200416,33.774
deu,20200417,34.565
deu,20200418,35.164
deu,20200419,34.469
deu,20200420,34.829
deu,20200421,34.289
deu,20200422,32.898
deu,20200423,32.706
deu,20200424,31.771
deu,20200425,30.488
deu,20200426,30.321
deu,20200427,29.625
deu,20200428,28.702
deu,20200429,27.731
deu,20200430,26.868
deu,20200501,25.465
deu,20200502,24.602
deu,20200503,24.194
deu,20200504,23.739
deu,20200505,22.851
deu,20200506,21.88
deu,20200507,21.209
deu,20200508,19.926
deu,20200509,19.135
deu,20200510,19.243
deu,20200511,19.063
deu,20200512,17.972
deu,20200513,16.617
deu,20200514,15.802
deu,20200515,14.807
deu,20200516,14.099
deu,20200517,13.524
deu,20200518,13.5
deu,20200519,13.044
deu,20200520,12.241
deu,20200521,11.989
deu,20200522,11.689
deu,20200523,11.162
deu,20200524,10.79
deu,20200525,10.61
deu,20200526,9.783
deu,20200527,9.004
deu,20200528,8.704
deu,20200529,8.692
deu,20200530,8.584
deu,20200531,8.38
deu,20200601,8.368
deu,20200602,8.32
deu,20200603,7.613
deu,20200604,7.194
deu,20200605,7.05
deu,20200606,6.738
deu,20200607,6.798
deu,20200608,6.546
deu,20200609,6.258
deu,20200610,5.851
deu,20200611,5.431
deu,20200612,5.431
deu,20200613,5.299
deu,20200614,5.251
deu,20200615,5.203
deu,20200616,5.059
deu,20200617,4.904
deu,20200618,4.772
deu,20200619,4.52
deu,20200620,4.34
deu,20200621,4.232
deu,20200622,4.412
deu,20200623,4.34
deu,20200624,4.268
deu,20200625,4.328
deu,20200626,4.352
deu,20200627,4.136
deu,20200628,4.052
deu,20200629,3.98
deu,20200630,4.004
deu,20200701,3.92
deu,20200702,3.908
deu,20200703,3.825
deu,20200704,3.873
deu,20200705,3.609
deu,20200706,3.741
deu,20200707,3.561
deu,20200708,3.489
deu,20200709,3.333
deu,20200710,3.345
deu,20200711,3.045
deu,20200712,3.057
deu,20200713,3.165
deu,20200714,3.129
deu,20200715,2.961
deu,20200716,3.045
deu,20200717,2.973
deu,20200718,2.949
deu,20200719,3.033
deu,20200720,2.949
deu,20200721,3.033
deu,20200722,2.985
deu,20200723,2.853
deu,20200724,2.829
deu,20200725,2.973
deu,20200726,3.201
deu,20200727,3.093
deu,20200728,3.057
deu,20200729,3.081
deu,20200730,3.141
deu,20200731,3.129
deu,20200801,3.081
deu,20200802,3.225
deu,20200803,3.201
deu,20200804,3.117
deu,20200805,2.877
deu,20200806,2.841
deu,20200807,2.722
deu,20200808,2.746
deu,20200809,2.805
deu,20200810,2.734
deu,20200811,2.77
deu,20200812,2.65
deu,20200813,2.686
deu,20200814,2.758
deu,20200815,2.734
deu,20200816,2.698
deu,20200817,2.722
deu,20200818,2.638
deu,20200819,2.722
deu,20200820,2.758
deu,20200821,2.841
deu,20200822,2.781
deu,20200823,2.937
deu,20200824,2.937
deu,20200825,2.698
deu,20200826,2.722
deu,20200827,2.877
deu,20200828,2.829
deu,20200829,2.889
deu,20200830,2.925
deu,20200831,2.937
deu,20200901,2.805
deu,20200902,2.722
deu,20200903,2.662
deu,20200904,2.686
deu,20200905,2.662
deu,20200906,2.614
deu,20200907,2.734
deu,20200908,2.758
deu,20200909,2.722
deu,20200910,2.793
deu,20200911,2.638
deu,20200912,2.793
deu,20200913,2.829
deu,20200914,2.841
deu,20200915,2.829
deu,20200916,2.793
deu,20200917,2.853
deu,20200918,2.949
deu,20200919,3.081
deu,20200920,3.213
deu,20200921,3.201
deu,20200922,3.333
deu,20200923,3.513
deu,20200924,3.549
deu,20200925,3.609
deu,20200926,3.741
deu,20200927,3.896
deu,20200928,4.232
deu,20200929,4.22
deu,20200930,4.256
deu,20201001,4.34
deu,20201002,4.472
deu,20201003,4.832
deu,20201004,5.083
deu,20201005,5.347
deu,20201006,5.383
deu,20201007,5.635
deu,20201008,5.839
deu,20201009,6.114
deu,20201010,6.366
deu,20201011,6.534
deu,20201012,7.074
deu,20201013,7.409
deu,20201014,7.217
deu,20201015,7.853
deu,20201016,8.273
deu,20201017,8.764
deu,20201018,9.22
deu,20201019,10.203
deu,20201020,10.538
deu,20201021,11.306
deu,20201022,12.349
deu,20201023,13.44
deu,20201024,14.387
deu,20201025,15.514
deu,20201026,16.305
deu,20201027,17.6
deu,20201028,18.811
deu,20201029,20.334
deu,20201030,22.048
deu,20201031,23.307
deu,20201101,24.71
deu,20201102,26.892
deu,20201103,28.534
deu,20201104,30.524
deu,20201105,31.807
deu,20201106,33.006
deu,20201107,34.037
deu,20201108,34.829
deu,20201109,36.051
deu,20201110,36.663
deu,20201111,37.454
deu,20201112,38.186
deu,20201113,39.54
deu,20201114,39.852
deu,20201115,40.583
deu,20201116,41.183
deu,20201117,42.166
deu,20201118,42.693
deu,20201119,43.077
deu,20201120,43.341
deu,20201121,43.545
deu,20201122,44.468
deu,20201123,44.84
deu,20201124,45.163
deu,20201125,45.295
deu,20201126,45.871
deu,20201127,46.218
deu,20201128,46.614
deu,20201129,46.746
deu,20201130,47.07
deu,20201201,47.01
deu,20201202,47.453
deu,20201203,47.717
deu,20201204,48.089
deu,20201205,48.568
deu,20201206,49.252
deu,20201207,50.127
deu,20201208,51.014
deu,20201209,51.29
deu,20201210,52.021
deu,20201211,53.136
deu,20201212,53.843
deu,20201213,54.587
deu,20201214,56.049
deu,20201215,56.769
deu,20201216,57.956
deu,20201217,58.207
deu,20201218,58.795
deu,20201219,59.239
deu,20201220,60.294
deu,20201221,61.96
deu,20201222,62.548
deu,20201223,62.835
deu,20201224,64.094
deu,20201225,64.514
deu,20201226,66.372
deu,20201227,66.684
deu,20201228,67.139
deu,20201229,67.727
deu,20201230,67.703
deu,20201231,67.595
deu,20210101,67.187
deu,20210102,68.626
deu,20210103,69.07
deu,20210104,68.866
deu,20210105,67.991
deu,20210106,66.804
deu,20210107,65.845
deu,20210108,65.773
deu,20210109,64.909
deu,20210110,63.782
deu,20210111,63.399
deu,20210112,62.703
deu,20210113,62.164
deu,20210114,61.457
deu,20210115,60.833
deu,20210116,60.126
deu,20210117,59.61
deu,20210118,60.006
deu,20210119,59.31
deu,20210120,57.968
deu,20210121,57.392
deu,20210122,57.176
deu,20210123,55.834
deu,20210124,55.438
deu,20210125,55.39
deu,20210126,54.803
deu,20210127,53.963
deu,20210128,53.208
deu,20210129,52.465
deu,20210130,52.165
deu,20210131,52.105
deu,20210201,51.817
deu,20210202,51.11
deu,20210203,50.618
deu,20210204,50.091
deu,20210205,48.82
deu,20210206,47.537
deu,20210207,47.141
deu,20210208,47.429
deu,20210209,46.122
deu,20210210,44.816
deu,20210211,44.06
deu,20210212,42.574
deu,20210213,41.782
deu,20210214,41.051
deu,20210215,41.195
deu,20210216,40.212
deu,20210217,38.941
deu,20210218,38.102
deu,20210219,37.418
deu,20210220,36.939
deu,20210221,36.639
deu,20210222,36.663
deu,20210223,36.411
deu,20210224,35.44
deu,20210225,34.757
deu,20210226,34.145
deu,20210227,33.881
deu,20210228,34.049
deu,20210301,34.397
deu,20210302,34.229
deu,20210303,33.845
deu,20210304,33.738
deu,20210305,33.15
deu,20210306,33.03
deu,20210307,33.414
deu,20210308,34.349
deu,20210309,33.39
deu,20210310,32.802
deu,20210311,33.066
deu,20210312,33.03
deu,20210313,32.599
deu,20210314,33.246
deu,20210315,33.965
deu,20210316,34.193
deu,20210317,34.277
deu,20210318,34.709
deu,20210319,35.38
deu,20210320,35.464
deu,20210321,36.639
deu,20210322,37.766
deu,20210323,37.982
deu,20210324,38.449
deu,20210325,39.097
deu,20210326,39.96
deu,20210327,40.643
deu,20210328,41.423
deu,20210329,42.813
deu,20210330,43.149
deu,20210331,44.12
deu,20210401,44.72
deu,20210402,46.158
deu,20210403,46.962
deu,20210404,48.676
deu,20210405,49.923
deu,20210406,52.237
deu,20210407,53.268
deu,20210408,53.676
deu,20210409,54.131
deu,20210410,54.371
deu,20210411,54.97
deu,20210412,55.894
deu,20210413,56.253
deu,20210414,56.109
deu,20210415,56.157
deu,20210416,56.829
deu,20210417,57.38
deu,20210418,58.076
deu,20210419,59.131
deu,20210420,59.562
deu,20210421,59.802
deu,20210422,60.545
deu,20210423,60.593
deu,20210424,60.246
deu,20210425,60.569
deu,20210426,61.385
deu,20210427,60.713
deu,20210428,60.497
deu,20210429,60.342
deu,20210430,60.234
deu,20210501,60.054
deu,20210502,60.282
deu,20210503,60.03
deu,20210504,59.394
deu,20210505,58.016
deu,20210506,57.14
deu,20210507,56.013
deu,20210508,55.234
deu,20210509,54.946
deu,20210510,54.934
deu,20210511,53.472
deu,20210512,52.441
deu,20210513,51.014
deu,20210514,50.103
deu,20210515,49.036
deu,20210516,48.736
deu,20210517,48.137
deu,20210518,46.482
deu,20210519,44.444
deu,20210520,43.077
deu,20210521,41.638
deu,20210522,40.26
deu,20210523,39.6
deu,20210524,38.773
deu,20210525,38.114
deu,20210526,35.968
deu,20210527,34.001
deu,20210528,32.395
deu,20210529,31.1
deu,20210530,30.177
deu,20210531,29.385
deu,20210601,27.443
deu,20210602,25.753
deu,20210603,24.398
deu,20210604,23.607
deu,20210605,22.731
deu,20210606,22.216
deu,20210607,21.521
deu,20210608,20.37
deu,20210609,19.159
deu,20210610,18.068
deu,20210611,17.025
deu,20210612,16.101
deu,20210613,16.03
deu,20210614,15.358
deu,20210615,14.483
deu,20210616,13.608
deu,20210617,12.816
deu,20210618,12.109
deu,20210619,11.57
deu,20210620,11.162
deu,20210621,10.658
deu,20210622,10.191
deu,20210623,9.723
deu,20210624,9.34
deu,20210625,8.812
deu,20210626,8.584
deu,20210627,8.464
deu,20210628,8.261
deu,20210629,7.961
deu,20210630,7.361
deu,20210701,7.074
deu,20210702,6.774
deu,20210703,6.582
deu,20210704,6.57
deu,20210705,6.306
deu,20210706,6.102
deu,20210707,5.803
deu,20210708,5.635
deu,20210709,5.431
deu,20210710,5.215
deu,20210711,5.179
deu,20210712,5.215
deu,20210713,4.868
deu,20210714,4.772
deu,20210715,4.748
deu,20210716,4.544
deu,20210717,4.46
deu,20210718,4.448
deu,20210719,4.412
deu,20210720,4.328
deu,20210721,4.28
deu,20210722,4.244
deu,20210723,4.268
deu,20210724,4.244
deu,20210725,4.448
deu,20210726,4.424
deu,20210727,4.436
deu,20210728,4.268
deu,20210729,4.16
deu,20210730,4.22
deu,20210731,4.328
deu,20210801,4.364
deu,20210802,4.532
deu,20210803,4.532
deu,20210804,4.7
deu,20210805,4.64
deu,20210806,4.712
deu,20210807,4.987
deu,20210808,5.203
deu,20210809,5.467
deu,20210810,5.311
deu,20210811,5.443
deu,20210812,5.659
deu,20210813,5.755
deu,20210814,5.863
deu,20210815,6.198
deu,20210816,6.558
deu,20210817,6.906
deu,20210818,7.194
deu,20210819,7.469
deu,20210820,7.817
deu,20210821,8.177
deu,20210822,8.56
deu,20210823,9.304
deu,20210824,9.651
deu,20210825,10.023
deu,20210826,10.419
deu,20210827,11.09
deu,20210828,11.677
deu,20210829,12.121
deu,20210830,12.816
deu,20210831,13.14
deu,20210901,13.62
deu,20210902,14.027
deu,20210903,14.591
deu,20210904,15.118
deu,20210905,15.43
deu,20210906,15.85
deu,20210907,16.173
deu,20210908,16.629
deu,20210909,16.737
deu,20210910,16.929
deu,20210911,17.228
deu,20210912,17.42
deu,20210913,17.984
deu,20210914,18.463
deu,20210915,18.307
deu,20210916,18.583
deu,20210917,18.511
deu,20210918,18.26
deu,20210919,18.403
deu,20210920,18.475
deu,20210921,18.032
deu,20210922,17.984
deu,20210923,17.48
deu,20210924,17.192
deu,20210925,17.216
deu,20210926,17.204
deu,20210927,17.192
deu,20210928,16.953
deu,20210929,16.353
deu,20210930,16.269
deu,20211001,16.341
deu,20211002,15.97
deu,20211003,15.994
deu,20211004,16.173
deu,20211005,16.317
deu,20211006,16.293
deu,20211007,16.473
deu,20211008,16.209
deu,20211009,16.089
deu,20211010,16.125
deu,20211011,16.233
deu,20211012,16.581
deu,20211013,16.797
deu,20211014,16.725
deu,20211015,16.809
deu,20211016,16.869
deu,20211017,17.037
deu,20211018,17.48
deu,20211019,17.696
deu,20211020,17.768
deu,20211021,18.463
deu,20211022,18.487
deu,20211023,19.255
deu,20211024,19.542
deu,20211025,20.166
deu,20211026,20.43
deu,20211027,21.161
deu,20211028,21.7
deu,20211029,22.42
deu,20211030,23.223
deu,20211031,23.799
deu,20211101,24.698
deu,20211102,25.621
deu,20211103,26.688
deu,20211104,27.971
deu,20211105,29.014
deu,20211106,29.361
deu,20211107,30.488
deu,20211108,31.436
deu,20211109,32.215
deu,20211110,32.838
deu,20211111,33.929
deu,20211112,34.337
deu,20211113,35.26
deu,20211114,36.375
deu,20211115,38.293
deu,20211116,39.384
deu,20211117,40.499
deu,20211118,41.135
deu,20211119,42.118
deu,20211120,42.753
deu,20211121,44.096
deu,20211122,46.218
deu,20211123,47.885
deu,20211124,48.892
deu,20211125,50.414
deu,20211126,51.889
deu,20211127,52.549
deu,20211128,53.688
deu,20211129,55.21
deu,20211130,55.654
deu,20211201,56.229
deu,20211202,57.512
deu,20211203,57.5
deu,20211204,57.608
deu,20211205,57.86
deu,20211206,58.795
deu,20211207,59.263
deu,20211208,58.675
deu,20211209,59.215
deu,20211210,59.286
deu,20211211,58.807
deu,20211212,58.831
deu,20211213,59.047
deu,20211214,58.687
deu,20211215,57.86
deu,20211216,57.128
deu,20211217,56.169
deu,20211218,55.87
deu,20211219,55.63
deu,20211220,55.39
deu,20211221,54.695
deu,20211222,53.592
deu,20211223,52.561
deu,20211224,51.338
deu,20211225,51.23
deu,20211226,50.762
deu,20211227,50.426
deu,20211228,49.491
deu,20211229,48.005
deu,20211230,46.914
deu,20211231,45.943
deu,20220101,45.859
deu,20220102,45.631
deu,20220103,45.583
deu,20220104,44
deu,20220105,42.693
deu,20220106,41.231
deu,20220107,40.523
deu,20220108,39.732
deu,20220109,39.241
deu,20220110,38.953
deu,20220111,37.802
deu,20220112,36.543
deu,20220113,35.44
deu,20220114,34.385
deu,20220115,33.534
deu,20220116,32.874
deu,20220117,32.898
deu,20220118,31.975
deu,20220119,30.812
deu,20220120,29.338
deu,20220121,28.99
deu,20220122,28.75
deu,20220123,29.062
deu,20220124,29.158
deu,20220125,28.726
deu,20220126,28.342
deu,20220127,27.251
deu,20220128,27.084
deu,20220129,26.64
deu,20220130,27.191
deu,20220131,27.623
deu,20220201,27.084
deu,20220202,27.707
deu,20220203,27.12
deu,20220204,27.647
deu,20220205,27.647
deu,20220206,28.091
deu,20220207,28.474
deu,20220208,28.678
deu,20220209,28.738
deu,20220210,28.726
deu,20220211,28.81
deu,20220212,28.822
deu,20220213,29.158
deu,20220214,29.673
deu,20220215,29.949
deu,20220216,29.601
deu,20220217,29.673
deu,20220218,29.218
deu,20220219,28.978
deu,20220220,28.702
deu,20220221,28.966
deu,20220222,28.738
deu,20220223,28.75
deu,20220224,27.383
deu,20220225,27.443
deu,20220226,27.012
deu,20220227,26.868
deu,20220228,27.335
deu,20220301,27.431
deu,20220302,26.388
deu,20220303,25.801
deu,20220304,25.297
deu,20220305,25.213
deu,20220306,25.225
deu,20220307,25.981
deu,20220308,25.873
deu,20220309,25.393
deu,20220310,25.357
deu,20220311,25.369
deu,20220312,25.309
deu,20220313,26.28
deu,20220314,27.084
deu,20220315,27.503
deu,20220316,27.611
deu,20220317,27.419
deu,20220318,27.383
deu,20220319,26.856
deu,20220320,27.191
deu,20220321,28.151
deu,20220322,28.546
deu,20220323,27.959
deu,20220324,27.887
deu,20220325,27.635
deu,20220326,27.995
deu,20220327,28.007
deu,20220328,28.247
deu,20220329,28.498
deu,20220330,27.959
deu,20220331,27.623
deu,20220401,27.227
deu,20220402,26.556
deu,20220403,26.52
deu,20220404,26.784
deu,20220405,25.945
deu,20220406,25.261
deu,20220407,24.626
deu,20220408,24.314
deu,20220409,23.799
deu,20220410,23.846
deu,20220411,23.763
deu,20220412,22.971
deu,20220413,22.168
deu,20220414,21.832
deu,20220415,21.497
deu,20220416,20.885
deu,20220417,21.173
deu,20220418,21.149
deu,20220419,21.616
deu,20220420,20.789
deu,20220421,19.734
deu,20220422,19.339
deu,20220423,19.351
deu,20220424,18.835
deu,20220425,18.895
deu,20220426,18.212
deu,20220427,17.324
deu,20220428,16.857
deu,20220429,16.545
deu,20220430,16.233
deu,20220501,16.03
deu,20220502,15.862
deu,20220503,15.322
deu,20220504,14.411
deu,20220505,14.099
deu,20220506,13.38
deu,20220507,12.996
deu,20220508,13.14
deu,20220509,13.128
deu,20220510,12.756
deu,20220511,12.385
deu,20220512,12.013
deu,20220513,11.725
deu,20220514,11.33
deu,20220515,11.066
deu,20220516,11.318
deu,20220517,11.33
deu,20220518,10.85
deu,20220519,10.491
deu,20220520,9.843
deu,20220521,9.615
deu,20220522,9.807
deu,20220523,9.447
deu,20220524,8.896
deu,20220525,8.62
deu,20220526,8.428
deu,20220527,8.416
deu,20220528,8.021
deu,20220529,7.865
deu,20220530,8.021
deu,20220531,8.189
deu,20220601,8.045
deu,20220602,7.769
deu,20220603,7.637
deu,20220604,7.397
deu,20220605,7.349
deu,20220606,7.577
deu,20220607,7.469
deu,20220608,7.457
deu,20220609,7.433
deu,20220610,7.505
deu,20220611,7.277
deu,20220612,7.445
deu,20220613,7.793
deu,20220614,8.081
deu,20220615,8.057
deu,20220616,8.201
deu,20220617,8.32
deu,20220618,8.201
deu,20220619,8.608
deu,20220620,8.956
deu,20220621,9.531
deu,20220622,9.376
deu,20220623,9.711
deu,20220624,9.579
deu,20220625,9.447
deu,20220626,10.023
deu,20220627,11.174
deu,20220628,11.761
deu,20220629,11.21
deu,20220630,11.174
deu,20220701,11.725
deu,20220702,11.773
deu,20220703,11.965
deu,20220704,12.756
deu,20220705,12.768
deu,20220706,12.541
deu,20220707,12.565
deu,20220708,12.852
deu,20220709,12.637
deu,20220710,13.2
deu,20220711,14.075
deu,20220712,14.567
deu,20220713,14.855
deu,20220714,14.879
deu,20220715,14.639
deu,20220716,14.723
deu,20220717,15.226
deu,20220718,15.85
deu,20220719,15.922
deu,20220720,15.958
deu,20220721,16.725
deu,20220722,16.725
deu,20220723,16.905
deu,20220724,17.276
deu,20220725,18.679
deu,20220726,19.434
deu,20220727,19.051
deu,20220728,18.619
deu,20220729,17.924
deu,20220730,17.48
deu,20220731,17.336
deu,20220801,17.624
deu,20220802,17.3
deu,20220803,16.737
deu,20220804,16.761
deu,20220805,16.509
deu,20220806,16.113
deu,20220807,15.418
deu,20220808,15.934
deu,20220809,15.274
deu,20220810,14.879
deu,20220811,14.135
deu,20220812,13.871
deu,20220813,13.692
deu,20220814,13.836
deu,20220815,13.848
deu,20220816,13.548
deu,20220817,12.876
deu,20220818,13.248
deu,20220819,12.481
deu,20220820,11.845
deu,20220821,11.893
deu,20220822,11.833
deu,20220823,11.486
deu,20220824,10.754
deu,20220825,10.706
deu,20220826,10.515
deu,20220827,10.275
deu,20220828,10.155
deu,20220829,10.203
deu,20220830,9.927
deu,20220831,9.555
deu,20220901,9.196
deu,20220902,9.196
deu,20220903,9.028
deu,20220904,8.98
deu,20220905,9.184
deu,20220906,8.884
deu,20220907,8.656
deu,20220908,8.668
deu,20220909,8.572
deu,20220910,8.129
deu,20220911,8.081
deu,20220912,8.297
deu,20220913,8.704
deu,20220914,8.872
deu,20220915,8.62
deu,20220916,8.273
dnk,20200224,0
dnk,20200225,0
dnk,20200226,0
dnk,20200227,0
dnk,20200228,0
dnk,20200229,0
dnk,20200301,0
dnk,20200302,0
dnk,20200303,0
dnk,20200304,0
dnk,20200305,0
dnk,20200306,0
dnk,20200307,0
dnk,20200308,0
dnk,20200309,0
dnk,20200310,0
dnk,20200311,0.342
dnk,20200312,0.512
dnk,20200313,0.683
dnk,20200314,0.512
dnk,20200315,0.342
dnk,20200316,1.708
dnk,20200317,3.075
dnk,20200318,4.1
dnk,20200319,5.124
dnk,20200320,6.32
dnk,20200321,7.174
dnk,20200322,7.858
dnk,20200323,9.395
dnk,20200324,11.786
dnk,20200325,14.861
dnk,20200326,16.057
dnk,20200327,18.619
dnk,20200328,20.669
dnk,20200329,22.377
dnk,20200330,23.402
dnk,20200331,24.768
dnk,20200401,24.939
dnk,20200402,26.135
dnk,20200403,24.427
dnk,20200404,24.256
dnk,20200405,24.598
dnk,20200406,23.743
dnk,20200407,21.694
dnk,20200408,21.694
dnk,20200409,20.498
dnk,20200410,19.302
dnk,20200411,18.107
dnk,20200412,17.765
dnk,20200413,17.082
dnk,20200414,15.886
dnk,20200415,15.203
dnk,20200416,15.715
dnk,20200417,15.886
dnk,20200418,14.861
dnk,20200419,14.349
dnk,20200420,14.349
dnk,20200421,13.836
dnk,20200422,13.665
dnk,20200423,12.64
dnk,20200424,11.786
dnk,20200425,11.957
dnk,20200426,11.957
dnk,20200427,12.299
dnk,20200428,11.274
dnk,20200429,11.274
dnk,20200430,10.591
dnk,20200501,10.42
dnk,20200502,10.249
dnk,20200503,10.591
dnk,20200504,9.737
dnk,20200505,8.37
dnk,20200506,7.858
dnk,20200507,7.345
dnk,20200508,7.174
dnk,20200509,6.662
dnk,20200510,6.833
dnk,20200511,7.345
dnk,20200512,7.345
dnk,20200513,6.32
dnk,20200514,5.979
dnk,20200515,5.466
dnk,20200516,4.783
dnk,20200517,4.612
dnk,20200518,4.441
dnk,20200519,4.27
dnk,20200520,4.27
dnk,20200521,4.27
dnk,20200522,3.929
dnk,20200523,3.246
dnk,20200524,3.587
dnk,20200525,3.416
dnk,20200526,3.929
dnk,20200527,3.758
dnk,20200528,3.416
dnk,20200529,3.075
dnk,20200530,3.416
dnk,20200531,3.416
dnk,20200601,3.416
dnk,20200602,3.587
dnk,20200603,3.416
dnk,20200604,2.904
dnk,20200605,2.904
dnk,20200606,2.562
dnk,20200607,2.562
dnk,20200608,2.733
dnk,20200609,2.562
dnk,20200610,2.904
dnk,20200611,2.391
dnk,20200612,2.391
dnk,20200613,1.879
dnk,20200614,1.879
dnk,20200615,1.708
dnk,20200616,1.537
dnk,20200617,1.025
dnk,20200618,1.025
dnk,20200619,1.025
dnk,20200620,1.025
dnk,20200621,1.025
dnk,20200622,1.196
dnk,20200623,1.367
dnk,20200624,1.367
dnk,20200625,1.537
dnk,20200626,1.879
dnk,20200627,1.879
dnk,20200628,1.879
dnk,20200629,1.537
dnk,20200630,1.708
dnk,20200701,1.879
dnk,20200702,1.537
dnk,20200703,1.025
dnk,20200704,1.025
dnk,20200705,1.025
dnk,20200706,1.196
dnk,20200707,0.854
dnk,20200708,0.854
dnk,20200709,0.854
dnk,20200710,0.683
dnk,20200711,0.683
dnk,20200712,0.683
dnk,20200713,1.025
dnk,20200714,1.025
dnk,20200715,1.025
dnk,20200716,0.854
dnk,20200717,0.854
dnk,20200718,0.854
dnk,20200719,0.854
dnk,20200720,0.512
dnk,20200721,0.683
dnk,20200722,0.683
dnk,20200723,0.512
dnk,20200724,0.512
dnk,20200725,0.512
dnk,20200726,0.512
dnk,20200727,0.512
dnk,20200728,0.512
dnk,20200729,0.512
dnk,20200730,0.512
dnk,20200731,0.512
dnk,20200801,0.512
dnk,20200802,0.512
dnk,20200803,0.342
dnk,20200804,0.512
dnk,20200805,0.342
dnk,20200806,0.342
dnk,20200807,0.342
dnk,20200808,0.342
dnk,20200809,0.342
dnk,20200810,0.342
dnk,20200811,0.342
dnk,20200812,0.171
dnk,20200813,0.171
dnk,20200814,0.171
dnk,20200815,0.171
dnk,20200816,0.171
dnk,20200817,0.171
dnk,20200818,0.171
dnk,20200819,0.171
dnk,20200820,0.171
dnk,20200821,0.171
dnk,20200822,0.171
dnk,20200823,0.171
dnk,20200824,0.512
dnk,20200825,0.512
dnk,20200826,0.512
dnk,20200827,0.342
dnk,20200828,0.342
dnk,20200829,0.683
dnk,20200830,0.683
dnk,20200831,0.683
dnk,20200901,0.683
dnk,20200902,0.683
dnk,20200903,0.512
dnk,20200904,0.512
dnk,20200905,0.512
dnk,20200906,0.683
dnk,20200907,0.512
dnk,20200908,0.512
dnk,20200909,0.854
dnk,20200910,0.854
dnk,20200911,1.196
dnk,20200912,0.683
dnk,20200913,0.683
dnk,20200914,0.683
dnk,20200915,0.512
dnk,20200916,0.512
dnk,20200917,0.512
dnk,20200918,0.512
dnk,20200919,0.683
dnk,20200920,1.537
dnk,20200921,2.05
dnk,20200922,2.391
dnk,20200923,2.562
dnk,20200924,2.391
dnk,20200925,2.733
dnk,20200926,2.904
dnk,20200927,2.904
dnk,20200928,2.904
dnk,20200929,2.562
dnk,20200930,2.562
dnk,20201001,2.221
dnk,20201002,2.904
dnk,20201003,2.904
dnk,20201004,3.075
dnk,20201005,2.904
dnk,20201006,2.562
dnk,20201007,2.562
dnk,20201008,2.904
dnk,20201009,3.075
dnk,20201010,3.416
dnk,20201011,3.246
dnk,20201012,3.246
dnk,20201013,3.246
dnk,20201014,2.904
dnk,20201015,2.904
dnk,20201016,2.733
dnk,20201017,2.733
dnk,20201018,2.904
dnk,20201019,3.075
dnk,20201020,2.562
dnk,20201021,2.733
dnk,20201022,2.904
dnk,20201023,3.075
dnk,20201024,2.904
dnk,20201025,3.075
dnk,20201026,2.904
dnk,20201027,3.246
dnk,20201028,3.075
dnk,20201029,2.904
dnk,20201030,2.904
dnk,20201031,3.246
dnk,20201101,3.246
dnk,20201102,3.929
dnk,20201103,3.758
dnk,20201104,4.1
dnk,20201105,4.1
dnk,20201106,3.929
dnk,20201107,4.954
dnk,20201108,5.124
dnk,20201109,5.637
dnk,20201110,5.637
dnk,20201111,6.833
dnk,20201112,7.345
dnk,20201113,6.833
dnk,20201114,7.003
dnk,20201115,7.687
dnk,20201116,7.516
dnk,20201117,7.003
dnk,20201118,7.345
dnk,20201119,7.003
dnk,20201120,6.662
dnk,20201121,6.833
dnk,20201122,6.662
dnk,20201123,7.003
dnk,20201124,6.833
dnk,20201125,7.174
dnk,20201126,7.174
dnk,20201127,7.858
dnk,20201128,7.174
dnk,20201129,7.345
dnk,20201130,7.516
dnk,20201201,6.491
dnk,20201202,6.149
dnk,20201203,6.491
dnk,20201204,6.833
dnk,20201205,6.662
dnk,20201206,7.174
dnk,20201207,7.345
dnk,20201208,7.174
dnk,20201209,6.662
dnk,20201210,6.833
dnk,20201211,8.199
dnk,20201212,9.224
dnk,20201213,9.907
dnk,20201214,10.42
dnk,20201215,11.616
dnk,20201216,11.616
dnk,20201217,12.982
dnk,20201218,13.494
dnk,20201219,14.69
dnk,20201220,14.861
dnk,20201221,14.861
dnk,20201222,14.178
dnk,20201223,15.544
dnk,20201224,16.569
dnk,20201225,16.74
dnk,20201226,16.398
dnk,20201227,17.423
dnk,20201228,19.302
dnk,20201229,21.864
dnk,20201230,23.231
dnk,20201231,22.548
dnk,20210101,22.035
dnk,20210102,23.231
dnk,20210103,23.231
dnk,20210104,23.914
dnk,20210105,24.085
dnk,20210106,23.402
dnk,20210107,22.889
dnk,20210108,23.573
dnk,20210109,22.548
dnk,20210110,23.573
dnk,20210111,23.573
dnk,20210112,23.06
dnk,20210113,23.402
dnk,20210114,21.864
dnk,20210115,22.035
dnk,20210116,23.402
dnk,20210117,22.377
dnk,20210118,22.548
dnk,20210119,22.548
dnk,20210120,22.548
dnk,20210121,23.231
dnk,20210122,22.206
dnk,20210123,21.352
dnk,20210124,21.181
dnk,20210125,21.01
dnk,20210126,20.327
dnk,20210127,19.131
dnk,20210128,19.302
dnk,20210129,17.594
dnk,20210130,17.423
dnk,20210131,16.74
dnk,20210201,16.057
dnk,20210202,15.886
dnk,20210203,15.544
dnk,20210204,14.69
dnk,20210205,14.007
dnk,20210206,13.324
dnk,20210207,12.982
dnk,20210208,12.47
dnk,20210209,12.64
dnk,20210210,12.64
dnk,20210211,11.786
dnk,20210212,11.616
dnk,20210213,10.932
dnk,20210214,11.103
dnk,20210215,11.616
dnk,20210216,10.761
dnk,20210217,9.737
dnk,20210218,9.737
dnk,20210219,8.712
dnk,20210220,8.712
dnk,20210221,9.053
dnk,20210222,8.712
dnk,20210223,8.199
dnk,20210224,8.028
dnk,20210225,7.687
dnk,20210226,7.345
dnk,20210227,7.516
dnk,20210228,7.003
dnk,20210301,7.516
dnk,20210302,6.662
dnk,20210303,5.808
dnk,20210304,5.124
dnk,20210305,5.295
dnk,20210306,5.637
dnk,20210307,6.32
dnk,20210308,6.491
dnk,20210309,6.491
dnk,20210310,7.345
dnk,20210311,7.516
dnk,20210312,6.491
dnk,20210313,6.662
dnk,20210314,6.662
dnk,20210315,6.833
dnk,20210316,7.345
dnk,20210317,7.003
dnk,20210318,6.491
dnk,20210319,6.491
dnk,20210320,6.833
dnk,20210321,6.833
dnk,20210322,7.174
dnk,20210323,7.858
dnk,20210324,7.858
dnk,20210325,7.516
dnk,20210326,6.833
dnk,20210327,7.003
dnk,20210328,7.345
dnk,20210329,7.003
dnk,20210330,7.003
dnk,20210331,7.345
dnk,20210401,6.662
dnk,20210402,7.003
dnk,20210403,6.662
dnk,20210404,6.662
dnk,20210405,6.833
dnk,20210406,6.491
dnk,20210407,5.808
dnk,20210408,6.32
dnk,20210409,6.32
dnk,20210410,6.491
dnk,20210411,6.491
dnk,20210412,6.833
dnk,20210413,6.662
dnk,20210414,7.003
dnk,20210415,6.32
dnk,20210416,6.149
dnk,20210417,6.833
dnk,20210418,5.979
dnk,20210419,6.149
dnk,20210420,6.491
dnk,20210421,7.003
dnk,20210422,7.516
dnk,20210423,7.174
dnk,20210424,6.833
dnk,20210425,6.833
dnk,20210426,6.662
dnk,20210427,6.149
dnk,20210428,5.466
dnk,20210429,5.124
dnk,20210430,5.979
dnk,20210501,6.32
dnk,20210502,6.32
dnk,20210503,7.174
dnk,20210504,7.345
dnk,20210505,6.833
dnk,20210506,5.808
dnk,20210507,5.295
dnk,20210508,5.124
dnk,20210509,5.295
dnk,20210510,4.612
dnk,20210511,5.466
dnk,20210512,4.954
dnk,20210513,6.149
dnk,20210514,5.637
dnk,20210515,5.637
dnk,20210516,5.466
dnk,20210517,4.954
dnk,20210518,5.295
dnk,20210519,5.637
dnk,20210520,5.637
dnk,20210521,5.295
dnk,20210522,5.466
dnk,20210523,5.979
dnk,20210524,6.32
dnk,20210525,6.149
dnk,20210526,6.149
dnk,20210527,6.149
dnk,20210528,5.637
dnk,20210529,5.637
dnk,20210530,5.466
dnk,20210531,5.808
dnk,20210601,6.149
dnk,20210602,6.32
dnk,20210603,5.808
dnk,20210604,5.466
dnk,20210605,5.124
dnk,20210606,4.954
dnk,20210607,4.612
dnk,20210608,4.612
dnk,20210609,4.612
dnk,20210610,3.758
dnk,20210611,3.929
dnk,20210612,3.416
dnk,20210613,3.416
dnk,20210614,3.416
dnk,20210615,3.246
dnk,20210616,3.416
dnk,20210617,3.246
dnk,20210618,3.416
dnk,20210619,3.416
dnk,20210620,3.246
dnk,20210621,2.904
dnk,20210622,3.075
dnk,20210623,2.562
dnk,20210624,2.733
dnk,20210625,2.904
dnk,20210626,2.904
dnk,20210627,2.904
dnk,20210628,2.391
dnk,20210629,2.391
dnk,20210630,2.05
dnk,20210701,2.05
dnk,20210702,1.879
dnk,20210703,1.708
dnk,20210704,1.537
dnk,20210705,1.537
dnk,20210706,1.367
dnk,20210707,1.537
dnk,20210708,1.367
dnk,20210709,1.537
dnk,20210710,1.537
dnk,20210711,1.537
dnk,20210712,1.537
dnk,20210713,1.708
dnk,20210714,2.05
dnk,20210715,1.879
dnk,20210716,1.879
dnk,20210717,1.708
dnk,20210718,1.708
dnk,20210719,1.537
dnk,20210720,1.708
dnk,20210721,2.05
dnk,20210722,2.221
dnk,20210723,1.879
dnk,20210724,1.708
dnk,20210725,1.708
dnk,20210726,1.708
dnk,20210727,1.708
dnk,20210728,1.708
dnk,20210729,1.708
dnk,20210730,1.367
dnk,20210731,1.367
dnk,20210801,1.367
dnk,20210802,1.367
dnk,20210803,1.367
dnk,20210804,1.367
dnk,20210805,1.537
dnk,20210806,2.05
dnk,20210807,2.05
dnk,20210808,2.221
dnk,20210809,2.221
dnk,20210810,2.391
dnk,20210811,3.075
dnk,20210812,2.733
dnk,20210813,2.391
dnk,20210814,2.733
dnk,20210815,2.562
dnk,20210816,2.562
dnk,20210817,2.562
dnk,20210818,2.733
dnk,20210819,2.562
dnk,20210820,2.733
dnk,20210821,2.562
dnk,20210822,3.416
dnk,20210823,3.075
dnk,20210824,3.416
dnk,20210825,3.587
dnk,20210826,3.246
dnk,20210827,3.246
dnk,20210828,3.246
dnk,20210829,3.246
dnk,20210830,3.758
dnk,20210831,3.587
dnk,20210901,4.27
dnk,20210902,4.27
dnk,20210903,4.441
dnk,20210904,4.441
dnk,20210905,4.441
dnk,20210906,4.441
dnk,20210907,4.441
dnk,20210908,4.783
dnk,20210909,4.783
dnk,20210910,4.954
dnk,20210911,5.466
dnk,20210912,5.466
dnk,20210913,5.124
dnk,20210914,5.124
dnk,20210915,4.783
dnk,20210916,4.441
dnk,20210917,4.1
dnk,20210918,3.929
dnk,20210919,3.929
dnk,20210920,3.758
dnk,20210921,3.758
dnk,20210922,3.758
dnk,20210923,3.075
dnk,20210924,2.904
dnk,20210925,3.075
dnk,20210926,2.904
dnk,20210927,3.075
dnk,20210928,2.562
dnk,20210929,2.733
dnk,20210930,3.075
dnk,20211001,2.562
dnk,20211002,2.05
dnk,20211003,2.05
dnk,20211004,2.05
dnk,20211005,2.221
dnk,20211006,1.879
dnk,20211007,1.879
dnk,20211008,2.391
dnk,20211009,2.904
dnk,20211010,2.562
dnk,20211011,2.904
dnk,20211012,2.904
dnk,20211013,3.075
dnk,20211014,2.733
dnk,20211015,2.391
dnk,20211016,2.562
dnk,20211017,2.562
dnk,20211018,2.221
dnk,20211019,2.562
dnk,20211020,1.879
dnk,20211021,2.391
dnk,20211022,2.733
dnk,20211023,2.733
dnk,20211024,3.246
dnk,20211025,3.416
dnk,20211026,3.758
dnk,20211027,3.929
dnk,20211028,4.1
dnk,20211029,4.783
dnk,20211030,4.441
dnk,20211031,4.1
dnk,20211101,4.954
dnk,20211102,5.466
dnk,20211103,5.124
dnk,20211104,5.295
dnk,20211105,5.979
dnk,20211106,6.149
dnk,20211107,6.833
dnk,20211108,6.149
dnk,20211109,6.662
dnk,20211110,6.662
dnk,20211111,7.003
dnk,20211112,7.345
dnk,20211113,6.491
dnk,20211114,6.833
dnk,20211115,6.833
dnk,20211116,7.516
dnk,20211117,8.028
dnk,20211118,8.541
dnk,20211119,8.199
dnk,20211120,8.541
dnk,20211121,8.712
dnk,20211122,8.541
dnk,20211123,8.37
dnk,20211124,8.37
dnk,20211125,8.199
dnk,20211126,9.053
dnk,20211127,8.541
dnk,20211128,8.712
dnk,20211129,10.249
dnk,20211130,10.249
dnk,20211201,10.42
dnk,20211202,9.737
dnk,20211203,9.737
dnk,20211204,9.907
dnk,20211205,9.907
dnk,20211206,11.103
dnk,20211207,11.274
dnk,20211208,11.274
dnk,20211209,11.445
dnk,20211210,11.103
dnk,20211211,10.249
dnk,20211212,11.103
dnk,20211213,10.932
dnk,20211214,11.957
dnk,20211215,11.274
dnk,20211216,10.42
dnk,20211217,10.761
dnk,20211218,11.103
dnk,20211219,10.761
dnk,20211220,11.274
dnk,20211221,11.445
dnk,20211222,11.274
dnk,20211223,12.299
dnk,20211224,12.64
dnk,20211225,12.47
dnk,20211226,12.128
dnk,20211227,11.957
dnk,20211228,12.128
dnk,20211229,13.153
dnk,20211230,12.811
dnk,20211231,12.47
dnk,20220101,12.47
dnk,20220102,12.982
dnk,20220103,12.47
dnk,20220104,13.153
dnk,20220105,13.665
dnk,20220106,14.007
dnk,20220107,13.324
dnk,20220108,13.324
dnk,20220109,13.153
dnk,20220110,12.64
dnk,20220111,12.47
dnk,20220112,12.47
dnk,20220113,10.932
dnk,20220114,10.249
dnk,20220115,10.078
dnk,20220116,10.078
dnk,20220117,8.882
dnk,20220118,8.37
dnk,20220119,8.541
dnk,20220120,8.37
dnk,20220121,7.516
dnk,20220122,7.687
dnk,20220123,7.174
dnk,20220124,7.345
dnk,20220125,7.516
dnk,20220126,6.833
dnk,20220127,6.32
dnk,20220128,5.637
dnk,20220129,5.979
dnk,20220130,5.295
dnk,20220131,5.466
dnk,20220201,4.783
dnk,20220202,4.441
dnk,20220203,4.612
dnk,20220204,5.637
dnk,20220205,5.295
dnk,20220206,5.808
dnk,20220207,5.295
dnk,20220208,6.662
dnk,20220209,5.808
dnk,20220210,5.637
dnk,20220211,5.466
dnk,20220212,5.124
dnk,20220213,4.27
dnk,20220214,4.27
dnk,20220215,5.295
dnk,20220216,5.295
dnk,20220217,5.295
dnk,20220218,5.637
dnk,20220219,6.32
dnk,20220220,6.833
dnk,20220221,7.516
dnk,20220222,5.808
dnk,20220223,6.149
dnk,20220224,6.32
dnk,20220225,7.687
dnk,20220226,7.687
dnk,20220227,8.199
dnk,20220228,7.174
dnk,20220301,8.199
dnk,20220302,7.174
dnk,20220303,7.174
dnk,20220304,5.808
dnk,20220305,5.979
dnk,20220306,6.32
dnk,20220307,6.32
dnk,20220308,4.612
dnk,20220309,4.954
dnk,20220310,4.441
dnk,20220311,4.783
dnk,20220312,4.783
dnk,20220313,4.27
dnk,20220314,4.441
dnk,20220315,4.441
dnk,20220316,4.441
dnk,20220317,4.954
dnk,20220318,4.612
dnk,20220319,4.612
dnk,20220320,3.929
dnk,20220321,4.1
dnk,20220322,4.612
dnk,20220323,4.1
dnk,20220324,3.416
dnk,20220325,3.246
dnk,20220326,4.27
dnk,20220327,4.27
dnk,20220328,4.441
dnk,20220329,3.758
dnk,20220330,3.758
dnk,20220331,4.1
dnk,20220401,3.758
dnk,20220402,3.587
dnk,20220403,3.246
dnk,20220404,3.075
dnk,20220405,3.246
dnk,20220406,2.733
dnk,20220407,3.075
dnk,20220408,2.733
dnk,20220409,3.075
dnk,20220410,3.075
dnk,20220411,3.758
dnk,20220412,2.904
dnk,20220413,2.904
dnk,20220414,2.562
dnk,20220415,2.733
dnk,20220416,2.733
dnk,20220417,2.391
dnk,20220418,2.391
dnk,20220419,2.733
dnk,20220420,2.904
dnk,20220421,2.904
dnk,20220422,2.562
dnk,20220423,2.562
dnk,20220424,2.562
dnk,20220425,2.562
dnk,20220426,2.221
dnk,20220427,2.221
dnk,20220428,1.708
dnk,20220429,1.708
dnk,20220430,2.05
dnk,20220501,1.537
dnk,20220502,1.367
dnk,20220503,0.854
dnk,20220504,0.683
dnk,20220505,0.854
dnk,20220506,0.854
dnk,20220507,1.025
dnk,20220508,1.367
dnk,20220509,1.708
dnk,20220510,2.221
dnk,20220511,1.708
dnk,20220512,2.05
dnk,20220513,2.05
dnk,20220514,1.879
dnk,20220515,2.221
dnk,20220516,2.221
dnk,20220517,2.221
dnk,20220518,1.879
dnk,20220519,1.367
dnk,20220520,1.367
dnk,20220521,1.537
dnk,20220522,1.537
dnk,20220523,1.708
dnk,20220524,1.708
dnk,20220525,1.879
dnk,20220526,2.391
dnk,20220527,2.391
dnk,20220528,2.05
dnk,20220529,2.221
dnk,20220530,2.221
dnk,20220531,2.221
dnk,20220601,2.562
dnk,20220602,2.391
dnk,20220603,1.708
dnk,20220604,1.708
dnk,20220605,1.708
dnk,20220606,1.708
dnk,20220607,1.537
dnk,20220608,1.367
dnk,20220609,1.367
dnk,20220610,1.537
dnk,20220611,1.537
dnk,20220612,1.537
dnk,20220613,1.537
dnk,20220614,1.537
dnk,20220615,1.367
dnk,20220616,1.025
dnk,20220617,1.196
dnk,20220618,1.025
dnk,20220619,0.854
dnk,20220620,0.683
dnk,20220621,1.025
dnk,20220622,1.025
dnk,20220623,1.367
dnk,20220624,1.537
dnk,20220625,1.708
dnk,20220626,1.879
dnk,20220627,2.05
dnk,20220628,2.05
dnk,20220629,2.05
dnk,20220630,2.05
dnk,20220701,2.05
dnk,20220702,2.05
dnk,20220703,2.05
dnk,20220704,2.05
dnk,20220705,1.537
dnk,20220706,1.708
dnk,20220707,2.05
dnk,20220708,2.562
dnk,20220709,2.562
dnk,20220710,2.562
dnk,20220711,2.391
dnk,20220712,2.904
dnk,20220713,2.733
dnk,20220714,3.246
dnk,20220715,3.075
dnk,20220716,2.904
dnk,20220717,2.733
dnk,20220718,2.221
dnk,20220719,2.391
dnk,20220720,2.05
dnk,20220721,1.708
dnk,20220722,2.221
dnk,20220723,2.391
dnk,20220724,2.562
dnk,20220725,2.733
dnk,20220726,2.904
dnk,20220727,2.904
dnk,20220728,2.904
dnk,20220729,2.904
dnk,20220730,2.904
dnk,20220731,2.904
dnk,20220801,2.904
dnk,20220802,2.904
dnk,20220803,3.416
dnk,20220804,3.416
dnk,20220805,3.075
dnk,20220806,2.904
dnk,20220807,2.733
dnk,20220808,2.221
dnk,20220809,2.391
dnk,20220810,2.733
dnk,20220811,2.733
dnk,20220812,2.733
dnk,20220813,2.733
dnk,20220814,2.733
dnk,20220815,3.075
dnk,20220816,3.075
dnk,20220817,2.904
dnk,20220818,2.221
dnk,20220819,2.05
dnk,20220820,2.05
dnk,20220821,2.05
dnk,20220822,2.221
dnk,20220823,2.05
dnk,20220824,3.075
dnk,20220825,2.391
dnk,20220826,2.221
dnk,20220827,2.562
dnk,20220828,2.904
dnk,20220829,3.246
dnk,20220830,2.562
dnk,20220831,1.537
dnk,20220901,1.537
dnk,20220902,1.196
dnk,20220903,1.196
dnk,20220904,1.196
dnk,20220905,1.196
dnk,20220906,1.367
dnk,20220907,1.196
dnk,20220908,1.025
dnk,20220909,1.196
dnk,20220910,1.196
dnk,20220911,1.196
dnk,20220912,1.025
dnk,20220913,1.537
dnk,20220914,1.537
dnk,20220915,1.367
dza,20200717,1.403
dza,20200718,1.517
dza,20200720,1.449
dza,20200721,1.268
dza,20200722,1.154
dza,20200723,1.494
dza,20200725,1.426
dza,20200726,1.449
dza,20200727,1.313
dza,20200731,1.471
dza,20200801,1.449
dza,20200802,1.222
dza,20200804,1.222
dza,20200805,1.245
dza,20200806,1.426
dza,20200809,1.29
dza,20200810,1.064
dza,20200812,1.2
dza,20200813,0.996
dza,20200814,1.041
dza,20200815,0.838
dza,20200816,0.905
dza,20200817,0.905
dza,20200818,1.041
dza,20200819,0.996
dza,20200820,0.928
dza,20200821,0.928
dza,20200822,1.109
dza,20200823,0.928
dza,20200824,0.838
dza,20200825,0.702
dza,20200826,0.634
dza,20200827,0.634
dza,20200828,0.702
dza,20200829,0.634
dza,20200830,0.656
dza,20200831,0.656
dza,20200901,0.86
dza,20200902,0.792
dza,20200903,0.996
dza,20200904,0.951
dza,20200905,0.951
dza,20200906,0.996
dza,20200907,0.973
dza,20200908,0.792
dza,20200909,0.905
dza,20200910,0.883
dza,20200911,0.724
dza,20200912,0.815
dza,20200913,0.656
dza,20200914,0.611
dza,20200915,0.702
dza,20200916,0.702
dza,20200917,0.724
dza,20200918,0.611
dza,20200919,0.724
dza,20200920,0.702
dza,20200921,0.656
dza,20200922,0.77
dza,20200923,0.566
dza,20200924,0.611
dza,20200925,0.566
dza,20200926,0.566
dza,20200927,0.498
dza,20200928,0.566
dza,20200929,0.521
dza,20200930,0.521
dza,20201001,0.521
dza,20201002,0.521
dza,20201003,0.566
dza,20201004,0.475
dza,20201005,0.498
dza,20201007,0.702
dza,20201008,0.679
dza,20201009,0.702
dza,20201010,0.702
dza,20201011,0.634
dza,20201012,0.792
dza,20201013,0.86
dza,20201014,0.792
dza,20201015,0.792
dza,20201017,0.815
dza,20201018,0.747
dza,20201019,0.883
dza,20201020,0.86
dza,20201021,0.838
dza,20201022,0.702
dza,20201023,0.747
dza,20201024,0.656
dza,20201025,0.656
dza,20201026,0.679
dza,20201028,0.905
dza,20201029,0.883
dza,20201030,1.087
dza,20201031,0.996
dza,20201101,1.109
dza,20201102,1.041
dza,20201104,1.132
dza,20201105,1.2
dza,20201107,1.336
dza,20201108,1.426
dza,20201109,1.358
dza,20201111,1.109
dza,20201112,1.2
dza,20201113,1.177
dza,20201114,0.951
dza,20201115,0.996
dza,20201116,1.132
dza,20201117,0.883
dza,20201118,0.973
dza,20201119,1.2
dza,20201120,1.109
dza,20201121,1.177
dza,20201122,1.041
dza,20201123,1.041
dza,20201126,0.996
dza,20201127,1.132
dza,20201128,1.154
dza,20201130,1.041
dza,20201201,1.041
dza,20201203,1.019
dza,20201207,0.86
dza,20201208,0.996
dza,20201209,0.951
dza,20201210,0.996
dza,20201211,1.041
dza,20201212,0.951
dza,20201213,1.041
dza,20201215,1.041
dza,20201216,0.996
dza,20201217,1.019
dza,20201220,1.132
dza,20201221,0.973
dza,20201222,1.109
dza,20201223,1.109
dza,20201224,1.041
dza,20201229,0.905
dza,20201230,0.973
dza,20210101,0.951
dza,20210102,0.702
dza,20210103,0.815
dza,20210104,0.611
dza,20210105,0.656
dza,20210106,0.724
dza,20210107,0.611
dza,20210108,0.77
dza,20210109,0.747
dza,20210110,0.656
dza,20210111,0.634
dza,20210112,0.543
dza,20210115,0.634
dza,20210116,0.521
dza,20210117,0.724
dza,20210118,0.634
dza,20210119,0.656
dza,20210120,0.724
dza,20210121,0.702
dza,20210122,0.815
dza,20210123,0.656
dza,20210124,0.77
dza,20210125,0.77
dza,20210126,0.77
dza,20210127,0.883
dza,20210130,0.747
dza,20210201,0.656
dza,20210202,0.521
dza,20210205,0.475
dza,20210208,0.566
dza,20210210,0.566
dza,20210212,0.498
dza,20210213,0.453
dza,20210214,0.43
dza,20210219,0.407
dza,20210220,0.362
dza,20210221,0.34
dza,20210223,0.43
dza,20210225,0.407
dza,20210226,0.475
dza,20210227,0.475
dza,20210228,0.498
dza,20210301,0.498
dza,20210302,0.521
dza,20210307,0.475
dza,20210310,0.43
dza,20210312,0.34
dza,20210322,0.158
dza,20210323,0.204
dza,20210324,0.204
dza,20210325,0.385
dza,20210326,0.407
dza,20210327,0.453
dza,20210328,0.43
dza,20210329,0.453
dza,20210330,0.34
dza,20210331,0.34
dza,20210401,0.317
dza,20210402,0.362
dza,20210403,0.453
dza,20210404,0.453
dza,20210405,0.362
dza,20210406,0.43
dza,20210407,0.453
dza,20210408,0.453
dza,20210409,0.43
dza,20210410,0.43
dza,20210411,0.43
dza,20210412,0.317
dza,20210413,0.43
dza,20210414,0.385
dza,20210415,0.362
dza,20210416,0.272
dza,20210417,0.34
dza,20210418,0.475
dza,20210419,0.498
dza,20210420,0.43
dza,20210421,0.475
dza,20210422,0.521
dza,20210423,0.498
dza,20210424,0.498
dza,20210425,0.453
dza,20210426,0.475
dza,20210427,0.453
dza,20210428,0.521
dza,20210429,0.498
dza,20210430,0.634
dza,20210501,0.702
dza,20210502,0.543
dza,20210503,0.589
dza,20210504,0.589
dza,20210505,0.498
dza,20210506,0.521
dza,20210507,0.521
dza,20210508,0.566
dza,20210509,0.521
dza,20210510,0.498
dza,20210511,0.43
dza,20210512,0.611
dza,20210513,0.521
dza,20210514,0.589
dza,20210515,0.543
dza,20210516,0.498
dza,20210517,0.498
dza,20210518,0.475
dza,20210519,0.43
dza,20210520,0.498
dza,20210521,0.475
dza,20210522,0.407
dza,20210523,0.34
dza,20210524,0.453
dza,20210525,0.453
dza,20210526,0.43
dza,20210527,0.543
dza,20210528,0.589
dza,20210529,0.634
dza,20210530,0.498
dza,20210531,0.43
dza,20210601,0.521
dza,20210602,0.498
dza,20210603,0.521
dza,20210604,0.566
dza,20210605,0.543
dza,20210606,0.43
dza,20210607,0.453
dza,20210608,0.566
dza,20210609,0.611
dza,20210610,0.589
dza,20210611,0.566
dza,20210612,0.634
dza,20210613,0.634
dza,20210614,0.679
dza,20210615,0.702
dza,20210616,0.589
dza,20210618,0.521
dza,20210619,0.77
dza,20210620,0.656
dza,20210621,0.679
dza,20210622,0.679
dza,20210623,0.634
dza,20210624,0.543
dza,20210626,0.475
dza,20210627,0.43
dza,20210628,0.521
dza,20210629,0.611
dza,20210630,0.724
dza,20210701,0.634
dza,20210702,0.656
dza,20210703,0.656
dza,20210704,0.747
dza,20210705,0.77
dza,20210706,0.656
dza,20210707,0.656
dza,20210708,1.019
dza,20210709,0.996
dza,20210710,1.109
dza,20210711,0.883
dza,20210712,0.815
dza,20210713,0.815
dza,20210714,1.154
dza,20210715,1.109
dza,20210716,0.951
dza,20210717,1.064
dza,20210718,1.019
dza,20210719,1.041
dza,20210720,1.019
dza,20210721,0.973
dza,20210722,1.041
dza,20210723,0.951
dza,20210724,1.154
dza,20210725,1.019
dza,20210726,0.928
dza,20210727,0.815
dza,20210728,0.815
dza,20210729,0.838
dza,20210730,1.177
dza,20210731,1.064
dza,20210801,0.86
dza,20210802,0.656
dza,20210803,0.656
dza,20210804,0.838
dza,20210805,0.792
dza,20210806,1.177
dza,20210807,1.177
dza,20210808,1.087
dza,20210809,0.973
dza,20210810,0.724
dza,20210811,0.702
dza,20210812,0.86
dza,20210813,0.702
dza,20210814,0.815
dza,20210815,0.702
dza,20210816,0.747
dza,20210817,0.905
dza,20210818,0.679
dza,20210819,0.747
dza,20210820,0.724
dza,20210821,0.883
dza,20210822,0.838
dza,20210823,0.86
dza,20210824,0.86
dza,20210825,0.815
dza,20210826,0.747
dza,20210827,0.815
dza,20210828,0.838
dza,20210829,0.883
dza,20210830,0.928
dza,20210831,0.792
dza,20210901,0.792
dza,20210902,0.951
dza,20210903,0.951
dza,20210904,0.996
dza,20210905,0.883
dza,20210906,0.815
dza,20210907,0.86
dza,20210908,0.951
dza,20210909,0.838
dza,20210910,0.77
dza,20210911,0.634
dza,20210912,0.747
dza,20210913,0.656
dza,20210914,0.702
dza,20210915,0.453
dza,20210916,0.543
dza,20210917,0.566
dza,20210918,0.634
dza,20210919,0.475
dza,20210920,0.498
dza,20210921,0.521
dza,20210922,0.611
dza,20210923,0.475
dza,20210924,0.453
dza,20210925,0.294
dza,20210926,0.407
dza,20210927,0.407
dza,20210928,0.317
dza,20210929,0.34
dza,20210930,0.34
dza,20211001,0.34
dza,20211002,0.34
dza,20211003,0.407
dza,20211004,0.362
dza,20211005,0.34
dza,20211006,0.407
dza,20211007,0.453
dza,20211008,0.317
dza,20211009,0.294
dza,20211010,0.34
dza,20211011,0.317
dza,20211012,0.294
dza,20211013,0.249
dza,20211014,0.272
dza,20211015,0.294
dza,20211016,0.294
dza,20211017,0.294
dza,20211018,0.249
dza,20211019,0.362
dza,20211020,0.385
dza,20211021,0.362
dza,20211022,0.294
dza,20211023,0.362
dza,20211024,0.362
dza,20211025,0.249
dza,20211026,0.226
dza,20211027,0.34
dza,20211028,0.317
dza,20211029,0.226
dza,20211030,0.204
dza,20211031,0.249
dza,20211101,0.317
dza,20211102,0.34
dza,20211103,0.362
dza,20211104,0.407
dza,20211105,0.362
dza,20211106,0.453
dza,20211107,0.34
dza,20211108,0.34
dza,20211109,0.362
dza,20211110,0.43
dza,20211111,0.566
dza,20211112,0.362
dza,20211113,0.43
dza,20211114,0.407
dza,20211115,0.498
dza,20211116,0.43
dza,20211117,0.453
dza,20211118,0.498
dza,20211119,0.498
dza,20211120,0.543
dza,20211121,0.521
dza,20211122,0.498
dza,20211123,0.475
dza,20211124,0.407
dza,20211125,0.498
dza,20211126,0.521
dza,20211127,0.475
dza,20211128,0.453
dza,20211129,0.385
dza,20211130,0.317
dza,20211201,0.362
dza,20211202,0.34
dza,20211203,0.34
dza,20211204,0.34
dza,20211205,0.362
dza,20211206,0.317
dza,20211207,0.453
dza,20211208,0.43
dza,20211209,0.453
dza,20211210,0.498
dza,20211211,0.543
dza,20211212,0.634
dza,20211213,0.589
dza,20211214,0.634
dza,20211215,0.589
dza,20211216,0.679
dza,20211217,0.611
dza,20211218,0.543
dza,20211219,0.475
dza,20211220,0.498
dza,20211221,0.475
dza,20211222,0.589
dza,20211223,0.679
dza,20211224,0.77
dza,20211225,0.815
dza,20211226,0.86
dza,20211227,0.77
dza,20211228,0.611
dza,20211229,0.634
dza,20211230,0.611
dza,20211231,0.589
dza,20220101,0.611
dza,20220102,0.679
dza,20220103,0.77
dza,20220104,0.724
dza,20220105,0.747
dza,20220106,0.747
dza,20220107,0.702
dza,20220108,0.792
dza,20220109,0.747
dza,20220110,0.883
dza,20220111,0.838
dza,20220112,0.928
dza,20220113,0.928
dza,20220114,0.792
dza,20220115,0.724
dza,20220116,1.019
dza,20220117,0.905
dza,20220118,0.838
dza,20220119,0.883
dza,20220120,1.109
dza,20220121,1.064
dza,20220122,0.973
dza,20220123,0.883
dza,20220124,0.883
dza,20220125,0.996
dza,20220126,1.041
dza,20220127,0.951
dza,20220128,0.973
dza,20220129,0.973
dza,20220130,0.905
dza,20220131,0.724
dza,20220201,0.883
dza,20220202,0.928
dza,20220203,0.905
dza,20220204,0.905
dza,20220205,0.77
dza,20220206,0.611
dza,20220207,0.77
dza,20220208,0.475
dza,20220209,0.611
dza,20220210,0.792
dza,20220211,0.634
dza,20220212,0.611
dza,20220213,0.521
dza,20220214,0.611
dza,20220215,0.566
dza,20220216,0.566
dza,20220217,0.43
dza,20220218,0.521
dza,20220219,0.362
dza,20220220,0.407
dza,20220221,0.407
dza,20220222,0.407
dza,20220223,0.407
dza,20220224,0.317
dza,20220225,0.407
dza,20220226,0.272
dza,20220227,0.317
dza,20220228,0.249
dza,20220301,0.294
dza,20220302,0.294
dza,20220303,0.34
dza,20220304,0.249
dza,20220305,0.317
dza,20220306,0.294
dza,20220307,0.249
dza,20220308,0.317
dza,20220309,0.294
dza,20220310,0.226
dza,20220311,0.249
dza,20220312,0.226
dza,20220313,0.181
dza,20220314,0.136
dza,20220315,0.136
dza,20220316,0.158
dza,20220317,0.181
dza,20220318,0.136
dza,20220319,0.113
dza,20220320,0.158
dza,20220321,0.158
dza,20220322,0.136
dza,20220323,0.158
dza,20220324,0.136
dza,20220325,0.113
dza,20220326,0.226
dza,20220327,0.113
dza,20220328,0.113
dza,20220329,0.136
dza,20220330,0.113
dza,20220331,0.113
dza,20220401,0.136
dza,20220402,0.136
dza,20220403,0.136
dza,20220404,0.136
dza,20220405,0.136
dza,20220406,0.091
dza,20220407,0.113
dza,20220408,0.068
dza,20220409,0.068
dza,20220410,0.091
dza,20220411,0.068
dza,20220412,0.045
dza,20220413,0.045
dza,20220414,0.023
dza,20220415,0.023
dza,20220416,0.023
dza,20220417,0.023
dza,20220418,0.023
dza,20220419,0.023
dza,20220420,0.023
dza,20220421,0.023
dza,20220422,0.023
dza,20220423,0.023
dza,20220424,0.023
dza,20220425,0.023
dza,20220426,0.023
dza,20220427,0.023
dza,20220428,0.023
dza,20220429,0.023
dza,20220430,0.023
dza,20220501,0.023
dza,20220502,0.023
dza,20220503,0.023
dza,20220504,0.023
dza,20220505,0.023
dza,20220506,0.023
dza,20220507,0.023
dza,20220508,0.023
dza,20220509,0.023
dza,20220510,0.023
dza,20220511,0
dza,20220512,0
dza,20220513,0
dza,20220514,0
dza,20220515,0
dza,20220516,0
dza,20220517,0.023
dza,20220518,0.023
dza,20220519,0
dza,20220520,0
dza,20220521,0
dza,20220522,0
dza,20220523,0.023
dza,20220524,0
dza,20220525,0
dza,20220526,0
dza,20220527,0
dza,20220528,0
dza,20220529,0
dza,20220530,0.023
dza,20220531,0.023
dza,20220601,0.023
dza,20220602,0.023
dza,20220603,0.023
dza,20220604,0.023
dza,20220605,0.023
dza,20220606,0.023
dza,20220607,0
dza,20220608,0
dza,20220609,0
dza,20220610,0
dza,20220611,0
dza,20220612,0
dza,20220613,0
dza,20220614,0
dza,20220615,0
dza,20220616,0
dza,20220617,0
dza,20220618,0
dza,20220619,0
dza,20220620,0
dza,20220621,0
dza,20220622,0
dza,20220623,0
dza,20220624,0
dza,20220625,0
dza,20220626,0
dza,20220627,0
dza,20220628,0
dza,20220629,0
dza,20220630,0
dza,20220701,0
dza,20220702,0
dza,20220703,0
dza,20220704,0.023
dza,20220705,0.023
dza,20220706,0.023
dza,20220707,0.023
dza,20220708,0.023
dza,20220709,0.023
dza,20220710,0.045
dza,20220711,0.023
dza,20220712,0.023
dza,20220713,0.023
dza,20220714,0.045
dza,20220715,0.068
dza,20220716,0.068
dza,20220717,0.045
dza,20220718,0.068
dza,20220719,0.068
dza,20220720,0.068
dza,20220721,0.068
dza,20220722,0.068
dza,20220723,0.068
dza,20220724,0.091
dza,20220725,0.068
dza,20220726,0.091
dza,20220727,0.068
dza,20220728,0.091
dza,20220729,0.091
dza,20220730,0.091
dza,20220731,0.091
dza,20220801,0.136
dza,20220802,0.294
dza,20220803,0.113
dza,20220804,0.045
dza,20220805,0.045
dza,20220806,0.045
dza,20220807,0.023
dza,20220808,0
dza,20220809,0
dza,20220810,0
dza,20220811,0.023
dza,20220812,0.068
dza,20220813,0.091
dza,20220814,0.068
dza,20220815,0.045
dza,20220816,0.023
dza,20220817,0.045
dza,20220818,0.023
dza,20220819,0.045
dza,20220820,0.045
dza,20220821,0.045
dza,20220822,0.068
dza,20220823,0.091
dza,20220824,0.091
dza,20220825,0.091
dza,20220826,0.091
dza,20220827,0.091
dza,20220828,0.113
dza,20220829,0.136
dza,20220830,0.158
dza,20220831,0.136
dza,20220901,0.045
dza,20220902,0.045
dza,20220903,0.045
dza,20220904,0.045
dza,20220905,0.091
dza,20220906,0.045
dza,20220907,0.045
dza,20220908,0.023
dza,20220909,0.091
dza,20220910,0.045
dza,20220911,0.023
dza,20220912,0.045
dza,20220913,0.045
esp,20200801,5.265
esp,20200802,5.938
esp,20200803,6.17
esp,20200804,6.549
esp,20200805,6.465
esp,20200806,6.802
esp,20200807,7.181
esp,20200808,7.16
esp,20200809,7.96
esp,20200810,7.792
esp,20200811,8.465
esp,20200812,8.739
esp,20200813,9.224
esp,20200814,9.582
esp,20200815,9.624
esp,20200816,10.403
esp,20200817,10.761
esp,20200818,11.182
esp,20200819,11.519
esp,20200820,12.045
esp,20200821,12.635
esp,20200822,12.846
esp,20200823,14.214
esp,20200824,14.804
esp,20200825,15.162
esp,20200826,15.52
esp,20200827,16.278
esp,20200828,17.099
esp,20200829,17.415
esp,20200830,18.237
esp,20200831,18.51
esp,20200901,19.29
esp,20200902,19.963
esp,20200903,20.616
esp,20200904,20.848
esp,20200905,21.058
esp,20200906,22.638
esp,20200907,23.333
esp,20200908,23.922
esp,20200909,24.428
esp,20200910,24.87
esp,20200911,25.396
esp,20200912,25.06
esp,20200913,26.365
esp,20200914,26.976
esp,20200915,26.997
esp,20200916,28.071
esp,20200917,28.281
esp,20200918,28.955
esp,20200919,28.976
esp,20200920,30.008
esp,20200921,30.282
esp,20200922,30.24
esp,20200923,30.514
esp,20200924,30.851
esp,20200925,31.314
esp,20200926,31.567
esp,20200927,32.367
esp,20200928,32.493
esp,20200929,32.409
esp,20200930,32.872
esp,20201001,32.977
esp,20201002,33.567
esp,20201003,32.851
esp,20201004,33.272
esp,20201005,32.514
esp,20201006,33.02
esp,20201007,33.378
esp,20201008,33.483
esp,20201009,33.293
esp,20201010,33.272
esp,20201011,33.314
esp,20201012,34.283
esp,20201013,34.789
esp,20201014,35.841
esp,20201015,36.621
esp,20201016,37.21
esp,20201017,37.4
esp,20201018,39.169
esp,20201019,40.348
esp,20201020,40.643
esp,20201021,41.675
esp,20201022,42.77
esp,20201023,44.56
esp,20201024,44.96
esp,20201025,46.539
esp,20201026,48.392
esp,20201027,49.866
esp,20201028,50.519
esp,20201029,52.267
esp,20201030,53.615
esp,20201031,53.973
esp,20201101,55.805
esp,20201102,58.205
esp,20201103,58.669
esp,20201104,59.006
esp,20201105,60.29
esp,20201106,61.743
esp,20201107,61.849
esp,20201108,64.186
esp,20201109,64.565
esp,20201110,65.134
esp,20201111,65.723
esp,20201112,65.808
esp,20201113,65.45
esp,20201114,65.492
esp,20201115,66.65
esp,20201116,65.85
esp,20201117,65.702
esp,20201118,65.85
esp,20201119,65.113
esp,20201120,62.354
esp,20201121,62.228
esp,20201122,61.596
esp,20201123,60.248
esp,20201124,59.764
esp,20201125,59.279
esp,20201126,58.416
esp,20201127,56.626
esp,20201128,56.437
esp,20201129,55.615
esp,20201130,54.541
esp,20201201,52.309
esp,20201202,51.319
esp,20201203,49.866
esp,20201204,48.224
esp,20201205,47.992
esp,20201206,47.403
esp,20201207,45.739
esp,20201208,45.886
esp,20201209,45.339
esp,20201210,44.223
esp,20201211,43.78
esp,20201212,43.338
esp,20201213,43.549
esp,20201214,42.685
esp,20201215,41.359
esp,20201216,41.169
esp,20201217,40.432
esp,20201218,40.306
esp,20201219,40.306
esp,20201220,40.938
esp,20201221,40.137
esp,20201222,40.664
esp,20201223,40.158
esp,20201224,40.201
esp,20201225,40.58
esp,20201226,39.758
esp,20201227,42.601
esp,20201228,42.538
esp,20201229,42.875
esp,20201230,43.633
esp,20201231,42.664
esp,20210101,43.907
esp,20210102,42.917
esp,20210103,46.16
esp,20210104,46.75
esp,20210105,46.623
esp,20210106,48.582
esp,20210107,48.813
esp,20210108,49.15
esp,20210109,49.677
esp,20210110,53.425
esp,20210111,55.826
esp,20210112,57.826
esp,20210113,59.995
esp,20210114,62.186
esp,20210115,63.302
esp,20210116,63.997
esp,20210117,69.366
esp,20210118,72.125
esp,20210119,75.41
esp,20210120,78.59
esp,20210121,82.296
esp,20210122,85.244
esp,20210123,86.108
esp,20210124,90.214
esp,20210125,93.352
esp,20210126,95.079
esp,20210127,97.037
esp,20210128,99.543
esp,20210129,100.533
esp,20210130,100.743
esp,20210131,103.06
esp,20210201,102.197
esp,20210202,101.839
esp,20210203,101.986
esp,20210204,100.975
esp,20210205,100.28
esp,20210206,99.901
esp,20210207,99.648
esp,20210208,96.721
esp,20210209,95.984
esp,20210210,93.647
esp,20210211,91.625
esp,20210212,90.214
esp,20210213,90.004
esp,20210214,88.361
esp,20210215,85.35
esp,20210216,82.317
esp,20210217,80.864
esp,20210218,78.737
esp,20210219,76.442
esp,20210220,76.295
esp,20210221,74.526
esp,20210222,70.904
esp,20210223,68.292
esp,20210224,65.976
esp,20210225,63.617
esp,20210226,62.291
esp,20210227,62.186
esp,20210228,61.554
esp,20210301,58.879
esp,20210302,57.068
esp,20210303,55.068
esp,20210304,54.141
esp,20210305,53.215
esp,20210306,53.088
esp,20210307,52.035
esp,20210308,49.824
esp,20210309,49.087
esp,20210310,47.234
esp,20210311,46.013
esp,20210312,44.665
esp,20210313,44.623
esp,20210314,44.475
esp,20210315,42.896
esp,20210316,42.054
esp,20210317,41.064
esp,20210318,41.232
esp,20210319,40.243
esp,20210320,40.285
esp,20210321,41.022
esp,20210322,39.506
esp,20210323,39.063
esp,20210324,39.021
esp,20210325,38.537
esp,20210326,38.158
esp,20210327,38.074
esp,20210328,39.316
esp,20210329,39.021
esp,20210330,38.579
esp,20210331,38.811
esp,20210401,38.895
esp,20210402,39.506
esp,20210403,38.621
esp,20210404,40.664
esp,20210405,41.948
esp,20210406,42.306
esp,20210407,42.622
esp,20210408,43.17
esp,20210409,43.696
esp,20210410,43.759
esp,20210411,45.655
esp,20210412,45.318
esp,20210413,45.339
esp,20210414,45.149
esp,20210415,45.907
esp,20210416,46.223
esp,20210417,46.602
esp,20210418,47.929
esp,20210419,48.14
esp,20210420,48.182
esp,20210421,48.076
esp,20210422,48.371
esp,20210423,48.498
esp,20210424,48.498
esp,20210425,49.614
esp,20210426,49.108
esp,20210427,48.771
esp,20210428,48.898
esp,20210429,48.476
esp,20210430,48.35
esp,20210501,48.203
esp,20210502,48.75
esp,20210503,48.203
esp,20210504,47.192
esp,20210505,46.581
esp,20210506,45.971
esp,20210507,45.381
esp,20210508,45.402
esp,20210509,44.939
esp,20210510,42.917
esp,20210511,41.927
esp,20210512,40.664
esp,20210513,39.99
esp,20210514,39.021
esp,20210515,38.495
esp,20210516,38.663
esp,20210517,37.316
esp,20210518,36.621
esp,20210519,35.547
esp,20210520,34.746
esp,20210521,34.157
esp,20210522,34.136
esp,20210523,34.283
esp,20210524,32.662
esp,20210525,31.567
esp,20210526,30.893
esp,20210527,30.029
esp,20210528,29.208
esp,20210529,29.208
esp,20210530,28.366
esp,20210531,27.06
esp,20210601,26.028
esp,20210602,25.375
esp,20210603,24.47
esp,20210604,23.543
esp,20210605,23.649
esp,20210606,23.67
esp,20210607,22.912
esp,20210608,21.901
esp,20210609,21.164
esp,20210610,20.342
esp,20210611,19.521
esp,20210612,19.584
esp,20210613,19.332
esp,20210614,18.932
esp,20210615,17.963
esp,20210616,17.584
esp,20210617,16.699
esp,20210618,16.047
esp,20210619,16.068
esp,20210620,16.215
esp,20210621,15.331
esp,20210622,14.383
esp,20210623,13.793
esp,20210624,13.498
esp,20210625,13.33
esp,20210626,13.246
esp,20210627,13.52
esp,20210628,13.056
esp,20210629,12.656
esp,20210630,12.298
esp,20210701,12.34
esp,20210702,12.446
esp,20210703,12.446
esp,20210704,12.888
esp,20210705,12.782
esp,20210706,12.593
esp,20210707,12.74
esp,20210708,13.204
esp,20210709,13.414
esp,20210710,13.288
esp,20210711,15.141
esp,20210712,15.752
esp,20210713,16.784
esp,20210714,17.626
esp,20210715,18.342
esp,20210716,18.595
esp,20210717,18.7
esp,20210718,21.795
esp,20210719,23.501
esp,20210720,24.849
esp,20210721,26.112
esp,20210722,27.207
esp,20210723,27.565
esp,20210724,27.776
esp,20210725,31.293
esp,20210726,32.472
esp,20210727,33.546
esp,20210728,34.641
esp,20210729,35.757
esp,20210730,35.799
esp,20210731,36.073
esp,20210801,39.084
esp,20210802,39.316
esp,20210803,40.095
esp,20210804,40.411
esp,20210805,40.601
esp,20210806,40.895
esp,20210807,41.022
esp,20210808,42.77
esp,20210809,41.864
esp,20210810,41.001
esp,20210811,40.453
esp,20210812,40.474
esp,20210813,40.453
esp,20210814,40.369
esp,20210815,40.264
esp,20210816,40.032
esp,20210817,39.042
esp,20210818,38.811
esp,20210819,38.284
esp,20210820,37.989
esp,20210821,37.968
esp,20210822,38.621
esp,20210823,37
esp,20210824,37.021
esp,20210825,35.778
esp,20210826,35.462
esp,20210827,35.399
esp,20210828,35.378
esp,20210829,34.767
esp,20210830,33.083
esp,20210831,31.882
esp,20210901,31.398
esp,20210902,30.745
esp,20210903,30.535
esp,20210904,30.535
esp,20210905,29.124
esp,20210906,28.387
esp,20210907,27.544
esp,20210908,26.47
esp,20210909,25.839
esp,20210910,25.86
esp,20210911,25.797
esp,20210912,24.68
esp,20210913,23.88
esp,20210914,23.101
esp,20210915,22.28
esp,20210916,21.669
esp,20210917,21.395
esp,20210918,21.374
esp,20210919,20.511
esp,20210920,19.479
esp,20210921,18.826
esp,20210922,18.258
esp,20210923,17.626
esp,20210924,17.289
esp,20210925,17.226
esp,20210926,16.952
esp,20210927,16.173
esp,20210928,15.331
esp,20210929,14.783
esp,20210930,14.193
esp,20211001,14.172
esp,20211002,14.088
esp,20211003,13.372
esp,20211004,12.677
esp,20211005,12.088
esp,20211006,11.582
esp,20211007,11.266
esp,20211008,11.161
esp,20211009,11.077
esp,20211010,10.613
esp,20211011,10.066
esp,20211012,10.213
esp,20211013,9.476
esp,20211014,9.329
esp,20211015,9.203
esp,20211016,9.16
esp,20211017,9.35
esp,20211018,9.097
esp,20211019,9.413
esp,20211020,9.139
esp,20211021,9.16
esp,20211022,9.181
esp,20211023,9.139
esp,20211024,9.055
esp,20211025,9.055
esp,20211026,8.845
esp,20211027,8.697
esp,20211028,8.655
esp,20211029,8.655
esp,20211030,8.718
esp,20211031,8.571
esp,20211101,8.318
esp,20211102,8.634
esp,20211103,8.423
esp,20211104,8.129
esp,20211105,8.15
esp,20211106,8.023
esp,20211107,8.36
esp,20211108,8.129
esp,20211109,8.487
esp,20211110,8.339
esp,20211111,8.297
esp,20211112,8.318
esp,20211113,8.255
esp,20211114,8.95
esp,20211115,8.887
esp,20211116,9.413
esp,20211117,9.539
esp,20211118,9.645
esp,20211119,9.729
esp,20211120,9.624
esp,20211121,10.992
esp,20211122,11.456
esp,20211123,11.793
esp,20211124,11.982
esp,20211125,12.551
esp,20211126,12.909
esp,20211127,12.782
esp,20211128,14.046
esp,20211129,14.888
esp,20211130,15.499
esp,20211201,16.236
esp,20211202,17.036
esp,20211203,17.31
esp,20211204,17.099
esp,20211205,16.447
esp,20211206,18.721
esp,20211207,18.658
esp,20211208,21.838
esp,20211209,22.217
esp,20211210,22.09
esp,20211211,22.132
esp,20211212,24.301
esp,20211213,25.123
esp,20211214,25.944
esp,20211215,27.06
esp,20211216,27.502
esp,20211217,27.523
esp,20211218,27.313
esp,20211219,29.987
esp,20211220,30.851
esp,20211221,30.724
esp,20211222,31.819
esp,20211223,31.967
esp,20211224,32.009
esp,20211225,32.03
esp,20211226,35.82
esp,20211227,36.263
esp,20211228,37.147
esp,20211229,37.779
esp,20211230,38.137
esp,20211231,38.158
esp,20220101,38.368
esp,20220102,39.021
esp,20220103,41.317
esp,20220104,42.222
esp,20220105,42.033
esp,20220106,43.296
esp,20220107,43.296
esp,20220108,43.064
esp,20220109,46.055
esp,20220110,46.223
esp,20220111,46.918
esp,20220112,46.897
esp,20220113,46.729
esp,20220114,46.834
esp,20220115,46.286
esp,20220116,46.223
esp,20220117,46.139
esp,20220118,46.96
esp,20220119,46.413
esp,20220120,46.371
esp,20220121,47.171
esp,20220122,46.771
esp,20220123,47.424
esp,20220124,46.35
esp,20220125,45.318
esp,20220126,44.181
esp,20220127,43.212
esp,20220128,43.149
esp,20220129,43.107
esp,20220130,43.823
esp,20220131,42.833
esp,20220201,41.948
esp,20220202,40.853
esp,20220203,39.548
esp,20220204,39.506
esp,20220205,39.379
esp,20220206,38.705
esp,20220207,37.189
esp,20220208,35.799
esp,20220209,34.388
esp,20220210,33.335
esp,20220211,33.02
esp,20220212,32.893
esp,20220213,32.135
esp,20220214,30.682
esp,20220215,28.85
esp,20220216,28.45
esp,20220217,26.723
esp,20220218,26.344
esp,20220219,26.26
esp,20220220,25.418
esp,20220221,24.617
esp,20220222,24.175
esp,20220223,22.933
esp,20220224,21.901
esp,20220225,21.522
esp,20220226,21.585
esp,20220227,20.427
esp,20220228,19.816
esp,20220301,18.784
esp,20220302,18.51
esp,20220303,17.921
esp,20220304,17.331
esp,20220305,17.331
esp,20220306,16.931
esp,20220307,15.794
esp,20220308,15.309
esp,20220309,15.162
esp,20220310,14.467
esp,20220311,14.467
esp,20220312,14.383
esp,20220313,14.067
esp,20220314,13.414
esp,20220315,12.74
esp,20220316,12.467
esp,20220317,11.982
esp,20220318,11.73
esp,20220319,11.73
esp,20220320,11.393
esp,20220321,11.245
esp,20220322,11.329
esp,20220323,10.656
esp,20220324,10.361
esp,20220325,10.298
esp,20220326,10.277
esp,20220327,9.982
esp,20220328,9.329
esp,20220329,9.287
esp,20220330,8.739
esp,20220331,8.781
esp,20220401,8.613
esp,20220402,8.55
esp,20220403,8.213
esp,20220404,7.728
esp,20220405,7.539
esp,20220406,7.665
esp,20220407,7.539
esp,20220408,7.497
esp,20220409,7.476
esp,20220410,7.539
esp,20220411,7.118
esp,20220412,7.16
esp,20220413,7.012
esp,20220414,6.97
esp,20220415,6.528
esp,20220416,2.316
esp,20220417,4.464
esp,20220418,7.37
esp,20220419,6.991
esp,20220420,6.97
esp,20220421,6.886
esp,20220422,6.823
esp,20220423,6.823
esp,20220424,7.476
esp,20220425,7.097
esp,20220426,6.97
esp,20220427,6.886
esp,20220428,6.676
esp,20220429,6.802
esp,20220430,6.633
esp,20220501,7.034
esp,20220502,7.223
esp,20220503,7.181
esp,20220504,7.476
esp,20220505,7.244
esp,20220506,7.223
esp,20220507,7.223
esp,20220508,7.413
esp,20220509,7.37
esp,20220510,7.16
esp,20220511,7.602
esp,20220512,7.265
esp,20220513,7.265
esp,20220514,7.265
esp,20220515,7.665
esp,20220516,7.602
esp,20220517,7.749
esp,20220518,7.581
esp,20220519,7.602
esp,20220520,7.749
esp,20220521,7.707
esp,20220522,7.602
esp,20220523,7.581
esp,20220524,7.792
esp,20220525,7.834
esp,20220526,7.581
esp,20220527,7.497
esp,20220528,7.434
esp,20220529,6.991
esp,20220530,7.097
esp,20220531,6.907
esp,20220601,6.549
esp,20220602,6.865
esp,20220603,6.676
esp,20220604,6.633
esp,20220605,6.402
esp,20220606,6.612
esp,20220607,6.76
esp,20220608,6.549
esp,20220609,6.739
esp,20220610,6.697
esp,20220611,6.654
esp,20220612,7.012
esp,20220613,7.097
esp,20220614,7.37
esp,20220615,7.139
esp,20220616,6.991
esp,20220617,6.886
esp,20220618,6.865
esp,20220619,7.413
esp,20220620,7.602
esp,20220621,7.792
esp,20220622,8.129
esp,20220623,8.634
esp,20220624,8.55
esp,20220625,8.508
esp,20220626,8.866
esp,20220627,9.034
esp,20220628,8.676
esp,20220629,9.308
esp,20220630,9.224
esp,20220701,9.434
esp,20220702,9.434
esp,20220703,10.255
esp,20220704,10.403
esp,20220705,10.255
esp,20220706,10.635
esp,20220707,10.319
esp,20220708,10.192
esp,20220709,9.687
esp,20220710,10.529
esp,20220711,10.213
esp,20220712,10.656
esp,20220713,10.719
esp,20220714,10.361
esp,20220715,10.403
esp,20220716,10.382
esp,20220717,11.224
esp,20220718,10.992
esp,20220719,10.592
esp,20220720,10.803
esp,20220721,10.677
esp,20220722,10.656
esp,20220723,10.635
esp,20220724,10.698
esp,20220725,10.361
esp,20220726,9.94
esp,20220727,9.603
esp,20220728,9.455
esp,20220729,9.308
esp,20220730,9.287
esp,20220731,9.034
esp,20220801,8.739
esp,20220802,8.192
esp,20220803,8.065
esp,20220804,7.665
esp,20220805,7.728
esp,20220806,7.728
esp,20220807,7.876
esp,20220808,8.192
esp,20220809,7.728
esp,20220810,7.707
esp,20220811,7.244
esp,20220812,7.202
esp,20220813,7.181
esp,20220814,7.055
esp,20220815,6.423
esp,20220816,6.57
esp,20220817,6.191
esp,20220818,5.938
esp,20220819,5.96
esp,20220820,5.96
esp,20220821,5.644
esp,20220822,5.349
esp,20220823,5.201
esp,20220824,5.075
esp,20220825,4.464
esp,20220826,4.485
esp,20220827,4.549
esp,20220828,4.675
esp,20220829,4.696
esp,20220830,4.443
esp,20220831,4.275
esp,20220901,4.528
esp,20220902,4.696
esp,20220903,4.717
esp,20220904,4.191
esp,20220905,4.043
esp,20220906,3.727
esp,20220907,3.812
esp,20220908,3.706
esp,20220909,3.622
esp,20220910,3.538
esp,20220911,3.496
esp,20220912,3.327
esp,20220913,2.99
esp,20220914,3.075
esp,20220915,3.222
est,20200225,0
est,20200226,0
est,20200227,0
est,20200228,0
est,20200229,0
est,20200301,0
est,20200302,0
est,20200303,0
est,20200304,0
est,20200305,0
est,20200306,0
est,20200307,0
est,20200308,0
est,20200309,0
est,20200310,0
est,20200311,0
est,20200312,0
est,20200313,0
est,20200314,0
est,20200315,0
est,20200316,0
est,20200317,0
est,20200318,0
est,20200319,0
est,20200320,0
est,20200321,0
est,20200322,0
est,20200323,0
est,20200324,0
est,20200325,0
est,20200326,0
est,20200327,0
est,20200328,0
est,20200329,0
est,20200330,0
est,20200331,0
est,20200401,0
est,20200402,0
est,20200403,0
est,20200404,0
est,20200405,0
est,20200406,0
est,20200407,0
est,20200408,0
est,20200409,0
est,20200410,0
est,20200411,0
est,20200412,0
est,20200413,0
est,20200414,0
est,20200415,0
est,20200416,0
est,20200417,0
est,20200418,10.537
est,20200419,10.537
est,20200420,9.784
est,20200421,9.031
est,20200422,8.279
est,20200423,7.526
est,20200424,8.279
est,20200425,8.279
est,20200426,9.031
est,20200427,9.784
est,20200428,9.031
est,20200429,6.774
est,20200430,6.774
est,20200501,6.774
est,20200502,6.774
est,20200503,7.526
est,20200504,7.526
est,20200505,6.021
est,20200506,5.268
est,20200507,4.516
est,20200508,4.516
est,20200509,4.516
est,20200510,4.516
est,20200511,4.516
est,20200512,4.516
est,20200513,4.516
est,20200514,4.516
est,20200515,4.516
est,20200516,4.516
est,20200517,5.268
est,20200518,3.763
est,20200519,3.763
est,20200520,3.01
est,20200521,2.258
est,20200522,3.01
est,20200523,3.763
est,20200524,3.763
est,20200525,0.753
est,20200526,0.753
est,20200527,0.753
est,20200528,1.505
est,20200529,1.505
est,20200530,1.505
est,20200531,1.505
est,20200601,0.753
est,20200602,0.753
est,20200603,0.753
est,20200604,0
est,20200605,0
est,20200606,0
est,20200607,0
est,20200608,0
est,20200609,0
est,20200610,0
est,20200611,0
est,20200612,0.753
est,20200613,0.753
est,20200614,0.753
est,20200615,0.753
est,20200616,0.753
est,20200617,0.753
est,20200618,0.753
est,20200619,0.753
est,20200620,0.753
est,20200621,0.753
est,20200622,0.753
est,20200623,1.505
est,20200624,0.753
est,20200625,0.753
est,20200626,0.753
est,20200627,0.753
est,20200628,0.753
est,20200629,0.753
est,20200630,0.753
est,20200701,0.753
est,20200702,0.753
est,20200703,0.753
est,20200704,0.753
est,20200705,0.753
est,20200706,0.753
est,20200707,0.753
est,20200708,1.505
est,20200709,1.505
est,20200710,1.505
est,20200711,1.505
est,20200712,1.505
est,20200713,1.505
est,20200714,1.505
est,20200715,1.505
est,20200716,1.505
est,20200717,1.505
est,20200718,1.505
est,20200719,1.505
est,20200720,1.505
est,20200721,1.505
est,20200722,1.505
est,20200723,0.753
est,20200724,0.753
est,20200725,0.753
est,20200726,0.753
est,20200727,0.753
est,20200728,0.753
est,20200729,0.753
est,20200730,0.753
est,20200731,0.753
est,20200801,0.753
est,20200802,1.505
est,20200803,1.505
est,20200804,0.753
est,20200805,0.753
est,20200806,0.753
est,20200807,1.505
est,20200808,1.505
est,20200809,1.505
est,20200810,1.505
est,20200811,1.505
est,20200812,0.753
est,20200813,0.753
est,20200814,0.753
est,20200815,0.753
est,20200816,0.753
est,20200817,0.753
est,20200818,0.753
est,20200819,0
est,20200820,0
est,20200821,0
est,20200822,0
est,20200823,0
est,20200824,0
est,20200825,0
est,20200826,0
est,20200827,0
est,20200828,0
est,20200829,0
est,20200830,0
est,20200831,0
est,20200901,0
est,20200902,0
est,20200903,0
est,20200904,0
est,20200905,0
est,20200906,0
est,20200907,0.753
est,20200908,1.505
est,20200909,1.505
est,20200910,1.505
est,20200911,1.505
est,20200912,1.505
est,20200913,0.753
est,20200914,1.505
est,20200915,3.01
est,20200916,3.01
est,20200917,3.01
est,20200918,3.01
est,20200919,3.763
est,20200920,3.763
est,20200921,2.258
est,20200922,2.258
est,20200923,1.505
est,20200924,0.753
est,20200925,0.753
est,20200926,0.753
est,20200927,1.505
est,20200928,1.505
est,20200929,1.505
est,20200930,1.505
est,20201001,1.505
est,20201002,3.01
est,20201003,3.01
est,20201004,3.763
est,20201005,3.763
est,20201006,3.763
est,20201007,3.763
est,20201008,3.763
est,20201009,3.763
est,20201010,3.763
est,20201011,3.763
est,20201012,2.258
est,20201013,2.258
est,20201014,2.258
est,20201015,2.258
est,20201016,2.258
est,20201017,2.258
est,20201018,1.505
est,20201019,2.258
est,20201020,2.258
est,20201021,1.505
est,20201022,2.258
est,20201023,2.258
est,20201024,3.01
est,20201025,3.01
est,20201026,3.01
est,20201027,3.01
est,20201028,3.01
est,20201029,3.01
est,20201030,3.01
est,20201031,3.01
est,20201101,3.01
est,20201102,2.258
est,20201103,3.01
est,20201104,3.01
est,20201105,4.516
est,20201106,4.516
est,20201107,4.516
est,20201108,5.268
est,20201109,6.774
est,20201110,6.774
est,20201111,6.774
est,20201112,6.774
est,20201113,7.526
est,20201114,9.031
est,20201115,7.526
est,20201116,7.526
est,20201117,10.537
est,20201118,11.289
est,20201119,12.042
est,20201120,12.042
est,20201121,12.794
est,20201122,14.3
est,20201123,12.794
est,20201124,14.3
est,20201125,15.052
est,20201126,13.547
est,20201127,15.052
est,20201128,15.052
est,20201129,15.805
est,20201130,18.063
est,20201201,18.063
est,20201202,16.558
est,20201203,17.31
est,20201204,18.815
est,20201205,19.568
est,20201206,19.568
est,20201207,18.815
est,20201208,18.063
est,20201209,19.568
est,20201210,18.063
est,20201211,20.321
est,20201212,21.073
est,20201213,21.826
est,20201214,21.826
est,20201215,24.084
est,20201216,24.836
est,20201217,21.826
est,20201218,23.331
est,20201219,24.084
est,20201220,21.826
est,20201221,24.084
est,20201222,26.342
est,20201223,27.847
est,20201224,30.105
est,20201225,32.362
est,20201226,30.857
est,20201227,33.115
est,20201228,33.115
est,20201229,30.105
est,20201230,32.362
est,20201231,30.857
est,20210101,31.61
est,20210102,35.373
est,20210103,34.62
est,20210104,35.373
est,20210105,37.631
est,20210106,33.115
est,20210107,31.61
est,20210108,31.61
est,20210109,32.362
est,20210110,32.362
est,20210111,32.362
est,20210112,33.115
est,20210113,33.115
est,20210114,33.115
est,20210115,33.115
est,20210116,33.868
est,20210117,33.115
est,20210118,34.62
est,20210119,33.868
est,20210120,34.62
est,20210121,33.868
est,20210122,33.115
est,20210123,33.868
est,20210124,30.857
est,20210125,29.352
est,20210126,30.857
est,20210127,31.61
est,20210128,31.61
est,20210129,27.847
est,20210130,28.599
est,20210131,23.331
est,20210201,23.331
est,20210202,24.836
est,20210203,27.094
est,20210204,24.084
est,20210205,24.836
est,20210206,23.331
est,20210207,23.331
est,20210208,26.342
est,20210209,24.084
est,20210210,23.331
est,20210211,25.589
est,20210212,27.094
est,20210213,27.094
est,20210214,26.342
est,20210215,26.342
est,20210216,26.342
est,20210217,27.094
est,20210218,28.599
est,20210219,27.094
est,20210220,30.857
est,20210221,30.105
est,20210222,29.352
est,20210223,30.857
est,20210224,31.61
est,20210225,30.857
est,20210226,32.362
est,20210227,33.115
est,20210228,35.373
est,20210301,36.126
est,20210302,37.631
est,20210303,41.394
est,20210304,42.899
est,20210305,42.899
est,20210306,40.641
est,20210307,43.652
est,20210308,43.652
est,20210309,45.157
est,20210310,46.662
est,20210311,48.92
est,20210312,48.92
est,20210313,51.93
est,20210314,50.425
est,20210315,49.673
est,20210316,52.683
est,20210317,51.178
est,20210318,54.188
est,20210319,51.178
est,20210320,51.178
est,20210321,50.425
est,20210322,54.188
est,20210323,53.436
est,20210324,50.425
est,20210325,48.92
est,20210326,53.436
est,20210327,54.188
est,20210328,53.436
est,20210329,54.188
est,20210330,56.446
est,20210331,54.188
est,20210401,54.941
est,20210402,54.941
est,20210403,53.436
est,20210404,53.436
est,20210405,53.436
est,20210406,51.178
est,20210407,53.436
est,20210408,52.683
est,20210409,54.188
est,20210410,52.683
est,20210411,51.93
est,20210412,47.415
est,20210413,45.157
est,20210414,42.146
est,20210415,39.889
est,20210416,40.641
est,20210417,39.136
est,20210418,39.889
est,20210419,43.652
est,20210420,44.404
est,20210421,45.157
est,20210422,42.146
est,20210423,43.652
est,20210424,45.91
est,20210425,42.146
est,20210426,41.394
est,20210427,39.136
est,20210428,40.641
est,20210429,37.631
est,20210430,38.383
est,20210501,39.889
est,20210502,38.383
est,20210503,37.631
est,20210504,36.878
est,20210505,33.115
est,20210506,32.362
est,20210507,32.362
est,20210508,32.362
est,20210509,30.105
est,20210510,27.094
est,20210511,26.342
est,20210512,24.084
est,20210513,24.836
est,20210514,24.836
est,20210515,24.084
est,20210516,24.084
est,20210517,23.331
est,20210518,23.331
est,20210519,21.073
est,20210520,21.073
est,20210521,21.826
est,20210522,22.578
est,20210523,18.815
est,20210524,17.31
est,20210525,15.052
est,20210526,12.794
est,20210527,13.547
est,20210528,13.547
est,20210529,14.3
est,20210530,12.794
est,20210531,12.042
est,20210601,9.031
est,20210602,9.784
est,20210603,9.031
est,20210604,9.031
est,20210605,7.526
est,20210606,8.279
est,20210607,7.526
est,20210608,6.774
est,20210609,6.774
est,20210610,6.774
est,20210611,6.774
est,20210612,6.774
est,20210613,3.01
est,20210614,2.258
est,20210615,3.01
est,20210616,3.763
est,20210617,3.01
est,20210618,3.01
est,20210619,3.763
est,20210620,3.01
est,20210621,3.01
est,20210622,3.763
est,20210623,3.01
est,20210624,2.258
est,20210625,3.763
est,20210626,4.516
est,20210627,4.516
est,20210628,4.516
est,20210629,4.516
est,20210630,3.763
est,20210701,2.258
est,20210702,3.01
est,20210703,2.258
est,20210704,2.258
est,20210705,1.505
est,20210706,2.258
est,20210707,2.258
est,20210708,1.505
est,20210709,1.505
est,20210710,1.505
est,20210711,1.505
est,20210712,1.505
est,20210713,0.753
est,20210714,1.505
est,20210715,0.753
est,20210716,1.505
est,20210717,1.505
est,20210718,1.505
est,20210719,3.01
est,20210720,3.01
est,20210721,3.01
est,20210722,3.01
est,20210723,3.01
est,20210724,2.258
est,20210725,2.258
est,20210726,2.258
est,20210727,1.505
est,20210728,1.505
est,20210729,1.505
est,20210730,1.505
est,20210731,2.258
est,20210801,1.505
est,20210802,1.505
est,20210803,2.258
est,20210804,2.258
est,20210805,3.01
est,20210806,3.01
est,20210807,4.516
est,20210808,4.516
est,20210809,3.763
est,20210810,3.763
est,20210811,3.763
est,20210812,5.268
est,20210813,6.774
est,20210814,7.526
est,20210815,7.526
est,20210816,9.784
est,20210817,9.784
est,20210818,9.784
est,20210819,9.784
est,20210820,9.784
est,20210821,9.784
est,20210822,9.031
est,20210823,9.031
est,20210824,7.526
est,20210825,9.784
est,20210826,9.031
est,20210827,10.537
est,20210828,11.289
est,20210829,11.289
est,20210830,11.289
est,20210831,12.042
est,20210901,11.289
est,20210902,12.794
est,20210903,10.537
est,20210904,11.289
est,20210905,11.289
est,20210906,12.042
est,20210907,11.289
est,20210908,13.547
est,20210909,12.794
est,20210910,11.289
est,20210911,12.042
est,20210912,11.289
est,20210913,11.289
est,20210914,12.794
est,20210915,12.794
est,20210916,12.794
est,20210917,12.794
est,20210918,13.547
est,20210919,12.794
est,20210920,13.547
est,20210921,13.547
est,20210922,15.805
est,20210923,14.3
est,20210924,14.3
est,20210925,13.547
est,20210926,13.547
est,20210927,13.547
est,20210928,16.558
est,20210929,17.31
est,20210930,18.063
est,20211001,17.31
est,20211002,18.063
est,20211003,14.3
est,20211004,16.558
est,20211005,18.063
est,20211006,19.568
est,20211007,20.321
est,20211008,20.321
est,20211009,21.826
est,20211010,24.836
est,20211011,25.589
est,20211012,28.599
est,20211013,27.094
est,20211014,23.331
est,20211015,22.578
est,20211016,24.836
est,20211017,24.084
est,20211018,24.836
est,20211019,27.094
est,20211020,28.599
est,20211021,28.599
est,20211022,30.105
est,20211023,27.847
est,20211024,34.62
est,20211025,33.868
est,20211026,36.126
est,20211027,34.62
est,20211028,36.126
est,20211029,35.373
est,20211030,39.889
est,20211031,38.383
est,20211101,39.136
est,20211102,40.641
est,20211103,42.146
est,20211104,42.899
est,20211105,42.146
est,20211106,45.91
est,20211107,45.157
est,20211108,45.157
est,20211109,42.146
est,20211110,41.394
est,20211111,37.631
est,20211112,38.383
est,20211113,38.383
est,20211114,39.136
est,20211115,36.126
est,20211116,36.126
est,20211117,34.62
est,20211118,33.868
est,20211119,33.868
est,20211120,36.878
est,20211121,35.373
est,20211122,33.115
est,20211123,30.857
est,20211124,28.599
est,20211125,26.342
est,20211126,27.847
est,20211127,27.094
est,20211128,24.084
est,20211129,25.589
est,20211130,24.836
est,20211201,24.836
est,20211202,17.31
est,20211203,18.815
est,20211204,21.073
est,20211205,21.073
est,20211206,21.826
est,20211207,21.826
est,20211208,18.815
est,20211209,18.063
est,20211210,17.31
est,20211211,13.547
est,20211212,13.547
est,20211213,12.042
est,20211214,12.042
est,20211215,13.547
est,20211216,12.794
est,20211217,14.3
est,20211218,15.805
est,20211219,17.31
est,20211220,12.042
est,20211221,13.547
est,20211222,12.794
est,20211223,15.052
est,20211224,15.805
est,20211225,17.31
est,20211226,13.547
est,20211227,14.3
est,20211228,14.3
est,20211229,12.794
est,20211230,11.289
est,20211231,12.794
est,20220101,14.3
est,20220102,13.547
est,20220103,13.547
est,20220104,13.547
est,20220105,14.3
est,20220106,14.3
est,20220107,13.547
est,20220108,13.547
est,20220109,13.547
est,20220110,14.3
est,20220111,13.547
est,20220112,14.3
est,20220113,15.052
est,20220114,17.31
est,20220115,15.805
est,20220116,12.794
est,20220117,12.794
est,20220118,11.289
est,20220119,11.289
est,20220120,12.794
est,20220121,12.794
est,20220122,13.547
est,20220123,13.547
est,20220124,12.794
est,20220125,14.3
est,20220126,13.547
est,20220127,12.042
est,20220128,12.042
est,20220129,13.547
est,20220130,11.289
est,20220131,12.042
est,20220201,10.537
est,20220202,9.784
est,20220203,9.784
est,20220204,11.289
est,20220205,12.794
est,20220206,12.794
est,20220207,12.042
est,20220208,12.794
est,20220209,13.547
est,20220210,15.805
est,20220211,17.31
est,20220212,18.815
est,20220213,18.815
est,20220214,14.3
est,20220215,15.052
est,20220216,14.3
est,20220217,14.3
est,20220218,15.805
est,20220219,15.805
est,20220220,17.31
est,20220221,17.31
est,20220222,14.3
est,20220223,18.815
est,20220224,18.815
est,20220225,19.568
est,20220226,19.568
est,20220227,18.815
est,20220228,18.815
est,20220301,16.558
est,20220302,18.815
est,20220303,13.547
est,20220304,15.805
est,20220305,15.805
est,20220306,15.052
est,20220307,15.052
est,20220308,16.558
est,20220309,18.063
est,20220310,16.558
est,20220311,16.558
est,20220312,13.547
est,20220313,14.3
est,20220314,12.042
est,20220315,15.052
est,20220316,12.794
est,20220317,12.042
est,20220318,12.042
est,20220319,12.794
est,20220320,10.537
est,20220321,12.042
est,20220322,10.537
est,20220323,13.547
est,20220324,12.794
est,20220325,12.042
est,20220326,12.042
est,20220327,12.042
est,20220328,10.537
est,20220329,7.526
est,20220330,6.021
est,20220331,6.774
est,20220401,6.774
est,20220402,6.774
est,20220403,6.774
est,20220404,6.774
est,20220405,6.021
est,20220406,5.268
est,20220407,3.763
est,20220408,3.01
est,20220409,3.763
est,20220410,3.763
est,20220411,4.516
est,20220412,2.258
est,20220413,2.258
est,20220414,2.258
est,20220415,1.505
est,20220416,3.01
est,20220417,3.01
est,20220418,3.763
est,20220419,3.01
est,20220420,5.268
est,20220421,4.516
est,20220422,4.516
est,20220423,3.01
est,20220424,2.258
est,20220425,1.505
est,20220426,0.753
est,20220427,1.505
est,20220428,2.258
est,20220429,1.505
est,20220430,2.258
est,20220501,1.505
est,20220502,3.763
est,20220503,3.763
est,20220504,5.268
est,20220505,6.021
est,20220506,6.774
est,20220507,7.526
est,20220508,6.774
est,20220509,5.268
est,20220510,3.763
est,20220511,3.01
est,20220512,3.01
est,20220513,3.01
est,20220514,3.01
est,20220515,3.01
est,20220516,2.258
est,20220517,4.516
est,20220518,5.268
est,20220519,4.516
est,20220520,3.763
est,20220521,4.516
est,20220522,2.258
est,20220523,1.505
est,20220524,2.258
est,20220525,1.505
est,20220526,0.753
est,20220527,0.753
est,20220528,1.505
est,20220529,2.258
est,20220530,1.505
est,20220531,3.01
est,20220601,2.258
est,20220602,0.753
est,20220603,2.258
est,20220604,3.01
est,20220605,3.01
est,20220606,0.753
est,20220607,0.753
est,20220608,0.753
est,20220609,0.753
est,20220610,0
est,20220611,0
est,20220612,0.753
est,20220613,0.753
est,20220614,0.753
est,20220615,0.753
est,20220616,1.505
est,20220617,2.258
est,20220618,3.01
est,20220619,1.505
est,20220620,0.753
est,20220621,0.753
est,20220622,2.258
est,20220623,2.258
est,20220624,1.505
est,20220625,1.505
est,20220626,2.258
est,20220627,3.01
est,20220628,3.01
est,20220629,2.258
est,20220630,2.258
est,20220701,3.01
est,20220702,3.763
est,20220703,3.01
est,20220704,2.258
est,20220705,0.753
est,20220706,0.753
est,20220707,0.753
est,20220708,0.753
est,20220709,1.505
est,20220710,3.01
est,20220711,2.258
est,20220712,0.753
est,20220713,2.258
est,20220714,3.01
est,20220715,3.01
est,20220716,3.01
est,20220717,4.516
est,20220718,4.516
est,20220719,3.763
est,20220720,2.258
est,20220721,1.505
est,20220722,1.505
est,20220723,1.505
est,20220724,2.258
est,20220725,2.258
est,20220726,3.01
est,20220727,1.505
est,20220728,2.258
est,20220729,2.258
est,20220730,1.505
est,20220731,0.753
est,20220801,0.753
est,20220802,0.753
est,20220803,2.258
est,20220804,1.505
est,20220805,3.01
est,20220806,3.01
est,20220807,3.763
est,20220808,2.258
est,20220809,1.505
est,20220810,3.763
est,20220811,3.763
est,20220812,4.516
est,20220813,4.516
est,20220814,4.516
est,20220815,3.763
est,20220816,3.01
est,20220817,3.01
est,20220818,2.258
est,20220819,2.258
est,20220820,3.01
est,20220821,3.01
est,20220822,3.01
est,20220823,2.258
est,20220824,1.505
est,20220825,1.505
est,20220826,1.505
est,20220827,2.258
est,20220828,0.753
est,20220829,2.258
est,20220830,2.258
est,20220831,1.505
est,20220901,1.505
est,20220902,1.505
est,20220903,1.505
est,20220904,1.505
est,20220905,0.753
est,20220906,0
est,20220907,0
est,20220908,0
est,20220909,1.505
est,20220910,3.01
est,20220911,3.01
fin,20200321,0
fin,20200325,3.974
fin,20200326,4.335
fin,20200327,5.78
fin,20200328,5.6
fin,20200329,7.406
fin,20200330,8.851
fin,20200331,10.116
fin,20200401,11.199
fin,20200402,11.741
fin,20200403,13.006
fin,20200404,13.186
fin,20200405,13.728
fin,20200406,14.632
fin,20200407,14.993
fin,20200408,14.812
fin,20200409,14.812
fin,20200410,14.632
fin,20200411,14.451
fin,20200412,13.909
fin,20200413,13.367
fin,20200414,13.548
fin,20200415,13.548
fin,20200416,13.728
fin,20200417,13.186
fin,20200418,12.645
fin,20200419,12.283
fin,20200420,12.103
fin,20200421,11.38
fin,20200422,11.38
fin,20200423,10.838
fin,20200424,11.019
fin,20200425,10.838
fin,20200426,11.199
fin,20200427,10.116
fin,20200428,10.116
fin,20200429,9.212
fin,20200430,8.671
fin,20200501,8.851
fin,20200502,9.393
fin,20200503,8.851
fin,20200504,8.851
fin,20200505,8.671
fin,20200506,7.948
fin,20200507,7.948
fin,20200508,8.129
fin,20200509,8.129
fin,20200510,8.129
fin,20200511,7.948
fin,20200512,6.142
fin,20200513,6.322
fin,20200514,5.961
fin,20200515,5.78
fin,20200516,5.419
fin,20200517,5.238
fin,20200518,6.142
fin,20200519,4.516
fin,20200520,3.613
fin,20200521,3.974
fin,20200522,3.793
fin,20200523,3.793
fin,20200524,3.432
fin,20200525,3.251
fin,20200526,1.987
fin,20200527,1.987
fin,20200528,1.987
fin,20200529,1.806
fin,20200530,1.987
fin,20200531,1.806
fin,20200601,1.626
fin,20200602,1.626
fin,20200603,1.264
fin,20200604,1.264
fin,20200605,1.445
fin,20200606,1.264
fin,20200607,1.084
fin,20200608,1.084
fin,20200609,0.723
fin,20200610,0.723
fin,20200611,0.723
fin,20200612,0.542
fin,20200613,0.361
fin,20200614,0.181
fin,20200615,0.542
fin,20200616,0.361
fin,20200617,0.361
fin,20200622,0.361
fin,20200624,0.361
fin,20200626,0.181
fin,20200629,0
fin,20200701,0
fin,20200703,0
fin,20200706,0.181
fin,20200708,0.361
fin,20200710,0
fin,20200713,0.181
fin,20200715,0
fin,20200717,0.181
fin,20200720,0.181
fin,20200722,0
fin,20200724,0
fin,20200727,0
fin,20200729,0
fin,20200731,0
fin,20200803,0
fin,20200804,0.181
fin,20200805,0
fin,20200807,0
fin,20200810,0.181
fin,20200812,0.181
fin,20200814,0
fin,20200817,0
fin,20200819,0
fin,20200821,0
fin,20200824,0.181
fin,20200826,0.181
fin,20200828,0.181
fin,20200831,0.181
fin,20200902,0.361
fin,20200904,0.181
fin,20200907,0.181
fin,20200909,0.181
fin,20200911,0.181
fin,20200914,0.542
fin,20200916,0.542
fin,20200918,0.542
fin,20200921,0.361
fin,20200923,0.723
fin,20200925,0.361
fin,20200928,0.723
fin,20200930,0.723
fin,20201002,0.723
fin,20201005,1.445
fin,20201007,0.903
fin,20201009,0.903
fin,20201012,1.806
fin,20201014,1.445
fin,20201016,1.084
fin,20201019,1.264
fin,20201021,1.264
fin,20201023,1.987
fin,20201026,1.806
fin,20201028,1.806
fin,20201030,1.806
fin,20201102,2.348
fin,20201104,2.71
fin,20201106,2.348
fin,20201109,2.348
fin,20201111,2.529
fin,20201113,2.71
fin,20201116,2.348
fin,20201118,2.168
fin,20201120,1.806
fin,20201123,2.71
fin,20201125,3.793
fin,20201127,3.432
fin,20201130,3.251
fin,20201202,3.793
fin,20201204,3.793
fin,20201207,5.419
fin,20201208,5.058
fin,20201209,4.877
fin,20201210,4.516
fin,20201211,4.697
fin,20201214,5.058
fin,20201215,6.322
fin,20201216,6.142
fin,20201217,4.877
fin,20201218,5.419
fin,20201221,5.961
fin,20201222,5.058
fin,20201223,4.697
fin,20201228,5.238
fin,20201229,5.419
fin,20201230,5.419
fin,20201231,4.877
fin,20210104,5.6
fin,20210105,4.516
fin,20210107,5.78
fin,20210108,5.238
fin,20210111,5.78
fin,20210112,5.419
fin,20210113,5.058
fin,20210114,5.238
fin,20210115,5.058
fin,20210118,4.877
fin,20210119,4.335
fin,20210120,4.877
fin,20210121,4.697
fin,20210122,4.335
fin,20210125,3.793
fin,20210126,3.793
fin,20210127,3.613
fin,20210128,3.974
fin,20210129,3.613
fin,20210201,3.071
fin,20210202,3.071
fin,20210203,4.155
fin,20210204,4.155
fin,20210205,3.613
fin,20210208,2.89
fin,20210209,2.71
fin,20210210,2.89
fin,20210211,2.89
fin,20210212,3.251
fin,20210215,3.793
fin,20210216,4.877
fin,20210217,5.419
fin,20210218,4.877
fin,20210219,4.335
fin,20210222,5.419
fin,20210223,6.142
fin,20210224,6.322
fin,20210225,6.503
fin,20210226,6.864
fin,20210301,7.045
fin,20210302,7.045
fin,20210303,6.684
fin,20210304,7.045
fin,20210305,6.864
fin,20210308,6.684
fin,20210309,7.225
fin,20210310,7.767
fin,20210311,7.406
fin,20210312,8.49
fin,20210315,9.032
fin,20210316,8.851
fin,20210317,10.116
fin,20210318,9.032
fin,20210319,9.935
fin,20210322,9.935
fin,20210323,11.561
fin,20210324,11.199
fin,20210325,10.658
fin,20210326,10.658
fin,20210329,9.754
fin,20210330,9.032
fin,20210331,9.032
fin,20210401,9.393
fin,20210406,8.129
fin,20210407,8.129
fin,20210408,7.587
fin,20210409,7.406
fin,20210412,7.587
fin,20210413,6.864
fin,20210414,6.142
fin,20210415,6.684
fin,20210416,6.142
fin,20210419,6.142
fin,20210420,6.503
fin,20210421,6.322
fin,20210422,6.684
fin,20210423,5.6
fin,20210426,5.961
fin,20210427,5.78
fin,20210428,5.961
fin,20210429,5.78
fin,20210430,5.6
fin,20210503,5.058
fin,20210504,5.238
fin,20210505,4.335
fin,20210506,4.877
fin,20210507,5.058
fin,20210510,4.697
fin,20210511,4.697
fin,20210512,4.335
fin,20210514,5.058
fin,20210517,4.877
fin,20210518,4.516
fin,20210519,4.697
fin,20210520,5.058
fin,20210521,5.058
fin,20210524,3.974
fin,20210525,3.251
fin,20210526,3.251
fin,20210527,3.432
fin,20210528,3.613
fin,20210531,3.071
fin,20210602,2.529
fin,20210609,1.264
fin,20210616,2.168
fin,20210623,0.903
fin,20210624,0.903
fin,20210625,1.084
fin,20210626,1.084
fin,20210627,1.264
fin,20210628,0.903
fin,20210629,0.903
fin,20210630,1.264
fin,20210701,1.264
fin,20210702,1.987
fin,20210703,1.987
fin,20210704,1.806
fin,20210705,1.626
fin,20210706,1.626
fin,20210707,1.264
fin,20210708,1.264
fin,20210709,1.445
fin,20210710,1.445
fin,20210711,1.445
fin,20210712,1.445
fin,20210713,1.626
fin,20210714,1.806
fin,20210715,1.445
fin,20210716,1.806
fin,20210717,1.806
fin,20210718,1.806
fin,20210719,2.168
fin,20210720,2.168
fin,20210721,1.806
fin,20210722,1.806
fin,20210723,1.626
fin,20210724,1.626
fin,20210725,1.626
fin,20210726,1.445
fin,20210727,1.445
fin,20210728,1.084
fin,20210729,1.084
fin,20210730,1.264
fin,20210731,1.264
fin,20210801,1.264
fin,20210802,1.264
fin,20210803,1.445
fin,20210804,2.71
fin,20210805,2.71
fin,20210806,3.251
fin,20210807,3.251
fin,20210808,3.251
fin,20210809,2.89
fin,20210810,2.89
fin,20210811,3.432
fin,20210812,3.432
fin,20210813,4.155
fin,20210814,4.155
fin,20210815,4.155
fin,20210816,5.78
fin,20210817,5.6
fin,20210818,5.238
fin,20210819,5.238
fin,20210820,5.238
fin,20210821,5.238
fin,20210822,5.238
fin,20210823,4.155
fin,20210824,4.155
fin,20210825,3.974
fin,20210826,3.974
fin,20210827,4.155
fin,20210828,4.155
fin,20210829,4.155
fin,20210830,3.613
fin,20210831,3.793
fin,20210901,3.793
fin,20210902,3.974
fin,20210903,3.793
fin,20210904,3.613
fin,20210905,3.613
fin,20210906,3.613
fin,20210907,3.613
fin,20210908,3.974
fin,20210909,3.974
fin,20210910,3.974
fin,20210911,3.974
fin,20210912,3.974
fin,20210913,5.058
fin,20210914,5.058
fin,20210915,5.238
fin,20210916,5.238
fin,20210917,3.613
fin,20210918,3.613
fin,20210919,3.613
fin,20210920,3.432
fin,20210921,3.432
fin,20210922,3.613
fin,20210923,3.613
fin,20210924,3.793
fin,20210925,3.793
fin,20210926,3.793
fin,20210927,4.155
fin,20210928,4.155
fin,20210929,4.877
fin,20210930,4.516
fin,20211001,4.335
fin,20211002,4.335
fin,20211003,4.335
fin,20211004,5.6
fin,20211005,5.6
fin,20211006,5.961
fin,20211007,5.961
fin,20211008,4.877
fin,20211009,4.877
fin,20211010,5.238
fin,20211011,5.6
fin,20211012,5.6
fin,20211013,6.503
fin,20211014,6.503
fin,20211015,6.503
fin,20211016,6.503
fin,20211017,6.503
fin,20211018,5.961
fin,20211019,5.961
fin,20211020,5.78
fin,20211021,5.78
fin,20211022,5.6
fin,20211023,5.6
fin,20211024,5.6
fin,20211025,6.142
fin,20211026,6.142
fin,20211027,5.961
fin,20211028,5.961
fin,20211029,5.6
fin,20211030,5.6
fin,20211031,5.6
fin,20211101,4.877
fin,20211102,4.877
fin,20211103,5.78
fin,20211104,5.961
fin,20211105,5.6
fin,20211106,5.6
fin,20211107,5.6
fin,20211108,6.142
fin,20211109,6.142
fin,20211110,5.058
fin,20211111,4.697
fin,20211112,5.6
fin,20211113,5.6
fin,20211114,5.6
fin,20211115,6.503
fin,20211116,6.503
fin,20211117,6.864
fin,20211118,6.864
fin,20211119,6.864
fin,20211120,6.864
fin,20211121,6.864
fin,20211122,8.129
fin,20211123,8.129
fin,20211124,7.767
fin,20211125,7.767
fin,20211126,8.129
fin,20211127,8.129
fin,20211128,8.129
fin,20211129,9.212
fin,20211130,9.212
fin,20211201,9.032
fin,20211202,8.851
fin,20211203,9.393
fin,20211204,9.393
fin,20211205,9.393
fin,20211206,9.212
fin,20211207,10.658
fin,20211208,10.838
fin,20211209,10.838
fin,20211210,9.574
fin,20211211,9.574
fin,20211212,9.574
fin,20211213,9.393
fin,20211214,9.393
fin,20211215,8.49
fin,20211216,8.309
fin,20211217,9.032
fin,20211218,9.032
fin,20211219,9.032
fin,20211220,11.199
fin,20211221,11.199
fin,20211222,10.477
fin,20211223,10.838
fin,20211224,10.658
fin,20211225,10.658
fin,20211226,10.658
fin,20211227,10.477
fin,20211228,10.116
fin,20211229,10.116
fin,20211230,10.116
fin,20211231,9.574
fin,20220101,9.574
fin,20220102,9.574
fin,20220103,9.574
fin,20220104,9.574
fin,20220105,8.49
fin,20220106,8.49
fin,20220107,9.935
fin,20220108,9.935
fin,20220109,9.935
fin,20220110,10.838
fin,20220111,11.019
fin,20220112,10.477
fin,20220113,10.477
fin,20220114,11.38
fin,20220115,11.38
fin,20220116,11.38
fin,20220117,11.199
fin,20220118,11.019
fin,20220119,11.561
fin,20220120,11.741
fin,20220121,11.38
fin,20220122,11.38
fin,20220123,11.38
fin,20220124,9.032
fin,20220125,8.671
fin,20220126,8.851
fin,20220127,9.212
fin,20220128,9.574
fin,20220129,9.574
fin,20220130,9.574
fin,20220131,9.032
fin,20220201,8.851
fin,20220202,6.684
fin,20220203,6.684
fin,20220204,5.78
fin,20220205,5.78
fin,20220206,5.78
fin,20220207,7.045
fin,20220208,7.767
fin,20220209,5.961
fin,20220210,5.961
fin,20220211,5.961
fin,20220212,5.961
fin,20220213,5.961
fin,20220214,6.864
fin,20220215,6.322
fin,20220216,5.419
fin,20220217,5.419
fin,20220218,5.419
fin,20220219,5.419
fin,20220220,5.419
fin,20220221,6.322
fin,20220222,6.322
fin,20220223,6.142
fin,20220224,6.322
fin,20220225,6.864
fin,20220226,6.864
fin,20220227,6.864
fin,20220228,5.6
fin,20220301,5.6
fin,20220302,5.6
fin,20220303,5.6
fin,20220304,5.78
fin,20220305,5.78
fin,20220306,5.78
fin,20220307,6.322
fin,20220308,6.322
fin,20220309,5.6
fin,20220310,5.6
fin,20220311,6.503
fin,20220312,6.503
fin,20220313,6.503
fin,20220314,7.767
fin,20220315,7.948
fin,20220316,6.322
fin,20220317,6.503
fin,20220318,7.045
fin,20220319,7.045
fin,20220320,7.045
fin,20220321,8.129
fin,20220322,8.129
fin,20220323,5.961
fin,20220324,5.961
fin,20220325,6.684
fin,20220326,6.684
fin,20220327,6.684
fin,20220328,7.587
fin,20220329,7.587
fin,20220330,7.767
fin,20220331,7.767
fin,20220401,9.754
fin,20220402,9.754
fin,20220403,9.754
fin,20220404,7.767
fin,20220405,7.767
fin,20220406,7.225
fin,20220407,7.225
fin,20220408,5.961
fin,20220409,5.961
fin,20220410,5.961
fin,20220411,5.6
fin,20220412,5.6
fin,20220413,5.058
fin,20220414,5.058
fin,20220415,5.419
fin,20220416,5.419
fin,20220417,5.419
fin,20220418,5.6
fin,20220419,5.961
fin,20220420,5.238
fin,20220421,5.238
fin,20220422,4.697
fin,20220423,4.697
fin,20220424,4.697
fin,20220425,4.697
fin,20220426,4.697
fin,20220427,4.335
fin,20220428,4.516
fin,20220429,3.974
fin,20220430,3.974
fin,20220501,3.974
fin,20220502,4.697
fin,20220503,4.697
fin,20220504,3.793
fin,20220505,3.793
fin,20220506,3.974
fin,20220507,3.974
fin,20220508,3.974
fin,20220509,4.155
fin,20220510,3.793
fin,20220511,3.793
fin,20220512,3.793
fin,20220513,3.793
fin,20220514,3.793
fin,20220515,3.793
fin,20220516,3.613
fin,20220517,3.613
fin,20220518,3.432
fin,20220519,3.613
fin,20220520,3.793
fin,20220521,3.793
fin,20220522,3.793
fin,20220523,3.974
fin,20220524,2.89
fin,20220525,2.89
fin,20220526,2.89
fin,20220527,2.89
fin,20220528,2.89
fin,20220529,2.89
fin,20220530,2.89
fin,20220531,2.71
fin,20220601,2.71
fin,20220602,2.71
fin,20220603,2.529
fin,20220604,2.529
fin,20220605,2.529
fin,20220606,2.348
fin,20220607,1.626
fin,20220608,1.626
fin,20220609,1.626
fin,20220610,1.626
fin,20220611,1.626
fin,20220612,1.626
fin,20220613,1.626
fin,20220614,2.348
fin,20220615,2.348
fin,20220616,2.348
fin,20220617,2.348
fin,20220618,2.348
fin,20220619,2.348
fin,20220620,2.348
fin,20220621,2.348
fin,20220622,1.987
fin,20220623,1.987
fin,20220624,1.987
fin,20220625,1.987
fin,20220626,1.987
fin,20220627,1.987
fin,20220628,2.71
fin,20220629,2.71
fin,20220630,2.71
fin,20220701,2.71
fin,20220702,2.71
fin,20220703,2.71
fin,20220704,2.71
fin,20220705,1.445
fin,20220706,1.445
fin,20220707,1.445
fin,20220708,1.445
fin,20220709,1.445
fin,20220710,1.445
fin,20220711,1.445
fin,20220712,2.168
fin,20220713,2.168
fin,20220714,2.168
fin,20220715,2.168
fin,20220716,2.168
fin,20220717,2.168
fin,20220718,2.348
fin,20220719,2.89
fin,20220720,2.89
fin,20220721,2.89
fin,20220722,2.89
fin,20220723,2.89
fin,20220724,2.89
fin,20220725,2.529
fin,20220726,2.71
fin,20220727,2.529
fin,20220728,2.529
fin,20220729,2.348
fin,20220730,2.348
fin,20220731,2.348
fin,20220801,2.348
fin,20220802,2.529
fin,20220803,2.529
fin,20220804,2.529
fin,20220805,2.529
fin,20220806,2.529
fin,20220807,2.529
fin,20220808,2.529
fin,20220809,1.445
fin,20220810,1.445
fin,20220811,1.445
fin,20220812,1.445
fin,20220813,1.445
fin,20220814,1.445
fin,20220815,1.445
fin,20220816,2.529
fin,20220817,2.71
fin,20220818,2.71
fin,20220819,2.71
fin,20220820,2.71
fin,20220821,2.71
fin,20220822,2.71
fin,20220823,3.071
fin,20220824,2.89
fin,20220825,2.89
fin,20220826,2.89
fin,20220827,2.89
fin,20220828,2.89
fin,20220829,2.89
fin,20220830,2.89
fin,20220831,2.71
fin,20220901,2.71
fin,20220902,2.71
fin,20220903,2.71
fin,20220904,2.71
fin,20220905,2.529
fin,20220906,1.806
fin,20220907,1.806
fin,20220908,1.806
fin,20220909,1.806
fin,20220910,1.806
fin,20220911,1.806
fin,20220912,1.806
fin,20220913,1.806
fin,20220914,1.806
fin,20220915,1.806
fra,20200318,11.435
fra,20200319,14.862
fra,20200320,19.237
fra,20200321,21.551
fra,20200322,24.829
fra,20200323,30.85
fra,20200324,37.124
fra,20200325,43.532
fra,20200326,49.702
fra,20200327,55.738
fra,20200328,62.828
fra,20200329,68.108
fra,20200330,74.99
fra,20200331,81.516
fra,20200401,88.102
fra,20200402,93.515
fra,20200403,97.238
fra,20200404,99.715
fra,20200405,101.732
fra,20200406,103.052
fra,20200407,103.883
fra,20200408,104.105
fra,20200409,102.889
fra,20200410,101.97
fra,20200411,100.145
fra,20200412,99.582
fra,20200413,99.226
fra,20200414,97.876
fra,20200415,93.901
fra,20200416,91.053
fra,20200417,87.835
fra,20200418,85.032
fra,20200419,83.712
fra,20200420,82.822
fra,20200421,79.114
fra,20200422,76.043
fra,20200423,73.67
fra,20200424,70.971
fra,20200425,68.835
fra,20200426,68.197
fra,20200427,67.129
fra,20200428,65.142
fra,20200429,61.226
fra,20200430,58.542
fra,20200501,56.643
fra,20200502,55.916
fra,20200503,55.798
fra,20200504,53.973
fra,20200505,50.058
fra,20200506,45.905
fra,20200507,43.176
fra,20200508,41.826
fra,20200509,40.996
fra,20200510,40.462
fra,20200511,39.542
fra,20200512,37.021
fra,20200513,35.374
fra,20200514,33.461
fra,20200515,32.067
fra,20200516,31.014
fra,20200517,30.361
fra,20200518,29.041
fra,20200519,27.498
fra,20200520,26.015
fra,20200521,25.333
fra,20200522,24.68
fra,20200523,24.146
fra,20200524,23.998
fra,20200525,23.316
fra,20200526,22.53
fra,20200527,21.758
fra,20200528,20.691
fra,20200529,19.697
fra,20200530,19.178
fra,20200531,19.089
fra,20200601,18.837
fra,20200602,18.11
fra,20200603,17.487
fra,20200604,16.805
fra,20200605,15.796
fra,20200606,15.277
fra,20200607,15.188
fra,20200608,14.758
fra,20200609,13.734
fra,20200610,13.408
fra,20200611,12.978
fra,20200612,12.622
fra,20200613,12.503
fra,20200614,12.474
fra,20200615,12.133
fra,20200616,11.747
fra,20200617,11.035
fra,20200618,10.738
fra,20200619,10.368
fra,20200620,10.19
fra,20200621,10.19
fra,20200622,9.982
fra,20200623,9.7
fra,20200624,9.344
fra,20200625,9.24
fra,20200626,8.988
fra,20200627,8.81
fra,20200628,8.81
fra,20200629,8.766
fra,20200630,8.514
fra,20200701,8.217
fra,20200702,8.083
fra,20200703,7.905
fra,20200704,7.668
fra,20200705,7.727
fra,20200706,7.727
fra,20200707,7.579
fra,20200708,7.46
fra,20200709,7.208
fra,20200710,6.986
fra,20200711,6.971
fra,20200712,7.016
fra,20200713,6.927
fra,20200714,6.897
fra,20200715,6.778
fra,20200716,6.763
fra,20200717,6.704
fra,20200718,6.674
fra,20200719,6.645
fra,20200720,6.556
fra,20200721,6.378
fra,20200722,6.229
fra,20200723,6.096
fra,20200724,5.71
fra,20200725,5.458
fra,20200726,5.443
fra,20200727,5.547
fra,20200728,5.354
fra,20200729,5.28
fra,20200730,5.295
fra,20200731,5.147
fra,20200801,5.102
fra,20200802,5.117
fra,20200803,5.34
fra,20200804,5.399
fra,20200805,5.34
fra,20200806,5.428
fra,20200807,5.325
fra,20200808,5.428
fra,20200809,5.458
fra,20200810,5.517
fra,20200811,5.443
fra,20200812,5.265
fra,20200813,5.206
fra,20200814,5.102
fra,20200815,5.236
fra,20200816,5.236
fra,20200817,5.354
fra,20200818,5.295
fra,20200819,5.369
fra,20200820,5.458
fra,20200821,5.443
fra,20200822,5.458
fra,20200823,5.503
fra,20200824,5.74
fra,20200825,5.948
fra,20200826,5.532
fra,20200827,5.562
fra,20200828,5.651
fra,20200829,5.844
fra,20200830,5.873
fra,20200831,5.977
fra,20200901,6.2
fra,20200902,6.526
fra,20200903,6.793
fra,20200904,6.927
fra,20200905,7.06
fra,20200906,7.119
fra,20200907,7.876
fra,20200908,8.425
fra,20200909,8.795
fra,20200910,9.018
fra,20200911,9.314
fra,20200912,9.715
fra,20200913,9.819
fra,20200914,10.457
fra,20200915,11.154
fra,20200916,11.806
fra,20200917,11.762
fra,20200918,12.162
fra,20200919,12.266
fra,20200920,12.37
fra,20200921,13.527
fra,20200922,14.001
fra,20200923,14.758
fra,20200924,15.44
fra,20200925,16.196
fra,20200926,16.389
fra,20200927,16.493
fra,20200928,17.175
fra,20200929,17.769
fra,20200930,18.273
fra,20201001,18.673
fra,20201002,18.837
fra,20201003,19.118
fra,20201004,19.801
fra,20201005,20.898
fra,20201006,21.017
fra,20201007,20.854
fra,20201008,21.032
fra,20201009,21.343
fra,20201010,21.595
fra,20201011,21.996
fra,20201012,22.826
fra,20201013,24.221
fra,20201014,24.68
fra,20201015,25.822
fra,20201016,26.564
fra,20201017,27.706
fra,20201018,28.759
fra,20201019,30.999
fra,20201020,32.156
fra,20201021,33.209
fra,20201022,34.262
fra,20201023,36.071
fra,20201024,36.946
fra,20201025,38.192
fra,20201026,40.951
fra,20201027,43.146
fra,20201028,45.03
fra,20201029,46.676
fra,20201030,49.954
fra,20201031,51.066
fra,20201101,52.935
fra,20201102,55.19
fra,20201103,57.385
fra,20201104,60.514
fra,20201105,62.606
fra,20201106,64.089
fra,20201107,65.409
fra,20201108,67.144
fra,20201109,69.369
fra,20201110,70.244
fra,20201111,71.03
fra,20201112,72.439
fra,20201113,72.484
fra,20201114,72.009
fra,20201115,72.38
fra,20201116,72.721
fra,20201117,71.757
fra,20201118,70.585
fra,20201119,68.776
fra,20201120,67.723
fra,20201121,66.64
fra,20201122,66.61
fra,20201123,65.824
fra,20201124,63.436
fra,20201125,61.345
fra,20201126,59.417
fra,20201127,57.414
fra,20201128,55.842
fra,20201129,55.531
fra,20201130,55.457
fra,20201201,53.306
fra,20201202,51.586
fra,20201203,50.651
fra,20201204,48.693
fra,20201205,47.759
fra,20201206,47.611
fra,20201207,47.284
fra,20201208,45.653
fra,20201209,44.956
fra,20201210,43.739
fra,20201211,42.627
fra,20201212,42.286
fra,20201213,42.434
fra,20201214,42.953
fra,20201215,42.583
fra,20201216,42.123
fra,20201217,41.5
fra,20201218,40.996
fra,20201219,40.313
fra,20201220,40.714
fra,20201221,40.595
fra,20201222,40.328
fra,20201223,40.061
fra,20201224,39.201
fra,20201225,38.8
fra,20201226,39.156
fra,20201227,39.305
fra,20201228,39.957
fra,20201229,39.542
fra,20201230,39.334
fra,20201231,38.934
fra,20210101,38.697
fra,20210102,39.038
fra,20210103,39.527
fra,20210104,39.409
fra,20210105,38.8
fra,20210106,38.667
fra,20210107,38.163
fra,20210108,38.652
fra,20210109,38.563
fra,20210110,38.86
fra,20210111,39.542
fra,20210112,39.72
fra,20210113,40.061
fra,20210114,40.284
fra,20210115,40.491
fra,20210116,40.506
fra,20210117,41.025
fra,20210118,41.574
fra,20210119,41.96
fra,20210120,42.152
fra,20210121,42.508
fra,20210122,43.042
fra,20210123,42.805
fra,20210124,43.828
fra,20210125,44.956
fra,20210126,45.549
fra,20210127,45.935
fra,20210128,45.994
fra,20210129,46.276
fra,20210130,46.024
fra,20210131,46.691
fra,20210201,47.729
fra,20210202,48.5
fra,20210203,48.456
fra,20210204,48.056
fra,20210205,47.981
fra,20210206,47.685
fra,20210207,48.382
fra,20210208,49.732
fra,20210209,49.42
fra,20210210,49.079
fra,20210211,49.346
fra,20210212,48.916
fra,20210213,48.856
fra,20210214,48.931
fra,20210215,49.999
fra,20210216,49.509
fra,20210217,49.539
fra,20210218,50.191
fra,20210219,50.132
fra,20210220,49.969
fra,20210221,50.31
fra,20210222,50.532
fra,20210223,50.948
fra,20210224,50.963
fra,20210225,50.874
fra,20210226,51.096
fra,20210227,51.215
fra,20210228,51.793
fra,20210301,52.564
fra,20210302,53.187
fra,20210303,53.944
fra,20210304,53.884
fra,20210305,54.582
fra,20210306,54.715
fra,20210307,55.516
fra,20210308,57.088
fra,20210309,58.112
fra,20210310,58.112
fra,20210311,59.209
fra,20210312,59.817
fra,20210313,60.366
fra,20210314,61.211
fra,20210315,62.576
fra,20210316,62.873
fra,20210317,62.576
fra,20210318,62.976
fra,20210319,63.585
fra,20210320,64.563
fra,20210321,65.35
fra,20210322,67.456
fra,20210323,68.731
fra,20210324,68.983
fra,20210325,69.844
fra,20210326,70.689
fra,20210327,71.06
fra,20210328,72.261
fra,20210329,73.774
fra,20210330,75.228
fra,20210331,74.946
fra,20210401,75.776
fra,20210402,77.927
fra,20210403,78.209
fra,20210404,79.217
fra,20210405,80.582
fra,20210406,83.445
fra,20210407,84.972
fra,20210408,84.616
fra,20210409,85.388
fra,20210410,85.566
fra,20210411,86.589
fra,20210412,87.746
fra,20210413,88.28
fra,20210414,87.538
fra,20210415,87.864
fra,20210416,87.716
fra,20210417,87.167
fra,20210418,87.405
fra,20210419,88.547
fra,20210420,88.754
fra,20210421,88.384
fra,20210422,88.71
fra,20210423,88.428
fra,20210424,88.369
fra,20210425,88.665
fra,20210426,89.007
fra,20210427,88.146
fra,20210428,87.197
fra,20210429,86.085
fra,20210430,84.171
fra,20210501,82.777
fra,20210502,82.836
fra,20210503,83.504
fra,20210504,81.635
fra,20210505,80.122
fra,20210506,77.586
fra,20210507,75.732
fra,20210508,74.234
fra,20210509,73.73
fra,20210510,72.232
fra,20210511,70.348
fra,20210512,67.975
fra,20210513,65.884
fra,20210514,64.549
fra,20210515,63.347
fra,20210516,63.11
fra,20210517,62.087
fra,20210518,59.55
fra,20210519,57.281
fra,20210520,55.902
fra,20210521,53.855
fra,20210522,52.564
fra,20210523,52.134
fra,20210524,51.853
fra,20210525,51.126
fra,20210526,49.39
fra,20210527,47.551
fra,20210528,46.038
fra,20210529,44.911
fra,20210530,44.392
fra,20210531,43.68
fra,20210601,41.9
fra,20210602,40.847
fra,20210603,39.705
fra,20210604,38.133
fra,20210605,37.451
fra,20210606,37.48
fra,20210607,36.665
fra,20210608,35.508
fra,20210609,34.499
fra,20210610,33.298
fra,20210611,32.082
fra,20210612,31.295
fra,20210613,31.236
fra,20210614,30.672
fra,20210615,28.952
fra,20210616,27.78
fra,20210617,26.683
fra,20210618,25.808
fra,20210619,25.259
fra,20210620,25.259
fra,20210621,24.547
fra,20210622,23.138
fra,20210623,22.381
fra,20210624,21.343
fra,20210625,20.602
fra,20210626,20.008
fra,20210627,19.949
fra,20210628,19.341
fra,20210629,18.54
fra,20210630,17.858
fra,20210701,17.235
fra,20210702,16.656
fra,20210703,16.345
fra,20210704,16.374
fra,20210705,15.974
fra,20210706,15.307
fra,20210707,14.787
fra,20210708,14.402
fra,20210709,14.135
fra,20210710,14.046
fra,20210711,14.046
fra,20210712,14.194
fra,20210713,13.838
fra,20210714,13.809
fra,20210715,13.556
fra,20210716,13.334
fra,20210717,13.2
fra,20210718,13.215
fra,20210719,13.378
fra,20210720,12.993
fra,20210721,12.741
fra,20210722,12.874
fra,20210723,12.933
fra,20210724,13.022
fra,20210725,13.141
fra,20210726,14.12
fra,20210727,14.506
fra,20210728,14.713
fra,20210729,15.054
fra,20210730,15.9
fra,20210731,16.3
fra,20210801,16.864
fra,20210802,18.273
fra,20210803,19.741
fra,20210804,20.335
fra,20210805,21.061
fra,20210806,21.625
fra,20210807,22.396
fra,20210808,23.079
fra,20210809,24.725
fra,20210810,25.392
fra,20210811,25.882
fra,20210812,26.801
fra,20210813,27.157
fra,20210814,27.246
fra,20210815,27.469
fra,20210816,28.299
fra,20210817,28.967
fra,20210818,30.465
fra,20210819,30.391
fra,20210820,31.014
fra,20210821,31.236
fra,20210822,31.562
fra,20210823,32.853
fra,20210824,32.942
fra,20210825,33.209
fra,20210826,33.535
fra,20210827,33.669
fra,20210828,33.505
fra,20210829,33.758
fra,20210830,33.965
fra,20210831,33.995
fra,20210901,34.025
fra,20210902,33.743
fra,20210903,33.505
fra,20210904,32.971
fra,20210905,32.882
fra,20210906,33.357
fra,20210907,33.505
fra,20210908,32.986
fra,20210909,32.556
fra,20210910,31.904
fra,20210911,31.607
fra,20210912,31.577
fra,20210913,31.192
fra,20210914,29.664
fra,20210915,29.056
fra,20210916,28.952
fra,20210917,28.047
fra,20210918,27.246
fra,20210919,27.172
fra,20210920,26.772
fra,20210921,25.867
fra,20210922,24.562
fra,20210923,23.865
fra,20210924,23.523
fra,20210925,23.301
fra,20210926,23.39
fra,20210927,23.301
fra,20210928,22.604
fra,20210929,21.744
fra,20210930,20.972
fra,20211001,20.097
fra,20211002,19.652
fra,20211003,19.667
fra,20211004,19.697
fra,20211005,18.97
fra,20211006,18.421
fra,20211007,17.798
fra,20211008,17.264
fra,20211009,16.716
fra,20211010,16.79
fra,20211011,16.983
fra,20211012,16.478
fra,20211013,16.182
fra,20211014,15.944
fra,20211015,15.588
fra,20211016,15.559
fra,20211017,15.603
fra,20211018,15.559
fra,20211019,15.514
fra,20211020,15.218
fra,20211021,14.965
fra,20211022,14.98
fra,20211023,14.936
fra,20211024,15.099
fra,20211025,15.173
fra,20211026,15.559
fra,20211027,15.396
fra,20211028,15.381
fra,20211029,15.336
fra,20211030,15.41
fra,20211031,15.514
fra,20211101,15.855
fra,20211102,16.182
fra,20211103,16.256
fra,20211104,16.3
fra,20211105,16.152
fra,20211106,16.3
fra,20211107,16.33
fra,20211108,16.923
fra,20211109,16.908
fra,20211110,17.116
fra,20211111,16.983
fra,20211112,17.531
fra,20211113,17.828
fra,20211114,17.947
fra,20211115,18.644
fra,20211116,18.94
fra,20211117,19.282
fra,20211118,19.771
fra,20211119,20.068
fra,20211120,19.771
fra,20211121,19.86
fra,20211122,20.854
fra,20211123,21.58
fra,20211124,21.996
fra,20211125,22.233
fra,20211126,23.182
fra,20211127,23.983
fra,20211128,24.206
fra,20211129,25.941
fra,20211130,27.053
fra,20211201,27.973
fra,20211202,28.685
fra,20211203,30.524
fra,20211204,30.213
fra,20211205,30.643
fra,20211206,32.497
fra,20211207,34.87
fra,20211208,35.982
fra,20211209,36.501
fra,20211210,37.05
fra,20211211,37.658
fra,20211212,38.593
fra,20211213,40.818
fra,20211214,41.411
fra,20211215,42.167
fra,20211216,42.004
fra,20211217,43.027
fra,20211218,43.502
fra,20211219,43.547
fra,20211220,44.867
fra,20211221,45.92
fra,20211222,46.676
fra,20211223,47.581
fra,20211224,48.263
fra,20211225,48.678
fra,20211226,48.931
fra,20211227,49.435
fra,20211228,50.666
fra,20211229,51.452
fra,20211230,52.001
fra,20211231,52.55
fra,20220101,52.802
fra,20220102,52.98
fra,20220103,54.196
fra,20220104,54.359
fra,20220105,54.804
fra,20220106,55.753
fra,20220107,56.584
fra,20220108,56.673
fra,20220109,57.059
fra,20220110,57.904
fra,20220111,58.868
fra,20220112,59.105
fra,20220113,58.423
fra,20220114,57.77
fra,20220115,57.133
fra,20220116,57.133
fra,20220117,58.037
fra,20220118,57.563
fra,20220119,57.133
fra,20220120,56.984
fra,20220121,56.243
fra,20220122,55.56
fra,20220123,55.768
fra,20220124,56.005
fra,20220125,55.486
fra,20220126,55.056
fra,20220127,54.789
fra,20220128,54.226
fra,20220129,53.899
fra,20220130,54.003
fra,20220131,54.878
fra,20220201,55.635
fra,20220202,54.878
fra,20220203,54.033
fra,20220204,53.662
fra,20220205,53.484
fra,20220206,53.054
fra,20220207,53.721
fra,20220208,52.728
fra,20220209,51.956
fra,20220210,50.666
fra,20220211,49.999
fra,20220212,49.301
fra,20220213,49.02
fra,20220214,48.886
fra,20220215,47.981
fra,20220216,46.365
fra,20220217,45.312
fra,20220218,44.051
fra,20220219,43.28
fra,20220220,43.354
fra,20220221,43.087
fra,20220222,42.152
fra,20220223,40.832
fra,20220224,39.394
fra,20220225,37.762
fra,20220226,36.843
fra,20220227,36.946
fra,20220228,36.427
fra,20220301,35.715
fra,20220302,34.544
fra,20220303,33.09
fra,20220304,31.933
fra,20220305,30.776
fra,20220306,30.836
fra,20220307,30.984
fra,20220308,30.198
fra,20220309,29.1
fra,20220310,28.596
fra,20220311,27.81
fra,20220312,27.543
fra,20220313,27.513
fra,20220314,27.083
fra,20220315,26.445
fra,20220316,25.63
fra,20220317,25.14
fra,20220318,24.829
fra,20220319,24.384
fra,20220320,24.354
fra,20220321,24.206
fra,20220322,23.79
fra,20220323,23.197
fra,20220324,22.589
fra,20220325,22.085
fra,20220326,21.966
fra,20220327,22.04
fra,20220328,22.737
fra,20220329,22.812
fra,20220330,22.93
fra,20220331,23.004
fra,20220401,22.797
fra,20220402,22.589
fra,20220403,22.826
fra,20220404,22.856
fra,20220405,23.019
fra,20220406,23.153
fra,20220407,23.316
fra,20220408,23.049
fra,20220409,22.886
fra,20220410,23.168
fra,20220411,23.568
fra,20220412,24.384
fra,20220413,24.473
fra,20220414,24.443
fra,20220415,24.502
fra,20220416,24.176
fra,20220417,24.265
fra,20220418,24.25
fra,20220419,24.933
fra,20220420,24.873
fra,20220421,24.977
fra,20220422,24.399
fra,20220423,24.265
fra,20220424,24.324
fra,20220425,24.606
fra,20220426,24.725
fra,20220427,24.591
fra,20220428,24.161
fra,20220429,23.598
fra,20220430,23.168
fra,20220501,23.093
fra,20220502,22.411
fra,20220503,22.218
fra,20220504,21.729
fra,20220505,21.462
fra,20220506,20.883
fra,20220507,20.72
fra,20220508,20.809
fra,20220509,20.468
fra,20220510,20.231
fra,20220511,19.712
fra,20220512,19.163
fra,20220513,18.288
fra,20220514,17.991
fra,20220515,18.006
fra,20220516,17.784
fra,20220517,17.398
fra,20220518,17.042
fra,20220519,16.538
fra,20220520,16.241
fra,20220521,16.093
fra,20220522,16.033
fra,20220523,15.93
fra,20220524,15.9
fra,20220525,15.47
fra,20220526,15.321
fra,20220527,15.188
fra,20220528,15.158
fra,20220529,15.04
fra,20220530,14.713
fra,20220531,14.12
fra,20220601,13.779
fra,20220602,13.734
fra,20220603,13.601
fra,20220604,13.601
fra,20220605,13.556
fra,20220606,13.453
fra,20220607,13.275
fra,20220608,13.275
fra,20220609,12.993
fra,20220610,12.889
fra,20220611,12.978
fra,20220612,12.919
fra,20220613,12.83
fra,20220614,12.666
fra,20220615,12.563
fra,20220616,12.548
fra,20220617,12.533
fra,20220618,12.296
fra,20220619,12.311
fra,20220620,12.592
fra,20220621,12.474
fra,20220622,12.533
fra,20220623,12.474
fra,20220624,12.311
fra,20220625,12.133
fra,20220626,12.192
fra,20220627,13.052
fra,20220628,13.319
fra,20220629,13.556
fra,20220630,13.809
fra,20220701,14.239
fra,20220702,14.105
fra,20220703,14.135
fra,20220704,14.506
fra,20220705,14.891
fra,20220706,15.232
fra,20220707,15.351
fra,20220708,15.232
fra,20220709,15.425
fra,20220710,15.499
fra,20220711,16.419
fra,20220712,17.175
fra,20220713,17.561
fra,20220714,17.472
fra,20220715,17.858
fra,20220716,18.05
fra,20220717,18.169
fra,20220718,18.851
fra,20220719,19.623
fra,20220720,19.267
fra,20220721,19.356
fra,20220722,19.341
fra,20220723,18.97
fra,20220724,18.866
fra,20220725,19.059
fra,20220726,19.534
fra,20220727,18.584
fra,20220728,17.917
fra,20220729,17.724
fra,20220730,17.709
fra,20220731,17.724
fra,20220801,17.873
fra,20220802,17.502
fra,20220803,17.072
fra,20220804,17.072
fra,20220805,16.938
fra,20220806,16.997
fra,20220807,17.012
fra,20220808,16.627
fra,20220809,16.196
fra,20220810,15.677
fra,20220811,15.529
fra,20220812,15.381
fra,20220813,14.965
fra,20220814,15.01
fra,20220815,15.054
fra,20220816,14.965
fra,20220817,14.847
fra,20220818,14.55
fra,20220819,14.254
fra,20220820,14.12
fra,20220821,14.001
fra,20220822,13.631
fra,20220823,12.919
fra,20220824,12.652
fra,20220825,12.681
fra,20220826,12.533
fra,20220827,12.4
fra,20220828,12.474
fra,20220829,12.577
fra,20220830,12.666
fra,20220831,12.429
fra,20220901,12.073
fra,20220902,11.851
fra,20220903,11.747
fra,20220904,11.762
fra,20220905,11.643
fra,20220906,11.584
fra,20220907,11.747
fra,20220908,11.421
fra,20220909,11.005
fra,20220910,11.05
fra,20220911,10.99
fra,20220912,10.753
fra,20220913,10.783
fra,20220914,10.827
fra,20220915,10.931
fra,20220916,10.798
gbr,20200402,26.947
gbr,20200403,31.51
gbr,20200404,34.319
gbr,20200405,36.697
gbr,20200406,39.298
gbr,20200407,42.568
gbr,20200408,44.099
gbr,20200409,44.039
gbr,20200410,47.978
gbr,20200411,48.662
gbr,20200412,49.063
gbr,20200413,48.706
gbr,20200414,48.067
gbr,20200415,47.978
gbr,20200416,47.889
gbr,20200417,46.997
gbr,20200418,48.26
gbr,20200419,47.205
gbr,20200420,46.521
gbr,20200421,45.124
gbr,20200422,44.054
gbr,20200423,42.612
gbr,20200424,40.175
gbr,20200425,40.16
gbr,20200426,38.347
gbr,20200427,36.563
gbr,20200428,34.973
gbr,20200429,33.977
gbr,20200430,33.055
gbr,20200501,32.372
gbr,20200502,30.737
gbr,20200503,29.86
gbr,20200504,28.775
gbr,20200505,27.853
gbr,20200506,26.783
gbr,20200507,25.044
gbr,20200508,24.405
gbr,20200509,23.558
gbr,20200510,22.859
gbr,20200511,22.072
gbr,20200512,21.016
gbr,20200513,19.946
gbr,20200514,19.53
gbr,20200515,19.872
gbr,20200516,18.341
gbr,20200517,17.776
gbr,20200518,16.959
gbr,20200519,16.439
gbr,20200520,15.368
gbr,20200521,14.982
gbr,20200522,14.328
gbr,20200523,13.793
gbr,20200524,13.169
gbr,20200525,12.827
gbr,20200526,12.589
gbr,20200527,11.638
gbr,20200528,11.162
gbr,20200529,10.687
gbr,20200530,10.464
gbr,20200531,10.092
gbr,20200601,9.691
gbr,20200602,9.453
gbr,20200603,8.948
gbr,20200604,8.487
gbr,20200605,8.234
gbr,20200606,8.026
gbr,20200607,7.654
gbr,20200608,7.565
gbr,20200609,7.298
gbr,20200610,6.525
gbr,20200611,5.797
gbr,20200612,5.841
gbr,20200613,5.797
gbr,20200614,5.841
gbr,20200615,5.722
gbr,20200616,5.618
gbr,20200617,5.306
gbr,20200618,5.232
gbr,20200619,4.905
gbr,20200620,5.143
gbr,20200621,4.608
gbr,20200622,5.053
gbr,20200623,4.622
gbr,20200624,4.697
gbr,20200625,4.102
gbr,20200626,3.983
gbr,20200627,4.013
gbr,20200628,4.013
gbr,20200629,3.894
gbr,20200630,4.147
gbr,20200701,3.85
gbr,20200702,3.552
gbr,20200703,3.433
gbr,20200704,3.285
gbr,20200705,3.225
gbr,20200706,3.106
gbr,20200707,2.928
gbr,20200708,2.75
gbr,20200709,2.794
gbr,20200710,2.839
gbr,20200711,2.497
gbr,20200712,2.363
gbr,20200713,2.408
gbr,20200714,2.155
gbr,20200715,2.274
gbr,20200716,2.111
gbr,20200717,2.125
gbr,20200718,2.036
gbr,20200719,1.947
gbr,20200720,1.917
gbr,20200721,2.036
gbr,20200722,1.635
gbr,20200723,1.65
gbr,20200724,1.546
gbr,20200725,1.382
gbr,20200726,1.367
gbr,20200727,1.442
gbr,20200728,1.382
gbr,20200729,1.293
gbr,20200730,1.248
gbr,20200731,1.278
gbr,20200801,1.367
gbr,20200802,1.263
gbr,20200803,1.144
gbr,20200804,1.13
gbr,20200805,1.085
gbr,20200806,1.026
gbr,20200807,0.996
gbr,20200808,0.922
gbr,20200809,0.966
gbr,20200810,1.04
gbr,20200811,1.085
gbr,20200812,1.189
gbr,20200813,1.115
gbr,20200814,1.085
gbr,20200815,1.13
gbr,20200816,1.159
gbr,20200817,1.085
gbr,20200818,1.085
gbr,20200819,1.04
gbr,20200820,1.13
gbr,20200821,1.07
gbr,20200822,1.055
gbr,20200823,1.07
gbr,20200824,1.011
gbr,20200825,1.011
gbr,20200826,0.951
gbr,20200827,1.055
gbr,20200828,0.892
gbr,20200829,0.981
gbr,20200830,1.011
gbr,20200831,1.055
gbr,20200901,1.219
gbr,20200902,1.204
gbr,20200903,1.13
gbr,20200904,1.026
gbr,20200905,0.996
gbr,20200906,1.026
gbr,20200907,1.144
gbr,20200908,1.189
gbr,20200909,1.189
gbr,20200910,1.159
gbr,20200911,2.125
gbr,20200912,1.278
gbr,20200913,1.367
gbr,20200914,1.561
gbr,20200915,1.709
gbr,20200916,1.843
gbr,20200917,1.888
gbr,20200918,2.051
gbr,20200919,2.14
gbr,20200920,2.452
gbr,20200921,2.69
gbr,20200922,3.136
gbr,20200923,3.389
gbr,20200924,3.612
gbr,20200925,3.894
gbr,20200926,3.879
gbr,20200927,4.102
gbr,20200928,4.414
gbr,20200929,4.667
gbr,20200930,4.949
gbr,20201001,5.068
gbr,20201002,5.484
gbr,20201003,5.484
gbr,20201004,5.484
gbr,20201005,5.841
gbr,20201006,6.094
gbr,20201007,6.569
gbr,20201008,6.48
gbr,20201009,6.54
gbr,20201010,6.971
gbr,20201011,7.09
gbr,20201012,7.536
gbr,20201013,7.669
gbr,20201014,8.368
gbr,20201015,8.635
gbr,20201016,8.799
gbr,20201017,9.126
gbr,20201018,9.364
gbr,20201019,9.78
gbr,20201020,10.374
gbr,20201021,10.582
gbr,20201022,10.523
gbr,20201023,11.058
gbr,20201024,11.712
gbr,20201025,12.307
gbr,20201026,12.678
gbr,20201027,13.421
gbr,20201028,14.224
gbr,20201029,14.477
gbr,20201030,14.551
gbr,20201031,14.908
gbr,20201101,14.551
gbr,20201102,15.978
gbr,20201103,17.003
gbr,20201104,17.732
gbr,20201105,17.583
gbr,20201106,17.642
gbr,20201107,17.94
gbr,20201108,18.311
gbr,20201109,18.891
gbr,20201110,18.118
gbr,20201111,18.846
gbr,20201112,18.95
gbr,20201113,20.139
gbr,20201114,20.288
gbr,20201115,20.764
gbr,20201116,20.674
gbr,20201117,21.106
gbr,20201118,21.254
gbr,20201119,21.195
gbr,20201120,21.135
gbr,20201121,21.507
gbr,20201122,21.611
gbr,20201123,22.101
gbr,20201124,22.131
gbr,20201125,21.997
gbr,20201126,21.641
gbr,20201127,21.061
gbr,20201128,20.481
gbr,20201129,20.615
gbr,20201130,20.169
gbr,20201201,20.08
gbr,20201202,19.545
gbr,20201203,18.742
gbr,20201204,18.935
gbr,20201205,18.534
gbr,20201206,18.564
gbr,20201207,18.891
gbr,20201208,18.906
gbr,20201209,18.475
gbr,20201210,18.831
gbr,20201211,18.95
gbr,20201212,18.475
gbr,20201213,19.04
gbr,20201214,19.144
gbr,20201215,19.708
gbr,20201216,19.916
gbr,20201217,20.303
gbr,20201218,20.273
gbr,20201219,20.987
gbr,20201220,21.432
gbr,20201221,22.473
gbr,20201222,22.726
gbr,20201223,23.097
gbr,20201224,23.885
gbr,20201225,24.019
gbr,20201226,25
gbr,20201227,26.025
gbr,20201228,27.452
gbr,20201229,28.819
gbr,20201230,30.707
gbr,20201231,31.539
gbr,20210101,32.134
gbr,20210102,33.531
gbr,20210103,35.969
gbr,20210104,38.049
gbr,20210105,39.313
gbr,20210106,41.929
gbr,20210107,43.534
gbr,20210108,46.046
gbr,20210109,46.744
gbr,20210110,48.513
gbr,20210111,49.984
gbr,20210112,51.961
gbr,20210113,53.893
gbr,20210114,54.577
gbr,20210115,56.316
gbr,20210116,57.282
gbr,20210117,57.535
gbr,20210118,58.204
gbr,20210119,58.664
gbr,20210120,58.754
gbr,20210121,58.858
gbr,20210122,60.582
gbr,20210123,60.433
gbr,20210124,60.597
gbr,20210125,59.928
gbr,20210126,58.872
gbr,20210127,58.516
gbr,20210128,58.233
gbr,20210129,56.955
gbr,20210130,56.569
gbr,20210131,54.8
gbr,20210201,55.38
gbr,20210202,54.027
gbr,20210203,53.923
gbr,20210204,53.091
gbr,20210205,52.095
gbr,20210206,50.133
gbr,20210207,49.078
gbr,20210208,48.008
gbr,20210209,47.027
gbr,20210210,46.551
gbr,20210211,45.124
gbr,20210212,43.742
gbr,20210213,42.241
gbr,20210214,42.374
gbr,20210215,41.691
gbr,20210216,40.249
gbr,20210217,38.852
gbr,20210218,37.678
gbr,20210219,36.697
gbr,20210220,35.047
gbr,20210221,34.616
gbr,20210222,33.784
gbr,20210223,31.941
gbr,20210224,31.48
gbr,20210225,30.425
gbr,20210226,29.295
gbr,20210227,28.284
gbr,20210228,26.501
gbr,20210301,26.843
gbr,20210302,25.401
gbr,20210303,24.479
gbr,20210304,23.617
gbr,20210305,22.919
gbr,20210306,21.537
gbr,20210307,20.719
gbr,20210308,20.154
gbr,20210309,19.203
gbr,20210310,18.371
gbr,20210311,17.717
gbr,20210312,16.498
gbr,20210313,16.156
gbr,20210314,15.591
gbr,20210315,15.101
gbr,20210316,14.387
gbr,20210317,13.748
gbr,20210318,13.065
gbr,20210319,12.336
gbr,20210320,11.697
gbr,20210321,11.415
gbr,20210322,11.118
gbr,20210323,10.568
gbr,20210324,10.137
gbr,20210325,9.364
gbr,20210326,9.141
gbr,20210327,8.829
gbr,20210328,8.65
gbr,20210329,8.665
gbr,20210330,8.442
gbr,20210331,8.13
gbr,20210401,7.684
gbr,20210402,7.209
gbr,20210403,7.105
gbr,20210404,6.971
gbr,20210405,6.852
gbr,20210406,6.733
gbr,20210407,6.54
gbr,20210408,6.257
gbr,20210409,6.02
gbr,20210410,5.722
gbr,20210411,5.722
gbr,20210412,5.603
gbr,20210413,5.499
gbr,20210414,5.217
gbr,20210415,4.89
gbr,20210416,4.935
gbr,20210417,4.801
gbr,20210418,4.622
gbr,20210419,4.726
gbr,20210420,4.459
gbr,20210421,4.102
gbr,20210422,3.879
gbr,20210423,3.612
gbr,20210424,3.567
gbr,20210425,3.433
gbr,20210426,3.374
gbr,20210427,3.181
gbr,20210428,3.092
gbr,20210429,2.913
gbr,20210430,2.75
gbr,20210501,2.794
gbr,20210502,2.913
gbr,20210503,2.779
gbr,20210504,2.69
gbr,20210505,2.705
gbr,20210506,2.423
gbr,20210507,2.363
gbr,20210508,2.244
gbr,20210509,2.14
gbr,20210510,2.215
gbr,20210511,2.051
gbr,20210512,2.021
gbr,20210513,1.917
gbr,20210514,1.843
gbr,20210515,1.798
gbr,20210516,1.828
gbr,20210517,1.858
gbr,20210518,1.843
gbr,20210519,1.813
gbr,20210520,1.828
gbr,20210521,1.843
gbr,20210522,1.828
gbr,20210523,1.784
gbr,20210524,1.798
gbr,20210525,1.902
gbr,20210526,1.858
gbr,20210527,1.784
gbr,20210528,1.843
gbr,20210529,1.769
gbr,20210530,1.843
gbr,20210531,1.813
gbr,20210601,2.021
gbr,20210602,1.917
gbr,20210603,1.992
gbr,20210604,1.932
gbr,20210605,2.007
gbr,20210606,2.155
gbr,20210607,2.2
gbr,20210608,2.289
gbr,20210609,2.363
gbr,20210610,2.348
gbr,20210611,2.393
gbr,20210612,2.512
gbr,20210613,2.794
gbr,20210614,2.794
gbr,20210615,3.062
gbr,20210616,3.092
gbr,20210617,3.121
gbr,20210618,3.314
gbr,20210619,3.196
gbr,20210620,3.121
gbr,20210621,3.389
gbr,20210622,3.716
gbr,20210623,3.656
gbr,20210624,3.85
gbr,20210625,3.82
gbr,20210626,3.805
gbr,20210627,3.909
gbr,20210628,4.414
gbr,20210629,4.206
gbr,20210630,4.266
gbr,20210701,4.459
gbr,20210702,4.771
gbr,20210703,4.86
gbr,20210704,4.994
gbr,20210705,5.484
gbr,20210706,5.826
gbr,20210707,6.198
gbr,20210708,6.198
gbr,20210709,6.495
gbr,20210710,6.659
gbr,20210711,6.748
gbr,20210712,7.164
gbr,20210713,7.759
gbr,20210714,8.1
gbr,20210715,8.19
gbr,20210716,8.517
gbr,20210717,8.665
gbr,20210718,8.65
gbr,20210719,9.081
gbr,20210720,9.185
gbr,20210721,9.616
gbr,20210722,10.389
gbr,20210723,10.627
gbr,20210724,11.222
gbr,20210725,11.578
gbr,20210726,12.188
gbr,20210727,12.604
gbr,20210728,12.678
gbr,20210729,12.916
gbr,20210730,13.213
gbr,20210731,13.273
gbr,20210801,13.035
gbr,20210802,13.302
gbr,20210803,13.184
gbr,20210804,13.094
gbr,20210805,12.946
gbr,20210806,12.931
gbr,20210807,12.693
gbr,20210808,12.723
gbr,20210809,12.767
gbr,20210810,12.99
gbr,20210811,12.946
gbr,20210812,13.109
gbr,20210813,13.258
gbr,20210814,13.258
gbr,20210815,13.347
gbr,20210816,13.644
gbr,20210817,13.748
gbr,20210818,13.51
gbr,20210819,13.793
gbr,20210820,14.194
gbr,20210821,14.194
gbr,20210822,14.313
gbr,20210823,14.001
gbr,20210824,14.224
gbr,20210825,14.477
gbr,20210826,14.595
gbr,20210827,14.685
gbr,20210828,14.164
gbr,20210829,14.432
gbr,20210830,14.625
gbr,20210831,15.071
gbr,20210901,15.309
gbr,20210902,15.428
gbr,20210903,15.368
gbr,20210904,15.145
gbr,20210905,15.131
gbr,20210906,15.785
gbr,20210907,15.562
gbr,20210908,15.755
gbr,20210909,15.621
gbr,20210910,15.695
gbr,20210911,15.264
gbr,20210912,15.68
gbr,20210913,15.695
gbr,20210914,15.755
gbr,20210915,16.067
gbr,20210916,15.16
gbr,20210917,15.027
gbr,20210918,14.922
gbr,20210919,14.952
gbr,20210920,14.595
gbr,20210921,14.016
gbr,20210922,13.956
gbr,20210923,13.615
gbr,20210924,13.05
gbr,20210925,12.99
gbr,20210926,12.47
gbr,20210927,12.351
gbr,20210928,12.277
gbr,20210929,12.084
gbr,20210930,12.113
gbr,20211001,11.965
gbr,20211002,11.355
gbr,20211003,11.563
gbr,20211004,11.43
gbr,20211005,11.89
gbr,20211006,11.994
gbr,20211007,12.009
gbr,20211008,11.593
gbr,20211009,11.415
gbr,20211010,11.058
gbr,20211011,11.103
gbr,20211012,11.593
gbr,20211013,11.608
gbr,20211014,11.638
gbr,20211015,11.757
gbr,20211016,11.965
gbr,20211017,12.173
gbr,20211018,12.277
gbr,20211019,12.648
gbr,20211020,12.961
gbr,20211021,13.258
gbr,20211022,13.213
gbr,20211023,12.916
gbr,20211024,13.154
gbr,20211025,13.57
gbr,20211026,14.15
gbr,20211027,14.046
gbr,20211028,14.031
gbr,20211029,14.298
gbr,20211030,14.387
gbr,20211031,14.566
gbr,20211101,15.309
gbr,20211102,15.22
gbr,20211103,15.145
gbr,20211104,15.368
gbr,20211105,15.249
gbr,20211106,15.131
gbr,20211107,15.041
gbr,20211108,15.249
gbr,20211109,15.205
gbr,20211110,14.982
gbr,20211111,14.848
gbr,20211112,14.7
gbr,20211113,14.477
gbr,20211114,14.551
gbr,20211115,14.387
gbr,20211116,13.942
gbr,20211117,13.897
gbr,20211118,13.719
gbr,20211119,13.54
gbr,20211120,13.496
gbr,20211121,13.57
gbr,20211122,13.793
gbr,20211123,13.659
gbr,20211124,13.793
gbr,20211125,13.748
gbr,20211126,13.748
gbr,20211127,13.54
gbr,20211128,13.659
gbr,20211129,13.615
gbr,20211130,13.837
gbr,20211201,13.302
gbr,20211202,13.302
gbr,20211203,13.377
gbr,20211204,13.302
gbr,20211205,13.109
gbr,20211206,13.392
gbr,20211207,13.079
gbr,20211208,13.228
gbr,20211209,13.377
gbr,20211210,13.392
gbr,20211211,13.124
gbr,20211212,13.273
gbr,20211213,13.377
gbr,20211214,13.317
gbr,20211215,13.198
gbr,20211216,13.005
gbr,20211217,13.065
gbr,20211218,12.708
gbr,20211219,12.752
gbr,20211220,12.767
gbr,20211221,12.619
gbr,20211222,12.515
gbr,20211223,12.53
gbr,20211224,12.366
gbr,20211225,12.455
gbr,20211226,12.648
gbr,20211227,12.931
gbr,20211228,12.648
gbr,20211229,12.901
gbr,20211230,13.005
gbr,20211231,13.124
gbr,20220101,12.738
gbr,20220102,12.842
gbr,20220103,13.05
gbr,20220104,13.377
gbr,20220105,13.005
gbr,20220106,12.901
gbr,20220107,12.485
gbr,20220108,12.188
gbr,20220109,12.128
gbr,20220110,12.203
gbr,20220111,11.786
gbr,20220112,11.667
gbr,20220113,11.549
gbr,20220114,11.088
gbr,20220115,10.582
gbr,20220116,10.627
gbr,20220117,10.597
gbr,20220118,10.449
gbr,20220119,10.033
gbr,20220120,9.869
gbr,20220121,9.512
gbr,20220122,9.289
gbr,20220123,8.962
gbr,20220124,8.888
gbr,20220125,8.546
gbr,20220126,8.338
gbr,20220127,8.16
gbr,20220128,7.952
gbr,20220129,7.833
gbr,20220130,7.729
gbr,20220131,7.595
gbr,20220201,7.461
gbr,20220202,7.179
gbr,20220203,7.105
gbr,20220204,7.045
gbr,20220205,6.807
gbr,20220206,6.555
gbr,20220207,6.584
gbr,20220208,6.391
gbr,20220209,6.421
gbr,20220210,6.391
gbr,20220211,6.183
gbr,20220212,5.945
gbr,20220213,5.707
gbr,20220214,5.841
gbr,20220215,5.262
gbr,20220216,5.336
gbr,20220217,4.905
gbr,20220218,4.979
gbr,20220219,4.875
gbr,20220220,4.964
gbr,20220221,4.816
gbr,20220222,4.637
gbr,20220223,4.518
gbr,20220224,4.295
gbr,20220225,4.028
gbr,20220226,3.79
gbr,20220227,4.028
gbr,20220228,4.31
gbr,20220301,4.132
gbr,20220302,4.147
gbr,20220303,3.924
gbr,20220304,3.82
gbr,20220305,3.805
gbr,20220306,3.909
gbr,20220307,3.998
gbr,20220308,4.087
gbr,20220309,3.954
gbr,20220310,3.76
gbr,20220311,3.775
gbr,20220312,3.745
gbr,20220313,3.82
gbr,20220314,4.162
gbr,20220315,4.177
gbr,20220316,4.177
gbr,20220317,4.34
gbr,20220318,4.266
gbr,20220319,4.117
gbr,20220320,4.162
gbr,20220321,4.444
gbr,20220322,4.697
gbr,20220323,4.489
gbr,20220324,4.905
gbr,20220325,4.949
gbr,20220326,5.128
gbr,20220327,5.113
gbr,20220328,5.395
gbr,20220329,5.425
gbr,20220330,5.336
gbr,20220331,5.291
gbr,20220401,5.232
gbr,20220402,5.202
gbr,20220403,5.083
gbr,20220404,5.217
gbr,20220405,5.41
gbr,20220406,5.366
gbr,20220407,5.306
gbr,20220408,5.276
gbr,20220409,5.455
gbr,20220410,5.529
gbr,20220411,5.633
gbr,20220412,5.722
gbr,20220413,5.276
gbr,20220414,5.187
gbr,20220415,4.756
gbr,20220416,4.935
gbr,20220417,4.875
gbr,20220418,4.845
gbr,20220419,4.994
gbr,20220420,5.187
gbr,20220421,5.024
gbr,20220422,4.83
gbr,20220423,4.83
gbr,20220424,4.816
gbr,20220425,4.756
gbr,20220426,4.845
gbr,20220427,4.608
gbr,20220428,4.489
gbr,20220429,4.533
gbr,20220430,4.518
gbr,20220501,4.355
gbr,20220502,4.251
gbr,20220503,4.132
gbr,20220504,4.117
gbr,20220505,3.76
gbr,20220506,3.523
gbr,20220507,3.359
gbr,20220508,3.374
gbr,20220509,3.166
gbr,20220510,3.017
gbr,20220511,3.002
gbr,20220512,2.839
gbr,20220513,2.809
gbr,20220514,2.928
gbr,20220515,2.958
gbr,20220516,2.809
gbr,20220517,2.987
gbr,20220518,2.794
gbr,20220519,2.839
gbr,20220520,2.883
gbr,20220521,2.735
gbr,20220522,2.601
irl,20210110,17.648
irl,20210117,33.891
irl,20210124,41.512
irl,20210131,43.317
irl,20210207,39.908
irl,20210214,34.092
irl,20210221,30.282
irl,20210228,27.273
irl,20210307,22.461
irl,20210314,18.45
irl,20210321,16.444
irl,20210328,15.241
irl,20210404,13.436
irl,20210411,10.829
irl,20210418,9.425
irl,20210425,9.425
irl,20210502,9.024
irl,20210509,7.219
irl,20210516,6.818
irl,20210523,7.621
irl,20210530,8.222
irl,20210606,6.818
irl,20210613,5.415
irl,20210620,3.61
irl,20210627,3.61
irl,20210704,2.808
irl,20210711,3.409
irl,20210718,4.011
irl,20210725,4.412
irl,20210801,5.214
irl,20210808,6.016
irl,20210815,7.219
irl,20210822,11.03
irl,20210829,11.23
irl,20210905,11.23
irl,20210912,11.23
irl,20210919,12.835
irl,20210926,12.634
irl,20211003,12.032
irl,20211010,14.038
irl,20211017,13.837
irl,20211024,17.246
irl,20211031,20.255
irl,20211107,17.246
irl,20211114,17.848
irl,20211121,23.864
irl,20211128,26.271
irl,20211205,23.463
irl,20211212,23.463
irl,20211219,20.856
irl,20211226,20.054
irl,20220102,18.65
irl,20220109,18.45
irl,20220116,18.45
irl,20220123,18.049
irl,20220130,14.639
irl,20220206,13.035
irl,20220213,13.637
irl,20220220,12.434
irl,20220227,10.829
irl,20220306,9.225
irl,20220313,9.425
irl,20220320,8.824
irl,20220327,11.03
irl,20220403,9.826
irl,20220410,11.631
irl,20220417,11.631
irl,20220424,8.423
irl,20220501,7.621
irl,20220508,7.219
irl,20220515,6.016
irl,20220522,4.813
irl,20220529,5.214
irl,20220605,3.61
irl,20220612,5.415
irl,20220619,5.214
irl,20220626,4.813
irl,20220703,1.805
irl,20220710,2.808
irl,20220717,4.011
irl,20220724,4.011
irl,20220731,3.409
irl,20220807,2.406
irl,20220814,2.005
irl,20220821,1.805
irl,20220828,1.404
irl,20220904,0.802
irl,20220911,0.802
isl,20210228,0
isl,20210314,0
isl,20210321,0
isl,20210328,0
isl,20210404,0
isl,20210411,0
isl,20210418,2.7
isl,20210425,2.7
isl,20210502,0
isl,20210509,5.401
isl,20210516,2.7
isl,20210523,0
isl,20210530,0
isl,20210606,0
isl,20210613,0
isl,20210620,0
isl,20210627,0
isl,20210704,0
isl,20210711,0
isl,20210718,0
isl,20210725,0
isl,20210801,5.401
isl,20210808,8.101
isl,20210815,13.501
isl,20210822,13.501
isl,20210829,13.501
isl,20210905,2.7
isl,20210912,5.401
isl,20210919,5.401
isl,20210926,10.801
isl,20211003,2.7
isl,20211010,2.7
isl,20211017,2.7
isl,20211024,0
isl,20211031,10.801
isl,20211107,10.801
isl,20211114,8.101
isl,20211121,10.801
isl,20211128,8.101
isl,20211205,8.101
isl,20211212,13.501
isl,20211219,5.401
isl,20211226,8.101
isl,20220102,16.202
isl,20220109,21.602
isl,20220116,18.902
isl,20220123,8.101
isl,20220130,8.101
isl,20220206,8.101
isl,20220213,5.401
isl,20220220,8.101
isl,20220227,5.401
isl,20220306,10.801
isl,20220313,10.801
isl,20220320,21.602
isl,20220327,8.101
isl,20220403,10.801
isl,20220410,0
isl,20220417,2.7
isl,20220424,0
isl,20220501,0
isl,20220508,0
isl,20220515,0
isl,20220522,0
isl,20220529,0
isl,20220605,0
isl,20220612,2.7
isl,20220619,0
isl,20220626,0
isl,20220703,2.7
isl,20220710,2.7
isl,20220717,2.7
isl,20220724,5.401
isl,20220731,2.7
isl,20220807,2.7
isl,20220814,2.7
isl,20220821,2.7
isl,20220828,5.401
isl,20220904,0
isr,20200901,13.454
isr,20200902,13.454
isr,20200903,12.7
isr,20200904,13.239
isr,20200905,14.315
isr,20200906,14.745
isr,20200907,14.853
isr,20200908,15.607
isr,20200909,16.252
isr,20200910,16.468
isr,20200911,15.284
isr,20200912,14.961
isr,20200913,16.36
isr,20200914,15.714
isr,20200915,15.499
isr,20200916,15.391
isr,20200917,17.867
isr,20200918,16.79
isr,20200919,17.651
isr,20200920,18.19
isr,20200921,18.943
isr,20200922,19.696
isr,20200923,18.19
isr,20200924,21.634
isr,20200925,22.387
isr,20200926,23.894
isr,20200927,24.54
isr,20200928,23.894
isr,20200929,26.692
isr,20200930,27.015
isr,20201001,25.831
isr,20201002,27.015
isr,20201003,27.984
isr,20201004,28.415
isr,20201005,29.06
isr,20201006,29.706
isr,20201007,30.244
isr,20201008,30.352
isr,20201009,29.06
isr,20201010,29.706
isr,20201011,29.599
isr,20201012,29.491
isr,20201013,30.675
isr,20201014,28.737
isr,20201015,28.845
isr,20201016,28.415
isr,20201017,27.554
isr,20201018,26.154
isr,20201019,27.769
isr,20201020,28.522
isr,20201021,27.769
isr,20201022,26.37
isr,20201023,25.293
isr,20201024,24.97
isr,20201025,25.401
isr,20201026,24.432
isr,20201027,23.141
isr,20201028,22.71
isr,20201029,22.064
isr,20201030,21.634
isr,20201031,20.019
isr,20201101,20.45
isr,20201102,21.311
isr,20201103,20.235
isr,20201104,19.481
isr,20201105,18.835
isr,20201106,16.898
isr,20201107,17.006
isr,20201108,17.867
isr,20201109,17.436
isr,20201110,16.683
isr,20201111,16.683
isr,20201112,15.499
isr,20201113,15.284
isr,20201114,15.176
isr,20201115,15.714
isr,20201116,14.961
isr,20201117,14.961
isr,20201118,15.068
isr,20201119,14.745
isr,20201120,15.391
isr,20201121,14.53
isr,20201122,14.207
isr,20201123,13.454
isr,20201124,13.454
isr,20201125,13.023
isr,20201126,12.27
isr,20201127,12.27
isr,20201128,11.517
isr,20201129,11.301
isr,20201130,11.086
isr,20201201,10.763
isr,20201202,10.655
isr,20201203,11.409
isr,20201204,12.27
isr,20201205,11.517
isr,20201206,12.485
isr,20201207,12.162
isr,20201208,12.27
isr,20201209,12.055
isr,20201210,11.947
isr,20201211,12.162
isr,20201212,12.808
isr,20201213,12.485
isr,20201214,12.916
isr,20201215,12.808
isr,20201216,13.669
isr,20201217,13.992
isr,20201218,13.884
isr,20201219,15.499
isr,20201220,15.714
isr,20201221,16.252
isr,20201222,15.929
isr,20201223,15.929
isr,20201224,16.468
isr,20201225,18.728
isr,20201226,17.974
isr,20201227,19.804
isr,20201228,20.019
isr,20201229,21.526
isr,20201230,22.064
isr,20201231,23.786
isr,20210101,24.217
isr,20210102,23.571
isr,20210103,27.446
isr,20210104,27.984
isr,20210105,29.383
isr,20210106,29.383
isr,20210107,30.137
isr,20210108,31.428
isr,20210109,31.859
isr,20210110,32.612
isr,20210111,34.227
isr,20210112,33.689
isr,20210113,34.119
isr,20210114,35.411
isr,20210115,34.872
isr,20210116,34.011
isr,20210117,36.917
isr,20210118,37.133
isr,20210119,39.178
isr,20210120,40.254
isr,20210121,41.653
isr,20210122,42.514
isr,20210123,43.698
isr,20210124,42.622
isr,20210125,42.191
isr,20210126,43.16
isr,20210127,42.514
isr,20210128,43.16
isr,20210129,45.205
isr,20210130,41.761
isr,20210131,42.407
isr,20210201,42.837
isr,20210202,44.344
isr,20210203,43.268
isr,20210204,42.299
isr,20210205,42.299
isr,20210206,43.913
isr,20210207,44.129
isr,20210208,43.483
isr,20210209,41.761
isr,20210210,41.868
isr,20210211,40.254
isr,20210212,39.178
isr,20210213,40.362
isr,20210214,38.962
isr,20210215,40.146
isr,20210216,37.563
isr,20210217,38.424
isr,20210218,35.949
isr,20210219,37.025
isr,20210220,34.98
isr,20210221,34.442
isr,20210222,34.442
isr,20210223,32.827
isr,20210224,31.859
isr,20210225,31.536
isr,20210226,31.644
isr,20210227,31.536
isr,20210228,30.46
isr,20210301,28.737
isr,20210302,27.876
isr,20210303,27.231
isr,20210304,27.769
isr,20210305,27.769
isr,20210306,28.199
isr,20210307,28.415
isr,20210308,28.307
isr,20210309,27.231
isr,20210310,26.37
isr,20210311,27.231
isr,20210312,27.338
isr,20210313,27.769
isr,20210314,28.953
isr,20210315,27.446
isr,20210316,28.953
isr,20210317,27.338
isr,20210318,26.37
isr,20210319,25.616
isr,20210320,26.262
isr,20210321,26.585
isr,20210322,26.047
isr,20210323,26.37
isr,20210324,25.078
isr,20210325,26.154
isr,20210326,24.97
isr,20210327,24.432
isr,20210328,24.755
isr,20210329,24.432
isr,20210330,23.033
isr,20210331,23.679
isr,20210401,22.172
isr,20210402,20.342
isr,20210403,20.235
isr,20210404,20.342
isr,20210405,20.342
isr,20210406,19.374
isr,20210407,17.974
isr,20210408,17.221
isr,20210409,17.113
isr,20210410,16.252
isr,20210411,16.252
isr,20210412,15.068
isr,20210413,13.669
isr,20210414,13.454
isr,20210415,12.916
isr,20210416,12.916
isr,20210417,12.378
isr,20210418,11.839
isr,20210419,11.194
isr,20210420,10.763
isr,20210421,10.44
isr,20210422,10.225
isr,20210423,9.687
isr,20210424,9.579
isr,20210425,9.364
isr,20210426,8.503
isr,20210427,7.965
isr,20210428,7.965
isr,20210429,6.888
isr,20210430,6.888
isr,20210501,6.996
isr,20210502,6.458
isr,20210503,6.781
isr,20210504,5.92
isr,20210505,5.92
isr,20210506,5.704
isr,20210507,5.382
isr,20210508,5.274
isr,20210509,5.274
isr,20210510,4.951
isr,20210511,4.736
isr,20210512,4.521
isr,20210513,4.305
isr,20210514,4.305
isr,20210515,4.305
isr,20210516,4.413
isr,20210517,4.305
isr,20210518,4.09
isr,20210519,4.09
isr,20210520,4.305
isr,20210521,4.09
isr,20210522,4.198
isr,20210523,4.198
isr,20210524,4.09
isr,20210525,3.982
isr,20210526,3.767
isr,20210527,3.552
isr,20210528,3.552
isr,20210529,3.444
isr,20210530,3.337
isr,20210531,3.444
isr,20210601,3.229
isr,20210602,2.906
isr,20210603,2.906
isr,20210604,2.798
isr,20210605,2.691
isr,20210606,2.691
isr,20210607,2.368
isr,20210608,2.26
isr,20210609,2.26
isr,20210610,2.368
isr,20210611,2.368
isr,20210612,2.26
isr,20210613,2.153
isr,20210614,2.153
isr,20210615,1.937
isr,20210616,1.722
isr,20210617,1.83
isr,20210618,1.83
isr,20210619,1.83
isr,20210620,1.83
isr,20210621,1.937
isr,20210622,1.937
isr,20210623,1.937
isr,20210624,1.614
isr,20210625,1.722
isr,20210626,1.83
isr,20210627,1.722
isr,20210628,1.722
isr,20210629,1.722
isr,20210630,1.399
isr,20210701,1.614
isr,20210702,1.507
isr,20210703,1.507
isr,20210704,1.507
isr,20210705,1.614
isr,20210706,1.614
isr,20210707,1.722
isr,20210708,1.614
isr,20210709,1.722
isr,20210710,1.614
isr,20210711,1.83
isr,20210712,1.614
isr,20210713,1.507
isr,20210714,1.722
isr,20210715,1.722
isr,20210716,1.937
isr,20210717,1.937
isr,20210718,1.722
isr,20210719,1.722
isr,20210720,1.83
isr,20210721,1.937
isr,20210722,2.368
isr,20210723,2.368
isr,20210724,2.26
isr,20210725,2.368
isr,20210726,3.552
isr,20210727,3.444
isr,20210728,3.444
isr,20210729,3.121
isr,20210730,3.552
isr,20210731,3.767
isr,20210801,3.875
isr,20210802,4.736
isr,20210803,5.812
isr,20210804,6.243
isr,20210805,6.673
isr,20210806,6.996
isr,20210807,7.104
isr,20210808,7.857
isr,20210809,9.579
isr,20210810,9.149
isr,20210811,9.364
isr,20210812,9.794
isr,20210813,10.548
isr,20210814,11.839
isr,20210815,12.808
isr,20210816,13.023
isr,20210817,13.562
isr,20210818,15.284
isr,20210819,14.961
isr,20210820,15.391
isr,20210821,16.252
isr,20210822,16.468
isr,20210823,17.221
isr,20210824,17.544
isr,20210825,19.158
isr,20210826,18.728
isr,20210827,19.266
isr,20210828,19.589
isr,20210829,20.019
isr,20210830,21.419
isr,20210831,22.064
isr,20210901,22.172
isr,20210902,21.419
isr,20210903,20.235
isr,20210904,21.741
isr,20210905,22.172
isr,20210906,22.71
isr,20210907,23.786
isr,20210908,24.54
isr,20210909,25.293
isr,20210910,26.154
isr,20210911,26.154
isr,20210912,26.154
isr,20210913,26.692
isr,20210914,27.123
isr,20210915,25.724
isr,20210916,24.97
isr,20210917,25.831
isr,20210918,26.154
isr,20210919,26.262
isr,20210920,26.692
isr,20210921,27.446
isr,20210922,27.984
isr,20210923,29.06
isr,20210924,29.706
isr,20210925,30.782
isr,20210926,30.137
isr,20210927,29.921
isr,20210928,29.921
isr,20210929,28.415
isr,20210930,28.522
isr,20211001,26.262
isr,20211002,27.446
isr,20211003,26.585
isr,20211004,26.154
isr,20211005,25.293
isr,20211006,25.186
isr,20211007,23.894
isr,20211008,24.217
isr,20211009,23.894
isr,20211010,23.786
isr,20211011,23.248
isr,20211012,23.248
isr,20211013,22.387
isr,20211014,21.634
isr,20211015,20.665
isr,20211016,20.235
isr,20211017,19.589
isr,20211018,19.912
isr,20211019,19.266
isr,20211020,19.158
isr,20211021,18.835
isr,20211022,18.62
isr,20211023,18.082
isr,20211024,17.759
isr,20211025,16.79
isr,20211026,16.252
isr,20211027,16.575
isr,20211028,15.929
isr,20211029,16.145
isr,20211030,15.176
isr,20211031,15.822
isr,20211101,14.961
isr,20211102,14.638
isr,20211103,13.992
isr,20211104,13.131
isr,20211105,12.7
isr,20211106,12.916
isr,20211107,12.808
isr,20211108,12.808
isr,20211109,12.485
isr,20211110,11.947
isr,20211111,11.947
isr,20211112,11.732
isr,20211113,11.839
isr,20211114,11.732
isr,20211115,11.086
isr,20211116,10.44
isr,20211117,10.978
isr,20211118,10.655
isr,20211119,9.579
isr,20211120,9.472
isr,20211121,9.256
isr,20211122,9.794
isr,20211123,9.579
isr,20211124,8.933
isr,20211125,8.503
isr,20211126,8.61
isr,20211127,8.503
isr,20211128,8.503
isr,20211129,8.395
isr,20211130,8.18
isr,20211201,7.857
isr,20211202,7.965
isr,20211203,7.965
isr,20211204,7.642
isr,20211205,7.749
isr,20211206,7.642
isr,20211207,7.211
isr,20211208,6.673
isr,20211209,6.565
isr,20211210,6.35
isr,20211211,6.027
isr,20211212,5.812
isr,20211213,6.027
isr,20211214,6.027
isr,20211215,5.812
isr,20211216,5.704
isr,20211217,5.597
isr,20211218,5.166
isr,20211219,5.166
isr,20211220,4.951
isr,20211221,4.521
isr,20211222,4.628
isr,20211223,4.951
isr,20211224,4.628
isr,20211225,4.521
isr,20211226,4.843
isr,20211227,4.628
isr,20211228,4.951
isr,20211229,4.628
isr,20211230,4.628
isr,20211231,4.521
isr,20220101,4.521
isr,20220102,4.628
isr,20220103,4.521
isr,20220104,4.951
isr,20220105,5.166
isr,20220106,5.382
isr,20220107,5.597
isr,20220108,6.135
isr,20220109,6.565
isr,20220110,7.427
isr,20220111,7.965
isr,20220112,8.395
isr,20220113,8.718
isr,20220114,10.225
isr,20220115,11.732
isr,20220116,12.27
isr,20220117,12.7
isr,20220118,15.714
isr,20220119,15.391
isr,20220120,17.329
isr,20220121,19.374
isr,20220122,21.741
isr,20220123,22.71
isr,20220124,23.894
isr,20220125,25.401
isr,20220126,26.154
isr,20220127,29.706
isr,20220128,30.137
isr,20220129,31.536
isr,20220130,34.55
isr,20220131,34.119
isr,20220201,36.379
isr,20220202,37.133
isr,20220203,36.917
isr,20220204,37.563
isr,20220205,38.532
isr,20220206,38.855
isr,20220207,39.608
isr,20220208,37.456
isr,20220209,34.98
isr,20220210,34.98
isr,20220211,34.011
isr,20220212,32.827
isr,20220213,34.657
isr,20220214,35.949
isr,20220215,34.872
isr,20220216,33.258
isr,20220217,32.074
isr,20220218,31.105
isr,20220219,33.043
isr,20220220,33.258
isr,20220221,31.321
isr,20220222,30.998
isr,20220223,28.953
isr,20220224,28.953
isr,20220225,28.307
isr,20220226,27.338
isr,20220227,28.092
isr,20220228,27.554
isr,20220301,26.154
isr,20220302,24.863
isr,20220303,23.786
isr,20220304,23.464
isr,20220305,22.71
isr,20220306,22.387
isr,20220307,20.773
isr,20220308,20.127
isr,20220309,20.665
isr,20220310,20.235
isr,20220311,19.158
isr,20220312,18.513
isr,20220313,18.62
isr,20220314,18.297
isr,20220315,17.221
isr,20220316,17.759
isr,20220317,17.329
isr,20220318,17.436
isr,20220319,17.221
isr,20220320,17.544
isr,20220321,16.252
isr,20220322,16.252
isr,20220323,16.468
isr,20220324,15.607
isr,20220325,14.961
isr,20220326,14.638
isr,20220327,13.992
isr,20220328,14.423
isr,20220329,14.1
isr,20220330,13.131
isr,20220331,12.162
isr,20220401,12.7
isr,20220402,13.562
isr,20220403,13.023
isr,20220404,11.947
isr,20220405,12.808
isr,20220406,12.808
isr,20220407,12.055
isr,20220408,11.301
isr,20220409,11.517
isr,20220410,11.947
isr,20220411,11.732
isr,20220412,11.301
isr,20220413,10.978
isr,20220414,10.44
isr,20220415,9.687
isr,20220416,9.687
isr,20220417,9.794
isr,20220418,9.794
isr,20220419,9.579
isr,20220420,9.579
isr,20220421,9.041
isr,20220422,8.826
isr,20220423,9.579
isr,20220424,9.579
isr,20220425,9.472
isr,20220426,9.687
isr,20220427,9.472
isr,20220428,8.18
isr,20220429,8.072
isr,20220430,7.965
isr,20220501,7.965
isr,20220502,7.211
isr,20220503,6.888
isr,20220504,6.996
isr,20220505,6.35
isr,20220506,6.673
isr,20220507,6.781
isr,20220508,6.781
isr,20220509,6.781
isr,20220510,6.135
isr,20220511,6.135
isr,20220512,5.382
isr,20220513,6.027
isr,20220514,6.027
isr,20220515,5.489
isr,20220516,5.597
isr,20220517,5.812
isr,20220518,6.135
isr,20220519,5.812
isr,20220520,5.489
isr,20220521,5.382
isr,20220522,5.597
isr,20220523,5.166
isr,20220524,4.843
isr,20220525,4.843
isr,20220526,4.628
isr,20220527,4.736
isr,20220528,4.305
isr,20220529,4.198
isr,20220530,3.767
isr,20220531,3.659
isr,20220601,3.767
isr,20220602,3.444
isr,20220603,3.229
isr,20220604,3.229
isr,20220605,3.337
isr,20220606,3.229
isr,20220607,2.583
isr,20220608,2.906
isr,20220609,2.583
isr,20220610,2.368
isr,20220611,2.368
isr,20220612,2.368
isr,20220613,2.476
isr,20220614,2.906
isr,20220615,3.552
isr,20220616,3.875
isr,20220617,4.09
isr,20220618,4.198
isr,20220619,4.736
isr,20220620,4.843
isr,20220621,4.736
isr,20220622,4.843
isr,20220623,4.736
isr,20220624,4.951
isr,20220625,4.521
isr,20220626,5.92
isr,20220627,5.812
isr,20220628,5.597
isr,20220629,6.888
isr,20220630,6.35
isr,20220701,6.458
isr,20220702,6.888
isr,20220703,6.673
isr,20220704,6.888
isr,20220705,6.888
isr,20220706,6.996
isr,20220707,7.749
isr,20220708,8.288
isr,20220709,8.61
isr,20220710,9.149
isr,20220711,9.579
isr,20220712,9.149
isr,20220713,9.687
isr,20220714,10.117
isr,20220715,10.01
isr,20220716,10.333
isr,20220717,11.301
isr,20220718,10.978
isr,20220719,10.763
isr,20220720,10.333
isr,20220721,10.333
isr,20220722,10.655
isr,20220723,10.871
isr,20220724,11.301
isr,20220725,11.086
isr,20220726,10.655
isr,20220727,11.086
isr,20220728,10.655
isr,20220729,10.655
isr,20220730,11.732
isr,20220731,10.44
isr,20220801,10.978
isr,20220802,12.378
isr,20220803,11.517
isr,20220804,11.409
isr,20220805,10.44
isr,20220806,10.548
isr,20220807,10.763
isr,20220808,10.763
isr,20220809,10.225
isr,20220810,10.333
isr,20220811,9.579
isr,20220812,9.687
isr,20220813,10.117
isr,20220814,10.225
isr,20220815,10.763
isr,20220816,9.364
isr,20220817,9.041
isr,20220818,9.687
isr,20220819,8.933
isr,20220820,8.61
isr,20220821,7.857
isr,20220822,8.61
isr,20220823,8.503
isr,20220824,7.857
isr,20220825,7.427
isr,20220826,6.888
isr,20220827,6.888
isr,20220828,6.888
isr,20220829,6.565
isr,20220830,6.243
isr,20220831,6.135
isr,20220901,5.382
isr,20220902,5.704
isr,20220903,5.382
isr,20220904,5.489
isr,20220905,5.812
isr,20220906,6.027
isr,20220907,5.597
isr,20220908,5.059
isr,20220909,5.059
isr,20220910,5.059
isr,20220911,4.951
isr,20220912,5.274
isr,20220913,5.382
isr,20220914,5.059
isr,20220915,4.521
isr,20220916,3.014
ita,20200224,0.439
ita,20200225,0.591
ita,20200226,0.608
ita,20200227,0.945
ita,20200228,1.08
ita,20200229,1.772
ita,20200301,2.363
ita,20200302,2.802
ita,20200303,3.866
ita,20200304,4.98
ita,20200305,5.925
ita,20200306,7.799
ita,20200307,9.571
ita,20200308,10.972
ita,20200309,12.373
ita,20200310,14.804
ita,20200311,17.353
ita,20200312,19.463
ita,20200313,22.417
ita,20200314,25.624
ita,20200315,28.224
ita,20200316,31.246
ita,20200317,34.774
ita,20200318,38.099
ita,20200319,42.167
ita,20200320,44.817
ita,20200321,48.227
ita,20200322,50.793
ita,20200323,54.085
ita,20200324,57.326
ita,20200325,58.896
ita,20200326,60.972
ita,20200327,62.998
ita,20200328,65.091
ita,20200329,65.935
ita,20200330,67.201
ita,20200331,67.91
ita,20200401,68.112
ita,20200402,68.416
ita,20200403,68.669
ita,20200404,67.42
ita,20200405,67.133
ita,20200406,65.8
ita,20200407,64.01
ita,20200408,62.339
ita,20200409,60.854
ita,20200410,59.031
ita,20200411,57.073
ita,20200412,56.431
ita,20200413,55.03
ita,20200414,53.781
ita,20200415,51.975
ita,20200416,49.561
ita,20200417,47.468
ita,20200418,46.134
ita,20200419,44.48
ita,20200420,43.433
ita,20200421,41.711
ita,20200422,40.243
ita,20200423,38.268
ita,20200424,36.681
ita,20200425,35.483
ita,20200426,33.913
ita,20200427,33.018
ita,20200428,31.448
ita,20200429,30.3
ita,20200430,28.595
ita,20200501,26.637
ita,20200502,25.979
ita,20200503,25.337
ita,20200504,24.966
ita,20200505,24.088
ita,20200506,22.502
ita,20200507,22.13
ita,20200508,19.716
ita,20200509,17.454
ita,20200510,17.336
ita,20200511,16.864
ita,20200512,16.07
ita,20200513,15.074
ita,20200514,14.433
ita,20200515,13.639
ita,20200516,13.082
ita,20200517,12.863
ita,20200518,12.643
ita,20200519,12.086
ita,20200520,11.411
ita,20200521,10.803
ita,20200522,10.044
ita,20200523,9.656
ita,20200524,9.335
ita,20200525,9.132
ita,20200526,8.795
ita,20200527,8.525
ita,20200528,8.255
ita,20200529,8.018
ita,20200530,7.596
ita,20200531,7.343
ita,20200601,7.157
ita,20200602,6.887
ita,20200603,5.959
ita,20200604,5.706
ita,20200605,5.334
ita,20200606,4.946
ita,20200607,4.845
ita,20200608,4.777
ita,20200609,4.44
ita,20200610,4.203
ita,20200611,3.984
ita,20200612,3.832
ita,20200613,3.714
ita,20200614,3.528
ita,20200615,3.494
ita,20200616,2.988
ita,20200617,2.752
ita,20200618,2.836
ita,20200619,2.718
ita,20200620,2.566
ita,20200621,2.498
ita,20200622,2.144
ita,20200623,1.941
ita,20200624,1.806
ita,20200625,1.739
ita,20200626,1.772
ita,20200627,1.637
ita,20200628,1.654
ita,20200629,1.621
ita,20200630,1.57
ita,20200701,1.469
ita,20200702,1.384
ita,20200703,1.334
ita,20200704,1.199
ita,20200705,1.249
ita,20200706,1.215
ita,20200707,1.182
ita,20200708,1.199
ita,20200709,1.165
ita,20200710,1.097
ita,20200711,1.131
ita,20200712,1.148
ita,20200713,1.097
ita,20200714,1.013
ita,20200715,0.962
ita,20200716,0.895
ita,20200717,0.844
ita,20200718,0.844
ita,20200719,0.827
ita,20200720,0.793
ita,20200721,0.827
ita,20200722,0.81
ita,20200723,0.827
ita,20200724,0.776
ita,20200725,0.692
ita,20200726,0.743
ita,20200727,0.76
ita,20200728,0.675
ita,20200729,0.641
ita,20200730,0.793
ita,20200731,0.692
ita,20200801,0.726
ita,20200802,0.709
ita,20200803,0.692
ita,20200804,0.692
ita,20200805,0.692
ita,20200806,0.709
ita,20200807,0.709
ita,20200808,0.726
ita,20200809,0.76
ita,20200810,0.776
ita,20200811,0.827
ita,20200812,0.895
ita,20200813,0.928
ita,20200814,0.945
ita,20200815,0.928
ita,20200816,0.945
ita,20200817,0.979
ita,20200818,0.979
ita,20200819,1.114
ita,20200820,1.148
ita,20200821,1.165
ita,20200822,1.08
ita,20200823,1.165
ita,20200824,1.097
ita,20200825,1.114
ita,20200826,1.165
ita,20200827,1.131
ita,20200828,1.249
ita,20200829,1.334
ita,20200830,1.452
ita,20200831,1.587
ita,20200901,1.806
ita,20200902,1.84
ita,20200903,2.026
ita,20200904,2.043
ita,20200905,2.043
ita,20200906,2.245
ita,20200907,2.397
ita,20200908,2.414
ita,20200909,2.532
ita,20200910,2.768
ita,20200911,2.954
ita,20200912,3.072
ita,20200913,3.157
ita,20200914,3.325
ita,20200915,3.393
ita,20200916,3.494
ita,20200917,3.579
ita,20200918,3.511
ita,20200919,3.629
ita,20200920,3.747
ita,20200921,3.916
ita,20200922,4.034
ita,20200923,4.119
ita,20200924,4.153
ita,20200925,4.119
ita,20200926,4.169
ita,20200927,4.288
ita,20200928,4.456
ita,20200929,4.575
ita,20200930,4.727
ita,20201001,4.912
ita,20201002,4.963
ita,20201003,5.013
ita,20201004,5.115
ita,20201005,5.452
ita,20201006,5.385
ita,20201007,5.689
ita,20201008,6.043
ita,20201009,6.533
ita,20201010,6.583
ita,20201011,7.09
ita,20201012,7.63
ita,20201013,8.677
ita,20201014,9.099
ita,20201015,9.892
ita,20201016,10.77
ita,20201017,11.901
ita,20201018,12.66
ita,20201019,13.454
ita,20201020,14.686
ita,20201021,15.631
ita,20201022,16.745
ita,20201023,17.708
ita,20201024,19.041
ita,20201025,20.392
ita,20201026,21.674
ita,20201027,23.818
ita,20201028,25.928
ita,20201029,27.87
ita,20201030,29.473
ita,20201031,31.111
ita,20201101,32.731
ita,20201102,34.132
ita,20201103,37.559
ita,20201104,38.69
ita,20201105,40.361
ita,20201106,42.454
ita,20201107,44.463
ita,20201108,46.404
ita,20201109,48.092
ita,20201110,50.152
ita,20201111,52.008
ita,20201112,53.511
ita,20201113,54.524
ita,20201114,55.807
ita,20201115,57.765
ita,20201116,58.946
ita,20201117,60.972
ita,20201118,61.951
ita,20201119,62.66
ita,20201120,63.268
ita,20201121,63.437
ita,20201122,64.162
ita,20201123,64.314
ita,20201124,64.416
ita,20201125,64.956
ita,20201126,64.922
ita,20201127,63.842
ita,20201128,63.504
ita,20201129,63.352
ita,20201130,63.2
ita,20201201,61.833
ita,20201202,61.039
ita,20201203,60.719
ita,20201204,60.212
ita,20201205,59.368
ita,20201206,58.305
ita,20201207,57.089
ita,20201208,56.465
ita,20201209,56.043
ita,20201210,55.553
ita,20201211,55.114
ita,20201212,54
ita,20201213,53.308
ita,20201214,52.245
ita,20201215,50.692
ita,20201216,49.392
ita,20201217,48.194
ita,20201218,47.586
ita,20201219,46.995
ita,20201220,46.303
ita,20201221,46.1
ita,20201222,45.358
ita,20201223,44.294
ita,20201224,43.703
ita,20201225,43.619
ita,20201226,43.551
ita,20201227,43.551
ita,20201228,43.298
ita,20201229,43.028
ita,20201230,42.674
ita,20201231,43.129
ita,20210101,43.096
ita,20210102,43.366
ita,20210103,43.602
ita,20210104,43.535
ita,20210105,43.366
ita,20210106,43.399
ita,20210107,43.67
ita,20210108,43.67
ita,20210109,43.771
ita,20210110,44.142
ita,20210111,44.598
ita,20210112,44.497
ita,20210113,43.535
ita,20210114,43.163
ita,20210115,42.572
ita,20210116,42.539
ita,20210117,42.252
ita,20210118,42.944
ita,20210119,41.982
ita,20210120,41.543
ita,20210121,40.817
ita,20210122,40.344
ita,20210123,40.277
ita,20210124,40.513
ita,20210125,40.867
ita,20210126,40.04
ita,20210127,39.703
ita,20210128,38.622
ita,20210129,38.318
ita,20210130,37.441
ita,20210131,37.39
ita,20210201,38.015
ita,20210202,37.373
ita,20210203,36.208
ita,20210204,36.31
ita,20210205,36.158
ita,20210206,35.618
ita,20210207,35.567
ita,20210208,36.175
ita,20210209,36.175
ita,20210210,35.921
ita,20210211,35.888
ita,20210212,35.364
ita,20210213,34.807
ita,20210214,35.196
ita,20210215,35.263
ita,20210216,35.01
ita,20210217,34.487
ita,20210218,34.52
ita,20210219,34.757
ita,20210220,34.824
ita,20210221,35.348
ita,20210222,35.753
ita,20210223,36.225
ita,20210224,36.411
ita,20210225,36.597
ita,20210226,37.036
ita,20210227,37.407
ita,20210228,37.66
ita,20210301,38.639
ita,20210302,39.281
ita,20210303,40.699
ita,20210304,41.779
ita,20210305,42.623
ita,20210306,43.399
ita,20210307,43.973
ita,20210308,45.577
ita,20210309,46.522
ita,20210310,47.721
ita,20210311,48.261
ita,20210312,49.189
ita,20210313,50.337
ita,20210314,52.025
ita,20210315,53.291
ita,20210316,54.963
ita,20210317,55.992
ita,20210318,56.262
ita,20210319,56.786
ita,20210320,57.174
ita,20210321,58.204
ita,20210322,59.25
ita,20210323,59.858
ita,20210324,60.567
ita,20210325,61.107
ita,20210326,61.242
ita,20210327,61.36
ita,20210328,62.103
ita,20210329,62.812
ita,20210330,62.728
ita,20210331,62.626
ita,20210401,62.137
ita,20210402,62.525
ita,20210403,62.694
ita,20210404,62.508
ita,20210405,63.082
ita,20210406,63.183
ita,20210407,62.17
ita,20210408,61.833
ita,20210409,60.82
ita,20210410,60.567
ita,20210411,60.516
ita,20210412,60.651
ita,20210413,59.52
ita,20210414,58.913
ita,20210415,57.68
ita,20210416,56.819
ita,20210417,56.381
ita,20210418,55.891
ita,20210419,54.76
ita,20210420,53.19
ita,20210421,51.924
ita,20210422,50.996
ita,20210423,50.287
ita,20210424,48.852
ita,20210425,48.312
ita,20210426,48.092
ita,20210427,46.387
ita,20210428,45.763
ita,20210429,44.564
ita,20210430,43.602
ita,20210501,42.572
ita,20210502,42.606
ita,20210503,42.032
ita,20210504,40.901
ita,20210505,39.973
ita,20210506,38.96
ita,20210507,38.032
ita,20210508,37.323
ita,20210509,37.002
ita,20210510,36.428
ita,20210511,34.706
ita,20210512,33.626
ita,20210513,31.955
ita,20210514,31.398
ita,20210515,30.469
ita,20210516,30.03
ita,20210517,29.608
ita,20210518,28.511
ita,20210519,27.734
ita,20210520,26.063
ita,20210521,24.797
ita,20210522,24.139
ita,20210523,23.801
ita,20210524,23.329
ita,20210525,22.333
ita,20210526,21.573
ita,20210527,20.358
ita,20210528,19.277
ita,20210529,18.484
ita,20210530,17.91
ita,20210531,17.437
ita,20210601,16.695
ita,20210602,15.749
ita,20210603,15.057
ita,20210604,14.112
ita,20210605,13.302
ita,20210606,13.065
ita,20210607,12.812
ita,20210608,11.614
ita,20210609,11.158
ita,20210610,10.567
ita,20210611,10.078
ita,20210612,9.689
ita,20210613,9.537
ita,20210614,9.048
ita,20210615,8.508
ita,20210616,7.951
ita,20210617,7.495
ita,20210618,7.022
ita,20210619,6.651
ita,20210620,6.566
ita,20210621,6.499
ita,20210622,6.111
ita,20210623,5.807
ita,20210624,5.537
ita,20210625,5.165
ita,20210626,5.03
ita,20210627,4.963
ita,20210628,4.878
ita,20210629,4.558
ita,20210630,4.169
ita,20210701,3.866
ita,20210702,3.596
ita,20210703,3.444
ita,20210704,3.325
ita,20210705,3.224
ita,20210706,3.157
ita,20210707,3.038
ita,20210708,3.038
ita,20210709,2.853
ita,20210710,2.718
ita,20210711,2.718
ita,20210712,2.667
ita,20210713,2.65
ita,20210714,2.549
ita,20210715,2.583
ita,20210716,2.718
ita,20210717,2.735
ita,20210718,2.633
ita,20210719,2.735
ita,20210720,2.785
ita,20210721,2.667
ita,20210722,2.667
ita,20210723,2.616
ita,20210724,2.903
ita,20210725,3.005
ita,20210726,3.072
ita,20210727,3.19
ita,20210728,3.089
ita,20210729,3.275
ita,20210730,3.393
ita,20210731,3.612
ita,20210801,3.882
ita,20210802,4.203
ita,20210803,4.355
ita,20210804,4.389
ita,20210805,4.524
ita,20210806,4.676
ita,20210807,4.862
ita,20210808,5.047
ita,20210809,5.452
ita,20210810,5.435
ita,20210811,5.689
ita,20210812,5.942
ita,20210813,6.229
ita,20210814,6.28
ita,20210815,6.482
ita,20210816,6.82
ita,20210817,7.14
ita,20210818,7.461
ita,20210819,7.765
ita,20210820,7.681
ita,20210821,7.866
ita,20210822,7.968
ita,20210823,8.187
ita,20210824,8.508
ita,20210825,8.423
ita,20210826,8.491
ita,20210827,8.626
ita,20210828,8.626
ita,20210829,8.862
ita,20210830,9.25
ita,20210831,9.183
ita,20210901,9.115
ita,20210902,9.369
ita,20210903,9.385
ita,20210904,9.605
ita,20210905,9.656
ita,20210906,9.622
ita,20210907,9.504
ita,20210908,9.521
ita,20210909,9.419
ita,20210910,9.25
ita,20210911,9.234
ita,20210912,9.436
ita,20210913,9.504
ita,20210914,9.352
ita,20210915,9.115
ita,20210916,8.963
ita,20210917,8.862
ita,20210918,8.761
ita,20210919,8.947
ita,20210920,8.828
ita,20210921,8.71
ita,20210922,8.66
ita,20210923,8.525
ita,20210924,8.255
ita,20210925,8.119
ita,20210926,8.153
ita,20210927,8.238
ita,20210928,7.748
ita,20210929,7.596
ita,20210930,7.427
ita,20211001,7.242
ita,20211002,7.292
ita,20211003,7.275
ita,20211004,7.377
ita,20211005,7.309
ita,20211006,7.005
ita,20211007,6.803
ita,20211008,6.465
ita,20211009,6.195
ita,20211010,6.144
ita,20211011,6.313
ita,20211012,6.246
ita,20211013,6.195
ita,20211014,6.06
ita,20211015,6.026
ita,20211016,5.942
ita,20211017,5.891
ita,20211018,6.043
ita,20211019,5.993
ita,20211020,5.993
ita,20211021,6.009
ita,20211022,5.79
ita,20211023,5.706
ita,20211024,5.756
ita,20211025,5.706
ita,20211026,5.756
ita,20211027,5.756
ita,20211028,5.857
ita,20211029,5.891
ita,20211030,5.841
ita,20211031,5.773
ita,20211101,6.144
ita,20211102,6.499
ita,20211103,6.431
ita,20211104,6.465
ita,20211105,6.668
ita,20211106,6.617
ita,20211107,6.718
ita,20211108,7.005
ita,20211109,7.107
ita,20211110,7.14
ita,20211111,7.124
ita,20211112,7.512
ita,20211113,7.647
ita,20211114,7.731
ita,20211115,8.018
ita,20211116,8.119
ita,20211117,8.204
ita,20211118,8.491
ita,20211119,8.643
ita,20211120,8.643
ita,20211121,8.778
ita,20211122,9.267
ita,20211123,9.453
ita,20211124,9.672
ita,20211125,9.926
ita,20211126,10.23
ita,20211127,10.533
ita,20211128,10.77
ita,20211129,11.293
ita,20211130,11.529
ita,20211201,11.58
ita,20211202,11.783
ita,20211203,11.951
ita,20211204,12.356
ita,20211205,12.424
ita,20211206,12.542
ita,20211207,13.099
ita,20211208,13.352
ita,20211209,13.69
ita,20211210,13.774
ita,20211211,13.808
ita,20211212,13.994
ita,20211213,14.45
ita,20211214,14.568
ita,20211215,14.686
ita,20211216,15.479
ita,20211217,15.581
ita,20211218,16.087
ita,20211219,16.306
ita,20211220,16.661
ita,20211221,17.083
ita,20211222,17.049
ita,20211223,17.269
ita,20211224,17.522
ita,20211225,18.079
ita,20211226,18.383
ita,20211227,19.007
ita,20211228,19.328
ita,20211229,20.003
ita,20211230,20.695
ita,20211231,21.269
ita,20220101,21.894
ita,20220102,22.265
ita,20220103,22.805
ita,20220104,23.498
ita,20220105,24.105
ita,20220106,24.764
ita,20220107,25.304
ita,20220108,26.283
ita,20220109,26.924
ita,20220110,27.11
ita,20220111,28.308
ita,20220112,28.173
ita,20220113,28.156
ita,20220114,28.342
ita,20220115,28.308
ita,20220116,28.545
ita,20220117,28.984
ita,20220118,28.95
ita,20220119,28.494
ita,20220120,28.663
ita,20220121,28.815
ita,20220122,28.292
ita,20220123,28.443
ita,20220124,28.443
ita,20220125,28.545
ita,20220126,28.106
ita,20220127,27.768
ita,20220128,27.515
ita,20220129,26.806
ita,20220130,26.89
ita,20220131,26.739
ita,20220201,26.148
ita,20220202,25.726
ita,20220203,24.595
ita,20220204,24.308
ita,20220205,23.818
ita,20220206,24.156
ita,20220207,24.021
ita,20220208,23.227
ita,20220209,22.789
ita,20220210,22.316
ita,20220211,21.354
ita,20220212,20.645
ita,20220213,20.088
ita,20220214,19.801
ita,20220215,18.889
ita,20220216,18.113
ita,20220217,17.505
ita,20220218,16.661
ita,20220219,16.087
ita,20220220,15.766
ita,20220221,15.665
ita,20220222,15.125
ita,20220223,14.956
ita,20220224,14.163
ita,20220225,13.487
ita,20220226,12.88
ita,20220227,12.373
ita,20220228,12.053
ita,20220301,11.951
ita,20220302,11.496
ita,20220303,11.04
ita,20220304,10.55
ita,20220305,10.28
ita,20220306,10.179
ita,20220307,10.297
ita,20220308,9.993
ita,20220309,9.504
ita,20220310,9.2
ita,20220311,8.896
ita,20220312,8.66
ita,20220313,8.71
ita,20220314,8.744
ita,20220315,8.474
ita,20220316,8.052
ita,20220317,7.984
ita,20220318,8.001
ita,20220319,7.951
ita,20220320,7.883
ita,20220321,7.816
ita,20220322,7.681
ita,20220323,7.866
ita,20220324,7.546
ita,20220325,7.546
ita,20220326,7.63
ita,20220327,7.833
ita,20220328,8.221
ita,20220329,8.221
ita,20220330,8.119
ita,20220331,7.9
ita,20220401,8.035
ita,20220402,8.322
ita,20220403,8.255
ita,20220404,8.153
ita,20220405,7.951
ita,20220406,7.866
ita,20220407,7.951
ita,20220408,7.799
ita,20220409,7.799
ita,20220410,7.849
ita,20220411,7.866
ita,20220412,7.816
ita,20220413,7.579
ita,20220414,7.09
ita,20220415,7.073
ita,20220416,6.938
ita,20220417,6.803
ita,20220418,6.938
ita,20220419,7.124
ita,20220420,6.972
ita,20220421,7.005
ita,20220422,6.938
ita,20220423,6.904
ita,20220424,7.022
ita,20220425,7.022
ita,20220426,6.904
ita,20220427,6.651
ita,20220428,6.448
ita,20220429,6.263
ita,20220430,6.178
ita,20220501,6.178
ita,20220502,6.212
ita,20220503,6.178
ita,20220504,6.263
ita,20220505,6.229
ita,20220506,6.128
ita,20220507,5.993
ita,20220508,6.009
ita,20220509,6.128
ita,20220510,6.043
ita,20220511,5.706
ita,20220512,5.638
ita,20220513,5.756
ita,20220514,5.739
ita,20220515,5.857
ita,20220516,5.959
ita,20220517,5.689
ita,20220518,5.368
ita,20220519,5.199
ita,20220520,5.182
ita,20220521,5.081
ita,20220522,4.929
ita,20220523,4.912
ita,20220524,4.828
ita,20220525,4.575
ita,20220526,4.372
ita,20220527,4.254
ita,20220528,4.22
ita,20220529,4.389
ita,20220530,4.304
ita,20220531,4.186
ita,20220601,3.764
ita,20220602,3.815
ita,20220603,3.798
ita,20220604,3.68
ita,20220605,3.68
ita,20220606,3.663
ita,20220607,3.697
ita,20220608,3.359
ita,20220609,3.325
ita,20220610,3.309
ita,20220611,3.258
ita,20220612,3.089
ita,20220613,3.258
ita,20220614,3.089
ita,20220615,3.19
ita,20220616,3.241
ita,20220617,3.224
ita,20220618,3.258
ita,20220619,3.359
ita,20220620,3.528
ita,20220621,3.477
ita,20220622,3.646
ita,20220623,3.646
ita,20220624,3.798
ita,20220625,3.798
ita,20220626,3.832
ita,20220627,3.95
ita,20220628,4.001
ita,20220629,4.186
ita,20220630,4.406
ita,20220701,4.456
ita,20220702,4.642
ita,20220703,4.912
ita,20220704,5.115
ita,20220705,5.452
ita,20220706,5.486
ita,20220707,5.79
ita,20220708,6.094
ita,20220709,5.807
ita,20220710,5.908
ita,20220711,6.077
ita,20220712,6.33
ita,20220713,6.55
ita,20220714,6.6
ita,20220715,6.668
ita,20220716,6.837
ita,20220717,6.803
ita,20220718,7.039
ita,20220719,6.972
ita,20220720,6.921
ita,20220721,6.921
ita,20220722,6.837
ita,20220723,6.887
ita,20220724,6.837
ita,20220725,7.191
ita,20220726,7.326
ita,20220727,7.157
ita,20220728,6.853
ita,20220729,6.752
ita,20220730,6.448
ita,20220731,6.55
ita,20220801,6.718
ita,20220802,6.516
ita,20220803,6.685
ita,20220804,6.111
ita,20220805,5.925
ita,20220806,5.672
ita,20220807,5.773
ita,20220808,5.722
ita,20220809,5.587
ita,20220810,5.419
ita,20220811,5.419
ita,20220812,5.165
ita,20220813,4.912
ita,20220814,5.03
ita,20220815,5.081
ita,20220816,5.047
ita,20220817,4.862
ita,20220818,4.524
ita,20220819,4.389
ita,20220820,4.321
ita,20220821,4.423
ita,20220822,4.304
ita,20220823,4.288
ita,20220824,4.034
ita,20220825,3.95
ita,20220826,3.899
ita,20220827,3.832
ita,20220828,3.866
ita,20220829,3.866
ita,20220830,3.815
ita,20220831,3.596
ita,20220901,3.494
ita,20220902,3.292
ita,20220903,3.174
ita,20220904,3.207
ita,20220905,3.123
ita,20220906,3.123
ita,20220907,3.106
ita,20220908,3.123
ita,20220909,2.903
ita,20220910,2.92
ita,20220911,3.038
ita,20220912,2.971
ita,20220913,2.752
ita,20220914,2.549
ita,20220915,2.414
ita,20220916,2.397
jpn,20200507,2.736
jpn,20200513,2.014
jpn,20200521,1.477
jpn,20200527,1.148
jpn,20200603,0.811
jpn,20200610,0.706
jpn,20200617,0.562
jpn,20200624,0.465
jpn,20200701,0.321
jpn,20200708,0.289
jpn,20200715,0.329
jpn,20200722,0.433
jpn,20200729,0.738
jpn,20200805,0.939
jpn,20200812,1.541
jpn,20200819,2.223
jpn,20200826,2.672
jpn,20200902,2.6
jpn,20200909,2.528
jpn,20200916,2.536
jpn,20200923,2.488
jpn,20200930,2.343
jpn,20201007,2.375
jpn,20201014,2.544
jpn,20201021,2.239
jpn,20201028,2.327
jpn,20201104,2.56
jpn,20201111,3.114
jpn,20201118,3.876
jpn,20201125,5.473
jpn,20201202,6.3
jpn,20201209,6.757
jpn,20201216,7.624
jpn,20201223,8.161
jpn,20201230,8.876
jpn,20210106,9.822
jpn,20210113,11.427
jpn,20210120,12.077
jpn,20210127,12.591
jpn,20210203,11.548
jpn,20210210,9.887
jpn,20210217,8.185
jpn,20210224,6.58
jpn,20210303,5.93
jpn,20210310,5.288
jpn,20210317,4.887
jpn,20210324,5.056
jpn,20210331,5.874
jpn,20210407,6.765
jpn,20210414,7.856
jpn,20210421,9.871
jpn,20210428,10.657
jpn,20210505,12.431
jpn,20210512,14.501
jpn,20210519,14.613
jpn,20210526,14.79
jpn,20210602,13.217
jpn,20210609,10.93
jpn,20210616,9.076
jpn,20210623,7.559
jpn,20210630,6.893
jpn,20210707,6.885
jpn,20210714,7.07
jpn,20210721,7.985
jpn,20210728,10.2
jpn,20210804,12.88
jpn,20210811,17.085
jpn,20210818,20.792
jpn,20210825,22.702
jpn,20210901,24.347
jpn,20210908,24.347
jpn,20210915,19.709
jpn,20210922,14.509
jpn,20210929,9.164
jpn,20211006,6.155
jpn,20211013,4.309
jpn,20211020,2.375
jpn,20211027,1.573
jpn,20211103,1.123
jpn,20211110,1.075
jpn,20211117,0.77
jpn,20211124,0.634
jpn,20211201,0.433
jpn,20211208,0.321
jpn,20211215,0.281
jpn,20211222,0.554
jpn,20211229,0.73
jpn,20220105,1.228
jpn,20220112,3.29
jpn,20220119,5.505
jpn,20220126,9.036
jpn,20220202,11.556
jpn,20220209,14.814
jpn,20220216,16.411
jpn,20220223,17.173
jpn,20220302,16.186
jpn,20220309,14.429
jpn,20220316,12.31
jpn,20220323,9.269
jpn,20220330,7.11
jpn,20220406,6.588
jpn,20220413,6.701
jpn,20220420,5.906
jpn,20220427,5.064
jpn,20220504,4.534
jpn,20220511,4.093
jpn,20220518,3.908
jpn,20220525,3.86
jpn,20220601,3.435
jpn,20220608,3.459
jpn,20220615,2.424
jpn,20220622,2.263
jpn,20220629,2.736
jpn,20220706,3.619
jpn,20220713,5.995
jpn,20220720,8.274
jpn,20220727,10.85
jpn,20220803,13.795
jpn,20220810,15.376
jpn,20220817,15.536
jpn,20220824,14.22
jpn,20220831,12.655
jpn,20220907,10.962
jpn,20220914,8.9
kor,20200328,1.524
kor,20200329,1.505
kor,20200330,1.428
kor,20200331,1.428
kor,20200401,1.466
kor,20200402,1.505
kor,20200403,1.544
kor,20200404,1.544
kor,20200405,1.563
kor,20200406,1.544
kor,20200407,1.486
kor,20200408,1.544
kor,20200409,1.544
kor,20200410,1.37
kor,20200411,1.293
kor,20200412,1.293
kor,20200413,1.273
kor,20200414,1.273
kor,20200415,1.254
kor,20200416,1.177
kor,20200417,1.177
kor,20200418,1.177
kor,20200419,1.1
kor,20200420,1.08
kor,20200421,1.08
kor,20200422,1.003
kor,20200423,0.945
kor,20200424,0.81
kor,20200425,0.888
kor,20200426,0.81
kor,20200427,0.81
kor,20200428,0.733
kor,20200429,0.714
kor,20200430,0.695
kor,20200501,0.637
kor,20200502,0.56
kor,20200503,0.56
kor,20200504,0.521
kor,20200505,0.521
kor,20200506,0.521
kor,20200507,0.482
kor,20200508,0.463
kor,20200509,0.444
kor,20200510,0.444
kor,20200511,0.444
kor,20200512,0.424
kor,20200513,0.386
kor,20200514,0.424
kor,20200515,0.424
kor,20200516,0.347
kor,20200517,0.347
kor,20200518,0.309
kor,20200519,0.289
kor,20200520,0.289
kor,20200521,0.309
kor,20200522,0.309
kor,20200523,0.27
kor,20200524,0.251
kor,20200525,0.251
kor,20200526,0.232
kor,20200527,0.232
kor,20200528,0.212
kor,20200529,0.193
kor,20200530,0.193
kor,20200531,0.212
kor,20200601,0.232
kor,20200602,0.212
kor,20200603,0.154
kor,20200604,0.174
kor,20200605,0.212
kor,20200606,0.27
kor,20200607,0.27
kor,20200608,0.27
kor,20200609,0.347
kor,20200610,0.386
kor,20200611,0.386
kor,20200612,0.347
kor,20200613,0.424
kor,20200614,0.424
kor,20200615,0.386
kor,20200616,0.463
kor,20200617,0.482
kor,20200618,0.521
kor,20200619,0.637
kor,20200620,0.637
kor,20200621,0.656
kor,20200622,0.656
kor,20200623,0.714
kor,20200624,0.733
kor,20200625,0.714
kor,20200626,0.675
kor,20200627,0.579
kor,20200628,0.617
kor,20200629,0.617
kor,20200630,0.617
kor,20200701,0.637
kor,20200702,0.656
kor,20200703,0.656
kor,20200704,0.579
kor,20200705,0.617
kor,20200706,0.617
kor,20200707,0.695
kor,20200708,0.598
kor,20200709,0.502
kor,20200710,0.424
kor,20200711,0.386
kor,20200712,0.367
kor,20200713,0.386
kor,20200714,0.328
kor,20200715,0.328
kor,20200716,0.309
kor,20200717,0.309
kor,20200718,0.367
kor,20200719,0.367
kor,20200720,0.367
kor,20200721,0.405
kor,20200722,0.405
kor,20200723,0.347
kor,20200724,0.309
kor,20200725,0.289
kor,20200726,0.289
kor,20200727,0.27
kor,20200728,0.232
kor,20200729,0.232
kor,20200730,0.251
kor,20200731,0.232
kor,20200801,0.251
kor,20200802,0.251
kor,20200803,0.251
kor,20200804,0.251
kor,20200805,0.27
kor,20200806,0.347
kor,20200807,0.347
kor,20200808,0.328
kor,20200809,0.309
kor,20200810,0.309
kor,20200811,0.289
kor,20200812,0.289
kor,20200813,0.289
kor,20200814,0.27
kor,20200815,0.27
kor,20200816,0.251
kor,20200817,0.251
kor,20200818,0.174
kor,20200819,0.232
kor,20200820,0.232
kor,20200821,0.347
kor,20200822,0.463
kor,20200823,0.56
kor,20200824,0.598
kor,20200825,0.714
kor,20200826,0.81
kor,20200827,0.888
kor,20200828,1.119
kor,20200829,1.235
kor,20200830,1.351
kor,20200831,1.524
kor,20200901,2.007
kor,20200902,2.373
kor,20200903,2.971
kor,20200904,3.029
kor,20200905,3.068
kor,20200906,3.145
kor,20200907,3.126
kor,20200908,2.894
kor,20200909,2.971
kor,20200910,3.261
kor,20200911,3.376
kor,20200912,3.164
kor,20200913,3.029
kor,20200914,3.029
kor,20200915,3.048
kor,20200916,3.087
kor,20200917,3.087
kor,20200918,2.894
kor,20200919,2.933
kor,20200920,2.817
kor,20200921,2.72
kor,20200922,2.817
kor,20200923,2.682
kor,20200924,2.431
kor,20200925,2.47
kor,20200926,2.354
kor,20200927,2.392
kor,20200928,2.315
kor,20200929,2.219
kor,20200930,2.103
kor,20201001,2.064
kor,20201002,2.064
kor,20201003,2.007
kor,20201004,2.026
kor,20201005,2.064
kor,20201006,2.026
kor,20201007,1.968
kor,20201008,1.871
kor,20201009,1.814
kor,20201010,1.717
kor,20201011,1.717
kor,20201012,1.679
kor,20201013,1.756
kor,20201014,1.64
kor,20201015,1.582
kor,20201016,1.505
kor,20201017,1.505
kor,20201018,1.486
kor,20201019,1.505
kor,20201020,1.37
kor,20201021,1.351
kor,20201022,1.196
kor,20201023,1.196
kor,20201024,1.158
kor,20201025,1.023
kor,20201026,1.023
kor,20201027,1.003
kor,20201028,1.003
kor,20201029,1.023
kor,20201030,0.984
kor,20201031,1.042
kor,20201101,0.984
kor,20201102,0.945
kor,20201103,1.003
kor,20201104,1.023
kor,20201105,0.984
kor,20201106,0.965
kor,20201107,1.023
kor,20201108,1.119
kor,20201109,1.1
kor,20201110,1.042
kor,20201111,0.945
kor,20201112,1.023
kor,20201113,0.965
kor,20201114,1.042
kor,20201115,1.08
kor,20201116,1.061
kor,20201117,1.158
kor,20201118,1.293
kor,20201119,1.524
kor,20201120,1.621
kor,20201121,1.659
kor,20201122,1.679
kor,20201123,1.524
kor,20201124,1.524
kor,20201125,1.563
kor,20201126,1.505
kor,20201127,1.486
kor,20201128,1.505
kor,20201129,1.466
kor,20201130,1.466
kor,20201201,1.871
kor,20201202,1.949
kor,20201203,2.257
kor,20201204,2.238
kor,20201205,2.335
kor,20201206,2.412
kor,20201207,2.431
kor,20201208,2.585
kor,20201209,2.585
kor,20201210,2.875
kor,20201211,3.319
kor,20201212,3.261
kor,20201213,3.454
kor,20201214,3.569
kor,20201215,3.955
kor,20201216,4.36
kor,20201217,4.669
kor,20201218,4.746
kor,20201219,5.306
kor,20201220,5.364
kor,20201221,5.286
kor,20201222,5.422
kor,20201223,5.479
kor,20201224,5.614
kor,20201225,6
kor,20201226,5.769
kor,20201227,5.653
kor,20201228,5.692
kor,20201229,6.367
kor,20201230,6.406
kor,20201231,6.637
kor,20210101,6.83
kor,20210102,6.965
kor,20210103,6.849
kor,20210104,6.772
kor,20210105,7.447
kor,20210106,7.93
kor,20210107,7.718
kor,20210108,7.795
kor,20210109,7.891
kor,20210110,7.737
kor,20210111,7.621
kor,20210112,7.525
kor,20210113,7.216
kor,20210114,7.332
kor,20210115,7.216
kor,20210116,6.946
kor,20210117,6.791
kor,20210118,6.618
kor,20210119,6.463
kor,20210120,6.232
kor,20210121,6.116
kor,20210122,5.769
kor,20210123,5.73
kor,20210124,5.441
kor,20210125,5.306
kor,20210126,5.209
kor,20210127,5.209
kor,20210128,4.843
kor,20210129,4.611
kor,20210130,4.457
kor,20210131,4.418
kor,20210201,4.341
kor,20210202,4.322
kor,20210203,4.245
kor,20210204,4.071
kor,20210205,3.859
kor,20210206,3.801
kor,20210207,3.666
kor,20210208,3.627
kor,20210209,3.647
kor,20210210,3.55
kor,20210211,3.28
kor,20210212,3.106
kor,20210213,3.029
kor,20210214,3.01
kor,20210215,3.01
kor,20210216,3.203
kor,20210217,3.261
kor,20210218,3.106
kor,20210219,2.952
kor,20210220,3.01
kor,20210221,2.991
kor,20210222,2.817
kor,20210223,2.855
kor,20210224,2.701
kor,20210225,2.778
kor,20210226,2.778
kor,20210227,2.74
kor,20210228,2.605
kor,20210301,2.527
kor,20210302,2.605
kor,20210303,2.489
kor,20210304,2.701
kor,20210305,2.605
kor,20210306,2.624
kor,20210307,2.585
kor,20210308,2.47
kor,20210309,2.47
kor,20210310,2.373
kor,20210311,2.45
kor,20210312,2.431
kor,20210313,2.161
kor,20210314,2.026
kor,20210315,1.91
kor,20210316,1.987
kor,20210317,1.929
kor,20210318,1.929
kor,20210319,1.949
kor,20210320,1.968
kor,20210321,2.007
kor,20210322,1.987
kor,20210323,1.949
kor,20210324,2.142
kor,20210325,2.142
kor,20210326,2.142
kor,20210327,1.987
kor,20210328,2.007
kor,20210329,1.929
kor,20210330,1.968
kor,20210331,2.084
kor,20210401,2.064
kor,20210402,1.949
kor,20210403,1.949
kor,20210404,1.91
kor,20210405,1.871
kor,20210406,2.161
kor,20210407,2.103
kor,20210408,2.161
kor,20210409,2.18
kor,20210410,2.084
kor,20210411,2.026
kor,20210412,1.987
kor,20210413,1.949
kor,20210414,1.929
kor,20210415,1.91
kor,20210416,2.142
kor,20210417,2.084
kor,20210418,1.968
kor,20210419,1.91
kor,20210420,2.103
kor,20210421,2.238
kor,20210422,2.412
kor,20210423,2.45
kor,20210424,2.624
kor,20210425,2.624
kor,20210426,2.547
kor,20210427,3.01
kor,20210428,3.087
kor,20210429,3.029
kor,20210430,3.164
kor,20210501,3.357
kor,20210502,3.28
kor,20210503,3.164
kor,20210504,3.126
kor,20210505,3.338
kor,20210506,3.319
kor,20210507,3.126
kor,20210508,3.183
kor,20210509,3.087
kor,20210510,3.106
kor,20210511,3.299
kor,20210512,3.222
kor,20210513,3.087
kor,20210514,2.952
kor,20210515,2.894
kor,20210516,2.894
kor,20210517,2.913
kor,20210518,3.01
kor,20210519,2.855
kor,20210520,2.913
kor,20210521,2.836
kor,20210522,2.894
kor,20210523,2.875
kor,20210524,2.778
kor,20210525,3.087
kor,20210526,2.913
kor,20210527,2.971
kor,20210528,3.01
kor,20210529,3.087
kor,20210530,2.894
kor,20210531,2.875
kor,20210601,3.048
kor,20210602,2.913
kor,20210603,2.875
kor,20210604,2.913
kor,20210605,2.913
kor,20210606,2.894
kor,20210607,2.933
kor,20210608,2.875
kor,20210609,2.817
kor,20210610,2.971
kor,20210611,2.952
kor,20210612,2.991
kor,20210613,2.817
kor,20210614,2.952
kor,20210615,3.048
kor,20210616,3.068
kor,20210617,3.01
kor,20210618,2.875
kor,20210619,2.913
kor,20210620,2.817
kor,20210621,2.643
kor,20210622,2.605
kor,20210623,2.817
kor,20210624,2.72
kor,20210625,2.759
kor,20210626,2.875
kor,20210627,2.836
kor,20210628,2.72
kor,20210629,2.933
kor,20210630,2.875
kor,20210701,2.778
kor,20210702,2.798
kor,20210703,2.778
kor,20210704,2.759
kor,20210705,2.682
kor,20210706,2.778
kor,20210707,2.991
kor,20210708,2.952
kor,20210709,2.855
kor,20210710,2.855
kor,20210711,2.798
kor,20210712,2.663
kor,20210713,2.817
kor,20210714,3.145
kor,20210715,3.222
kor,20210716,3.299
kor,20210717,3.569
kor,20210718,3.608
kor,20210719,3.569
kor,20210720,3.994
kor,20210721,4.129
kor,20210722,4.206
kor,20210723,4.38
kor,20210724,4.901
kor,20210725,4.959
kor,20210726,4.708
kor,20210727,5.19
kor,20210728,5.518
kor,20210729,5.499
kor,20210730,5.769
kor,20210731,6.116
kor,20210801,6.251
kor,20210802,6.29
kor,20210803,6.386
kor,20210804,6.348
kor,20210805,7.119
kor,20210806,7.254
kor,20210807,7.274
kor,20210808,7.254
kor,20210809,7.081
kor,20210810,7.312
kor,20210811,7.467
kor,20210812,7.177
kor,20210813,7.119
kor,20210814,7.447
kor,20210815,7.216
kor,20210816,6.811
kor,20210817,6.83
kor,20210818,7.062
kor,20210819,7.525
kor,20210820,7.428
kor,20210821,7.775
kor,20210822,7.621
kor,20210823,7.698
kor,20210824,8.103
kor,20210825,8.374
kor,20210826,8.2
kor,20210827,8.238
kor,20210828,7.891
kor,20210829,7.795
kor,20210830,7.64
kor,20210831,7.891
kor,20210901,7.698
kor,20210902,7.158
kor,20210903,7.081
kor,20210904,7.254
kor,20210905,7.004
kor,20210906,6.907
kor,20210907,7.023
kor,20210908,7.467
kor,20210909,7.062
kor,20210910,6.811
kor,20210911,6.791
kor,20210912,6.772
kor,20210913,6.598
kor,20210914,6.56
kor,20210915,6.753
kor,20210916,6.714
kor,20210917,6.406
kor,20210918,6.348
kor,20210919,6.425
kor,20210920,6.406
kor,20210921,6.328
kor,20210922,6.116
kor,20210923,6.02
kor,20210924,5.962
kor,20210925,6.541
kor,20210926,6.174
kor,20210927,6.155
kor,20210928,6.251
kor,20210929,6.386
kor,20210930,6.483
kor,20211001,6.232
kor,20211002,6.483
kor,20211003,6.676
kor,20211004,6.714
kor,20211005,6.676
kor,20211006,6.83
kor,20211007,7.235
kor,20211008,7.274
kor,20211009,7.409
kor,20211010,7.274
kor,20211011,7.158
kor,20211012,7.023
kor,20211013,6.926
kor,20211014,7.158
kor,20211015,7.158
kor,20211016,6.965
kor,20211017,6.714
kor,20211018,6.656
kor,20211019,6.637
kor,20211020,6.695
kor,20211021,6.734
kor,20211022,6.598
kor,20211023,6.309
kor,20211024,6.097
kor,20211025,6.213
kor,20211026,6.444
kor,20211027,6.579
kor,20211028,6.656
kor,20211029,6.386
kor,20211030,6.541
kor,20211031,6.406
kor,20211101,6.618
kor,20211102,6.695
kor,20211103,7.293
kor,20211104,7.042
kor,20211105,7.37
kor,20211106,7.93
kor,20211107,7.814
kor,20211108,7.891
kor,20211109,8.2
kor,20211110,8.875
kor,20211111,9.126
kor,20211112,9.165
kor,20211113,9.357
kor,20211114,9.319
kor,20211115,9.087
kor,20211116,9.55
kor,20211117,10.071
kor,20211118,9.763
kor,20211119,9.628
kor,20211120,9.801
kor,20211121,9.975
kor,20211122,9.936
kor,20211123,10.592
kor,20211124,11.306
kor,20211125,11.808
kor,20211126,11.904
kor,20211127,12.232
kor,20211128,12.483
kor,20211129,12.136
kor,20211130,12.753
kor,20211201,13.949
kor,20211202,14.142
kor,20211203,14.2
kor,20211204,14.509
kor,20211205,14.355
kor,20211206,14.027
kor,20211207,14.933
kor,20211208,16.207
kor,20211209,16.535
kor,20211210,16.438
kor,20211211,16.515
kor,20211212,17.249
kor,20211213,16.901
kor,20211214,17.48
kor,20211215,18.599
kor,20211216,19.082
kor,20211217,18.734
kor,20211218,19.602
kor,20211219,19.776
kor,20211220,19.236
kor,20211221,19.718
kor,20211222,20.509
kor,20211223,20.895
kor,20211224,20.914
kor,20211225,21.32
kor,20211226,20.857
kor,20211227,20.799
kor,20211228,21.262
kor,20211229,22.207
kor,20211230,22.091
kor,20211231,20.374
kor,20220101,20.239
kor,20220102,19.757
kor,20220103,19.583
kor,20220104,18.773
kor,20220105,18.387
kor,20220106,17.017
kor,20220107,16.187
kor,20220108,16.168
kor,20220109,15.84
kor,20220110,15.165
kor,20220111,15.049
kor,20220112,14.451
kor,20220113,13.525
kor,20220114,12.715
kor,20220115,12.078
kor,20220116,11.808
kor,20220117,11.171
kor,20220118,10.477
kor,20220119,10.264
kor,20220120,9.415
kor,20220121,8.316
kor,20220122,8.354
kor,20220123,8.316
kor,20220124,8.065
kor,20220125,7.563
kor,20220126,7.428
kor,20220127,6.753
kor,20220128,6.097
kor,20220129,5.557
kor,20220130,5.344
kor,20220131,5.344
kor,20220201,5.248
kor,20220202,5.364
kor,20220203,5.286
kor,20220204,4.959
kor,20220205,5.19
kor,20220206,5.248
kor,20220207,5.209
kor,20220208,5.171
kor,20220209,5.499
kor,20220210,5.441
kor,20220211,5.229
kor,20220212,5.306
kor,20220213,5.557
kor,20220214,5.904
kor,20220215,6.058
kor,20220216,6.039
kor,20220217,7.505
kor,20220218,7.428
kor,20220219,7.872
kor,20220220,8.47
kor,20220221,9.261
kor,20220222,9.261
kor,20220223,9.878
kor,20220224,11.21
kor,20220225,12.637
kor,20220226,12.406
kor,20220227,12.792
kor,20220228,13.795
kor,20220301,14.027
kor,20220302,14.702
kor,20220303,14.779
kor,20220304,15.377
kor,20220305,17.287
kor,20220306,17.075
kor,20220307,18.426
kor,20220308,19.429
kor,20220309,20.972
kor,20220310,21.474
kor,20220311,21.532
kor,20220312,20.567
kor,20220313,20.722
kor,20220314,22.342
kor,20220315,23.075
kor,20220316,24.001
kor,20220317,22.362
kor,20220318,20.239
kor,20220319,20.239
kor,20220320,19.93
kor,20220321,21.802
kor,20220322,21.3
kor,20220323,20.914
kor,20220324,20.857
kor,20220325,20.934
kor,20220326,22.458
kor,20220327,23.461
kor,20220328,24.561
kor,20220329,23.442
kor,20220330,25.101
kor,20220331,25.371
kor,20220401,25.063
kor,20220402,22.477
kor,20220403,21.763
kor,20220404,21.378
kor,20220405,21.628
kor,20220406,21.763
kor,20220407,21.532
kor,20220408,21.088
kor,20220409,21.204
kor,20220410,21.493
kor,20220411,21.204
kor,20220412,19.39
kor,20220413,19.564
kor,20220414,18.561
kor,20220415,19.274
kor,20220416,17.615
kor,20220417,17.229
kor,20220418,16.4
kor,20220419,16.091
kor,20220420,15.589
kor,20220421,16.323
kor,20220422,16.072
kor,20220423,14.239
kor,20220424,14.007
kor,20220425,12.888
kor,20220426,11.827
kor,20220427,10.534
kor,20220428,10.65
kor,20220429,10.149
kor,20220430,9.454
kor,20220501,9.512
kor,20220502,8.894
kor,20220503,8.046
kor,20220504,8.335
kor,20220505,8.509
kor,20220506,8.161
kor,20220507,8.084
kor,20220508,8.161
kor,20220509,8.123
kor,20220510,7.679
kor,20220511,7.39
kor,20220512,6.83
kor,20220513,6.695
kor,20220514,6.579
kor,20220515,6.521
kor,20220516,6.656
kor,20220517,6.425
kor,20220518,6.039
kor,20220519,5.286
kor,20220520,4.843
kor,20220521,4.534
kor,20220522,4.418
kor,20220523,4.341
kor,20220524,4.476
kor,20220525,4.573
kor,20220526,4.688
kor,20220527,3.994
kor,20220528,3.782
kor,20220529,3.627
kor,20220530,3.434
kor,20220531,3.473
kor,20220601,3.627
kor,20220602,3.396
kor,20220603,3.087
kor,20220604,2.72
kor,20220605,2.624
kor,20220606,2.489
kor,20220607,2.257
kor,20220608,2.199
kor,20220609,2.045
kor,20220610,2.064
kor,20220611,1.949
kor,20220612,1.891
kor,20220613,1.833
kor,20220614,1.891
kor,20220615,1.794
kor,20220616,1.891
kor,20220617,1.582
kor,20220618,1.37
kor,20220619,1.351
kor,20220620,1.389
kor,20220621,1.312
kor,20220622,1.235
kor,20220623,1.119
kor,20220624,1.003
kor,20220625,0.965
kor,20220626,1.042
kor,20220627,1.312
kor,20220628,1.196
kor,20220629,1.138
kor,20220630,1.042
kor,20220701,1.08
kor,20220702,1.023
kor,20220703,1.023
kor,20220704,1.08
kor,20220705,1.042
kor,20220706,1.177
kor,20220707,1.08
kor,20220708,1.196
kor,20220709,1.177
kor,20220710,1.293
kor,20220711,1.37
kor,20220712,1.428
kor,20220713,1.293
kor,20220714,1.331
kor,20220715,1.254
kor,20220716,1.351
kor,20220718,1.37
kor,20220719,1.756
kor,20220720,1.852
kor,20220721,2.064
kor,20220722,2.508
kor,20220723,2.701
kor,20220724,2.817
kor,20220725,2.778
kor,20220726,3.241
kor,20220727,3.415
kor,20220728,3.782
kor,20220729,4.515
kor,20220730,4.669
kor,20220731,5.479
kor,20220801,5.537
kor,20220802,5.441
kor,20220803,5.479
kor,20220804,5.981
kor,20220805,6.174
kor,20220806,6.039
kor,20220807,5.73
kor,20220808,6.251
kor,20220809,7.023
kor,20220810,7.756
kor,20220811,8.065
kor,20220812,8.74
kor,20220813,9.049
kor,20220814,9.878
kor,20220815,10.052
kor,20220816,10.862
kor,20220817,9.049
kor,20220818,9.068
kor,20220819,9.493
kor,20220820,9.859
kor,20220821,10.245
kor,20220822,10.631
kor,20220823,9.396
kor,20220824,11.055
kor,20220825,10.92
kor,20220826,11.094
kor,20220827,11.171
kor,20220828,11.21
kor,20220829,11.518
kor,20220830,11.403
kor,20220831,10.978
kor,20220901,10.708
kor,20220902,9.801
kor,20220903,10.033
kor,20220904,10.573
kor,20220905,10.843
kor,20220906,10.341
kor,20220907,10.052
kor,20220908,9.512
kor,20220909,9.724
kor,20220910,10.129
kor,20220911,10.264
kor,20220912,10.669
kor,20220913,10.554
kor,20220914,9.782
kor,20220915,9.473
kor,20220916,9.956
lux,20200224,0
lux,20200225,0
lux,20200226,0
lux,20200227,0
lux,20200228,0
lux,20200229,0
lux,20200301,0
lux,20200302,0
lux,20200303,0
lux,20200304,0
lux,20200305,0
lux,20200306,0
lux,20200307,0
lux,20200308,0
lux,20200309,0
lux,20200310,0
lux,20200311,0
lux,20200312,0
lux,20200313,0
lux,20200314,0
lux,20200315,0
lux,20200316,0
lux,20200317,0
lux,20200318,0
lux,20200319,0
lux,20200320,4.692
lux,20200321,9.385
lux,20200322,3.128
lux,20200323,3.128
lux,20200324,3.128
lux,20200325,21.898
lux,20200326,31.283
lux,20200327,31.283
lux,20200328,35.976
lux,20200329,32.847
lux,20200330,37.54
lux,20200331,40.668
lux,20200401,42.232
lux,20200402,46.925
lux,20200403,54.746
lux,20200404,51.617
lux,20200405,51.617
lux,20200406,48.489
lux,20200407,48.489
lux,20200408,51.617
lux,20200409,45.361
lux,20200410,43.796
lux,20200411,46.925
lux,20200412,48.489
lux,20200413,51.617
lux,20200414,53.181
lux,20200415,54.746
lux,20200416,50.053
lux,20200417,46.925
lux,20200418,48.489
lux,20200419,46.925
lux,20200420,48.489
lux,20200421,48.489
lux,20200422,43.796
lux,20200423,37.54
lux,20200424,39.104
lux,20200425,35.976
lux,20200426,31.283
lux,20200427,31.283
lux,20200428,34.412
lux,20200429,37.54
lux,20200430,37.54
lux,20200501,39.104
lux,20200502,37.54
lux,20200503,35.976
lux,20200504,34.412
lux,20200505,31.283
lux,20200506,32.847
lux,20200507,25.027
lux,20200508,23.462
lux,20200509,21.898
lux,20200510,28.155
lux,20200511,34.412
lux,20200512,34.412
lux,20200513,17.206
lux,20200514,17.206
lux,20200515,23.462
lux,20200516,20.334
lux,20200517,12.513
lux,20200518,15.642
lux,20200519,9.385
lux,20200520,9.385
lux,20200521,7.821
lux,20200522,12.513
lux,20200523,10.949
lux,20200524,6.257
lux,20200525,7.821
lux,20200526,6.257
lux,20200527,6.257
lux,20200528,6.257
lux,20200529,4.692
lux,20200530,4.692
lux,20200531,6.257
lux,20200601,6.257
lux,20200602,3.128
lux,20200603,4.692
lux,20200604,1.564
lux,20200605,1.564
lux,20200606,1.564
lux,20200607,3.128
lux,20200608,3.128
lux,20200609,1.564
lux,20200610,1.564
lux,20200611,0
lux,20200612,0
lux,20200613,1.564
lux,20200614,1.564
lux,20200615,3.128
lux,20200616,1.564
lux,20200617,3.128
lux,20200618,3.128
lux,20200619,1.564
lux,20200620,1.564
lux,20200621,3.128
lux,20200622,1.564
lux,20200623,0
lux,20200624,0
lux,20200625,1.564
lux,20200626,1.564
lux,20200627,1.564
lux,20200628,3.128
lux,20200629,3.128
lux,20200630,3.128
lux,20200701,3.128
lux,20200702,4.692
lux,20200703,4.692
lux,20200704,4.692
lux,20200705,4.692
lux,20200706,4.692
lux,20200707,1.564
lux,20200708,3.128
lux,20200709,4.692
lux,20200710,3.128
lux,20200711,4.692
lux,20200712,6.257
lux,20200713,4.692
lux,20200714,6.257
lux,20200715,7.821
lux,20200716,6.257
lux,20200717,9.385
lux,20200718,9.385
lux,20200719,10.949
lux,20200720,7.821
lux,20200721,7.821
lux,20200722,1.564
lux,20200723,4.692
lux,20200724,6.257
lux,20200725,6.257
lux,20200726,9.385
lux,20200727,7.821
lux,20200728,6.257
lux,20200729,9.385
lux,20200730,10.949
lux,20200731,9.385
lux,20200801,9.385
lux,20200802,10.949
lux,20200803,10.949
lux,20200804,7.821
lux,20200805,14.077
lux,20200806,9.385
lux,20200807,12.513
lux,20200808,12.513
lux,20200809,9.385
lux,20200810,6.257
lux,20200811,4.692
lux,20200812,1.564
lux,20200813,4.692
lux,20200814,6.257
lux,20200815,4.692
lux,20200816,4.692
lux,20200817,6.257
lux,20200818,4.692
lux,20200819,4.692
lux,20200820,4.692
lux,20200821,1.564
lux,20200822,1.564
lux,20200823,1.564
lux,20200824,1.564
lux,20200825,3.128
lux,20200826,3.128
lux,20200827,3.128
lux,20200828,6.257
lux,20200829,4.692
lux,20200830,3.128
lux,20200831,3.128
lux,20200901,1.564
lux,20200902,3.128
lux,20200903,0
lux,20200904,0
lux,20200905,0
lux,20200906,0
lux,20200907,0
lux,20200908,0
lux,20200909,0
lux,20200910,1.564
lux,20200911,0
lux,20200912,0
lux,20200913,1.564
lux,20200914,0
lux,20200915,0
lux,20200916,0
lux,20200917,1.564
lux,20200918,0
lux,20200919,3.128
lux,20200920,1.564
lux,20200921,1.564
lux,20200922,1.564
lux,20200923,4.692
lux,20200924,1.564
lux,20200925,1.564
lux,20200926,4.692
lux,20200927,4.692
lux,20200928,6.257
lux,20200929,7.821
lux,20200930,7.821
lux,20201001,4.692
lux,20201002,4.692
lux,20201003,3.128
lux,20201004,3.128
lux,20201005,1.564
lux,20201006,3.128
lux,20201007,3.128
lux,20201008,1.564
lux,20201009,1.564
lux,20201010,3.128
lux,20201011,3.128
lux,20201012,3.128
lux,20201013,4.692
lux,20201014,6.257
lux,20201015,6.257
lux,20201016,6.257
lux,20201017,4.692
lux,20201018,6.257
lux,20201019,7.821
lux,20201020,10.949
lux,20201021,12.513
lux,20201022,15.642
lux,20201023,17.206
lux,20201024,18.77
lux,20201025,18.77
lux,20201026,25.027
lux,20201027,25.027
lux,20201028,32.847
lux,20201029,37.54
lux,20201030,40.668
lux,20201031,42.232
lux,20201101,45.361
lux,20201102,45.361
lux,20201103,46.925
lux,20201104,56.31
lux,20201105,57.874
lux,20201106,64.131
lux,20201107,56.31
lux,20201108,62.566
lux,20201109,65.695
lux,20201110,59.438
lux,20201111,61.002
lux,20201112,64.131
lux,20201113,67.259
lux,20201114,71.951
lux,20201115,71.951
lux,20201116,75.08
lux,20201117,75.08
lux,20201118,68.823
lux,20201119,67.259
lux,20201120,64.131
lux,20201121,70.387
lux,20201122,73.515
lux,20201123,71.951
lux,20201124,67.259
lux,20201125,68.823
lux,20201126,67.259
lux,20201127,64.131
lux,20201128,65.695
lux,20201129,65.695
lux,20201130,65.695
lux,20201201,64.131
lux,20201202,64.131
lux,20201203,64.131
lux,20201204,62.566
lux,20201205,62.566
lux,20201206,61.002
lux,20201207,67.259
lux,20201208,71.951
lux,20201209,73.515
lux,20201210,73.515
lux,20201211,73.515
lux,20201212,71.951
lux,20201213,78.208
lux,20201214,75.08
lux,20201215,75.08
lux,20201216,73.515
lux,20201217,67.259
lux,20201218,61.002
lux,20201219,59.438
lux,20201220,59.438
lux,20201221,61.002
lux,20201222,62.566
lux,20201223,61.002
lux,20201224,54.746
lux,20201225,54.746
lux,20201226,61.002
lux,20201227,50.053
lux,20201228,50.053
lux,20201229,48.489
lux,20201230,48.489
lux,20201231,51.617
lux,20210101,50.053
lux,20210102,46.925
lux,20210103,53.181
lux,20210104,50.053
lux,20210105,43.796
lux,20210106,40.668
lux,20210107,35.976
lux,20210108,34.412
lux,20210109,32.847
lux,20210110,35.976
lux,20210111,37.54
lux,20210112,32.847
lux,20210113,35.976
lux,20210114,32.847
lux,20210115,28.155
lux,20210116,29.719
lux,20210117,31.283
lux,20210118,31.283
lux,20210119,26.591
lux,20210120,21.898
lux,20210121,21.898
lux,20210122,21.898
lux,20210123,23.462
lux,20210124,21.898
lux,20210125,23.462
lux,20210126,23.462
lux,20210127,21.898
lux,20210128,18.77
lux,20210129,17.206
lux,20210130,17.206
lux,20210131,17.206
lux,20210201,20.334
lux,20210202,21.898
lux,20210203,18.77
lux,20210204,17.206
lux,20210205,18.77
lux,20210206,21.898
lux,20210207,21.898
lux,20210208,23.462
lux,20210209,18.77
lux,20210210,20.334
lux,20210211,21.898
lux,20210212,15.642
lux,20210213,17.206
lux,20210214,20.334
lux,20210215,25.027
lux,20210216,26.591
lux,20210217,26.591
lux,20210218,23.462
lux,20210219,20.334
lux,20210220,20.334
lux,20210221,23.462
lux,20210222,25.027
lux,20210223,23.462
lux,20210224,23.462
lux,20210225,26.591
lux,20210226,29.719
lux,20210227,31.283
lux,20210228,32.847
lux,20210301,31.283
lux,20210302,31.283
lux,20210303,34.412
lux,20210304,34.412
lux,20210305,35.976
lux,20210306,32.847
lux,20210307,32.847
lux,20210308,37.54
lux,20210309,37.54
lux,20210310,46.925
lux,20210311,50.053
lux,20210312,42.232
lux,20210313,39.104
lux,20210314,39.104
lux,20210315,40.668
lux,20210316,39.104
lux,20210317,35.976
lux,20210318,26.591
lux,20210319,29.719
lux,20210320,31.283
lux,20210321,31.283
lux,20210322,32.847
lux,20210323,28.155
lux,20210324,32.847
lux,20210325,29.719
lux,20210326,32.847
lux,20210327,35.976
lux,20210328,34.412
lux,20210329,39.104
lux,20210330,39.104
lux,20210331,46.925
lux,20210401,46.925
lux,20210402,48.489
lux,20210403,46.925
lux,20210404,46.925
lux,20210405,50.053
lux,20210406,48.489
lux,20210407,50.053
lux,20210408,46.925
lux,20210409,42.232
lux,20210410,43.796
lux,20210411,45.361
lux,20210412,50.053
lux,20210413,51.617
lux,20210414,51.617
lux,20210415,50.053
lux,20210416,48.489
lux,20210417,56.31
lux,20210418,57.874
lux,20210419,59.438
lux,20210420,59.438
lux,20210421,53.181
lux,20210422,51.617
lux,20210423,56.31
lux,20210424,53.181
lux,20210425,57.874
lux,20210426,57.874
lux,20210427,56.31
lux,20210428,56.31
lux,20210429,53.181
lux,20210430,53.181
lux,20210501,51.617
lux,20210502,45.361
lux,20210503,50.053
lux,20210504,53.181
lux,20210505,51.617
lux,20210506,50.053
lux,20210507,48.489
lux,20210508,48.489
lux,20210509,48.489
lux,20210510,46.925
lux,20210511,46.925
lux,20210512,46.925
lux,20210513,45.361
lux,20210514,45.361
lux,20210515,43.796
lux,20210516,43.796
lux,20210517,45.361
lux,20210518,32.847
lux,20210519,28.155
lux,20210520,26.591
lux,20210521,26.591
lux,20210522,26.591
lux,20210523,26.591
lux,20210524,26.591
lux,20210525,26.591
lux,20210526,23.462
lux,20210527,18.77
lux,20210528,18.77
lux,20210529,17.206
lux,20210530,12.513
lux,20210531,10.949
lux,20210601,7.821
lux,20210602,4.692
lux,20210603,4.692
lux,20210604,4.692
lux,20210605,3.128
lux,20210606,3.128
lux,20210607,3.128
lux,20210608,4.692
lux,20210609,3.128
lux,20210610,1.564
lux,20210611,1.564
lux,20210612,1.564
lux,20210613,1.564
lux,20210614,3.128
lux,20210615,3.128
lux,20210616,3.128
lux,20210617,3.128
lux,20210618,3.128
lux,20210619,3.128
lux,20210620,3.128
lux,20210621,3.128
lux,20210622,3.128
lux,20210623,3.128
lux,20210624,3.128
lux,20210625,1.564
lux,20210626,1.564
lux,20210627,1.564
lux,20210628,1.564
lux,20210629,1.564
lux,20210630,1.564
lux,20210701,1.564
lux,20210702,1.564
lux,20210703,1.564
lux,20210704,1.564
lux,20210705,1.564
lux,20210706,1.564
lux,20210707,1.564
lux,20210708,1.564
lux,20210709,1.564
lux,20210710,1.564
lux,20210711,3.128
lux,20210712,3.128
lux,20210713,4.692
lux,20210714,6.257
lux,20210715,7.821
lux,20210716,6.257
lux,20210717,7.821
lux,20210718,7.821
lux,20210719,9.385
lux,20210720,9.385
lux,20210721,9.385
lux,20210722,7.821
lux,20210723,4.692
lux,20210724,4.692
lux,20210725,3.128
lux,20210726,4.692
lux,20210727,4.692
lux,20210728,4.692
lux,20210729,7.821
lux,20210730,9.385
lux,20210731,9.385
lux,20210801,10.949
lux,20210802,10.949
lux,20210803,7.821
lux,20210804,7.821
lux,20210805,7.821
lux,20210806,9.385
lux,20210807,9.385
lux,20210808,10.949
lux,20210809,9.385
lux,20210810,9.385
lux,20210811,9.385
lux,20210812,9.385
lux,20210813,9.385
lux,20210814,9.385
lux,20210815,9.385
lux,20210816,9.385
lux,20210817,7.821
lux,20210818,7.821
lux,20210819,4.692
lux,20210820,4.692
lux,20210821,6.257
lux,20210822,7.821
lux,20210823,7.821
lux,20210824,7.821
lux,20210825,7.821
lux,20210826,7.821
lux,20210827,12.513
lux,20210828,9.385
lux,20210829,9.385
lux,20210830,10.949
lux,20210831,12.513
lux,20210901,12.513
lux,20210902,14.077
lux,20210903,15.642
lux,20210904,17.206
lux,20210905,15.642
lux,20210906,15.642
lux,20210907,15.642
lux,20210908,15.642
lux,20210909,15.642
lux,20210910,15.642
lux,20210911,15.642
lux,20210912,14.077
lux,20210913,14.077
lux,20210914,12.513
lux,20210915,14.077
lux,20210916,14.077
lux,20210917,15.642
lux,20210918,14.077
lux,20210919,14.077
lux,20210920,12.513
lux,20210921,12.513
lux,20210922,12.513
lux,20210923,12.513
lux,20210924,12.513
lux,20210925,10.949
lux,20210926,12.513
lux,20210927,14.077
lux,20210928,14.077
lux,20210929,12.513
lux,20210930,14.077
lux,20211001,12.513
lux,20211002,12.513
lux,20211003,12.513
lux,20211004,10.949
lux,20211005,10.949
lux,20211006,9.385
lux,20211007,7.821
lux,20211008,6.257
lux,20211009,4.692
lux,20211010,4.692
lux,20211011,4.692
lux,20211012,3.128
lux,20211013,6.257
lux,20211014,4.692
lux,20211015,6.257
lux,20211016,10.949
lux,20211017,10.949
lux,20211018,10.949
lux,20211019,10.949
lux,20211020,7.821
lux,20211021,7.821
lux,20211022,10.949
lux,20211023,10.949
lux,20211024,12.513
lux,20211025,14.077
lux,20211026,14.077
lux,20211027,15.642
lux,20211028,17.206
lux,20211029,18.77
lux,20211030,17.206
lux,20211031,14.077
lux,20211101,18.77
lux,20211102,20.334
lux,20211103,20.334
lux,20211104,21.898
lux,20211105,21.898
lux,20211106,18.77
lux,20211107,18.77
lux,20211108,21.898
lux,20211109,23.462
lux,20211110,23.462
lux,20211111,20.334
lux,20211112,18.77
lux,20211113,23.462
lux,20211114,18.77
lux,20211115,18.77
lux,20211116,15.642
lux,20211117,14.077
lux,20211118,14.077
lux,20211119,15.642
lux,20211120,15.642
lux,20211121,15.642
lux,20211122,20.334
lux,20211123,17.206
lux,20211124,17.206
lux,20211125,15.642
lux,20211126,17.206
lux,20211127,15.642
lux,20211128,15.642
lux,20211129,18.77
lux,20211130,20.334
lux,20211201,18.77
lux,20211202,26.591
lux,20211203,26.591
lux,20211204,26.591
lux,20211205,34.412
lux,20211206,35.976
lux,20211207,32.847
lux,20211208,32.847
lux,20211209,35.976
lux,20211210,37.54
lux,20211211,37.54
lux,20211212,39.104
lux,20211213,40.668
lux,20211214,40.668
lux,20211215,37.54
lux,20211216,34.412
lux,20211217,29.719
lux,20211218,26.591
lux,20211219,28.155
lux,20211220,29.719
lux,20211221,29.719
lux,20211222,29.719
lux,20211223,28.155
lux,20211224,29.719
lux,20211225,29.719
lux,20211226,31.283
lux,20211227,29.719
lux,20211228,29.719
lux,20211229,29.719
lux,20211230,32.847
lux,20211231,29.719
lux,20220101,29.719
lux,20220102,32.847
lux,20220103,31.283
lux,20220104,29.719
lux,20220105,31.283
lux,20220106,34.412
lux,20220107,34.412
lux,20220108,31.283
lux,20220109,31.283
lux,20220110,28.155
lux,20220111,29.719
lux,20220112,31.283
lux,20220113,28.155
lux,20220114,28.155
lux,20220115,32.847
lux,20220116,31.283
lux,20220117,29.719
lux,20220118,23.462
lux,20220119,23.462
lux,20220120,20.334
lux,20220121,18.77
lux,20220122,21.898
lux,20220123,17.206
lux,20220124,17.206
lux,20220125,18.77
lux,20220126,20.334
lux,20220127,15.642
lux,20220128,12.513
lux,20220129,12.513
lux,20220130,12.513
lux,20220131,14.077
lux,20220201,20.334
lux,20220202,18.77
lux,20220203,17.206
lux,20220204,15.642
lux,20220205,14.077
lux,20220206,17.206
lux,20220207,15.642
lux,20220208,12.513
lux,20220209,14.077
lux,20220210,14.077
lux,20220211,17.206
lux,20220212,17.206
lux,20220213,18.77
lux,20220214,17.206
lux,20220215,14.077
lux,20220216,15.642
lux,20220217,12.513
lux,20220218,12.513
lux,20220219,14.077
lux,20220220,14.077
lux,20220221,14.077
lux,20220222,14.077
lux,20220223,9.385
lux,20220224,12.513
lux,20220225,9.385
lux,20220226,9.385
lux,20220227,9.385
lux,20220228,9.385
lux,20220301,9.385
lux,20220302,9.385
lux,20220303,7.821
lux,20220304,9.385
lux,20220305,7.821
lux,20220306,7.821
lux,20220307,7.821
lux,20220308,7.821
lux,20220309,7.821
lux,20220310,6.257
lux,20220311,4.692
lux,20220312,4.692
lux,20220313,4.692
lux,20220314,4.692
lux,20220315,6.257
lux,20220316,6.257
lux,20220317,6.257
lux,20220318,6.257
lux,20220319,3.128
lux,20220320,4.692
lux,20220321,6.257
lux,20220322,6.257
lux,20220323,4.692
lux,20220324,4.692
lux,20220325,6.257
lux,20220326,7.821
lux,20220327,6.257
lux,20220328,4.692
lux,20220329,6.257
lux,20220330,6.257
lux,20220331,4.692
lux,20220401,4.692
lux,20220402,4.692
lux,20220403,4.692
lux,20220404,4.692
lux,20220405,7.821
lux,20220406,6.257
lux,20220407,6.257
lux,20220408,7.821
lux,20220409,4.692
lux,20220410,4.692
lux,20220411,4.692
lux,20220412,4.692
lux,20220413,4.692
lux,20220414,6.257
lux,20220415,4.692
lux,20220416,3.128
lux,20220417,3.128
lux,20220418,3.128
lux,20220419,3.128
lux,20220420,1.564
lux,20220421,1.564
lux,20220422,1.564
lux,20220423,1.564
lux,20220424,3.128
lux,20220425,3.128
lux,20220426,1.564
lux,20220427,4.692
lux,20220428,4.692
lux,20220429,4.692
lux,20220430,3.128
lux,20220501,3.128
lux,20220502,3.128
lux,20220503,1.564
lux,20220504,1.564
lux,20220505,1.564
lux,20220506,1.564
lux,20220507,1.564
lux,20220508,3.128
lux,20220509,3.128
lux,20220510,0
lux,20220511,0
lux,20220512,0
lux,20220513,1.564
lux,20220514,1.564
lux,20220515,1.564
lux,20220516,1.564
lux,20220517,1.564
lux,20220518,1.564
lux,20220519,1.564
lux,20220520,4.692
lux,20220521,3.128
lux,20220522,3.128
lux,20220523,1.564
lux,20220524,1.564
lux,20220525,1.564
lux,20220526,1.564
lux,20220527,1.564
lux,20220528,1.564
lux,20220529,1.564
lux,20220530,1.564
lux,20220531,1.564
lux,20220601,1.564
lux,20220602,1.564
lux,20220603,1.564
lux,20220604,1.564
lux,20220605,1.564
lux,20220606,1.564
lux,20220607,1.564
lux,20220608,1.564
lux,20220609,1.564
lux,20220610,3.128
lux,20220611,3.128
lux,20220612,3.128
lux,20220613,3.128
lux,20220614,3.128
lux,20220615,3.128
lux,20220616,3.128
lux,20220617,3.128
lux,20220618,3.128
lux,20220619,3.128
lux,20220620,3.128
lux,20220621,1.564
lux,20220622,1.564
lux,20220623,3.128
lux,20220624,4.692
lux,20220625,4.692
lux,20220626,4.692
lux,20220627,4.692
lux,20220628,4.692
lux,20220629,3.128
lux,20220630,1.564
lux,20220701,0
lux,20220702,0
lux,20220703,0
lux,20220704,0
lux,20220705,0
lux,20220706,0
lux,20220707,0
lux,20220708,0
lux,20220709,0
lux,20220710,0
lux,20220711,0
lux,20220712,0
lux,20220713,0
lux,20220714,1.564
lux,20220715,1.564
lux,20220716,1.564
lux,20220717,1.564
lux,20220718,3.128
lux,20220719,4.692
lux,20220720,6.257
lux,20220721,4.692
lux,20220722,4.692
lux,20220723,6.257
lux,20220724,4.692
lux,20220725,4.692
lux,20220726,4.692
lux,20220727,4.692
lux,20220728,4.692
lux,20220729,3.128
lux,20220730,3.128
lux,20220731,4.692
lux,20220801,4.692
lux,20220802,4.692
lux,20220803,3.128
lux,20220804,3.128
lux,20220805,3.128
lux,20220806,0
lux,20220807,3.128
lux,20220808,3.128
lux,20220809,4.692
lux,20220810,1.564
lux,20220811,0
lux,20220812,0
lux,20220813,0
lux,20220814,0
lux,20220815,0
lux,20220816,0
lux,20220817,1.564
lux,20220818,1.564
lux,20220819,1.564
lux,20220820,1.564
lux,20220821,3.128
lux,20220822,1.564
lux,20220823,1.564
lux,20220824,1.564
lux,20220825,3.128
lux,20220826,1.564
lux,20220827,1.564
lux,20220828,1.564
lux,20220829,1.564
lux,20220830,1.564
lux,20220831,1.564
lux,20220901,1.564
lux,20220902,1.564
lux,20220903,1.564
lux,20220904,1.564
lux,20220905,0
lux,20220906,0
lux,20220907,0
lux,20220908,0
lux,20220909,0
lux,20220910,1.564
lux,20220911,1.564
lva,20210110,33.619
lva,20210117,34.153
lva,20210124,54.431
lva,20210131,58.701
lva,20210207,56.032
lva,20210214,49.095
lva,20210221,50.162
lva,20210228,48.028
lva,20210307,42.158
lva,20210314,48.028
lva,20210321,43.225
lva,20210328,42.691
lva,20210404,49.095
lva,20210411,42.158
lva,20210418,51.23
lva,20210425,46.96
lva,20210502,47.494
lva,20210509,49.095
lva,20210516,49.095
lva,20210523,50.696
lva,20210530,45.359
lva,20210606,36.288
lva,20210613,39.489
lva,20210620,22.413
lva,20210627,20.812
lva,20210704,19.211
lva,20210711,9.606
lva,20210718,5.336
lva,20210725,5.336
lva,20210801,3.202
lva,20210808,4.803
lva,20210815,7.471
lva,20210822,6.937
lva,20210829,6.404
lva,20210905,10.673
lva,20210912,16.009
lva,20210919,14.942
lva,20210926,28.283
lva,20211003,37.889
lva,20211010,47.494
lva,20211017,69.907
lva,20211024,90.185
lva,20211031,106.728
lva,20211107,127.007
lva,20211114,123.805
lva,20211121,114.199
lva,20211128,95.522
lva,20211205,78.445
lva,20211212,57.1
lva,20211219,51.763
lva,20211226,42.691
lva,20220102,42.691
lva,20220109,41.624
lva,20220116,49.629
lva,20220123,48.028
lva,20220130,48.028
lva,20220206,49.095
lva,20220213,47.494
lva,20220220,48.028
lva,20220227,61.369
lva,20220306,51.763
lva,20220313,42.691
lva,20220320,34.687
lva,20220327,29.884
lva,20220403,22.413
lva,20220410,23.48
lva,20220417,13.875
lva,20220424,12.807
lva,20220501,16.009
lva,20220508,5.87
lva,20220515,2.668
lva,20220522,1.601
lva,20220529,2.668
lva,20220605,2.135
lva,20220612,1.601
lva,20220619,1.067
lva,20220626,0.534
lva,20220703,2.668
lva,20220710,1.601
lva,20220717,2.135
lva,20220724,2.135
lva,20220731,3.735
lva,20220807,2.135
lva,20220814,2.135
lva,20220821,2.668
lva,20220828,3.735
lva,20220904,3.202
lva,20220911,2.135
mlt,20200308,0
mlt,20200315,0
mlt,20200322,0
mlt,20200329,7.594
mlt,20200405,0
mlt,20200412,3.797
mlt,20200419,1.898
mlt,20200426,1.898
mlt,20200503,0
mlt,20200510,1.898
mlt,20200517,0
mlt,20200524,0
mlt,20200531,3.797
mlt,20200607,0
mlt,20200614,0
mlt,20200621,0
mlt,20200628,0
mlt,20200705,0
mlt,20200712,0
mlt,20200719,0
mlt,20200726,0
mlt,20200802,0
mlt,20200809,0
mlt,20200816,0
mlt,20200823,0
mlt,20200830,0
mlt,20200906,0
mlt,20200913,5.695
mlt,20200920,5.695
mlt,20200927,9.492
mlt,20201004,9.492
mlt,20201011,9.492
mlt,20201018,7.594
mlt,20201025,13.289
mlt,20201101,32.273
mlt,20201108,30.375
mlt,20201115,36.07
mlt,20201122,49.359
mlt,20201129,32.273
mlt,20201206,34.172
mlt,20201213,37.969
mlt,20201220,20.883
mlt,20201227,18.984
mlt,20210103,34.172
mlt,20210110,37.969
mlt,20210117,51.258
mlt,20210124,26.578
mlt,20210131,18.984
mlt,20210207,28.477
mlt,20210214,5.695
mlt,20210221,7.594
mlt,20210228,20.883
mlt,20210307,9.492
mlt,20210314,17.086
mlt,20210321,13.289
mlt,20210328,3.797
mlt,20210404,7.594
mlt,20210411,13.289
mlt,20210418,1.898
mlt,20210425,5.695
mlt,20210502,5.695
mlt,20210509,0
mlt,20210516,3.797
mlt,20210523,0
mlt,20210530,0
mlt,20210606,0
mlt,20210613,0
mlt,20210620,0
mlt,20210627,0
mlt,20210704,1.898
mlt,20210711,1.898
mlt,20210718,0
mlt,20210725,1.898
mlt,20210801,9.492
mlt,20210808,11.391
mlt,20210815,7.594
mlt,20210822,3.797
mlt,20210829,3.797
mlt,20210905,3.797
mlt,20210912,3.797
mlt,20210919,1.898
mlt,20210926,1.898
mlt,20211003,0
mlt,20211010,1.898
mlt,20211017,0
mlt,20211024,7.594
mlt,20211031,0
mlt,20211107,0
mlt,20211114,1.898
mlt,20211121,1.898
mlt,20211128,0
mlt,20211205,3.797
mlt,20211212,5.695
mlt,20211219,1.898
mlt,20211226,7.594
mlt,20220102,7.594
mlt,20220109,7.594
mlt,20220116,3.797
mlt,20220123,0
mlt,20220130,0
mlt,20220206,1.898
mlt,20220213,1.898
mlt,20220220,0
mlt,20220227,0
mlt,20220306,0
mlt,20220313,0
mlt,20220320,1.898
mlt,20220327,5.695
mlt,20220403,0
mlt,20220410,7.594
mlt,20220417,0
mlt,20220424,0
mlt,20220501,3.797
mlt,20220508,5.695
mlt,20220515,3.797
mlt,20220522,3.797
mlt,20220529,1.898
mlt,20220605,7.594
mlt,20220612,5.695
mlt,20220619,5.695
mlt,20220626,3.797
mlt,20220703,1.898
mlt,20220710,7.594
mlt,20220717,5.695
mlt,20220724,3.797
mlt,20220731,5.695
mlt,20220807,7.594
mlt,20220814,7.594
mlt,20220821,3.797
mlt,20220828,1.898
mlt,20220904,0
mlt,20220911,0
mys,20200324,2.055
mys,20200325,1.787
mys,20200326,2.115
mys,20200327,2.234
mys,20200328,2.8
mys,20200329,2.889
mys,20200330,2.681
mys,20200331,2.77
mys,20200401,2.859
mys,20200402,2.77
mys,20200403,2.591
mys,20200404,2.591
mys,20200405,2.502
mys,20200406,2.502
mys,20200407,2.353
mys,20200408,2.293
mys,20200409,2.353
mys,20200410,2.383
mys,20200411,1.966
mys,20200412,1.847
mys,20200413,1.817
mys,20200414,1.608
mys,20200415,1.549
mys,20200416,1.43
mys,20200417,1.43
mys,20200418,1.459
mys,20200419,1.4
mys,20200420,1.4
mys,20200421,1.34
mys,20200422,1.251
mys,20200423,1.221
mys,20200424,1.191
mys,20200425,1.132
mys,20200426,1.132
mys,20200427,1.162
mys,20200428,1.072
mys,20200429,1.072
mys,20200430,0.864
mys,20200501,0.774
mys,20200502,0.774
mys,20200503,0.774
mys,20200504,0.745
mys,20200505,0.596
mys,20200506,0.506
mys,20200507,0.506
mys,20200508,0.506
mys,20200509,0.477
mys,20200510,0.417
mys,20200511,0.536
mys,20200512,0.477
mys,20200513,0.447
mys,20200514,0.387
mys,20200515,0.357
mys,20200516,0.387
mys,20200517,0.506
mys,20200518,0.685
mys,20200519,0.447
mys,20200520,0.328
mys,20200521,0.298
mys,20200522,0.298
mys,20200523,0.298
mys,20200524,0.298
mys,20200525,0.298
mys,20200526,0.298
mys,20200527,0.298
mys,20200528,0.298
mys,20200529,0.298
mys,20200530,0.298
mys,20200531,0.298
mys,20200601,0.268
mys,20200602,0.238
mys,20200603,0.238
mys,20200604,0.238
mys,20200605,0.208
mys,20200606,0.208
mys,20200607,0.208
mys,20200608,0.179
mys,20200609,0.179
mys,20200610,0.149
mys,20200611,0.149
mys,20200612,0.119
mys,20200613,0.119
mys,20200614,0.119
mys,20200615,0.119
mys,20200616,0.119
mys,20200617,0.119
mys,20200618,0.119
mys,20200619,0.089
mys,20200620,0.089
mys,20200621,0.089
mys,20200622,0.06
mys,20200623,0.089
mys,20200624,0.06
mys,20200625,0.06
mys,20200626,0
mys,20200627,0.06
mys,20200628,0.089
mys,20200629,0.089
mys,20200630,0.119
mys,20200701,0.149
mys,20200702,0.119
mys,20200703,0.06
mys,20200704,0.06
mys,20200705,0.06
mys,20200706,0.06
mys,20200707,0.06
mys,20200708,0.06
mys,20200709,0.06
mys,20200710,0.089
mys,20200711,0.06
mys,20200712,0.06
mys,20200713,0.089
mys,20200714,0.119
mys,20200715,0.089
mys,20200716,0.03
mys,20200717,0.03
mys,20200718,0.03
mys,20200719,0.03
mys,20200720,0.06
mys,20200721,0.06
mys,20200722,0.119
mys,20200723,0.149
mys,20200724,0.149
mys,20200725,0.06
mys,20200726,0.03
mys,20200727,0
mys,20200728,0.03
mys,20200729,0.06
mys,20200730,0.089
mys,20200731,0.089
mys,20200801,0.06
mys,20200802,0.06
mys,20200803,0.06
mys,20200804,0
mys,20200805,0.03
mys,20200806,0.06
mys,20200807,0.06
mys,20200808,0.06
mys,20200809,0.06
mys,20200810,0.03
mys,20200811,0.06
mys,20200812,0.03
mys,20200813,0.03
mys,20200814,0.119
mys,20200815,0.179
mys,20200816,0.208
mys,20200817,0.238
mys,20200818,0.238
mys,20200819,0.208
mys,20200820,0.238
mys,20200821,0.208
mys,20200822,0.238
mys,20200823,0.268
mys,20200824,0.238
mys,20200825,0.268
mys,20200826,0.268
mys,20200827,0.238
mys,20200828,0.238
mys,20200829,0.238
mys,20200830,0.208
mys,20200831,0.179
mys,20200901,0.149
mys,20200902,0.119
mys,20200903,0.119
mys,20200904,0.119
mys,20200905,0.149
mys,20200906,0.179
mys,20200907,0.179
mys,20200908,0.208
mys,20200909,0.208
mys,20200910,0.268
mys,20200911,0.268
mys,20200912,0.268
mys,20200913,0.268
mys,20200914,0.328
mys,20200915,0.447
mys,20200916,0.477
mys,20200917,0.357
mys,20200918,0.328
mys,20200919,0.357
mys,20200920,0.298
mys,20200921,0.268
mys,20200922,0.268
mys,20200923,0.298
mys,20200924,0.328
mys,20200925,0.179
mys,20200926,1.549
mys,20200927,0.238
mys,20200928,0.298
mys,20200929,0.268
mys,20200930,0.417
mys,20201001,0.477
mys,20201002,0.596
mys,20201003,0.715
mys,20201004,0.864
mys,20201005,0.923
mys,20201006,1.608
mys,20201007,1.698
mys,20201008,1.787
mys,20201009,2.293
mys,20201010,2.413
mys,20201011,2.681
mys,20201012,2.71
mys,20201013,2.71
mys,20201014,2.74
mys,20201015,3.425
mys,20201016,3.425
mys,20201017,3.455
mys,20201018,3.098
mys,20201019,3.366
mys,20201020,3.544
mys,20201021,3.693
mys,20201022,3.693
mys,20201023,3.544
mys,20201024,3.574
mys,20201025,3.455
mys,20201026,3.485
mys,20201027,3.395
mys,20201028,3.574
mys,20201029,3.664
mys,20201030,3.425
mys,20201031,3.336
mys,20201101,3.544
mys,20201102,3.395
mys,20201103,3.455
mys,20201104,3.187
mys,20201105,2.949
mys,20201106,3.098
mys,20201107,3.098
mys,20201108,3.336
mys,20201109,3.157
mys,20201110,3.038
mys,20201111,3.336
mys,20201112,3.336
mys,20201113,3.425
mys,20201114,3.425
mys,20201115,3.485
mys,20201116,3.604
mys,20201117,3.664
mys,20201118,3.515
mys,20201119,3.842
mys,20201120,3.812
mys,20201121,3.961
mys,20201122,3.574
mys,20201123,3.902
mys,20201124,4.17
mys,20201125,3.634
mys,20201126,3.872
mys,20201127,4.259
mys,20201128,4.081
mys,20201129,4.2
mys,20201130,4.021
mys,20201201,4.17
mys,20201202,4.11
mys,20201203,4.051
mys,20201204,4.289
mys,20201205,4.498
mys,20201206,4.2
mys,20201207,4.587
mys,20201208,4.468
mys,20201209,4.259
mys,20201210,4.229
mys,20201211,4.319
mys,20201212,4.17
mys,20201213,4.229
mys,20201214,4.289
mys,20201215,4.557
mys,20201216,4.229
mys,20201217,4.408
mys,20201218,4.527
mys,20201219,4.468
mys,20201220,4.498
mys,20201221,4.527
mys,20201222,4.468
mys,20201223,4.527
mys,20201224,4.736
mys,20201225,4.944
mys,20201226,5.004
mys,20201227,5.272
mys,20201228,5.451
mys,20201229,5.421
mys,20201230,5.689
mys,20201231,5.778
mys,20210101,5.719
mys,20210102,5.808
mys,20210103,6.017
mys,20210104,5.868
mys,20210105,5.897
mys,20210106,6.851
mys,20210107,6.851
mys,20210108,7.357
mys,20210109,7.327
mys,20210110,7.148
mys,20210111,7.595
mys,20210112,7.893
mys,20210113,8.191
mys,20210114,8.37
mys,20210115,8.697
mys,20210116,9.472
mys,20210117,9.71
mys,20210118,10.395
mys,20210119,10.514
mys,20210120,10.812
mys,20210121,10.901
mys,20210122,11.497
mys,20210123,11.944
mys,20210124,11.854
mys,20210125,12.242
mys,20210126,12.45
mys,20210127,12.629
mys,20210128,12.301
mys,20210129,12.331
mys,20210130,12.629
mys,20210131,12.123
mys,20210201,12.331
mys,20210202,12.54
mys,20210203,12.54
mys,20210204,12.152
mys,20210205,11.944
mys,20210206,11.944
mys,20210207,11.795
mys,20210208,12.271
mys,20210209,11.616
mys,20210210,10.723
mys,20210211,10.395
mys,20210212,10.216
mys,20210213,9.948
mys,20210214,9.68
mys,20210215,9.65
mys,20210216,9.561
mys,20210217,9.084
mys,20210218,8.787
mys,20210219,8.429
mys,20210220,8.459
mys,20210221,8.429
mys,20210222,7.833
mys,20210223,7.714
mys,20210224,8.042
mys,20210225,8.161
mys,20210226,7.595
mys,20210227,7.655
mys,20210228,7.685
mys,20210301,7.387
mys,20210302,7.476
mys,20210303,7.238
mys,20210304,6.94
mys,20210305,6.821
mys,20210306,5.987
mys,20210307,5.838
mys,20210308,6.314
mys,20210309,5.808
mys,20210310,5.48
mys,20210311,5.332
mys,20210312,5.361
mys,20210313,5.451
mys,20210314,5.272
mys,20210315,5.391
mys,20210316,5.391
mys,20210317,5.48
mys,20210318,5.659
mys,20210319,5.629
mys,20210320,5.51
mys,20210321,5.451
mys,20210322,5.451
mys,20210323,5.451
mys,20210324,5.51
mys,20210325,5.361
mys,20210326,5.659
mys,20210327,6.076
mys,20210328,5.927
mys,20210329,5.927
mys,20210330,5.897
mys,20210331,5.927
mys,20210401,5.838
mys,20210402,5.808
mys,20210403,6.046
mys,20210404,6.017
mys,20210405,6.285
mys,20210406,6.493
mys,20210407,7.148
mys,20210408,6.851
mys,20210409,6.88
mys,20210410,6.88
mys,20210411,6.791
mys,20210412,7.297
mys,20210413,7.178
mys,20210414,7.387
mys,20210415,7.714
mys,20210416,8.37
mys,20210417,8.131
mys,20210418,8.37
mys,20210419,8.787
mys,20210420,9.353
mys,20210421,9.561
mys,20210422,9.74
mys,20210423,9.77
mys,20210424,10.067
mys,20210425,10.276
mys,20210426,11.259
mys,20210427,11.616
mys,20210428,12.093
mys,20210429,11.884
mys,20210430,12.45
mys,20210501,12.986
mys,20210502,13.165
mys,20210503,13.463
mys,20210504,13.165
mys,20210505,13.493
mys,20210506,14.803
mys,20210507,15.518
mys,20210508,16.441
mys,20210509,16.531
mys,20210510,18.348
mys,20210511,18.943
mys,20210512,18.705
mys,20210513,19.509
mys,20210514,19.777
mys,20210515,20.164
mys,20210516,20.552
mys,20210517,22.518
mys,20210518,22.488
mys,20210519,24.513
mys,20210520,26.062
mys,20210521,28.832
mys,20210522,29.011
mys,20210523,30.053
mys,20210524,31.155
mys,20210525,33.627
mys,20210526,32.972
mys,20210527,33.538
mys,20210528,34.58
mys,20210529,34.372
mys,20210530,34.461
mys,20210531,35.206
mys,20210601,35.176
mys,20210602,35.802
mys,20210603,35.027
mys,20210604,34.372
mys,20210605,34.402
mys,20210606,35.385
mys,20210607,34.997
mys,20210608,34.402
mys,20210609,34.372
mys,20210610,33.538
mys,20210611,34.223
mys,20210612,33.746
mys,20210613,34.253
mys,20210614,33.657
mys,20210615,33.151
mys,20210616,33.985
mys,20210617,33.329
mys,20210618,33.508
mys,20210619,32.912
mys,20210620,32.406
mys,20210621,32.317
mys,20210622,33.24
mys,20210623,33.329
mys,20210624,33.032
mys,20210625,33.032
mys,20210626,32.883
mys,20210627,33.538
mys,20210628,34.253
mys,20210629,34.551
mys,20210630,34.521
mys,20210701,35.861
mys,20210702,35.146
mys,20210703,34.64
mys,20210704,36.397
mys,20210705,36.576
mys,20210706,37.708
mys,20210707,38.363
mys,20210708,38.393
mys,20210709,39.048
mys,20210710,39.018
mys,20210711,39.674
mys,20210712,41.431
mys,20210713,42.176
mys,20210714,37.321
mys,20210715,35.921
mys,20210716,37.827
mys,20210717,39.078
mys,20210718,39.227
mys,20210719,39.614
mys,20210720,39.882
mys,20210721,39.674
mys,20210722,40.895
mys,20210723,40.389
mys,20210724,41.669
mys,20210725,42.831
mys,20210726,40.329
mys,20210727,40.567
mys,20210728,43.993
mys,20210729,44.499
mys,20210730,45.809
mys,20210731,43.546
mys,20210801,42.384
mys,20210802,43.218
mys,20210803,43.486
mys,20210804,44.201
mys,20210805,43.546
mys,20210806,44.41
mys,20210807,45.303
mys,20210808,44.946
mys,20210809,45.78
mys,20210810,47.448
mys,20210811,44.35
mys,20210812,45.392
mys,20210813,44.052
mys,20210814,43.337
mys,20210815,42.652
mys,20210816,42.593
mys,20210817,45.095
mys,20210818,43.397
mys,20210819,43.307
mys,20210820,43.159
mys,20210821,44.261
mys,20210822,43.248
mys,20210823,43.486
mys,20210824,44.141
mys,20210825,44.618
mys,20210826,44.201
mys,20210827,42.176
mys,20210828,43.546
mys,20210829,42.265
mys,20210830,41.759
mys,20210831,42.265
mys,20210901,41.282
mys,20210902,40.359
mys,20210903,39.763
mys,20210904,39.346
mys,20210905,38.84
mys,20210906,38.453
mys,20210907,38.065
mys,20210908,37.321
mys,20210909,37.857
mys,20210910,38.125
mys,20210911,36.725
mys,20210912,36.844
mys,20210913,35.563
mys,20210914,35.504
mys,20210915,36.874
mys,20210916,35.206
mys,20210917,34.551
mys,20210918,34.074
mys,20210919,34.074
mys,20210920,32.734
mys,20210921,32.049
mys,20210922,31.959
mys,20210923,31.959
mys,20210924,30.708
mys,20210925,30.649
mys,20210926,29.874
mys,20210927,27.73
mys,20210928,29.1
mys,20210929,28.892
mys,20210930,27.313
mys,20211001,26.598
mys,20211002,26.3
mys,20211003,25.407
mys,20211004,25.705
mys,20211005,25.049
mys,20211006,25.109
mys,20211007,24.751
mys,20211008,23.56
mys,20211009,23.143
mys,20211010,22.607
mys,20211011,22.518
mys,20211012,21.981
mys,20211013,21.505
mys,20211014,20.909
mys,20211015,20.939
mys,20211016,20.671
mys,20211017,20.492
mys,20211018,20.224
mys,20211019,20.135
mys,20211020,19.837
mys,20211021,19.837
mys,20211022,19.152
mys,20211023,18.437
mys,20211024,17.96
mys,20211025,17.931
mys,20211026,17.394
mys,20211027,16.739
mys,20211028,16.799
mys,20211029,16.888
mys,20211030,16.977
mys,20211031,16.739
mys,20211101,16.948
mys,20211102,16.65
mys,20211103,16.263
mys,20211104,16.531
mys,20211105,16.352
mys,20211106,16.203
mys,20211107,16.501
mys,20211108,15.905
mys,20211109,16.144
mys,20211110,16.203
mys,20211111,16.024
mys,20211112,16.144
mys,20211113,15.697
mys,20211114,15.607
mys,20211115,15.667
mys,20211116,16.233
mys,20211117,15.965
mys,20211118,16.114
mys,20211119,16.144
mys,20211120,15.846
mys,20211121,16.114
mys,20211122,16.352
mys,20211123,15.846
mys,20211124,15.071
mys,20211125,15.369
mys,20211126,15.28
mys,20211127,15.19
mys,20211128,15.458
mys,20211129,15.101
mys,20211130,15.25
mys,20211201,14.893
mys,20211202,15.19
mys,20211203,14.833
mys,20211204,14.595
mys,20211205,14.029
mys,20211206,13.79
mys,20211207,13.254
mys,20211208,12.957
mys,20211209,12.718
mys,20211210,12.003
mys,20211211,12.033
mys,20211212,12.123
mys,20211213,12.152
mys,20211214,11.378
mys,20211215,11.437
mys,20211216,11.437
mys,20211217,11.914
mys,20211218,11.646
mys,20211219,11.586
mys,20211220,11.289
mys,20211221,10.514
mys,20211222,10.067
mys,20211223,9.829
mys,20211224,10.097
mys,20211225,9.65
mys,20211226,9.114
mys,20211227,8.846
mys,20211228,8.995
mys,20211229,8.578
mys,20211230,8.37
mys,20211231,8.012
mys,20220101,8.131
mys,20220102,8.459
mys,20220103,7.893
mys,20220104,7.506
mys,20220105,7.655
mys,20220106,7.536
mys,20220107,7.565
mys,20220108,7.536
mys,20220109,7.416
mys,20220110,7.536
mys,20220111,6.821
mys,20220112,6.404
mys,20220113,5.897
mys,20220114,6.076
mys,20220115,5.749
mys,20220116,5.57
mys,20220117,5.48
mys,20220118,5.451
mys,20220119,4.825
mys,20220120,4.766
mys,20220121,4.438
mys,20220122,4.2
mys,20220123,4.259
mys,20220124,4.349
mys,20220125,3.902
mys,20220126,3.842
mys,20220127,3.693
mys,20220128,3.783
mys,20220129,3.544
mys,20220130,3.574
mys,20220131,3.395
mys,20220201,3.366
mys,20220202,3.336
mys,20220203,3.395
mys,20220204,3.395
mys,20220205,3.664
mys,20220206,4.081
mys,20220207,4.021
mys,20220208,4.11
mys,20220209,4.378
mys,20220210,4.706
mys,20220211,4.646
mys,20220212,5.242
mys,20220213,5.57
mys,20220214,5.927
mys,20220215,5.778
mys,20220216,6.076
mys,20220217,6.434
mys,20220218,6.999
mys,20220219,7.089
mys,20220220,7.357
mys,20220221,8.102
mys,20220222,8.519
mys,20220223,9.084
mys,20220224,9.74
mys,20220225,9.889
mys,20220226,10.365
mys,20220227,10.514
mys,20220228,10.752
mys,20220301,11.14
mys,20220302,10.723
mys,20220303,10.574
mys,20220304,10.365
mys,20220305,11.08
mys,20220306,11.318
mys,20220307,10.961
mys,20220308,11.11
mys,20220309,11.557
mys,20220310,11.586
mys,20220311,11.318
mys,20220312,10.931
mys,20220313,11.437
mys,20220314,11.557
mys,20220315,11.199
mys,20220316,11.14
mys,20220317,11.11
mys,20220318,11.408
mys,20220319,11.616
mys,20220320,11.02
mys,20220321,10.663
mys,20220322,10.216
mys,20220323,9.889
mys,20220324,9.561
mys,20220325,8.667
mys,20220326,8.995
mys,20220327,8.906
mys,20220328,8.578
mys,20220329,8.399
mys,20220330,8.191
mys,20220331,7.953
mys,20220401,7.714
mys,20220402,7.774
mys,20220403,7.625
mys,20220404,7.029
mys,20220405,6.97
mys,20220406,6.582
mys,20220407,5.868
mys,20220408,6.136
mys,20220409,5.808
mys,20220410,5.183
mys,20220411,5.183
mys,20220412,4.557
mys,20220413,4.795
mys,20220414,4.587
mys,20220415,4.527
mys,20220416,3.991
mys,20220417,3.753
mys,20220418,3.276
mys,20220419,2.889
mys,20220420,2.889
mys,20220421,2.74
mys,20220422,2.71
mys,20220423,2.651
mys,20220424,2.919
mys,20220425,2.919
mys,20220426,3.008
mys,20220427,2.919
mys,20220428,2.502
mys,20220429,2.323
mys,20220430,2.055
mys,20220501,2.055
mys,20220502,1.966
mys,20220503,2.055
mys,20220504,2.204
mys,20220505,1.966
mys,20220506,2.264
mys,20220507,2.562
mys,20220508,2.621
mys,20220509,2.055
mys,20220510,1.996
mys,20220511,1.757
mys,20220512,1.519
mys,20220513,1.251
mys,20220514,1.4
mys,20220515,1.34
mys,20220516,1.191
mys,20220517,1.072
mys,20220518,1.132
mys,20220519,1.042
mys,20220520,1.072
mys,20220521,1.162
mys,20220522,1.191
mys,20220523,1.162
mys,20220524,0.953
mys,20220525,0.923
mys,20220526,0.804
mys,20220527,0.894
mys,20220528,1.013
mys,20220529,1.013
mys,20220530,0.953
mys,20220531,0.834
mys,20220601,0.774
mys,20220602,0.864
mys,20220603,0.804
mys,20220604,0.804
mys,20220605,0.774
mys,20220606,0.655
mys,20220607,0.745
mys,20220608,0.774
mys,20220609,0.745
mys,20220610,0.715
mys,20220611,0.715
mys,20220612,0.774
mys,20220613,0.715
mys,20220614,0.953
mys,20220615,1.132
mys,20220616,0.953
mys,20220617,1.042
mys,20220618,0.685
mys,20220619,0.685
mys,20220620,0.685
mys,20220621,0.864
mys,20220622,0.894
mys,20220623,1.132
mys,20220624,1.013
mys,20220625,0.923
mys,20220626,0.923
mys,20220627,1.013
mys,20220628,1.102
mys,20220629,1.191
mys,20220630,1.281
mys,20220701,1.4
mys,20220702,1.281
mys,20220703,1.34
mys,20220704,1.311
mys,20220705,1.251
mys,20220706,1.191
mys,20220707,1.34
mys,20220708,1.251
mys,20220709,1.221
mys,20220710,1.281
mys,20220711,1.43
mys,20220712,1.549
mys,20220713,1.579
mys,20220714,1.579
mys,20220715,1.906
mys,20220716,1.787
mys,20220717,1.817
mys,20220718,1.698
mys,20220719,1.638
mys,20220720,1.668
mys,20220721,1.876
mys,20220722,1.489
mys,20220723,1.459
mys,20220724,1.608
mys,20220725,1.519
mys,20220726,1.549
mys,20220727,1.757
mys,20220728,1.787
mys,20220729,1.787
mys,20220730,1.847
mys,20220731,1.608
mys,20220801,1.608
mys,20220802,1.668
mys,20220803,1.459
mys,20220804,1.549
mys,20220805,1.549
mys,20220806,1.668
mys,20220807,1.549
mys,20220808,1.638
mys,20220809,1.847
mys,20220810,2.025
mys,20220811,1.787
mys,20220812,1.966
mys,20220813,2.025
mys,20220814,2.145
mys,20220815,2.413
mys,20220816,2.502
mys,20220817,2.74
mys,20220818,2.413
mys,20220819,2.234
mys,20220820,1.936
mys,20220821,2.055
mys,20220822,2.055
mys,20220823,2.025
mys,20220824,1.996
mys,20220825,2.055
mys,20220826,2.234
mys,20220827,2.145
mys,20220828,2.174
mys,20220829,2.234
mys,20220830,2.145
mys,20220831,2.055
mys,20220901,2.204
mys,20220902,2.353
mys,20220903,2.234
mys,20220904,2.174
mys,20220905,2.353
mys,20220906,2.055
mys,20220907,1.996
mys,20220908,1.906
mys,20220909,1.996
mys,20220910,2.055
mys,20220911,2.025
mys,20220912,1.996
mys,20220913,1.847
mys,20220914,1.847
mys,20220915,1.579
mys,20220916,1.787
nld,20200227,0.4
nld,20200228,0.457
nld,20200229,0.514
nld,20200301,0.629
nld,20200302,0.571
nld,20200303,0.686
nld,20200304,0.857
nld,20200305,0.857
nld,20200306,1.086
nld,20200307,1.2
nld,20200308,1.543
nld,20200309,1.828
nld,20200310,2.228
nld,20200311,2.743
nld,20200312,3.885
nld,20200313,4.514
nld,20200314,5.485
nld,20200315,6.856
nld,20200316,8.571
nld,20200317,10.228
nld,20200318,13.027
nld,20200319,16.398
nld,20200320,20.684
nld,20200321,24.569
nld,20200322,27.426
nld,20200323,32.74
nld,20200324,37.311
nld,20200325,42.967
nld,20200326,47.881
nld,20200327,52.966
nld,20200328,56.68
nld,20200329,59.309
nld,20200330,64.337
nld,20200331,68.051
nld,20200401,69.022
nld,20200402,71.365
nld,20200403,72.907
nld,20200404,77.707
nld,20200405,79.135
nld,20200406,80.506
nld,20200407,81.364
nld,20200408,80.449
nld,20200409,80.964
nld,20200410,79.078
nld,20200411,79.478
nld,20200412,77.592
nld,20200413,76.45
nld,20200414,74.45
nld,20200415,73.079
nld,20200416,71.879
nld,20200417,70.565
nld,20200418,68.622
nld,20200419,67.193
nld,20200420,66.165
nld,20200421,62.108
nld,20200422,59.994
nld,20200423,57.594
nld,20200424,55.023
nld,20200425,54.795
nld,20200426,53.366
nld,20200427,51.709
nld,20200428,49.195
nld,20200429,45.938
nld,20200430,44.739
nld,20200501,41.996
nld,20200502,40.453
nld,20200503,39.31
nld,20200504,39.025
nld,20200505,36.796
nld,20200506,35.882
nld,20200507,33.368
nld,20200508,32.225
nld,20200509,30.911
nld,20200510,28.969
nld,20200511,28.454
nld,20200512,26.455
nld,20200513,24.683
nld,20200514,23.426
nld,20200515,21.598
nld,20200516,19.77
nld,20200517,19.941
nld,20200518,18.455
nld,20200519,16.741
nld,20200520,15.713
nld,20200521,14.57
nld,20200522,14.399
nld,20200523,12.97
nld,20200524,12.742
nld,20200525,12.742
nld,20200526,10.742
nld,20200527,10.799
nld,20200528,10.399
nld,20200529,10.285
nld,20200530,9.713
nld,20200531,9.085
nld,20200601,9.028
nld,20200602,8.799
nld,20200603,6.628
nld,20200604,6.457
nld,20200605,5.542
nld,20200606,5.485
nld,20200607,5.485
nld,20200608,5.257
nld,20200609,5.199
nld,20200610,4.571
nld,20200611,4.4
nld,20200612,4.171
nld,20200613,4.4
nld,20200614,4.514
nld,20200615,4.971
nld,20200616,4.457
nld,20200617,4.171
nld,20200618,3.828
nld,20200619,3.257
nld,20200620,3.257
nld,20200621,3.143
nld,20200622,3.371
nld,20200623,2.743
nld,20200624,2.8
nld,20200625,2.8
nld,20200626,2.228
nld,20200627,1.657
nld,20200628,1.714
nld,20200629,1.828
nld,20200630,1.657
nld,20200701,1.6
nld,20200702,1.428
nld,20200703,1.143
nld,20200704,1.028
nld,20200705,1.028
nld,20200706,1.314
nld,20200707,1.371
nld,20200708,1.143
nld,20200709,1.2
nld,20200710,1.428
nld,20200711,1.486
nld,20200712,1.371
nld,20200713,1.371
nld,20200714,1.2
nld,20200715,1.143
nld,20200716,0.857
nld,20200717,0.857
nld,20200718,0.914
nld,20200719,0.971
nld,20200720,0.914
nld,20200721,0.857
nld,20200722,0.971
nld,20200723,0.857
nld,20200724,0.971
nld,20200725,1.028
nld,20200726,0.914
nld,20200727,1.2
nld,20200728,1.086
nld,20200729,0.971
nld,20200730,0.8
nld,20200731,1.086
nld,20200801,1.257
nld,20200802,1.2
nld,20200803,1.543
nld,20200804,1.486
nld,20200805,1.714
nld,20200806,1.657
nld,20200807,1.543
nld,20200808,1.6
nld,20200809,1.771
nld,20200810,1.657
nld,20200811,1.714
nld,20200812,2
nld,20200813,1.771
nld,20200814,2.171
nld,20200815,2.228
nld,20200816,2.057
nld,20200817,2.228
nld,20200818,2.4
nld,20200819,2.343
nld,20200820,2.228
nld,20200821,2.457
nld,20200822,2.4
nld,20200823,2.4
nld,20200824,2.343
nld,20200825,2.171
nld,20200826,2.171
nld,20200827,2.057
nld,20200828,1.943
nld,20200829,1.943
nld,20200830,1.886
nld,20200831,2.171
nld,20200901,1.886
nld,20200902,1.828
nld,20200903,1.6
nld,20200904,2
nld,20200905,2
nld,20200906,1.886
nld,20200907,1.771
nld,20200908,1.714
nld,20200909,1.771
nld,20200910,1.714
nld,20200911,2.057
nld,20200912,2.114
nld,20200913,2.057
nld,20200914,2.457
nld,20200915,3.028
nld,20200916,3.085
nld,20200917,2.8
nld,20200918,3.314
nld,20200919,3.828
nld,20200920,4.4
nld,20200921,4.857
nld,20200922,5.199
nld,20200923,5.942
nld,20200924,6.057
nld,20200925,6.628
nld,20200926,6.971
nld,20200927,7.256
nld,20200928,8.113
nld,20200929,8.113
nld,20200930,8.571
nld,20201001,8.685
nld,20201002,9.142
nld,20201003,8.913
nld,20201004,9.313
nld,20201005,10.113
nld,20201006,10.856
nld,20201007,11.999
nld,20201008,13.027
nld,20201009,13.656
nld,20201010,13.427
nld,20201011,14.113
nld,20201012,14.399
nld,20201013,15.827
nld,20201014,17.198
nld,20201015,17.884
nld,20201016,19.712
nld,20201017,20.112
nld,20201018,20.798
nld,20201019,21.655
nld,20201020,23.941
nld,20201021,25.712
nld,20201022,26.455
nld,20201023,26.969
nld,20201024,28.626
nld,20201025,27.997
nld,20201026,28.911
nld,20201027,30.226
nld,20201028,31.14
nld,20201029,31.597
nld,20201030,32.397
nld,20201031,33.368
nld,20201101,33.311
nld,20201102,33.54
nld,20201103,34.797
nld,20201104,34.968
nld,20201105,34.682
nld,20201106,34.454
nld,20201107,34.397
nld,20201108,34.168
nld,20201109,34.282
nld,20201110,34.168
nld,20201111,34.625
nld,20201112,33.997
nld,20201113,34.797
nld,20201114,33.997
nld,20201115,33.482
nld,20201116,32.74
nld,20201117,32.911
nld,20201118,31.94
nld,20201119,31.711
nld,20201120,31.254
nld,20201121,31.426
nld,20201122,30.854
nld,20201123,30.626
nld,20201124,30.054
nld,20201125,30.226
nld,20201126,29.94
nld,20201127,29.597
nld,20201128,29.197
nld,20201129,28.911
nld,20201130,27.483
nld,20201201,27.312
nld,20201202,27.14
nld,20201203,26.169
nld,20201204,27.026
nld,20201205,26.969
nld,20201206,26.797
nld,20201207,26.855
nld,20201208,26.512
nld,20201209,27.026
nld,20201210,26.797
nld,20201211,26.969
nld,20201212,27.483
nld,20201213,28.397
nld,20201214,28.74
nld,20201215,29.94
nld,20201216,30.054
nld,20201217,30.626
nld,20201218,31.368
nld,20201219,31.997
nld,20201220,33.14
nld,20201221,33.482
nld,20201222,33.482
nld,20201223,34.739
nld,20201224,34.054
nld,20201225,34.282
nld,20201226,35.139
nld,20201227,36.054
nld,20201228,37.596
nld,20201229,39.082
nld,20201230,40.682
nld,20201231,41.367
nld,20210101,40.168
nld,20210102,39.882
nld,20210103,40.225
nld,20210104,40.853
nld,20210105,41.767
nld,20210106,40.225
nld,20210107,40.682
nld,20210108,40.453
nld,20210109,39.996
nld,20210110,40.625
nld,20210111,40.11
nld,20210112,39.71
nld,20210113,39.996
nld,20210114,39.596
nld,20210115,39.425
nld,20210116,38.339
nld,20210117,38.625
nld,20210118,39.425
nld,20210119,39.025
nld,20210120,38.796
nld,20210121,38.682
nld,20210122,38.511
nld,20210123,38.453
nld,20210124,38.853
nld,20210125,37.939
nld,20210126,38.511
nld,20210127,37.196
nld,20210128,36.854
nld,20210129,37.653
nld,20210130,36.568
nld,20210131,36.911
nld,20210201,36.511
nld,20210202,35.939
nld,20210203,35.025
nld,20210204,34.397
nld,20210205,32.74
nld,20210206,31.254
nld,20210207,30.568
nld,20210208,30.968
nld,20210209,31.426
nld,20210210,30.454
nld,20210211,30.683
nld,20210212,30.511
nld,20210213,30.74
nld,20210214,30.283
nld,20210215,30.626
nld,20210216,30.054
nld,20210217,29.711
nld,20210218,29.883
nld,20210219,29.14
nld,20210220,29.826
nld,20210221,30.511
nld,20210222,32.054
nld,20210223,30.74
nld,20210224,30.454
nld,20210225,30.054
nld,20210226,29.997
nld,20210227,29.597
nld,20210228,30.054
nld,20210301,30.626
nld,20210302,30.854
nld,20210303,31.368
nld,20210304,30.797
nld,20210305,30.911
nld,20210306,30.968
nld,20210307,31.14
nld,20210308,31.883
nld,20210309,31.768
nld,20210310,31.997
nld,20210311,32.683
nld,20210312,32.911
nld,20210313,31.654
nld,20210314,31.654
nld,20210315,32.225
nld,20210316,33.482
nld,20210317,32.454
nld,20210318,32.225
nld,20210319,33.083
nld,20210320,34.397
nld,20210321,34.911
nld,20210322,36.454
nld,20210323,35.597
nld,20210324,35.711
nld,20210325,35.368
nld,20210326,35.711
nld,20210327,36.739
nld,20210328,37.425
nld,20210329,38.568
nld,20210330,38.968
nld,20210331,38.911
nld,20210401,39.31
nld,20210402,40.282
nld,20210403,41.939
nld,20210404,41.71
nld,20210405,42.624
nld,20210406,42.853
nld,20210407,44.339
nld,20210408,45.596
nld,20210409,44.796
nld,20210410,44.967
nld,20210411,45.024
nld,20210412,45.367
nld,20210413,45.367
nld,20210414,44.796
nld,20210415,45.081
nld,20210416,45.253
nld,20210417,45.824
nld,20210418,46.167
nld,20210419,46.453
nld,20210420,47.024
nld,20210421,46.967
nld,20210422,47.938
nld,20210423,47.824
nld,20210424,46.624
nld,20210425,48.052
nld,20210426,46.453
nld,20210427,46.853
nld,20210428,46.51
nld,20210429,46.453
nld,20210430,46.11
nld,20210501,46.338
nld,20210502,45.938
nld,20210503,47.138
nld,20210504,46.738
nld,20210505,47.424
nld,20210506,46.11
nld,20210507,45.538
nld,20210508,44.453
nld,20210509,43.824
nld,20210510,43.253
nld,20210511,42.739
nld,20210512,42.167
nld,20210513,41.882
nld,20210514,41.596
nld,20210515,40.567
nld,20210516,39.196
nld,20210517,38.911
nld,20210518,36.911
nld,20210519,36.396
nld,20210520,35.482
nld,20210521,34.739
nld,20210522,34.397
nld,20210523,34.854
nld,20210524,34.168
nld,20210525,33.083
nld,20210526,31.94
nld,20210527,30.911
nld,20210528,29.769
nld,20210529,28.512
nld,20210530,27.769
nld,20210531,27.255
nld,20210601,25.54
nld,20210602,23.998
nld,20210603,22.512
nld,20210604,21.541
nld,20210605,20.055
nld,20210606,19.655
nld,20210607,19.598
nld,20210608,18.341
nld,20210609,17.37
nld,20210610,16.97
nld,20210611,16.056
nld,20210612,15.37
nld,20210613,15.141
nld,20210614,15.027
nld,20210615,14.284
nld,20210616,13.656
nld,20210617,12.913
nld,20210618,12.456
nld,20210621,11.256
nld,20210622,10.57
nld,20210623,9.713
nld,20210624,9.028
nld,20210625,8.399
nld,20210626,8.056
nld,20210627,8.056
nld,20210628,8.113
nld,20210629,7.256
nld,20210630,7.314
nld,20210701,6.799
nld,20210702,6.171
nld,20210703,5.828
nld,20210704,5.657
nld,20210705,6.285
nld,20210706,5.885
nld,20210707,5.942
nld,20210708,5.142
nld,20210709,4.914
nld,20210710,4.685
nld,20210711,5.028
nld,20210712,4.8
nld,20210713,4.285
nld,20210714,4.228
nld,20210715,4.114
nld,20210716,4.285
nld,20210717,4.4
nld,20210718,4.342
nld,20210719,4.8
nld,20210720,5.714
nld,20210721,6.057
nld,20210722,6.114
nld,20210723,6.114
nld,20210724,6.628
nld,20210725,7.656
nld,20210726,7.999
nld,20210727,9.085
nld,20210728,9.371
nld,20210729,10.113
nld,20210730,10.056
nld,20210731,10.342
nld,20210801,10.685
nld,20210802,11.256
nld,20210803,11.37
nld,20210804,10.97
nld,20210805,11.37
nld,20210806,11.77
nld,20210807,11.485
nld,20210808,11.427
nld,20210809,12.113
nld,20210810,12.227
nld,20210811,11.999
nld,20210812,11.999
nld,20210813,11.199
nld,20210814,11.313
nld,20210815,11.427
nld,20210816,11.37
nld,20210817,11.313
nld,20210818,12.113
nld,20210819,12.57
nld,20210820,12.285
nld,20210821,12.456
nld,20210822,12.513
nld,20210823,12.799
nld,20210824,13.142
nld,20210825,13.027
nld,20210826,12.456
nld,20210827,12.684
nld,20210828,12.799
nld,20210829,12.799
nld,20210830,12.57
nld,20210831,12.113
nld,20210901,11.827
nld,20210902,11.942
nld,20210903,12.342
nld,20210904,12.113
nld,20210905,12.17
nld,20210906,12.57
nld,20210907,12.285
nld,20210908,12.513
nld,20210909,12.227
nld,20210910,12.056
nld,20210911,11.942
nld,20210912,11.713
nld,20210913,11.885
nld,20210914,11.599
nld,20210915,11.427
nld,20210916,11.542
nld,20210917,11.085
nld,20210918,10.97
nld,20210919,11.142
nld,20210920,11.313
nld,20210921,11.427
nld,20210922,10.628
nld,20210923,10.456
nld,20210924,9.999
nld,20210925,9.885
nld,20210926,9.656
nld,20210927,9.371
nld,20210928,8.799
nld,20210929,8.171
nld,20210930,7.999
nld,20211001,7.542
nld,20211002,7.314
nld,20211003,7.485
nld,20211004,7.314
nld,20211005,7.542
nld,20211006,7.656
nld,20211007,7.314
nld,20211008,7.428
nld,20211009,7.256
nld,20211010,7.428
nld,20211011,7.885
nld,20211012,7.885
nld,20211013,7.828
nld,20211014,7.999
nld,20211015,7.828
nld,20211016,7.885
nld,20211017,8.113
nld,20211018,8.342
nld,20211019,8.685
nld,20211020,9.428
nld,20211021,9.371
nld,20211022,9.942
nld,20211023,10.228
nld,20211024,10.57
nld,20211025,11.37
nld,20211026,10.97
nld,20211027,11.427
nld,20211028,11.599
nld,20211029,12.399
nld,20211030,12.456
nld,20211031,12.57
nld,20211101,13.484
nld,20211102,13.713
nld,20211103,14.284
nld,20211104,15.598
nld,20211105,16.341
nld,20211106,16.456
nld,20211107,17.427
nld,20211108,18.627
nld,20211109,18.227
nld,20211110,18.684
nld,20211111,18.855
nld,20211112,20.169
nld,20211113,20.855
nld,20211114,21.541
nld,20211115,21.712
nld,20211116,21.998
nld,20211117,22.969
nld,20211118,23.598
nld,20211119,24.455
nld,20211120,24.683
nld,20211121,26.626
nld,20211122,26.855
nld,20211123,27.883
nld,20211124,28.854
nld,20211125,30.283
nld,20211126,30.169
nld,20211127,31.711
nld,20211128,31.483
nld,20211129,32.168
nld,20211130,33.997
nld,20211201,33.54
nld,20211202,34.568
nld,20211203,34.454
nld,20211204,34.111
nld,20211205,33.882
nld,20211206,34.911
nld,20211207,35.654
nld,20211208,35.768
nld,20211209,35.768
nld,20211210,36.282
nld,20211211,36.225
nld,20211212,36.682
nld,20211213,35.997
nld,20211214,36.225
nld,20211215,35.768
nld,20211216,35.597
nld,20211217,35.539
nld,20211218,35.311
nld,20211219,34.797
nld,20211220,34.054
nld,20211221,33.997
nld,20211222,33.197
nld,20211223,32.225
nld,20211224,31.197
nld,20211225,30.511
nld,20211226,30.911
nld,20211227,30.454
nld,20211228,29.769
nld,20211229,29.426
nld,20211230,28.112
nld,20211231,27.483
nld,20220101,26.226
nld,20220102,26.397
nld,20220103,27.14
nld,20220104,26.512
nld,20220105,25.655
nld,20220106,23.941
nld,20220107,23.369
nld,20220108,23.141
nld,20220109,22.684
nld,20220110,22.626
nld,20220111,22.055
nld,20220112,21.426
nld,20220113,20.455
nld,20220114,19.084
nld,20220115,18.341
nld,20220116,17.77
nld,20220117,18.055
nld,20220118,17.255
nld,20220119,17.255
nld,20220120,16.513
nld,20220121,16.398
nld,20220122,16.398
nld,20220123,15.713
nld,20220124,14.97
nld,20220125,14.399
nld,20220126,14.227
nld,20220127,13.313
nld,20220128,13.599
nld,20220129,12.17
nld,20220130,11.942
nld,20220131,12.113
nld,20220201,11.77
nld,20220202,12.285
nld,20220203,12.456
nld,20220204,12.227
nld,20220205,13.084
nld,20220206,12.056
nld,20220207,12.227
nld,20220208,12.913
nld,20220209,11.77
nld,20220210,11.313
nld,20220211,10.799
nld,20220212,10.056
nld,20220213,10.228
nld,20220214,10.342
nld,20220215,10.342
nld,20220216,9.885
nld,20220217,9.599
nld,20220218,10.228
nld,20220219,10.399
nld,20220220,9.599
nld,20220221,9.485
nld,20220222,9.77
nld,20220223,9.313
nld,20220224,9.313
nld,20220225,9.085
nld,20220226,9.656
nld,20220227,9.656
nld,20220228,9.256
nld,20220301,8.571
nld,20220302,9.142
nld,20220303,8.856
nld,20220304,8.399
nld,20220305,8.971
nld,20220306,8.971
nld,20220307,9.199
nld,20220308,8.971
nld,20220309,9.713
nld,20220310,9.142
nld,20220311,9.142
nld,20220312,8.799
nld,20220313,8.685
nld,20220314,8.628
nld,20220315,8.913
nld,20220316,9.199
nld,20220317,8.799
nld,20220318,8.685
nld,20220319,7.942
nld,20220320,7.828
nld,20220321,8.456
nld,20220322,9.028
nld,20220323,9.028
nld,20220324,8.399
nld,20220325,8.171
nld,20220326,8.513
nld,20220327,8.856
nld,20220328,7.714
nld,20220329,7.028
nld,20220330,7.085
nld,20220331,7.256
nld,20220401,6.914
nld,20220402,7.142
nld,20220403,6.685
nld,20220404,5.942
nld,20220405,5.885
nld,20220406,5.428
nld,20220407,5.542
nld,20220408,6.285
nld,20220409,5.885
nld,20220410,5.885
nld,20220411,4.914
nld,20220412,5.371
nld,20220413,5.085
nld,20220414,5.371
nld,20220415,5.771
nld,20220419,4.857
nld,20220420,4.4
nld,20220421,4.514
nld,20220422,4.742
nld,20220425,4.628
nld,20220426,4.342
nld,20220428,3.771
nld,20220429,3.714
nld,20220502,3.314
nld,20220503,3.2
nld,20220504,2.8
nld,20220506,2.343
nld,20220509,2.285
nld,20220510,2.228
nld,20220511,2.4
nld,20220512,2.4
nld,20220513,2.285
nld,20220516,1.771
nld,20220517,1.828
nld,20220518,1.886
nld,20220519,1.486
nld,20220520,1.428
nld,20220523,1.714
nld,20220524,2
nld,20220525,1.657
nld,20220527,1.371
nld,20220530,1.428
nld,20220531,1.086
nld,20220601,1.371
nld,20220602,1.428
nld,20220603,1.143
nld,20220607,1.2
nld,20220608,1.257
nld,20220609,1.2
nld,20220610,1.2
nld,20220613,1.486
nld,20220614,1.657
nld,20220615,1.6
nld,20220616,1.371
nld,20220617,1.314
nld,20220620,1.257
nld,20220621,1.257
nld,20220622,1.371
nld,20220623,1.428
nld,20220624,1.543
nld,20220627,2.114
nld,20220628,2
nld,20220629,2.228
nld,20220630,2.057
nld,20220701,2.343
nld,20220704,2.228
nld,20220705,2.571
nld,20220706,2.4
nld,20220707,2
nld,20220708,2
nld,20220711,2.514
nld,20220712,2.685
nld,20220713,2.514
nld,20220714,2.743
nld,20220715,2.628
nld,20220718,2.571
nld,20220719,2.514
nld,20220720,2.343
nld,20220721,2.171
nld,20220722,2.514
nld,20220725,2.743
nld,20220726,2.628
nld,20220727,2.285
nld,20220728,2.4
nld,20220729,2.4
nld,20220801,2.343
nld,20220802,2.514
nld,20220803,2.457
nld,20220804,2
nld,20220805,2.285
nld,20220808,2.743
nld,20220809,2.343
nld,20220810,1.886
nld,20220811,2.057
nld,20220812,2.457
nld,20220815,2.514
nld,20220816,2.4
nld,20220817,2.514
nld,20220818,2.285
nld,20220819,2.457
nld,20220822,2.457
nld,20220823,2.343
nld,20220824,1.828
nld,20220825,1.714
nld,20220826,1.943
nld,20220829,1.714
nld,20220830,1.771
nld,20220831,1.6
nld,20220901,1.886
nld,20220902,1.714
nld,20220905,1.657
nld,20220906,1.543
nld,20220907,1.6
nld,20220908,1.657
nld,20220909,1.771
nld,20220912,1.657
nld,20220913,1.657
nld,20220914,1.714
nld,20220915,1.543
nld,20220916,1.771
prt,20200314,0.972
prt,20200315,0.875
prt,20200316,1.749
prt,20200317,1.652
prt,20200318,1.944
prt,20200319,1.944
prt,20200320,2.527
prt,20200321,3.401
prt,20200322,3.984
prt,20200323,4.567
prt,20200324,4.665
prt,20200325,5.928
prt,20200326,5.928
prt,20200327,6.9
prt,20200328,8.649
prt,20200329,13.411
prt,20200330,15.938
prt,20200331,18.27
prt,20200401,22.352
prt,20200402,23.323
prt,20200403,23.809
prt,20200404,24.392
prt,20200405,25.947
prt,20200406,26.239
prt,20200407,26.336
prt,20200408,23.809
prt,20200409,23.421
prt,20200410,21.963
prt,20200411,22.643
prt,20200412,22.157
prt,20200413,18.27
prt,20200414,21.185
prt,20200415,20.214
prt,20200416,22.254
prt,20200417,21.574
prt,20200418,22.157
prt,20200419,21.768
prt,20200420,20.894
prt,20200421,20.7
prt,20200422,20.116
prt,20200423,19.825
prt,20200424,18.27
prt,20200425,18.076
prt,20200426,17.687
prt,20200427,17.104
prt,20200428,16.715
prt,20200429,16.424
prt,20200430,16.715
prt,20200501,14.966
prt,20200502,14.577
prt,20200503,13.994
prt,20200504,13.897
prt,20200505,13.022
prt,20200506,13.217
prt,20200507,13.119
prt,20200508,12.342
prt,20200509,11.662
prt,20200510,10.884
prt,20200511,10.884
prt,20200512,10.981
prt,20200513,10.01
prt,20200514,10.496
prt,20200515,10.884
prt,20200516,11.176
prt,20200517,10.496
prt,20200518,10.204
prt,20200519,9.815
prt,20200520,9.038
prt,20200521,8.941
prt,20200522,8.163
prt,20200523,7.774
prt,20200524,7.58
prt,20200525,6.997
prt,20200526,6.9
prt,20200527,6.414
prt,20200528,6.317
prt,20200529,6.414
prt,20200530,6.122
prt,20200531,6.22
prt,20200601,6.22
prt,20200602,5.636
prt,20200603,5.442
prt,20200604,5.636
prt,20200605,5.636
prt,20200606,5.539
prt,20200607,5.636
prt,20200608,5.345
prt,20200609,6.317
prt,20200610,6.803
prt,20200611,6.803
prt,20200612,7.094
prt,20200613,7.483
prt,20200614,7.094
prt,20200615,7.094
prt,20200616,6.9
prt,20200617,6.705
prt,20200618,6.511
prt,20200619,6.511
prt,20200620,6.803
prt,20200621,6.705
prt,20200622,6.997
prt,20200623,6.997
prt,20200624,7.094
prt,20200625,6.511
prt,20200626,6.511
prt,20200627,6.803
prt,20200628,7.289
prt,20200629,6.9
prt,20200630,7.094
prt,20200701,7.677
prt,20200702,7.483
prt,20200703,6.997
prt,20200704,7.094
prt,20200705,7.094
prt,20200706,7.191
prt,20200707,7.386
prt,20200708,7.191
prt,20200709,7.094
prt,20200710,6.414
prt,20200711,6.608
prt,20200712,6.22
prt,20200713,6.122
prt,20200714,6.705
prt,20200715,6.608
prt,20200716,6.997
prt,20200717,6.511
prt,20200718,6.317
prt,20200719,5.928
prt,20200720,5.928
prt,20200721,6.025
prt,20200722,5.734
prt,20200723,5.734
prt,20200724,5.053
prt,20200725,4.859
prt,20200726,4.665
prt,20200727,4.373
prt,20200728,3.984
prt,20200729,4.179
prt,20200730,4.082
prt,20200731,3.984
prt,20200801,3.887
prt,20200802,3.984
prt,20200803,4.082
prt,20200804,4.276
prt,20200805,3.984
prt,20200806,4.082
prt,20200807,3.499
prt,20200808,3.207
prt,20200809,3.207
prt,20200810,2.818
prt,20200811,3.401
prt,20200812,3.887
prt,20200813,3.79
prt,20200814,3.984
prt,20200815,3.596
prt,20200816,3.79
prt,20200817,3.79
prt,20200818,3.693
prt,20200819,3.401
prt,20200820,3.79
prt,20200821,3.984
prt,20200822,4.082
prt,20200823,4.567
prt,20200824,4.276
prt,20200825,3.984
prt,20200826,3.693
prt,20200827,3.401
prt,20200828,3.693
prt,20200829,3.887
prt,20200830,3.984
prt,20200831,3.984
prt,20200901,4.276
prt,20200902,3.984
prt,20200903,4.276
prt,20200904,3.887
prt,20200905,3.984
prt,20200906,4.179
prt,20200907,4.762
prt,20200908,4.859
prt,20200909,5.053
prt,20200910,5.539
prt,20200911,5.248
prt,20200912,5.734
prt,20200913,5.539
prt,20200914,5.928
prt,20200915,5.734
prt,20200916,5.928
prt,20200917,5.734
prt,20200918,5.539
prt,20200919,6.22
prt,20200920,6.122
prt,20200921,5.928
prt,20200922,6.803
prt,20200923,7.483
prt,20200924,8.26
prt,20200925,8.358
prt,20200926,8.26
prt,20200927,8.649
prt,20200928,9.524
prt,20200929,9.621
prt,20200930,10.204
prt,20201001,10.398
prt,20201002,10.398
prt,20201003,10.301
prt,20201004,10.204
prt,20201005,10.301
prt,20201006,10.107
prt,20201007,10.107
prt,20201008,11.176
prt,20201009,12.148
prt,20201010,11.856
prt,20201011,12.05
prt,20201012,12.439
prt,20201013,12.828
prt,20201014,13.119
prt,20201015,13.508
prt,20201016,13.994
prt,20201017,14.383
prt,20201018,15.063
prt,20201019,16.035
prt,20201020,17.104
prt,20201021,18.173
prt,20201022,19.436
prt,20201023,19.242
prt,20201024,21.477
prt,20201025,22.352
prt,20201026,23.323
prt,20201027,24.587
prt,20201028,25.461
prt,20201029,26.142
prt,20201030,26.725
prt,20201031,27.794
prt,20201101,27.599
prt,20201102,28.571
prt,20201103,31.098
prt,20201104,31.584
prt,20201105,31.098
prt,20201106,33.041
prt,20201107,35.568
prt,20201108,36.734
prt,20201109,37.998
prt,20201110,37.123
prt,20201111,37.998
prt,20201112,37.22
prt,20201113,37.706
prt,20201114,40.136
prt,20201115,40.33
prt,20201116,41.399
prt,20201117,41.885
prt,20201118,41.982
prt,20201119,44.509
prt,20201120,46.744
prt,20201121,47.133
prt,20201122,47.716
prt,20201123,48.396
prt,20201124,49.173
prt,20201125,50.242
prt,20201126,50.145
prt,20201127,51.117
prt,20201128,51.409
prt,20201129,52.089
prt,20201130,51.02
prt,20201201,50.631
prt,20201202,51.02
prt,20201203,51.02
prt,20201204,51.117
prt,20201205,50.242
prt,20201206,49.951
prt,20201207,49.854
prt,20201208,48.493
prt,20201209,48.979
prt,20201210,49.465
prt,20201211,49.271
prt,20201212,48.882
prt,20201213,49.854
prt,20201214,49.854
prt,20201215,49.173
prt,20201216,47.23
prt,20201217,48.007
prt,20201218,47.035
prt,20201219,47.133
prt,20201220,46.938
prt,20201221,48.785
prt,20201222,49.368
prt,20201223,49.659
prt,20201224,49.076
prt,20201225,48.979
prt,20201226,49.854
prt,20201227,48.979
prt,20201228,48.882
prt,20201229,47.23
prt,20201230,47.327
prt,20201231,46.841
prt,20210101,46.938
prt,20210102,47.813
prt,20210103,48.59
prt,20210104,49.562
prt,20210105,49.757
prt,20210106,49.854
prt,20210107,49.951
prt,20210108,52.089
prt,20210109,52.478
prt,20210110,54.227
prt,20210111,55.101
prt,20210112,58.211
prt,20210113,57.92
prt,20210114,59.377
prt,20210115,60.446
prt,20210116,62.001
prt,20210117,62.876
prt,20210118,64.528
prt,20210119,65.111
prt,20210120,66.18
prt,20210121,68.221
prt,20210122,69.484
prt,20210123,69.97
prt,20210124,72.108
prt,20210125,74.538
prt,20210126,74.343
prt,20210127,76.093
prt,20210128,75.995
prt,20210129,78.328
prt,20210130,81.923
prt,20210131,83.381
prt,20210201,84.061
prt,20210202,82.798
prt,20210203,85.228
prt,20210204,83.867
prt,20210205,87.851
prt,20210206,86.588
prt,20210207,84.061
prt,20210208,85.228
prt,20210209,83.77
prt,20210210,82.895
prt,20210211,81.243
prt,20210212,82.215
prt,20210213,78.036
prt,20210214,77.259
prt,20210215,76.19
prt,20210216,73.08
prt,20210217,69.873
prt,20210218,66.86
prt,20210219,65.014
prt,20210220,63.751
prt,20210221,62.001
prt,20210222,60.932
prt,20210223,58.017
prt,20210224,55.101
prt,20210225,52.089
prt,20210226,50.728
prt,20210227,47.813
prt,20210228,47.035
prt,20210301,45.578
prt,20210302,43.343
prt,20210303,40.33
prt,20210304,38.775
prt,20210305,37.22
prt,20210306,35.277
prt,20210307,34.402
prt,20210308,33.236
prt,20210309,30.32
prt,20210310,27.502
prt,20210311,26.53
prt,20210312,25.85
prt,20210313,24.587
prt,20210314,23.518
prt,20210315,22.449
prt,20210316,20.7
prt,20210317,19.922
prt,20210318,18.173
prt,20210319,17.687
prt,20210320,16.521
prt,20210321,16.521
prt,20210322,16.035
prt,20210323,15.452
prt,20210324,15.063
prt,20210325,14.966
prt,20210326,15.063
prt,20210327,14.383
prt,20210328,13.8
prt,20210329,13.217
prt,20210330,12.536
prt,20210331,12.342
prt,20210401,12.536
prt,20210402,12.731
prt,20210403,12.245
prt,20210404,11.37
prt,20210405,10.884
prt,20210406,10.981
prt,20210407,11.273
prt,20210408,11.856
prt,20210409,12.439
prt,20210410,11.565
prt,20210411,10.981
prt,20210412,11.565
prt,20210413,11.467
prt,20210414,11.273
prt,20210415,10.593
prt,20210416,9.815
prt,20210417,10.01
prt,20210418,10.593
prt,20210419,10.884
prt,20210420,10.981
prt,20210421,10.69
prt,20210422,10.107
prt,20210423,9.524
prt,20210424,9.524
prt,20210425,9.524
prt,20210426,8.843
prt,20210427,8.358
prt,20210428,8.552
prt,20210429,8.649
prt,20210430,8.649
prt,20210501,8.163
prt,20210502,8.26
prt,20210503,8.746
prt,20210504,8.455
prt,20210505,8.066
prt,20210506,7.483
prt,20210507,7.289
prt,20210508,7.191
prt,20210509,7.191
prt,20210510,7.094
prt,20210511,6.9
prt,20210512,6.9
prt,20210513,6.803
prt,20210514,6.997
prt,20210515,6.9
prt,20210516,7.386
prt,20210517,6.997
prt,20210518,6.414
prt,20210519,5.442
prt,20210520,5.636
prt,20210521,5.345
prt,20210522,5.734
prt,20210523,5.636
prt,20210524,5.539
prt,20210525,5.053
prt,20210526,5.151
prt,20210527,5.151
prt,20210528,5.053
prt,20210529,4.762
prt,20210530,5.248
prt,20210531,5.053
prt,20210601,4.859
prt,20210602,5.151
prt,20210603,5.053
prt,20210604,5.151
prt,20210605,4.956
prt,20210606,5.053
prt,20210607,5.734
prt,20210608,6.414
prt,20210609,6.803
prt,20210610,6.997
prt,20210611,6.997
prt,20210612,7.483
prt,20210613,7.969
prt,20210614,7.483
prt,20210615,7.677
prt,20210616,8.066
prt,20210617,8.552
prt,20210618,9.135
prt,20210619,9.621
prt,20210620,9.427
prt,20210621,9.427
prt,20210622,9.815
prt,20210623,9.718
prt,20210624,10.301
prt,20210625,10.496
prt,20210626,10.981
prt,20210627,11.273
prt,20210628,11.176
prt,20210629,11.565
prt,20210630,11.662
prt,20210701,10.981
prt,20210702,11.467
prt,20210703,11.856
prt,20210704,12.439
prt,20210705,13.217
prt,20210706,12.925
prt,20210707,12.633
prt,20210708,13.217
prt,20210709,13.702
prt,20210710,13.994
prt,20210711,14.869
prt,20210712,15.84
prt,20210713,15.646
prt,20210714,16.618
prt,20210715,16.909
prt,20210716,16.618
prt,20210717,16.812
prt,20210718,17.104
prt,20210719,17.59
prt,20210720,17.201
prt,20210721,16.618
prt,20210722,17.298
prt,20210723,17.298
prt,20210724,17.59
prt,20210725,18.756
prt,20210726,19.242
prt,20210727,19.436
prt,20210728,19.436
prt,20210729,20.214
prt,20210730,19.339
prt,20210731,18.95
prt,20210801,19.436
prt,20210802,19.728
prt,20210803,19.825
prt,20210804,19.825
prt,20210805,19.047
prt,20210806,18.853
prt,20210807,18.076
prt,20210808,17.881
prt,20210809,18.367
prt,20210810,18.076
prt,20210811,17.59
prt,20210812,16.424
prt,20210813,15.743
prt,20210814,15.646
prt,20210815,15.257
prt,20210816,14.966
prt,20210817,13.994
prt,20210818,13.508
prt,20210819,13.702
prt,20210820,13.897
prt,20210821,14.091
prt,20210822,14.771
prt,20210823,14.674
prt,20210824,14.383
prt,20210825,13.994
prt,20210826,14.577
prt,20210827,13.994
prt,20210828,13.897
prt,20210829,14.383
prt,20210830,14.48
prt,20210831,13.217
prt,20210901,12.731
prt,20210902,13.605
prt,20210903,13.217
prt,20210904,13.508
prt,20210905,13.411
prt,20210906,13.605
prt,20210907,13.119
prt,20210908,13.119
prt,20210909,12.342
prt,20210910,11.467
prt,20210911,11.759
prt,20210912,11.662
prt,20210913,11.565
prt,20210914,11.273
prt,20210915,11.565
prt,20210916,10.01
prt,20210917,9.427
prt,20210918,8.746
prt,20210919,8.358
prt,20210920,7.969
prt,20210921,7.58
prt,20210922,7.58
prt,20210923,7.289
prt,20210924,7.386
prt,20210925,8.066
prt,20210926,8.066
prt,20210927,7.677
prt,20210928,7.191
prt,20210929,6.608
prt,20210930,6.414
prt,20211001,6.511
prt,20211002,6.317
prt,20211003,6.705
prt,20211004,6.608
prt,20211005,6.025
prt,20211006,5.831
prt,20211007,5.539
prt,20211008,5.053
prt,20211009,5.345
prt,20211010,5.345
prt,20211011,5.636
prt,20211012,5.442
prt,20211013,5.248
prt,20211014,5.442
prt,20211015,5.345
prt,20211016,5.734
prt,20211017,5.928
prt,20211018,6.025
prt,20211019,5.831
prt,20211020,5.636
prt,20211021,5.636
prt,20211022,5.831
prt,20211023,5.345
prt,20211024,5.053
prt,20211025,5.734
prt,20211026,6.025
prt,20211027,5.928
prt,20211028,5.831
prt,20211029,6.317
prt,20211030,6.22
prt,20211031,5.734
prt,20211101,5.831
prt,20211102,5.734
prt,20211103,6.511
prt,20211104,7.094
prt,20211105,6.414
prt,20211106,6.025
prt,20211107,6.22
prt,20211108,6.025
prt,20211109,5.831
prt,20211110,6.025
prt,20211111,6.22
prt,20211112,6.317
prt,20211113,6.705
prt,20211114,7.289
prt,20211115,7.386
prt,20211116,7.774
prt,20211117,7.289
prt,20211118,6.997
prt,20211119,7.677
prt,20211120,8.552
prt,20211121,8.649
prt,20211122,9.038
prt,20211123,9.038
prt,20211124,10.204
prt,20211125,10.01
prt,20211126,9.718
prt,20211127,10.107
prt,20211128,10.107
prt,20211129,10.787
prt,20211130,11.273
prt,20211201,11.273
prt,20211202,12.439
prt,20211203,12.536
prt,20211204,12.633
prt,20211205,13.022
prt,20211206,13.119
prt,20211207,12.925
prt,20211208,13.411
prt,20211209,13.8
prt,20211210,13.314
prt,20211211,13.8
prt,20211212,13.897
prt,20211213,13.994
prt,20211214,13.8
prt,20211215,14.577
prt,20211216,15.355
prt,20211217,14.286
prt,20211218,14.286
prt,20211219,14.091
prt,20211220,14.771
prt,20211221,14.869
prt,20211222,15.063
prt,20211223,14.383
prt,20211224,14.48
prt,20211225,14.771
prt,20211226,14.674
prt,20211227,14.577
prt,20211228,14.771
prt,20211229,14.674
prt,20211230,13.994
prt,20211231,14.091
prt,20220101,13.8
prt,20220102,14.383
prt,20220103,14.286
prt,20220104,14.286
prt,20220105,13.897
prt,20220106,15.355
prt,20220107,15.646
prt,20220108,14.869
prt,20220109,14.577
prt,20220110,15.646
prt,20220111,14.869
prt,20220112,16.229
prt,20220113,15.743
prt,20220114,15.743
prt,20220115,15.84
prt,20220116,16.326
prt,20220117,16.909
prt,20220118,15.549
prt,20220119,14.869
prt,20220120,14.771
prt,20220121,15.743
prt,20220122,14.966
prt,20220123,15.549
prt,20220124,16.715
prt,20220125,15.355
prt,20220126,14.966
prt,20220127,14.286
prt,20220128,14.771
prt,20220129,14.869
prt,20220130,15.549
prt,20220131,15.549
prt,20220201,15.063
prt,20220202,14.48
prt,20220203,15.063
prt,20220204,16.909
prt,20220205,16.424
prt,20220206,17.493
prt,20220207,17.298
prt,20220208,16.618
prt,20220209,15.84
prt,20220210,16.326
prt,20220211,15.452
prt,20220212,15.549
prt,20220213,15.063
prt,20220214,14.383
prt,20220215,14.286
prt,20220216,13.8
prt,20220217,12.828
prt,20220218,12.342
prt,20220219,11.467
prt,20220220,11.273
prt,20220221,11.079
prt,20220222,10.787
prt,20220223,9.815
prt,20220224,10.301
prt,20220225,9.524
prt,20220226,9.815
prt,20220227,9.912
prt,20220228,9.912
prt,20220301,9.329
prt,20220302,8.746
prt,20220303,8.746
prt,20220304,8.163
prt,20220305,8.26
prt,20220306,7.969
prt,20220307,7.872
prt,20220308,7.58
prt,20220309,6.997
prt,20220310,6.803
prt,20220311,6.317
prt,20220312,6.22
prt,20220313,6.414
prt,20220315,6.414
prt,20220321,6.22
prt,20220329,5.928
prt,20220405,5.831
prt,20220412,5.831
prt,20220419,4.47
prt,20220426,4.762
prt,20220503,5.831
prt,20220510,5.734
prt,20220517,8.163
prt,20220524,9.621
prt,20220531,10.398
prt,20220607,10.496
prt,20220614,9.524
prt,20220621,8.26
prt,20220628,7.872
prt,20220705,6.997
prt,20220712,5.539
prt,20220719,4.762
prt,20220726,5.248
prt,20220802,4.665
prt,20220809,4.179
prt,20220816,3.79
prt,20220823,3.79
prt,20220830,3.499
prt,20220906,3.207
rou,20210110,57.221
rou,20210117,56.962
rou,20210124,51.996
rou,20210131,51.168
rou,20210207,50.909
rou,20210214,49.564
rou,20210221,48.426
rou,20210228,50.961
rou,20210307,55.358
rou,20210314,60.584
rou,20210321,66.534
rou,20210328,69.741
rou,20210404,74.191
rou,20210411,77.347
rou,20210418,78.537
rou,20210425,72.69
rou,20210502,66.999
rou,20210509,56.911
rou,20210516,42.89
rou,20210523,34.302
rou,20210530,25.092
rou,20210606,20.229
rou,20210613,13.71
rou,20210620,13.71
rou,20210627,6.467
rou,20210704,3.466
rou,20210711,2.949
rou,20210718,2.794
rou,20210725,1.707
rou,20210801,2.535
rou,20210808,3.725
rou,20210815,5.07
rou,20210822,7.916
rou,20210829,11.796
rou,20210905,16.659
rou,20210912,27.058
rou,20210919,38.337
rou,20210926,55.203
rou,20211003,70.569
rou,20211010,80.503
rou,20211017,89.35
rou,20211024,93.902
rou,20211031,97.317
rou,20211107,98.404
rou,20211114,91.678
rou,20211121,84.435
rou,20211128,69.379
rou,20211205,55.669
rou,20211212,39.01
rou,20211219,31.042
rou,20211226,23.437
rou,20220102,20.798
rou,20220109,20.695
rou,20220116,22.816
rou,20220123,28.3
rou,20220130,37.82
rou,20220206,51.375
rou,20220213,59.291
rou,20220220,57.894
rou,20220227,51.84
rou,20220306,43.873
rou,20220313,32.594
rou,20220320,25.972
rou,20220327,22.143
rou,20220403,20.85
rou,20220410,14.486
rou,20220417,12.986
rou,20220424,11.848
rou,20220501,9.985
rou,20220508,8.64
rou,20220515,7.812
rou,20220522,6.467
rou,20220529,4.294
rou,20220605,4.087
rou,20220612,2.483
rou,20220619,2.225
rou,20220626,2.742
rou,20220703,2.535
rou,20220710,2.742
rou,20220717,5.122
rou,20220724,8.019
rou,20220731,13.089
rou,20220807,14.642
rou,20220814,15.366
rou,20220821,13.917
rou,20220828,12.986
rou,20220904,9.571
rou,20220911,8.278
srb,20200307,0
srb,20200308,0
srb,20200309,0
srb,20200310,0
srb,20200311,0
srb,20200312,0.146
srb,20200313,0.146
srb,20200314,0.146
srb,20200315,0.146
srb,20200316,0.291
srb,20200317,0.582
srb,20200318,0.873
srb,20200319,0.873
srb,20200320,1.164
srb,20200321,1.746
srb,20200322,2.037
srb,20200323,2.328
srb,20200324,3.056
srb,20200325,3.493
srb,20200326,3.638
srb,20200327,6.549
srb,20200328,7.131
srb,20200329,8.004
srb,20200330,9.023
srb,20200401,10.478
srb,20200402,11.788
srb,20200403,11.788
srb,20200404,12.952
srb,20200405,14.262
srb,20200406,14.698
srb,20200407,15.863
srb,20200408,16.299
srb,20200409,18.482
srb,20200410,19.792
srb,20200411,21.102
srb,20200412,21.247
srb,20200413,20.083
srb,20200414,19.064
srb,20200415,18.628
srb,20200416,17.463
srb,20200417,17.754
srb,20200418,18.336
srb,20200419,17.463
srb,20200420,15.717
srb,20200421,14.698
srb,20200422,14.989
srb,20200423,13.971
srb,20200424,13.825
srb,20200425,13.243
srb,20200426,12.37
srb,20200427,12.37
srb,20200428,11.497
srb,20200429,11.351
srb,20200430,10.332
srb,20200501,9.459
srb,20200502,8.295
srb,20200503,7.858
srb,20200504,7.713
srb,20200505,7.422
srb,20200506,6.985
srb,20200507,6.694
srb,20200508,6.549
srb,20200509,6.258
srb,20200510,5.676
srb,20200511,4.22
srb,20200512,3.347
srb,20200513,3.202
srb,20200514,3.202
srb,20200515,2.911
srb,20200516,2.474
srb,20200517,2.619
srb,20200518,2.328
srb,20200519,2.183
srb,20200520,1.892
srb,20200521,1.746
srb,20200522,1.746
srb,20200523,1.746
srb,20200524,1.746
srb,20200525,1.746
srb,20200526,1.601
srb,20200527,1.455
srb,20200528,1.31
srb,20200529,1.164
srb,20200530,1.455
srb,20200531,1.455
srb,20200601,1.31
srb,20200602,1.455
srb,20200603,1.746
srb,20200604,2.183
srb,20200605,1.746
srb,20200606,2.037
srb,20200607,2.183
srb,20200608,2.183
srb,20200609,2.183
srb,20200610,2.037
srb,20200611,2.037
srb,20200612,2.037
srb,20200613,2.183
srb,20200614,2.183
srb,20200615,2.183
srb,20200616,2.183
srb,20200617,2.474
srb,20200618,2.474
srb,20200619,2.619
srb,20200620,2.619
srb,20200621,2.765
srb,20200622,2.765
srb,20200623,2.765
srb,20200624,3.056
srb,20200625,3.493
srb,20200626,3.784
srb,20200627,4.657
srb,20200628,4.511
srb,20200629,5.239
srb,20200630,6.112
srb,20200701,10.624
srb,20200702,11.788
srb,20200703,12.37
srb,20200704,12.515
srb,20200705,11.788
srb,20200706,13.534
srb,20200707,16.008
srb,20200708,17.172
srb,20200709,17.463
srb,20200710,18.919
srb,20200711,20.228
srb,20200712,20.956
srb,20200713,22.411
srb,20200714,24.74
srb,20200715,24.594
srb,20200716,25.758
srb,20200717,26.777
srb,20200718,27.214
srb,20200719,27.214
srb,20200720,27.65
srb,20200721,28.814
srb,20200722,29.833
srb,20200723,26.923
srb,20200724,24.303
srb,20200725,24.74
srb,20200726,24.594
srb,20200727,24.885
srb,20200728,22.702
srb,20200729,20.81
srb,20200730,21.829
srb,20200731,23.575
srb,20200801,23.139
srb,20200802,21.247
srb,20200803,21.247
srb,20200804,20.81
srb,20200805,19.21
srb,20200806,17.463
srb,20200807,17.172
srb,20200808,17.609
srb,20200809,15.426
srb,20200810,15.571
srb,20200811,13.243
srb,20200812,12.661
srb,20200813,11.351
srb,20200814,11.351
srb,20200815,10.915
srb,20200816,10.624
srb,20200817,9.896
srb,20200818,9.314
srb,20200819,8.295
srb,20200820,7.567
srb,20200821,7.567
srb,20200822,6.694
srb,20200823,6.694
srb,20200824,6.403
srb,20200825,5.239
srb,20200826,5.385
srb,20200827,5.239
srb,20200828,5.239
srb,20200829,5.821
srb,20200830,6.985
srb,20200831,6.84
srb,20200901,6.985
srb,20200902,5.676
srb,20200903,5.967
srb,20200904,5.676
srb,20200905,5.53
srb,20200906,5.093
srb,20200907,4.802
srb,20200908,5.53
srb,20200909,5.093
srb,20200910,5.093
srb,20200911,4.802
srb,20200912,4.22
srb,20200913,4.075
srb,20200914,4.075
srb,20200915,4.075
srb,20200916,3.347
srb,20200917,3.056
srb,20200918,2.911
srb,20200919,3.347
srb,20200920,3.638
srb,20200921,3.347
srb,20200922,3.347
srb,20200923,3.202
srb,20200924,3.202
srb,20200925,3.202
srb,20200926,3.202
srb,20200927,3.056
srb,20200928,2.911
srb,20200929,2.911
srb,20200930,3.056
srb,20201001,3.347
srb,20201002,3.347
srb,20201003,2.911
srb,20201004,3.056
srb,20201005,2.911
srb,20201006,2.765
srb,20201007,2.911
srb,20201008,3.056
srb,20201009,3.056
srb,20201010,3.202
srb,20201011,2.911
srb,20201012,2.911
srb,20201013,3.202
srb,20201014,3.202
srb,20201015,3.638
srb,20201016,3.347
srb,20201017,3.202
srb,20201018,3.493
srb,20201019,3.493
srb,20201020,3.638
srb,20201021,3.929
srb,20201022,3.493
srb,20201023,3.493
srb,20201024,3.347
srb,20201025,3.784
srb,20201026,5.676
srb,20201027,5.53
srb,20201028,5.676
srb,20201029,6.403
srb,20201030,6.84
srb,20201031,7.422
srb,20201101,7.567
srb,20201102,7.422
srb,20201103,7.131
srb,20201104,7.713
srb,20201105,8.295
srb,20201106,10.769
srb,20201107,11.206
srb,20201108,15.426
srb,20201109,17.318
srb,20201110,18.336
srb,20201111,20.81
srb,20201112,21.975
srb,20201113,22.993
srb,20201114,23.721
srb,20201115,23.867
srb,20201116,23.43
srb,20201117,26.049
srb,20201118,26.486
srb,20201119,27.068
srb,20201120,27.941
srb,20201121,30.415
srb,20201122,30.852
srb,20201123,31.434
srb,20201124,32.744
srb,20201125,32.453
srb,20201126,35.363
srb,20201127,35.654
srb,20201128,36.964
srb,20201129,36.673
srb,20201130,36.818
srb,20201201,39.147
srb,20201202,39.292
srb,20201203,41.912
srb,20201204,39.292
srb,20201205,40.602
srb,20201206,40.457
srb,20201207,41.184
srb,20201208,42.057
srb,20201209,46.423
srb,20201210,47.005
srb,20201211,46.423
srb,20201212,46.278
srb,20201213,48.17
srb,20201214,48.606
srb,20201215,45.405
srb,20201216,48.461
srb,20201217,51.371
srb,20201218,50.789
srb,20201219,47.442
srb,20201220,45.696
srb,20201221,48.024
srb,20201222,45.55
srb,20201223,44.968
srb,20201224,45.405
srb,20201225,43.658
srb,20201226,42.931
srb,20201227,44.386
srb,20201228,41.912
srb,20201229,41.184
srb,20201230,39.147
srb,20201231,39.438
srb,20210101,41.184
srb,20210102,40.166
srb,20210103,38.565
srb,20210104,37.692
srb,20210105,35.218
srb,20210106,34.053
srb,20210107,33.326
srb,20210108,31.288
srb,20210109,30.124
srb,20210110,29.251
srb,20210111,28.232
srb,20210112,27.505
srb,20210113,27.505
srb,20210114,28.378
srb,20210115,28.523
srb,20210116,29.251
srb,20210117,28.96
srb,20210118,26.486
srb,20210119,24.885
srb,20210120,25.467
srb,20210121,24.158
srb,20210122,23.43
srb,20210123,24.012
srb,20210124,25.904
srb,20210125,25.613
srb,20210126,24.449
srb,20210127,23.867
srb,20210128,23.575
srb,20210129,22.993
srb,20210130,22.266
srb,20210131,20.81
srb,20210201,21.102
srb,20210202,20.228
srb,20210203,22.266
srb,20210204,20.083
srb,20210205,18.336
srb,20210206,18.773
srb,20210207,19.646
srb,20210208,18.628
srb,20210209,18.773
srb,20210210,19.501
srb,20210211,20.519
srb,20210212,18.773
srb,20210213,19.646
srb,20210214,19.501
srb,20210215,20.665
srb,20210216,20.228
srb,20210217,20.665
srb,20210218,21.538
srb,20210219,22.12
srb,20210220,22.266
srb,20210221,21.975
srb,20210222,22.266
srb,20210223,22.848
srb,20210224,22.12
srb,20210225,22.266
srb,20210226,23.139
srb,20210227,23.284
srb,20210228,23.575
srb,20210301,23.867
srb,20210302,24.449
srb,20210303,23.43
srb,20210304,25.176
srb,20210305,24.158
srb,20210306,24.594
srb,20210307,24.885
srb,20210308,25.613
srb,20210309,27.505
srb,20210310,30.852
srb,20210311,30.997
srb,20210312,30.27
srb,20210313,29.833
srb,20210314,30.124
srb,20210315,31.871
srb,20210316,30.706
srb,20210317,30.415
srb,20210318,32.307
srb,20210319,33.18
srb,20210320,33.471
srb,20210321,34.199
srb,20210322,34.345
srb,20210323,34.636
srb,20210324,35.363
srb,20210325,35.218
srb,20210326,35.072
srb,20210327,36.964
srb,20210328,39.147
srb,20210329,36.673
srb,20210330,40.166
srb,20210331,42.203
srb,20210401,42.349
srb,20210402,43.513
srb,20210403,43.222
srb,20210404,42.494
srb,20210405,41.039
srb,20210406,39.438
srb,20210407,38.856
srb,20210408,38.565
srb,20210409,38.419
srb,20210410,37.837
srb,20210411,38.71
srb,20210412,36.964
srb,20210413,35.945
srb,20210414,35.945
srb,20210415,37.692
srb,20210416,34.781
srb,20210417,33.18
srb,20210418,31.725
srb,20210419,31.579
srb,20210420,31.871
srb,20210421,33.18
srb,20210422,31.871
srb,20210423,30.124
srb,20210424,30.415
srb,20210425,29.397
srb,20210426,26.632
srb,20210427,24.885
srb,20210428,23.43
srb,20210429,24.885
srb,20210430,24.594
srb,20210501,23.284
srb,20210502,22.266
srb,20210503,20.519
srb,20210504,20.083
srb,20210505,21.102
srb,20210506,20.083
srb,20210507,19.064
srb,20210508,19.646
srb,20210509,19.937
srb,20210510,18.482
srb,20210511,16.736
srb,20210512,15.135
srb,20210513,14.262
srb,20210514,14.698
srb,20210515,14.116
srb,20210516,14.407
srb,20210517,13.534
srb,20210518,12.515
srb,20210519,11.642
srb,20210520,10.187
srb,20210521,9.75
srb,20210522,9.459
srb,20210523,9.605
srb,20210524,9.896
srb,20210525,8.441
srb,20210526,9.168
srb,20210527,8.877
srb,20210528,8.586
srb,20210529,8.004
srb,20210530,8.15
srb,20210531,6.694
srb,20210601,5.967
srb,20210602,5.53
srb,20210603,5.239
srb,20210604,4.22
srb,20210605,4.22
srb,20210606,3.784
srb,20210607,4.075
srb,20210608,3.493
srb,20210609,2.911
srb,20210610,2.911
srb,20210611,2.765
srb,20210612,3.202
srb,20210613,3.347
srb,20210614,3.493
srb,20210615,2.911
srb,20210616,2.765
srb,20210617,2.328
srb,20210618,2.765
srb,20210619,2.183
srb,20210620,2.328
srb,20210621,3.056
srb,20210622,2.619
srb,20210623,2.619
srb,20210624,2.328
srb,20210625,1.892
srb,20210626,1.601
srb,20210627,1.746
srb,20210628,1.892
srb,20210629,1.019
srb,20210630,1.746
srb,20210701,1.892
srb,20210702,1.601
srb,20210703,1.164
srb,20210704,1.31
srb,20210705,1.601
srb,20210706,1.746
srb,20210707,1.455
srb,20210708,1.455
srb,20210709,1.164
srb,20210710,0.873
srb,20210711,0.873
srb,20210712,0.582
srb,20210713,0.582
srb,20210714,0.582
srb,20210715,1.019
srb,20210716,0.873
srb,20210717,0.873
srb,20210718,1.164
srb,20210719,1.164
srb,20210720,1.019
srb,20210721,1.455
srb,20210722,1.601
srb,20210723,1.455
srb,20210724,1.31
srb,20210725,1.31
srb,20210726,1.601
srb,20210727,1.601
srb,20210728,1.601
srb,20210729,1.892
srb,20210730,1.601
srb,20210731,1.601
srb,20210801,1.164
srb,20210802,1.164
srb,20210803,1.31
srb,20210804,1.019
srb,20210805,1.455
srb,20210806,1.746
srb,20210807,2.037
srb,20210808,1.746
srb,20210809,2.183
srb,20210810,2.474
srb,20210811,2.911
srb,20210812,3.347
srb,20210813,3.638
srb,20210814,3.638
srb,20210815,3.929
srb,20210816,3.784
srb,20210817,3.784
srb,20210818,4.366
srb,20210819,4.075
srb,20210820,4.22
srb,20210821,4.366
srb,20210822,4.511
srb,20210823,5.676
srb,20210824,6.403
srb,20210825,7.567
srb,20210826,8.441
srb,20210827,9.459
srb,20210828,10.769
srb,20210829,12.079
srb,20210830,10.915
srb,20210831,11.642
srb,20210901,12.661
srb,20210902,11.497
srb,20210903,12.661
srb,20210904,13.534
srb,20210905,15.717
srb,20210906,16.008
srb,20210907,17.609
srb,20210908,17.609
srb,20210909,18.773
srb,20210910,18.628
srb,20210911,19.21
srb,20210912,20.083
srb,20210913,20.665
srb,20210914,22.702
srb,20210915,24.303
srb,20210916,22.702
srb,20210917,23.721
srb,20210918,25.758
srb,20210919,26.632
srb,20210920,26.341
srb,20210921,27.359
srb,20210922,28.378
srb,20210923,27.796
srb,20210924,29.251
srb,20210925,30.852
srb,20210926,31.579
srb,20210927,32.744
srb,20210928,36.527
srb,20210929,35.363
srb,20210930,35.072
srb,20211001,35.8
srb,20211002,36.818
srb,20211003,37.692
srb,20211004,37.255
srb,20211005,39.147
srb,20211006,40.457
srb,20211007,41.039
srb,20211008,40.602
srb,20211009,41.475
srb,20211010,39.438
srb,20211011,37.837
srb,20211012,39.147
srb,20211013,41.912
srb,20211014,41.621
srb,20211015,42.057
srb,20211016,40.457
srb,20211017,40.02
srb,20211018,40.602
srb,20211019,39.875
srb,20211020,39.729
srb,20211021,41.766
srb,20211022,40.457
srb,20211023,41.039
srb,20211024,42.057
srb,20211025,39.875
srb,20211026,38.856
srb,20211027,40.311
srb,20211028,40.02
srb,20211029,40.311
srb,20211030,41.039
srb,20211031,40.893
srb,20211101,42.203
srb,20211102,41.039
srb,20211103,40.602
srb,20211104,40.311
srb,20211105,39.292
srb,20211106,39.584
srb,20211107,38.71
srb,20211108,39.292
srb,20211109,40.311
srb,20211110,40.311
srb,20211111,40.893
srb,20211112,40.166
srb,20211113,39.875
srb,20211114,40.02
srb,20211115,38.71
srb,20211116,38.856
srb,20211117,36.964
srb,20211118,37.692
srb,20211119,34.927
srb,20211120,33.18
srb,20211121,31.725
srb,20211122,30.997
srb,20211123,29.251
srb,20211124,29.833
srb,20211125,30.561
srb,20211126,29.979
srb,20211127,30.852
srb,20211128,30.415
srb,20211129,29.542
srb,20211130,28.96
srb,20211201,27.796
srb,20211202,25.758
srb,20211203,25.031
srb,20211204,23.867
srb,20211205,24.012
srb,20211206,25.904
srb,20211207,26.195
srb,20211208,28.232
srb,20211209,28.669
srb,20211210,27.214
srb,20211211,26.049
srb,20211212,25.758
srb,20211213,24.449
srb,20211214,21.247
srb,20211215,20.956
srb,20211216,21.538
srb,20211217,20.374
srb,20211218,19.646
srb,20211219,18.191
srb,20211220,17.609
srb,20211221,15.717
srb,20211222,14.989
srb,20211223,15.135
srb,20211224,14.553
srb,20211225,14.844
srb,20211226,14.407
srb,20211227,12.224
srb,20211228,13.243
srb,20211229,12.952
srb,20211230,13.243
srb,20211231,12.079
srb,20220101,12.661
srb,20220102,12.952
srb,20220103,12.661
srb,20220104,11.497
srb,20220105,10.769
srb,20220106,11.497
srb,20220107,12.224
srb,20220108,12.079
srb,20220109,11.788
srb,20220110,12.661
srb,20220111,12.515
srb,20220112,12.37
srb,20220113,13.971
srb,20220114,14.989
srb,20220115,12.806
srb,20220116,14.407
srb,20220117,14.844
srb,20220118,15.863
srb,20220119,16.299
srb,20220120,17.027
srb,20220121,16.445
srb,20220122,16.445
srb,20220123,16.736
srb,20220124,17.318
srb,20220125,19.064
srb,20220126,20.083
srb,20220127,20.665
srb,20220128,20.81
srb,20220129,21.102
srb,20220130,21.975
srb,20220131,21.393
srb,20220201,21.538
srb,20220202,24.158
srb,20220203,21.829
srb,20220204,21.975
srb,20220205,22.266
srb,20220206,22.411
srb,20220207,23.867
srb,20220208,24.449
srb,20220209,25.322
srb,20220210,26.341
srb,20220211,27.65
srb,20220212,27.796
srb,20220213,27.505
srb,20220214,27.65
srb,20220215,25.176
srb,20220216,24.012
srb,20220217,21.247
srb,20220218,20.083
srb,20220219,20.81
srb,20220220,19.937
srb,20220221,19.792
srb,20220222,19.21
srb,20220223,18.773
srb,20220224,16.736
srb,20220225,15.571
srb,20220226,15.863
srb,20220227,16.008
srb,20220228,15.135
srb,20220301,15.28
srb,20220302,15.28
srb,20220303,14.553
srb,20220304,14.553
srb,20220305,14.989
srb,20220306,13.68
srb,20220307,12.079
srb,20220308,11.206
srb,20220309,10.624
srb,20220310,10.769
srb,20220311,10.915
srb,20220312,10.915
srb,20220313,9.75
srb,20220314,9.168
srb,20220315,9.605
srb,20220316,8.15
srb,20220317,6.84
srb,20220318,6.84
srb,20220319,6.694
srb,20220320,6.112
srb,20220321,6.549
srb,20220322,7.422
srb,20220323,6.258
srb,20220324,5.676
srb,20220325,6.112
srb,20220326,5.676
srb,20220327,5.53
srb,20220328,5.967
srb,20220329,5.385
srb,20220330,5.53
srb,20220331,6.112
srb,20220401,5.821
srb,20220402,4.657
srb,20220403,4.366
srb,20220404,4.802
srb,20220405,4.075
srb,20220406,3.929
srb,20220407,3.638
srb,20220408,3.784
srb,20220409,4.075
srb,20220410,4.075
srb,20220411,3.638
srb,20220412,3.347
srb,20220413,3.784
srb,20220414,3.493
srb,20220415,3.493
srb,20220416,3.638
srb,20220417,3.202
srb,20220418,2.911
srb,20220419,3.202
srb,20220420,3.202
srb,20220421,3.784
srb,20220422,3.493
srb,20220423,3.638
srb,20220424,3.929
srb,20220425,4.366
srb,20220426,3.929
srb,20220427,3.784
srb,20220428,3.638
srb,20220429,3.784
srb,20220430,3.347
srb,20220501,3.638
srb,20220502,3.056
srb,20220503,3.347
srb,20220504,3.056
srb,20220505,3.347
srb,20220506,3.202
srb,20220507,3.493
srb,20220508,2.911
srb,20220509,2.328
srb,20220510,2.619
srb,20220511,2.619
srb,20220512,2.037
srb,20220513,2.183
srb,20220514,2.037
srb,20220515,1.746
srb,20220516,2.328
srb,20220517,1.892
srb,20220518,1.601
srb,20220519,1.455
srb,20220520,1.31
srb,20220521,1.164
srb,20220522,1.455
srb,20220523,1.164
srb,20220524,1.31
srb,20220525,1.31
srb,20220526,1.455
srb,20220527,1.31
srb,20220528,1.601
srb,20220529,1.892
srb,20220530,1.746
srb,20220531,1.455
srb,20220601,1.455
srb,20220602,1.455
srb,20220603,1.455
srb,20220604,1.601
srb,20220605,1.455
srb,20220606,1.164
srb,20220607,1.455
srb,20220608,1.31
srb,20220609,1.601
srb,20220610,1.455
srb,20220611,1.164
srb,20220612,1.746
srb,20220613,1.455
srb,20220614,1.164
srb,20220615,1.019
srb,20220616,1.31
srb,20220617,1.455
srb,20220618,1.31
srb,20220619,1.455
srb,20220620,1.455
srb,20220621,1.019
srb,20220622,1.31
srb,20220623,1.019
srb,20220624,0.873
srb,20220625,0.873
srb,20220626,0.873
srb,20220627,1.019
srb,20220628,1.164
srb,20220629,1.019
srb,20220630,1.455
srb,20220701,1.164
srb,20220702,1.164
srb,20220703,1.019
srb,20220704,1.31
srb,20220705,1.455
srb,20220706,1.455
srb,20220707,2.183
srb,20220708,2.183
srb,20220709,1.164
srb,20220710,1.019
srb,20220711,1.164
srb,20220712,1.31
srb,20220713,1.31
srb,20220714,1.31
srb,20220715,1.164
srb,20220716,1.455
srb,20220717,1.601
srb,20220718,1.892
srb,20220719,2.619
srb,20220720,2.037
srb,20220721,2.765
srb,20220722,2.619
srb,20220723,2.037
srb,20220724,2.183
srb,20220725,2.619
srb,20220726,2.619
srb,20220727,2.619
srb,20220728,3.056
srb,20220729,3.202
srb,20220730,3.056
srb,20220731,3.056
srb,20220801,3.056
srb,20220802,3.347
srb,20220803,4.075
srb,20220804,5.093
srb,20220805,4.802
srb,20220806,4.511
srb,20220807,4.511
srb,20220808,4.511
srb,20220809,4.948
srb,20220810,4.366
srb,20220811,4.366
srb,20220812,3.638
srb,20220813,3.929
srb,20220814,4.366
srb,20220815,4.075
srb,20220816,4.075
srb,20220817,4.075
srb,20220818,4.802
srb,20220819,4.802
srb,20220820,4.657
srb,20220821,4.657
srb,20220822,4.802
srb,20220823,4.802
srb,20220824,4.802
srb,20220825,4.511
srb,20220826,4.948
srb,20220827,4.802
srb,20220828,4.511
srb,20220829,3.929
srb,20220830,3.638
srb,20220831,3.929
srb,20220901,4.075
srb,20220902,4.511
srb,20220903,4.075
srb,20220904,4.075
srb,20220905,4.075
srb,20220906,3.929
srb,20220907,3.638
srb,20220908,3.929
srb,20220909,3.784
srb,20220910,3.929
srb,20220911,3.493
srb,20220912,3.056
srb,20220913,3.056
srb,20220914,3.347
srb,20220915,3.202
srb,20220916,3.347
svk,20200308,0.367
svk,20200309,0.367
svk,20200310,0.367
svk,20200311,0.367
svk,20200312,0.551
svk,20200313,0.367
svk,20200314,0.367
svk,20200315,0.367
svk,20200316,0.367
svk,20200317,0.367
svk,20200318,0.367
svk,20200319,0.367
svk,20200320,0.367
svk,20200321,0.367
svk,20200322,0.367
svk,20200323,0.184
svk,20200324,0.184
svk,20200325,0.367
svk,20200326,0.367
svk,20200327,0.551
svk,20200328,0.551
svk,20200329,0.551
svk,20200330,0.551
svk,20200331,0.551
svk,20200401,0.734
svk,20200402,0.734
svk,20200403,0.734
svk,20200404,0.918
svk,20200405,0.918
svk,20200406,0.918
svk,20200407,1.285
svk,20200408,1.285
svk,20200409,0.918
svk,20200410,0.918
svk,20200411,1.285
svk,20200412,1.285
svk,20200413,1.469
svk,20200414,1.101
svk,20200415,0.918
svk,20200416,1.285
svk,20200417,1.285
svk,20200418,1.285
svk,20200419,1.285
svk,20200420,1.285
svk,20200421,1.469
svk,20200422,1.469
svk,20200423,1.652
svk,20200424,1.101
svk,20200425,0.918
svk,20200426,1.101
svk,20200427,0.918
svk,20200428,0.918
svk,20200429,0.734
svk,20200430,0.551
svk,20200501,0.551
svk,20200502,0.551
svk,20200503,0.551
svk,20200504,0.551
svk,20200505,0.551
svk,20200506,0.367
svk,20200507,0.367
svk,20200508,0.367
svk,20200509,0.367
svk,20200510,0.367
svk,20200511,0.367
svk,20200512,0.367
svk,20200513,0.184
svk,20200514,0.184
svk,20200515,0.184
svk,20200516,0.184
svk,20200517,0.184
svk,20200518,0.184
svk,20200519,0.184
svk,20200520,0.184
svk,20200521,0.184
svk,20200522,0.184
svk,20200523,0.184
svk,20200524,0.184
svk,20200525,0.184
svk,20200526,0.184
svk,20200527,0.184
svk,20200528,0.184
svk,20200529,0.184
svk,20200530,0.184
svk,20200531,0.184
svk,20200601,0.184
svk,20200602,0.184
svk,20200603,0.184
svk,20200604,0.184
svk,20200605,0.184
svk,20200606,0.184
svk,20200607,0.184
svk,20200611,0.184
svk,20200612,0.184
svk,20200613,0.184
svk,20200614,0.184
svk,20200615,0.184
svk,20200616,0.184
svk,20200617,0.184
svk,20200618,0.184
svk,20200619,0.184
svk,20200620,0.184
svk,20200621,0.184
svk,20200622,0.184
svk,20200623,0.184
svk,20200624,0.734
svk,20200625,0.734
svk,20200626,0.734
svk,20200627,0.734
svk,20200628,0.734
svk,20200629,0.551
svk,20200630,0.551
svk,20200701,0.551
svk,20200702,0.734
svk,20200703,0.734
svk,20200704,0.734
svk,20200705,0.734
svk,20200706,0.734
svk,20200707,0.734
svk,20200708,0.734
svk,20200709,0.551
svk,20200710,0.551
svk,20200711,0.551
svk,20200712,0.551
svk,20200713,0.551
svk,20200714,0.551
svk,20200715,0.551
svk,20200716,0.551
svk,20200717,0.551
svk,20200718,0.551
svk,20200719,0.551
svk,20200720,0.551
svk,20200721,0.551
svk,20200722,0.551
svk,20200723,0.551
svk,20200724,0.551
svk,20200725,0.551
svk,20200726,0.551
svk,20200727,0.734
svk,20200728,0.551
svk,20200729,0.551
svk,20200730,0.551
svk,20200731,0.551
svk,20200801,0.551
svk,20200802,0.551
svk,20200803,0.367
svk,20200804,0.734
svk,20200805,0.734
svk,20200806,0.918
svk,20200807,1.101
svk,20200808,0.918
svk,20200809,0.918
svk,20200810,0.918
svk,20200811,1.652
svk,20200812,2.203
svk,20200813,2.57
svk,20200814,2.57
svk,20200815,2.57
svk,20200816,2.57
svk,20200817,2.57
svk,20200818,2.019
svk,20200819,2.386
svk,20200820,1.652
svk,20200821,1.836
svk,20200822,1.836
svk,20200823,2.203
svk,20200824,2.753
svk,20200825,2.57
svk,20200826,2.019
svk,20200827,2.753
svk,20200828,3.855
svk,20200829,4.222
svk,20200830,4.222
svk,20200831,4.038
svk,20200901,4.038
svk,20200902,3.855
svk,20200903,4.038
svk,20200904,4.406
svk,20200905,4.222
svk,20200906,4.222
svk,20200907,4.406
svk,20200908,4.222
svk,20200909,4.406
svk,20200910,4.589
svk,20200911,4.773
svk,20200912,4.589
svk,20200913,4.773
svk,20200914,4.589
svk,20200915,4.038
svk,20200916,4.222
svk,20200917,4.222
svk,20200918,3.671
svk,20200919,3.671
svk,20200920,3.671
svk,20200921,3.121
svk,20200922,4.038
svk,20200923,4.222
svk,20200924,5.507
svk,20200925,5.691
svk,20200926,6.241
svk,20200927,6.425
svk,20200928,6.608
svk,20200929,6.608
svk,20200930,7.343
svk,20201001,7.71
svk,20201002,7.71
svk,20201003,8.077
svk,20201004,8.077
svk,20201005,8.995
svk,20201006,7.71
svk,20201007,8.26
svk,20201008,9.545
svk,20201009,9.545
svk,20201010,10.647
svk,20201011,10.83
svk,20201012,12.666
svk,20201013,12.85
svk,20201014,13.767
svk,20201015,13.584
svk,20201016,14.502
svk,20201017,15.787
svk,20201018,15.97
svk,20201019,15.052
svk,20201020,15.787
svk,20201021,16.154
svk,20201022,16.888
svk,20201023,19.274
svk,20201024,20.743
svk,20201025,22.762
svk,20201026,22.579
svk,20201027,24.231
svk,20201028,26.801
svk,20201029,26.617
svk,20201030,23.864
svk,20201031,22.579
svk,20201101,22.946
svk,20201102,24.047
svk,20201103,22.946
svk,20201104,23.496
svk,20201105,24.231
svk,20201106,25.149
svk,20201107,26.434
svk,20201108,26.801
svk,20201109,26.801
svk,20201110,27.168
svk,20201111,26.066
svk,20201112,25.516
svk,20201113,24.414
svk,20201114,27.168
svk,20201115,26.25
svk,20201116,25.516
svk,20201117,25.149
svk,20201118,25.699
svk,20201119,24.781
svk,20201120,24.965
svk,20201121,25.332
svk,20201122,26.801
svk,20201123,26.25
svk,20201124,27.351
svk,20201125,25.332
svk,20201126,26.066
svk,20201127,26.25
svk,20201128,28.269
svk,20201129,27.902
svk,20201130,26.801
svk,20201201,28.269
svk,20201202,28.453
svk,20201203,28.636
svk,20201204,29.187
svk,20201205,29.003
svk,20201206,29.187
svk,20201207,28.453
svk,20201208,29.003
svk,20201209,28.636
svk,20201210,29.187
svk,20201211,29.921
svk,20201212,29.921
svk,20201213,31.206
svk,20201214,30.839
svk,20201215,29.738
svk,20201216,31.757
svk,20201217,31.757
svk,20201218,32.124
svk,20201219,34.143
svk,20201220,34.694
svk,20201221,35.795
svk,20201222,35.795
svk,20201223,34.143
svk,20201224,34.878
svk,20201225,36.163
svk,20201226,37.08
svk,20201227,40.017
svk,20201228,40.017
svk,20201229,40.752
svk,20201230,42.037
svk,20201231,43.505
svk,20210101,44.974
svk,20210102,44.79
svk,20210103,45.708
svk,20210104,46.075
svk,20210105,46.442
svk,20210106,50.114
svk,20210107,49.012
svk,20210108,48.278
svk,20210109,49.196
svk,20210110,50.114
svk,20210111,50.664
svk,20210112,50.114
svk,20210113,50.297
svk,20210114,52.316
svk,20210115,54.152
svk,20210116,55.07
svk,20210117,55.621
svk,20210118,56.538
svk,20210119,55.988
svk,20210120,60.393
svk,20210121,60.76
svk,20210122,59.659
svk,20210123,59.843
svk,20210124,61.862
svk,20210125,61.862
svk,20210126,61.862
svk,20210127,59.843
svk,20210128,60.21
svk,20210129,62.963
svk,20210130,62.413
svk,20210131,60.577
svk,20210201,62.413
svk,20210202,61.495
svk,20210203,63.698
svk,20210204,65.533
svk,20210205,66.084
svk,20210206,67.002
svk,20210207,68.287
svk,20210208,68.47
svk,20210209,69.021
svk,20210210,69.939
svk,20210211,72.142
svk,20210212,75.996
svk,20210213,76.914
svk,20210214,78.934
svk,20210215,80.769
svk,20210216,85.542
svk,20210217,86.093
svk,20210218,92.517
svk,20210219,91.6
svk,20210220,90.131
svk,20210221,91.6
svk,20210222,91.783
svk,20210223,91.232
svk,20210224,94.904
svk,20210225,91.6
svk,20210226,93.435
svk,20210227,116.197
svk,20210228,107.203
svk,20210301,104.816
svk,20210302,104.449
svk,20210303,105.734
svk,20210304,108.488
svk,20210305,108.855
svk,20210306,110.874
svk,20210307,112.893
svk,20210308,108.855
svk,20210309,107.203
svk,20210310,105.184
svk,20210311,105.551
svk,20210312,105.184
svk,20210313,108.855
svk,20210314,111.792
svk,20210315,110.69
svk,20210316,112.893
svk,20210317,109.773
svk,20210318,109.406
svk,20210319,104.266
svk,20210320,107.57
svk,20210321,107.57
svk,20210322,103.715
svk,20210323,102.246
svk,20210324,102.614
svk,20210325,101.512
svk,20210326,98.942
svk,20210327,98.392
svk,20210328,98.024
svk,20210329,93.068
svk,20210330,96.189
svk,20210331,92.517
svk,20210401,92.15
svk,20210402,97.29
svk,20210403,97.29
svk,20210404,96.556
svk,20210405,95.087
svk,20210406,93.435
svk,20210407,89.213
svk,20210408,86.46
svk,20210409,83.706
svk,20210410,85.909
svk,20210411,84.624
svk,20210412,78.383
svk,20210413,78.566
svk,20210414,75.996
svk,20210415,72.325
svk,20210416,69.021
svk,20210417,70.489
svk,20210418,67.369
svk,20210419,65.717
svk,20210420,63.698
svk,20210421,64.248
svk,20210422,62.596
svk,20210423,58.374
svk,20210424,60.21
svk,20210425,58.925
svk,20210426,56.538
svk,20210427,57.456
svk,20210428,54.152
svk,20210429,51.949
svk,20210430,52.316
svk,20210501,52.316
svk,20210502,52.5
svk,20210503,52.316
svk,20210504,47.727
svk,20210505,46.442
svk,20210506,45.341
svk,20210507,43.689
svk,20210508,45.157
svk,20210509,44.239
svk,20210510,40.752
svk,20210511,39.65
svk,20210512,36.713
svk,20210513,34.694
svk,20210514,33.96
svk,20210515,34.143
svk,20210516,33.226
svk,20210517,31.573
svk,20210518,30.656
svk,20210519,28.82
svk,20210520,28.086
svk,20210521,26.801
svk,20210522,26.066
svk,20210523,26.066
svk,20210524,24.781
svk,20210525,23.496
svk,20210526,22.028
svk,20210527,20.559
svk,20210528,19.274
svk,20210529,17.806
svk,20210530,17.622
svk,20210531,17.439
svk,20210601,16.888
svk,20210602,15.603
svk,20210603,15.236
svk,20210604,13.951
svk,20210605,12.85
svk,20210606,12.85
svk,20210607,12.85
svk,20210608,11.932
svk,20210609,12.483
svk,20210610,11.748
svk,20210611,11.381
svk,20210612,12.85
svk,20210613,13.584
svk,20210614,12.666
svk,20210615,12.115
svk,20210616,12.115
svk,20210617,10.83
svk,20210618,9.362
svk,20210619,9.729
svk,20210620,9.545
svk,20210621,8.444
svk,20210622,9.545
svk,20210623,9.362
svk,20210624,9.362
svk,20210625,8.628
svk,20210626,9.362
svk,20210627,8.995
svk,20210628,9.178
svk,20210629,9.729
svk,20210630,9.729
svk,20210701,9.362
svk,20210702,8.628
svk,20210703,8.444
svk,20210704,8.811
svk,20210705,8.077
svk,20210706,7.526
svk,20210707,6.976
svk,20210708,6.792
svk,20210709,6.241
svk,20210710,6.058
svk,20210711,5.874
svk,20210712,5.323
svk,20210713,4.589
svk,20210714,4.773
svk,20210715,4.589
svk,20210716,4.956
svk,20210717,4.956
svk,20210718,4.956
svk,20210719,5.14
svk,20210720,5.14
svk,20210721,5.14
svk,20210722,5.323
svk,20210723,5.507
svk,20210724,5.691
svk,20210725,5.874
svk,20210726,5.507
svk,20210727,5.14
svk,20210728,5.323
svk,20210729,5.507
svk,20210730,5.323
svk,20210731,5.507
svk,20210801,5.323
svk,20210802,4.956
svk,20210803,5.14
svk,20210804,4.773
svk,20210805,4.406
svk,20210806,4.773
svk,20210807,4.956
svk,20210808,4.956
svk,20210809,5.14
svk,20210810,5.14
svk,20210811,5.323
svk,20210812,5.507
svk,20210813,5.323
svk,20210814,5.874
svk,20210815,6.241
svk,20210816,6.241
svk,20210817,6.792
svk,20210818,6.792
svk,20210819,6.976
svk,20210820,4.589
svk,20210821,4.589
svk,20210822,4.956
svk,20210823,4.222
svk,20210824,3.304
svk,20210825,2.937
svk,20210826,3.121
svk,20210827,3.121
svk,20210828,3.671
svk,20210829,4.406
svk,20210830,4.589
svk,20210831,4.773
svk,20210901,5.14
svk,20210902,6.058
svk,20210903,6.241
svk,20210904,6.425
svk,20210905,7.159
svk,20210906,7.526
svk,20210907,7.71
svk,20210908,8.077
svk,20210909,8.444
svk,20210910,8.811
svk,20210911,8.628
svk,20210912,8.26
svk,20210913,8.444
svk,20210914,9.178
svk,20210915,9.729
svk,20210916,9.362
svk,20210917,12.299
svk,20210918,14.135
svk,20210919,15.052
svk,20210920,14.869
svk,20210921,18.54
svk,20210922,19.091
svk,20210923,18.54
svk,20210924,18.724
svk,20210925,19.091
svk,20210926,19.825
svk,20210927,19.091
svk,20210928,20.559
svk,20210929,21.844
svk,20210930,22.212
svk,20211001,24.047
svk,20211002,24.598
svk,20211003,25.699
svk,20211004,27.168
svk,20211005,28.086
svk,20211006,28.636
svk,20211007,29.187
svk,20211008,33.042
svk,20211009,34.51
svk,20211010,35.428
svk,20211011,34.327
svk,20211012,32.675
svk,20211013,34.694
svk,20211014,35.428
svk,20211015,35.061
svk,20211016,37.631
svk,20211017,37.815
svk,20211018,37.998
svk,20211019,37.815
svk,20211020,39.1
svk,20211021,41.853
svk,20211022,37.998
svk,20211023,41.486
svk,20211024,41.119
svk,20211025,40.017
svk,20211026,44.974
svk,20211027,46.075
svk,20211028,52.5
svk,20211029,62.413
svk,20211030,59.108
svk,20211031,60.944
svk,20211101,62.045
svk,20211102,61.862
svk,20211103,63.698
svk,20211104,69.388
svk,20211105,75.079
svk,20211106,82.421
svk,20211107,82.788
svk,20211108,80.035
svk,20211109,83.89
svk,20211110,85.175
svk,20211111,89.948
svk,20211112,91.6
svk,20211113,98.024
svk,20211114,96.556
svk,20211115,95.454
svk,20211116,98.759
svk,20211117,101.329
svk,20211118,97.841
svk,20211119,100.961
svk,20211120,104.266
svk,20211121,103.348
svk,20211122,101.696
svk,20211123,104.082
svk,20211124,102.43
svk,20211125,100.227
svk,20211126,100.961
svk,20211127,107.57
svk,20211128,111.425
svk,20211129,110.69
svk,20211130,110.14
svk,20211201,109.406
svk,20211202,115.83
svk,20211203,115.83
svk,20211204,114.178
svk,20211205,115.463
svk,20211206,111.975
svk,20211207,107.57
svk,20211208,106.836
svk,20211209,103.899
svk,20211210,101.879
svk,20211211,104.816
svk,20211212,106.285
svk,20211213,103.164
svk,20211214,103.531
svk,20211215,102.246
svk,20211216,97.657
svk,20211217,97.474
svk,20211218,97.474
svk,20211219,93.068
svk,20211220,88.846
svk,20211221,88.846
svk,20211222,86.093
svk,20211223,82.605
svk,20211224,86.46
svk,20211225,86.46
svk,20211226,85.358
svk,20211227,83.523
svk,20211228,83.706
svk,20211229,80.402
svk,20211230,80.035
svk,20211231,75.813
svk,20220101,78.199
svk,20220102,78.199
svk,20220103,76.18
svk,20220104,73.794
svk,20220105,69.021
svk,20220106,71.591
svk,20220107,68.47
svk,20220108,69.755
svk,20220109,69.388
svk,20220110,67.369
svk,20220111,63.881
svk,20220112,63.881
svk,20220113,61.678
svk,20220114,60.393
svk,20220115,58.007
svk,20220116,56.538
svk,20220117,53.234
svk,20220118,50.297
svk,20220119,51.031
svk,20220120,47.544
svk,20220121,48.094
svk,20220122,48.278
svk,20220123,46.993
svk,20220124,46.626
svk,20220125,45.708
svk,20220126,44.79
svk,20220127,42.22
svk,20220128,43.322
svk,20220129,44.239
svk,20220130,45.524
svk,20220131,43.322
svk,20220201,42.955
svk,20220202,41.302
svk,20220203,41.67
svk,20220204,41.486
svk,20220205,44.423
svk,20220206,45.708
svk,20220207,45.892
svk,20220208,44.607
svk,20220209,43.505
svk,20220210,44.607
svk,20220211,44.239
svk,20220212,48.462
svk,20220213,48.278
svk,20220214,48.645
svk,20220215,47.727
svk,20220216,49.379
svk,20220217,47.727
svk,20220218,47.177
svk,20220219,48.829
svk,20220220,50.481
svk,20220221,49.93
svk,20220222,49.93
svk,20220223,47.177
svk,20220224,44.974
svk,20220225,43.689
svk,20220226,44.423
svk,20220227,44.79
svk,20220228,43.872
svk,20220301,43.689
svk,20220302,43.138
svk,20220303,42.955
svk,20220304,39.65
svk,20220305,40.201
svk,20220306,38.916
svk,20220307,40.017
svk,20220308,40.201
svk,20220309,41.302
svk,20220310,41.302
svk,20220311,42.587
svk,20220312,44.239
svk,20220313,44.056
svk,20220314,42.955
svk,20220315,43.138
svk,20220316,39.834
svk,20220317,39.467
svk,20220318,37.08
svk,20220319,37.815
svk,20220320,37.264
svk,20220321,38.365
svk,20220322,34.694
svk,20220323,36.346
svk,20220324,34.327
svk,20220325,33.409
svk,20220326,34.143
svk,20220327,34.878
svk,20220328,35.061
svk,20220329,35.979
svk,20220330,35.428
svk,20220331,33.593
svk,20220401,32.491
svk,20220402,32.675
svk,20220403,31.941
svk,20220404,31.941
svk,20220405,30.288
svk,20220406,27.719
svk,20220407,24.965
svk,20220408,24.414
svk,20220409,23.864
svk,20220410,24.598
svk,20220411,23.129
svk,20220412,22.946
svk,20220413,20.559
svk,20220414,18.724
svk,20220415,17.072
svk,20220416,18.357
svk,20220417,18.907
svk,20220418,19.274
svk,20220419,18.907
svk,20220420,18.173
svk,20220421,17.072
svk,20220422,15.42
svk,20220423,15.97
svk,20220424,15.052
svk,20220425,13.584
svk,20220426,14.502
svk,20220427,13.217
svk,20220428,13.217
svk,20220429,12.483
svk,20220430,10.83
svk,20220501,12.115
svk,20220502,11.014
svk,20220503,10.28
svk,20220504,9.729
svk,20220505,8.077
svk,20220506,8.077
svk,20220507,7.893
svk,20220508,7.71
svk,20220509,6.976
svk,20220510,6.792
svk,20220511,6.792
svk,20220512,6.608
svk,20220513,6.608
svk,20220514,6.608
svk,20220515,6.241
svk,20220516,6.792
svk,20220517,6.425
svk,20220518,6.241
svk,20220519,6.241
svk,20220520,5.691
svk,20220521,5.691
svk,20220522,5.874
svk,20220523,5.874
svk,20220524,5.691
svk,20220525,5.691
svk,20220526,5.691
svk,20220527,5.507
svk,20220528,5.507
svk,20220529,5.507
svk,20220530,5.14
svk,20220531,4.773
svk,20220601,4.773
svk,20220602,4.773
svk,20220603,4.038
svk,20220604,4.222
svk,20220605,4.222
svk,20220606,3.855
svk,20220607,2.57
svk,20220608,2.019
svk,20220609,2.019
svk,20220610,2.019
svk,20220611,2.019
svk,20220612,2.019
svk,20220613,2.019
svk,20220614,2.019
svk,20220615,1.836
svk,20220616,1.469
svk,20220617,1.285
svk,20220618,1.101
svk,20220619,1.101
svk,20220620,1.101
svk,20220621,1.469
svk,20220622,1.652
svk,20220623,1.652
svk,20220624,1.469
svk,20220625,1.285
svk,20220626,1.469
svk,20220627,2.019
svk,20220628,2.57
svk,20220629,2.57
svk,20220630,2.57
svk,20220701,2.57
svk,20220702,2.753
svk,20220703,3.304
svk,20220704,4.038
svk,20220705,3.855
svk,20220706,3.304
svk,20220707,3.304
svk,20220708,4.406
svk,20220709,4.773
svk,20220710,5.14
svk,20220711,4.956
svk,20220712,5.507
svk,20220713,5.874
svk,20220714,5.507
svk,20220715,4.589
svk,20220716,5.691
svk,20220717,5.691
svk,20220718,5.323
svk,20220719,5.874
svk,20220720,5.323
svk,20220721,5.323
svk,20220722,6.058
svk,20220723,6.241
svk,20220724,6.792
svk,20220725,6.241
svk,20220726,7.159
svk,20220727,7.343
svk,20220728,7.71
svk,20220729,7.343
svk,20220730,7.526
svk,20220731,7.526
svk,20220801,8.077
svk,20220802,7.526
svk,20220803,8.444
svk,20220804,8.26
svk,20220805,7.526
svk,20220806,7.343
svk,20220807,7.526
svk,20220808,6.792
svk,20220809,5.323
svk,20220810,5.14
svk,20220811,5.691
svk,20220812,5.507
svk,20220813,5.507
svk,20220814,6.058
svk,20220815,5.323
svk,20220816,5.507
svk,20220817,5.14
svk,20220818,4.956
svk,20220819,6.058
svk,20220820,6.792
svk,20220821,6.425
svk,20220822,6.608
svk,20220823,6.976
svk,20220824,6.792
svk,20220825,6.608
svk,20220826,6.241
svk,20220827,6.058
svk,20220828,5.874
svk,20220829,5.874
svk,20220830,5.507
svk,20220831,4.956
svk,20220901,5.14
svk,20220902,4.589
svk,20220903,4.406
svk,20220904,4.773
svk,20220905,5.14
svk,20220906,4.956
svk,20220907,4.589
svk,20220908,4.956
svk,20220909,5.14
svk,20220910,5.14
svk,20220911,5.14
svn,20200310,0.472
svn,20200311,0.472
svn,20200312,0.944
svn,20200313,1.887
svn,20200314,1.887
svn,20200315,1.415
svn,20200316,2.359
svn,20200317,2.359
svn,20200318,2.359
svn,20200319,3.303
svn,20200320,3.775
svn,20200321,3.775
svn,20200322,5.19
svn,20200323,4.718
svn,20200324,5.19
svn,20200325,6.606
svn,20200326,7.549
svn,20200327,10.38
svn,20200328,10.852
svn,20200329,11.324
svn,20200330,13.683
svn,20200331,13.211
svn,20200401,14.627
svn,20200402,14.155
svn,20200403,14.155
svn,20200404,15.099
svn,20200405,14.627
svn,20200406,14.155
svn,20200407,15.099
svn,20200408,16.514
svn,20200409,16.042
svn,20200410,16.986
svn,20200411,16.514
svn,20200412,16.514
svn,20200413,15.57
svn,20200414,16.514
svn,20200415,16.042
svn,20200416,14.155
svn,20200417,13.211
svn,20200418,12.739
svn,20200419,12.268
svn,20200420,12.268
svn,20200421,11.796
svn,20200422,11.324
svn,20200423,10.852
svn,20200424,10.852
svn,20200425,10.852
svn,20200426,10.852
svn,20200427,10.38
svn,20200428,10.852
svn,20200429,10.38
svn,20200430,10.38
svn,20200501,9.908
svn,20200502,9.908
svn,20200503,9.437
svn,20200504,9.437
svn,20200505,7.549
svn,20200506,6.606
svn,20200507,6.134
svn,20200508,5.19
svn,20200509,4.718
svn,20200510,4.718
svn,20200511,4.718
svn,20200512,4.246
svn,20200513,4.246
svn,20200514,3.303
svn,20200515,3.303
svn,20200516,2.831
svn,20200517,2.359
svn,20200518,2.359
svn,20200519,2.359
svn,20200520,1.887
svn,20200521,1.415
svn,20200522,1.887
svn,20200523,1.415
svn,20200524,1.415
svn,20200525,1.415
svn,20200526,0.944
svn,20200527,0.944
svn,20200528,0.944
svn,20200529,0.944
svn,20200530,0.944
svn,20200531,0.944
svn,20200601,0.472
svn,20200602,0.472
svn,20200603,0
svn,20200604,0
svn,20200605,0
svn,20200606,0
svn,20200607,0
svn,20200608,0
svn,20200609,0
svn,20200610,0
svn,20200611,0
svn,20200612,0
svn,20200613,0
svn,20200614,0
svn,20200615,0.472
svn,20200616,0.472
svn,20200617,0.472
svn,20200618,0.472
svn,20200619,0.472
svn,20200620,0.472
svn,20200621,0.472
svn,20200622,0.472
svn,20200623,0.472
svn,20200624,0.944
svn,20200625,0.944
svn,20200626,0.472
svn,20200627,0
svn,20200628,0
svn,20200629,0
svn,20200630,0
svn,20200701,0
svn,20200702,0
svn,20200703,0
svn,20200704,0
svn,20200705,0
svn,20200706,0
svn,20200707,0
svn,20200708,0
svn,20200709,0
svn,20200710,0
svn,20200711,0
svn,20200712,0.472
svn,20200713,0.472
svn,20200714,0.472
svn,20200715,0.944
svn,20200716,0.472
svn,20200717,0.472
svn,20200718,0.944
svn,20200719,1.415
svn,20200720,1.415
svn,20200721,1.415
svn,20200722,0.944
svn,20200723,0.944
svn,20200724,0.944
svn,20200725,1.887
svn,20200726,1.887
svn,20200727,1.415
svn,20200728,1.415
svn,20200729,1.887
svn,20200730,2.359
svn,20200731,2.359
svn,20200801,2.359
svn,20200802,0.944
svn,20200803,0.472
svn,20200804,0.944
svn,20200805,1.415
svn,20200806,1.415
svn,20200807,1.887
svn,20200808,1.415
svn,20200809,1.415
svn,20200810,1.415
svn,20200811,0.944
svn,20200812,0.944
svn,20200813,1.415
svn,20200814,1.415
svn,20200815,1.415
svn,20200816,1.415
svn,20200817,1.415
svn,20200818,1.415
svn,20200819,1.415
svn,20200820,0.944
svn,20200821,0
svn,20200822,0
svn,20200823,0
svn,20200824,0
svn,20200825,0
svn,20200826,0
svn,20200827,0.472
svn,20200828,0.472
svn,20200829,0.944
svn,20200830,1.415
svn,20200831,1.415
svn,20200901,1.415
svn,20200902,1.887
svn,20200903,1.887
svn,20200904,1.415
svn,20200905,1.415
svn,20200906,1.415
svn,20200907,1.887
svn,20200908,1.887
svn,20200909,1.887
svn,20200910,2.359
svn,20200911,2.831
svn,20200912,2.831
svn,20200913,3.303
svn,20200914,4.246
svn,20200915,4.718
svn,20200916,5.19
svn,20200917,5.19
svn,20200918,5.19
svn,20200919,4.718
svn,20200920,6.134
svn,20200921,7.077
svn,20200922,6.134
svn,20200923,4.718
svn,20200924,6.134
svn,20200925,7.077
svn,20200926,8.021
svn,20200927,8.021
svn,20200928,7.549
svn,20200929,7.549
svn,20200930,7.549
svn,20201001,7.077
svn,20201002,7.077
svn,20201003,7.077
svn,20201004,7.549
svn,20201005,9.908
svn,20201006,9.437
svn,20201007,10.38
svn,20201008,9.908
svn,20201009,10.852
svn,20201010,9.908
svn,20201011,12.739
svn,20201012,12.268
svn,20201013,14.627
svn,20201014,16.514
svn,20201015,18.873
svn,20201016,20.289
svn,20201017,20.76
svn,20201018,23.591
svn,20201019,26.422
svn,20201020,25.951
svn,20201021,25.951
svn,20201022,29.253
svn,20201023,30.669
svn,20201024,31.141
svn,20201025,34.444
svn,20201026,38.69
svn,20201027,41.521
svn,20201028,48.127
svn,20201029,53.789
svn,20201030,58.035
svn,20201031,58.035
svn,20201101,61.81
svn,20201102,66.056
svn,20201103,68.887
svn,20201104,73.134
svn,20201105,77.852
svn,20201106,77.852
svn,20201107,82.098
svn,20201108,82.57
svn,20201109,89.176
svn,20201110,91.063
svn,20201111,93.422
svn,20201112,91.063
svn,20201113,94.366
svn,20201114,94.838
svn,20201115,93.422
svn,20201116,96.725
svn,20201117,97.197
svn,20201118,97.669
svn,20201119,92.95
svn,20201120,92.007
svn,20201121,91.063
svn,20201122,92.007
svn,20201123,94.838
svn,20201124,95.31
svn,20201125,93.894
svn,20201126,97.197
svn,20201127,92.007
svn,20201128,88.232
svn,20201129,90.591
svn,20201130,94.838
svn,20201201,98.141
svn,20201202,92.95
svn,20201203,92.007
svn,20201204,92.95
svn,20201205,90.119
svn,20201206,91.535
svn,20201207,90.119
svn,20201208,89.176
svn,20201209,92.479
svn,20201210,88.232
svn,20201211,91.063
svn,20201212,89.176
svn,20201213,92.95
svn,20201214,96.725
svn,20201215,94.838
svn,20201216,96.253
svn,20201217,95.31
svn,20201218,96.253
svn,20201219,94.366
svn,20201220,93.894
svn,20201221,97.197
svn,20201222,97.669
svn,20201223,96.725
svn,20201224,98.141
svn,20201225,94.366
svn,20201226,97.669
svn,20201227,96.725
svn,20201228,95.781
svn,20201229,94.838
svn,20201230,96.725
svn,20201231,90.119
svn,20210101,86.817
svn,20210102,86.817
svn,20210103,87.76
svn,20210104,90.119
svn,20210105,86.817
svn,20210106,88.232
svn,20210107,88.232
svn,20210108,88.704
svn,20210109,89.176
svn,20210110,94.366
svn,20210111,92.95
svn,20210112,89.176
svn,20210113,94.838
svn,20210114,92.479
svn,20210115,91.535
svn,20210116,89.176
svn,20210117,88.232
svn,20210118,84.929
svn,20210119,86.817
svn,20210120,83.986
svn,20210121,85.401
svn,20210122,86.345
svn,20210123,87.288
svn,20210124,86.817
svn,20210125,88.704
svn,20210126,85.401
svn,20210127,79.267
svn,20210128,79.739
svn,20210129,79.267
svn,20210130,75.965
svn,20210131,77.852
svn,20210201,80.683
svn,20210202,79.267
svn,20210203,76.908
svn,20210204,77.852
svn,20210205,75.965
svn,20210206,73.605
svn,20210207,74.077
svn,20210208,75.493
svn,20210209,75.021
svn,20210210,73.605
svn,20210211,73.134
svn,20210212,72.19
svn,20210213,68.887
svn,20210214,64.641
svn,20210215,63.225
svn,20210216,59.451
svn,20210217,59.922
svn,20210218,54.732
svn,20210219,54.26
svn,20210220,51.429
svn,20210221,48.598
svn,20210222,49.07
svn,20210223,50.486
svn,20210224,49.07
svn,20210225,48.598
svn,20210226,43.88
svn,20210227,44.824
svn,20210228,43.88
svn,20210301,42.936
svn,20210302,40.106
svn,20210303,38.69
svn,20210304,40.106
svn,20210305,39.634
svn,20210306,41.521
svn,20210307,41.521
svn,20210308,42.936
svn,20210309,42.465
svn,20210310,42.936
svn,20210311,41.993
svn,20210312,39.162
svn,20210313,39.634
svn,20210314,39.162
svn,20210315,41.049
svn,20210316,39.634
svn,20210317,39.162
svn,20210318,40.106
svn,20210319,41.521
svn,20210320,41.521
svn,20210321,43.88
svn,20210322,45.296
svn,20210323,45.767
svn,20210324,46.239
svn,20210325,50.014
svn,20210326,50.014
svn,20210327,49.07
svn,20210328,49.07
svn,20210329,51.901
svn,20210330,48.127
svn,20210331,50.958
svn,20210401,50.014
svn,20210402,54.732
svn,20210403,58.035
svn,20210404,58.035
svn,20210405,59.451
svn,20210406,62.753
svn,20210407,61.81
svn,20210408,60.866
svn,20210409,65.112
svn,20210410,66.056
svn,20210411,65.584
svn,20210412,66.528
svn,20210413,68.415
svn,20210414,72.19
svn,20210415,70.303
svn,20210416,71.718
svn,20210417,70.774
svn,20210418,71.718
svn,20210419,73.134
svn,20210420,73.605
svn,20210421,72.19
svn,20210422,72.662
svn,20210423,74.077
svn,20210424,75.021
svn,20210425,73.605
svn,20210426,73.605
svn,20210427,75.493
svn,20210428,72.662
svn,20210429,72.19
svn,20210430,71.718
svn,20210501,71.718
svn,20210502,71.246
svn,20210503,69.831
svn,20210504,67.472
svn,20210505,66.056
svn,20210506,66.056
svn,20210507,66.528
svn,20210508,59.922
svn,20210509,60.866
svn,20210510,62.281
svn,20210511,61.81
svn,20210512,59.922
svn,20210513,58.035
svn,20210514,58.507
svn,20210515,57.091
svn,20210516,56.62
svn,20210517,57.563
svn,20210518,53.317
svn,20210519,52.373
svn,20210520,52.373
svn,20210521,50.014
svn,20210522,46.239
svn,20210523,46.711
svn,20210524,45.296
svn,20210525,43.408
svn,20210526,40.106
svn,20210527,37.746
svn,20210528,37.275
svn,20210529,35.859
svn,20210530,36.331
svn,20210531,34.444
svn,20210601,32.084
svn,20210602,29.725
svn,20210603,29.253
svn,20210604,28.782
svn,20210605,25.007
svn,20210606,23.12
svn,20210607,24.063
svn,20210608,24.063
svn,20210609,22.176
svn,20210610,22.648
svn,20210611,21.704
svn,20210612,19.817
svn,20210613,20.76
svn,20210614,19.817
svn,20210615,18.873
svn,20210616,17.93
svn,20210617,17.458
svn,20210618,18.401
svn,20210619,17.458
svn,20210620,17.458
svn,20210621,16.514
svn,20210622,15.57
svn,20210623,13.683
svn,20210624,13.211
svn,20210625,12.268
svn,20210626,10.852
svn,20210627,10.38
svn,20210628,10.38
svn,20210629,8.965
svn,20210630,7.549
svn,20210701,7.077
svn,20210702,7.077
svn,20210703,7.077
svn,20210704,7.549
svn,20210705,7.077
svn,20210706,6.606
svn,20210707,4.718
svn,20210708,4.246
svn,20210709,4.246
svn,20210710,4.246
svn,20210711,4.246
svn,20210712,4.246
svn,20210713,4.718
svn,20210714,4.718
svn,20210715,4.718
svn,20210716,4.718
svn,20210717,4.718
svn,20210718,4.718
svn,20210719,4.718
svn,20210720,4.246
svn,20210721,3.775
svn,20210722,3.303
svn,20210723,3.775
svn,20210724,3.775
svn,20210725,3.775
svn,20210726,3.775
svn,20210727,3.303
svn,20210728,3.303
svn,20210729,3.775
svn,20210730,4.246
svn,20210731,4.246
svn,20210801,3.775
svn,20210802,4.246
svn,20210803,4.246
svn,20210804,3.775
svn,20210805,3.775
svn,20210806,3.303
svn,20210807,3.775
svn,20210808,3.303
svn,20210809,3.303
svn,20210810,3.303
svn,20210811,3.303
svn,20210812,3.303
svn,20210813,2.831
svn,20210814,3.303
svn,20210815,3.775
svn,20210816,4.246
svn,20210817,4.718
svn,20210818,3.775
svn,20210819,4.246
svn,20210820,5.19
svn,20210821,6.606
svn,20210822,7.549
svn,20210823,8.021
svn,20210824,8.493
svn,20210825,8.493
svn,20210826,8.493
svn,20210827,9.437
svn,20210828,9.437
svn,20210829,9.908
svn,20210830,11.324
svn,20210831,13.683
svn,20210901,16.042
svn,20210902,18.401
svn,20210903,19.817
svn,20210904,19.817
svn,20210905,19.345
svn,20210906,22.176
svn,20210907,23.591
svn,20210908,27.366
svn,20210909,28.31
svn,20210910,27.366
svn,20210911,28.31
svn,20210912,30.669
svn,20210913,31.141
svn,20210914,33.5
svn,20210915,33.5
svn,20210916,36.803
svn,20210917,39.634
svn,20210918,41.521
svn,20210919,44.352
svn,20210920,46.239
svn,20210921,47.655
svn,20210922,48.598
svn,20210923,47.655
svn,20210924,48.598
svn,20210925,48.127
svn,20210926,49.07
svn,20210927,50.014
svn,20210928,49.07
svn,20210929,52.845
svn,20210930,50.486
svn,20211001,53.789
svn,20211002,56.62
svn,20211003,57.091
svn,20211004,56.62
svn,20211005,56.62
svn,20211006,53.317
svn,20211007,53.317
svn,20211008,53.789
svn,20211009,54.26
svn,20211010,55.204
svn,20211011,55.204
svn,20211012,53.789
svn,20211013,57.091
svn,20211014,54.732
svn,20211015,54.732
svn,20211016,54.732
svn,20211017,57.091
svn,20211018,56.148
svn,20211019,56.62
svn,20211020,56.148
svn,20211021,55.676
svn,20211022,57.091
svn,20211023,55.204
svn,20211024,58.507
svn,20211025,58.507
svn,20211026,60.394
svn,20211027,61.338
svn,20211028,60.394
svn,20211029,61.338
svn,20211030,60.394
svn,20211031,64.169
svn,20211101,67
svn,20211102,73.134
svn,20211103,72.662
svn,20211104,77.852
svn,20211105,81.155
svn,20211106,82.098
svn,20211107,84.929
svn,20211108,86.817
svn,20211109,88.232
svn,20211110,87.76
svn,20211111,97.197
svn,20211112,98.612
svn,20211113,103.331
svn,20211114,104.746
svn,20211115,107.577
svn,20211116,111.352
svn,20211117,116.07
svn,20211118,119.373
svn,20211119,119.373
svn,20211120,124.563
svn,20211121,125.035
svn,20211122,130.225
svn,20211123,133.528
svn,20211124,132.112
svn,20211125,135.887
svn,20211126,136.359
svn,20211127,133.528
svn,20211128,134
svn,20211129,131.64
svn,20211130,130.697
svn,20211201,130.225
svn,20211202,129.281
svn,20211203,127.394
svn,20211204,124.563
svn,20211205,127.866
svn,20211206,125.507
svn,20211207,125.978
svn,20211208,122.204
svn,20211209,118.429
svn,20211210,113.711
svn,20211211,114.183
svn,20211212,113.239
svn,20211213,110.88
svn,20211214,111.352
svn,20211215,108.993
svn,20211216,110.408
svn,20211217,111.352
svn,20211218,103.802
svn,20211219,101.443
svn,20211220,101.443
svn,20211221,97.197
svn,20211222,97.197
svn,20211223,95.31
svn,20211224,95.31
svn,20211225,94.366
svn,20211226,92.007
svn,20211227,93.894
svn,20211228,93.894
svn,20211229,89.176
svn,20211230,88.232
svn,20211231,84.929
svn,20220101,81.155
svn,20220102,80.683
svn,20220103,80.683
svn,20220104,76.908
svn,20220105,74.077
svn,20220106,75.493
svn,20220107,73.134
svn,20220108,73.605
svn,20220109,75.021
svn,20220110,74.077
svn,20220111,75.493
svn,20220112,72.662
svn,20220113,72.19
svn,20220114,72.662
svn,20220115,72.19
svn,20220116,73.605
svn,20220117,73.605
svn,20220118,72.662
svn,20220119,72.662
svn,20220120,68.887
svn,20220121,67.472
svn,20220122,64.169
svn,20220123,64.169
svn,20220124,63.697
svn,20220125,61.338
svn,20220126,58.979
svn,20220127,58.507
svn,20220128,61.338
svn,20220129,59.922
svn,20220130,62.753
svn,20220131,64.641
svn,20220201,62.281
svn,20220202,61.338
svn,20220203,59.922
svn,20220204,62.753
svn,20220205,62.753
svn,20220206,63.225
svn,20220207,63.225
svn,20220208,66.528
svn,20220209,68.887
svn,20220210,66.528
svn,20220211,64.169
svn,20220212,63.225
svn,20220213,62.753
svn,20220214,64.169
svn,20220215,61.338
svn,20220216,58.979
svn,20220217,56.148
svn,20220218,53.317
svn,20220219,51.429
svn,20220220,51.901
svn,20220221,52.845
svn,20220222,52.373
svn,20220223,54.26
svn,20220224,52.845
svn,20220225,55.204
svn,20220226,50.014
svn,20220227,50.958
svn,20220228,49.07
svn,20220301,44.352
svn,20220302,41.993
svn,20220303,39.162
svn,20220304,37.746
svn,20220305,36.803
svn,20220306,38.218
svn,20220307,37.746
svn,20220308,40.106
svn,20220309,41.049
svn,20220310,40.577
svn,20220311,36.331
svn,20220312,33.5
svn,20220313,33.5
svn,20220314,31.613
svn,20220315,31.613
svn,20220316,28.782
svn,20220317,27.366
svn,20220318,29.253
svn,20220319,28.782
svn,20220320,27.366
svn,20220321,27.366
svn,20220322,26.422
svn,20220323,24.535
svn,20220324,23.591
svn,20220325,23.12
svn,20220326,23.591
svn,20220327,25.007
svn,20220328,25.951
svn,20220329,25.951
svn,20220330,23.591
svn,20220331,21.704
svn,20220401,20.76
svn,20220402,18.401
svn,20220403,18.873
svn,20220404,18.401
svn,20220405,17.458
svn,20220406,18.873
svn,20220407,17.93
svn,20220408,17.93
svn,20220409,17.458
svn,20220410,19.817
svn,20220411,18.401
svn,20220412,15.099
svn,20220413,14.627
svn,20220414,13.683
svn,20220415,13.683
svn,20220416,13.211
svn,20220417,14.155
svn,20220418,14.155
svn,20220419,14.155
svn,20220420,13.211
svn,20220421,13.683
svn,20220422,13.683
svn,20220423,14.155
svn,20220424,15.57
svn,20220425,14.155
svn,20220426,13.683
svn,20220427,13.211
svn,20220428,12.268
svn,20220429,10.852
svn,20220430,10.852
svn,20220501,11.324
svn,20220502,10.38
svn,20220503,10.38
svn,20220504,10.38
svn,20220505,9.908
svn,20220506,8.021
svn,20220507,8.493
svn,20220508,8.965
svn,20220509,9.908
svn,20220510,10.38
svn,20220511,8.965
svn,20220512,7.077
svn,20220513,6.606
svn,20220514,4.246
svn,20220515,4.246
svn,20220516,4.246
svn,20220517,4.246
svn,20220518,3.775
svn,20220519,3.775
svn,20220520,3.775
svn,20220521,2.831
svn,20220522,2.831
svn,20220523,3.303
svn,20220524,2.831
svn,20220525,2.831
svn,20220526,2.831
svn,20220527,2.831
svn,20220528,2.359
svn,20220529,2.359
svn,20220530,2.831
svn,20220531,3.303
svn,20220601,2.831
svn,20220602,2.831
svn,20220603,3.303
svn,20220604,3.303
svn,20220605,3.303
svn,20220606,3.303
svn,20220607,3.303
svn,20220608,2.831
svn,20220609,3.303
svn,20220610,2.831
svn,20220611,2.831
svn,20220612,2.831
svn,20220613,2.831
svn,20220614,3.303
svn,20220615,3.303
svn,20220616,3.303
svn,20220617,3.303
svn,20220618,2.831
svn,20220619,2.831
svn,20220620,2.831
svn,20220621,2.831
svn,20220622,3.775
svn,20220623,4.718
svn,20220624,4.718
svn,20220625,4.718
svn,20220626,5.19
svn,20220627,5.19
svn,20220628,5.662
svn,20220629,5.19
svn,20220630,5.19
svn,20220701,4.718
svn,20220702,5.19
svn,20220703,5.19
svn,20220704,5.662
svn,20220705,4.718
svn,20220706,4.718
svn,20220707,4.718
svn,20220708,5.662
svn,20220709,5.19
svn,20220710,6.134
svn,20220711,7.077
svn,20220712,6.606
svn,20220713,7.077
svn,20220714,5.662
svn,20220715,6.606
svn,20220716,7.077
svn,20220717,7.549
svn,20220718,9.437
svn,20220719,8.493
svn,20220720,8.965
svn,20220721,7.549
svn,20220722,7.077
svn,20220723,7.549
svn,20220724,8.493
svn,20220725,8.965
svn,20220726,8.965
svn,20220727,8.493
svn,20220728,8.021
svn,20220729,8.493
svn,20220730,7.549
svn,20220731,7.549
svn,20220801,8.021
svn,20220802,8.493
svn,20220803,8.021
svn,20220804,9.437
svn,20220805,8.021
svn,20220806,8.965
svn,20220807,7.549
svn,20220808,7.549
svn,20220809,8.021
svn,20220810,6.606
svn,20220811,6.134
svn,20220812,7.077
svn,20220813,7.549
svn,20220814,7.077
svn,20220815,8.021
svn,20220816,7.549
svn,20220817,8.493
svn,20220818,7.077
svn,20220819,8.021
svn,20220820,7.077
svn,20220821,7.077
svn,20220822,6.606
svn,20220823,8.965
svn,20220824,8.021
svn,20220825,7.549
svn,20220826,7.077
svn,20220827,7.549
svn,20220828,7.549
svn,20220829,7.549
svn,20220830,7.549
svn,20220831,6.606
svn,20220901,6.606
svn,20220902,6.134
svn,20220903,7.077
svn,20220904,7.077
svn,20220905,7.549
svn,20220906,7.077
svn,20220907,6.134
svn,20220908,6.134
svn,20220909,6.606
svn,20220910,7.077
svn,20220911,7.077
swe,20200227,0
swe,20200228,0
swe,20200229,0
swe,20200301,0
swe,20200302,0
swe,20200303,0
swe,20200304,0
swe,20200305,0
swe,20200306,0
swe,20200307,0
swe,20200308,0
swe,20200309,0
swe,20200310,0
swe,20200311,0
swe,20200312,0
swe,20200313,0
swe,20200314,0.096
swe,20200315,0.191
swe,20200316,0.287
swe,20200317,0.287
swe,20200318,0.669
swe,20200319,2.962
swe,20200320,3.344
swe,20200321,5.35
swe,20200322,5.923
swe,20200323,8.981
swe,20200324,10.127
swe,20200325,12.611
swe,20200326,15.382
swe,20200327,17.866
swe,20200328,19.012
swe,20200329,21.114
swe,20200330,25.031
swe,20200331,28.47
swe,20200401,30.094
swe,20200402,32.674
swe,20200403,34.489
swe,20200404,36.113
swe,20200405,38.597
swe,20200406,40.317
swe,20200407,41.463
swe,20200408,43.374
swe,20200409,44.425
swe,20200410,46.049
swe,20200411,47.196
swe,20200412,48.151
swe,20200413,49.393
swe,20200414,49.488
swe,20200415,50.253
swe,20200416,49.871
swe,20200417,49.297
swe,20200418,50.253
swe,20200419,49.011
swe,20200420,51.495
swe,20200421,49.679
swe,20200422,49.202
swe,20200423,51.495
swe,20200424,51.304
swe,20200425,52.641
swe,20200426,51.781
swe,20200427,50.921
swe,20200428,50.539
swe,20200429,51.686
swe,20200430,49.775
swe,20200501,49.488
swe,20200502,49.488
swe,20200503,48.915
swe,20200504,48.82
swe,20200505,47.482
swe,20200506,46.527
swe,20200507,45.858
swe,20200508,44.616
swe,20200509,44.329
swe,20200510,42.801
swe,20200511,41.75
swe,20200512,40.699
swe,20200513,39.648
swe,20200514,38.502
swe,20200515,37.355
swe,20200516,36.591
swe,20200517,36.973
swe,20200518,36.782
swe,20200519,35.253
swe,20200520,35.062
swe,20200521,34.393
swe,20200522,34.011
swe,20200523,33.152
swe,20200524,33.916
swe,20200525,33.247
swe,20200526,32.387
swe,20200527,30.763
swe,20200528,30.763
swe,20200529,30.094
swe,20200530,29.617
swe,20200531,30.285
swe,20200601,29.903
swe,20200602,29.521
swe,20200603,29.712
swe,20200604,28.566
swe,20200605,27.706
swe,20200606,27.992
swe,20200607,28.566
swe,20200608,27.992
swe,20200609,26.75
swe,20200610,26.655
swe,20200611,25.795
swe,20200612,25.509
swe,20200613,24.458
swe,20200614,25.126
swe,20200615,23.311
swe,20200616,22.642
swe,20200617,22.165
swe,20200618,21.4
swe,20200619,20.732
swe,20200620,20.541
swe,20200621,20.254
swe,20200622,19.394
swe,20200623,19.394
swe,20200624,18.343
swe,20200625,17.292
swe,20200626,16.624
swe,20200627,15.955
swe,20200628,15.859
swe,20200629,14.999
swe,20200630,14.522
swe,20200701,13.566
swe,20200702,12.706
swe,20200703,13.184
swe,20200704,13.471
swe,20200705,13.184
swe,20200706,12.133
swe,20200707,11.369
swe,20200708,10.318
swe,20200709,9.649
swe,20200710,9.267
swe,20200711,8.981
swe,20200712,8.981
swe,20200713,8.694
swe,20200714,8.216
swe,20200715,7.547
swe,20200716,6.401
swe,20200717,6.497
swe,20200718,6.21
swe,20200719,6.305
swe,20200720,5.732
swe,20200721,5.159
swe,20200722,4.49
swe,20200723,5.063
swe,20200724,4.586
swe,20200725,4.777
swe,20200726,4.586
swe,20200727,4.586
swe,20200728,4.395
swe,20200729,3.726
swe,20200730,3.344
swe,20200731,3.153
swe,20200801,3.153
swe,20200802,3.344
swe,20200803,3.248
swe,20200804,3.248
swe,20200805,3.153
swe,20200806,2.962
swe,20200807,2.771
swe,20200808,2.771
swe,20200809,2.771
swe,20200810,2.962
swe,20200811,3.057
swe,20200812,3.153
swe,20200813,3.153
swe,20200814,2.962
swe,20200815,2.771
swe,20200816,2.771
swe,20200817,3.057
swe,20200818,2.675
swe,20200819,2.771
swe,20200820,2.58
swe,20200821,2.484
swe,20200822,2.484
swe,20200823,2.484
swe,20200824,2.102
swe,20200825,2.006
swe,20200826,2.006
swe,20200827,1.815
swe,20200828,1.815
swe,20200829,1.911
swe,20200830,1.911
swe,20200831,1.72
swe,20200901,1.624
swe,20200902,1.624
swe,20200903,1.433
swe,20200904,1.338
swe,20200905,1.338
swe,20200906,1.338
swe,20200907,1.146
swe,20200908,1.338
swe,20200909,1.338
swe,20200910,1.433
swe,20200911,1.338
swe,20200912,1.433
swe,20200913,1.433
swe,20200914,1.529
swe,20200915,1.529
swe,20200916,1.529
swe,20200917,1.433
swe,20200918,1.624
swe,20200919,1.911
swe,20200920,1.815
swe,20200921,1.624
swe,20200922,1.529
swe,20200923,1.433
swe,20200924,1.433
swe,20200925,1.911
swe,20200926,1.815
swe,20200927,1.72
swe,20200928,1.529
swe,20200929,1.624
swe,20200930,1.624
swe,20201001,1.529
swe,20201002,2.006
swe,20201003,2.006
swe,20201004,1.911
swe,20201005,2.102
swe,20201006,2.006
swe,20201007,2.293
swe,20201008,2.197
swe,20201009,2.197
swe,20201010,2.197
swe,20201011,2.006
swe,20201012,2.293
swe,20201013,2.388
swe,20201014,2.293
swe,20201015,2.197
swe,20201016,2.58
swe,20201017,2.962
swe,20201018,2.866
swe,20201019,2.866
swe,20201020,2.866
swe,20201021,3.248
swe,20201022,3.535
swe,20201023,3.439
swe,20201024,3.535
swe,20201025,3.917
swe,20201026,4.299
swe,20201027,5.446
swe,20201028,5.35
swe,20201029,5.732
swe,20201030,5.541
swe,20201031,5.828
swe,20201101,5.732
swe,20201102,7.07
swe,20201103,7.739
swe,20201104,8.598
swe,20201105,8.598
swe,20201106,8.598
swe,20201107,9.363
swe,20201108,9.458
swe,20201109,11.656
swe,20201110,12.133
swe,20201111,11.656
swe,20201112,11.751
swe,20201113,11.847
swe,20201114,12.611
swe,20201115,12.611
swe,20201116,14.904
swe,20201117,15.859
swe,20201118,17.006
swe,20201119,17.197
swe,20201120,16.91
swe,20201121,17.101
swe,20201122,17.006
swe,20201123,18.725
swe,20201124,19.681
swe,20201125,20.732
swe,20201126,21.783
swe,20201127,21.878
swe,20201128,21.591
swe,20201129,21.496
swe,20201130,22.642
swe,20201201,22.738
swe,20201202,23.025
swe,20201203,24.267
swe,20201204,23.693
swe,20201205,23.502
swe,20201206,23.693
swe,20201207,23.216
swe,20201208,24.649
swe,20201209,24.649
swe,20201210,23.693
swe,20201211,23.789
swe,20201212,24.075
swe,20201213,24.267
swe,20201214,23.884
swe,20201215,24.935
swe,20201216,25.031
swe,20201217,25.795
swe,20201218,26.75
swe,20201219,26.75
swe,20201220,27.037
swe,20201221,28.088
swe,20201222,28.661
swe,20201223,28.948
swe,20201224,28.948
swe,20201225,29.234
swe,20201226,29.139
swe,20201227,29.712
swe,20201228,31.814
swe,20201229,32.865
swe,20201230,32.387
swe,20201231,32.101
swe,20210101,32.005
swe,20210102,31.91
swe,20210103,33.247
swe,20210104,34.489
swe,20210105,35.158
swe,20210106,35.54
swe,20210107,36.018
swe,20210108,35.731
swe,20210109,35.635
swe,20210110,35.54
swe,20210111,36.591
swe,20210112,35.253
swe,20210113,34.871
swe,20210114,33.82
swe,20210115,33.916
swe,20210116,33.82
swe,20210117,33.629
swe,20210118,33.152
swe,20210119,32.387
swe,20210120,31.336
swe,20210121,30.19
swe,20210122,29.139
swe,20210123,28.948
swe,20210124,28.088
swe,20210125,26.942
swe,20210126,26.75
swe,20210127,26.273
swe,20210128,25.986
swe,20210129,24.935
swe,20210130,24.935
swe,20210131,24.935
swe,20210201,23.693
swe,20210202,23.693
swe,20210203,23.598
swe,20210204,23.502
swe,20210205,23.12
swe,20210206,23.216
swe,20210207,23.12
swe,20210208,22.451
swe,20210209,22.069
swe,20210210,22.069
swe,20210211,22.26
swe,20210212,21.114
swe,20210213,21.209
swe,20210214,21.209
swe,20210215,21.4
swe,20210216,21.974
swe,20210217,21.783
swe,20210218,20.158
swe,20210219,19.776
swe,20210220,19.585
swe,20210221,19.681
swe,20210222,20.445
swe,20210223,20.923
swe,20210224,21.496
swe,20210225,22.165
swe,20210226,21.305
swe,20210227,21.305
swe,20210228,21.209
swe,20210301,22.547
swe,20210302,22.069
swe,20210303,22.738
swe,20210304,22.451
swe,20210305,22.165
swe,20210306,22.165
swe,20210307,22.547
swe,20210308,22.833
swe,20210309,21.878
swe,20210310,21.783
swe,20210311,21.496
swe,20210312,23.12
swe,20210313,23.216
swe,20210314,23.311
swe,20210315,24.744
swe,20210316,24.744
swe,20210317,25.317
swe,20210318,25.509
swe,20210319,25.509
swe,20210320,25.795
swe,20210321,26.082
swe,20210322,27.61
swe,20210323,26.368
swe,20210324,26.655
swe,20210325,29.043
swe,20210326,28.184
swe,20210327,28.184
swe,20210328,28.375
swe,20210329,28.757
swe,20210330,28.852
swe,20210331,30.763
swe,20210401,31.718
swe,20210402,31.623
swe,20210403,31.623
swe,20210404,31.432
swe,20210405,33.056
swe,20210406,33.629
swe,20210407,34.202
swe,20210408,34.298
swe,20210409,35.158
swe,20210410,35.158
swe,20210411,35.922
swe,20210412,37.642
swe,20210413,36.973
swe,20210414,37.26
swe,20210415,36.877
swe,20210416,37.928
swe,20210417,37.928
swe,20210418,37.928
swe,20210419,40.126
swe,20210420,39.648
swe,20210421,39.075
swe,20210422,39.648
swe,20210423,38.024
swe,20210424,37.833
swe,20210425,37.737
swe,20210426,38.884
swe,20210427,37.355
swe,20210428,38.119
swe,20210429,37.451
swe,20210430,36.686
swe,20210501,36.877
swe,20210502,36.304
swe,20210503,37.355
swe,20210504,37.737
swe,20210505,37.069
swe,20210506,36.686
swe,20210507,37.546
swe,20210508,37.451
swe,20210509,37.355
swe,20210510,36.018
swe,20210511,35.158
swe,20210512,34.585
swe,20210513,34.298
swe,20210514,32.292
swe,20210515,32.196
swe,20210516,30.381
swe,20210517,27.992
swe,20210518,26.846
swe,20210519,26.655
swe,20210520,25.031
swe,20210521,23.598
swe,20210522,23.502
swe,20210523,23.789
swe,20210524,21.114
swe,20210525,21.591
swe,20210526,20.732
swe,20210527,20.636
swe,20210528,19.681
swe,20210529,19.872
swe,20210530,19.681
swe,20210531,18.63
swe,20210601,18.057
swe,20210602,16.815
swe,20210603,16.241
swe,20210604,15.286
swe,20210605,15.382
swe,20210606,14.331
swe,20210607,14.044
swe,20210608,13.28
swe,20210609,12.038
swe,20210610,11.942
swe,20210611,11.464
swe,20210612,11.369
swe,20210613,11.273
swe,20210614,10.605
swe,20210615,9.554
swe,20210616,9.267
swe,20210617,8.598
swe,20210618,8.025
swe,20210619,8.121
swe,20210620,7.834
swe,20210621,7.261
swe,20210622,6.21
swe,20210623,6.114
swe,20210624,6.401
swe,20210625,6.401
swe,20210626,6.401
swe,20210627,6.401
swe,20210628,5.828
swe,20210629,4.586
swe,20210630,4.108
swe,20210701,3.821
swe,20210702,3.821
swe,20210703,3.821
swe,20210704,3.63
swe,20210705,3.153
swe,20210706,2.866
swe,20210707,2.866
swe,20210708,2.675
swe,20210709,2.484
swe,20210710,2.484
swe,20210711,2.388
swe,20210712,2.006
swe,20210713,1.911
swe,20210714,2.006
swe,20210715,1.815
swe,20210716,1.815
swe,20210717,1.815
swe,20210718,1.815
swe,20210719,2.197
swe,20210720,2.197
swe,20210721,2.293
swe,20210722,2.197
swe,20210723,2.102
swe,20210724,2.102
swe,20210725,2.102
swe,20210726,2.006
swe,20210727,2.006
swe,20210728,1.815
swe,20210729,1.529
swe,20210730,1.529
swe,20210731,1.529
swe,20210801,1.529
swe,20210802,1.911
swe,20210803,2.197
swe,20210804,2.388
swe,20210805,2.675
swe,20210806,2.771
swe,20210807,2.771
swe,20210808,2.771
swe,20210809,2.58
swe,20210810,2.484
swe,20210811,2.771
swe,20210812,2.484
swe,20210813,2.58
swe,20210814,2.484
swe,20210815,2.388
swe,20210816,2.675
swe,20210817,3.057
swe,20210818,3.153
swe,20210819,3.153
swe,20210820,3.344
swe,20210821,3.344
swe,20210822,3.344
swe,20210823,3.439
swe,20210824,3.63
swe,20210825,3.821
swe,20210826,3.821
swe,20210827,4.013
swe,20210828,4.108
swe,20210829,3.917
swe,20210830,4.395
swe,20210831,4.204
swe,20210901,4.108
swe,20210902,4.108
swe,20210903,4.681
swe,20210904,4.681
swe,20210905,4.777
swe,20210906,4.968
swe,20210907,5.446
swe,20210908,5.446
swe,20210909,5.446
swe,20210910,5.255
swe,20210911,5.255
swe,20210912,5.255
swe,20210913,4.586
swe,20210914,4.681
swe,20210915,4.586
swe,20210916,4.49
swe,20210917,4.204
swe,20210918,4.204
swe,20210919,4.204
swe,20210920,4.204
swe,20210921,4.49
swe,20210922,4.49
swe,20210923,4.108
swe,20210924,4.108
swe,20210925,4.108
swe,20210926,4.013
swe,20210927,4.108
swe,20210928,3.726
swe,20210929,3.821
swe,20210930,4.108
swe,20211001,3.917
swe,20211002,3.917
swe,20211003,4.013
swe,20211004,3.535
swe,20211005,3.63
swe,20211006,3.439
swe,20211007,3.344
swe,20211008,2.962
swe,20211009,2.962
swe,20211010,2.962
swe,20211011,2.771
swe,20211012,2.58
swe,20211013,2.388
swe,20211014,2.293
swe,20211015,2.484
swe,20211016,2.484
swe,20211017,2.388
swe,20211018,2.771
swe,20211019,2.771
swe,20211020,2.962
swe,20211021,2.58
swe,20211022,2.58
swe,20211023,2.58
swe,20211024,2.58
swe,20211025,2.866
swe,20211026,2.58
swe,20211027,2.58
swe,20211028,2.484
swe,20211029,2.484
swe,20211030,2.484
swe,20211031,2.58
swe,20211101,2.484
swe,20211102,2.388
swe,20211103,2.962
swe,20211104,3.057
swe,20211105,3.057
swe,20211106,3.057
swe,20211107,3.439
swe,20211108,3.535
swe,20211109,3.535
swe,20211110,3.535
swe,20211111,3.63
swe,20211112,3.535
swe,20211113,3.535
swe,20211114,3.63
swe,20211115,3.439
swe,20211116,3.439
swe,20211117,2.962
swe,20211118,2.962
swe,20211119,2.962
swe,20211120,2.962
swe,20211121,2.962
swe,20211122,2.866
swe,20211123,2.675
swe,20211124,2.293
swe,20211125,2.293
swe,20211126,2.771
swe,20211127,2.771
swe,20211128,2.771
swe,20211129,2.771
swe,20211130,3.153
swe,20211201,4.013
swe,20211202,4.108
swe,20211203,4.395
swe,20211204,4.395
swe,20211205,4.395
swe,20211206,4.395
swe,20211207,4.681
swe,20211208,5.063
swe,20211209,5.159
swe,20211210,4.872
swe,20211211,4.872
swe,20211212,5.063
swe,20211213,6.019
swe,20211214,6.592
swe,20211215,7.165
swe,20211216,6.688
swe,20211217,6.497
swe,20211218,6.879
swe,20211219,6.879
swe,20211220,7.07
swe,20211221,8.025
swe,20211222,8.121
swe,20211223,8.789
swe,20211224,8.312
swe,20211225,8.312
swe,20211226,8.407
swe,20211227,8.789
swe,20211228,9.267
swe,20211229,9.267
swe,20211230,9.649
swe,20211231,9.649
swe,20220101,9.649
swe,20220102,9.936
swe,20220103,10.223
swe,20220104,10.318
swe,20220105,10.414
swe,20220106,10.318
swe,20220107,10.223
swe,20220108,10.223
swe,20220109,9.649
swe,20220110,9.84
swe,20220111,9.84
swe,20220112,9.554
swe,20220113,8.981
swe,20220114,10.127
swe,20220115,10.127
swe,20220116,10.127
swe,20220117,10.127
swe,20220118,10.414
swe,20220119,11.464
swe,20220120,11.56
swe,20220121,11.56
swe,20220122,11.56
swe,20220123,11.56
swe,20220124,10.605
swe,20220125,10.127
swe,20220126,10.414
swe,20220127,9.745
swe,20220128,9.554
swe,20220129,10.891
swe,20220130,11.273
swe,20220131,11.082
swe,20220201,10.605
swe,20220202,10.605
swe,20220203,9.84
swe,20220204,10.509
swe,20220205,11.273
swe,20220206,11.369
swe,20220207,11.464
swe,20220208,10.796
swe,20220209,9.267
swe,20220210,9.745
swe,20220211,8.694
swe,20220212,8.789
swe,20220213,8.598
swe,20220214,9.076
swe,20220215,8.694
swe,20220216,8.407
swe,20220217,7.739
swe,20220218,7.452
swe,20220219,7.165
swe,20220220,7.07
swe,20220221,7.547
swe,20220222,7.165
swe,20220223,7.261
swe,20220224,6.974
swe,20220225,7.165
swe,20220226,6.401
swe,20220227,6.21
swe,20220228,6.019
swe,20220301,6.401
swe,20220302,5.637
swe,20220303,4.777
swe,20220304,4.968
swe,20220305,4.872
swe,20220306,4.681
swe,20220307,4.204
swe,20220308,4.108
swe,20220309,4.108
swe,20220310,4.395
swe,20220311,4.395
usa,20200715,27.433
usa,20200716,29.071
usa,20200717,31.751
usa,20200718,32.531
usa,20200719,30.466
usa,20200720,33.505
usa,20200721,34
usa,20200722,37.054
usa,20200723,41.294
usa,20200724,40.436
usa,20200725,42.736
usa,20200726,36.804
usa,20200727,42.226
usa,20200728,43.258
usa,20200729,41.606
usa,20200730,43.481
usa,20200731,43.333
usa,20200801,42.73
usa,20200802,41.701
usa,20200803,42.27
usa,20200804,41.888
usa,20200805,41.718
usa,20200806,41.202
usa,20200807,40.858
usa,20200808,39.638
usa,20200809,39.06
usa,20200810,39.113
usa,20200811,38.748
usa,20200812,38.184
usa,20200813,37.617
usa,20200814,37.128
usa,20200815,36.339
usa,20200816,35.582
usa,20200817,35.511
usa,20200818,35.484
usa,20200819,34.336
usa,20200820,33.422
usa,20200821,32.733
usa,20200822,31.985
usa,20200823,31.864
usa,20200824,31.724
usa,20200825,31.463
usa,20200826,30.81
usa,20200827,29.392
usa,20200828,29.327
usa,20200829,28.775
usa,20200830,28.336
usa,20200831,28.217
usa,20200901,28.107
usa,20200902,27.781
usa,20200903,27.401
usa,20200904,27.383
usa,20200905,26.976
usa,20200906,26.736
usa,20200907,26.629
usa,20200908,26.62
usa,20200909,26.065
usa,20200910,25.49
usa,20200911,25.309
usa,20200912,24.665
usa,20200913,24.514
usa,20200914,24.522
usa,20200915,24.208
usa,20200916,23.959
usa,20200917,23.813
usa,20200918,23.65
usa,20200919,23.243
usa,20200920,23.264
usa,20200921,23.312
usa,20200922,23.33
usa,20200923,23.327
usa,20200924,23.235
usa,20200925,23.184
usa,20200926,23.134
usa,20200927,23.938
usa,20200928,23.487
usa,20200929,23.87
usa,20200930,23.947
usa,20201001,23.754
usa,20201002,23.611
usa,20201003,23.632
usa,20201004,24.092
usa,20201005,24.724
usa,20201006,25.433
usa,20201007,25.632
usa,20201008,25.591
usa,20201009,25.884
usa,20201010,25.908
usa,20201011,26.169
usa,20201012,26.876
usa,20201013,27.929
usa,20201014,27.57
usa,20201015,28.125
usa,20201016,28.303
usa,20201017,28.238
usa,20201018,28.858
usa,20201019,29.896
usa,20201020,30.312
usa,20201021,30.971
usa,20201022,31.603
usa,20201023,31.781
usa,20201024,31.784
usa,20201025,32.208
usa,20201026,32.965
usa,20201027,33.929
usa,20201028,34.564
usa,20201029,35.083
usa,20201030,35.166
usa,20201031,35.312
usa,20201101,35.988
usa,20201102,37.362
usa,20201103,38.297
usa,20201104,38.582
usa,20201105,39.253
usa,20201106,39.635
usa,20201107,39.997
usa,20201108,41.567
usa,20201109,42.757
usa,20201110,44.021
usa,20201111,44.852
usa,20201112,46.273
usa,20201113,47.095
usa,20201114,48.184
usa,20201115,49.876
usa,20201116,52.042
usa,20201117,53.674
usa,20201118,54.395
usa,20201119,55.615
usa,20201120,56.131
usa,20201121,56.65
usa,20201122,58.333
usa,20201123,59.87
usa,20201124,61.045
usa,20201125,61.813
usa,20201126,62.389
usa,20201127,63.285
usa,20201128,63.748
usa,20201129,65.042
usa,20201130,66.766
usa,20201201,67.858
usa,20201202,68.137
usa,20201203,68.377
usa,20201204,68.615
usa,20201205,68.76
usa,20201206,69.541
usa,20201207,70.897
usa,20201208,71.802
usa,20201209,73.033
usa,20201210,73.104
usa,20201211,73.434
usa,20201212,73.098
usa,20201213,74.404
usa,20201214,75.846
usa,20201215,76.594
usa,20201216,77.069
usa,20201217,76.837
usa,20201218,77.004
usa,20201219,76.561
usa,20201220,77.321
usa,20201221,78.431
usa,20201222,79.318
usa,20201223,79.906
usa,20201224,79.271
usa,20201225,78.811
usa,20201226,79.33
usa,20201227,80.306
usa,20201228,81.659
usa,20201229,82.44
usa,20201230,82.188
usa,20201231,82.339
usa,20210101,81.517
usa,20210102,81.941
usa,20210103,83.104
usa,20210104,83.876
usa,20210105,84.653
usa,20210106,84.891
usa,20210107,84.544
usa,20210108,84.17
usa,20210109,83.642
usa,20210110,84.185
usa,20210111,85.28
usa,20210112,85.731
usa,20210113,85.244
usa,20210114,84.65
usa,20210115,84.339
usa,20210116,83.443
usa,20210117,82.763
usa,20210118,82.585
usa,20210119,81.852
usa,20210120,80.113
usa,20210121,78.686
usa,20210122,77.17
usa,20210123,75.265
usa,20210124,74.544
usa,20210125,74.193
usa,20210126,73.879
usa,20210127,72.265
usa,20210128,70.582
usa,20210129,68.609
usa,20210130,67.383
usa,20210131,66.775
usa,20210201,65.965
usa,20210202,64.591
usa,20210203,63.511
usa,20210204,61.935
usa,20210205,60.398
usa,20210206,58.941
usa,20210207,57.499
usa,20210208,57.354
usa,20210209,56.17
usa,20210210,54.342
usa,20210211,52.564
usa,20210212,51.437
usa,20210213,50.045
usa,20210214,48.517
usa,20210215,48.152
usa,20210216,47.244
usa,20210217,46.229
usa,20210218,44.582
usa,20210219,43.003
usa,20210220,41.867
usa,20210221,40.724
usa,20210222,40.567
usa,20210223,39.626
usa,20210224,38.252
usa,20210225,36.985
usa,20210226,36.098
usa,20210227,34.766
usa,20210228,34.279
usa,20210301,33.715
usa,20210302,32.76
usa,20210303,31.882
usa,20210304,31.324
usa,20210305,30.632
usa,20210306,29.76
usa,20210307,29.223
usa,20210308,29.051
usa,20210309,28.522
usa,20210310,28.057
usa,20210311,27.425
usa,20210312,27.063
usa,20210313,26.43
usa,20210314,26.039
usa,20210315,26.074
usa,20210316,25.923
usa,20210317,25.763
usa,20210318,25.285
usa,20210319,24.991
usa,20210320,24.454
usa,20210321,24.116
usa,20210322,24.769
usa,20210323,24.864
usa,20210324,25.187
usa,20210325,24.742
usa,20210326,24.715
usa,20210327,24.335
usa,20210328,24.804
usa,20210329,25.042
usa,20210330,25.436
usa,20210331,25.229
usa,20210401,25.134
usa,20210402,25.122
usa,20210403,25.344
usa,20210404,25.537
usa,20210405,26.258
usa,20210406,26.742
usa,20210407,26.778
usa,20210408,27.282
usa,20210409,27.137
usa,20210410,27.092
usa,20210411,27.433
usa,20210412,28.048
usa,20210413,28.297
usa,20210414,28.43
usa,20210415,28.119
usa,20210416,28.279
usa,20210417,28.341
usa,20210418,28.582
usa,20210419,29.163
usa,20210420,29.43
usa,20210421,29.425
usa,20210422,29.205
usa,20210423,28.798
usa,20210424,28.404
usa,20210425,28.327
usa,20210426,28.959
usa,20210427,28.68
usa,20210428,28.294
usa,20210429,27.807
usa,20210430,27.425
usa,20210501,27.018
usa,20210502,26.929
usa,20210503,27.327
usa,20210504,27.241
usa,20210505,26.561
usa,20210506,26.211
usa,20210507,25.656
usa,20210508,25.128
usa,20210509,24.804
usa,20210510,24.751
usa,20210511,24.623
usa,20210512,24.077
usa,20210513,23.493
usa,20210514,22.635
usa,20210515,21.985
usa,20210516,21.573
usa,20210517,21.659
usa,20210518,21.255
usa,20210519,20.938
usa,20210520,20.3
usa,20210521,19.775
usa,20210522,19.205
usa,20210523,19.027
usa,20210524,19.048
usa,20210525,18.727
usa,20210526,18.214
usa,20210527,17.804
usa,20210528,17.146
usa,20210529,16.635
usa,20210530,16.395
usa,20210531,16.445
usa,20210601,16.288
usa,20210602,15.792
usa,20210603,15.356
usa,20210604,14.822
usa,20210605,14.148
usa,20210606,13.878
usa,20210607,13.902
usa,20210608,13.674
usa,20210609,13.288
usa,20210610,13.006
usa,20210611,12.76
usa,20210612,12.421
usa,20210613,12.015
usa,20210614,12.071
usa,20210615,11.689
usa,20210616,11.51
usa,20210617,11.294
usa,20210618,11.095
usa,20210619,10.899
usa,20210620,10.87
usa,20210621,11.003
usa,20210622,11.11
usa,20210623,10.979
usa,20210624,10.789
usa,20210625,10.733
usa,20210626,10.57
usa,20210627,10.46
usa,20210628,10.733
usa,20210629,10.908
usa,20210630,10.899
usa,20210701,10.724
usa,20210702,11.95
usa,20210703,11.137
usa,20210704,11.208
usa,20210705,11.522
usa,20210706,11.81
usa,20210707,12.261
usa,20210708,12.751
usa,20210709,12.964
usa,20210710,13.181
usa,20210711,13.76
usa,20210712,14.49
usa,20210713,15.051
usa,20210714,15.594
usa,20210715,16.243
usa,20210716,17.166
usa,20210717,17.786
usa,20210718,18.611
usa,20210719,19.932
usa,20210720,21.113
usa,20210721,21.982
usa,20210722,22.81
usa,20210723,24.027
usa,20210724,24.982
usa,20210725,26.312
usa,20210726,28.036
usa,20210727,29.656
usa,20210728,30.79
usa,20210729,32.401
usa,20210730,34.015
usa,20210731,35.932
usa,20210801,37.68
usa,20210802,40.003
usa,20210803,41.698
usa,20210804,43.419
usa,20210805,45.083
usa,20210806,46.683
usa,20210807,47.965
usa,20210808,49.805
usa,20210809,52.543
usa,20210810,54.196
usa,20210811,56.419
usa,20210812,57.974
usa,20210813,59.573
usa,20210814,60.538
usa,20210815,62.543
usa,20210816,64.312
usa,20210817,66.181
usa,20210818,67.339
usa,20210819,68.351
usa,20210820,69.434
usa,20210821,70.187
usa,20210822,71.46
usa,20210823,72.876
usa,20210824,74.342
usa,20210825,74.368
usa,20210826,74.923
usa,20210827,75.268
usa,20210828,75.475
usa,20210829,76.502
usa,20210830,76.912
usa,20210831,76.867
usa,20210901,77.042
usa,20210902,77.285
usa,20210903,77.036
usa,20210904,75.992
usa,20210905,76.054
usa,20210906,76.561
usa,20210907,77.446
usa,20210908,77.146
usa,20210909,76.929
usa,20210910,76.401
usa,20210911,75.152
usa,20210912,75.051
usa,20210913,75.71
usa,20210914,74.831
usa,20210915,73.82
usa,20210916,73.395
usa,20210917,72.508
usa,20210918,71.152
usa,20210919,70.561
usa,20210920,70.285
usa,20210921,69.84
usa,20210922,68.627
usa,20210923,67.018
usa,20210924,65.831
usa,20210925,64.472
usa,20210926,63.926
usa,20210927,63.075
usa,20210928,61.965
usa,20210929,60.535
usa,20210930,58.76
usa,20211001,57.187
usa,20211002,56.208
usa,20211003,55.698
usa,20211004,55.413
usa,20211005,54.187
usa,20211006,53.149
usa,20211007,51.876
usa,20211008,50.475
usa,20211009,52.291
usa,20211010,53.802
usa,20211011,53.698
usa,20211012,53.321
usa,20211013,52.665
usa,20211014,51.279
usa,20211015,50.49
usa,20211016,48.84
usa,20211017,48.282
usa,20211018,48.92
usa,20211019,48.276
usa,20211020,47.389
usa,20211021,46.309
usa,20211022,45.683
usa,20211023,44.398
usa,20211024,43.68
usa,20211025,44.253
usa,20211026,44.077
usa,20211027,43.632
usa,20211028,42.787
usa,20211029,36.959
usa,20211030,36.06
usa,20211031,35.882
usa,20211101,35.929
usa,20211102,35.451
usa,20211103,34.914
usa,20211104,34.288
usa,20211105,33.653
usa,20211106,33.327
usa,20211107,33.264
usa,20211108,33.626
usa,20211109,33.698
usa,20211110,33.499
usa,20211111,33.472
usa,20211112,33.445
usa,20211113,33.52
usa,20211114,33.425
usa,20211115,34.226
usa,20211116,34.419
usa,20211117,34.612
usa,20211118,34.991
usa,20211119,35.083
usa,20211120,34.971
usa,20211121,35.528
usa,20211122,36.487
usa,20211123,36.585
usa,20211124,36.938
usa,20211125,37.006
usa,20211126,37.549
usa,20211127,38.128
usa,20211128,38.888
usa,20211129,39.701
usa,20211130,40.193
usa,20211201,40.567
usa,20211202,40.867
usa,20211203,41.211
usa,20211204,41.371
usa,20211205,41.985
usa,20211206,42.893
usa,20211207,43.831
usa,20211208,44.217
usa,20211209,44.487
usa,20211210,45.211
usa,20211211,45.478
usa,20211212,46.276
usa,20211213,47.223
usa,20211214,47.457
usa,20211215,47.169
usa,20211216,47.208
usa,20211217,47.303
usa,20211218,47.199
usa,20211219,47.428
usa,20211220,48.101
usa,20211221,47.917
usa,20211222,48.223
usa,20211223,48.033
usa,20211224,48.19
usa,20211225,48.534
usa,20211226,49.229
usa,20211227,50.668
usa,20211228,51.259
usa,20211229,52.908
usa,20211230,53.882
usa,20211231,54.546
usa,20220101,55.974
usa,20220102,58.178
usa,20220103,60.359
usa,20220104,62.434
usa,20220105,63.885
usa,20220106,65.68
usa,20220107,67.84
usa,20220108,68.695
usa,20220109,70.624
usa,20220110,72.662
usa,20220111,74.425
usa,20220112,75.158
usa,20220113,75.84
usa,20220114,76.363
usa,20220115,76.564
usa,20220116,76.757
usa,20220117,77.38
usa,20220118,78.256
usa,20220119,78.511
usa,20220120,77.992
usa,20220121,77.22
usa,20220122,76.199
usa,20220123,75.751
usa,20220124,75.852
usa,20220125,75.107
usa,20220126,74.401
usa,20220127,72.612
usa,20220128,71.279
usa,20220129,69.532
usa,20220130,68.831
usa,20220131,67.98
usa,20220201,67.271
usa,20220202,65.024
usa,20220203,63.294
usa,20220204,61.057
usa,20220205,58.285
usa,20220206,57.211
usa,20220207,56.318
usa,20220208,54.454
usa,20220209,52.57
usa,20220210,50.591
usa,20220211,47.849
usa,20220212,45.807
usa,20220213,44.187
usa,20220214,42.718
usa,20220215,41.006
usa,20220216,39.021
usa,20220217,37.247
usa,20220218,35.383
usa,20220219,33.347
usa,20220220,31.982
usa,20220221,31.027
usa,20220222,30.199
usa,20220223,28.579
usa,20220224,27.068
usa,20220225,25.564
usa,20220226,23.766
usa,20220227,22.567
usa,20220228,21.84
usa,20220301,21.217
usa,20220302,20.175
usa,20220303,19.255
usa,20220304,17.923
usa,20220305,16.861
usa,20220306,16.3
usa,20220307,15.864
usa,20220308,14.801
usa,20220309,14.074
usa,20220310,13.175
usa,20220311,12.386
usa,20220312,11.519
usa,20220313,11.217
usa,20220314,10.932
usa,20220315,10.401
usa,20220316,10.249
usa,20220317,9.783
usa,20220318,9.288
usa,20220319,9.024
usa,20220320,8.718
usa,20220321,8.516
usa,20220322,8.128
usa,20220323,7.697
usa,20220324,7.418
usa,20220325,6.869
usa,20220326,6.573
usa,20220327,6.442
usa,20220328,6.335
usa,20220329,6.208
usa,20220330,6.015
usa,20220331,5.786
usa,20220401,5.525
usa,20220402,5.347
usa,20220403,5.323
usa,20220404,5.234
usa,20220405,5.083
usa,20220406,5.059
usa,20220407,5.113
usa,20220408,4.991
usa,20220409,4.718
usa,20220410,4.552
usa,20220411,4.653
usa,20220412,4.531
usa,20220413,4.516
usa,20220414,4.594
usa,20220415,4.54
usa,20220416,4.323
usa,20220417,4.249
usa,20220418,4.303
usa,20220419,4.407
usa,20220420,4.288
usa,20220421,4.41
usa,20220422,4.418
usa,20220423,4.312
usa,20220424,4.294
usa,20220425,4.475
usa,20220426,4.706
usa,20220427,4.706
usa,20220428,4.733
usa,20220429,4.822
usa,20220430,4.691
usa,20220501,4.677
usa,20220502,4.935
usa,20220503,5.021
usa,20220504,5.119
usa,20220505,5.151
usa,20220506,5.125
usa,20220507,5.267
usa,20220508,5.166
usa,20220509,5.294
usa,20220510,5.433
usa,20220511,5.594
usa,20220512,5.564
usa,20220513,5.763
usa,20220514,5.742
usa,20220515,5.789
usa,20220516,6.368
usa,20220517,6.804
usa,20220518,6.754
usa,20220519,6.872
usa,20220520,6.825
usa,20220521,6.754
usa,20220522,6.905
usa,20220523,7.012
usa,20220524,7.14
usa,20220525,7.193
usa,20220526,7.386
usa,20220527,7.591
usa,20220528,7.211
usa,20220529,7.175
usa,20220530,7.463
usa,20220531,7.57
usa,20220601,7.867
usa,20220602,7.979
usa,20220603,8.074
usa,20220604,7.92
usa,20220605,7.724
usa,20220606,8.125
usa,20220607,8.338
usa,20220608,8.439
usa,20220609,8.57
usa,20220610,8.249
usa,20220611,8.41
usa,20220612,8.475
usa,20220613,8.579
usa,20220614,8.905
usa,20220615,8.878
usa,20220616,9.036
usa,20220617,8.893
usa,20220618,8.671
usa,20220619,8.76
usa,20220620,9.172
usa,20220621,9.309
usa,20220622,9.27
usa,20220623,9.184
usa,20220624,9.353
usa,20220625,9.006
usa,20220626,9.145
usa,20220627,9.594
usa,20220628,9.867
usa,20220629,10.048
usa,20220630,10.062
usa,20220701,10.226
usa,20220702,10.234
usa,20220703,10.119
usa,20220704,10.555
usa,20220705,11.116
usa,20220706,11.496
usa,20220707,11.573
usa,20220708,11.671
usa,20220709,11.727
usa,20220710,11.594
usa,20220711,11.887
usa,20220712,12.3
usa,20220713,12.365
usa,20220714,12.62
usa,20220715,12.418
usa,20220716,12.374
usa,20220717,12.51
usa,20220718,12.89
usa,20220719,13.285
usa,20220720,13.309
usa,20220721,13.46
usa,20220722,13.223
usa,20220723,13.309
usa,20220724,13.368
usa,20220725,13.828
usa,20220726,14.169
usa,20220727,14.344
usa,20220728,14.113
usa,20220729,13.873
usa,20220730,13.395
usa,20220731,13.543
usa,20220801,13.932
usa,20220802,13.953
usa,20220803,13.929
usa,20220804,13.644
usa,20220805,13.683
usa,20220806,13.448
usa,20220807,13.386
usa,20220808,13.439
usa,20220809,13.644
usa,20220810,13.745
usa,20220811,13.309
usa,20220812,13.273
usa,20220813,12.991
usa,20220814,13.051
usa,20220815,13.258
usa,20220816,13.252
usa,20220817,13.071
usa,20220818,13.021
usa,20220819,12.683
usa,20220820,12.528
usa,20220821,12.65
usa,20220822,12.647
usa,20220823,12.448
usa,20220824,12.178
usa,20220825,12.267
usa,20220826,12.306
usa,20220827,12.065
usa,20220828,11.905
usa,20220829,11.973
usa,20220830,11.689
usa,20220831,11.694
usa,20220901,11.552
usa,20220902,11.377
usa,20220903,10.911
usa,20220904,10.896
usa,20220905,11.166
usa,20220906,11.312
usa,20220907,11.392
usa,20220908,11.359
usa,20220909,11.211
usa,20220910,10.404
usa,20220911,10.416
usa,20220912,10.629
usa,20220913,10.371
usa,20220914,10.291
zaf,20200305,0
zaf,20200307,0
zaf,20200308,0
zaf,20200309,0
zaf,20200310,0
zaf,20200311,0
zaf,20200312,0
zaf,20200313,0
zaf,20200314,0
zaf,20200315,0
zaf,20200316,0
zaf,20200317,0
zaf,20200318,0
zaf,20200319,0
zaf,20200320,0
zaf,20200321,0
zaf,20200322,0
zaf,20200323,0
zaf,20200324,0
zaf,20200325,0.034
zaf,20200326,0.034
zaf,20200327,0.118
zaf,20200328,0.118
zaf,20200329,0.118
zaf,20200330,0.118
zaf,20200331,0.118
zaf,20200401,0.118
zaf,20200402,0.118
zaf,20200403,0.118
zaf,20200404,0.118
zaf,20200405,0.168
zaf,20200406,0.168
zaf,20200407,0.168
zaf,20200408,0.168
zaf,20200409,0.168
zaf,20200410,0.168
zaf,20200411,0.168
zaf,20200412,0.168
zaf,20200413,0.438
zaf,20200414,0.438
zaf,20200415,0.455
zaf,20200416,0.455
zaf,20200417,0.455
zaf,20200418,0.606
zaf,20200419,0.606
zaf,20200420,0.606
zaf,20200421,0.606
zaf,20200422,0.606
zaf,20200423,0.606
zaf,20200424,0.455
zaf,20200425,0.32
zaf,20200426,0.32
zaf,20200427,0.32
zaf,20200428,0.522
zaf,20200429,0.488
zaf,20200430,0.572
zaf,20200501,0.64
zaf,20200502,0.707
zaf,20200503,0.69
zaf,20200504,0.69
zaf,20200505,0.977
zaf,20200506,1.094
zaf,20200507,1.078
zaf,20200508,1.078
zaf,20200509,1.094
zaf,20200510,1.364
zaf,20200511,1.364
zaf,20200512,1.179
zaf,20200513,1.179
zaf,20200514,2.239
zaf,20200515,2.29
zaf,20200516,2.037
zaf,20200517,2.037
zaf,20200518,2.037
zaf,20200519,2.374
zaf,20200520,2.627
zaf,20200521,2.627
zaf,20200522,2.627
zaf,20200523,2.812
zaf,20200524,2.761
zaf,20200525,2.559
zaf,20200526,3.216
zaf,20200527,3.283
zaf,20200528,2.862
zaf,20200529,3.384
zaf,20200530,3.401
zaf,20200531,3.367
zaf,20200601,3.266
zaf,20200602,3.233
zaf,20200603,3.485
zaf,20200604,3.468
zaf,20200605,3.637
zaf,20200606,3.99
zaf,20200607,3.873
zaf,20200608,3.452
zaf,20200609,3.889
zaf,20200610,4.058
zaf,20200611,4.226
zaf,20200612,5.102
zaf,20200613,5.119
zaf,20200614,4.984
zaf,20200615,6.348
zaf,20200616,6.415
zaf,20200617,6.516
zaf,20200618,6.6
zaf,20200619,6.6
zaf,20200620,8.082
zaf,20200621,9.042
zaf,20200622,9.446
zaf,20200623,9.715
zaf,20200624,9.715
zaf,20200625,11.298
zaf,20200626,10.927
zaf,20200627,11.012
zaf,20200628,12.14
zaf,20200629,12.14
zaf,20200630,12.14
zaf,20200701,11.921
zaf,20200702,11.769
zaf,20200703,13.066
zaf,20200704,14.648
zaf,20200705,14.463
zaf,20200706,14.463
zaf,20200707,14.547
zaf,20200708,15.255
zaf,20200709,15.389
zaf,20200710,15.389
zaf,20200711,14.783
zaf,20200712,14.699
zaf,20200713,14.699
zaf,20200714,14.884
zaf,20200715,15.187
zaf,20200716,15.389
zaf,20200717,19.127
zaf,20200718,19.649
zaf,20200719,19.295
zaf,20200720,19.481
zaf,20200721,19.733
zaf,20200722,22.343
zaf,20200723,44.686
zaf,20200724,44.383
zaf,20200725,44.349
zaf,20200726,44.316
zaf,20200727,44.871
zaf,20200728,44.837
zaf,20200729,45.023
zaf,20200730,45.208
zaf,20200731,45.359
zaf,20200801,45.141
zaf,20200802,45.359
zaf,20200803,45.292
zaf,20200804,24.313
zaf,20200805,25.744
zaf,20200806,25.424
zaf,20200807,25.441
zaf,20200808,25.508
zaf,20200809,25.66
zaf,20200810,24.885
zaf,20200811,24.7
zaf,20200812,24.532
zaf,20200813,24.667
zaf,20200814,24.582
zaf,20200815,24.313
zaf,20200816,24.363
zaf,20200817,24.246
zaf,20200818,24.111
zaf,20200819,23.454
zaf,20200820,22.478
zaf,20200821,22.612
zaf,20200822,21.737
zaf,20200823,21.552
zaf,20200824,21.417
zaf,20200825,21.316
zaf,20200826,21.35
zaf,20200827,20.979
zaf,20200828,20.356
zaf,20200829,20.626
zaf,20200830,20.474
zaf,20200831,18.268
zaf,20200901,17.999
zaf,20200902,17.999
zaf,20200903,16.585
zaf,20200904,16.905
zaf,20200905,16.484
zaf,20200906,16.484
zaf,20200907,16.147
zaf,20200908,15.928
zaf,20200909,15.81
zaf,20200910,15.743
zaf,20200911,15.979
zaf,20200912,15.979
zaf,20200913,16.063
zaf,20200914,16.046
zaf,20200915,12.224
zaf,20200916,12.005
zaf,20200917,12.106
zaf,20200918,12.022
zaf,20200919,11.988
zaf,20200920,11.988
zaf,20200921,11.988
zaf,20200922,11.853
zaf,20200923,11.904
zaf,20200924,11.786
zaf,20200925,11.752
zaf,20200926,11.752
zaf,20200927,11.752
zaf,20200928,11.752
zaf,20200929,11.752
zaf,20200930,11.668
zaf,20201001,10.826
zaf,20201002,10.102
zaf,20201003,10.102
zaf,20201004,10.102
zaf,20201005,10.102
zaf,20201006,10.102
zaf,20201007,9.328
zaf,20201008,8.924
zaf,20201009,8.924
zaf,20201010,8.924
zaf,20201011,8.924
zaf,20201012,8.924
zaf,20201013,8.924
zaf,20201014,8.924
zaf,20201015,8.924
zaf,20201016,8.924
zaf,20201017,8.924
zaf,20201018,8.924
zaf,20201019,8.924
zaf,20201020,8.924
zaf,20201021,8.924
zaf,20201022,9.412
zaf,20201023,9.412
zaf,20201024,9.244
zaf,20201025,9.227
zaf,20201026,9.227
zaf,20201027,9.227
zaf,20201028,9.227
zaf,20201029,9.227
zaf,20201030,9.227
zaf,20201031,7.897
zaf,20201101,8.015
zaf,20201102,8.031
zaf,20201103,8.166
zaf,20201104,8.166
zaf,20201105,8.166
zaf,20201106,8.166
zaf,20201107,7.998
zaf,20201108,7.998
zaf,20201109,7.072
zaf,20201110,7.038
zaf,20201111,7.105
zaf,20201112,7.105
zaf,20201113,7.105
zaf,20201114,7.105
zaf,20201115,7.105
zaf,20201116,7.105
zaf,20201117,7.105
zaf,20201118,7.105
zaf,20201119,7.105
zaf,20201120,7.105
zaf,20201121,7.594
zaf,20201122,7.594
zaf,20201123,7.594
zaf,20201124,7.594
zaf,20201125,7.594
zaf,20201126,7.594
zaf,20201127,7.594
zaf,20201128,7.594
zaf,20201129,7.594
zaf,20201130,7.594
zaf,20201201,7.594
zaf,20201202,7.594
zaf,20201203,7.594
zaf,20201204,7.594
zaf,20201205,7.594
zaf,20201206,8.957
zaf,20201207,10.102
zaf,20201208,10.102
zaf,20201209,10.102
zaf,20201210,12.864
zaf,20201211,12.864
zaf,20201212,12.864
zaf,20201213,12.864
zaf,20201214,12.864
zaf,20201215,12.864
zaf,20201216,12.864
zaf,20201217,12.864
zaf,20201218,12.864
zaf,20201219,12.864
zaf,20201220,12.864
zaf,20201221,12.864
zaf,20201222,12.864
zaf,20201223,12.864
zaf,20201224,12.864
zaf,20201225,12.864
zaf,20201226,12.864
zaf,20201227,13.975
zaf,20201228,24.835
zaf,20201229,26.148
zaf,20201230,29.482
zaf,20201231,31.368
zaf,20210101,31.671
zaf,20210102,30.442
zaf,20210103,30.273
zaf,20210104,29.735
zaf,20210105,30.341
zaf,20210106,30.341
zaf,20210107,31.098
zaf,20210108,31.098
zaf,20210109,34.584
zaf,20210110,35.106
zaf,20210111,35.779
zaf,20210112,35.779
zaf,20210113,38.22
zaf,20210114,38.944
zaf,20210115,40.763
zaf,20210116,41.032
zaf,20210117,40.561
zaf,20210118,39.871
zaf,20210119,40.527
zaf,20210120,41.268
zaf,20210121,41.605
zaf,20210122,41.369
zaf,20210123,41.42
zaf,20210124,40.073
zaf,20210125,40.696
zaf,20210126,40.426
zaf,20210127,40.123
zaf,20210128,40.207
zaf,20210129,39.5
zaf,20210130,38.658
zaf,20210131,37.749
zaf,20210201,37.042
zaf,20210202,36.436
zaf,20210203,36.048
zaf,20210204,35.324
zaf,20210205,34.634
zaf,20210206,32.95
zaf,20210207,32.193
zaf,20210208,31.957
zaf,20210209,30.964
zaf,20210210,30.863
zaf,20210211,28.808
zaf,20210212,27.63
zaf,20210213,27.63
zaf,20210214,26.3
zaf,20210215,25.559
zaf,20210216,25.273
zaf,20210217,24.65
zaf,20210218,23.808
zaf,20210219,23.219
zaf,20210220,22.764
zaf,20210221,22.343
zaf,20210222,21.888
zaf,20210223,21.737
zaf,20210224,21.164
zaf,20210225,20.424
zaf,20210226,19.733
zaf,20210227,19.009
zaf,20210228,18.319
zaf,20210301,17.78
zaf,20210302,17.847
zaf,20210303,17.359
zaf,20210304,16.669
zaf,20210305,16.012
zaf,20210306,15.574
zaf,20210307,15.389
zaf,20210308,15.153
zaf,20210309,15.322
zaf,20210310,14.884
zaf,20210311,14.244
zaf,20210312,13.773
zaf,20210313,13.537
zaf,20210314,13.032
zaf,20210315,12.628
zaf,20210316,12.796
zaf,20210317,10.961
zaf,20210318,10.961
zaf,20210319,10.843
zaf,20210320,11.012
zaf,20210321,11.146
zaf,20210322,11.146
zaf,20210323,11.331
zaf,20210324,11.331
zaf,20210325,11.331
zaf,20210326,10.961
zaf,20210327,11.012
zaf,20210328,10.877
zaf,20210329,10.86
zaf,20210330,10.86
zaf,20210331,11.214
zaf,20210401,10.877
zaf,20210402,10.894
zaf,20210403,10.894
zaf,20210404,10.877
zaf,20210405,10.877
zaf,20210406,10.439
zaf,20210407,10.439
zaf,20210408,10.405
zaf,20210409,10.624
zaf,20210410,10.439
zaf,20210411,10.49
zaf,20210412,10.574
zaf,20210413,10.641
zaf,20210414,10.557
zaf,20210415,10.355
zaf,20210416,10.119
zaf,20210417,9.968
zaf,20210418,10.254
zaf,20210419,10.355
zaf,20210420,10.809
zaf,20210421,10.843
zaf,20210422,10.658
zaf,20210423,10.271
zaf,20210424,10.271
zaf,20210425,9.883
zaf,20210426,10.052
zaf,20210427,9.85
zaf,20210428,9.85
zaf,20210429,10.439
zaf,20210430,10.675
zaf,20210501,10.607
zaf,20210502,10.591
zaf,20210503,10.591
zaf,20210504,10.927
zaf,20210505,11.18
zaf,20210506,11.483
zaf,20210507,11.399
zaf,20210508,11.752
zaf,20210509,11.719
zaf,20210510,11.685
zaf,20210511,12.156
zaf,20210512,12.055
zaf,20210513,12.476
zaf,20210514,12.527
zaf,20210515,12.746
zaf,20210516,12.645
zaf,20210517,12.914
zaf,20210518,13.133
zaf,20210519,13.958
zaf,20210520,13.857
zaf,20210521,14.143
zaf,20210522,14.85
zaf,20210523,14.918
zaf,20210524,15.002
zaf,20210525,15.002
zaf,20210526,16.568
zaf,20210527,16.601
zaf,20210528,16.601
zaf,20210529,17.477
zaf,20210530,17.561
zaf,20210531,17.645
zaf,20210601,18.807
zaf,20210602,19.514
zaf,20210603,20.508
zaf,20210604,20.945
zaf,20210605,20.895
zaf,20210606,20.979
zaf,20210607,21.03
zaf,20210608,21.619
zaf,20210609,22.461
zaf,20210610,23.067
zaf,20210611,23.69
zaf,20210612,23.993
zaf,20210613,23.959
zaf,20210614,24.397
zaf,20210615,25.795
zaf,20210616,25.795
zaf,20210617,26.081
zaf,20210618,28.236
zaf,20210619,28.707
zaf,20210620,28.909
zaf,20210621,28.674
zaf,20210622,30.088
zaf,20210623,30.56
zaf,20210624,30.677
zaf,20210625,31.385
zaf,20210626,31.452
zaf,20210627,32.159
zaf,20210628,32.479
zaf,20210629,34.011
zaf,20210630,34.87
zaf,20210701,34.87
zaf,20210702,36.89
zaf,20210703,37.648
zaf,20210704,37.328
zaf,20210705,37.597
zaf,20210706,39.719
zaf,20210707,40.174
zaf,20210708,40.628
zaf,20210709,41.167
zaf,20210710,42.009
zaf,20210711,41.487
zaf,20210712,41.386
zaf,20210713,40.561
zaf,20210714,39.955
zaf,20210715,38.911
zaf,20210716,40.376
zaf,20210717,39.904
zaf,20210718,39.904
zaf,20210719,39.147
zaf,20210720,38.473
zaf,20210721,37.177
zaf,20210722,36.537
zaf,20210723,35.644
zaf,20210724,35.644
zaf,20210725,41.049
zaf,20210726,40.527
zaf,20210727,40.746
zaf,20210728,40.746
zaf,20210729,40.712
zaf,20210730,40.46
zaf,20210731,40.241
zaf,20210801,39.551
zaf,20210802,38.423
zaf,20210803,38.473
zaf,20210804,38.473
zaf,20210805,37.48
zaf,20210806,37.732
zaf,20210807,37.193
zaf,20210808,38.103
zaf,20210809,37.749
zaf,20210810,37.059
zaf,20210811,36.941
zaf,20210812,37.177
zaf,20210813,36.503
zaf,20210814,36.739
zaf,20210815,36.166
zaf,20210816,35.021
zaf,20210817,35.24
zaf,20210818,34.331
zaf,20210819,34.112
zaf,20210820,32.95
zaf,20210821,32.092
zaf,20210822,31.486
zaf,20210823,31.166
zaf,20210824,31.317
zaf,20210825,31.233
zaf,20210826,30.677
zaf,20210827,30.93
zaf,20210828,28.893
zaf,20210829,29.633
zaf,20210830,29.128
zaf,20210831,29.415
zaf,20210901,28.775
zaf,20210902,28.926
zaf,20210903,27.899
zaf,20210904,27.798
zaf,20210905,27.714
zaf,20210906,26.923
zaf,20210907,26.35
zaf,20210908,26.586
zaf,20210909,26.586
zaf,20210910,25.559
zaf,20210911,25.424
zaf,20210912,24.448
zaf,20210913,23.656
zaf,20210914,23.437
zaf,20210915,22.629
zaf,20210916,22.242
zaf,20210917,21.198
zaf,20210918,20.575
zaf,20210919,20.575
zaf,20210920,19.935
zaf,20210921,19.801
zaf,20210922,19.531
zaf,20210923,18.605
zaf,20210924,18.268
zaf,20210925,17.78
zaf,20210926,17.46
zaf,20210927,17.039
zaf,20210928,16.804
zaf,20210929,16.804
zaf,20210930,16.551
zaf,20211001,15.558
zaf,20211002,15.558
zaf,20211003,15.288
zaf,20211004,15.086
zaf,20211005,14.783
zaf,20211006,14.429
zaf,20211007,14.143
zaf,20211008,14.059
zaf,20211009,14.059
zaf,20211010,13.705
zaf,20211011,13.436
zaf,20211012,13.436
zaf,20211013,12.864
zaf,20211014,12.796
zaf,20211015,12.611
zaf,20211016,12.207
zaf,20211017,12.207
zaf,20211018,12.022
zaf,20211019,11.938
zaf,20211020,11.685
zaf,20211021,10.052
zaf,20211022,9.917
zaf,20211023,9.917
zaf,20211024,9.21
zaf,20211025,9.042
zaf,20211026,9.025
zaf,20211027,8.856
zaf,20211028,8.772
zaf,20211029,8.705
zaf,20211030,8.772
zaf,20211031,8.671
zaf,20211101,8.654
zaf,20211102,8.536
zaf,20211103,8.536
zaf,20211104,8.503
zaf,20211105,8.469
zaf,20211106,8.25
zaf,20211107,8.25
zaf,20211108,8.099
zaf,20211109,8.048
zaf,20211110,7.661
zaf,20211111,6.937
zaf,20211112,6.937
zaf,20211113,6.971
zaf,20211114,6.954
zaf,20211115,6.735
zaf,20211116,6.651
zaf,20211117,6.583
zaf,20211118,5.455
zaf,20211119,5.017
zaf,20211120,4.445
zaf,20211121,4.428
zaf,20211122,4.26
zaf,20211123,4.192
zaf,20211124,3.889
zaf,20211125,3.822
zaf,20211126,3.822
zaf,20211127,3.839
zaf,20211128,3.839
zaf,20211129,3.889
zaf,20211130,3.906
zaf,20211201,3.923
zaf,20211202,4.327
zaf,20211203,4.529
zaf,20211204,4.681
zaf,20211205,4.597
zaf,20211206,5.152
zaf,20211207,5.27
zaf,20211208,6.146
zaf,20211209,6.6
zaf,20211210,6.718
zaf,20211211,6.752
zaf,20211212,6.701
zaf,20211213,6.971
zaf,20211214,7.779
zaf,20211215,7.779
zaf,20211216,8.469
zaf,20211217,8.789
zaf,20211218,8.957
zaf,20211219,8.957
zaf,20211220,8.957
zaf,20211221,10.035
zaf,20211222,10.052
zaf,20211223,10.153
zaf,20211224,9.968
zaf,20211225,9.984
zaf,20211226,10.708
zaf,20211227,10.708
zaf,20211228,11.129
zaf,20211229,11.348
zaf,20211230,12.156
zaf,20211231,12.291
zaf,20220101,12.476
zaf,20220102,12.342
zaf,20220103,11.82
zaf,20220104,11.618
zaf,20220105,11.635
zaf,20220106,11.601
zaf,20220107,11.466
zaf,20220108,12.156
zaf,20220109,11.904
zaf,20220110,12.039
zaf,20220111,11.938
zaf,20220112,11.331
zaf,20220113,11.55
zaf,20220114,11.315
zaf,20220115,11.18
zaf,20220116,10.877
zaf,20220117,10.372
zaf,20220118,9.984
zaf,20220119,10.018
zaf,20220120,9.968
zaf,20220121,9.799
zaf,20220122,9.681
zaf,20220123,9.479
zaf,20220124,8.991
zaf,20220125,8.419
zaf,20220126,8.419
zaf,20220127,7.93
zaf,20220128,7.93
zaf,20220129,7.93
zaf,20220130,7.93
zaf,20220131,7.408
zaf,20220201,7.274
zaf,20220202,7.156
zaf,20220203,7.088
zaf,20220204,6.903
zaf,20220205,6.701
zaf,20220206,6.583
zaf,20220207,6.398
zaf,20220208,6.297
zaf,20220209,6.162
zaf,20220210,6.078
zaf,20220211,5.893
zaf,20220212,5.809
zaf,20220213,6.078
zaf,20220214,5.708
zaf,20220215,5.708
zaf,20220216,5.523
zaf,20220217,5.59
zaf,20220218,5.405
zaf,20220219,5.22
zaf,20220220,5.27
zaf,20220221,5.22
zaf,20220222,5.27
zaf,20220223,5.27
zaf,20220224,5.169
zaf,20220225,5.27
zaf,20220226,5.236
zaf,20220227,5.186
zaf,20220228,5.203
zaf,20220301,5.27
zaf,20220302,5.102
zaf,20220303,5.017
zaf,20220304,5.27
zaf,20220305,5.27
zaf,20220306,5.27
zaf,20220307,3.957
zaf,20220308,4.327
zaf,20220309,3.923
zaf,20220310,4.192
zaf,20220311,4.142
zaf,20220312,3.822
zaf,20220313,3.772
zaf,20220314,4.075
zaf,20220315,3.62
zaf,20220316,3.468
zaf,20220317,3.367
zaf,20220318,3.485
zaf,20220319,3.418
zaf,20220320,3.468
zaf,20220321,3.435
zaf,20220322,3.266
zaf,20220323,3.384
zaf,20220324,3.384
zaf,20220325,3.233
zaf,20220326,3.182
zaf,20220327,3.115
zaf,20220328,2.947
zaf,20220329,2.98
zaf,20220330,2.913
zaf,20220331,2.845
zaf,20220401,2.728
zaf,20220402,2.711
zaf,20220403,2.896
zaf,20220404,2.711
zaf,20220405,2.761
zaf,20220406,2.879
zaf,20220407,2.61
zaf,20220408,2.711
zaf,20220409,2.744
zaf,20220410,2.744
zaf,20220411,2.627
zaf,20220412,2.694
zaf,20220413,2.761
zaf,20220414,2.845
zaf,20220415,2.845
zaf,20220416,2.812
zaf,20220417,2.829
zaf,20220418,2.761
zaf,20220419,2.593
zaf,20220420,2.694
zaf,20220421,2.643
zaf,20220422,2.744
zaf,20220423,2.913
zaf,20220424,2.913
zaf,20220425,3.048
zaf,20220426,3.081
zaf,20220427,3.182
zaf,20220428,3.233
zaf,20220429,3.334
zaf,20220430,3.637
zaf,20220501,3.654
zaf,20220502,3.62
zaf,20220503,3.553
zaf,20220504,4.31
zaf,20220505,4.597
zaf,20220506,4.496
zaf,20220507,4.293
zaf,20220508,4.327
zaf,20220509,4.226
zaf,20220510,4.714
zaf,20220511,5.22
zaf,20220512,5.22
zaf,20220513,5.152
zaf,20220514,5.22
zaf,20220515,5.22
zaf,20220516,4.866
zaf,20220517,5.304
zaf,20220518,5.304
zaf,20220519,5.741
zaf,20220520,5.573
zaf,20220521,5.674
zaf,20220522,5.539
zaf,20220523,5.422
zaf,20220524,5.489
zaf,20220525,5.354
zaf,20220526,5.321
zaf,20220527,5.523
zaf,20220528,5.523
zaf,20220529,5.135
zaf,20220530,4.967
zaf,20220531,5.304
zaf,20220601,4.95
zaf,20220602,4.832
zaf,20220603,5.253
zaf,20220604,4.731
zaf,20220605,4.496
zaf,20220606,4.428
zaf,20220607,4.31
zaf,20220608,4.209
zaf,20220609,4.327
zaf,20220610,4.378
zaf,20220611,4.26
zaf,20220612,4.209
zaf,20220613,4.058
zaf,20220614,3.772
zaf,20220615,4.765
zaf,20220616,3.654
zaf,20220617,3.586
zaf,20220618,3.485
zaf,20220619,3.519
zaf,20220620,3.519
zaf,20220621,4.597
zaf,20220622,3.452
zaf,20220623,3.452
zaf,20220624,4.428
zaf,20220625,3.401
zaf,20220626,3.351
zaf,20220627,6.095
zaf,20220628,3.25
zaf,20220629,3.081
zaf,20220630,2.93
zaf,20220701,2.778
zaf,20220702,2.694
zaf,20220703,2.559
zaf,20220704,2.576
zaf,20220705,2.475
zaf,20220706,2.307
zaf,20220707,3.923
zaf,20220708,2.189
zaf,20220709,3.856
zaf,20220710,3.856
zaf,20220711,2.088
zaf,20220712,2.121
zaf,20220713,2.088
zaf,20220714,2.206
zaf,20220715,2.071
zaf,20220716,3.906
zaf,20220717,3.906
zaf,20220718,1.936
zaf,20220719,1.869
zaf,20220720,1.919
zaf,20220721,3.536
zaf,20220722,1.936
zaf,20220723,1.886
zaf,20220724,3.569
zaf,20220725,3.569
zaf,20220726,1.818
