geo,time,excess_mortality_cumulative
abw,20200331,14.96
abw,20200430,11.45
abw,20200531,3.9
abw,20200630,5.66
abw,20200731,3.02
abw,20200831,4.34
abw,20200930,9.95
abw,20201031,11.76
abw,20201130,10.38
abw,20201231,8.91
abw,20210131,9.73
abw,20210228,12.84
abw,20210331,14.67
abw,20210430,17.73
abw,20210531,17.41
abw,20210630,15.94
abw,20210731,16.66
abw,20210831,21.64
abw,20210930,24.23
abw,20211031,26.27
abw,20211130,26.65
abw,20211231,26
alb,20200229,-4.34
alb,20200331,-2.59
alb,20200430,-1.17
alb,20200531,0.24
alb,20200630,1.65
alb,20200731,4.59
alb,20200831,9.33
alb,20200930,11.3
alb,20201031,14.44
alb,20201130,23.8
alb,20201231,26.67
alb,20210131,26.36
alb,20210228,31.33
alb,20210331,34.42
alb,20210430,34.73
alb,20210531,33.5
alb,20210630,32.51
alb,20210731,31.09
alb,20210831,30.72
alb,20210930,32.11
alb,20211031,33.07
alb,20211130,33.51
alb,20211231,33.67
alb,20220131,33.78
alb,20220228,34.07
alb,20220331,32.6
alb,20220430,31.48
alb,20220531,30.49
alb,20220630,29.46
and,20200331,16.84
and,20200430,43.22
and,20200531,46.81
and,20200630,39.69
and,20200731,34.91
and,20200831,28.08
and,20200930,25.92
and,20201031,31.99
and,20201130,26.76
and,20201231,27.2
arg,20200131,-2.85
arg,20200229,-0.52
arg,20200331,-0.36
arg,20200430,-1.34
arg,20200531,-2.96
arg,20200630,-5.33
arg,20200731,-4.01
arg,20200831,-1.2
arg,20200930,3.21
arg,20201031,7.26
arg,20201130,9.51
arg,20201231,10.17
arm,20200229,3.66
arm,20200331,2.2
arm,20200430,2.54
arm,20200531,1.98
arm,20200630,8.72
arm,20200731,12.22
arm,20200831,11.8
arm,20200930,12.72
arm,20201031,19.47
arm,20201130,34.5
arm,20201231,39.55
arm,20210131,37.65
arm,20210228,35.66
arm,20210331,34.94
arm,20210430,36.75
arm,20210531,36.22
arm,20210630,35.48
arm,20210731,34.46
arm,20210831,33.73
arm,20210930,34.62
arm,20211031,36.52
arm,20211130,40.01
arm,20211231,39.66
arm,20220131,38.35
arm,20220228,38.85
arm,20220331,38.16
arm,20220430,36.89
arm,20220531,35.8
arm,20220630,34.81
arm,20220731,33.71
arm,20220831,33.01
atg,20200331,-3.27
atg,20200430,-2.65
atg,20200531,-1.79
atg,20200630,-4.4
atg,20200731,-4.13
atg,20200831,-7.14
atg,20200930,-7.94
atg,20201031,-8.32
atg,20201130,-8.2
atg,20201231,-9.15
atg,20210131,-7.41
atg,20210228,-5.37
atg,20210331,-5.78
atg,20210430,-5.55
atg,20210531,-5.98
atg,20210630,-7.09
atg,20210731,-6.13
atg,20210831,-7.08
atg,20210930,-2.29
atg,20211031,-4.91
atg,20211130,-3.91
atg,20211231,-4.75
aus,20200126,-0.4
aus,20200202,-0.23
aus,20200209,-0.28
aus,20200216,0.32
aus,20200223,0.64
aus,20200301,1.1
aus,20200308,1
aus,20200315,1.07
aus,20200322,1.37
aus,20200329,1.69
aus,20200405,2.1
aus,20200412,2.18
aus,20200419,2.13
aus,20200426,2.02
aus,20200503,1.83
aus,20200510,1.67
aus,20200517,1.52
aus,20200524,1.36
aus,20200531,1.14
aus,20200607,0.74
aus,20200614,0.47
aus,20200621,0.1
aus,20200628,-0.31
aus,20200705,-0.59
aus,20200712,-0.85
aus,20200719,-1.17
aus,20200726,-1.36
aus,20200802,-1.46
aus,20200809,-1.54
aus,20200816,-1.58
aus,20200823,-1.79
aus,20200830,-2.02
aus,20200906,-2.17
aus,20200913,-2.29
aus,20200920,-2.47
aus,20200927,-2.52
aus,20201004,-2.53
aus,20201011,-2.62
aus,20201018,-2.69
aus,20201025,-2.74
aus,20201101,-2.73
aus,20201108,-2.7
aus,20201115,-2.56
aus,20201122,-2.51
aus,20201129,-2.49
aus,20201206,-2.36
aus,20201213,-2.33
aus,20201220,-2.26
aus,20201227,-2.14
aus,20210103,-2.08
aus,20210110,-2.03
aus,20210117,-2.02
aus,20210124,-1.88
aus,20210131,-1.86
aus,20210207,-1.75
aus,20210214,-1.72
aus,20210221,-1.7
aus,20210228,-1.65
aus,20210307,-1.58
aus,20210314,-1.51
aus,20210321,-1.43
aus,20210328,-1.38
aus,20210404,-1.32
aus,20210411,-1.34
aus,20210418,-1.23
aus,20210425,-1.14
aus,20210502,-1.03
aus,20210509,-0.9
aus,20210516,-0.82
aus,20210523,-0.75
aus,20210530,-0.65
aus,20210606,-0.61
aus,20210613,-0.53
aus,20210620,-0.46
aus,20210627,-0.42
aus,20210704,-0.39
aus,20210711,-0.37
aus,20210718,-0.32
aus,20210725,-0.29
aus,20210801,-0.26
aus,20210808,-0.28
aus,20210815,-0.32
aus,20210822,-0.36
aus,20210829,-0.43
aus,20210905,-0.48
aus,20210912,-0.53
aus,20210919,-0.53
aus,20210926,-0.55
aus,20211003,-0.48
aus,20211010,-0.45
aus,20211017,-0.42
aus,20211024,-0.38
aus,20211031,-0.32
aus,20211107,-0.27
aus,20211114,-0.25
aus,20211121,-0.17
aus,20211128,-0.12
aus,20211205,-0.06
aus,20211212,-0.01
aus,20211219,0.03
aus,20211226,0.12
aus,20220102,0.18
aus,20220109,0.26
aus,20220116,0.46
aus,20220123,0.71
aus,20220130,0.94
aus,20220206,1.15
aus,20220213,1.3
aus,20220220,1.41
aus,20220227,1.49
aus,20220306,1.58
aus,20220313,1.61
aus,20220320,1.69
aus,20220327,1.76
aus,20220403,1.84
aus,20220410,1.92
aus,20220417,1.97
aus,20220424,2.05
aus,20220501,2.13
aus,20220508,2.24
aus,20220515,2.36
aus,20220522,2.43
aus,20220529,2.51
aus,20220605,2.62
aus,20220612,2.73
aus,20220619,2.87
aus,20220626,2.97
aut,20200301,-4.9
aut,20200308,-4.63
aut,20200315,-4.32
aut,20200322,-3.02
aut,20200329,-2.41
aut,20200405,-1.38
aut,20200412,-0.44
aut,20200419,0.12
aut,20200426,0.42
aut,20200503,0.36
aut,20200510,0.52
aut,20200517,0.49
aut,20200524,0.57
aut,20200531,0.49
aut,20200607,0.6
aut,20200614,0.57
aut,20200621,0.5
aut,20200628,0.51
aut,20200705,0.72
aut,20200712,0.66
aut,20200719,0.53
aut,20200726,0.39
aut,20200802,0.37
aut,20200809,0.32
aut,20200816,0.55
aut,20200823,0.56
aut,20200830,0.62
aut,20200906,0.82
aut,20200913,1
aut,20200920,1.17
aut,20200927,1.21
aut,20201004,1.25
aut,20201011,1.34
aut,20201018,1.45
aut,20201025,1.77
aut,20201101,2.25
aut,20201108,2.87
aut,20201115,3.79
aut,20201122,4.86
aut,20201129,5.9
aut,20201206,6.97
aut,20201213,7.91
aut,20201220,8.47
aut,20201227,8.74
aut,20210103,8.85
aut,20210110,8.8
aut,20210117,8.69
aut,20210124,8.73
aut,20210131,8.74
aut,20210207,8.59
aut,20210214,8.29
aut,20210221,8.01
aut,20210228,7.67
aut,20210307,7.27
aut,20210314,7.11
aut,20210321,6.94
aut,20210328,6.86
aut,20210404,6.85
aut,20210411,6.79
aut,20210418,6.81
aut,20210425,6.84
aut,20210502,6.92
aut,20210509,6.97
aut,20210516,7
aut,20210523,6.94
aut,20210530,6.89
aut,20210606,6.94
aut,20210613,6.96
aut,20210620,6.98
aut,20210627,7.07
aut,20210704,7.06
aut,20210711,6.98
aut,20210718,6.95
aut,20210725,6.93
aut,20210801,6.86
aut,20210808,6.72
aut,20210815,6.78
aut,20210822,6.8
aut,20210829,6.81
aut,20210905,6.8
aut,20210912,6.89
aut,20210919,6.91
aut,20210926,6.93
aut,20211003,6.98
aut,20211010,6.95
aut,20211017,6.94
aut,20211024,7
aut,20211031,7.16
aut,20211107,7.35
aut,20211114,7.61
aut,20211121,7.88
aut,20211128,8.17
aut,20211205,8.48
aut,20211212,8.7
aut,20211219,8.8
aut,20211226,8.82
aut,20220102,8.79
aut,20220109,8.64
aut,20220116,8.42
aut,20220123,8.33
aut,20220130,8.24
aut,20220206,8.12
aut,20220213,8.02
aut,20220220,7.98
aut,20220227,7.89
aut,20220306,7.87
aut,20220313,7.83
aut,20220320,7.85
aut,20220327,7.98
aut,20220403,8.06
aut,20220410,8.17
aut,20220417,8.22
aut,20220424,8.21
aut,20220501,8.24
aut,20220508,8.26
aut,20220515,8.25
aut,20220522,8.24
aut,20220529,8.22
aut,20220605,8.22
aut,20220612,8.24
aut,20220619,8.25
aut,20220626,8.29
aut,20220703,8.34
aut,20220710,8.35
aut,20220717,8.36
aut,20220724,8.47
aut,20220731,8.5
aut,20220807,8.5
aut,20220814,8.49
aut,20220821,8.51
aut,20220828,8.49
aut,20220904,8.43
aut,20220911,8.43
aut,20220918,8.43
aut,20220925,8.46
aut,20221002,8.5
aut,20221009,8.58
aze,20200331,5.74
aze,20200430,0.4
aze,20200531,-1.74
aze,20200630,5.09
aze,20200731,8.43
aze,20200831,8.39
aze,20200930,8.38
aze,20201031,9.99
aze,20201130,16.03
aze,20201231,31.2
aze,20210131,32.42
aze,20210228,30.55
aze,20210331,29.85
aze,20210430,30.46
aze,20210531,29.39
aze,20210630,28.98
aze,20210731,27.45
aze,20210831,27.97
aze,20210930,30.09
aze,20211031,30.03
aze,20211130,31.31
aze,20211231,31.8
aze,20220131,30.75
aze,20220228,30.71
aze,20220331,30.65
aze,20220430,29.19
aze,20220531,27.81
aze,20220630,27.09
aze,20220731,25.86
aze,20220831,24.97
bel,20200209,-6.63
bel,20200216,-6.89
bel,20200223,-6.94
bel,20200301,-7.46
bel,20200308,-7.67
bel,20200315,-7.4
bel,20200322,-6
bel,20200329,-2.48
bel,20200405,3.35
bel,20200412,9.32
bel,20200419,13.2
bel,20200426,15.07
bel,20200503,15.36
bel,20200510,15.48
bel,20200517,14.96
bel,20200524,14.58
bel,20200531,14.13
bel,20200607,13.48
bel,20200614,13.09
bel,20200621,12.46
bel,20200628,12.18
bel,20200705,11.35
bel,20200712,10.72
bel,20200719,10.33
bel,20200726,9.73
bel,20200802,9.56
bel,20200809,9.56
bel,20200816,10.77
bel,20200823,10.92
bel,20200830,10.61
bel,20200906,10.42
bel,20200913,10.13
bel,20200920,10.05
bel,20200927,9.83
bel,20201004,9.55
bel,20201011,9.38
bel,20201018,9.34
bel,20201025,9.85
bel,20201101,11.06
bel,20201108,12.62
bel,20201115,13.81
bel,20201122,14.61
bel,20201129,15.1
bel,20201206,15.31
bel,20201213,15.53
bel,20201220,15.66
bel,20201227,15.68
bel,20210103,15.55
bel,20210110,15.3
bel,20210117,14.96
bel,20210124,14.67
bel,20210131,14.39
bel,20210207,13.91
bel,20210214,13.43
bel,20210221,13.01
bel,20210228,12.5
bel,20210307,11.87
bel,20210314,11.44
bel,20210321,11.08
bel,20210328,10.75
bel,20210404,10.58
bel,20210411,10.49
bel,20210418,10.39
bel,20210425,10.36
bel,20210502,10.34
bel,20210509,10.37
bel,20210516,10.26
bel,20210523,10.17
bel,20210530,10.06
bel,20210606,9.98
bel,20210613,9.87
bel,20210620,9.83
bel,20210627,9.64
bel,20210704,9.55
bel,20210711,9.33
bel,20210718,9.26
bel,20210725,9.21
bel,20210801,9.05
bel,20210808,8.96
bel,20210815,8.88
bel,20210822,8.78
bel,20210829,8.67
bel,20210905,8.61
bel,20210912,8.62
bel,20210919,8.55
bel,20210926,8.47
bel,20211003,8.41
bel,20211010,8.37
bel,20211017,8.39
bel,20211024,8.48
bel,20211031,8.56
bel,20211107,8.63
bel,20211114,8.73
bel,20211121,8.82
bel,20211128,8.92
bel,20211205,9.13
bel,20211212,9.24
bel,20211219,9.3
bel,20211226,9.28
bel,20220102,9.29
bel,20220109,9.18
bel,20220116,8.99
bel,20220123,8.87
bel,20220130,8.83
bel,20220206,8.79
bel,20220213,8.72
bel,20220220,8.6
bel,20220227,8.44
bel,20220306,8.2
bel,20220313,8.1
bel,20220320,8.05
bel,20220327,8.01
bel,20220403,8.05
bel,20220410,8.15
bel,20220417,8.22
bel,20220424,8.27
bel,20220501,8.28
bel,20220508,8.31
bel,20220515,8.25
bel,20220522,8.24
bel,20220529,8.16
bel,20220605,8.14
bel,20220612,8.11
bel,20220619,8.15
bel,20220626,8.13
bel,20220703,8.1
bel,20220710,8.04
bel,20220717,8.06
bel,20220724,8.09
bel,20220731,8.04
bel,20220807,8.05
bel,20220814,8.09
bel,20220821,8.12
bel,20220828,8.12
bel,20220904,8.09
bel,20220911,8.08
bel,20220918,8.03
bgr,20200308,-7.01
bgr,20200315,-7.13
bgr,20200322,-7.2
bgr,20200329,-7.11
bgr,20200405,-7.14
bgr,20200412,-7.1
bgr,20200419,-6.77
bgr,20200426,-6.55
bgr,20200503,-6.48
bgr,20200510,-6.4
bgr,20200517,-5.81
bgr,20200524,-5.69
bgr,20200531,-5.74
bgr,20200607,-5.48
bgr,20200614,-5.21
bgr,20200621,-5.04
bgr,20200628,-4.93
bgr,20200705,-4.32
bgr,20200712,-3.98
bgr,20200719,-3.87
bgr,20200726,-3.7
bgr,20200802,-3.26
bgr,20200809,-2.95
bgr,20200816,-2.68
bgr,20200823,-2.47
bgr,20200830,-2.22
bgr,20200906,-1.97
bgr,20200913,-1.77
bgr,20200920,-1.66
bgr,20200927,-1.55
bgr,20201004,-1.44
bgr,20201011,-1.27
bgr,20201018,-1.1
bgr,20201025,-0.69
bgr,20201101,0.06
bgr,20201108,1.31
bgr,20201115,3.23
bgr,20201122,5.59
bgr,20201129,8.17
bgr,20201206,10.59
bgr,20201213,12.5
bgr,20201220,13.9
bgr,20201227,14.44
bgr,20210103,14.7
bgr,20210110,14.43
bgr,20210117,14.06
bgr,20210124,13.78
bgr,20210131,13.48
bgr,20210207,13.17
bgr,20210214,13
bgr,20210221,12.94
bgr,20210228,12.97
bgr,20210307,13.13
bgr,20210314,13.49
bgr,20210321,14.17
bgr,20210328,15.07
bgr,20210404,16.22
bgr,20210411,17.17
bgr,20210418,18.09
bgr,20210425,18.8
bgr,20210502,19.29
bgr,20210509,19.58
bgr,20210516,19.68
bgr,20210523,19.7
bgr,20210530,19.61
bgr,20210606,19.48
bgr,20210613,19.35
bgr,20210620,19.2
bgr,20210627,19.19
bgr,20210704,19.09
bgr,20210711,19.01
bgr,20210718,18.9
bgr,20210725,18.75
bgr,20210801,18.63
bgr,20210808,18.6
bgr,20210815,18.59
bgr,20210822,18.54
bgr,20210829,18.65
bgr,20210905,18.84
bgr,20210912,19.13
bgr,20210919,19.54
bgr,20210926,19.89
bgr,20211003,20.26
bgr,20211010,20.66
bgr,20211017,21.19
bgr,20211024,21.9
bgr,20211031,22.7
bgr,20211107,23.52
bgr,20211114,24.28
bgr,20211121,24.95
bgr,20211128,25.48
bgr,20211205,25.91
bgr,20211212,26.21
bgr,20211219,26.39
bgr,20211226,26.54
bgr,20220102,26.6
bgr,20220109,26.56
bgr,20220116,26.53
bgr,20220123,26.58
bgr,20220130,26.73
bgr,20220206,26.97
bgr,20220213,27.29
bgr,20220220,27.53
bgr,20220227,27.59
bgr,20220306,27.52
bgr,20220313,27.44
bgr,20220320,27.3
bgr,20220327,27.2
bgr,20220403,27.08
bgr,20220410,26.93
bgr,20220417,26.74
bgr,20220424,26.53
bgr,20220501,26.36
bgr,20220508,26.11
bgr,20220515,25.91
bgr,20220522,25.73
bgr,20220529,25.54
bgr,20220605,25.34
bgr,20220612,25.1
bgr,20220619,24.86
bgr,20220626,24.64
bgr,20220703,24.44
bgr,20220710,24.25
bgr,20220717,24.06
bgr,20220724,23.95
bgr,20220731,23.84
bgr,20220807,23.73
bgr,20220814,23.59
bgr,20220821,23.5
bgr,20220828,23.39
bgr,20220904,23.25
bhs,20200331,-4.57
bhs,20200430,-3.03
bhs,20200531,-4.78
bhs,20200630,-5.36
bhs,20200731,-2.88
bhs,20200831,2.39
bhs,20200930,6.18
bhs,20201031,9.93
bhs,20201130,10.52
bhs,20201231,9.9
bhs,20210131,8.41
bhs,20210228,6.92
bhs,20210331,6.31
bhs,20210430,6.28
bhs,20210531,5.95
bhs,20210630,5.77
bhs,20210731,7.5
bhs,20210831,13.11
bhs,20210930,17.62
bhs,20211031,20.15
bhs,20211130,19.46
bhs,20211231,19.19
bih,20200331,-10.98
bih,20200430,-6.96
bih,20200531,-6.04
bih,20200630,-4.16
bih,20200731,-2.43
bih,20200831,-0.21
bih,20200930,2.71
bih,20201031,4.07
bih,20201130,11.18
bih,20201231,18.22
bih,20210131,16.84
bih,20210228,15.92
bih,20210331,17.88
bih,20210430,23.01
bih,20210531,24.08
bih,20210630,23.84
bih,20210731,23.17
bih,20210831,22.39
bih,20210930,23.24
bih,20211031,23.89
bih,20211130,25.34
bih,20211231,26.49
bih,20220131,26.14
bih,20220228,27.32
bih,20220331,26.94
bih,20220430,26
bih,20220531,25.17
bih,20220630,24.39
blr,20200229,-5.19
blr,20200331,-3.92
blr,20200430,-1.59
blr,20200531,1.79
blr,20200630,7.34
blr,20200731,8.03
blr,20200831,8.47
blr,20200930,9.24
blr,20201031,10.51
blr,20201130,15
blr,20201231,19.78
blr,20210131,21.54
blr,20210228,21.84
blr,20210331,20.4
blz,20200331,-2.56
blz,20200430,-5.51
blz,20200531,-5.43
blz,20200630,-4.03
blz,20200731,-4.02
blz,20200831,-4.01
blz,20200930,-4.75
blz,20201031,-3.01
blz,20201130,1.87
blz,20201231,6.28
blz,20210131,6.56
blz,20210228,6.89
blz,20210331,5.68
blz,20210430,4.21
blz,20210531,3.99
blz,20210630,4.15
blz,20210731,3.9
blz,20210831,5.94
blz,20210930,8.01
blz,20211031,10.72
blz,20211130,13.89
blz,20211231,13.16
bmu,20200331,-0.47
bmu,20200430,9.44
bmu,20200531,8.5
bmu,20200630,3.76
bmu,20200731,1.65
bmu,20200831,0.69
bmu,20200930,6.11
bmu,20201031,2.99
bmu,20201130,3.15
bmu,20201231,2.8
bmu,20210131,4.49
bmu,20210228,4.8
bmu,20210331,6.95
bmu,20210430,8.6
bmu,20210531,9.07
bmu,20210630,7.85
bmu,20210731,7.26
bmu,20210831,7.31
bmu,20210930,12.78
bmu,20211031,15.23
bmu,20211130,15.79
bmu,20211231,15.78
bol,20200331,6.56
bol,20200430,0.18
bol,20200531,1.43
bol,20200630,17.77
bol,20200731,51.9
bol,20200831,55.99
bol,20200930,52.35
bol,20201031,48.51
bol,20201130,45.25
bol,20201231,42.08
bol,20210131,48.24
bol,20210228,50.31
bol,20210331,49.29
bol,20210430,48.28
bol,20210531,51.39
bol,20210630,55.85
bol,20210731,56.24
bol,20210831,55.07
bol,20210930,53.28
bol,20211031,51.48
bol,20211130,50.27
bol,20211231,50.05
bol,20220131,52.65
bra,20200229,1.14
bra,20200331,2.3
bra,20200430,4.13
bra,20200531,9.41
bra,20200630,10.83
bra,20200731,11.79
bra,20200831,12.83
bra,20200930,12.97
bra,20201031,13.1
bra,20201130,13.24
bra,20201231,14.13
bra,20210131,15.66
bra,20210228,16.82
bra,20210331,21.3
bra,20210430,24.5
bra,20210531,26.14
bra,20210630,27.07
bra,20210731,27.03
bra,20210831,26.68
bra,20210930,25.97
bra,20211031,25.23
bra,20211130,24.64
bra,20211231,24.27
bra,20220131,25.15
bra,20220228,25.33
bra,20220331,24.61
bra,20220430,23.79
bra,20220531,23.2
bra,20220630,22.87
bra,20220731,22.31
bra,20220831,21.94
brb,20200331,-2.22
brb,20200430,-5.78
brb,20200531,-5.44
brb,20200630,-3.19
brb,20200731,-2.73
brb,20200831,-1.35
brb,20200930,-3.66
brb,20201031,-4.29
brb,20201130,-4.9
brb,20201231,-3.88
brb,20210131,-7.26
brb,20210228,-7.15
brb,20210331,-4.11
brb,20210430,-4.87
brb,20210531,-5.53
brb,20210630,-4.7
brb,20210731,-6.46
brb,20210831,-5.53
brb,20210930,-5.42
brb,20211031,-4.68
brb,20211130,-3.38
brb,20211231,-1.63
brb,20220131,-1.51
brb,20220228,-0.74
brb,20220331,2.18
brb,20220430,3.01
brb,20220531,3.03
brb,20220630,3.76
brn,20200331,9.98
brn,20200430,5.84
brn,20200531,3.15
brn,20200630,9.01
brn,20200731,6.82
brn,20200831,5.1
brn,20200930,2.04
brn,20201031,-0.01
brn,20201130,-0.35
brn,20201231,-0.95
can,20200126,-3.43
can,20200202,-3.55
can,20200209,-3.52
can,20200216,-3.88
can,20200223,-4.15
can,20200301,-4.07
can,20200308,-4.03
can,20200315,-3.98
can,20200322,-3.64
can,20200329,-3.23
can,20200405,-2.37
can,20200412,-1.2
can,20200419,-0.13
can,20200426,1.17
can,20200503,2.29
can,20200510,2.97
can,20200517,3.43
can,20200524,3.72
can,20200531,4.01
can,20200607,4.06
can,20200614,3.87
can,20200621,3.78
can,20200628,3.68
can,20200705,3.49
can,20200712,3.48
can,20200719,3.44
can,20200726,3.39
can,20200802,3.32
can,20200809,3.24
can,20200816,3.28
can,20200823,3.31
can,20200830,3.23
can,20200906,3.23
can,20200913,3.17
can,20200920,3.17
can,20200927,3.24
can,20201004,3.24
can,20201011,3.26
can,20201018,3.21
can,20201025,3.19
can,20201101,3.19
can,20201108,3.36
can,20201115,3.46
can,20201122,3.55
can,20201129,3.69
can,20201206,3.88
can,20201213,4.05
can,20201220,4.14
can,20201227,4.26
can,20210103,4.43
can,20210110,4.42
can,20210117,4.39
can,20210124,4.37
can,20210131,4.35
can,20210207,4.34
can,20210214,4.23
can,20210221,4.11
can,20210228,3.98
can,20210307,3.88
can,20210314,3.72
can,20210321,3.56
can,20210328,3.44
can,20210404,3.32
can,20210411,3.27
can,20210418,3.22
can,20210425,3.17
can,20210502,3.18
can,20210509,3.18
can,20210516,3.17
can,20210523,3.19
can,20210530,3.12
can,20210606,3.14
can,20210613,3.09
can,20210620,3.06
can,20210627,3.02
can,20210704,3.16
can,20210711,3.13
can,20210718,3.11
can,20210725,3.11
can,20210801,3.12
can,20210808,3.13
can,20210815,3.11
can,20210822,3.15
can,20210829,3.17
can,20210905,3.21
can,20210912,3.31
can,20210919,3.38
can,20210926,3.44
can,20211003,3.49
can,20211010,3.51
can,20211017,3.56
can,20211024,3.59
can,20211031,3.6
can,20211107,3.6
can,20211114,3.64
can,20211121,3.63
can,20211128,3.62
can,20211205,3.64
can,20211212,3.63
can,20211219,3.63
can,20211226,3.62
can,20220102,3.59
can,20220109,3.57
can,20220116,3.67
can,20220123,3.82
can,20220130,3.94
can,20220206,4.05
can,20220213,4.11
can,20220220,4.1
can,20220227,4.06
can,20220306,4.01
can,20220313,3.92
can,20220320,3.83
can,20220327,3.73
can,20220403,3.62
can,20220410,3.57
can,20220417,3.51
can,20220424,3.45
can,20220501,3.37
can,20220508,3.3
can,20220515,3.26
che,20200301,-8
che,20200308,-7.92
che,20200315,-7.27
che,20200322,-5.72
che,20200329,-3.58
che,20200405,-0.57
che,20200412,1.31
che,20200419,2.7
che,20200426,3.25
che,20200503,3.12
che,20200510,2.89
che,20200517,2.64
che,20200524,2.42
che,20200531,2.1
che,20200607,2.01
che,20200614,1.94
che,20200621,1.75
che,20200628,1.62
che,20200705,1.5
che,20200712,1.39
che,20200719,1.03
che,20200726,0.87
che,20200802,1.08
che,20200809,1.04
che,20200816,1.13
che,20200823,1.16
che,20200830,1.12
che,20200906,1.06
che,20200913,1.15
che,20200920,1.16
che,20200927,1.18
che,20201004,1.1
che,20201011,1.22
che,20201018,1.25
che,20201025,1.66
che,20201101,2.38
che,20201108,3.7
che,20201115,5.06
che,20201122,6.38
che,20201129,7.49
che,20201206,8.67
che,20201213,9.85
che,20201220,10.87
che,20201227,11.71
che,20210103,12.33
che,20210110,12.67
che,20210117,12.81
che,20210124,12.89
che,20210131,12.82
che,20210207,12.51
che,20210214,12.12
che,20210221,11.61
che,20210228,11.12
che,20210307,10.6
che,20210314,10.2
che,20210321,9.83
che,20210328,9.57
che,20210404,9.36
che,20210411,9.16
che,20210418,9.03
che,20210425,8.92
che,20210502,8.86
che,20210509,8.72
che,20210516,8.65
che,20210523,8.55
che,20210530,8.42
che,20210606,8.37
che,20210613,8.2
che,20210620,8.15
che,20210627,8.05
che,20210704,7.94
che,20210711,7.81
che,20210718,7.71
che,20210725,7.6
che,20210801,7.48
che,20210808,7.38
che,20210815,7.42
che,20210822,7.41
che,20210829,7.37
che,20210905,7.43
che,20210912,7.49
che,20210919,7.52
che,20210926,7.52
che,20211003,7.51
che,20211010,7.41
che,20211017,7.37
che,20211024,7.36
che,20211031,7.38
che,20211107,7.35
che,20211114,7.4
che,20211121,7.49
che,20211128,7.64
che,20211205,7.84
che,20211212,8.11
che,20211219,8.3
che,20211226,8.37
che,20220102,8.46
che,20220109,8.4
che,20220116,8.32
che,20220123,8.21
che,20220130,8.13
che,20220206,8.03
che,20220213,7.9
che,20220220,7.84
che,20220227,7.7
che,20220306,7.57
che,20220313,7.51
che,20220320,7.53
che,20220327,7.59
che,20220403,7.69
che,20220410,7.71
che,20220417,7.7
che,20220424,7.72
che,20220501,7.7
che,20220508,7.65
che,20220515,7.59
che,20220522,7.59
che,20220529,7.52
che,20220605,7.48
che,20220612,7.44
che,20220619,7.5
che,20220626,7.55
che,20220703,7.57
che,20220710,7.58
che,20220717,7.6
che,20220724,7.68
che,20220731,7.77
che,20220807,7.8
che,20220814,7.82
che,20220821,7.82
che,20220828,7.82
che,20220904,7.77
che,20220911,7.74
che,20220918,7.71
che,20220925,7.62
che,20221002,7.64
che,20221009,7.59
chl,20200223,1.3
chl,20200301,1.24
chl,20200308,1.16
chl,20200315,1.27
chl,20200322,1.65
chl,20200329,1.83
chl,20200405,2.09
chl,20200412,1.84
chl,20200419,2.01
chl,20200426,1.95
chl,20200503,1.88
chl,20200510,2.58
chl,20200517,3.23
chl,20200524,4.65
chl,20200531,6.9
chl,20200607,9.77
chl,20200614,12.29
chl,20200621,14.06
chl,20200628,15.23
chl,20200705,15.61
chl,20200712,15.84
chl,20200719,15.69
chl,20200726,15.46
chl,20200802,15.22
chl,20200809,14.92
chl,20200816,14.57
chl,20200823,14.5
chl,20200830,14.38
chl,20200906,14.07
chl,20200913,13.88
chl,20200920,13.62
chl,20200927,13.44
chl,20201004,13.32
chl,20201011,13.34
chl,20201018,13.3
chl,20201025,13.29
chl,20201101,13.25
chl,20201108,13.19
chl,20201115,13.06
chl,20201122,12.95
chl,20201129,12.91
chl,20201206,12.9
chl,20201213,12.85
chl,20201220,12.79
chl,20201227,12.92
chl,20210103,13.01
chl,20210110,13.12
chl,20210117,13.3
chl,20210124,13.65
chl,20210131,13.86
chl,20210207,14.11
chl,20210214,14.33
chl,20210221,14.54
chl,20210228,14.78
chl,20210307,15.14
chl,20210314,15.48
chl,20210321,15.73
chl,20210328,16.1
chl,20210404,16.5
chl,20210411,16.86
chl,20210418,17.2
chl,20210425,17.39
chl,20210502,17.6
chl,20210509,17.78
chl,20210516,17.99
chl,20210523,18.24
chl,20210530,18.48
chl,20210606,18.64
chl,20210613,18.79
chl,20210620,18.89
chl,20210627,18.99
chl,20210704,19.16
chl,20210711,19.23
chl,20210718,19.28
chl,20210725,19.18
chl,20210801,19.06
chl,20210808,18.89
chl,20210815,18.77
chl,20210822,18.66
chl,20210829,18.43
chl,20210905,18.24
chl,20210912,18.05
chl,20210919,17.9
chl,20210926,17.7
chl,20211003,17.5
chl,20211010,17.38
chl,20211017,17.31
chl,20211024,17.19
chl,20211031,17.17
chl,20211107,17.09
chl,20211114,17.08
chl,20211121,17.07
chl,20211128,17.07
chl,20211205,17.15
chl,20211212,17.18
chl,20211219,17.21
chl,20211226,17.24
chl,20220102,17.31
chl,20220109,17.32
chl,20220116,17.38
chl,20220123,17.39
chl,20220130,17.48
chl,20220206,17.69
chl,20220213,17.97
chl,20220220,18.35
chl,20220227,18.7
chl,20220306,19.03
chl,20220313,19.25
chl,20220320,19.39
chl,20220327,19.48
chl,20220403,19.52
chl,20220410,19.52
chl,20220417,19.42
chl,20220424,19.4
chl,20220501,19.29
chl,20220508,19.25
chl,20220515,19.25
chl,20220522,19.2
chl,20220529,19.09
chl,20220605,19.11
chl,20220612,19.05
chl,20220619,18.98
chl,20220626,18.89
chl,20220703,18.81
chl,20220710,18.8
chl,20220717,18.83
chl,20220724,18.83
chl,20220731,18.71
chl,20220807,18.6
chl,20220814,18.52
chl,20220821,18.48
chl,20220828,18.42
chl,20220904,18.38
chl,20220911,18.28
chl,20220918,18.21
chl,20220925,18.16
chl,20221002,18.06
chl,20221009,17.97
col,20200308,1.14
col,20200315,0.67
col,20200322,0.46
col,20200329,-0.02
col,20200405,-0.6
col,20200412,-0.99
col,20200419,-1.21
col,20200426,-1.43
col,20200503,-1.76
col,20200510,-1.9
col,20200517,-2.04
col,20200524,-2.01
col,20200531,-1.95
col,20200607,-1.56
col,20200614,-1
col,20200621,-0.15
col,20200628,0.87
col,20200705,1.95
col,20200712,3.33
col,20200719,5.12
col,20200726,7.16
col,20200802,9.28
col,20200809,11.08
col,20200816,12.66
col,20200823,13.87
col,20200830,14.79
col,20200906,15.53
col,20200913,16.15
col,20200920,16.62
col,20200927,17.09
col,20201004,17.43
col,20201011,17.82
col,20201018,18.2
col,20201025,18.67
col,20201101,18.95
col,20201108,19.29
col,20201115,19.55
col,20201122,19.83
col,20201129,20.09
col,20201206,20.25
col,20201213,20.58
col,20201220,20.9
col,20201227,21.34
col,20210103,22.01
col,20210110,22.67
col,20210117,23.58
col,20210124,24.47
col,20210131,25.08
col,20210207,25.49
col,20210214,25.65
col,20210221,25.69
col,20210228,25.6
col,20210307,25.5
col,20210314,25.3
col,20210321,25.19
col,20210328,25.21
col,20210404,25.4
col,20210411,25.83
col,20210418,26.63
col,20210425,27.52
col,20210502,28.37
col,20210509,29.22
col,20210516,30.05
col,20210523,30.82
col,20210530,31.66
col,20210606,32.61
col,20210613,33.6
col,20210620,34.68
col,20210627,35.72
col,20210704,36.67
col,20210711,37.42
col,20210718,37.94
col,20210725,38.21
col,20210801,38.35
col,20210808,38.28
col,20210815,38.07
col,20210822,37.82
col,20210829,37.53
col,20210905,37.19
col,20210912,36.84
col,20210919,36.5
col,20210926,36.2
col,20211003,35.89
col,20211010,35.6
col,20211017,35.3
col,20211024,34.99
col,20211031,34.71
col,20211107,34.43
col,20211114,34.18
col,20211121,33.94
col,20211128,33.69
col,20211205,33.48
col,20211212,33.25
col,20211219,33.01
col,20211226,32.85
col,20220102,32.65
col,20220109,32.52
col,20220116,32.57
col,20220123,32.78
col,20220130,33.09
col,20220206,33.32
col,20220213,33.4
col,20220220,33.35
col,20220227,33.17
col,20220306,32.95
col,20220313,32.69
col,20220320,32.41
col,20220327,32.16
col,20220403,31.88
col,20220410,31.63
col,20220417,31.36
col,20220424,31.12
col,20220501,30.89
col,20220508,30.68
col,20220515,30.46
col,20220522,30.21
col,20220529,29.98
col,20220605,29.77
col,20220612,29.57
col,20220619,29.37
col,20220626,29.18
col,20220703,29.06
col,20220710,28.95
col,20220717,28.86
col,20220724,28.7
col,20220731,28.57
col,20220807,28.41
col,20220814,28.24
col,20220821,28.04
col,20220828,27.88
col,20220904,27.72
col,20220911,27.55
col,20220918,27.35
col,20220925,27.14
cpv,20200331,-6.47
cpv,20200430,-4.38
cpv,20200531,-3.83
cpv,20200630,-0.22
cpv,20200731,0.09
cpv,20200831,0.56
cpv,20200930,2.88
cpv,20201031,5.06
cpv,20201130,6.13
cpv,20201231,6.81
cri,20200331,-1.3
cri,20200430,-2.75
cri,20200531,-4.49
cri,20200630,-5.71
cri,20200731,-5.13
cri,20200831,-3.52
cri,20200930,-0.6
cri,20201031,1
cri,20201130,1.58
cri,20201231,3.64
cri,20210131,4.78
cri,20210228,4.92
cri,20210331,5.05
cri,20210430,5.4
cri,20210531,7.47
cri,20210630,8.28
cri,20210731,8.65
cri,20210831,9.54
cri,20210930,11.42
cri,20211031,12.48
cri,20211130,12.22
cri,20211231,11.58
cub,20200331,2.61
cub,20200430,3.45
cub,20200531,1.77
cub,20200630,0.64
cub,20200731,-0.36
cub,20200831,-0.44
cub,20200930,-1.12
cub,20201031,-1.22
cub,20201130,-0.92
cub,20201231,0.45
cub,20210131,1.88
cub,20210228,2.79
cub,20210331,3.4
cub,20210430,4.08
cub,20210531,4.68
cub,20210630,5.16
cub,20210731,9.54
cub,20210831,19.11
cub,20210930,25.18
cub,20211031,25.52
cub,20211130,24.65
cub,20211231,23.69
cyp,20200315,0.71
cyp,20200322,1.25
cyp,20200329,2.26
cyp,20200405,2.43
cyp,20200412,1.91
cyp,20200419,1.89
cyp,20200426,1.49
cyp,20200503,1.4
cyp,20200510,1.42
cyp,20200517,2.72
cyp,20200524,5.2
cyp,20200531,5.01
cyp,20200607,5.64
cyp,20200614,5.31
cyp,20200621,4.73
cyp,20200628,4.56
cyp,20200705,4.66
cyp,20200712,4.21
cyp,20200719,4.12
cyp,20200726,4.28
cyp,20200802,4.37
cyp,20200809,3.69
cyp,20200816,3.67
cyp,20200823,3.61
cyp,20200830,3.43
cyp,20200906,3.17
cyp,20200913,3.39
cyp,20200920,3.29
cyp,20200927,3.2
cyp,20201004,3.32
cyp,20201011,3.27
cyp,20201018,3.24
cyp,20201025,3.38
cyp,20201101,3.32
cyp,20201108,3.45
cyp,20201115,3.5
cyp,20201122,3.49
cyp,20201129,3.67
cyp,20201206,3.92
cyp,20201213,4.45
cyp,20201220,4.66
cyp,20201227,4.78
cyp,20210103,5.3
cyp,20210110,5.63
cyp,20210117,5.09
cyp,20210124,4.92
cyp,20210131,4.98
cyp,20210207,4.87
cyp,20210214,4.1
cyp,20210221,3.95
cyp,20210228,3.77
cyp,20210307,3.42
cyp,20210314,3.23
cyp,20210321,3.22
cyp,20210328,3.12
cyp,20210404,3.27
cyp,20210411,3.5
cyp,20210418,3.92
cyp,20210425,4.15
cyp,20210502,4.33
cyp,20210509,4.62
cyp,20210516,4.55
cyp,20210523,4.42
cyp,20210530,4.43
cyp,20210606,4.42
cyp,20210613,4.45
cyp,20210620,4.52
cyp,20210627,4.36
cyp,20210704,4.62
cyp,20210711,4.82
cyp,20210718,4.94
cyp,20210725,5.29
cyp,20210801,5.76
cyp,20210808,6.31
cyp,20210815,6.77
cyp,20210822,7.01
cyp,20210829,7.32
cyp,20210905,7.51
cyp,20210912,7.6
cyp,20210919,7.67
cyp,20210926,7.73
cyp,20211003,7.81
cyp,20211010,7.83
cyp,20211017,7.94
cyp,20211024,8
cyp,20211031,8
cyp,20211107,7.81
cyp,20211114,7.96
cyp,20211121,8.2
cyp,20211128,8.31
cyp,20211205,8.44
cyp,20211212,8.47
cyp,20211219,8.72
cyp,20211226,8.71
cyp,20220102,8.91
cyp,20220109,9.12
cyp,20220116,9.14
cyp,20220123,9.42
cyp,20220130,9.44
cyp,20220206,9.58
cyp,20220213,9.55
cyp,20220220,9.6
cyp,20220227,9.7
cyp,20220306,9.58
cyp,20220313,9.5
cyp,20220320,9.56
cyp,20220327,9.81
cyp,20220403,10.19
cyp,20220410,10.39
cyp,20220417,10.44
cyp,20220424,10.31
cyp,20220501,10.22
cyp,20220508,10.05
cyp,20220515,9.95
cyp,20220522,9.97
cyp,20220529,9.83
cyp,20220605,9.65
cyp,20220612,9.57
cyp,20220619,9.59
cyp,20220626,9.39
cyp,20220703,9.28
cyp,20220710,9.21
cyp,20220717,9.25
cyp,20220724,9.15
cyp,20220731,9.27
cyp,20220807,9.2
cyp,20220814,9.18
cyp,20220821,9.09
cze,20200301,-5.29
cze,20200308,-5.41
cze,20200315,-5.23
cze,20200322,-4.76
cze,20200329,-4.25
cze,20200405,-3.63
cze,20200412,-3.18
cze,20200419,-2.96
cze,20200426,-3.09
cze,20200503,-2.85
cze,20200510,-2.86
cze,20200517,-2.74
cze,20200524,-2.85
cze,20200531,-3.01
cze,20200607,-2.64
cze,20200614,-2.57
cze,20200621,-2.43
cze,20200628,-2.21
cze,20200705,-2
cze,20200712,-1.98
cze,20200719,-1.99
cze,20200726,-1.91
cze,20200802,-1.63
cze,20200809,-1.44
cze,20200816,-1.28
cze,20200823,-1.11
cze,20200830,-1.04
cze,20200906,-0.96
cze,20200913,-0.83
cze,20200920,-0.59
cze,20200927,-0.18
cze,20201004,0.09
cze,20201011,0.6
cze,20201018,1.5
cze,20201025,3.09
cze,20201101,5.25
cze,20201108,7.35
cze,20201115,8.92
cze,20201122,10
cze,20201129,10.79
cze,20201206,11.45
cze,20201213,12.05
cze,20201220,12.69
cze,20201227,13.25
cze,20210103,14.05
cze,20210110,14.97
cze,20210117,15.79
cze,20210124,16.42
cze,20210131,16.9
cze,20210207,17.21
cze,20210214,17.59
cze,20210221,17.94
cze,20210228,18.39
cze,20210307,19.07
cze,20210314,19.85
cze,20210321,20.53
cze,20210328,20.99
cze,20210404,21.44
cze,20210411,21.61
cze,20210418,21.61
cze,20210425,21.56
cze,20210502,21.46
cze,20210509,21.32
cze,20210516,21.14
cze,20210523,20.89
cze,20210530,20.57
cze,20210606,20.29
cze,20210613,20.02
cze,20210620,19.8
cze,20210627,19.57
cze,20210704,19.27
cze,20210711,18.99
cze,20210718,18.76
cze,20210725,18.5
cze,20210801,18.3
cze,20210808,17.99
cze,20210815,17.77
cze,20210822,17.5
cze,20210829,17.28
cze,20210905,17.09
cze,20210912,16.95
cze,20210919,16.83
cze,20210926,16.68
cze,20211003,16.51
cze,20211010,16.31
cze,20211017,16.16
cze,20211024,16.08
cze,20211031,16.13
cze,20211107,16.24
cze,20211114,16.45
cze,20211121,16.7
cze,20211128,17.04
cze,20211205,17.44
cze,20211212,17.8
cze,20211219,18.03
cze,20211226,18.14
cze,20220102,18.17
cze,20220109,18.02
cze,20220116,17.89
cze,20220123,17.66
cze,20220130,17.44
cze,20220206,17.32
cze,20220213,17.19
cze,20220220,17.02
cze,20220227,16.81
cze,20220306,16.59
cze,20220313,16.38
cze,20220320,16.18
cze,20220327,16.08
cze,20220403,16.02
cze,20220410,15.95
cze,20220417,15.86
cze,20220424,15.79
cze,20220501,15.68
cze,20220508,15.62
cze,20220515,15.52
cze,20220522,15.4
cze,20220529,15.22
cze,20220605,15.08
cze,20220612,14.97
cze,20220619,14.84
cze,20220626,14.71
cze,20220703,14.65
cze,20220710,14.48
cze,20220717,14.33
cze,20220724,14.3
cze,20220731,14.22
cze,20220807,14.14
cze,20220814,14.05
cze,20220821,13.95
cze,20220828,13.86
deu,20200202,-4.74
deu,20200209,-5.43
deu,20200216,-5.85
deu,20200223,-6.84
deu,20200301,-7.56
deu,20200308,-7.82
deu,20200315,-7.58
deu,20200322,-7.11
deu,20200329,-6.5
deu,20200405,-5.48
deu,20200412,-4.45
deu,20200419,-3.8
deu,20200426,-3.4
deu,20200503,-3.1
deu,20200510,-2.97
deu,20200517,-2.9
deu,20200524,-2.73
deu,20200531,-2.7
deu,20200607,-2.53
deu,20200614,-2.4
deu,20200621,-2.4
deu,20200628,-2.24
deu,20200705,-2.35
deu,20200712,-2.39
deu,20200719,-2.42
deu,20200726,-2.49
deu,20200802,-2.41
deu,20200809,-2.26
deu,20200816,-1.73
deu,20200823,-1.54
deu,20200830,-1.53
deu,20200906,-1.43
deu,20200913,-1.32
deu,20200920,-1.16
deu,20200927,-1.05
deu,20201004,-0.94
deu,20201011,-0.94
deu,20201018,-0.9
deu,20201025,-0.76
deu,20201101,-0.61
deu,20201108,-0.46
deu,20201115,-0.25
deu,20201122,-0.01
deu,20201129,0.33
deu,20201206,0.76
deu,20201213,1.32
deu,20201220,1.9
deu,20201227,2.58
deu,20210103,3.22
deu,20210110,3.68
deu,20210117,4.04
deu,20210124,4.36
deu,20210131,4.5
deu,20210207,4.48
deu,20210214,4.39
deu,20210221,4.21
deu,20210228,3.86
deu,20210307,3.43
deu,20210314,3.08
deu,20210321,2.8
deu,20210328,2.61
deu,20210404,2.49
deu,20210411,2.43
deu,20210418,2.45
deu,20210425,2.5
deu,20210502,2.59
deu,20210509,2.68
deu,20210516,2.7
deu,20210523,2.7
deu,20210530,2.67
deu,20210606,2.71
deu,20210613,2.7
deu,20210620,2.84
deu,20210627,2.83
deu,20210704,2.79
deu,20210711,2.72
deu,20210718,2.74
deu,20210725,2.74
deu,20210801,2.66
deu,20210808,2.6
deu,20210815,2.6
deu,20210822,2.6
deu,20210829,2.6
deu,20210905,2.6
deu,20210912,2.71
deu,20210919,2.76
deu,20210926,2.82
deu,20211003,2.86
deu,20211010,2.89
deu,20211017,2.92
deu,20211024,3.01
deu,20211031,3.13
deu,20211107,3.26
deu,20211114,3.39
deu,20211121,3.59
deu,20211128,3.82
deu,20211205,4.09
deu,20211212,4.33
deu,20211219,4.5
deu,20211226,4.63
deu,20220102,4.75
deu,20220109,4.74
deu,20220116,4.68
deu,20220123,4.61
deu,20220130,4.54
deu,20220206,4.47
deu,20220213,4.39
deu,20220220,4.32
deu,20220227,4.19
deu,20220306,4.06
deu,20220313,3.97
deu,20220320,3.93
deu,20220327,3.93
deu,20220403,3.95
deu,20220410,3.99
deu,20220417,4.03
deu,20220424,4.05
deu,20220501,4.07
deu,20220508,4.1
deu,20220515,4.12
deu,20220522,4.13
deu,20220529,4.1
deu,20220605,4.1
deu,20220612,4.1
deu,20220619,4.14
deu,20220626,4.18
deu,20220703,4.21
deu,20220710,4.19
deu,20220717,4.23
deu,20220724,4.34
deu,20220731,4.4
deu,20220807,4.45
deu,20220814,4.51
deu,20220821,4.58
deu,20220828,4.62
deu,20220904,4.62
deu,20220911,4.66
deu,20220918,4.68
deu,20220925,4.72
deu,20221002,4.8
deu,20221009,4.88
dnk,20200202,-4.76
dnk,20200209,-5.25
dnk,20200216,-6.18
dnk,20200223,-7.03
dnk,20200301,-8.01
dnk,20200308,-8.37
dnk,20200315,-8.55
dnk,20200322,-7.93
dnk,20200329,-7.37
dnk,20200405,-6.44
dnk,20200412,-5.78
dnk,20200419,-5.32
dnk,20200426,-4.67
dnk,20200503,-4.51
dnk,20200510,-4.37
dnk,20200517,-4.41
dnk,20200524,-4.24
dnk,20200531,-4.19
dnk,20200607,-4.18
dnk,20200614,-4.04
dnk,20200621,-4.08
dnk,20200628,-3.86
dnk,20200705,-3.65
dnk,20200712,-3.59
dnk,20200719,-3.35
dnk,20200726,-3.45
dnk,20200802,-3.38
dnk,20200809,-3.37
dnk,20200816,-3.23
dnk,20200823,-3.15
dnk,20200830,-3.12
dnk,20200906,-3
dnk,20200913,-2.92
dnk,20200920,-2.63
dnk,20200927,-2.65
dnk,20201004,-2.6
dnk,20201011,-2.73
dnk,20201018,-2.68
dnk,20201025,-2.44
dnk,20201101,-2.47
dnk,20201108,-2.41
dnk,20201115,-2.26
dnk,20201122,-2.15
dnk,20201129,-2.05
dnk,20201206,-2.02
dnk,20201213,-1.99
dnk,20201220,-1.6
dnk,20201227,-1.35
dnk,20210103,-1.03
dnk,20210110,-0.89
dnk,20210117,-0.77
dnk,20210124,-0.54
dnk,20210131,-0.4
dnk,20210207,-0.37
dnk,20210214,-0.46
dnk,20210221,-0.68
dnk,20210228,-1.01
dnk,20210307,-1.37
dnk,20210314,-1.58
dnk,20210321,-1.88
dnk,20210328,-2.03
dnk,20210404,-2.21
dnk,20210411,-2.35
dnk,20210418,-2.42
dnk,20210425,-2.39
dnk,20210502,-2.37
dnk,20210509,-2.28
dnk,20210516,-2.26
dnk,20210523,-2.19
dnk,20210530,-2.13
dnk,20210606,-2.08
dnk,20210613,-2
dnk,20210620,-1.99
dnk,20210627,-1.97
dnk,20210704,-1.84
dnk,20210711,-1.85
dnk,20210718,-1.73
dnk,20210725,-1.65
dnk,20210801,-1.58
dnk,20210808,-1.42
dnk,20210815,-1.31
dnk,20210822,-1.23
dnk,20210829,-1.15
dnk,20210905,-1.07
dnk,20210912,-0.94
dnk,20210919,-0.87
dnk,20210926,-0.81
dnk,20211003,-0.68
dnk,20211010,-0.62
dnk,20211017,-0.48
dnk,20211024,-0.37
dnk,20211031,-0.26
dnk,20211107,-0.14
dnk,20211114,-0.04
dnk,20211121,0.03
dnk,20211128,0.17
dnk,20211205,0.3
dnk,20211212,0.43
dnk,20211219,0.56
dnk,20211226,0.73
dnk,20220102,0.87
dnk,20220109,1.02
dnk,20220116,1.05
dnk,20220123,1.06
dnk,20220130,1.08
dnk,20220206,1.07
dnk,20220213,1.14
dnk,20220220,1.17
dnk,20220227,1.2
dnk,20220306,1.18
dnk,20220313,1.17
dnk,20220320,1.15
dnk,20220327,1.18
dnk,20220403,1.21
dnk,20220410,1.28
dnk,20220417,1.3
dnk,20220424,1.29
dnk,20220501,1.35
dnk,20220508,1.35
dnk,20220515,1.3
dnk,20220522,1.33
dnk,20220529,1.3
dnk,20220605,1.32
dnk,20220612,1.32
dnk,20220619,1.32
dnk,20220626,1.38
dnk,20220703,1.48
dnk,20220710,1.49
dnk,20220717,1.49
dnk,20220724,1.55
dnk,20220731,1.56
dnk,20220807,1.6
dnk,20220814,1.64
dnk,20220821,1.73
dnk,20220828,1.78
dnk,20220904,1.77
dnk,20220911,1.8
dnk,20220918,1.79
dnk,20220925,1.79
dnk,20221002,1.82
dnk,20221009,1.88
dnk,20221016,1.88
dom,20200331,0.32
dom,20200430,-3.14
dom,20200531,-5.16
dom,20200630,-2.99
dom,20200731,2.37
dom,20200831,5.39
dom,20200930,4.83
dom,20201031,3.74
dom,20201130,3.14
dom,20201231,3.5
dom,20210131,4.81
dom,20210228,4.56
dom,20210331,4.21
dom,20210430,4.11
dom,20210531,5.01
dom,20210630,6.58
dom,20210731,6.78
dom,20210831,6.65
dom,20210930,6.47
dom,20211031,6.66
dza,20200229,-1.6
dza,20200331,-0.99
dza,20200430,-0.51
dza,20200531,-0.44
dza,20200630,3.49
dza,20200731,18.53
dza,20200831,22.82
dza,20200930,22.44
dza,20201031,22.4
dza,20201130,26.6
dza,20201231,26.86
ecu,20200301,-1.71
ecu,20200308,-2.39
ecu,20200315,-2.57
ecu,20200322,-2.14
ecu,20200329,9.66
ecu,20200405,36.08
ecu,20200412,54.68
ecu,20200419,63.85
ecu,20200426,68.24
ecu,20200503,69.62
ecu,20200510,70.37
ecu,20200517,69.79
ecu,20200524,69.02
ecu,20200531,68.05
ecu,20200607,67.01
ecu,20200614,66.44
ecu,20200621,65.75
ecu,20200628,65.08
ecu,20200705,64.68
ecu,20200712,64.91
ecu,20200719,65.31
ecu,20200726,65.89
ecu,20200802,66.23
ecu,20200809,66.46
ecu,20200816,66.41
ecu,20200823,66.13
ecu,20200830,65.42
ecu,20200906,64.89
ecu,20200913,64.2
ecu,20200920,63.45
ecu,20200927,62.54
ecu,20201004,61.47
ecu,20201011,60.75
ecu,20201018,59.87
ecu,20201025,59.1
ecu,20201101,58.16
ecu,20201108,57.19
ecu,20201115,56.48
ecu,20201122,55.91
ecu,20201129,55.21
ecu,20201206,54.61
ecu,20201213,53.81
ecu,20201220,53.15
ecu,20201227,52.57
ecu,20210103,52.19
ecu,20210110,51.75
ecu,20210117,51.57
ecu,20210124,51.59
ecu,20210131,51.47
ecu,20210207,51.42
ecu,20210214,51.28
ecu,20210221,51.19
ecu,20210228,51.13
ecu,20210307,51.02
ecu,20210314,51.02
ecu,20210321,51.29
ecu,20210328,51.71
ecu,20210404,52.26
ecu,20210411,52.95
ecu,20210418,53.58
ecu,20210425,54.52
ecu,20210502,55.29
ecu,20210509,55.82
ecu,20210516,56.12
ecu,20210523,56.17
ecu,20210530,56.07
ecu,20210606,55.79
ecu,20210613,55.48
ecu,20210620,55.18
ecu,20210627,54.85
ecu,20210704,54.45
ecu,20210711,54.09
ecu,20210718,53.74
ecu,20210725,53.31
ecu,20210801,52.96
ecu,20210808,52.45
ecu,20210815,51.94
ecu,20210822,51.39
ecu,20210829,50.95
ecu,20210905,50.41
ecu,20210912,49.9
ecu,20210919,49.43
ecu,20210926,48.95
ecu,20211003,48.55
ecu,20211010,48.05
ecu,20211017,47.64
ecu,20211024,47.18
ecu,20211031,46.72
ecu,20211107,46.24
ecu,20211114,45.82
ecu,20211121,45.46
ecu,20211128,45.11
ecu,20211205,44.73
ecu,20211212,44.4
ecu,20211219,44.07
ecu,20211226,43.78
ecu,20220102,43.56
ecu,20220109,43.35
ecu,20220116,43.37
ecu,20220123,43.61
ecu,20220130,43.78
ecu,20220206,43.87
ecu,20220213,43.75
ecu,20220220,43.48
ecu,20220227,43.14
ecu,20220306,42.87
ecu,20220313,42.44
ecu,20220320,42.05
ecu,20220327,41.76
ecu,20220403,41.46
ecu,20220410,41.1
ecu,20220417,40.66
ecu,20220424,40.36
ecu,20220501,40.03
ecu,20220508,39.68
ecu,20220515,39.42
ecu,20220522,39.11
ecu,20220529,38.85
ecu,20220605,38.58
ecu,20220612,38.34
ecu,20220619,38.12
ecu,20220626,37.91
ecu,20220703,37.68
ecu,20220710,37.44
ecu,20220717,37.26
ecu,20220724,37.09
ecu,20220731,36.94
ecu,20220807,36.77
ecu,20220814,36.63
ecu,20220821,36.46
ecu,20220828,36.29
ecu,20220904,36.05
ecu,20220911,35.81
ecu,20220918,35.62
ecu,20220925,35.39
ecu,20221002,35.16
ecu,20221009,34.9
egy,20200229,0.16
egy,20200331,2.04
egy,20200430,1.48
egy,20200531,6.75
egy,20200630,18.46
egy,20200731,20.1
egy,20200831,19.31
egy,20200930,18.98
egy,20201031,17.89
egy,20201130,17.7
egy,20201231,18.83
egy,20210131,18.83
egy,20210228,18.38
egy,20210331,19.22
egy,20210430,21.43
egy,20210531,24.01
egy,20210630,24.14
egy,20210731,23.75
egy,20210831,23.21
egy,20210930,23.64
egy,20211031,24.83
egy,20211130,25.35
egy,20211231,24.74
egy,20220131,24.41
egy,20220228,25.09
egy,20220331,24.75
egy,20220430,24.15
egy,20220531,23.45
egy,20220630,22.69
esp,20200112,-10.59
esp,20200202,-5.97
esp,20200209,-5.96
esp,20200216,-6.25
esp,20200223,-6.76
esp,20200301,-6.96
esp,20200308,-6.74
esp,20200315,-5.33
esp,20200322,-0.98
esp,20200329,8.44
esp,20200405,17.67
esp,20200412,23.32
esp,20200419,25.75
esp,20200426,26.22
esp,20200503,25.89
esp,20200510,25.23
esp,20200517,24.13
esp,20200524,23.24
esp,20200531,22.51
esp,20200607,21.56
esp,20200614,20.58
esp,20200621,19.64
esp,20200628,19.02
esp,20200705,18.37
esp,20200712,17.83
esp,20200719,17.3
esp,20200726,16.96
esp,20200802,16.89
esp,20200809,16.77
esp,20200816,16.7
esp,20200823,16.56
esp,20200830,16.48
esp,20200906,16.39
esp,20200913,16.41
esp,20200920,16.41
esp,20200927,16.33
esp,20201004,16.29
esp,20201011,16.33
esp,20201018,16.35
esp,20201025,16.59
esp,20201101,16.8
esp,20201108,17.15
esp,20201115,17.35
esp,20201122,17.43
esp,20201129,17.4
esp,20201206,17.37
esp,20201213,17.24
esp,20201220,16.99
esp,20201227,16.6
esp,20210103,16.35
esp,20210110,16.1
esp,20210117,16.07
esp,20210124,16.22
esp,20210131,16.4
esp,20210207,16.37
esp,20210214,16.17
esp,20210221,15.83
esp,20210228,15.46
esp,20210307,15.06
esp,20210314,14.7
esp,20210321,14.37
esp,20210328,14.13
esp,20210404,13.89
esp,20210411,13.67
esp,20210418,13.46
esp,20210425,13.32
esp,20210502,13.16
esp,20210509,13.07
esp,20210516,12.92
esp,20210523,12.77
esp,20210530,12.6
esp,20210606,12.45
esp,20210613,12.36
esp,20210620,12.29
esp,20210627,12.11
esp,20210704,11.99
esp,20210711,11.83
esp,20210718,11.68
esp,20210725,11.69
esp,20210801,11.7
esp,20210808,11.74
esp,20210815,11.81
esp,20210822,11.92
esp,20210829,11.95
esp,20210905,11.96
esp,20210912,11.98
esp,20210919,11.96
esp,20210926,11.9
esp,20211003,11.84
esp,20211010,11.78
esp,20211017,11.7
esp,20211024,11.64
esp,20211031,11.63
esp,20211107,11.54
esp,20211114,11.55
esp,20211121,11.54
esp,20211128,11.52
esp,20211205,11.55
esp,20211212,11.53
esp,20211219,11.52
esp,20211226,11.51
esp,20220102,11.47
esp,20220109,11.34
esp,20220116,11.24
esp,20220123,11.14
esp,20220130,11.12
esp,20220206,11.09
esp,20220213,10.99
esp,20220220,10.83
esp,20220227,10.67
esp,20220306,10.5
esp,20220313,10.36
esp,20220320,10.26
esp,20220327,10.2
esp,20220403,10.13
esp,20220410,10.09
esp,20220417,10.07
esp,20220424,10.05
esp,20220501,10.04
esp,20220508,10.05
esp,20220515,10.09
esp,20220522,10.15
esp,20220529,10.14
esp,20220605,10.14
esp,20220612,10.14
esp,20220619,10.26
esp,20220626,10.29
esp,20220703,10.32
esp,20220710,10.37
esp,20220717,10.6
esp,20220724,10.84
esp,20220731,10.98
esp,20220807,11.08
esp,20220814,11.17
esp,20220821,11.17
esp,20220828,11.19
esp,20220904,11.18
esp,20220911,11.17
esp,20220918,11.17
esp,20220925,11.12
esp,20221002,11.03
est,20200209,-12.23
est,20200216,-10.69
est,20200223,-9.75
est,20200301,-9.39
est,20200308,-9.78
est,20200315,-8.58
est,20200322,-8.01
est,20200329,-7.32
est,20200405,-6.64
est,20200412,-6.18
est,20200419,-5.71
est,20200426,-4.87
est,20200503,-4.44
est,20200510,-3.97
est,20200517,-4.15
est,20200524,-4.15
est,20200531,-3.65
est,20200607,-3.7
est,20200614,-3.56
est,20200621,-3.39
est,20200628,-3.03
est,20200705,-2.9
est,20200712,-2.8
est,20200719,-2.6
est,20200726,-2.39
est,20200802,-1.98
est,20200809,-2.01
est,20200816,-1.82
est,20200823,-1.8
est,20200830,-1.54
est,20200906,-1.4
est,20200913,-1.55
est,20200920,-1.28
est,20200927,-0.9
est,20201004,-0.79
est,20201011,-0.9
est,20201018,-0.77
est,20201025,-0.71
est,20201101,-0.93
est,20201108,-0.89
est,20201115,-0.89
est,20201122,-0.64
est,20201129,-0.36
est,20201206,-0.09
est,20201213,0.21
est,20201220,0.4
est,20201227,0.66
est,20210103,0.96
est,20210110,1.16
est,20210117,1.42
est,20210124,1.81
est,20210131,1.86
est,20210207,1.87
est,20210214,2.03
est,20210221,2.12
est,20210228,2.42
est,20210307,2.82
est,20210314,3.2
est,20210321,3.64
est,20210328,4.03
est,20210404,4.43
est,20210411,4.82
est,20210418,5.13
est,20210425,5.33
est,20210502,5.38
est,20210509,5.57
est,20210516,5.76
est,20210523,5.72
est,20210530,5.77
est,20210606,5.76
est,20210613,5.77
est,20210620,5.8
est,20210627,6.23
est,20210704,6.36
est,20210711,6.72
est,20210718,6.87
est,20210725,6.81
est,20210801,6.73
est,20210808,6.81
est,20210815,6.81
est,20210822,6.76
est,20210829,6.81
est,20210905,6.93
est,20210912,7.15
est,20210919,7.16
est,20210926,7.32
est,20211003,7.45
est,20211010,7.55
est,20211017,7.71
est,20211024,7.87
est,20211031,8.21
est,20211107,8.55
est,20211114,8.85
est,20211121,9.12
est,20211128,9.49
est,20211205,9.63
est,20211212,9.82
est,20211219,9.96
est,20211226,10.05
est,20220102,10.22
est,20220109,10.23
est,20220116,10.19
est,20220123,10.1
est,20220130,10.05
est,20220206,10.04
est,20220213,10.02
est,20220220,10.25
est,20220227,10.42
est,20220306,10.52
est,20220313,10.55
est,20220320,10.56
est,20220327,10.55
est,20220403,10.48
est,20220410,10.43
est,20220417,10.33
est,20220424,10.29
est,20220501,10.18
est,20220508,10.13
est,20220515,10.13
est,20220522,9.98
est,20220529,9.88
est,20220605,9.83
est,20220612,9.87
est,20220619,9.86
est,20220626,9.95
est,20220703,10.05
est,20220710,10.09
est,20220717,10.09
est,20220724,10.07
est,20220731,10.07
est,20220807,10.13
est,20220814,10.03
est,20220821,10.04
est,20220828,10.05
est,20220904,9.98
fin,20200202,-10.15
fin,20200209,-8.92
fin,20200216,-7.96
fin,20200223,-7.28
fin,20200301,-7.36
fin,20200308,-6.79
fin,20200315,-6.34
fin,20200322,-5.73
fin,20200329,-5.16
fin,20200405,-4.73
fin,20200412,-3.77
fin,20200419,-3.47
fin,20200426,-2.73
fin,20200503,-2.23
fin,20200510,-1.83
fin,20200517,-1.25
fin,20200524,-1.29
fin,20200531,-1.16
fin,20200607,-1.13
fin,20200614,-0.97
fin,20200621,-0.64
fin,20200628,-0.44
fin,20200705,-0.33
fin,20200712,-0.38
fin,20200719,-0.24
fin,20200726,-0.33
fin,20200802,-0.25
fin,20200809,-0.22
fin,20200816,-0.2
fin,20200823,-0.09
fin,20200830,-0.08
fin,20200906,-0.1
fin,20200913,0.26
fin,20200920,0.35
fin,20200927,0.53
fin,20201004,0.37
fin,20201011,0.22
fin,20201018,0.3
fin,20201025,0.32
fin,20201101,0.49
fin,20201108,0.5
fin,20201115,0.51
fin,20201122,0.65
fin,20201129,0.75
fin,20201206,0.81
fin,20201213,0.84
fin,20201220,0.89
fin,20201227,0.77
fin,20210103,0.75
fin,20210110,0.57
fin,20210117,0.43
fin,20210124,0.42
fin,20210131,0.42
fin,20210207,0.31
fin,20210214,0.15
fin,20210221,0.2
fin,20210228,0.21
fin,20210307,0.12
fin,20210314,0
fin,20210321,-0.06
fin,20210328,-0.19
fin,20210404,-0.25
fin,20210411,-0.31
fin,20210418,-0.37
fin,20210425,-0.4
fin,20210502,-0.44
fin,20210509,-0.43
fin,20210516,-0.3
fin,20210523,-0.29
fin,20210530,-0.27
fin,20210606,-0.23
fin,20210613,-0.24
fin,20210620,-0.2
fin,20210627,-0.09
fin,20210704,-0.06
fin,20210711,0.08
fin,20210718,0.29
fin,20210725,0.31
fin,20210801,0.34
fin,20210808,0.44
fin,20210815,0.6
fin,20210822,0.71
fin,20210829,0.79
fin,20210905,0.87
fin,20210912,1.03
fin,20210919,1.09
fin,20210926,1.19
fin,20211003,1.3
fin,20211010,1.38
fin,20211017,1.5
fin,20211024,1.64
fin,20211031,1.69
fin,20211107,1.7
fin,20211114,1.8
fin,20211121,1.95
fin,20211128,2.09
fin,20211205,2.23
fin,20211212,2.41
fin,20211219,2.51
fin,20211226,2.59
fin,20220102,2.7
fin,20220109,2.74
fin,20220116,2.77
fin,20220123,2.91
fin,20220130,2.96
fin,20220206,3.05
fin,20220213,3.18
fin,20220220,3.26
fin,20220227,3.26
fin,20220306,3.3
fin,20220313,3.37
fin,20220320,3.42
fin,20220327,3.48
fin,20220403,3.59
fin,20220410,3.71
fin,20220417,3.83
fin,20220424,3.91
fin,20220501,4.02
fin,20220508,4.09
fin,20220515,4.15
fin,20220522,4.2
fin,20220529,4.23
fin,20220605,4.26
fin,20220612,4.24
fin,20220619,4.25
fin,20220626,4.26
fin,20220703,4.34
fin,20220710,4.39
fin,20220717,4.37
fin,20220724,4.41
fin,20220731,4.44
fin,20220807,4.49
fin,20220814,4.61
fin,20220821,4.7
fin,20220828,4.71
fin,20220904,4.65
fra,20200126,-6.61
fra,20200202,-6.52
fra,20200209,-6.76
fra,20200216,-6.93
fra,20200223,-7.34
fra,20200301,-7.51
fra,20200308,-7.36
fra,20200315,-6.59
fra,20200322,-4.89
fra,20200329,-2.05
fra,20200405,2
fra,20200412,5.03
fra,20200419,6.75
fra,20200426,7.14
fra,20200503,6.88
fra,20200510,6.6
fra,20200517,6.28
fra,20200524,6.13
fra,20200531,5.85
fra,20200607,5.59
fra,20200614,5.38
fra,20200621,5.11
fra,20200628,5.08
fra,20200705,4.59
fra,20200712,4.38
fra,20200719,4.07
fra,20200726,3.89
fra,20200802,3.9
fra,20200809,3.84
fra,20200816,4.11
fra,20200823,3.98
fra,20200830,3.86
fra,20200906,3.82
fra,20200913,3.85
fra,20200920,3.96
fra,20200927,3.85
fra,20201004,3.9
fra,20201011,3.89
fra,20201018,3.98
fra,20201025,4.34
fra,20201101,4.86
fra,20201108,5.53
fra,20201115,6.14
fra,20201122,6.61
fra,20201129,6.98
fra,20201206,7.29
fra,20201213,7.52
fra,20201220,7.62
fra,20201227,7.6
fra,20210103,7.68
fra,20210110,7.64
fra,20210117,7.58
fra,20210124,7.66
fra,20210131,7.7
fra,20210207,7.69
fra,20210214,7.63
fra,20210221,7.58
fra,20210228,7.45
fra,20210307,7.27
fra,20210314,7.11
fra,20210321,7.07
fra,20210328,7.04
fra,20210404,7.09
fra,20210411,7.14
fra,20210418,7.22
fra,20210425,7.34
fra,20210502,7.41
fra,20210509,7.47
fra,20210516,7.43
fra,20210523,7.38
fra,20210530,7.3
fra,20210606,7.23
fra,20210613,7.15
fra,20210620,7.11
fra,20210627,6.93
fra,20210704,6.78
fra,20210711,6.63
fra,20210718,6.53
fra,20210725,6.53
fra,20210801,6.44
fra,20210808,6.37
fra,20210815,6.39
fra,20210822,6.41
fra,20210829,6.36
fra,20210905,6.38
fra,20210912,6.43
fra,20210919,6.39
fra,20210926,6.31
fra,20211003,6.27
fra,20211010,6.22
fra,20211017,6.2
fra,20211024,6.19
fra,20211031,6.19
fra,20211107,6.14
fra,20211114,6.11
fra,20211121,6.1
fra,20211128,6.13
fra,20211205,6.2
fra,20211212,6.3
fra,20211219,6.36
fra,20211226,6.45
fra,20220102,6.52
fra,20220109,6.5
fra,20220116,6.47
fra,20220123,6.46
fra,20220130,6.51
fra,20220206,6.56
fra,20220213,6.53
fra,20220220,6.48
fra,20220227,6.37
fra,20220306,6.26
fra,20220313,6.16
fra,20220320,6.09
fra,20220327,6.05
fra,20220403,6.05
fra,20220410,6.09
fra,20220417,6.14
fra,20220424,6.18
fra,20220501,6.18
fra,20220508,6.18
fra,20220515,6.16
fra,20220522,6.13
fra,20220529,6.05
fra,20220605,6.02
fra,20220612,5.97
fra,20220619,5.98
fra,20220626,5.94
fra,20220703,5.87
fra,20220710,5.84
fra,20220717,5.92
fra,20220724,6.01
fra,20220731,6.01
fra,20220807,6.05
fra,20220814,6.08
fra,20220821,6.09
fra,20220828,6.06
fra,20220904,6.03
fra,20220911,5.98
fra,20220918,5.9
fro,20200331,-28.45
fro,20200430,-17.65
fro,20200531,-24.82
fro,20200630,-19.73
fro,20200731,-18.16
fro,20200831,-18.38
fro,20200930,-18.16
fro,20201031,-17.23
fro,20201130,-14.48
fro,20201231,-14.12
fro,20210131,-13.79
fro,20210228,-12.64
fro,20210331,-14.78
fro,20210430,-12.82
fro,20210531,-13.14
fro,20210630,-12.99
fro,20210731,-12.23
fro,20210831,-12.26
fro,20210930,-11.57
fro,20211031,-11.36
fro,20211130,-9.88
fro,20211231,-7.63
fro,20220131,-7.84
fro,20220228,-5.92
fro,20220331,-4.31
fro,20220430,-3.8
fro,20220531,-3.06
fro,20220630,-2.88
fro,20220731,-1.98
fro,20220831,-1.43
gbr,20200202,-2.68
gbr,20200209,-3.46
gbr,20200216,-3.85
gbr,20200223,-4.21
gbr,20200301,-4.11
gbr,20200308,-4.24
gbr,20200315,-4.02
gbr,20200322,-3.7
gbr,20200329,-2.94
gbr,20200405,0.89
gbr,20200412,5.33
gbr,20200419,11.08
gbr,20200426,16.05
gbr,20200503,18.98
gbr,20200510,19.55
gbr,20200517,20.52
gbr,20200524,20.59
gbr,20200531,20.51
gbr,20200607,19.95
gbr,20200614,19.42
gbr,20200621,18.72
gbr,20200628,17.98
gbr,20200705,17.37
gbr,20200712,16.65
gbr,20200719,16.06
gbr,20200726,15.55
gbr,20200802,15.08
gbr,20200809,14.63
gbr,20200816,14.29
gbr,20200823,14.04
gbr,20200830,13.92
gbr,20200906,13.23
gbr,20200913,13.02
gbr,20200920,12.75
gbr,20200927,12.47
gbr,20201004,12.29
gbr,20201011,12.03
gbr,20201018,11.89
gbr,20201025,11.85
gbr,20201101,11.83
gbr,20201108,11.88
gbr,20201115,12.01
gbr,20201122,12.19
gbr,20201129,12.34
gbr,20201206,12.38
gbr,20201213,12.39
gbr,20201220,12.35
gbr,20201227,12.78
gbr,20210103,12.96
gbr,20210110,13.68
gbr,20210117,13.99
gbr,20210124,14.52
gbr,20210131,15.09
gbr,20210207,15.54
gbr,20210214,15.75
gbr,20210221,15.77
gbr,20210228,15.63
gbr,20210307,15.41
gbr,20210314,15.05
gbr,20210321,14.66
gbr,20210328,14.35
gbr,20210404,13.87
gbr,20210411,13.49
gbr,20210418,13.11
gbr,20210425,12.85
gbr,20210502,12.56
gbr,20210509,12.13
gbr,20210516,12.05
gbr,20210523,11.84
gbr,20210530,11.65
gbr,20210606,11.48
gbr,20210613,11.35
gbr,20210620,11.22
gbr,20210627,11.02
gbr,20210704,10.84
gbr,20210711,10.78
gbr,20210718,10.7
gbr,20210725,10.66
gbr,20210801,10.67
gbr,20210808,10.68
gbr,20210815,10.71
gbr,20210822,10.7
gbr,20210829,10.71
gbr,20210905,10.68
gbr,20210912,10.77
gbr,20210919,10.85
gbr,20210926,10.89
gbr,20211003,10.91
gbr,20211010,10.94
gbr,20211017,10.97
gbr,20211024,11.01
gbr,20211031,11.03
gbr,20211107,11.08
gbr,20211114,11.14
gbr,20211121,11.19
gbr,20211128,11.18
gbr,20211205,11.2
gbr,20211212,11.2
gbr,20211219,11.22
gbr,20211226,11.22
gbr,20220102,11.17
gbr,20220109,11.06
gbr,20220116,10.87
gbr,20220123,10.69
gbr,20220130,10.53
gbr,20220206,10.38
gbr,20220213,10.24
gbr,20220220,10.09
gbr,20220227,9.95
gbr,20220306,9.85
gbr,20220313,9.73
gbr,20220320,9.62
gbr,20220327,9.55
gbr,20220403,9.46
gbr,20220410,9.41
gbr,20220417,9.28
gbr,20220424,9.22
gbr,20220501,9.29
gbr,20220508,9.21
gbr,20220515,9.32
gbr,20220522,9.34
gbr,20220529,9.33
gbr,20220605,9.16
gbr,20220612,9.22
gbr,20220619,9.25
gbr,20220626,9.28
gbr,20220703,9.29
gbr,20220710,9.29
gbr,20220717,9.32
gbr,20220724,9.38
gbr,20220731,9.45
gbr,20220807,9.5
gbr,20220814,9.52
gbr,20220821,9.58
gbr,20220828,9.63
gbr,20220904,9.62
gbr,20220911,9.65
gbr,20220918,9.68
gbr,20220925,9.58
gbr,20221002,9.62
gbr,20221009,9.66
geo,20200229,3.6
geo,20200331,1.25
geo,20200430,-0.51
geo,20200531,-0.21
geo,20200630,0.03
geo,20200731,1.15
geo,20200831,0.62
geo,20200930,1.06
geo,20201031,2.28
geo,20201130,7.2
geo,20201231,11.25
geo,20210131,11.48
geo,20210228,10.84
geo,20210331,10.5
geo,20210430,10.44
geo,20210531,11.09
geo,20210630,11.59
geo,20210731,12.28
geo,20210831,15.13
geo,20210930,17.41
geo,20211031,19.22
geo,20211130,21.67
geo,20211231,22.8
geo,20220131,22.97
geo,20220228,24
geo,20220331,23.93
geo,20220430,23.08
geo,20220531,22.27
geo,20220630,21.55
gib,20200331,-3.41
gib,20200430,-4.68
gib,20200531,-12.46
gib,20200630,-14.97
gib,20200731,-11.7
gib,20200831,-11.3
gib,20200930,-11.01
gib,20201031,-9.85
gib,20201130,-7.6
gib,20201231,-11.42
gib,20210131,5.77
grc,20200301,-0.35
grc,20200308,0.14
grc,20200315,0.5
grc,20200322,0.86
grc,20200329,1
grc,20200405,1.05
grc,20200412,0.93
grc,20200419,0.7
grc,20200426,0.45
grc,20200503,0.38
grc,20200510,0.1
grc,20200517,0.71
grc,20200524,1.06
grc,20200531,0.54
grc,20200607,0.33
grc,20200614,0.19
grc,20200621,0.1
grc,20200628,-0.16
grc,20200705,0.37
grc,20200712,0.34
grc,20200719,0.24
grc,20200726,0.1
grc,20200802,0.51
grc,20200809,0.59
grc,20200816,0.64
grc,20200823,0.82
grc,20200830,0.93
grc,20200906,1.06
grc,20200913,1.22
grc,20200920,1.43
grc,20200927,1.52
grc,20201004,1.59
grc,20201011,1.59
grc,20201018,1.5
grc,20201025,1.47
grc,20201101,1.56
grc,20201108,1.7
grc,20201115,2.06
grc,20201122,2.7
grc,20201129,3.44
grc,20201206,4.15
grc,20201213,4.59
grc,20201220,4.82
grc,20201227,4.81
grc,20210103,4.74
grc,20210110,4.48
grc,20210117,3.96
grc,20210124,3.65
grc,20210131,3.36
grc,20210207,3.04
grc,20210214,2.78
grc,20210221,2.68
grc,20210228,2.68
grc,20210307,2.71
grc,20210314,2.74
grc,20210321,2.88
grc,20210328,3.03
grc,20210404,3.32
grc,20210411,3.56
grc,20210418,3.85
grc,20210425,3.97
grc,20210502,4.2
grc,20210509,4.49
grc,20210516,4.52
grc,20210523,4.64
grc,20210530,4.84
grc,20210606,4.82
grc,20210613,4.85
grc,20210620,4.79
grc,20210627,5.01
grc,20210704,5.36
grc,20210711,5.48
grc,20210718,5.61
grc,20210725,5.66
grc,20210801,5.83
grc,20210808,6.48
grc,20210815,6.63
grc,20210822,6.72
grc,20210829,6.92
grc,20210905,7.02
grc,20210912,7.09
grc,20210919,7.3
grc,20210926,7.39
grc,20211003,7.5
grc,20211010,7.57
grc,20211017,7.62
grc,20211024,7.68
grc,20211031,7.81
grc,20211107,8.03
grc,20211114,8.15
grc,20211121,8.33
grc,20211128,8.57
grc,20211205,8.8
grc,20211212,9.08
grc,20211219,9.31
grc,20211226,9.51
grc,20220102,9.66
grc,20220109,9.7
grc,20220116,9.71
grc,20220123,9.71
grc,20220130,9.88
grc,20220206,10.03
grc,20220213,10.1
grc,20220220,10.17
grc,20220227,10.14
grc,20220306,10.12
grc,20220313,10.13
grc,20220320,10.23
grc,20220327,10.35
grc,20220403,10.48
grc,20220410,10.54
grc,20220417,10.58
grc,20220424,10.58
grc,20220501,10.6
grc,20220508,10.5
grc,20220515,10.49
grc,20220522,10.48
grc,20220529,10.49
grc,20220605,10.52
grc,20220612,10.48
grc,20220619,10.39
grc,20220626,10.32
grc,20220703,10.29
grc,20220710,10.33
grc,20220717,10.33
grc,20220724,10.38
grc,20220731,10.57
grc,20220807,10.69
grc,20220814,10.69
grc,20220821,10.7
grc,20220828,10.67
grc,20220904,10.65
grl,20200331,-12.05
grl,20200430,-18.58
grl,20200531,-17.65
grl,20200630,-13.73
grl,20200731,-13.81
grl,20200831,-11.76
grl,20200930,-8.31
grl,20201031,-9.01
grl,20201130,-6.72
grl,20201231,-4.63
grl,20210131,-4.56
grl,20210228,-3.03
grl,20210331,-4.84
grl,20210430,-4.72
grl,20210531,-7.06
grl,20210630,-7.18
grl,20210731,-5.39
grl,20210831,-4.78
grl,20210930,-4.58
grl,20211031,-4.07
grl,20211130,-5.39
grl,20211231,-4.89
grl,20220131,-5.03
grl,20220228,-4.38
grl,20220331,-6.6
grl,20220430,-6.48
grl,20220531,-6.68
grl,20220630,-7.56
gtm,20200223,-0.04
gtm,20200301,-0.16
gtm,20200308,-0.43
gtm,20200315,-1.21
gtm,20200322,-2.35
gtm,20200329,-3.75
gtm,20200405,-5
gtm,20200412,-6.18
gtm,20200419,-7.1
gtm,20200426,-7.78
gtm,20200503,-8.38
gtm,20200510,-8.74
gtm,20200517,-9.05
gtm,20200524,-9.04
gtm,20200531,-8.66
gtm,20200607,-7.71
gtm,20200614,-6.57
gtm,20200621,-5.23
gtm,20200628,-3.42
gtm,20200705,-1.15
gtm,20200712,1.73
gtm,20200719,4.03
gtm,20200726,6.01
gtm,20200802,7.74
gtm,20200809,8.9
gtm,20200816,9.82
gtm,20200823,10.44
gtm,20200830,11.13
gtm,20200906,11.54
gtm,20200913,11.79
gtm,20200920,11.97
gtm,20200927,12.14
gtm,20201004,12.04
gtm,20201011,12.16
gtm,20201018,12.17
gtm,20201025,12.15
gtm,20201101,12.2
gtm,20201108,12.3
gtm,20201115,12.36
gtm,20201122,12.49
gtm,20201129,12.63
gtm,20201206,12.64
gtm,20201213,12.7
gtm,20201220,12.75
gtm,20201227,12.74
gtm,20210103,12.9
gtm,20210110,12.92
gtm,20210117,12.94
gtm,20210124,12.94
gtm,20210131,12.95
gtm,20210207,12.96
gtm,20210214,12.9
gtm,20210221,12.75
gtm,20210228,12.65
gtm,20210307,12.66
gtm,20210314,12.58
gtm,20210321,12.53
gtm,20210328,12.64
gtm,20210404,12.7
gtm,20210411,12.87
gtm,20210418,13.2
gtm,20210425,13.46
gtm,20210502,13.66
gtm,20210509,13.86
gtm,20210516,14.05
gtm,20210523,14.25
gtm,20210530,14.43
gtm,20210606,14.73
gtm,20210613,14.94
gtm,20210620,15.16
gtm,20210627,15.35
gtm,20210704,15.67
gtm,20210711,16.06
gtm,20210718,16.51
gtm,20210725,17.04
gtm,20210801,17.6
gtm,20210808,18.27
gtm,20210815,18.99
gtm,20210822,20.01
gtm,20210829,21.12
gtm,20210905,22.35
gtm,20210912,23.63
gtm,20210919,24.77
gtm,20210926,25.54
gtm,20211003,26.15
gtm,20211010,26.49
gtm,20211017,26.69
gtm,20211024,26.72
gtm,20211031,26.68
gtm,20211107,26.61
gtm,20211114,26.46
gtm,20211121,26.32
gtm,20211128,26.13
gtm,20211205,26.02
gtm,20211212,25.87
gtm,20211219,25.72
gtm,20211226,25.59
gtm,20220102,25.54
gtm,20220109,25.51
gtm,20220116,25.5
gtm,20220123,25.53
gtm,20220130,25.52
gtm,20220206,25.61
gtm,20220213,25.68
gtm,20220220,25.76
gtm,20220227,25.77
gtm,20220306,25.78
gtm,20220313,25.72
gtm,20220320,25.62
gtm,20220327,25.46
gtm,20220403,25.3
gtm,20220410,25.1
gtm,20220417,24.91
gtm,20220424,24.7
gtm,20220501,24.42
gtm,20220508,24.21
gtm,20220515,24.01
gtm,20220522,23.78
gtm,20220529,23.57
gtm,20220605,23.44
gtm,20220612,23.2
gtm,20220619,22.99
gtm,20220626,22.81
gtm,20220703,22.67
gtm,20220710,22.55
gtm,20220717,22.46
gtm,20220724,22.32
gtm,20220731,22.17
hkg,20200131,0.98
hkg,20200229,3.95
hkg,20200331,0.65
hkg,20200430,-0.39
hkg,20200531,-0.03
hkg,20200630,-0.33
hkg,20200731,0.25
hkg,20200831,1.19
hkg,20200930,1.61
hkg,20201031,2.09
hkg,20201130,2.62
hkg,20201231,3.19
hkg,20210131,3.88
hkg,20210228,2.9
hkg,20210331,2.41
hkg,20210430,2.24
hkg,20210531,2.24
hkg,20210630,2.35
hkg,20210731,2.39
hkg,20210831,2.47
hkg,20210930,2.57
hkg,20211031,2.76
hkg,20211130,3.06
hkg,20211231,3.24
hkg,20220131,3.03
hkg,20220228,4.3
hkg,20220331,10.93
hkg,20220430,11.73
hkg,20220531,11.43
hkg,20220630,10.74
hkg,20220731,10.32
hrv,20200301,-8.98
hrv,20200308,-8.56
hrv,20200315,-7.75
hrv,20200322,-6.79
hrv,20200329,-5.6
hrv,20200405,-5.32
hrv,20200412,-4.86
hrv,20200419,-4.39
hrv,20200426,-4.83
hrv,20200503,-4.79
hrv,20200510,-4.81
hrv,20200517,-4.66
hrv,20200524,-4.55
hrv,20200531,-4.63
hrv,20200607,-4.28
hrv,20200614,-3.88
hrv,20200621,-3.79
hrv,20200628,-3.54
hrv,20200705,-3.28
hrv,20200712,-3.2
hrv,20200719,-3.26
hrv,20200726,-3.13
hrv,20200802,-2.66
hrv,20200809,-2.52
hrv,20200816,-2.43
hrv,20200823,-2.25
hrv,20200830,-1.97
hrv,20200906,-1.75
hrv,20200913,-1.37
hrv,20200920,-1.17
hrv,20200927,-1.04
hrv,20201004,-0.7
hrv,20201011,-0.64
hrv,20201018,-0.22
hrv,20201025,0.26
hrv,20201101,0.74
hrv,20201108,1.48
hrv,20201115,2.33
hrv,20201122,3.47
hrv,20201129,4.52
hrv,20201206,5.93
hrv,20201213,7.3
hrv,20201220,8.65
hrv,20201227,9.63
hrv,20210103,10.27
hrv,20210110,10.35
hrv,20210117,10.35
hrv,20210124,10.27
hrv,20210131,10.12
hrv,20210207,9.98
hrv,20210214,9.84
hrv,20210221,9.67
hrv,20210228,9.52
hrv,20210307,9.27
hrv,20210314,9.08
hrv,20210321,8.86
hrv,20210328,8.88
hrv,20210404,9.08
hrv,20210411,9.33
hrv,20210418,9.67
hrv,20210425,10.08
hrv,20210502,10.44
hrv,20210509,10.74
hrv,20210516,11.06
hrv,20210523,11.19
hrv,20210530,11.22
hrv,20210606,11.41
hrv,20210613,11.45
hrv,20210620,11.47
hrv,20210627,11.62
hrv,20210704,11.62
hrv,20210711,11.58
hrv,20210718,11.54
hrv,20210725,11.38
hrv,20210801,11.38
hrv,20210808,11.29
hrv,20210815,11.32
hrv,20210822,11.3
hrv,20210829,11.29
hrv,20210905,11.35
hrv,20210912,11.5
hrv,20210919,11.66
hrv,20210926,11.74
hrv,20211003,11.83
hrv,20211010,11.89
hrv,20211017,11.97
hrv,20211024,12.17
hrv,20211031,12.47
hrv,20211107,12.84
hrv,20211114,13.32
hrv,20211121,13.81
hrv,20211128,14.48
hrv,20211205,15.04
hrv,20211212,15.47
hrv,20211219,15.83
hrv,20211226,16.13
hrv,20220102,16.35
hrv,20220109,16.39
hrv,20220116,16.37
hrv,20220123,16.4
hrv,20220130,16.55
hrv,20220206,16.78
hrv,20220213,16.87
hrv,20220220,16.99
hrv,20220227,16.96
hrv,20220306,16.91
hrv,20220313,16.79
hrv,20220320,16.74
hrv,20220327,16.65
hrv,20220403,16.59
hrv,20220410,16.5
hrv,20220417,16.47
hrv,20220424,16.44
hrv,20220501,16.32
hrv,20220508,16.27
hrv,20220515,16.23
hrv,20220522,16.08
hrv,20220529,15.96
hrv,20220605,15.87
hrv,20220612,15.79
hrv,20220619,15.65
hrv,20220626,15.62
hrv,20220703,15.62
hrv,20220710,15.61
hrv,20220717,15.53
hrv,20220724,15.56
hrv,20220731,15.56
hrv,20220807,15.58
hrv,20220814,15.51
hrv,20220821,15.43
hrv,20220828,15.41
hrv,20220904,15.3
hun,20200308,-9.64
hun,20200315,-9.24
hun,20200322,-8.06
hun,20200329,-7.5
hun,20200405,-6.99
hun,20200412,-6.35
hun,20200419,-5.83
hun,20200426,-5.69
hun,20200503,-5.66
hun,20200510,-5.45
hun,20200517,-5.08
hun,20200524,-5.17
hun,20200531,-5.13
hun,20200607,-4.72
hun,20200614,-4.55
hun,20200621,-4.68
hun,20200628,-4.41
hun,20200705,-4.13
hun,20200712,-4.16
hun,20200719,-4.26
hun,20200726,-4.42
hun,20200802,-4.22
hun,20200809,-4.07
hun,20200816,-4.01
hun,20200823,-3.87
hun,20200830,-3.87
hun,20200906,-3.78
hun,20200913,-3.62
hun,20200920,-3.36
hun,20200927,-3.18
hun,20201004,-2.94
hun,20201011,-2.76
hun,20201018,-2.38
hun,20201025,-1.79
hun,20201101,-1.02
hun,20201108,0.02
hun,20201115,1.39
hun,20201122,2.63
hun,20201129,3.93
hun,20201206,5.15
hun,20201213,6.28
hun,20201220,7.01
hun,20201227,7.69
hun,20210103,8.14
hun,20210110,8.22
hun,20210117,8.25
hun,20210124,8.17
hun,20210131,7.89
hun,20210207,7.61
hun,20210214,7.34
hun,20210221,7.16
hun,20210228,7.16
hun,20210307,7.27
hun,20210314,7.76
hun,20210321,8.6
hun,20210328,9.62
hun,20210404,10.61
hun,20210411,11.4
hun,20210418,11.84
hun,20210425,12.15
hun,20210502,12.28
hun,20210509,12.31
hun,20210516,12.29
hun,20210523,12.2
hun,20210530,12.09
hun,20210606,12.01
hun,20210613,11.93
hun,20210620,11.83
hun,20210627,11.91
hun,20210704,11.88
hun,20210711,11.82
hun,20210718,11.76
hun,20210725,11.54
hun,20210801,11.47
hun,20210808,11.29
hun,20210815,11.2
hun,20210822,11.04
hun,20210829,10.91
hun,20210905,10.79
hun,20210912,10.77
hun,20210919,10.75
hun,20210926,10.66
hun,20211003,10.58
hun,20211010,10.53
hun,20211017,10.51
hun,20211024,10.51
hun,20211031,10.64
hun,20211107,10.92
hun,20211114,11.27
hun,20211121,11.68
hun,20211128,12.19
hun,20211205,12.75
hun,20211212,13.16
hun,20211219,13.46
hun,20211226,13.64
hun,20220102,13.75
hun,20220109,13.69
hun,20220116,13.53
hun,20220123,13.36
hun,20220130,13.19
hun,20220206,13.07
hun,20220213,12.96
hun,20220220,12.9
hun,20220227,12.79
hun,20220306,12.66
hun,20220313,12.52
hun,20220320,12.45
hun,20220327,12.39
hun,20220403,12.34
hun,20220410,12.31
hun,20220417,12.23
hun,20220424,12.19
hun,20220501,12.15
hun,20220508,12.08
hun,20220515,12.01
hun,20220522,11.92
hun,20220529,11.8
hun,20220605,11.73
hun,20220612,11.67
hun,20220619,11.52
hun,20220626,11.46
hun,20220703,11.54
hun,20220710,11.48
hun,20220717,11.37
hun,20220724,11.39
hun,20220731,11.34
hun,20220807,11.26
hun,20220814,11.2
hun,20220821,11.17
hun,20220828,11.11
hun,20220904,10.98
irl,20200229,-6.83
irl,20200331,-4.31
irl,20200430,4.74
irl,20200531,4.76
irl,20200630,3.3
irl,20200731,2.62
irl,20200831,2.45
irl,20200930,2.11
irl,20201031,2.42
irl,20201130,2.11
irl,20201231,1.36
irl,20210131,3.17
irl,20210228,3.99
irl,20210331,3.15
irl,20210430,2.81
irl,20210531,2.82
irl,20210630,2.61
irl,20210731,2.96
irl,20210831,3.27
irl,20210930,3.58
irl,20211031,4
irl,20211130,4.56
irl,20211231,4.66
irl,20220131,4.15
irl,20220228,3.94
irl,20220331,3.89
irl,20220430,4.29
irl,20220531,4.45
irl,20220630,4.59
irl,20220731,4.9
irl,20220831,5.14
irn,20200223,-4.14
irn,20200301,-3.42
irn,20200308,-1.78
irn,20200315,1.52
irn,20200322,6.29
irn,20200329,6.8
irn,20200405,7.26
irn,20200412,8.75
irn,20200419,9.83
irn,20200426,9.99
irn,20200503,10.24
irn,20200510,10.02
irn,20200517,9.77
irn,20200524,9.6
irn,20200531,9.27
irn,20200607,9.8
irn,20200614,10.47
irn,20200621,10.82
irn,20200628,11.89
irn,20200705,12.64
irn,20200712,13.44
irn,20200719,14.39
irn,20200726,15.34
irn,20200802,16.62
irn,20200809,17.62
irn,20200816,18.23
irn,20200823,18.8
irn,20200830,19.11
irn,20200906,19.06
irn,20200913,19.52
irn,20200920,19.8
irn,20200927,19.99
irn,20201004,20.48
irn,20201011,21.01
irn,20201018,21.91
irn,20201025,22.71
irn,20201101,24
irn,20201108,25.43
irn,20201115,27.09
irn,20201122,28.41
irn,20201129,29.39
irn,20201206,29.82
irn,20201213,29.96
irn,20201220,29.93
irn,20201227,29.57
irn,20210103,29.12
irn,20210110,28.6
irn,20210117,28.12
irn,20210124,27.64
irn,20210131,27.26
irn,20210207,26.82
irn,20210214,26.34
irn,20210221,26.05
irn,20210228,25.65
irn,20210307,25.4
irn,20210314,25.12
irn,20210321,25.03
irn,20210328,24.6
irn,20210404,24.6
irn,20210411,24.92
irn,20210418,25.13
irn,20210425,25.68
irn,20210502,26.22
irn,20210509,26.55
irn,20210516,26.84
irn,20210523,27.2
irn,20210530,27.39
irn,20210606,27.48
irn,20210613,27.64
irn,20210620,27.56
irn,20210627,27.47
irn,20210704,27.44
irn,20210711,27.36
irn,20210718,27.39
irn,20210725,27.36
irn,20210801,27.69
irn,20210808,28.26
irn,20210815,28.79
irn,20210822,29.63
irn,20210829,31.05
irn,20210905,32.05
irn,20210912,32.92
irn,20210919,33.54
irn,20210926,33.91
irn,20211003,34.02
irn,20211010,34.01
irn,20211017,34.22
irn,20211024,34.25
irn,20211031,34.19
irn,20211107,34.16
irn,20211114,34.02
irn,20211121,33.76
irn,20211128,33.56
irn,20211205,33.3
irn,20211212,32.95
irn,20211219,32.58
irn,20211226,32.23
irn,20220102,31.81
irn,20220109,31.39
irn,20220116,31.08
irn,20220123,30.7
irn,20220130,30.4
irn,20220206,30.14
irn,20220213,29.98
irn,20220220,29.93
irn,20220227,29.99
irn,20220306,29.97
irn,20220313,29.95
isl,20200301,6.13
isl,20200308,6.59
isl,20200315,5.23
isl,20200322,4.23
isl,20200329,3.08
isl,20200405,3.79
isl,20200412,4.25
isl,20200419,5.41
isl,20200426,3.81
isl,20200503,4
isl,20200510,3.19
isl,20200517,2.94
isl,20200524,3.4
isl,20200531,3.93
isl,20200607,2.64
isl,20200614,2.51
isl,20200621,1.79
isl,20200628,0.63
isl,20200705,-0.11
isl,20200712,0.46
isl,20200719,0.61
isl,20200726,-0.21
isl,20200802,-0.25
isl,20200809,-0.42
isl,20200816,-0.19
isl,20200823,-0.87
isl,20200830,-1.4
isl,20200906,-0.41
isl,20200913,-0.59
isl,20200920,-0.41
isl,20200927,-1.2
isl,20201004,-1.46
isl,20201011,-0.87
isl,20201018,-0.63
isl,20201025,-0.44
isl,20201101,0.29
isl,20201108,0.84
isl,20201115,1.08
isl,20201122,1.06
isl,20201129,0.58
isl,20201206,0.41
isl,20201213,0.54
isl,20201220,0.46
isl,20201227,0.9
isl,20210103,1.03
isl,20210110,0.93
isl,20210117,1.25
isl,20210124,1.34
isl,20210131,1.17
isl,20210207,0.97
isl,20210214,0.84
isl,20210221,1.08
isl,20210228,1.02
isl,20210307,1.05
isl,20210314,0.84
isl,20210321,0.68
isl,20210328,0.48
isl,20210404,0.6
isl,20210411,0.44
isl,20210418,0.72
isl,20210425,0.56
isl,20210502,0.6
isl,20210509,0.97
isl,20210516,0.91
isl,20210523,0.83
isl,20210530,0.52
isl,20210606,0.35
isl,20210613,0.31
isl,20210620,0.64
isl,20210627,0.8
isl,20210704,0.7
isl,20210711,0.66
isl,20210718,0.87
isl,20210725,0.8
isl,20210801,1.07
isl,20210808,1.3
isl,20210815,1.48
isl,20210822,1.57
isl,20210829,1.56
isl,20210905,1.52
isl,20210912,1.58
isl,20210919,1.55
isl,20210926,1.27
isl,20211003,0.86
isl,20211010,0.82
isl,20211017,0.8
isl,20211024,0.5
isl,20211031,0.3
isl,20211107,0.48
isl,20211114,0.9
isl,20211121,0.73
isl,20211128,0.68
isl,20211205,0.62
isl,20211212,0.69
isl,20211219,1.08
isl,20211226,1.14
isl,20220102,1.39
isl,20220109,1.46
isl,20220116,1.55
isl,20220123,1.92
isl,20220130,1.82
isl,20220206,1.85
isl,20220213,1.83
isl,20220220,1.95
isl,20220227,2.38
isl,20220306,3.02
isl,20220313,3.51
isl,20220320,3.88
isl,20220327,4.14
isl,20220403,4.46
isl,20220410,4.64
isl,20220417,4.66
isl,20220424,4.55
isl,20220501,4.57
isl,20220508,4.72
isl,20220515,4.74
isl,20220522,4.75
isl,20220529,4.73
isl,20220605,4.66
isl,20220612,4.59
isl,20220619,4.84
isl,20220626,4.95
isl,20220703,4.94
isl,20220710,5.24
isl,20220717,5.47
isl,20220724,5.61
isl,20220731,5.72
isl,20220807,5.73
isl,20220814,5.87
isl,20220821,5.81
isl,20220828,5.74
isl,20220904,5.66
isr,20200223,-3.94
isr,20200301,-4.38
isr,20200308,-4.3
isr,20200315,-3.78
isr,20200322,-3.46
isr,20200329,-2.68
isr,20200405,-1.54
isr,20200412,-1.33
isr,20200419,-0.76
isr,20200426,-0.57
isr,20200503,-0.6
isr,20200510,-0.48
isr,20200517,-0.35
isr,20200524,0.36
isr,20200531,0.46
isr,20200607,0.5
isr,20200614,0.52
isr,20200621,0.51
isr,20200628,0.48
isr,20200705,0.41
isr,20200712,0.61
isr,20200719,0.8
isr,20200726,0.79
isr,20200802,1.3
isr,20200809,1.43
isr,20200816,1.91
isr,20200823,2.24
isr,20200830,2.49
isr,20200906,2.75
isr,20200913,3.23
isr,20200920,3.77
isr,20200927,4.33
isr,20201004,4.8
isr,20201011,5.51
isr,20201018,6.02
isr,20201025,6.42
isr,20201101,6.48
isr,20201108,6.46
isr,20201115,6.16
isr,20201122,6.2
isr,20201129,6.08
isr,20201206,6.04
isr,20201213,5.91
isr,20201220,5.89
isr,20201227,5.8
isr,20210103,5.97
isr,20210110,6.19
isr,20210117,6.42
isr,20210124,6.7
isr,20210131,6.99
isr,20210207,7.16
isr,20210214,7.19
isr,20210221,7.18
isr,20210228,7.04
isr,20210307,6.9
isr,20210314,6.91
isr,20210321,6.98
isr,20210328,7.05
isr,20210404,6.94
isr,20210411,7.02
isr,20210418,7.02
isr,20210425,6.95
isr,20210502,6.87
isr,20210509,6.8
isr,20210516,6.8
isr,20210523,6.78
isr,20210530,6.71
isr,20210606,6.59
isr,20210613,6.48
isr,20210620,6.44
isr,20210627,6.47
isr,20210704,6.47
isr,20210711,6.44
isr,20210718,6.32
isr,20210725,6.4
isr,20210801,6.42
isr,20210808,6.55
isr,20210815,6.75
isr,20210822,7.01
isr,20210829,7.24
isr,20210905,7.51
isr,20210912,7.68
isr,20210919,7.9
isr,20210926,8.01
isr,20211003,8.11
isr,20211010,8.2
isr,20211017,8.23
isr,20211024,8.29
isr,20211031,8.25
isr,20211107,8.22
isr,20211114,8.23
isr,20211121,8.12
isr,20211128,8.01
isr,20211205,7.88
isr,20211212,7.88
isr,20211219,7.85
isr,20211226,7.82
isr,20220102,7.84
isr,20220109,7.77
isr,20220116,7.8
isr,20220123,8.04
isr,20220130,8.37
isr,20220206,8.75
isr,20220213,9.02
isr,20220220,9.18
isr,20220227,9.26
isr,20220306,9.27
isr,20220313,9.21
isr,20220320,9.19
isr,20220327,9.22
isr,20220403,9.33
isr,20220410,9.39
isr,20220417,9.33
isr,20220424,9.31
isr,20220501,9.26
isr,20220508,9.26
isr,20220515,9.19
isr,20220522,9.13
isr,20220529,9.1
isr,20220605,9.04
isr,20220612,9.02
isr,20220619,9.02
isr,20220626,8.98
isr,20220703,9.02
isr,20220710,9.09
isr,20220717,9.13
isr,20220724,9.18
isr,20220731,9.24
isr,20220807,9.25
isr,20220814,9.26
isr,20220821,9.25
isr,20220828,9.23
isr,20220904,9.2
isr,20220911,9.15
isr,20220918,9.06
ita,20200202,-9.02
ita,20200209,-8.48
ita,20200216,-7.85
ita,20200223,-7.49
ita,20200301,-6.82
ita,20200308,-5.4
ita,20200315,-1.78
ita,20200322,3.73
ita,20200329,9.33
ita,20200405,13.08
ita,20200412,15.57
ita,20200419,16.9
ita,20200426,17.32
ita,20200503,17.14
ita,20200510,16.76
ita,20200517,16.33
ita,20200524,15.69
ita,20200531,15.04
ita,20200607,14.38
ita,20200614,13.67
ita,20200621,13.19
ita,20200628,12.99
ita,20200705,12.82
ita,20200712,12.32
ita,20200719,11.78
ita,20200726,11.28
ita,20200802,11.17
ita,20200809,10.82
ita,20200816,10.78
ita,20200823,10.73
ita,20200830,10.66
ita,20200906,10.53
ita,20200913,10.47
ita,20200920,10.42
ita,20200927,10.23
ita,20201004,10.15
ita,20201011,10.01
ita,20201018,10
ita,20201025,10.3
ita,20201101,10.84
ita,20201108,11.6
ita,20201115,12.52
ita,20201122,13.42
ita,20201129,14.29
ita,20201206,14.91
ita,20201213,15.34
ita,20201220,15.6
ita,20201227,15.54
ita,20210103,15.58
ita,20210110,15.44
ita,20210117,15.27
ita,20210124,15.19
ita,20210131,15.08
ita,20210207,14.89
ita,20210214,14.6
ita,20210221,14.44
ita,20210228,14.25
ita,20210307,14.11
ita,20210314,14.09
ita,20210321,14.16
ita,20210328,14.34
ita,20210404,14.52
ita,20210411,14.64
ita,20210418,14.73
ita,20210425,14.83
ita,20210502,14.86
ita,20210509,14.81
ita,20210516,14.71
ita,20210523,14.64
ita,20210530,14.53
ita,20210606,14.45
ita,20210613,14.33
ita,20210620,14.2
ita,20210627,14.22
ita,20210704,14.18
ita,20210711,14.07
ita,20210718,13.9
ita,20210725,13.8
ita,20210801,13.73
ita,20210808,13.66
ita,20210815,13.65
ita,20210822,13.65
ita,20210829,13.62
ita,20210905,13.59
ita,20210912,13.59
ita,20210919,13.59
ita,20210926,13.52
ita,20211003,13.44
ita,20211010,13.33
ita,20211017,13.26
ita,20211024,13.25
ita,20211031,13.2
ita,20211107,13.17
ita,20211114,13.12
ita,20211121,13.05
ita,20211128,12.98
ita,20211205,12.99
ita,20211212,13
ita,20211219,13.04
ita,20211226,13.05
ita,20220102,12.99
ita,20220109,12.87
ita,20220116,12.81
ita,20220123,12.78
ita,20220130,12.81
ita,20220206,12.82
ita,20220213,12.77
ita,20220220,12.67
ita,20220227,12.54
ita,20220306,12.43
ita,20220313,12.34
ita,20220320,12.29
ita,20220327,12.25
ita,20220403,12.22
ita,20220410,12.21
ita,20220417,12.2
ita,20220424,12.17
ita,20220501,12.14
ita,20220508,12.11
ita,20220515,12.09
ita,20220522,12.08
ita,20220529,12.04
ita,20220605,11.99
ita,20220612,11.92
ita,20220619,11.88
ita,20220626,11.87
ita,20220703,11.91
ita,20220710,11.98
ita,20220717,11.99
ita,20220724,12.16
ita,20220731,12.31
ita,20220807,12.38
ita,20220814,12.34
ita,20220821,12.32
ita,20220828,12.28
jam,20200331,-8.4
jam,20200430,-7.09
jam,20200531,-6.79
jam,20200630,-6.24
jam,20200731,-6.16
jam,20200831,-4.49
jam,20200930,-2.95
jam,20201031,-2.01
jam,20201130,-1.2
jam,20201231,-0.32
jam,20210131,-0.49
jam,20210228,0.39
jam,20210331,3.44
jam,20210430,4.6
jam,20210531,4.87
jam,20210630,4.47
jam,20210731,4.02
jam,20210831,8.23
jam,20210930,13.9
jam,20211031,14.56
jam,20211130,14
jor,20200331,6.4
jor,20200430,3.36
jor,20200531,3.88
jor,20200630,3.15
jor,20200731,2.12
jor,20200831,1.6
jor,20200930,1.81
jor,20201031,5.96
jor,20201130,15.05
jor,20201231,16.03
jor,20210131,15.36
jor,20210228,15.56
jor,20210331,22.8
jor,20210430,27.72
jor,20210531,28.37
jor,20210630,27.88
jor,20210731,27.37
jor,20210831,27.09
jor,20210930,26.22
jor,20211031,25.34
jor,20211130,25.34
jor,20211231,26.22
jpn,20200131,-5.57
jpn,20200229,-5.05
jpn,20200331,-4.68
jpn,20200430,-3.8
jpn,20200531,-3.68
jpn,20200630,-3.64
jpn,20200731,-3.68
jpn,20200831,-3.21
jpn,20200930,-2.98
jpn,20201031,-2.6
jpn,20201130,-2.49
jpn,20201231,-1.98
jpn,20210131,-1.91
jpn,20210228,-2.1
jpn,20210331,-2.09
jpn,20210430,-1.87
jpn,20210531,-1.54
jpn,20210630,-1.33
jpn,20210731,-1.22
jpn,20210831,-0.98
jpn,20210930,-0.73
jpn,20211031,-0.63
jpn,20211130,-0.58
jpn,20211231,-0.46
jpn,20220131,-0.46
jpn,20220228,-0.06
jpn,20220331,0.29
jpn,20220430,0.38
jpn,20220531,0.53
jpn,20220630,0.62
jpn,20220731,0.71
kaz,20200331,-7.89
kaz,20200430,-20.78
kaz,20200531,-11
kaz,20200630,-3.13
kaz,20200731,18.34
kaz,20200831,24.31
kaz,20200930,24.79
kaz,20201031,23.55
kaz,20201130,22.84
kaz,20201231,22.75
kaz,20210131,20.94
kaz,20210228,19.89
kaz,20210331,19.41
kaz,20210430,19.41
kaz,20210531,19.84
kaz,20210630,19.76
kaz,20210731,21.05
kaz,20210831,26.24
kaz,20210930,29.05
kaz,20211031,29.72
kaz,20211130,30.47
kaz,20211231,30.42
kaz,20220131,29.4
kaz,20220228,29.42
kaz,20220331,28.3
kaz,20220430,26.77
kaz,20220531,25.69
kaz,20220630,24.79
kaz,20220731,23.63
kaz,20220831,23.21
kgz,20200331,1.94
kgz,20200430,-11.19
kgz,20200531,-7.56
kgz,20200630,-0.21
kgz,20200731,6.19
kgz,20200831,14.65
kgz,20200930,17
kgz,20201031,17.9
kgz,20201130,21.17
kgz,20201231,23.03
kgz,20210131,21.27
kgz,20210228,20.16
kgz,20210331,19.95
kgz,20210430,19.71
kgz,20210531,18.91
kgz,20210630,19.65
kgz,20210731,20.58
kgz,20210831,21.93
kgz,20210930,22.49
kgz,20211031,22.43
kgz,20211130,22.59
kgz,20211231,22.48
kgz,20220131,21.17
kgz,20220228,21.41
kgz,20220331,21.05
kgz,20220430,20.79
kgz,20220531,19.15
kgz,20220630,18.52
kgz,20220731,17.42
kgz,20220831,18.98
kna,20200331,-7.11
kna,20200430,-8.33
kna,20200531,-1.14
kna,20200630,3.99
kna,20200731,6.35
kna,20200831,4.44
kna,20200930,2.38
kna,20201031,3.07
kna,20201130,2.91
kna,20201231,3.33
kor,20200126,0.17
kor,20200202,0.44
kor,20200209,1.03
kor,20200216,0.84
kor,20200223,0.24
kor,20200301,-0.11
kor,20200308,-0.35
kor,20200315,-0.48
kor,20200322,-0.57
kor,20200329,-0.79
kor,20200405,-1.05
kor,20200412,-0.88
kor,20200419,-0.92
kor,20200426,-0.98
kor,20200503,-0.75
kor,20200510,-0.84
kor,20200517,-1.02
kor,20200524,-1.05
kor,20200531,-1.19
kor,20200607,-1.05
kor,20200614,-0.95
kor,20200621,-0.95
kor,20200628,-0.92
kor,20200705,-0.89
kor,20200712,-0.96
kor,20200719,-0.89
kor,20200726,-0.85
kor,20200802,-0.87
kor,20200809,-0.92
kor,20200816,-0.76
kor,20200823,-0.49
kor,20200830,-0.3
kor,20200906,-0.26
kor,20200913,-0.2
kor,20200920,-0.12
kor,20200927,-0.06
kor,20201004,-0.05
kor,20201011,0.03
kor,20201018,0.03
kor,20201025,0.1
kor,20201101,0.17
kor,20201108,0.23
kor,20201115,0.27
kor,20201122,0.28
kor,20201129,0.21
kor,20201206,0.27
kor,20201213,0.23
kor,20201220,0.13
kor,20201227,0.09
kor,20210103,0.06
kor,20210110,-0.04
kor,20210117,-0.11
kor,20210124,-0.21
kor,20210131,-0.38
kor,20210207,-0.49
kor,20210214,-0.62
kor,20210221,-0.67
kor,20210228,-0.78
kor,20210307,-0.86
kor,20210314,-0.88
kor,20210321,-0.89
kor,20210328,-0.92
kor,20210404,-0.93
kor,20210411,-0.97
kor,20210418,-0.94
kor,20210425,-0.96
kor,20210502,-0.95
kor,20210509,-0.95
kor,20210516,-0.9
kor,20210523,-0.94
kor,20210530,-0.91
kor,20210606,-0.92
kor,20210613,-0.89
kor,20210620,-0.86
kor,20210627,-0.82
kor,20210704,-0.78
kor,20210711,-0.73
kor,20210718,-0.68
kor,20210725,-0.59
kor,20210801,-0.5
kor,20210808,-0.45
kor,20210815,-0.42
kor,20210822,-0.35
kor,20210829,-0.3
kor,20210905,-0.24
kor,20210912,-0.17
kor,20210919,-0.11
kor,20210926,-0.04
kor,20211003,0.02
kor,20211010,0.07
kor,20211017,0.11
kor,20211024,0.18
kor,20211031,0.28
kor,20211107,0.36
kor,20211114,0.44
kor,20211121,0.55
kor,20211128,0.65
kor,20211205,0.79
kor,20211212,0.95
kor,20211219,1.11
kor,20211226,1.24
kor,20220102,1.35
kor,20220109,1.37
kor,20220116,1.37
kor,20220123,1.36
kor,20220130,1.37
kor,20220206,1.37
kor,20220213,1.45
kor,20220220,1.53
kor,20220227,1.72
kor,20220306,2.07
kor,20220313,2.53
kor,20220320,3.12
kor,20220327,3.73
kor,20220403,4.28
kor,20220410,4.74
kor,20220417,5.11
kor,20220424,5.32
kor,20220501,5.45
kor,20220508,5.51
kor,20220515,5.58
kor,20220522,5.59
kor,20220529,5.61
kor,20220605,5.58
kor,20220612,5.54
kor,20220619,5.51
kor,20220626,5.46
kor,20220703,5.43
kor,20220710,5.42
kor,20220717,5.4
kor,20220724,5.36
kor,20220731,5.36
kos,20200331,-0.38
kos,20200430,-1.87
kos,20200531,-0.32
kos,20200630,1.9
kos,20200731,13.68
kos,20200831,21.97
kos,20200930,21.86
kos,20201031,21.8
kos,20201130,29.13
kos,20201231,34.48
kos,20210131,34.69
kos,20210228,33.62
kos,20210331,35.12
kos,20210430,36.91
kos,20210531,35.66
kos,20210630,34.06
kos,20210731,32.39
kos,20210831,33.68
kos,20210930,36.56
kos,20211031,35.16
kos,20211130,33.54
kos,20211231,32.62
kos,20220131,30.94
kos,20220228,30.27
kos,20220331,28.45
kos,20220430,26.99
kos,20220531,25.65
kos,20220630,24.19
kos,20220731,23.19
kos,20220831,22.01
kwt,20200229,-8.61
kwt,20200331,-5.78
kwt,20200430,-0.08
kwt,20200531,23.83
kwt,20200630,37.52
kwt,20200731,43.19
kwt,20200831,45.33
kwt,20200930,46.34
kwt,20201031,47.36
kwt,20201130,46.7
kwt,20201231,43.64
kwt,20210131,39.96
kwt,20210228,38.67
kwt,20210331,40.07
kwt,20210430,42.53
kwt,20210531,43.63
kwt,20210630,45.11
kwt,20210731,50.11
kwt,20210831,52.26
kwt,20210930,51.1
kwt,20211031,48.9
kwt,20211130,46.45
kwt,20211231,44.08
lbn,20200229,10.94
lbn,20200331,4.01
lbn,20200430,0.44
lbn,20200531,0.86
lbn,20200630,-0.05
lbn,20200731,0.14
lbn,20200831,1.62
lbn,20200930,3.94
lbn,20201031,6.46
lbn,20201130,9.58
lbn,20201231,13.09
lbn,20210131,18.94
lbn,20210228,23.87
lbn,20210331,28.63
lbn,20210430,31.27
lbn,20210531,30.43
lbn,20210630,29.18
lbn,20210731,28.52
lbn,20210831,29.02
lbn,20210930,29.62
lbn,20211031,28.73
lbn,20211130,29.01
lbn,20211231,30.18
lie,20200331,-3.23
lie,20200430,-1.26
lie,20200531,0.7
lie,20200630,-0.89
lie,20200731,-2.81
lie,20200831,-2.56
lie,20200930,1.99
lie,20201031,1.79
lie,20201130,8.27
lie,20201231,18.59
lie,20210131,18.72
lie,20210228,18.11
lie,20210331,13.08
lie,20210430,14.52
lie,20210531,15.04
lie,20210630,12.02
lie,20210731,12.23
lie,20210831,10.84
lie,20210930,9.58
lie,20211031,8.48
lie,20211130,8.54
lie,20211231,8.62
lie,20220131,9.82
lie,20220228,10.62
lie,20220331,10.06
lie,20220430,9.38
lie,20220531,8.74
ltu,20200322,-5.24
ltu,20200329,-4.15
ltu,20200405,-3.64
ltu,20200412,-2.91
ltu,20200419,-2.38
ltu,20200426,-1.73
ltu,20200503,-1.17
ltu,20200510,-1.1
ltu,20200517,-0.77
ltu,20200524,-0.82
ltu,20200531,-0.53
ltu,20200607,-0.28
ltu,20200614,0.57
ltu,20200621,1.06
ltu,20200628,1.68
ltu,20200705,1.82
ltu,20200712,2
ltu,20200719,2.43
ltu,20200726,2.65
ltu,20200802,2.9
ltu,20200809,3.04
ltu,20200816,3.36
ltu,20200823,3.81
ltu,20200830,3.97
ltu,20200906,4.05
ltu,20200913,4.42
ltu,20200920,4.58
ltu,20200927,4.88
ltu,20201004,4.95
ltu,20201011,5.16
ltu,20201018,5.39
ltu,20201025,5.65
ltu,20201101,5.99
ltu,20201108,6.43
ltu,20201115,7.06
ltu,20201122,8.09
ltu,20201129,9.11
ltu,20201206,10.38
ltu,20201213,11.63
ltu,20201220,13.13
ltu,20201227,14.51
ltu,20210103,15.7
ltu,20210110,16.41
ltu,20210117,17.04
ltu,20210124,17.27
ltu,20210131,17.5
ltu,20210207,17.44
ltu,20210214,17.45
ltu,20210221,17.4
ltu,20210228,16.97
ltu,20210307,16.83
ltu,20210314,16.81
ltu,20210321,16.69
ltu,20210328,16.62
ltu,20210404,16.48
ltu,20210411,16.56
ltu,20210418,16.56
ltu,20210425,16.62
ltu,20210502,16.63
ltu,20210509,16.79
ltu,20210516,16.88
ltu,20210523,16.98
ltu,20210530,16.95
ltu,20210606,17
ltu,20210613,17.04
ltu,20210620,17.12
ltu,20210627,17.4
ltu,20210704,17.24
ltu,20210711,17.38
ltu,20210718,17.61
ltu,20210725,17.52
ltu,20210801,17.45
ltu,20210808,17.41
ltu,20210815,17.45
ltu,20210822,17.54
ltu,20210829,17.65
ltu,20210905,17.68
ltu,20210912,17.91
ltu,20210919,18.25
ltu,20210926,18.6
ltu,20211003,18.96
ltu,20211010,19.28
ltu,20211017,19.69
ltu,20211024,20.03
ltu,20211031,20.41
ltu,20211107,20.73
ltu,20211114,21.03
ltu,20211121,21.24
ltu,20211128,21.47
ltu,20211205,21.65
ltu,20211212,21.8
ltu,20211219,22.03
ltu,20211226,22.29
ltu,20220102,22.37
ltu,20220109,22.36
ltu,20220116,22.32
ltu,20220123,22.25
ltu,20220130,22.13
ltu,20220206,21.96
ltu,20220213,22.01
ltu,20220220,22.02
ltu,20220227,21.96
ltu,20220306,21.88
ltu,20220313,21.84
ltu,20220320,21.83
ltu,20220327,21.83
ltu,20220403,21.81
ltu,20220410,21.74
ltu,20220417,21.66
ltu,20220424,21.69
ltu,20220501,21.65
ltu,20220508,21.61
ltu,20220515,21.48
ltu,20220522,21.41
ltu,20220529,21.29
ltu,20220605,21.09
ltu,20220612,21.04
ltu,20220619,21
ltu,20220626,20.98
ltu,20220703,21.09
ltu,20220710,21.03
ltu,20220717,20.92
ltu,20220724,20.86
ltu,20220731,20.78
ltu,20220807,20.8
ltu,20220814,20.72
ltu,20220821,20.85
ltu,20220828,20.91
ltu,20220904,20.83
lux,20200301,-16.67
lux,20200308,-16.45
lux,20200315,-15.15
lux,20200322,-14.37
lux,20200329,-11.65
lux,20200405,-10.76
lux,20200412,-7.46
lux,20200419,-6.83
lux,20200426,-6.3
lux,20200503,-6.52
lux,20200510,-5.62
lux,20200517,-5.23
lux,20200524,-5.27
lux,20200531,-4.97
lux,20200607,-5.1
lux,20200614,-5.4
lux,20200621,-4.97
lux,20200628,-5.14
lux,20200705,-5.43
lux,20200712,-5.77
lux,20200719,-5.79
lux,20200726,-5.98
lux,20200802,-5.42
lux,20200809,-4.81
lux,20200816,-4
lux,20200823,-3.94
lux,20200830,-4.52
lux,20200906,-4.27
lux,20200913,-4.37
lux,20200920,-3.84
lux,20200927,-4.09
lux,20201004,-4.02
lux,20201011,-4.53
lux,20201018,-4.25
lux,20201025,-3.81
lux,20201101,-3.53
lux,20201108,-2.82
lux,20201115,-1.95
lux,20201122,-1.03
lux,20201129,0.31
lux,20201206,0.92
lux,20201213,1.77
lux,20201220,2.09
lux,20201227,2.66
lux,20210103,2.78
lux,20210110,2.88
lux,20210117,2.65
lux,20210124,2.47
lux,20210131,2.67
lux,20210207,2.37
lux,20210214,2.02
lux,20210221,1.73
lux,20210228,1.49
lux,20210307,1.3
lux,20210314,1.35
lux,20210321,1.8
lux,20210328,1.5
lux,20210404,1.18
lux,20210411,1.13
lux,20210418,1.01
lux,20210425,0.91
lux,20210502,1.08
lux,20210509,1.06
lux,20210516,0.81
lux,20210523,0.89
lux,20210530,0.63
lux,20210606,0.43
lux,20210613,0.4
lux,20210620,0.43
lux,20210627,0.35
lux,20210704,0.5
lux,20210711,0.42
lux,20210718,0.37
lux,20210725,0.19
lux,20210801,-0.07
lux,20210808,-0.17
lux,20210815,-0.27
lux,20210822,-0.52
lux,20210829,-0.55
lux,20210905,-0.54
lux,20210912,-0.43
lux,20210919,-0.55
lux,20210926,-0.62
lux,20211003,-0.59
lux,20211010,-0.46
lux,20211017,-0.77
lux,20211024,-0.8
lux,20211031,-0.42
lux,20211107,-0.31
lux,20211114,-0.19
lux,20211121,-0.16
lux,20211128,-0.07
lux,20211205,0.19
lux,20211212,0.23
lux,20211219,0.21
lux,20211226,0.41
lux,20220102,0.48
lux,20220109,0.49
lux,20220116,0.32
lux,20220123,0.18
lux,20220130,0.12
lux,20220206,0.01
lux,20220213,-0.1
lux,20220220,-0.2
lux,20220227,-0.11
lux,20220306,-0.16
lux,20220313,-0.37
lux,20220320,-0.44
lux,20220327,-0.56
lux,20220403,-0.62
lux,20220410,-0.63
lux,20220417,-0.6
lux,20220424,-0.51
lux,20220501,-0.45
lux,20220508,-0.51
lux,20220515,-0.51
lux,20220522,-0.53
lux,20220529,-0.74
lux,20220605,-0.57
lux,20220612,-0.67
lux,20220619,-0.65
lux,20220626,-0.66
lux,20220703,-0.82
lux,20220710,-0.79
lux,20220717,-0.83
lux,20220724,-0.84
lux,20220731,-0.76
lux,20220807,-0.74
lux,20220814,-0.72
lux,20220821,-0.67
lux,20220828,-0.74
lux,20220904,-0.87
lva,20200301,-8.71
lva,20200308,-9.58
lva,20200315,-9.3
lva,20200322,-9.23
lva,20200329,-9.27
lva,20200405,-8.69
lva,20200412,-8.16
lva,20200419,-8.01
lva,20200426,-7.44
lva,20200503,-6.91
lva,20200510,-7.31
lva,20200517,-6.44
lva,20200524,-5.98
lva,20200531,-5.83
lva,20200607,-5.54
lva,20200614,-4.99
lva,20200621,-4.86
lva,20200628,-4.24
lva,20200705,-3.93
lva,20200712,-3.98
lva,20200719,-3.84
lva,20200726,-3.7
lva,20200802,-3.57
lva,20200809,-3.3
lva,20200816,-3.01
lva,20200823,-2.71
lva,20200830,-2.64
lva,20200906,-2.52
lva,20200913,-2.53
lva,20200920,-2.52
lva,20200927,-2.4
lva,20201004,-2.28
lva,20201011,-2.26
lva,20201018,-2.09
lva,20201025,-1.78
lva,20201101,-1.63
lva,20201108,-1.38
lva,20201115,-1.14
lva,20201122,-0.84
lva,20201129,-0.48
lva,20201206,0.02
lva,20201213,0.64
lva,20201220,1.17
lva,20201227,2.01
lva,20210103,2.55
lva,20210110,3.31
lva,20210117,3.97
lva,20210124,4.46
lva,20210131,4.97
lva,20210207,5.41
lva,20210214,5.72
lva,20210221,5.87
lva,20210228,5.92
lva,20210307,5.77
lva,20210314,5.66
lva,20210321,5.7
lva,20210328,5.58
lva,20210404,5.56
lva,20210411,5.43
lva,20210418,5.43
lva,20210425,5.51
lva,20210502,5.68
lva,20210509,5.88
lva,20210516,6.12
lva,20210523,6.25
lva,20210530,6.32
lva,20210606,6.37
lva,20210613,6.65
lva,20210620,6.7
lva,20210627,7.08
lva,20210704,7.29
lva,20210711,7.45
lva,20210718,7.66
lva,20210725,7.56
lva,20210801,7.62
lva,20210808,7.68
lva,20210815,7.66
lva,20210822,7.73
lva,20210829,7.69
lva,20210905,7.74
lva,20210912,7.96
lva,20210919,8.01
lva,20210926,8.2
lva,20211003,8.38
lva,20211010,8.56
lva,20211017,9
lva,20211024,9.69
lva,20211031,10.38
lva,20211107,11.04
lva,20211114,11.68
lva,20211121,12.17
lva,20211128,12.42
lva,20211205,12.58
lva,20211212,12.75
lva,20211219,12.83
lva,20211226,12.86
lva,20220102,12.95
lva,20220109,12.96
lva,20220116,12.95
lva,20220123,12.87
lva,20220130,12.72
lva,20220206,12.72
lva,20220213,12.76
lva,20220220,12.85
lva,20220227,12.82
lva,20220306,12.82
lva,20220313,12.76
lva,20220320,12.82
lva,20220327,12.82
lva,20220403,12.74
lva,20220410,12.67
lva,20220417,12.57
lva,20220424,12.5
lva,20220501,12.44
lva,20220508,12.38
lva,20220515,12.28
lva,20220522,12.21
lva,20220529,12.14
lva,20220605,12.07
lva,20220612,12.04
lva,20220619,12.01
lva,20220626,11.97
lva,20220703,12.04
lva,20220710,11.93
lva,20220717,11.83
lva,20220724,11.72
lva,20220731,11.68
lva,20220807,11.67
lva,20220814,11.65
lva,20220821,11.68
lva,20220828,11.62
lva,20220904,11.56
lva,20220911,11.56
lva,20220918,11.53
lva,20220925,11.51
lva,20221002,11.51
mac,20200131,-2.43
mac,20200229,2
mac,20200331,-1
mac,20200430,1.69
mac,20200531,0.13
mac,20200630,0.98
mac,20200731,1.5
mac,20200831,3.14
mac,20200930,4.4
mac,20201031,4.98
mac,20201130,5.71
mac,20201231,4.65
mac,20210131,4.59
mac,20210228,5.1
mac,20210331,5.13
mac,20210430,5.46
mac,20210531,5.37
mac,20210630,5.95
mac,20210731,5.68
mac,20210831,6.05
mac,20210930,6.37
mac,20211031,6.91
mac,20211130,6.97
mac,20211231,7.39
mac,20220131,7.13
mac,20220228,7.29
mac,20220331,7.9
mac,20220430,8.47
mac,20220531,8.75
mac,20220630,9.46
mac,20220731,8.85
mac,20220831,8.95
mco,20200229,-12.21
mco,20200331,-0.22
mco,20200430,2.74
mco,20200531,2.59
mco,20200630,3.46
mco,20200731,1.91
mco,20200831,3.82
mco,20200930,4.99
mco,20201031,5.63
mco,20201130,3.36
mco,20201231,5.17
mco,20210131,6.32
mco,20210228,10.56
mco,20210331,13.85
mco,20210430,13.19
mco,20210531,15.58
mco,20210630,13.76
mco,20210731,13.04
mco,20210831,13.68
mco,20210930,14.09
mco,20211031,14.4
mco,20211130,12.32
mco,20211231,13.67
mco,20220131,13.29
mco,20220228,11.98
mco,20220331,12.44
mco,20220430,12.37
mco,20220531,12.46
mco,20220630,12.52
mco,20220731,12.43
mco,20220831,12.54
mco,20220930,12.91
mda,20200331,-8.31
mda,20200430,-11.32
mda,20200531,-3.83
mda,20200630,-0.24
mda,20200731,3.46
mda,20200831,4.07
mda,20200930,6.82
mda,20201031,9.08
mda,20201130,10.27
mda,20201231,14.45
mda,20210131,14.09
mda,20210228,14.54
mda,20210331,17.43
mda,20210430,19.5
mda,20210531,19.21
mda,20210630,18.84
mda,20210731,18.78
mda,20210831,18.16
mda,20210930,19.03
mda,20211031,21.07
mda,20211130,22.66
mda,20211231,22.3
mda,20220131,21.48
mda,20220228,21.99
mda,20220331,21.63
mda,20220430,21.07
mda,20220531,20.31
mdv,20200331,3.14
mdv,20200430,1.03
mdv,20200531,4.11
mdv,20200630,4.2
mdv,20200731,7.81
mdv,20200831,12.28
mdv,20200930,14.28
mdv,20201031,14.28
mdv,20201130,15.37
mdv,20201231,14.41
mex,20200105,-0.04
mex,20200112,0.9
mex,20200119,0.52
mex,20200126,-0.13
mex,20200202,-0.93
mex,20200209,-1.01
mex,20200216,-1.53
mex,20200223,-2.02
mex,20200301,-2.65
mex,20200308,-2.88
mex,20200315,-3.01
mex,20200322,-3.48
mex,20200329,-3.49
mex,20200405,-3.61
mex,20200412,-3.35
mex,20200419,-2.67
mex,20200426,-1.33
mex,20200503,0.54
mex,20200510,2.88
mex,20200517,5.54
mex,20200524,8.18
mex,20200531,10.72
mex,20200607,13.37
mex,20200614,16.04
mex,20200621,18.53
mex,20200628,20.85
mex,20200705,23.16
mex,20200712,25.56
mex,20200719,27.76
mex,20200726,29.63
mex,20200802,31.16
mex,20200809,32.44
mex,20200816,33.41
mex,20200823,34.17
mex,20200830,34.73
mex,20200906,35.11
mex,20200913,35.28
mex,20200920,35.29
mex,20200927,35.38
mex,20201004,35.32
mex,20201011,35.33
mex,20201018,35.32
mex,20201025,35.42
mex,20201101,35.58
mex,20201108,35.89
mex,20201115,36.2
mex,20201122,36.48
mex,20201129,36.82
mex,20201206,37.26
mex,20201213,37.81
mex,20201220,38.5
mex,20201227,39.4
mex,20210103,40.68
mex,20210110,42.26
mex,20210117,44.7
mex,20210124,47.22
mex,20210131,48.72
mex,20210207,49.62
mex,20210214,49.9
mex,20210221,50.05
mex,20210228,50.1
mex,20210307,49.8
mex,20210314,49.49
mex,20210321,49.1
mex,20210328,48.66
mex,20210404,48.2
mex,20210411,47.78
mex,20210418,47.38
mex,20210425,46.92
mex,20210502,46.4
mex,20210509,45.87
mex,20210516,45.33
mex,20210523,44.76
mex,20210530,44.18
mex,20210606,43.63
mex,20210613,43.12
mex,20210620,42.66
mex,20210627,42.19
mex,20210704,41.79
mex,20210711,41.45
mex,20210718,41.21
mex,20210725,41.14
mex,20210801,41.26
mex,20210808,41.61
mex,20210815,42.15
mex,20210822,42.81
mex,20210829,43.41
mex,20210905,43.97
mex,20210912,44.36
mex,20210919,44.63
mex,20210926,44.73
mex,20211003,44.75
mex,20211010,44.65
mex,20211017,44.47
mex,20211024,44.19
mex,20211031,43.88
mex,20211107,43.55
mex,20211114,43.23
mex,20211121,42.9
mex,20211128,42.5
mex,20211205,42.13
mex,20211212,41.75
mex,20211219,41.33
mex,20211226,40.96
mex,20220102,40.54
mex,20220109,40.12
mex,20220116,39.84
mex,20220123,39.85
mex,20220130,40.43
mex,20220206,40.67
mex,20220213,40.65
mex,20220220,40.49
mex,20220227,40.19
mex,20220306,39.81
mex,20220313,39.43
mex,20220320,39.04
mex,20220327,38.6
mex,20220403,38.22
mex,20220410,37.79
mex,20220417,37.39
mex,20220424,37.01
mex,20220501,36.59
mex,20220508,36.22
mex,20220515,35.87
mex,20220522,35.53
mex,20220529,35.15
mex,20220605,34.79
mex,20220612,34.47
mex,20220619,34.16
mex,20220626,33.83
mex,20220703,33.55
mex,20220710,33.26
mex,20220717,33.03
mex,20220724,32.8
mex,20220731,32.53
mex,20220807,32.26
mkd,20200229,-9.64
mkd,20200331,-8.52
mkd,20200430,-4.45
mkd,20200531,-3.18
mkd,20200630,1.58
mkd,20200731,4.1
mkd,20200831,5.87
mkd,20200930,7.3
mkd,20201031,10.23
mkd,20201130,21.5
mkd,20201231,26.85
mkd,20210131,26.34
mkd,20210228,25.57
mkd,20210331,27.62
mkd,20210430,31.97
mkd,20210531,32.11
mkd,20210630,31.47
mkd,20210731,30.39
mkd,20210831,32.69
mkd,20210930,34.98
mkd,20211031,35.04
mkd,20211130,35.16
mkd,20211231,34.87
mkd,20220131,33.66
mkd,20220228,35.3
mkd,20220331,34.79
mkd,20220430,33.39
mkd,20220531,32.09
mkd,20220630,31.73
mkd,20220731,30.69
mlt,20200308,-11.71
mlt,20200315,-9.57
mlt,20200322,-6.74
mlt,20200329,-5.59
mlt,20200405,-5.39
mlt,20200412,-4.52
mlt,20200419,-2.75
mlt,20200426,-3.24
mlt,20200503,-2.83
mlt,20200510,-2.66
mlt,20200517,-2.21
mlt,20200524,-2.9
mlt,20200531,-2.93
mlt,20200607,-2.71
mlt,20200614,-3.2
mlt,20200621,-3.04
mlt,20200628,-3.67
mlt,20200705,-3.24
mlt,20200712,-3.15
mlt,20200719,-2.77
mlt,20200726,-2.91
mlt,20200802,-2.74
mlt,20200809,-2.54
mlt,20200816,-1.84
mlt,20200823,-1.02
mlt,20200830,-0.69
mlt,20200906,-0.51
mlt,20200913,-0.56
mlt,20200920,-0.36
mlt,20200927,0.33
mlt,20201004,1.09
mlt,20201011,1.24
mlt,20201018,1
mlt,20201025,1.03
mlt,20201101,1.78
mlt,20201108,2.45
mlt,20201115,3.14
mlt,20201122,3.68
mlt,20201129,4.15
mlt,20201206,5.05
mlt,20201213,5.69
mlt,20201220,6.53
mlt,20201227,6.98
mlt,20210103,6.78
mlt,20210110,6.36
mlt,20210117,6.07
mlt,20210124,6.22
mlt,20210131,6.05
mlt,20210207,5.86
mlt,20210214,5.74
mlt,20210221,6.1
mlt,20210228,6.28
mlt,20210307,6.58
mlt,20210314,6.86
mlt,20210321,7.04
mlt,20210328,6.99
mlt,20210404,6.94
mlt,20210411,6.59
mlt,20210418,6.43
mlt,20210425,6.18
mlt,20210502,5.94
mlt,20210509,5.81
mlt,20210516,5.82
mlt,20210523,5.89
mlt,20210530,6
mlt,20210606,5.59
mlt,20210613,5.43
mlt,20210620,5.33
mlt,20210627,5.18
mlt,20210704,5.6
mlt,20210711,5.57
mlt,20210718,5.71
mlt,20210725,5.7
mlt,20210801,5.53
mlt,20210808,5.9
mlt,20210815,6.27
mlt,20210822,6.35
mlt,20210829,6.5
mlt,20210905,6.49
mlt,20210912,6.47
mlt,20210919,6.49
mlt,20210926,6.28
mlt,20211003,6.56
mlt,20211010,6.54
mlt,20211017,6.28
mlt,20211024,6.46
mlt,20211031,6.26
mlt,20211107,6.27
mlt,20211114,6.2
mlt,20211121,6.25
mlt,20211128,6.33
mlt,20211205,6.33
mlt,20211212,6.3
mlt,20211219,6.38
mlt,20211226,6.74
mlt,20220102,6.65
mlt,20220109,6.47
mlt,20220116,6.37
mlt,20220123,6.5
mlt,20220130,6.73
mlt,20220206,6.87
mlt,20220213,7.02
mlt,20220220,7.1
mlt,20220227,6.81
mlt,20220306,6.91
mlt,20220313,6.95
mlt,20220320,6.9
mlt,20220327,6.79
mlt,20220403,6.78
mlt,20220410,7
mlt,20220417,6.97
mlt,20220424,6.98
mlt,20220501,7.13
mlt,20220508,7.04
mlt,20220515,6.97
mlt,20220522,6.94
mlt,20220529,6.72
mlt,20220605,6.56
mlt,20220612,6.65
mlt,20220619,6.66
mlt,20220626,6.66
mlt,20220703,6.55
mlt,20220710,6.7
mlt,20220717,6.72
mlt,20220724,6.88
mlt,20220731,6.79
mlt,20220807,6.7
mlt,20220814,6.73
mlt,20220821,6.65
mlt,20220828,6.51
mlt,20220904,6.46
mlt,20220911,6.45
mlt,20220918,6.47
mne,20200322,-10.32
mne,20200329,-8.02
mne,20200405,-8.54
mne,20200412,-8
mne,20200419,-7.91
mne,20200426,-8.6
mne,20200503,-8.65
mne,20200510,-8.95
mne,20200517,-8.51
mne,20200524,-8.21
mne,20200531,-7.83
mne,20200607,-7.92
mne,20200614,-7.98
mne,20200621,-8.22
mne,20200628,-8.13
mne,20200705,-6.74
mne,20200712,-5.98
mne,20200719,-5
mne,20200726,-4.24
mne,20200802,-3.4
mne,20200809,-3.18
mne,20200816,-3.1
mne,20200823,-2.48
mne,20200830,-1.74
mne,20200906,-1.15
mne,20200913,-0.86
mne,20200920,-0.55
mne,20200927,0.21
mne,20201004,0.6
mne,20201011,1.1
mne,20201018,1.82
mne,20201025,2.93
mne,20201101,3.82
mne,20201108,4.6
mne,20201115,5.12
mne,20201122,6.25
mne,20201129,6.86
mne,20201206,7.32
mne,20201213,7.52
mne,20201220,8.02
mne,20201227,8.6
mne,20210103,9.86
mne,20210110,10.27
mne,20210117,10.38
mne,20210124,10.68
mne,20210131,10.81
mne,20210207,11.28
mne,20210214,11.96
mne,20210221,12.77
mne,20210228,13.4
mne,20210307,14.08
mne,20210314,14.67
mne,20210321,15.72
mne,20210328,16.04
mne,20210404,16.98
mne,20210411,17.36
mne,20210418,17.82
mne,20210425,18.37
mne,20210502,18.77
mne,20210509,18.83
mne,20210516,19.16
mne,20210523,19.36
mne,20210530,19.08
mne,20210606,19.15
mne,20210613,18.6
mne,20210620,18.47
mne,20210627,18.3
mne,20210704,18.15
mne,20210711,18.16
mne,20210718,17.93
mne,20210725,17.85
mne,20210801,17.75
mne,20210808,17.66
mne,20210815,17.96
mne,20210822,18.26
mne,20210829,18.64
mne,20210905,18.97
mne,20210912,19.22
mne,20210919,19.7
mne,20210926,20.07
mne,20211003,20.43
mne,20211010,20.55
mne,20211017,20.99
mne,20211024,21.15
mne,20211031,21.49
mng,20200331,-9.35
mng,20200430,-8.88
mng,20200531,-9.85
mng,20200630,-9.33
mng,20200731,-8.44
mng,20200831,-8.3
mng,20200930,-7.79
mng,20201031,-7.28
mng,20201130,-7.3
mng,20201231,-8.62
mng,20210131,-9.82
mng,20210228,-9.92
mng,20210331,-9.92
mng,20210430,-9.11
mng,20210531,-9
mng,20210630,-7.4
mng,20210731,-5.74
mng,20210831,-4.71
mng,20210930,-2.71
mng,20211031,-0.06
mng,20211130,1.57
mng,20211231,2.06
mng,20220131,1.46
mng,20220228,1.59
mng,20220331,1.38
mng,20220430,1.56
mng,20220531,1.43
mng,20220630,1.34
mng,20220731,1.17
mng,20220831,1.4
mng,20220930,1.32
mus,20200331,-3.43
mus,20200430,-3.69
mus,20200531,-3.76
mus,20200630,-2.93
mus,20200731,-3.53
mus,20200831,-3.27
mus,20200930,-3.9
mus,20201031,-3.69
mus,20201130,-3.37
mus,20201231,-3.36
mus,20210131,-3.59
mus,20210228,-3.72
mus,20210331,-3.81
mus,20210430,-3.94
mus,20210531,-4.15
mus,20210630,-3.78
mus,20210731,-4.06
mus,20210831,-3.17
mus,20210930,-2.12
mus,20211031,-0.88
mus,20211130,2.9
mus,20211231,4.72
mus,20220131,4.88
mus,20220228,5.26
mus,20220331,6.09
mus,20220430,6
mus,20220531,5.86
mus,20220630,5.89
mys,20200131,3.76
mys,20200229,0.26
mys,20200331,-1.86
mys,20200430,-4.31
mys,20200531,-5.22
mys,20200630,-6.08
mys,20200731,-6.86
mys,20200831,-6.9
mys,20200930,-6.92
mys,20201031,-6.86
mys,20201130,-7.37
mys,20201231,-7.55
mys,20210131,-6.76
mys,20210228,-6.47
mys,20210331,-6.27
mys,20210430,-5.99
mys,20210531,-4.66
mys,20210630,-3.48
mys,20210731,-0.27
mys,20210831,3.49
mys,20210930,5.73
mys,20211031,6.74
mys,20211130,7.05
mys,20211231,7.2
mys,20220131,6.96
mys,20220228,6.83
mys,20220331,7.72
mys,20220430,7.59
mys,20220531,7.44
mys,20220630,6.84
ncl,20200331,5.58
ncl,20200430,-2.12
ncl,20200531,-1.73
ncl,20200630,-1.78
ncl,20200731,-2.05
ncl,20200831,-3.02
ncl,20200930,-5.3
ncl,20201031,-4.93
ncl,20201130,-6.64
ncl,20201231,-6.28
ncl,20210131,-6.05
ncl,20210228,-5.91
ncl,20210331,-6.41
ncl,20210430,-5.86
ncl,20210531,-6.09
ncl,20210630,-5.68
ncl,20210731,-5.8
ncl,20210831,-4.95
ncl,20210930,1.4
ncl,20211031,5.9
ncl,20211130,6
ncl,20211231,6.19
nic,20200331,-0.5
nic,20200430,0.33
nic,20200531,34.78
nic,20200630,57.11
nic,20200731,55.29
nic,20200831,48.95
nic,20200930,42.69
nic,20201031,37.74
nic,20201130,34.51
nic,20201231,31.97
nld,20200301,-7.62
nld,20200308,-7.77
nld,20200315,-7.23
nld,20200322,-5.52
nld,20200329,-2.06
nld,20200405,2.57
nld,20200412,6.57
nld,20200419,8.86
nld,20200426,10.27
nld,20200503,10.76
nld,20200510,10.46
nld,20200517,9.96
nld,20200524,9.49
nld,20200531,9.02
nld,20200607,8.62
nld,20200614,8.28
nld,20200621,7.99
nld,20200628,7.61
nld,20200705,7.14
nld,20200712,6.8
nld,20200719,6.35
nld,20200726,6.05
nld,20200802,5.87
nld,20200809,5.63
nld,20200816,6.04
nld,20200823,6.05
nld,20200830,5.95
nld,20200906,5.84
nld,20200913,5.71
nld,20200920,5.59
nld,20200927,5.55
nld,20201004,5.59
nld,20201011,5.57
nld,20201018,5.75
nld,20201025,6.06
nld,20201101,6.56
nld,20201108,6.91
nld,20201115,7.24
nld,20201122,7.34
nld,20201129,7.48
nld,20201206,7.66
nld,20201213,7.81
nld,20201220,8.15
nld,20201227,8.49
nld,20210103,8.95
nld,20210110,9.23
nld,20210117,9.28
nld,20210124,9.37
nld,20210131,9.34
nld,20210207,9.29
nld,20210214,9.2
nld,20210221,9.07
nld,20210228,8.74
nld,20210307,8.42
nld,20210314,8.16
nld,20210321,7.89
nld,20210328,7.7
nld,20210404,7.59
nld,20210411,7.55
nld,20210418,7.54
nld,20210425,7.53
nld,20210502,7.53
nld,20210509,7.51
nld,20210516,7.47
nld,20210523,7.44
nld,20210530,7.34
nld,20210606,7.33
nld,20210613,7.3
nld,20210620,7.27
nld,20210627,7.17
nld,20210704,7.09
nld,20210711,7.01
nld,20210718,6.98
nld,20210725,6.91
nld,20210801,6.88
nld,20210808,6.9
nld,20210815,6.87
nld,20210822,6.88
nld,20210829,6.9
nld,20210905,6.88
nld,20210912,6.97
nld,20210919,6.96
nld,20210926,6.95
nld,20211003,6.98
nld,20211010,6.99
nld,20211017,6.97
nld,20211024,7.04
nld,20211031,7.14
nld,20211107,7.28
nld,20211114,7.49
nld,20211121,7.77
nld,20211128,8.09
nld,20211205,8.47
nld,20211212,8.81
nld,20211219,8.99
nld,20211226,9.08
nld,20220102,9.16
nld,20220109,9.02
nld,20220116,8.77
nld,20220123,8.56
nld,20220130,8.35
nld,20220206,8.17
nld,20220213,8
nld,20220220,7.85
nld,20220227,7.68
nld,20220306,7.5
nld,20220313,7.36
nld,20220320,7.33
nld,20220327,7.34
nld,20220403,7.34
nld,20220410,7.39
nld,20220417,7.43
nld,20220424,7.41
nld,20220501,7.37
nld,20220508,7.35
nld,20220515,7.31
nld,20220522,7.27
nld,20220529,7.2
nld,20220605,7.15
nld,20220612,7.11
nld,20220619,7.09
nld,20220626,7.1
nld,20220703,7.09
nld,20220710,7.03
nld,20220717,7.03
nld,20220724,7.05
nld,20220731,7.04
nld,20220807,7.02
nld,20220814,7
nld,20220821,7.01
nld,20220828,7
nld,20220904,6.98
nld,20220911,6.96
nld,20220918,6.89
nld,20220925,6.87
nld,20221002,6.87
nld,20221009,6.92
nld,20221016,6.95
nor,20200301,-4.71
nor,20200308,-5.02
nor,20200315,-4.6
nor,20200322,-4.3
nor,20200329,-3.35
nor,20200405,-2.86
nor,20200412,-2.25
nor,20200419,-1.75
nor,20200426,-1.67
nor,20200503,-1.53
nor,20200510,-1.42
nor,20200517,-1.58
nor,20200524,-1.46
nor,20200531,-1.69
nor,20200607,-1.82
nor,20200614,-1.7
nor,20200621,-1.56
nor,20200628,-1.74
nor,20200705,-1.91
nor,20200712,-2.07
nor,20200719,-1.87
nor,20200726,-1.77
nor,20200802,-1.5
nor,20200809,-1.38
nor,20200816,-1.24
nor,20200823,-1.1
nor,20200830,-1.19
nor,20200906,-1.2
nor,20200913,-0.91
nor,20200920,-0.7
nor,20200927,-0.67
nor,20201004,-0.48
nor,20201011,-0.48
nor,20201018,-0.58
nor,20201025,-0.45
nor,20201101,-0.33
nor,20201108,-0.29
nor,20201115,-0.28
nor,20201122,-0.22
nor,20201129,-0.26
nor,20201206,-0.35
nor,20201213,-0.3
nor,20201220,-0.32
nor,20201227,-0.42
nor,20210103,-0.5
nor,20210110,-0.71
nor,20210117,-0.8
nor,20210124,-0.89
nor,20210131,-0.95
nor,20210207,-1.15
nor,20210214,-1.23
nor,20210221,-1.43
nor,20210228,-1.63
nor,20210307,-1.95
nor,20210314,-2.07
nor,20210321,-2.11
nor,20210328,-2.17
nor,20210404,-2.25
nor,20210411,-2.26
nor,20210418,-2.29
nor,20210425,-2.28
nor,20210502,-2.25
nor,20210509,-2.3
nor,20210516,-2.32
nor,20210523,-2.26
nor,20210530,-2.24
nor,20210606,-2.19
nor,20210613,-2.14
nor,20210620,-2.17
nor,20210627,-2.19
nor,20210704,-2.19
nor,20210711,-2.12
nor,20210718,-2.1
nor,20210725,-2.03
nor,20210801,-1.97
nor,20210808,-1.83
nor,20210815,-1.72
nor,20210822,-1.58
nor,20210829,-1.46
nor,20210905,-1.36
nor,20210912,-1.26
nor,20210919,-1.08
nor,20210926,-0.93
nor,20211003,-0.83
nor,20211010,-0.72
nor,20211017,-0.63
nor,20211024,-0.5
nor,20211031,-0.31
nor,20211107,-0.09
nor,20211114,0.17
nor,20211121,0.34
nor,20211128,0.56
nor,20211205,0.77
nor,20211212,1.05
nor,20211219,1.23
nor,20211226,1.38
nor,20220102,1.43
nor,20220109,1.46
nor,20220116,1.44
nor,20220123,1.32
nor,20220130,1.24
nor,20220206,1.26
nor,20220213,1.27
nor,20220220,1.3
nor,20220227,1.43
nor,20220306,1.52
nor,20220313,1.57
nor,20220320,1.74
nor,20220327,1.91
nor,20220403,2.02
nor,20220410,2.16
nor,20220417,2.22
nor,20220424,2.29
nor,20220501,2.33
nor,20220508,2.41
nor,20220515,2.49
nor,20220522,2.59
nor,20220529,2.59
nor,20220605,2.67
nor,20220612,2.71
nor,20220619,2.77
nor,20220626,2.92
nor,20220703,2.97
nor,20220710,3.05
nor,20220717,3.18
nor,20220724,3.3
nor,20220731,3.35
nor,20220807,3.44
nor,20220814,3.48
nor,20220821,3.56
nor,20220828,3.59
nor,20220904,3.59
nor,20220911,3.65
nor,20220918,3.71
nor,20220925,3.78
nor,20221002,3.83
nor,20221009,3.86
nzl,20200301,-0.86
nzl,20200308,-0.87
nzl,20200315,-1.17
nzl,20200322,-1.11
nzl,20200329,-1.27
nzl,20200405,-1.21
nzl,20200412,-0.84
nzl,20200419,-0.7
nzl,20200426,-0.77
nzl,20200503,-1.52
nzl,20200510,-1.79
nzl,20200517,-1.97
nzl,20200524,-2.38
nzl,20200531,-2.96
nzl,20200607,-3.4
nzl,20200614,-3.65
nzl,20200621,-3.97
nzl,20200628,-4.37
nzl,20200705,-4.78
nzl,20200712,-5.27
nzl,20200719,-5.41
nzl,20200726,-5.63
nzl,20200802,-5.88
nzl,20200809,-6.29
nzl,20200816,-6.63
nzl,20200823,-6.73
nzl,20200830,-7.05
nzl,20200906,-7.15
nzl,20200913,-7.34
nzl,20200920,-7.55
nzl,20200927,-7.64
nzl,20201004,-7.56
nzl,20201011,-7.68
nzl,20201018,-7.64
nzl,20201025,-7.35
nzl,20201101,-7.43
nzl,20201108,-7.34
nzl,20201115,-7.32
nzl,20201122,-7.29
nzl,20201129,-7.08
nzl,20201206,-6.87
nzl,20201213,-6.74
nzl,20201220,-6.47
nzl,20201227,-6.35
nzl,20210103,-6.1
nzl,20210110,-5.87
nzl,20210117,-5.79
nzl,20210124,-5.61
nzl,20210131,-5.6
nzl,20210207,-5.47
nzl,20210214,-5.31
nzl,20210221,-5.26
nzl,20210228,-5.23
nzl,20210307,-5.12
nzl,20210314,-5.07
nzl,20210321,-5.02
nzl,20210328,-4.94
nzl,20210404,-4.79
nzl,20210411,-4.75
nzl,20210418,-4.7
nzl,20210425,-4.69
nzl,20210502,-4.56
nzl,20210509,-4.51
nzl,20210516,-4.54
nzl,20210523,-4.45
nzl,20210530,-4.45
nzl,20210606,-4.45
nzl,20210613,-4.46
nzl,20210620,-4.36
nzl,20210627,-4.43
nzl,20210704,-4.49
nzl,20210711,-4.42
nzl,20210718,-4.34
nzl,20210725,-4.31
nzl,20210801,-4.3
nzl,20210808,-4.25
nzl,20210815,-4.19
nzl,20210822,-4.13
nzl,20210829,-4.14
nzl,20210905,-4.1
nzl,20210912,-4.05
nzl,20210919,-4.15
nzl,20210926,-4.22
nzl,20211003,-4.26
nzl,20211010,-4.29
nzl,20211017,-4.34
nzl,20211024,-4.28
nzl,20211031,-4.28
nzl,20211107,-4.27
nzl,20211114,-4.23
nzl,20211121,-4.15
nzl,20211128,-4.15
nzl,20211205,-4.12
nzl,20211212,-4.03
nzl,20211219,-4.06
nzl,20211226,-3.93
nzl,20220102,-3.92
nzl,20220109,-3.82
nzl,20220116,-3.85
nzl,20220123,-3.82
nzl,20220130,-3.79
nzl,20220206,-3.73
nzl,20220213,-3.64
nzl,20220220,-3.57
nzl,20220227,-3.55
nzl,20220306,-3.47
nzl,20220313,-3.33
nzl,20220320,-3.14
nzl,20220327,-2.99
nzl,20220403,-2.84
nzl,20220410,-2.77
nzl,20220417,-2.61
nzl,20220424,-2.51
nzl,20220501,-2.44
nzl,20220508,-2.37
nzl,20220515,-2.24
nzl,20220522,-2.12
nzl,20220529,-1.97
nzl,20220605,-1.88
nzl,20220612,-1.81
nzl,20220619,-1.65
nzl,20220626,-1.55
nzl,20220703,-1.47
nzl,20220710,-1.35
nzl,20220717,-1.21
nzl,20220724,-1.13
nzl,20220731,-0.93
nzl,20220807,-0.87
nzl,20220814,-0.91
nzl,20220821,-0.85
nzl,20220828,-0.84
nzl,20220904,-0.82
nzl,20220911,-0.79
nzl,20220918,-0.84
nzl,20220925,-0.83
nzl,20221002,-0.87
omn,20200229,-1.91
omn,20200331,-6.59
omn,20200430,-7.76
omn,20200531,-7.66
omn,20200630,-3.72
omn,20200731,1.82
omn,20200831,5.55
omn,20200930,9.83
omn,20201031,13.6
omn,20201130,14.4
omn,20201231,13.79
omn,20210131,12.44
omn,20210228,11.8
omn,20210331,11.67
omn,20210430,13.86
omn,20210531,16.48
omn,20210630,22.66
omn,20210731,28.24
omn,20210831,28.25
omn,20210930,26.67
omn,20211031,25.43
omn,20211130,24.24
omn,20211231,23.12
omn,20220131,22.29
omn,20220228,22.28
omn,20220331,21.3
omn,20220430,20.17
omn,20220531,19.24
omn,20220630,18.1
omn,20220731,17.44
omn,20220831,16.97
omn,20220930,16.2
pan,20200331,-4.51
pan,20200430,-27.35
pan,20200531,-12.46
pan,20200630,-4.93
pan,20200731,3.54
pan,20200831,9.63
pan,20200930,12.57
pan,20201031,13.17
pan,20201130,13.96
pan,20201231,14.46
pan,20210131,19.06
pan,20210228,23.58
pan,20210331,24.63
pan,20210430,23.59
pan,20210531,22.43
pan,20210630,21.73
pan,20210731,21.15
pan,20210831,21
pan,20210930,20.46
pan,20211031,19.42
per,20200308,-7.33
per,20200315,-7.28
per,20200322,-7.78
per,20200329,-8.2
per,20200405,-8.03
per,20200412,-7.34
per,20200419,-5.62
per,20200426,-2.07
per,20200503,2.8
per,20200510,8.78
per,20200517,15.03
per,20200524,21.19
per,20200531,26.99
per,20200607,32.21
per,20200614,37
per,20200621,40.94
per,20200628,43.97
per,20200705,46.74
per,20200712,49.89
per,20200719,53.01
per,20200726,55.95
per,20200802,58.84
per,20200809,61.62
per,20200816,64.03
per,20200823,65.64
per,20200830,66.46
per,20200906,66.43
per,20200913,65.97
per,20200920,65.11
per,20200927,63.92
per,20201004,62.7
per,20201011,61.39
per,20201018,59.98
per,20201025,58.68
per,20201101,57.27
per,20201108,56.05
per,20201115,55.04
per,20201122,53.96
per,20201129,52.91
per,20201206,51.9
per,20201213,50.97
per,20201220,50.23
per,20201227,49.51
per,20210103,48.95
per,20210110,48.87
per,20210117,49.22
per,20210124,50.2
per,20210131,51.74
per,20210207,53.3
per,20210214,55.3
per,20210221,57.21
per,20210228,58.78
per,20210307,60.3
per,20210314,61.83
per,20210321,63.3
per,20210328,64.86
per,20210404,66.58
per,20210411,68.55
per,20210418,70.52
per,20210425,72.25
per,20210502,73.75
per,20210509,74.86
per,20210516,75.71
per,20210523,76.23
per,20210530,76.48
per,20210606,76.55
per,20210613,76.27
per,20210620,75.81
per,20210627,75.14
per,20210704,74.43
per,20210711,73.6
per,20210718,72.78
per,20210725,71.88
per,20210801,70.96
per,20210808,70.06
per,20210815,69.15
per,20210822,68.28
per,20210829,67.5
per,20210905,66.64
per,20210912,65.78
per,20210919,64.93
per,20210926,64.09
per,20211003,63.25
per,20211010,62.51
per,20211017,61.72
per,20211024,60.92
per,20211031,60.14
per,20211107,59.42
per,20211114,58.7
per,20211121,58.06
per,20211128,57.45
per,20211205,56.9
per,20211212,56.37
per,20211219,55.8
per,20211226,55.29
per,20220102,54.83
per,20220109,54.53
per,20220116,54.32
per,20220123,54.29
per,20220130,54.33
per,20220206,54.29
per,20220213,54.18
per,20220220,53.91
per,20220227,53.51
per,20220306,53.05
per,20220313,52.63
per,20220320,52.18
per,20220327,51.69
per,20220403,51.23
per,20220410,50.82
per,20220417,50.41
per,20220424,49.97
per,20220501,49.56
per,20220508,49.13
per,20220515,48.79
per,20220522,48.37
per,20220529,47.96
per,20220605,47.57
per,20220612,47.12
per,20220619,46.7
per,20220626,46.25
per,20220703,45.84
per,20220710,45.41
per,20220717,45.06
per,20220724,44.71
per,20220731,44.36
per,20220807,44.07
per,20220814,43.75
per,20220821,43.47
per,20220828,43.13
per,20220904,42.79
per,20220911,42.46
per,20220918,42.1
per,20220925,41.69
per,20221002,41.26
per,20221009,40.92
phl,20200131,-3.08
phl,20200229,-3.95
phl,20200331,-5.95
phl,20200430,-7.26
phl,20200531,-6.58
phl,20200630,-5.8
phl,20200731,-4.3
phl,20200831,-3
phl,20200930,-2.37
phl,20201031,-2.18
phl,20201130,-2.04
phl,20201231,-1.78
phl,20210131,-1.09
phl,20210228,-0.45
phl,20210331,0.91
phl,20210430,3.13
phl,20210531,5.03
phl,20210630,6.68
phl,20210731,8.6
phl,20210831,12.26
phl,20210930,17.67
phl,20211031,19.32
phl,20211130,18.9
phl,20211231,18.24
phl,20220131,18.38
phl,20220228,17.78
phl,20220331,16.99
pol,20200308,-7.01
pol,20200315,-6.69
pol,20200322,-6.39
pol,20200329,-6.18
pol,20200405,-5.98
pol,20200412,-5.69
pol,20200419,-5.17
pol,20200426,-5.01
pol,20200503,-4.74
pol,20200510,-4.52
pol,20200517,-4.27
pol,20200524,-4.1
pol,20200531,-3.88
pol,20200607,-3.57
pol,20200614,-3.31
pol,20200621,-3.22
pol,20200628,-3.08
pol,20200705,-2.83
pol,20200712,-2.73
pol,20200719,-2.59
pol,20200726,-2.53
pol,20200802,-2.34
pol,20200809,-2.09
pol,20200816,-1.74
pol,20200823,-1.41
pol,20200830,-1.37
pol,20200906,-1.24
pol,20200913,-1.06
pol,20200920,-0.79
pol,20200927,-0.61
pol,20201004,-0.44
pol,20201011,-0.02
pol,20201018,0.64
pol,20201025,1.93
pol,20201101,3.84
pol,20201108,6.11
pol,20201115,8.1
pol,20201122,9.77
pol,20201129,11.05
pol,20201206,12.05
pol,20201213,12.77
pol,20201220,13.34
pol,20201227,13.91
pol,20210103,14.39
pol,20210110,14.69
pol,20210117,14.86
pol,20210124,15.03
pol,20210131,15.03
pol,20210207,14.87
pol,20210214,14.73
pol,20210221,14.62
pol,20210228,14.49
pol,20210307,14.42
pol,20210314,14.52
pol,20210321,14.8
pol,20210328,15.3
pol,20210404,16.04
pol,20210411,16.78
pol,20210418,17.36
pol,20210425,17.82
pol,20210502,18.1
pol,20210509,18.25
pol,20210516,18.35
pol,20210523,18.3
pol,20210530,18.17
pol,20210606,18.03
pol,20210613,17.89
pol,20210620,17.79
pol,20210627,17.71
pol,20210704,17.53
pol,20210711,17.36
pol,20210718,17.24
pol,20210725,17.03
pol,20210801,16.85
pol,20210808,16.63
pol,20210815,16.45
pol,20210822,16.28
pol,20210829,16.13
pol,20210905,15.94
pol,20210912,15.87
pol,20210919,15.78
pol,20210926,15.68
pol,20211003,15.56
pol,20211010,15.46
pol,20211017,15.37
pol,20211024,15.31
pol,20211031,15.34
pol,20211107,15.43
pol,20211114,15.64
pol,20211121,16
pol,20211128,16.43
pol,20211205,16.92
pol,20211212,17.42
pol,20211219,17.92
pol,20211226,18.38
pol,20220102,18.76
pol,20220109,18.92
pol,20220116,18.92
pol,20220123,18.84
pol,20220130,18.76
pol,20220206,18.7
pol,20220213,18.66
pol,20220220,18.58
pol,20220227,18.45
pol,20220306,18.25
pol,20220313,18.08
pol,20220320,17.9
pol,20220327,17.74
pol,20220403,17.61
pol,20220410,17.47
pol,20220417,17.34
pol,20220424,17.26
pol,20220501,17.13
pol,20220508,17.03
pol,20220515,16.91
pol,20220522,16.77
pol,20220529,16.62
pol,20220605,16.48
pol,20220612,16.36
pol,20220619,16.22
pol,20220626,16.11
pol,20220703,16.06
pol,20220710,15.91
pol,20220717,15.77
pol,20220724,15.7
pol,20220731,15.57
pol,20220807,15.47
pol,20220814,15.37
pol,20220821,15.35
pol,20220828,15.28
pol,20220904,15.13
pol,20220911,15.02
pol,20220918,14.95
pol,20220925,14.83
pri,20200301,-3.75
pri,20200308,-2.73
pri,20200315,-2.13
pri,20200322,-1.37
pri,20200329,-0.09
pri,20200405,0.15
pri,20200412,0.62
pri,20200419,0.88
pri,20200426,0.86
pri,20200503,0.83
pri,20200510,0.95
pri,20200517,0.75
pri,20200524,0.6
pri,20200531,0.76
pri,20200607,1.05
pri,20200614,0.93
pri,20200621,1.18
pri,20200628,1.07
pri,20200705,0.95
pri,20200712,1.15
pri,20200719,1.35
pri,20200726,1.69
pri,20200802,2.2
pri,20200809,2.73
pri,20200816,3.26
pri,20200823,3.96
pri,20200830,4.22
pri,20200906,4.48
pri,20200913,4.66
pri,20200920,4.75
pri,20200927,4.57
pri,20201004,4.45
pri,20201011,4.71
pri,20201018,4.75
pri,20201025,4.78
pri,20201101,4.93
pri,20201108,5.04
pri,20201115,5.13
pri,20201122,5.27
pri,20201129,5.46
pri,20201206,5.62
pri,20201213,5.76
pri,20201220,5.94
pri,20201227,6.03
pri,20210103,6.12
pri,20210110,6.12
pri,20210117,6.04
pri,20210124,5.92
pri,20210131,5.93
pri,20210207,5.77
pri,20210214,5.69
pri,20210221,5.7
pri,20210228,5.67
pri,20210307,5.65
pri,20210314,5.62
pri,20210321,5.67
pri,20210328,5.72
pri,20210404,5.76
pri,20210411,5.76
pri,20210418,5.91
pri,20210425,6.22
pri,20210502,6.32
pri,20210509,6.53
pri,20210516,6.72
pri,20210523,6.81
pri,20210530,6.84
pri,20210606,6.92
pri,20210613,6.91
pri,20210620,6.89
pri,20210627,6.97
pri,20210704,7.06
pri,20210711,7.05
pri,20210718,7.02
pri,20210725,7.01
pri,20210801,7.02
pri,20210808,7.15
pri,20210815,7.36
pri,20210822,7.54
pri,20210829,7.75
pri,20210905,7.98
pri,20210912,8.19
pri,20210919,8.3
pri,20210926,8.43
pri,20211003,8.27
pri,20211010,8.15
pri,20211017,8.2
pri,20211024,8.13
pri,20211031,8.13
pri,20211107,8.17
pri,20211114,8.16
pri,20211121,8.15
pri,20211128,8.01
pri,20211205,7.92
pri,20211212,7.88
pri,20211219,7.84
pri,20211226,7.76
pri,20220102,7.79
pri,20220109,7.95
pri,20220116,8.22
pri,20220123,8.48
pri,20220130,8.66
pri,20220206,8.6
pri,20220213,8.62
pri,20220220,8.62
pri,20220227,8.59
pri,20220306,8.56
pri,20220313,8.5
pri,20220320,8.41
pri,20220327,8.37
pri,20220403,8.42
pri,20220410,8.42
pri,20220417,8.43
pri,20220424,8.42
pri,20220501,8.48
pri,20220508,8.52
pri,20220515,8.57
pri,20220522,8.73
pri,20220529,8.71
pri,20220605,8.75
pri,20220612,8.82
prt,20200301,-7.87
prt,20200308,-7.94
prt,20200315,-7.2
prt,20200322,-6.13
prt,20200329,-4.75
prt,20200405,-3.3
prt,20200412,-1.94
prt,20200419,-1.03
prt,20200426,-0.34
prt,20200503,0.01
prt,20200510,0.44
prt,20200517,0.52
prt,20200524,0.71
prt,20200531,1.38
prt,20200607,1.5
prt,20200614,1.36
prt,20200621,1.15
prt,20200628,1.47
prt,20200705,1.75
prt,20200712,2.23
prt,20200719,3.33
prt,20200726,4.03
prt,20200802,4.29
prt,20200809,4.32
prt,20200816,4.3
prt,20200823,4.25
prt,20200830,4.46
prt,20200906,4.56
prt,20200913,4.95
prt,20200920,5.15
prt,20200927,5.01
prt,20201004,5.11
prt,20201011,5.26
prt,20201018,5.4
prt,20201025,5.49
prt,20201101,5.83
prt,20201108,6.2
prt,20201115,6.69
prt,20201122,7.08
prt,20201129,7.36
prt,20201206,7.73
prt,20201213,8.21
prt,20201220,8.46
prt,20201227,8.45
prt,20210103,8.75
prt,20210110,9.35
prt,20210117,10.57
prt,20210124,12.02
prt,20210131,13.26
prt,20210207,13.92
prt,20210214,14.14
prt,20210221,13.97
prt,20210228,13.68
prt,20210307,13.3
prt,20210314,12.89
prt,20210321,12.53
prt,20210328,12.18
prt,20210404,11.93
prt,20210411,11.59
prt,20210418,11.29
prt,20210425,11.03
prt,20210502,10.79
prt,20210509,10.65
prt,20210516,10.47
prt,20210523,10.23
prt,20210530,10.11
prt,20210606,9.93
prt,20210613,9.82
prt,20210620,9.74
prt,20210627,9.51
prt,20210704,9.42
prt,20210711,9.36
prt,20210718,9.35
prt,20210725,9.28
prt,20210801,9.21
prt,20210808,9.17
prt,20210815,9.11
prt,20210822,9.15
prt,20210829,9.11
prt,20210905,9.14
prt,20210912,9.09
prt,20210919,9.04
prt,20210926,9.03
prt,20211003,8.99
prt,20211010,8.97
prt,20211017,8.99
prt,20211024,8.92
prt,20211031,8.9
prt,20211107,8.85
prt,20211114,8.92
prt,20211121,8.98
prt,20211128,9.07
prt,20211205,9.19
prt,20211212,9.24
prt,20211219,9.21
prt,20211226,9.17
prt,20220102,9.03
prt,20220109,8.74
prt,20220116,8.49
prt,20220123,8.32
prt,20220130,8.17
prt,20220206,8.12
prt,20220213,8.02
prt,20220220,7.92
prt,20220227,7.79
prt,20220306,7.66
prt,20220313,7.59
prt,20220320,7.54
prt,20220327,7.53
prt,20220403,7.56
prt,20220410,7.54
prt,20220417,7.57
prt,20220424,7.6
prt,20220501,7.62
prt,20220508,7.62
prt,20220515,7.72
prt,20220522,7.78
prt,20220529,7.84
prt,20220605,7.92
prt,20220612,8.06
prt,20220619,8.25
prt,20220626,8.23
prt,20220703,8.24
prt,20220710,8.35
prt,20220717,8.57
prt,20220724,8.66
prt,20220731,8.73
prt,20220807,8.74
prt,20220814,8.7
prt,20220821,8.7
prt,20220828,8.66
prt,20220904,8.66
prt,20220911,8.65
prt,20220918,8.66
prt,20220925,8.67
prt,20221002,8.6
pry,20200331,8.9
pry,20200430,5.82
pry,20200531,2.52
pry,20200630,-0.42
pry,20200731,-1.72
pry,20200831,0.19
pry,20200930,2.49
pry,20201031,4.63
pry,20201130,5.98
pry,20201231,7.8
pry,20210131,8.34
pry,20210228,9.71
pry,20210331,13.7
pry,20210430,21.03
pry,20210531,29.34
pry,20210630,35.1
pry,20210731,36.3
pry,20210831,35.41
pry,20210930,33.83
pry,20211031,32.56
pry,20211130,31.65
pry,20211231,31.08
pry,20220131,34.34
pry,20220228,34.72
pry,20220331,33.48
pry,20220430,32.11
pry,20220531,30.81
pry,20220630,29.55
pry,20220731,28.35
pse,20200331,-0.72
pse,20200430,-3.87
pse,20200531,-3.6
pse,20200630,-4.23
pse,20200731,-2.7
pse,20200831,-2.06
pse,20200930,0.42
pse,20201031,1.92
pse,20201130,4.22
pse,20201231,9.28
pyf,20200331,-2.39
pyf,20200430,-3.39
pyf,20200531,-4.5
pyf,20200630,-3.81
pyf,20200731,-6.04
pyf,20200831,-7.93
pyf,20200930,-6.37
pyf,20201031,-5.36
pyf,20201130,-2.31
pyf,20201231,0.16
pyf,20210131,0.65
pyf,20210228,1.02
pyf,20210331,-0.34
pyf,20210430,-1.63
pyf,20210531,-2.65
pyf,20210630,-2.93
pyf,20210731,-3.06
pyf,20210831,11.73
pyf,20210930,18.78
pyf,20211031,17.96
pyf,20211130,17.19
pyf,20211231,16.03
qat,20200229,3.67
qat,20200331,8.35
qat,20200430,3.82
qat,20200531,7.33
qat,20200630,16.89
qat,20200731,21.88
qat,20200831,21.4
qat,20200930,21.2
qat,20201031,21.06
qat,20201130,17.66
qat,20201231,16.77
qat,20210131,16.31
qat,20210228,15.03
qat,20210331,16.31
qat,20210430,22.4
qat,20210531,23.45
qat,20210630,23.64
qat,20210731,23.51
qat,20210831,23.61
qat,20210930,22.24
qat,20211031,21.91
qat,20211130,21.11
qat,20211231,20.55
qat,20220131,21.91
qat,20220228,22.08
qat,20220331,22.06
qat,20220430,22
qat,20220531,21.4
qat,20220630,20.7
qat,20220731,20.81
qat,20220831,21.13
rou,20200301,-6.84
rou,20200308,-6.76
rou,20200315,-6.72
rou,20200322,-6.66
rou,20200329,-6.33
rou,20200405,-5.92
rou,20200412,-5.41
rou,20200419,-5.01
rou,20200426,-4.56
rou,20200503,-4.39
rou,20200510,-4.09
rou,20200517,-3.72
rou,20200524,-3.68
rou,20200531,-3.6
rou,20200607,-3.26
rou,20200614,-2.85
rou,20200621,-2.85
rou,20200628,-2.58
rou,20200705,-1.92
rou,20200712,-1.59
rou,20200719,-1.34
rou,20200726,-1.1
rou,20200802,-0.53
rou,20200809,-0.02
rou,20200816,0.45
rou,20200823,0.89
rou,20200830,1.34
rou,20200906,1.69
rou,20200913,2.01
rou,20200920,2.32
rou,20200927,2.53
rou,20201004,2.75
rou,20201011,3.12
rou,20201018,3.62
rou,20201025,4.26
rou,20201101,5.08
rou,20201108,6.2
rou,20201115,7.38
rou,20201122,8.64
rou,20201129,9.91
rou,20201206,11.1
rou,20201213,12.04
rou,20201220,12.59
rou,20201227,13.06
rou,20210103,13.36
rou,20210110,13.39
rou,20210117,13.33
rou,20210124,13.45
rou,20210131,13.36
rou,20210207,13.25
rou,20210214,13.12
rou,20210221,12.99
rou,20210228,12.85
rou,20210307,12.81
rou,20210314,12.86
rou,20210321,13.08
rou,20210328,13.4
rou,20210404,13.76
rou,20210411,14.13
rou,20210418,14.5
rou,20210425,14.78
rou,20210502,15.02
rou,20210509,15.08
rou,20210516,15.12
rou,20210523,15.11
rou,20210530,14.99
rou,20210606,14.86
rou,20210613,14.73
rou,20210620,14.54
rou,20210627,14.54
rou,20210704,14.43
rou,20210711,14.32
rou,20210718,14.27
rou,20210725,14.17
rou,20210801,14.09
rou,20210808,13.97
rou,20210815,13.82
rou,20210822,13.72
rou,20210829,13.63
rou,20210905,13.55
rou,20210912,13.63
rou,20210919,13.85
rou,20210926,14.15
rou,20211003,14.64
rou,20211010,15.48
rou,20211017,16.58
rou,20211024,17.79
rou,20211031,18.93
rou,20211107,19.92
rou,20211114,20.51
rou,20211121,20.9
rou,20211128,21.06
rou,20211205,21.09
rou,20211212,21.01
rou,20211219,20.89
rou,20211226,20.76
rou,20220102,20.56
rou,20220109,20.31
rou,20220116,20.07
rou,20220123,19.88
rou,20220130,19.81
rou,20220206,19.89
rou,20220213,20.07
rou,20220220,20.23
rou,20220227,20.25
rou,20220306,20.17
rou,20220313,20.07
rou,20220320,19.92
rou,20220327,19.79
rou,20220403,19.7
rou,20220410,19.54
rou,20220417,19.4
rou,20220424,19.22
rou,20220501,19.08
rou,20220508,18.89
rou,20220515,18.76
rou,20220522,18.61
rou,20220529,18.42
rou,20220605,18.26
rou,20220612,18.07
rou,20220619,17.87
rou,20220626,17.67
rou,20220703,17.56
rou,20220710,17.43
rou,20220717,17.28
rou,20220724,17.2
rou,20220731,17.15
rou,20220807,17.08
rou,20220814,17.01
rou,20220821,16.97
rou,20220828,16.93
rus,20200131,-3.33
rus,20200229,-0.58
rus,20200331,-0.58
rus,20200430,0.42
rus,20200531,3.34
rus,20200630,5.51
rus,20200731,7.92
rus,20200831,8.71
rus,20200930,9.81
rus,20201031,13.51
rus,20201130,17.87
rus,20201231,21.11
rus,20210131,22.2
rus,20210228,22.2
rus,20210331,22.37
rus,20210430,22
rus,20210531,21.27
rus,20210630,21.79
rus,20210731,23.36
rus,20210831,24.62
rus,20210930,25.65
rus,20211031,27.69
rus,20211130,30.15
rus,20211231,30.85
rus,20220131,30.34
rus,20220228,30.59
rus,20220331,30.68
rus,20220430,29.72
rus,20220531,28.73
rus,20220630,27.85
rus,20220731,26.85
rus,20220831,26.28
sgp,20200131,10.8
sgp,20200229,7.43
sgp,20200331,5.04
sgp,20200430,5.58
sgp,20200531,4.13
sgp,20200630,2.39
sgp,20200731,0.75
sgp,20200831,0.56
sgp,20200930,0.64
sgp,20201031,0.13
sgp,20201130,0.18
sgp,20201231,0.1
sgp,20210131,-0.13
sgp,20210228,0.01
sgp,20210331,0.02
sgp,20210430,0.42
sgp,20210531,0.51
sgp,20210630,0.56
sgp,20210731,0.63
sgp,20210831,0.74
sgp,20210930,1.22
sgp,20211031,2.65
sgp,20211130,3.83
sgp,20211231,4.13
sgp,20220131,3.97
sgp,20220228,4.56
sgp,20220331,5.71
sgp,20220430,6.02
sgp,20220531,6.3
sgp,20220630,6.37
slv,20200331,-6.01
slv,20200430,-15.47
slv,20200531,-21.1
slv,20200630,-7.17
slv,20200731,11.79
slv,20200831,16.28
smr,20200229,3.81
smr,20200331,43.48
smr,20200430,41
smr,20200531,37.17
smr,20200630,36.3
smr,20200731,34.54
smr,20200831,30.41
smr,20200930,26.02
smr,20201031,26.04
smr,20201130,25.53
smr,20201231,32.23
smr,20210131,28.52
smr,20210228,29.32
smr,20210331,31.61
smr,20210430,30.82
smr,20210531,29.08
smr,20210630,26.9
smr,20210731,26.62
smr,20210831,25.52
smr,20210930,24.89
smr,20211031,25.1
smr,20211130,24.25
smr,20211231,25.67
smr,20220131,26.01
smr,20220228,24.74
smr,20220331,23.27
smr,20220430,21.63
smr,20220531,21.19
smr,20220630,20.41
smr,20220731,20.1
smr,20220831,19.86
smr,20220930,18.48
srb,20200229,-2.19
srb,20200331,-1.81
srb,20200430,-0.5
srb,20200531,-0.78
srb,20200630,0.36
srb,20200731,3.73
srb,20200831,4.62
srb,20200930,4.55
srb,20201031,4.31
srb,20201130,8.02
srb,20201231,15.48
srb,20210131,16
srb,20210228,15.61
srb,20210331,17.33
srb,20210430,19.35
srb,20210531,19.58
srb,20210630,19.43
srb,20210731,18.85
srb,20210831,18.4
srb,20210930,20.14
srb,20211031,23.17
srb,20211130,25.15
srb,20211231,25.48
srb,20220131,24.74
srb,20220228,25.54
srb,20220331,25.48
srb,20220430,24.66
srb,20220531,23.99
srb,20220630,23.32
srb,20220731,22.63
srb,20220831,22.54
sur,20200331,-4.07
sur,20200430,-5.04
sur,20200531,-7
sur,20200630,-4.59
sur,20200731,-3.69
sur,20200831,-1.17
sur,20200930,-0.35
sur,20201031,0.23
sur,20201130,0.1
sur,20201231,1.23
svk,20200308,-5.02
svk,20200315,-4.48
svk,20200322,-3.4
svk,20200329,-3.18
svk,20200405,-2.61
svk,20200412,-2.72
svk,20200419,-2.86
svk,20200426,-2.9
svk,20200503,-2.83
svk,20200510,-2.49
svk,20200517,-2.24
svk,20200524,-2.2
svk,20200531,-2.31
svk,20200607,-2.08
svk,20200614,-1.98
svk,20200621,-2.14
svk,20200628,-2.05
svk,20200705,-1.84
svk,20200712,-1.7
svk,20200719,-1.66
svk,20200726,-1.83
svk,20200802,-1.76
svk,20200809,-1.43
svk,20200816,-1.4
svk,20200823,-1.3
svk,20200830,-1.09
svk,20200906,-1.02
svk,20200913,-0.78
svk,20200920,-0.82
svk,20200927,-0.68
svk,20201004,-0.32
svk,20201011,-0.12
svk,20201018,0.32
svk,20201025,0.96
svk,20201101,1.73
svk,20201108,2.61
svk,20201115,3.4
svk,20201122,4.07
svk,20201129,4.82
svk,20201206,5.67
svk,20201213,6.6
svk,20201220,7.46
svk,20201227,8.61
svk,20210103,10.17
svk,20210110,11.52
svk,20210117,12.82
svk,20210124,13.77
svk,20210131,14.47
svk,20210207,15.43
svk,20210214,16.55
svk,20210221,17.53
svk,20210228,18.4
svk,20210307,19.09
svk,20210314,19.7
svk,20210321,20.22
svk,20210328,20.63
svk,20210404,20.9
svk,20210411,21.04
svk,20210418,21.08
svk,20210425,21.12
svk,20210502,21.04
svk,20210509,20.96
svk,20210516,20.91
svk,20210523,20.71
svk,20210530,20.45
svk,20210606,20.25
svk,20210613,20.1
svk,20210620,19.95
svk,20210627,19.87
svk,20210704,19.69
svk,20210711,19.52
svk,20210718,19.36
svk,20210725,19.07
svk,20210801,18.84
svk,20210808,18.59
svk,20210815,18.39
svk,20210822,18.24
svk,20210829,18
svk,20210905,17.85
svk,20210912,17.76
svk,20210919,17.78
svk,20210926,17.77
svk,20211003,17.7
svk,20211010,17.74
svk,20211017,17.78
svk,20211024,17.89
svk,20211031,18.18
svk,20211107,18.49
svk,20211114,18.96
svk,20211121,19.6
svk,20211128,20.29
svk,20211205,20.96
svk,20211212,21.63
svk,20211219,22.12
svk,20211226,22.36
svk,20220102,22.5
svk,20220109,22.48
svk,20220116,22.34
svk,20220123,22.1
svk,20220130,21.88
svk,20220206,21.66
svk,20220213,21.45
svk,20220220,21.37
svk,20220227,21.25
svk,20220306,21.2
svk,20220313,21.16
svk,20220320,21.18
svk,20220327,21.16
svk,20220403,21.14
svk,20220410,21.11
svk,20220417,20.96
svk,20220424,20.86
svk,20220501,20.77
svk,20220508,20.67
svk,20220515,20.56
svk,20220522,20.42
svk,20220529,20.27
svk,20220605,20.18
svk,20220612,20.1
svk,20220619,19.92
svk,20220626,19.84
svk,20220703,19.82
svk,20220710,19.69
svk,20220717,19.58
svk,20220724,19.59
svk,20220731,19.48
svk,20220807,19.39
svk,20220814,19.32
svk,20220821,19.27
svk,20220828,19.23
svk,20220904,19.09
svk,20220911,18.98
svk,20220918,18.82
svk,20220925,18.7
svn,20200202,-7.85
svn,20200209,-7.38
svn,20200216,-5.54
svn,20200223,-5.55
svn,20200301,-5.92
svn,20200308,-5.34
svn,20200315,-5.18
svn,20200322,-4.59
svn,20200329,-5.07
svn,20200405,-5.24
svn,20200412,-4.34
svn,20200419,-3.81
svn,20200426,-3.63
svn,20200503,-3.73
svn,20200510,-3.49
svn,20200517,-3.51
svn,20200524,-2.95
svn,20200531,-3.19
svn,20200607,-3.23
svn,20200614,-2.88
svn,20200621,-2.64
svn,20200628,-1.93
svn,20200705,-1.84
svn,20200712,-2.04
svn,20200719,-2.11
svn,20200726,-2.14
svn,20200802,-1.86
svn,20200809,-1.76
svn,20200816,-1.52
svn,20200823,-1.62
svn,20200830,-1.8
svn,20200906,-1.62
svn,20200913,-1.44
svn,20200920,-1.1
svn,20200927,-1.14
svn,20201004,-0.97
svn,20201011,-0.83
svn,20201018,-0.48
svn,20201025,0.22
svn,20201101,1.4
svn,20201108,2.68
svn,20201115,4.45
svn,20201122,6.2
svn,20201129,8.19
svn,20201206,9.98
svn,20201213,11.59
svn,20201220,12.8
svn,20201227,13.79
svn,20210103,14.63
svn,20210110,14.99
svn,20210117,15.34
svn,20210124,15.49
svn,20210131,15.31
svn,20210207,15.07
svn,20210214,14.6
svn,20210221,14.1
svn,20210228,13.83
svn,20210307,13.43
svn,20210314,13.28
svn,20210321,13
svn,20210328,12.74
svn,20210404,12.53
svn,20210411,12.29
svn,20210418,12.24
svn,20210425,12.2
svn,20210502,11.98
svn,20210509,11.85
svn,20210516,11.78
svn,20210523,11.75
svn,20210530,11.66
svn,20210606,11.67
svn,20210613,11.62
svn,20210620,11.6
svn,20210627,11.53
svn,20210704,11.53
svn,20210711,11.3
svn,20210718,11.11
svn,20210725,10.86
svn,20210801,10.71
svn,20210808,10.47
svn,20210815,10.32
svn,20210822,10.08
svn,20210829,9.85
svn,20210905,9.81
svn,20210912,9.89
svn,20210919,9.87
svn,20210926,9.88
svn,20211003,9.96
svn,20211010,9.9
svn,20211017,9.94
svn,20211024,10.05
svn,20211031,10.11
svn,20211107,10.41
svn,20211114,10.8
svn,20211121,11.14
svn,20211128,11.4
svn,20211205,11.78
svn,20211212,11.93
svn,20211219,11.98
svn,20211226,11.99
svn,20220102,12.02
svn,20220109,11.91
svn,20220116,11.8
svn,20220123,11.6
svn,20220130,11.41
svn,20220206,11.46
svn,20220213,11.46
svn,20220220,11.5
svn,20220227,11.35
svn,20220306,11.24
svn,20220313,11.23
svn,20220320,11.11
svn,20220327,10.98
svn,20220403,10.85
svn,20220410,10.76
svn,20220417,10.74
svn,20220424,10.68
svn,20220501,10.6
svn,20220508,10.51
svn,20220515,10.45
svn,20220522,10.4
svn,20220529,10.29
svn,20220605,10.23
svn,20220612,10.15
svn,20220619,10.08
svn,20220626,10.01
svn,20220703,10.05
svn,20220710,9.98
svn,20220717,9.94
svn,20220724,10.01
svn,20220731,9.92
svn,20220807,9.93
svn,20220814,9.96
svn,20220821,9.93
svn,20220828,9.85
svn,20220904,9.68
svn,20220911,9.6
svn,20220918,9.54
swe,20200202,-4.17
swe,20200209,-4.65
swe,20200216,-4.56
swe,20200223,-5.18
swe,20200301,-5.59
swe,20200308,-5.37
swe,20200315,-5.58
swe,20200322,-4.76
swe,20200329,-3.45
swe,20200405,-0.98
swe,20200412,2.02
swe,20200419,4.49
swe,20200426,6.1
swe,20200503,7.63
swe,20200510,8.9
swe,20200517,9.74
swe,20200524,10.35
swe,20200531,10.26
swe,20200607,10.45
swe,20200614,10.59
swe,20200621,10.58
swe,20200628,10.53
swe,20200705,10.21
swe,20200712,9.96
swe,20200719,9.6
swe,20200726,9.33
swe,20200802,9.05
swe,20200809,8.91
swe,20200816,8.69
swe,20200823,8.56
swe,20200830,8.2
swe,20200906,7.95
swe,20200913,7.76
swe,20200920,7.52
swe,20200927,7.34
swe,20201004,7.07
swe,20201011,6.8
swe,20201018,6.66
swe,20201025,6.42
swe,20201101,6.31
swe,20201108,6.21
swe,20201115,6.33
swe,20201122,6.63
swe,20201129,6.78
swe,20201206,7.1
swe,20201213,7.41
swe,20201220,7.85
swe,20201227,8.26
swe,20210103,8.72
swe,20210110,8.94
swe,20210117,9.16
swe,20210124,9.32
swe,20210131,9.33
swe,20210207,9.16
swe,20210214,9
swe,20210221,8.79
swe,20210228,8.49
swe,20210307,8.07
swe,20210314,7.87
swe,20210321,7.57
swe,20210328,7.41
swe,20210404,7.19
swe,20210411,7.02
swe,20210418,6.87
swe,20210425,6.74
swe,20210502,6.61
swe,20210509,6.57
swe,20210516,6.53
swe,20210523,6.46
swe,20210530,6.37
swe,20210606,6.28
swe,20210613,6.21
swe,20210620,6.13
swe,20210627,6.05
swe,20210704,5.95
swe,20210711,5.87
swe,20210718,5.82
swe,20210725,5.74
swe,20210801,5.72
swe,20210808,5.6
swe,20210815,5.6
swe,20210822,5.57
swe,20210829,5.55
swe,20210905,5.5
swe,20210912,5.49
swe,20210919,5.53
swe,20210926,5.53
swe,20211003,5.55
swe,20211010,5.49
swe,20211017,5.46
swe,20211024,5.46
swe,20211031,5.43
swe,20211107,5.45
swe,20211114,5.45
swe,20211121,5.44
swe,20211128,5.41
swe,20211205,5.4
swe,20211212,5.42
swe,20211219,5.44
swe,20211226,5.46
swe,20220102,5.51
swe,20220109,5.51
swe,20220116,5.51
swe,20220123,5.49
swe,20220130,5.52
swe,20220206,5.62
swe,20220213,5.62
swe,20220220,5.64
swe,20220227,5.57
swe,20220306,5.5
swe,20220313,5.39
swe,20220320,5.29
swe,20220327,5.22
swe,20220403,5.14
swe,20220410,5.09
swe,20220417,5
swe,20220424,4.91
swe,20220501,4.84
swe,20220508,4.82
swe,20220515,4.8
swe,20220522,4.82
swe,20220529,4.8
swe,20220605,4.79
swe,20220612,4.77
swe,20220619,4.78
swe,20220626,4.8
swe,20220703,4.82
swe,20220710,4.82
swe,20220717,4.77
swe,20220724,4.8
swe,20220731,4.82
swe,20220807,4.83
swe,20220814,4.9
swe,20220821,4.95
swe,20220828,4.96
swe,20220904,4.92
swe,20220911,4.9
syc,20200331,-9.85
syc,20200430,-12.19
syc,20200531,-18.11
syc,20200630,-19.43
syc,20200731,-19.61
syc,20200831,-20.4
syc,20200930,-20.06
syc,20201031,-22.66
syc,20201130,-21.44
syc,20201231,-20.38
syc,20210131,-18.95
syc,20210228,-16.58
syc,20210331,-15.2
syc,20210430,-15.23
syc,20210531,-12.73
syc,20210630,-9.18
syc,20210731,-6.8
syc,20210831,-6.72
syc,20210930,-6.1
syc,20211031,-6.21
syc,20211130,-6.92
syc,20211231,-6.47
tha,20200131,5.43
tha,20200229,2.93
tha,20200331,4.19
tha,20200430,1.24
tha,20200531,-0.07
tha,20200630,0.34
tha,20200731,-0.02
tha,20200831,-0.2
tha,20200930,-0.36
tha,20201031,-0.72
tha,20201130,-0.1
tha,20201231,0.68
tha,20210131,0.9
tha,20210228,0.5
tha,20210331,1.23
tha,20210430,0.95
tha,20210531,1.32
tha,20210630,1.85
tha,20210731,2.73
tha,20210831,4.4
tha,20210930,5.07
tha,20211031,5.11
tha,20211130,5.67
tha,20211231,6.3
tha,20220131,6.28
tha,20220228,6.19
tha,20220331,6.91
tha,20220430,7.6
tha,20220531,8.02
tha,20220630,8.37
tha,20220731,8.29
tha,20220831,8.9
tha,20220930,9.13
tjk,20200531,22.98
tjk,20200630,23.38
tjk,20200731,21.9
tjk,20200831,23.28
tjk,20200930,25.99
tjk,20201031,31.77
tjk,20201130,33.5
tjk,20201231,30.17
tun,20200331,-2.83
tun,20200430,-4.21
tun,20200531,-5.15
tun,20200630,-5.38
tun,20200731,-5.83
tun,20200831,-4.84
tun,20200930,-4.12
tun,20201031,-0.25
tun,20201130,2.35
tun,20201231,4.49
tun,20210131,6.65
tun,20210228,5.87
tun,20210331,5.53
tun,20210430,7.98
tun,20210531,9.82
tun,20210630,12.57
tun,20210731,18.76
tun,20210831,22.19
tun,20210930,21.95
tun,20211031,20.53
tun,20211130,19.07
tun,20211231,17.98
twn,20200131,-5.91
twn,20200229,1.99
twn,20200331,-1.88
twn,20200430,-1.97
twn,20200531,-3.34
twn,20200630,-3.18
twn,20200731,-3.24
twn,20200831,-4.02
twn,20200930,-3.51
twn,20201031,-4.08
twn,20201130,-3.75
twn,20201231,-3.21
twn,20210131,-2.68
twn,20210228,-2.51
twn,20210331,-2.91
twn,20210430,-3.01
twn,20210531,-2.73
twn,20210630,-1.77
twn,20210731,-1.59
twn,20210831,-1.51
twn,20210930,-1.46
twn,20211031,-1.61
twn,20211130,-1.21
twn,20211231,-0.95
twn,20220131,-0.93
twn,20220228,-0.95
twn,20220331,-0.85
twn,20220430,-0.94
twn,20220531,-0.37
twn,20220630,1.05
twn,20220731,1.59
twn,20220831,2.1
twn,20220930,2.51
ukr,20200331,-4.32
ukr,20200430,-4.42
ukr,20200531,-5.83
ukr,20200630,-4.07
ukr,20200731,-2.97
ukr,20200831,-2.54
ukr,20200930,-0.78
ukr,20201031,1.34
ukr,20201130,4.15
ukr,20201231,6.85
ukr,20210131,6.46
ukr,20210228,6.57
ukr,20210331,7.97
ukr,20210430,10.08
ukr,20210531,10.31
ukr,20210630,10.35
ukr,20210731,10.03
ukr,20210831,9.58
ukr,20210930,9.86
ukr,20211031,11.79
ukr,20211130,14.91
ukr,20211231,15.53
ukr,20220131,14.89
ury,20200331,-1.58
ury,20200430,-1.88
ury,20200531,-3.45
ury,20200630,-6.44
ury,20200731,-7.35
ury,20200831,-8.2
ury,20200930,-8.23
ury,20201031,-7.98
ury,20201130,-7.62
ury,20201231,-6.56
ury,20210131,-4.92
ury,20210228,-5.94
ury,20210331,-4.55
ury,20210430,-0.2
ury,20210531,3.53
ury,20210630,5.41
ury,20210731,5.24
ury,20210831,4.83
ury,20210930,4.43
ury,20211031,4
ury,20211130,4.01
ury,20211231,4.31
ury,20220131,5.57
ury,20220228,6.97
ury,20220331,7.13
ury,20220430,7.23
ury,20220531,7.28
ury,20220630,7.65
ury,20220731,7.5
ury,20220831,7.19
usa,20200126,-3.59
usa,20200202,-3.4
usa,20200209,-3.14
usa,20200216,-3.03
usa,20200223,-2.79
usa,20200301,-2.48
usa,20200308,-2.19
usa,20200315,-1.96
usa,20200322,-1.64
usa,20200329,-0.78
usa,20200405,1.07
usa,20200412,3.49
usa,20200419,5.51
usa,20200426,7.08
usa,20200503,8.06
usa,20200510,8.79
usa,20200517,9.31
usa,20200524,9.56
usa,20200531,9.67
usa,20200607,9.67
usa,20200614,9.65
usa,20200621,9.64
usa,20200628,9.67
usa,20200705,9.77
usa,20200712,10.01
usa,20200719,10.35
usa,20200726,10.73
usa,20200802,11.08
usa,20200809,11.37
usa,20200816,11.66
usa,20200823,11.88
usa,20200830,12
usa,20200906,12.05
usa,20200913,12.06
usa,20200920,12.07
usa,20200927,12.11
usa,20201004,12.06
usa,20201011,12.11
usa,20201018,12.08
usa,20201025,12.1
usa,20201101,12.16
usa,20201108,12.37
usa,20201115,12.59
usa,20201122,12.9
usa,20201129,13.24
usa,20201206,13.68
usa,20201213,14.24
usa,20201220,14.78
usa,20201227,15.33
usa,20210103,15.94
usa,20210110,16.39
usa,20210117,16.81
usa,20210124,17.15
usa,20210131,17.37
usa,20210207,17.51
usa,20210214,17.5
usa,20210221,17.43
usa,20210228,17.32
usa,20210307,17.13
usa,20210314,16.88
usa,20210321,16.64
usa,20210328,16.43
usa,20210404,16.2
usa,20210411,16.03
usa,20210418,15.83
usa,20210425,15.7
usa,20210502,15.58
usa,20210509,15.45
usa,20210516,15.32
usa,20210523,15.23
usa,20210530,15.1
usa,20210606,14.99
usa,20210613,14.87
usa,20210620,14.76
usa,20210627,14.65
usa,20210704,14.56
usa,20210711,14.46
usa,20210718,14.37
usa,20210725,14.32
usa,20210801,14.31
usa,20210808,14.37
usa,20210815,14.5
usa,20210822,14.68
usa,20210829,14.92
usa,20210905,15.16
usa,20210912,15.4
usa,20210919,15.62
usa,20210926,15.82
usa,20211003,15.99
usa,20211010,16.09
usa,20211017,16.16
usa,20211024,16.21
usa,20211031,16.24
usa,20211107,16.27
usa,20211114,16.3
usa,20211121,16.31
usa,20211128,16.34
usa,20211205,16.4
usa,20211212,16.46
usa,20211219,16.5
usa,20211226,16.55
usa,20220102,16.62
usa,20220109,16.7
usa,20220116,16.85
usa,20220123,17.05
usa,20220130,17.24
usa,20220206,17.38
usa,20220213,17.44
usa,20220220,17.42
usa,20220227,17.33
usa,20220306,17.22
usa,20220313,17.07
usa,20220320,16.93
usa,20220327,16.76
usa,20220403,16.6
usa,20220410,16.44
usa,20220417,16.29
usa,20220424,16.15
usa,20220501,16.03
usa,20220508,15.91
usa,20220515,15.81
usa,20220522,15.72
usa,20220529,15.63
usa,20220605,15.55
usa,20220612,15.47
usa,20220619,15.39
usa,20220626,15.33
usa,20220703,15.26
usa,20220710,15.19
usa,20220717,15.13
usa,20220724,15.1
usa,20220731,15.05
usa,20220807,15
usa,20220814,14.95
usa,20220821,14.89
usa,20220828,14.83
usa,20220904,14.75
usa,20220911,14.67
uzb,20200331,0.18
uzb,20200430,-2.91
uzb,20200531,-4.25
uzb,20200630,-1.59
uzb,20200731,2.54
uzb,20200831,10.38
uzb,20200930,11.3
uzb,20201031,13.07
uzb,20201130,12.75
uzb,20201231,11.9
uzb,20210131,12.1
uzb,20210228,11.84
uzb,20210331,10.99
uzb,20210430,9.93
uzb,20210531,9.05
uzb,20210630,9.56
uzb,20210731,10.55
uzb,20210831,13.43
uzb,20210930,13.78
uzb,20211031,13.76
uzb,20211130,13.14
uzb,20211231,11.36
uzb,20220131,11.45
uzb,20220228,11.29
uzb,20220331,10.93
uzb,20220430,10.41
uzb,20220531,9.98
uzb,20220630,10.3
vct,20200331,4.48
vct,20200430,4.59
vct,20200531,7.97
vct,20200630,7.06
vct,20200731,3.98
vct,20200831,3.06
vct,20200930,2.49
vct,20201031,2.16
vct,20201130,2.64
vct,20201231,1.14
vct,20210131,0.8
vct,20210228,1.87
vct,20210331,0.26
vct,20210430,0.22
vct,20210531,0.55
vct,20210630,0.09
vct,20210731,-0.39
vct,20210831,-0.37
vct,20210930,0.25
vct,20211031,4.03
vct,20211130,4.64
vct,20211231,6.11
zaf,20200209,2.84
zaf,20200216,2.88
zaf,20200223,3.02
zaf,20200301,2.22
zaf,20200308,2.54
zaf,20200315,2.6
zaf,20200322,2.48
zaf,20200329,2
zaf,20200405,1.16
zaf,20200412,0.66
zaf,20200419,0.36
zaf,20200426,0.01
zaf,20200503,-0.55
zaf,20200510,-0.9
zaf,20200517,-1.19
zaf,20200524,-1.3
zaf,20200531,-1.66
zaf,20200607,-2.02
zaf,20200614,-2.13
zaf,20200621,-1.6
zaf,20200628,-0.91
zaf,20200705,0.01
zaf,20200712,1.51
zaf,20200719,3.48
zaf,20200726,5.36
zaf,20200802,6.64
zaf,20200809,7.43
zaf,20200816,7.82
zaf,20200823,8.15
zaf,20200830,8.23
zaf,20200906,8.18
zaf,20200913,8.04
zaf,20200920,7.81
zaf,20200927,7.69
zaf,20201004,7.38
zaf,20201011,7.36
zaf,20201018,7.44
zaf,20201025,7.48
zaf,20201101,7.39
zaf,20201108,7.41
zaf,20201115,7.56
zaf,20201122,7.72
zaf,20201129,7.69
zaf,20201206,7.92
zaf,20201213,8.4
zaf,20201220,9.03
zaf,20201227,10.26
zaf,20210103,11.95
zaf,20210110,14.2
zaf,20210117,16.81
zaf,20210124,18.83
zaf,20210131,19.76
zaf,20210207,20.25
zaf,20210214,20.42
zaf,20210221,20.53
zaf,20210228,20.53
zaf,20210307,20.48
zaf,20210314,20.43
zaf,20210321,20.31
zaf,20210328,20.22
zaf,20210404,20.12
zaf,20210411,20.02
zaf,20210418,19.95
zaf,20210425,19.86
zaf,20210502,19.78
zaf,20210509,19.69
zaf,20210516,19.63
zaf,20210523,19.57
zaf,20210530,19.6
zaf,20210606,19.69
zaf,20210613,19.78
zaf,20210620,19.8
zaf,20210627,20.09
zaf,20210704,20.56
zaf,20210711,21.18
zaf,20210718,22.17
zaf,20210725,23.04
zaf,20210801,23.78
zaf,20210808,24.24
zaf,20210815,24.49
zaf,20210822,24.79
zaf,20210829,25
zaf,20210905,25.2
zaf,20210912,25.24
zaf,20210919,25.18
zaf,20210926,25.1
zaf,20211003,24.96
zaf,20211010,24.77
zaf,20211017,24.65
zaf,20211024,24.5
zaf,20211031,24.31
zaf,20211107,24.19
zaf,20211114,24.09
zaf,20211121,23.96
zaf,20211128,23.83
zaf,20211205,23.75
zaf,20211212,23.65
zaf,20211219,23.67
zaf,20211226,23.74
zaf,20220102,23.84
zaf,20220109,23.83
zaf,20220116,23.83
zaf,20220123,23.76
zaf,20220130,23.67
zaf,20220206,23.57
zaf,20220213,23.43
zaf,20220220,23.31
zaf,20220227,23.2
zaf,20220306,23.08
zaf,20220313,22.97
zaf,20220320,22.85
zaf,20220327,22.75
zaf,20220403,22.64
zaf,20220410,22.5
zaf,20220417,22.46
zaf,20220424,22.38
zaf,20220501,22.3
zaf,20220508,22.24
zaf,20220515,22.18
zaf,20220522,22.07
zaf,20220529,22.03
zaf,20220605,21.94
zaf,20220612,21.82
zaf,20220619,21.71
zaf,20220626,21.57
zaf,20220703,21.46
zaf,20220710,21.3
zaf,20220717,21.14
zaf,20220724,20.97
zaf,20220731,20.84
zaf,20220807,20.68
zaf,20220814,20.52
zaf,20220821,20.38
zaf,20220828,20.26
zaf,20220904,20.14
zaf,20220911,20.02
zaf,20220918,19.9
zaf,20220925,19.77
zaf,20221002,19.66
zaf,20221009,19.55
zaf,20221016,19.5
