geo,time,weekly_hosp_admissions_smoothed
bel,20200321,1291
bel,20200322,1395
bel,20200323,1489.66667
bel,20200324,1610.75
bel,20200325,1756.2
bel,20200326,1900
bel,20200327,2044.57143
bel,20200328,2321.85714
bel,20200329,2607.57143
bel,20200330,2898.71429
bel,20200331,3166.28571
bel,20200401,3389.85714
bel,20200402,3584.42857
bel,20200403,3725
bel,20200404,3799.85714
bel,20200405,3810.14286
bel,20200406,3766.14286
bel,20200407,3692.85714
bel,20200408,3592.28571
bel,20200409,3465.57143
bel,20200410,3340.85714
bel,20200411,3220.42857
bel,20200412,3114.57143
bel,20200413,3020.42857
bel,20200414,2905.28571
bel,20200415,2788.42857
bel,20200416,2664.57143
bel,20200417,2533
bel,20200418,2399
bel,20200419,2269.71429
bel,20200420,2143.28571
bel,20200421,2049.85714
bel,20200422,1963
bel,20200423,1882.57143
bel,20200424,1807.85714
bel,20200425,1742.42857
bel,20200426,1670.28571
bel,20200427,1598.85714
bel,20200428,1512.28571
bel,20200429,1435.71429
bel,20200430,1367.42857
bel,20200501,1298.85714
bel,20200502,1221.85714
bel,20200503,1149
bel,20200504,1078.71429
bel,20200505,1016.28571
bel,20200506,946.28571
bel,20200507,879.14286
bel,20200508,816.57143
bel,20200509,771.71429
bel,20200510,736.57143
bel,20200511,700.42857
bel,20200512,663.28571
bel,20200513,635.57143
bel,20200514,604.28571
bel,20200515,578.85714
bel,20200516,549.71429
bel,20200517,518.14286
bel,20200518,493.42857
bel,20200519,473.57143
bel,20200520,455.42857
bel,20200521,444.85714
bel,20200522,432.28571
bel,20200523,422.14286
bel,20200524,412.42857
bel,20200525,400.28571
bel,20200526,387.42857
bel,20200527,372
bel,20200528,352
bel,20200529,334.71429
bel,20200530,316.28571
bel,20200531,299.14286
bel,20200601,282.42857
bel,20200602,268.14286
bel,20200603,252.85714
bel,20200604,243.42857
bel,20200605,235.57143
bel,20200606,227
bel,20200607,218.85714
bel,20200608,210.57143
bel,20200609,201
bel,20200610,195.57143
bel,20200611,189.14286
bel,20200612,181.71429
bel,20200613,175.28571
bel,20200614,168
bel,20200615,161.42857
bel,20200616,157
bel,20200617,152.71429
bel,20200618,146.85714
bel,20200619,141.14286
bel,20200620,138.14286
bel,20200621,135.71429
bel,20200622,134.42857
bel,20200623,130.57143
bel,20200624,126.42857
bel,20200625,124
bel,20200626,121.71429
bel,20200627,118.14286
bel,20200628,114.42857
bel,20200629,110.42857
bel,20200630,109.28571
bel,20200701,107.57143
bel,20200702,104.71429
bel,20200703,100.57143
bel,20200704,96.71429
bel,20200705,93.57143
bel,20200706,89.85714
bel,20200707,85.42857
bel,20200708,82
bel,20200709,79.42857
bel,20200710,78.57143
bel,20200711,77
bel,20200712,75.42857
bel,20200713,74.28571
bel,20200714,73.28571
bel,20200715,72.57143
bel,20200716,72.42857
bel,20200717,73
bel,20200718,76.57143
bel,20200719,81.71429
bel,20200720,87.71429
bel,20200721,92.14286
bel,20200722,98
bel,20200723,106.42857
bel,20200724,117.42857
bel,20200725,126
bel,20200726,132.57143
bel,20200727,140.42857
bel,20200728,154.42857
bel,20200729,168.42857
bel,20200730,179.14286
bel,20200731,184.42857
bel,20200801,190.28571
bel,20200802,198.57143
bel,20200803,205
bel,20200804,203.71429
bel,20200805,202.85714
bel,20200806,202.85714
bel,20200807,207
bel,20200808,212
bel,20200809,214.14286
bel,20200810,217.85714
bel,20200811,229.14286
bel,20200812,236.14286
bel,20200813,244.57143
bel,20200814,251
bel,20200815,256.85714
bel,20200816,264.42857
bel,20200817,267.42857
bel,20200818,263.42857
bel,20200819,262.14286
bel,20200820,256.71429
bel,20200821,251
bel,20200822,242.14286
bel,20200823,230.85714
bel,20200824,221.85714
bel,20200825,212
bel,20200826,199
bel,20200827,187
bel,20200828,173.57143
bel,20200829,160
bel,20200830,147.42857
bel,20200831,135.57143
bel,20200901,129.28571
bel,20200902,126.28571
bel,20200903,123.42857
bel,20200904,122.71429
bel,20200905,125.71429
bel,20200906,129.71429
bel,20200907,134.71429
bel,20200908,139.42857
bel,20200909,143.14286
bel,20200910,150.28571
bel,20200911,158.28571
bel,20200912,167.85714
bel,20200913,180.42857
bel,20200914,193
bel,20200915,204.71429
bel,20200916,219.85714
bel,20200917,235.57143
bel,20200918,253.85714
bel,20200919,272.71429
bel,20200920,289.42857
bel,20200921,308.85714
bel,20200922,330.85714
bel,20200923,353.71429
bel,20200924,380
bel,20200925,404.71429
bel,20200926,425.57143
bel,20200927,445.28571
bel,20200928,463
bel,20200929,479.14286
bel,20200930,493.42857
bel,20201001,501
bel,20201002,506.42857
bel,20201003,516
bel,20201004,531.14286
bel,20201005,546.85714
bel,20201006,563.57143
bel,20201007,586.14286
bel,20201008,615
bel,20201009,654.57143
bel,20201010,702.85714
bel,20201011,752.57143
bel,20201012,812.42857
bel,20201013,885
bel,20201014,966.85714
bel,20201015,1065.85714
bel,20201016,1168.42857
bel,20201017,1287.28571
bel,20201018,1417.57143
bel,20201019,1548.85714
bel,20201020,1693.42857
bel,20201021,1845.14286
bel,20201022,2006.42857
bel,20201023,2205.42857
bel,20201024,2410.85714
bel,20201025,2634.57143
bel,20201026,2883.42857
bel,20201027,3143
bel,20201028,3424.14286
bel,20201029,3696.71429
bel,20201030,3935.85714
bel,20201031,4153.85714
bel,20201101,4342
bel,20201102,4501
bel,20201103,4647.57143
bel,20201104,4736.14286
bel,20201105,4784.85714
bel,20201106,4794.57143
bel,20201107,4763.14286
bel,20201108,4701.42857
bel,20201109,4606
bel,20201110,4443
bel,20201111,4276.28571
bel,20201112,4102.14286
bel,20201113,3936.85714
bel,20201114,3791
bel,20201115,3652.71429
bel,20201116,3516
bel,20201117,3385.42857
bel,20201118,3241
bel,20201119,3112.57143
bel,20201120,2966.57143
bel,20201121,2799.85714
bel,20201122,2636
bel,20201123,2484.14286
bel,20201124,2355.57143
bel,20201125,2246.14286
bel,20201126,2128.85714
bel,20201127,2027.85714
bel,20201128,1950.28571
bel,20201129,1876.14286
bel,20201130,1800
bel,20201201,1720.71429
bel,20201202,1645.14286
bel,20201203,1576
bel,20201204,1517.71429
bel,20201205,1464.71429
bel,20201206,1421.42857
bel,20201207,1394.14286
bel,20201208,1381.71429
bel,20201209,1368.42857
bel,20201210,1365.42857
bel,20201211,1359
bel,20201212,1346.57143
bel,20201213,1339
bel,20201214,1324.85714
bel,20201215,1311.14286
bel,20201216,1307.28571
bel,20201217,1302
bel,20201218,1304.42857
bel,20201219,1314.57143
bel,20201220,1311.85714
bel,20201221,1314.28571
bel,20201222,1314.42857
bel,20201223,1310.71429
bel,20201224,1307.28571
bel,20201225,1294.28571
bel,20201226,1264.71429
bel,20201227,1246.42857
bel,20201228,1227.71429
bel,20201229,1208.28571
bel,20201230,1186
bel,20201231,1153.85714
bel,20210101,1128.71429
bel,20210102,1120.42857
bel,20210103,1105.57143
bel,20210104,1083.42857
bel,20210105,1054.42857
bel,20210106,1027.85714
bel,20210107,1012.28571
bel,20210108,995.57143
bel,20210109,980.57143
bel,20210110,961.14286
bel,20210111,945.14286
bel,20210112,936.14286
bel,20210113,928.71429
bel,20210114,916.42857
bel,20210115,905.57143
bel,20210116,887.14286
bel,20210117,875.28571
bel,20210118,867.28571
bel,20210119,867.57143
bel,20210120,868.57143
bel,20210121,875
bel,20210122,883.57143
bel,20210123,900.42857
bel,20210124,922
bel,20210125,940.14286
bel,20210126,946.57143
bel,20210127,949.42857
bel,20210128,948.71429
bel,20210129,940.14286
bel,20210130,926.14286
bel,20210131,904.14286
bel,20210201,889.14286
bel,20210202,877.42857
bel,20210203,872
bel,20210204,868.42857
bel,20210205,874
bel,20210206,878.42857
bel,20210207,891.42857
bel,20210208,891.28571
bel,20210209,895.71429
bel,20210210,895.71429
bel,20210211,894.71429
bel,20210212,888.42857
bel,20210213,881.85714
bel,20210214,868.42857
bel,20210215,864.71429
bel,20210216,855.42857
bel,20210217,848.85714
bel,20210218,843.57143
bel,20210219,839
bel,20210220,837.42857
bel,20210221,837.85714
bel,20210222,841
bel,20210223,848.14286
bel,20210224,855.28571
bel,20210225,861.71429
bel,20210226,880.42857
bel,20210227,904.71429
bel,20210228,935
bel,20210301,959.71429
bel,20210302,986
bel,20210303,1011.28571
bel,20210304,1040.71429
bel,20210305,1051.42857
bel,20210306,1053.71429
bel,20210307,1049.71429
bel,20210308,1047.71429
bel,20210309,1046.42857
bel,20210310,1045.14286
bel,20210311,1035.14286
bel,20210312,1035.14286
bel,20210313,1045
bel,20210314,1060.85714
bel,20210315,1081.14286
bel,20210316,1098.57143
bel,20210317,1123.28571
bel,20210318,1162.42857
bel,20210319,1200.71429
bel,20210320,1238.14286
bel,20210321,1274
bel,20210322,1311.85714
bel,20210323,1359.42857
bel,20210324,1405.71429
bel,20210325,1447
bel,20210326,1490.28571
bel,20210327,1534.28571
bel,20210328,1578.57143
bel,20210329,1615.28571
bel,20210330,1646.71429
bel,20210331,1680.14286
bel,20210401,1715.57143
bel,20210402,1759.85714
bel,20210403,1791.28571
bel,20210404,1812.71429
bel,20210405,1838.85714
bel,20210406,1847.71429
bel,20210407,1851.71429
bel,20210408,1843.14286
bel,20210409,1819
bel,20210410,1799.57143
bel,20210411,1790.57143
bel,20210412,1776.42857
bel,20210413,1778.85714
bel,20210414,1761.28571
bel,20210415,1747.85714
bel,20210416,1733.71429
bel,20210417,1718.71429
bel,20210418,1699.14286
bel,20210419,1678.14286
bel,20210420,1657.71429
bel,20210421,1657.71429
bel,20210422,1658.14286
bel,20210423,1658.42857
bel,20210424,1657.71429
bel,20210425,1651.57143
bel,20210426,1639.85714
bel,20210427,1612.71429
bel,20210428,1576.85714
bel,20210429,1538.57143
bel,20210430,1499.71429
bel,20210501,1458.57143
bel,20210502,1422.85714
bel,20210503,1394.42857
bel,20210504,1370.57143
bel,20210505,1345
bel,20210506,1314.28571
bel,20210507,1284
bel,20210508,1254
bel,20210509,1223.85714
bel,20210510,1191.42857
bel,20210511,1161.14286
bel,20210512,1135.14286
bel,20210513,1117.71429
bel,20210514,1095.57143
bel,20210515,1078.42857
bel,20210516,1053.85714
bel,20210517,1027
bel,20210518,998.71429
bel,20210519,971.71429
bel,20210520,941.57143
bel,20210521,923.71429
bel,20210522,898.85714
bel,20210523,879.28571
bel,20210524,861.42857
bel,20210525,842.71429
bel,20210526,820.57143
bel,20210527,797.42857
bel,20210528,764.42857
bel,20210529,733.42857
bel,20210530,702.14286
bel,20210531,671.28571
bel,20210601,646.57143
bel,20210602,622.14286
bel,20210603,599.71429
bel,20210604,582.28571
bel,20210605,567
bel,20210606,551.14286
bel,20210607,536.14286
bel,20210608,518.14286
bel,20210609,502
bel,20210610,484.28571
bel,20210611,464
bel,20210612,441.57143
bel,20210613,419.42857
bel,20210614,399
bel,20210615,377.28571
bel,20210616,352.42857
bel,20210617,329.28571
bel,20210618,307.42857
bel,20210619,288.28571
bel,20210620,272.57143
bel,20210621,255.28571
bel,20210622,239
bel,20210623,228.42857
bel,20210624,219.57143
bel,20210625,211.28571
bel,20210626,203.42857
bel,20210627,192.85714
bel,20210628,182.42857
bel,20210629,174.14286
bel,20210630,163.42857
bel,20210701,149.85714
bel,20210702,139.28571
bel,20210703,129
bel,20210704,121.57143
bel,20210705,115.28571
bel,20210706,110.71429
bel,20210707,110.28571
bel,20210708,113.14286
bel,20210709,114.71429
bel,20210710,117.14286
bel,20210711,118.42857
bel,20210712,120.85714
bel,20210713,123
bel,20210714,122.28571
bel,20210715,124.71429
bel,20210716,128.42857
bel,20210717,134
bel,20210718,141.28571
bel,20210719,149.71429
bel,20210720,157.85714
bel,20210721,167.71429
bel,20210722,174.28571
bel,20210723,179.85714
bel,20210724,184.57143
bel,20210725,189.14286
bel,20210726,191.71429
bel,20210727,195.28571
bel,20210728,200.14286
bel,20210729,206.42857
bel,20210730,212.71429
bel,20210731,219.28571
bel,20210801,226.42857
bel,20210802,236.14286
bel,20210803,245.28571
bel,20210804,251.85714
bel,20210805,257.28571
bel,20210806,265
bel,20210807,273
bel,20210808,280.42857
bel,20210809,287
bel,20210810,295.71429
bel,20210811,305.57143
bel,20210812,318.14286
bel,20210813,331.71429
bel,20210814,344
bel,20210815,355.57143
bel,20210816,365.42857
bel,20210817,375.28571
bel,20210818,387.42857
bel,20210819,397
bel,20210820,400.85714
bel,20210821,405.57143
bel,20210822,410
bel,20210823,416.14286
bel,20210824,418
bel,20210825,415.57143
bel,20210826,412.42857
bel,20210827,413
bel,20210828,413.85714
bel,20210829,414.71429
bel,20210830,414
bel,20210831,416
bel,20210901,420.57143
bel,20210902,428
bel,20210903,435.28571
bel,20210904,442.85714
bel,20210905,451.71429
bel,20210906,461.85714
bel,20210907,470.57143
bel,20210908,477.71429
bel,20210909,481
bel,20210910,482.42857
bel,20210911,477.57143
bel,20210912,469.42857
bel,20210913,459
bel,20210914,448
bel,20210915,437
bel,20210916,429.28571
bel,20210917,421.57143
bel,20210918,420
bel,20210919,420.57143
bel,20210920,420.57143
bel,20210921,418.85714
bel,20210922,417.28571
bel,20210923,412.14286
bel,20210924,404.28571
bel,20210925,394.28571
bel,20210926,383.57143
bel,20210927,375.85714
bel,20210928,372.28571
bel,20210929,369.57143
bel,20210930,368.42857
bel,20211001,375
bel,20211002,383.85714
bel,20211003,394
bel,20211004,401
bel,20211005,406.71429
bel,20211006,411.14286
bel,20211007,414.28571
bel,20211008,413.42857
bel,20211009,409.57143
bel,20211010,404.57143
bel,20211011,402.57143
bel,20211012,399.42857
bel,20211013,398
bel,20211014,401.42857
bel,20211015,404.14286
bel,20211016,414.57143
bel,20211017,428
bel,20211018,444.85714
bel,20211019,467.71429
bel,20211020,498
bel,20211021,531
bel,20211022,573.71429
bel,20211023,612.57143
bel,20211024,653.85714
bel,20211025,696.28571
bel,20211026,740.71429
bel,20211027,780.57143
bel,20211028,818.42857
bel,20211029,855.42857
bel,20211030,900.42857
bel,20211031,943
bel,20211101,980.28571
bel,20211102,1011.71429
bel,20211103,1050.42857
bel,20211104,1092.28571
bel,20211105,1124.85714
bel,20211106,1145.71429
bel,20211107,1170
bel,20211108,1201
bel,20211109,1243.71429
bel,20211110,1282.85714
bel,20211111,1318.42857
bel,20211112,1354.57143
bel,20211113,1407
bel,20211114,1461.28571
bel,20211115,1513.28571
bel,20211116,1556.14286
bel,20211117,1595.14286
bel,20211118,1640.14286
bel,20211119,1704.71429
bel,20211120,1755.85714
bel,20211121,1805.14286
bel,20211122,1854.42857
bel,20211123,1911.28571
bel,20211124,1968
bel,20211125,2023.42857
bel,20211126,2061.14286
bel,20211127,2101.28571
bel,20211128,2134.57143
bel,20211129,2167.85714
bel,20211130,2192
bel,20211201,2213.28571
bel,20211202,2222
bel,20211203,2225.57143
bel,20211204,2223.71429
bel,20211205,2220
bel,20211206,2201.57143
bel,20211207,2173
bel,20211208,2135.71429
bel,20211209,2100.28571
bel,20211210,2067.57143
bel,20211211,2029.57143
bel,20211212,1991.57143
bel,20211213,1960.28571
bel,20211214,1930.42857
bel,20211215,1899.28571
bel,20211216,1852.85714
bel,20211217,1791.14286
bel,20211218,1723.28571
bel,20211219,1647.14286
bel,20211220,1567.71429
bel,20211221,1477.85714
bel,20211222,1388.42857
bel,20211223,1310.85714
bel,20211224,1241.71429
bel,20211225,1179.57143
bel,20211226,1125.42857
bel,20211227,1071.14286
bel,20211228,1033.28571
bel,20211229,1000.71429
bel,20211230,976.42857
bel,20211231,964.71429
bel,20220101,961.71429
bel,20220102,967.57143
bel,20220103,988
bel,20220104,1015.57143
bel,20220105,1053
bel,20220106,1090.14286
bel,20220107,1126.71429
bel,20220108,1167.14286
bel,20220109,1202.57143
bel,20220110,1228.42857
bel,20220111,1244.85714
bel,20220112,1257.42857
bel,20220113,1269
bel,20220114,1282.71429
bel,20220115,1299
bel,20220116,1315.42857
bel,20220117,1338.57143
bel,20220118,1378.14286
bel,20220119,1429.57143
bel,20220120,1502.14286
bel,20220121,1584
bel,20220122,1664
bel,20220123,1759.42857
bel,20220124,1868.71429
bel,20220125,1980.85714
bel,20220126,2083.85714
bel,20220127,2173.85714
bel,20220128,2258.57143
bel,20220129,2341.85714
bel,20220130,2406.85714
bel,20220131,2456.57143
bel,20220201,2491.14286
bel,20220202,2522.71429
bel,20220203,2541.85714
bel,20220204,2539.28571
bel,20220205,2523.14286
bel,20220206,2511.85714
bel,20220207,2491
bel,20220208,2451
bel,20220209,2399
bel,20220210,2331.71429
bel,20220211,2273.28571
bel,20220212,2218.85714
bel,20220213,2149.42857
bel,20220214,2066.71429
bel,20220215,2001.85714
bel,20220216,1939.14286
bel,20220217,1887.57143
bel,20220218,1821.14286
bel,20220219,1746.85714
bel,20220220,1676.85714
bel,20220221,1626
bel,20220222,1559.28571
bel,20220223,1492.14286
bel,20220224,1425.42857
bel,20220225,1368.57143
bel,20220226,1310.57143
bel,20220227,1251
bel,20220228,1184.57143
bel,20220301,1128.85714
bel,20220302,1078.57143
bel,20220303,1031.85714
bel,20220304,993
bel,20220305,968.85714
bel,20220306,959.42857
bel,20220307,957.42857
bel,20220308,962.28571
bel,20220309,968.85714
bel,20220310,979.42857
bel,20220311,990.85714
bel,20220312,1004.57143
bel,20220313,1010.14286
bel,20220314,1021.71429
bel,20220315,1035
bel,20220316,1053.14286
bel,20220317,1073.14286
bel,20220318,1098.14286
bel,20220319,1118.42857
bel,20220320,1147.28571
bel,20220321,1167.14286
bel,20220322,1187.71429
bel,20220323,1210.57143
bel,20220324,1236.42857
bel,20220325,1258.85714
bel,20220326,1287.85714
bel,20220327,1315.28571
bel,20220328,1350.14286
bel,20220329,1384.85714
bel,20220330,1413.57143
bel,20220331,1445
bel,20220401,1474.71429
bel,20220402,1497.71429
bel,20220403,1514.42857
bel,20220404,1522.85714
bel,20220405,1533.14286
bel,20220406,1540.42857
bel,20220407,1535.85714
bel,20220408,1530.14286
bel,20220409,1526.14286
bel,20220410,1522.85714
bel,20220411,1529
bel,20220412,1524.71429
bel,20220413,1529.28571
bel,20220414,1537
bel,20220415,1540.57143
bel,20220416,1542
bel,20220417,1544.28571
bel,20220418,1532.57143
bel,20220419,1514.14286
bel,20220420,1484.14286
bel,20220421,1448.42857
bel,20220422,1416
bel,20220423,1381.14286
bel,20220424,1341.85714
bel,20220425,1307.57143
bel,20220426,1283.85714
bel,20220427,1257.57143
bel,20220428,1230.28571
bel,20220429,1195.28571
bel,20220430,1157.71429
bel,20220501,1119.85714
bel,20220502,1082.71429
bel,20220503,1044.85714
bel,20220504,1009.14286
bel,20220505,983.42857
bel,20220506,963.85714
bel,20220507,945.57143
bel,20220508,932.85714
bel,20220509,919.28571
bel,20220510,904.85714
bel,20220511,895.28571
bel,20220512,872.57143
bel,20220513,847.42857
bel,20220514,824
bel,20220515,800.42857
bel,20220516,777.71429
bel,20220517,749.42857
bel,20220518,718.42857
bel,20220519,694.71429
bel,20220520,676.57143
bel,20220521,657.57143
bel,20220522,633.85714
bel,20220523,610.71429
bel,20220524,591.42857
bel,20220525,573.57143
che,20200301,52
che,20200302,56
che,20200303,61.66667
che,20200304,65.5
che,20200305,70.4
che,20200306,76.83333
che,20200307,80.57143
che,20200308,89
che,20200309,98.57143
che,20200310,109.85714
che,20200311,125.71429
che,20200312,144.57143
che,20200313,165.57143
che,20200314,195.57143
che,20200315,229.85714
che,20200316,274.85714
che,20200317,324.28571
che,20200318,377.71429
che,20200319,434.57143
che,20200320,498.71429
che,20200321,562.42857
che,20200322,632.28571
che,20200323,695.71429
che,20200324,763
che,20200325,833.71429
che,20200326,904.42857
che,20200327,972.57143
che,20200328,1033.85714
che,20200329,1081.57143
che,20200330,1122.85714
che,20200331,1144.57143
che,20200401,1139.14286
che,20200402,1115
che,20200403,1062.14286
che,20200404,998.85714
che,20200405,927.14286
che,20200406,842
che,20200407,754.85714
che,20200408,676.85714
che,20200409,604.14286
che,20200410,546.14286
che,20200411,496
che,20200412,454.14286
che,20200413,419.28571
che,20200414,393.14286
che,20200415,368.57143
che,20200416,346.28571
che,20200417,326.57143
che,20200418,304.14286
che,20200419,282.14286
che,20200420,265.42857
che,20200421,245
che,20200422,226.71429
che,20200423,207
che,20200424,186.42857
che,20200425,170.28571
che,20200426,153.42857
che,20200427,136.14286
che,20200428,123
che,20200429,110
che,20200430,100.71429
che,20200501,93.42857
che,20200502,85
che,20200503,79.14286
che,20200504,73.42857
che,20200505,67
che,20200506,61
che,20200507,55.85714
che,20200508,50.71429
che,20200509,46
che,20200510,41
che,20200511,37.42857
che,20200512,34.42857
che,20200513,32.85714
che,20200514,30.42857
che,20200515,28.71429
che,20200516,27.85714
che,20200517,27
che,20200518,25.71429
che,20200519,25.28571
che,20200520,24.14286
che,20200521,23.57143
che,20200522,23.14286
che,20200523,22.28571
che,20200524,20.85714
che,20200525,19.42857
che,20200526,18.28571
che,20200527,17.28571
che,20200528,16.57143
che,20200529,15.42857
che,20200530,14.85714
che,20200531,15.42857
che,20200601,16.14286
che,20200602,15.71429
che,20200603,15.85714
che,20200604,15.42857
che,20200605,15
che,20200606,13.85714
che,20200607,11.85714
che,20200608,10.28571
che,20200609,9.42857
che,20200610,8.14286
che,20200611,6.85714
che,20200612,6.28571
che,20200613,6.14286
che,20200614,6.57143
che,20200615,6.57143
che,20200616,6.57143
che,20200617,6.85714
che,20200618,7.71429
che,20200619,8.42857
che,20200620,10
che,20200621,11.28571
che,20200622,13
che,20200623,15.14286
che,20200624,17.42857
che,20200625,19
che,20200626,20.28571
che,20200627,20
che,20200628,20
che,20200629,20
che,20200630,20.28571
che,20200701,20.57143
che,20200702,22
che,20200703,23.42857
che,20200704,25.71429
che,20200705,28.71429
che,20200706,31.28571
che,20200707,33
che,20200708,34.14286
che,20200709,35.42857
che,20200710,37
che,20200711,39.57143
che,20200712,42
che,20200713,44.71429
che,20200714,47.28571
che,20200715,50.71429
che,20200716,52.42857
che,20200717,53.71429
che,20200718,53.28571
che,20200719,50.57143
che,20200720,48
che,20200721,45.85714
che,20200722,43.14286
che,20200723,41.71429
che,20200724,41.85714
che,20200725,43.14286
che,20200726,46.42857
che,20200727,49.57143
che,20200728,53.57143
che,20200729,58.42857
che,20200730,62.57143
che,20200731,64.28571
che,20200801,64.85714
che,20200802,65.28571
che,20200803,65.14286
che,20200804,62.57143
che,20200805,58.14286
che,20200806,55
che,20200807,52.42857
che,20200808,50.85714
che,20200809,49.14286
che,20200810,48.42857
che,20200811,49.57143
che,20200812,51.42857
che,20200813,51.85714
che,20200814,53.14286
che,20200815,53.85714
che,20200816,54.28571
che,20200817,54.28571
che,20200818,54
che,20200819,54.28571
che,20200820,54.71429
che,20200821,54.71429
che,20200822,54.42857
che,20200823,54.14286
che,20200824,53.28571
che,20200825,52.14286
che,20200826,50.71429
che,20200827,49.28571
che,20200828,47.85714
che,20200829,46.42857
che,20200830,45.42857
che,20200831,45.28571
che,20200901,46
che,20200902,47.28571
che,20200903,49.85714
che,20200904,53
che,20200905,57.71429
che,20200906,62.28571
che,20200907,67
che,20200908,70.57143
che,20200909,74.14286
che,20200910,78.14286
che,20200911,82
che,20200912,85.14286
che,20200913,88.57143
che,20200914,90.85714
che,20200915,94
che,20200916,97.57143
che,20200917,98.71429
che,20200918,100.85714
che,20200919,102.42857
che,20200920,103.42857
che,20200921,106.71429
che,20200922,109.71429
che,20200923,111
che,20200924,114
che,20200925,113.85714
che,20200926,113.42857
che,20200927,114.57143
che,20200928,113.85714
che,20200929,115.57143
che,20200930,119.14286
che,20201001,122.28571
che,20201002,129.28571
che,20201003,138.28571
che,20201004,145.28571
che,20201005,153.14286
che,20201006,159.57143
che,20201007,166.57143
che,20201008,178.14286
che,20201009,190.28571
che,20201010,202.71429
che,20201011,220.14286
che,20201012,245.14286
che,20201013,273.71429
che,20201014,308.28571
che,20201015,344.28571
che,20201016,386.57143
che,20201017,439
che,20201018,490.85714
che,20201019,545.57143
che,20201020,608.85714
che,20201021,672.71429
che,20201022,740
che,20201023,811.57143
che,20201024,879
che,20201025,960.14286
che,20201026,1042.42857
che,20201027,1118.57143
che,20201028,1199.85714
che,20201029,1281.42857
che,20201030,1364.14286
che,20201031,1438.85714
che,20201101,1498.28571
che,20201102,1553.57143
che,20201103,1609.71429
che,20201104,1649.57143
che,20201105,1677
che,20201106,1685.14286
che,20201107,1700.85714
che,20201108,1708.71429
che,20201109,1706
che,20201110,1688.42857
che,20201111,1675.14286
che,20201112,1664.57143
che,20201113,1655
che,20201114,1632
che,20201115,1610.28571
che,20201116,1589.42857
che,20201117,1574.14286
che,20201118,1551.14286
che,20201119,1520.57143
che,20201120,1489.42857
che,20201121,1453.42857
che,20201122,1423
che,20201123,1386.71429
che,20201124,1344.71429
che,20201125,1307.14286
che,20201126,1277.71429
che,20201127,1249.57143
che,20201128,1239.14286
che,20201129,1222.14286
che,20201130,1209.28571
che,20201201,1202
che,20201202,1195.85714
che,20201203,1188.85714
che,20201204,1184.14286
che,20201205,1170.85714
che,20201206,1165.42857
che,20201207,1166.14286
che,20201208,1171.42857
che,20201209,1182
che,20201210,1191.28571
che,20201211,1198.42857
che,20201212,1208.14286
che,20201213,1216.85714
che,20201214,1219.42857
che,20201215,1219.71429
che,20201216,1211.42857
che,20201217,1204
che,20201218,1203.42857
che,20201219,1200.14286
che,20201220,1190
che,20201221,1182.71429
che,20201222,1172
che,20201223,1163.71429
che,20201224,1155.85714
che,20201225,1138.42857
che,20201226,1123.71429
che,20201227,1116.85714
che,20201228,1114.42857
che,20201229,1114
che,20201230,1116
che,20201231,1113.28571
che,20210101,1113.85714
che,20210102,1118.71429
che,20210103,1123.42857
che,20210104,1119
che,20210105,1112.71429
che,20210106,1100.42857
che,20210107,1096.28571
che,20210108,1095.28571
che,20210109,1080.42857
che,20210110,1054.28571
che,20210111,1024.85714
che,20210112,991.71429
che,20210113,961.71429
che,20210114,919.71429
che,20210115,870.57143
che,20210116,825.14286
che,20210117,786.57143
che,20210118,754.57143
che,20210119,727
che,20210120,696.28571
che,20210121,672.42857
che,20210122,654.85714
che,20210123,636.71429
che,20210124,616.14286
che,20210125,592.42857
che,20210126,569.85714
che,20210127,549.85714
che,20210128,529.57143
che,20210129,504.85714
che,20210130,487.71429
che,20210131,476.57143
che,20210201,469.57143
che,20210202,460.57143
che,20210203,454.42857
che,20210204,448.57143
che,20210205,446.57143
che,20210206,442.14286
che,20210207,436
che,20210208,429.28571
che,20210209,421.85714
che,20210210,411.57143
che,20210211,401.57143
che,20210212,390.85714
che,20210213,378.14286
che,20210214,364.71429
che,20210215,349.14286
che,20210216,337.57143
che,20210217,328.57143
che,20210218,323.42857
che,20210219,319.71429
che,20210220,317.28571
che,20210221,315
che,20210222,317
che,20210223,317.28571
che,20210224,317.28571
che,20210225,312.85714
che,20210226,307.71429
che,20210227,304.14286
che,20210228,301.14286
che,20210301,297.71429
che,20210302,297.71429
che,20210303,299.57143
che,20210304,301.71429
che,20210305,306.57143
che,20210306,312.85714
che,20210307,320.14286
che,20210308,329.57143
che,20210309,333.85714
che,20210310,336.28571
che,20210311,341.57143
che,20210312,344.71429
che,20210313,346
che,20210314,348.42857
che,20210315,349.71429
che,20210316,355.85714
che,20210317,361.71429
che,20210318,368.57143
che,20210319,377.85714
che,20210320,388.14286
che,20210321,395.57143
che,20210322,401
che,20210323,404.14286
che,20210324,410.14286
che,20210325,414.42857
che,20210326,417.71429
che,20210327,423.85714
che,20210328,432.14286
che,20210329,443
che,20210330,457.71429
che,20210331,471.57143
che,20210401,486
che,20210402,497.42857
che,20210403,505.71429
che,20210404,516.14286
che,20210405,523
che,20210406,527.85714
che,20210407,529.57143
che,20210408,533.28571
che,20210409,540.85714
che,20210410,543.85714
che,20210411,539.14286
che,20210412,540.14286
che,20210413,534.85714
che,20210414,531
che,20210415,522.85714
che,20210416,511.42857
che,20210417,504.28571
che,20210418,501.57143
che,20210419,491.57143
che,20210420,489.42857
che,20210421,490
che,20210422,488.14286
che,20210423,487.28571
che,20210424,486.71429
che,20210425,486.28571
che,20210426,492.28571
che,20210427,493.57143
che,20210428,490.14286
che,20210429,491
che,20210430,490.28571
che,20210501,489
che,20210502,485.42857
che,20210503,474.42857
che,20210504,461.28571
che,20210505,449
che,20210506,434
che,20210507,418.28571
che,20210508,398.28571
che,20210509,380.85714
che,20210510,364.42857
che,20210511,350.57143
che,20210512,335.57143
che,20210513,320
che,20210514,305
che,20210515,293.28571
che,20210516,278.71429
che,20210517,267.28571
che,20210518,256.85714
che,20210519,250.42857
che,20210520,248
che,20210521,247.28571
che,20210522,246.85714
che,20210523,249
che,20210524,247.57143
che,20210525,244.42857
che,20210526,236.71429
che,20210527,225.71429
che,20210528,214.14286
che,20210529,202.71429
che,20210530,188.57143
che,20210531,178.85714
che,20210601,169.57143
che,20210602,161.57143
che,20210603,154.42857
che,20210604,148
che,20210605,140.71429
che,20210606,135.85714
che,20210607,129.85714
che,20210608,124
che,20210609,120.14286
che,20210610,116.71429
che,20210611,111
che,20210612,105.85714
che,20210613,99.71429
che,20210614,93.42857
che,20210615,88.42857
che,20210616,82
che,20210617,75.28571
che,20210618,70.42857
che,20210619,66
che,20210620,62.14286
che,20210621,58
che,20210622,53.28571
che,20210623,49.57143
che,20210624,46.28571
che,20210625,43.57143
che,20210626,40.28571
che,20210627,37.57143
che,20210628,35.42857
che,20210629,32.71429
che,20210630,30
che,20210701,28.14286
che,20210702,25.57143
che,20210703,24
che,20210704,22.14286
che,20210705,20.28571
che,20210706,19.85714
che,20210707,20.28571
che,20210708,20.85714
che,20210709,22.42857
che,20210710,24
che,20210711,25.57143
che,20210712,28.57143
che,20210713,31.28571
che,20210714,33.28571
che,20210715,35.42857
che,20210716,37.85714
che,20210717,41.71429
che,20210718,46.85714
che,20210719,50.57143
che,20210720,54.71429
che,20210721,60.57143
che,20210722,67.28571
che,20210723,74.28571
che,20210724,79.28571
che,20210725,83.14286
che,20210726,87.57143
che,20210727,92.42857
che,20210728,96.28571
che,20210729,98.71429
che,20210730,100.85714
che,20210731,104.42857
che,20210801,109.14286
che,20210802,115.42857
che,20210803,121.71429
che,20210804,128.28571
che,20210805,137
che,20210806,144.71429
che,20210807,153.57143
che,20210808,161.85714
che,20210809,171.14286
che,20210810,181.14286
che,20210811,194.85714
che,20210812,208
che,20210813,227
che,20210814,248
che,20210815,277
che,20210816,307.42857
che,20210817,342.42857
che,20210818,375.85714
che,20210819,413
che,20210820,447.71429
che,20210821,478.28571
che,20210822,499.71429
che,20210823,520.42857
che,20210824,533.71429
che,20210825,542.57143
che,20210826,545.57143
che,20210827,543.85714
che,20210828,540.28571
che,20210829,535
che,20210830,523.42857
che,20210831,512.42857
che,20210901,502.42857
che,20210902,490.71429
che,20210903,478.85714
che,20210904,468.57143
che,20210905,457.85714
che,20210906,448
che,20210907,436.57143
che,20210908,424.85714
che,20210909,413.14286
che,20210910,401.57143
che,20210911,390.28571
che,20210912,381.85714
che,20210913,373.85714
che,20210914,367.57143
che,20210915,359.85714
che,20210916,353.42857
che,20210917,350.14286
che,20210918,345.14286
che,20210919,338.57143
che,20210920,331.71429
che,20210921,324.57143
che,20210922,319.57143
che,20210923,314.57143
che,20210924,304.71429
che,20210925,294.57143
che,20210926,285.28571
che,20210927,278.14286
che,20210928,269
che,20210929,257
che,20210930,244
che,20211001,233
che,20211002,223.42857
che,20211003,214
che,20211004,202.14286
che,20211005,193
che,20211006,187.85714
che,20211007,184.71429
che,20211008,182.57143
che,20211009,181.57143
che,20211010,179.85714
che,20211011,178.42857
che,20211012,178.42857
che,20211013,176
che,20211014,173.71429
che,20211015,172.57143
che,20211016,171
che,20211017,170.28571
che,20211018,171.42857
che,20211019,170.28571
che,20211020,172
che,20211021,175.42857
che,20211022,177.14286
che,20211023,179.14286
che,20211024,182.57143
che,20211025,188.28571
che,20211026,195.28571
che,20211027,200.71429
che,20211028,204.57143
che,20211029,210
che,20211030,217
che,20211031,225.28571
che,20211101,232.71429
che,20211102,241.85714
che,20211103,252.71429
che,20211104,264.71429
che,20211105,277.42857
che,20211106,289.14286
che,20211107,298
che,20211108,305
che,20211109,312.28571
che,20211110,320.14286
che,20211111,329
che,20211112,340
che,20211113,353.14286
che,20211114,369.28571
che,20211115,393.42857
che,20211116,416.85714
che,20211117,441.57143
che,20211118,469.71429
che,20211119,498.85714
che,20211120,525
che,20211121,551.42857
che,20211122,570.28571
che,20211123,590.28571
che,20211124,610.57143
che,20211125,624.71429
che,20211126,638.28571
che,20211127,656.71429
che,20211128,676
che,20211129,700.71429
che,20211130,725
che,20211201,748.42857
che,20211202,778
che,20211203,806
che,20211204,830
che,20211205,849.14286
che,20211206,862.71429
che,20211207,877.85714
che,20211208,889.14286
che,20211209,895
che,20211210,898.85714
che,20211211,900.71429
che,20211212,904.28571
che,20211213,906.85714
che,20211214,901.57143
che,20211215,896.71429
che,20211216,887.14286
che,20211217,872.57143
che,20211218,859.14286
che,20211219,845
che,20211220,832.57143
che,20211221,828.85714
che,20211222,824.28571
che,20211223,826.14286
che,20211224,831.71429
che,20211225,837.28571
che,20211226,843.85714
che,20211227,845.42857
che,20211228,842.42857
che,20211229,840.85714
che,20211230,833.71429
che,20211231,828.28571
che,20220101,823
che,20220102,817.14286
che,20220103,821.14286
che,20220104,827.28571
che,20220105,838
che,20220106,857.71429
che,20220107,879.85714
che,20220108,898.71429
che,20220109,913.42857
che,20220110,921.71429
che,20220111,919.57143
che,20220112,909.57143
che,20220113,891.42857
che,20220114,867.14286
che,20220115,847.42857
che,20220116,833.14286
che,20220117,819
che,20220118,814.14286
che,20220119,818.14286
che,20220120,825.85714
che,20220121,837.85714
che,20220122,849.42857
che,20220123,859.42857
che,20220124,872.14286
che,20220125,889.71429
che,20220126,898.85714
che,20220127,905.14286
che,20220128,913
che,20220129,918.42857
che,20220130,927
che,20220131,933.85714
che,20220201,931.85714
che,20220202,930.57143
che,20220203,934.14286
che,20220204,935.28571
che,20220205,939.28571
che,20220206,935.28571
che,20220207,930
che,20220208,925.28571
che,20220209,919.85714
che,20220210,908.28571
che,20220211,889.14286
che,20220212,863.28571
che,20220213,845
che,20220214,823.85714
che,20220215,802
che,20220216,781
che,20220217,760.42857
che,20220218,745.42857
che,20220219,734.71429
che,20220220,717.42857
che,20220221,703
che,20220222,691
che,20220223,678.71429
che,20220224,666.42857
che,20220225,652.14286
che,20220226,638.71429
che,20220227,629.28571
che,20220228,621
che,20220301,615.14286
che,20220302,616.57143
che,20220303,623.42857
che,20220304,642.14286
che,20220305,664.71429
che,20220306,692.42857
che,20220307,726.42857
che,20220308,760
che,20220309,790.85714
che,20220310,823.28571
che,20220311,851.28571
che,20220312,879
che,20220313,900.85714
che,20220314,918
che,20220315,935.57143
che,20220316,949.14286
che,20220317,959.42857
che,20220318,965.57143
che,20220319,966.42857
che,20220320,971.71429
che,20220321,970.71429
che,20220322,965.57143
che,20220323,964.85714
che,20220324,957.57143
che,20220325,944.71429
che,20220326,931.42857
che,20220327,908.28571
che,20220328,889.28571
che,20220329,870.14286
che,20220330,842.57143
che,20220331,817.42857
che,20220401,795.42857
che,20220402,771.57143
che,20220403,751
che,20220404,724.14286
che,20220405,696.71429
che,20220406,666.57143
che,20220407,634.28571
che,20220408,600
che,20220409,568.71429
che,20220410,537
che,20220411,509.28571
che,20220412,478
che,20220413,458
che,20220414,444.28571
che,20220415,432.71429
che,20220416,419.85714
che,20220417,409.14286
che,20220418,396.85714
che,20220419,391.14286
che,20220420,377.71429
che,20220421,360.85714
che,20220422,345.14286
che,20220423,330.71429
che,20220424,316.57143
che,20220425,307
che,20220426,294.85714
che,20220427,285
che,20220428,274.28571
che,20220429,264.57143
che,20220430,254.85714
che,20220501,242.85714
che,20220502,229.28571
che,20220503,218.71429
che,20220504,209.28571
che,20220505,204
che,20220506,196.42857
che,20220507,189.14286
che,20220508,184
che,20220509,179
che,20220510,170.85714
che,20220511,163.71429
che,20220512,153.28571
che,20220513,146
che,20220514,138.14286
che,20220515,131.85714
che,20220516,124.42857
che,20220517,118.57143
che,20220518,112.14286
che,20220519,108.14286
che,20220520,101.57143
che,20220521,95
che,20220522,86.42857
che,20220523,78.71429
chl,20200407,660
chl,20200408,652
chl,20200409,646.66667
chl,20200410,635.75
chl,20200411,624.6
chl,20200412,614
chl,20200413,606
chl,20200414,588.57143
chl,20200415,575.14286
chl,20200416,562.42857
chl,20200417,558.85714
chl,20200418,562.42857
chl,20200419,570.57143
chl,20200420,579.85714
chl,20200421,593.71429
chl,20200422,605.42857
chl,20200423,617.85714
chl,20200424,626.57143
chl,20200425,633.57143
chl,20200426,643.71429
chl,20200427,655.71429
chl,20200428,669.85714
chl,20200429,693.28571
chl,20200430,722.85714
chl,20200501,759.71429
chl,20200502,799.85714
chl,20200503,846.14286
chl,20200504,899.71429
chl,20200505,964.71429
chl,20200506,1034.57143
chl,20200507,1110.85714
chl,20200508,1196.71429
chl,20200509,1291
chl,20200510,1382.71429
chl,20200511,1487.28571
chl,20200512,1592.42857
chl,20200513,1696.28571
chl,20200514,1805.71429
chl,20200515,1911.85714
chl,20200516,2029.85714
chl,20200517,2158.85714
chl,20200518,2283.14286
chl,20200519,2418.57143
chl,20200520,2571.28571
chl,20200521,2726
chl,20200522,2892.71429
chl,20200523,3048.85714
chl,20200524,3208
chl,20200525,3377.28571
chl,20200526,3532.14286
chl,20200527,3670.14286
chl,20200528,3801.14286
chl,20200529,3907.57143
chl,20200530,4001.28571
chl,20200531,4064
chl,20200601,4099.42857
chl,20200602,4122
chl,20200603,4125.42857
chl,20200604,4115
chl,20200605,4111.42857
chl,20200606,4114.85714
chl,20200607,4134.28571
chl,20200608,4147.71429
chl,20200609,4166.71429
chl,20200610,4202.85714
chl,20200611,4241.14286
chl,20200612,4262.71429
chl,20200613,4271.85714
chl,20200614,4267
chl,20200615,4259.28571
chl,20200616,4243.42857
chl,20200617,4203.42857
chl,20200618,4160.57143
chl,20200619,4128.85714
chl,20200620,4088.28571
chl,20200621,4047
chl,20200622,4014.28571
chl,20200623,3967.71429
chl,20200624,3931.85714
chl,20200625,3879.28571
chl,20200626,3812.42857
chl,20200627,3748.71429
chl,20200628,3687.85714
chl,20200629,3595.85714
chl,20200630,3507.71429
chl,20200701,3413.85714
chl,20200702,3328.28571
chl,20200703,3242.57143
chl,20200704,3150.28571
chl,20200705,3047.85714
chl,20200706,2985.14286
chl,20200707,2934.28571
chl,20200708,2874.57143
chl,20200709,2827.42857
chl,20200710,2781.71429
chl,20200711,2745.85714
chl,20200712,2720
chl,20200713,2668.14286
chl,20200714,2608
chl,20200715,2555.14286
chl,20200716,2479.42857
chl,20200717,2406
chl,20200718,2335.71429
chl,20200719,2261.57143
chl,20200720,2201.57143
chl,20200721,2138
chl,20200722,2081.71429
chl,20200723,2043.57143
chl,20200724,2004.42857
chl,20200725,1955.71429
chl,20200726,1915.28571
chl,20200727,1874.42857
chl,20200728,1850.57143
chl,20200729,1824.57143
chl,20200730,1795.14286
chl,20200731,1773
chl,20200801,1766.42857
chl,20200802,1755.28571
chl,20200803,1742.28571
chl,20200804,1715.42857
chl,20200805,1688.71429
chl,20200806,1666.57143
chl,20200807,1641.85714
chl,20200808,1607.57143
chl,20200809,1576.71429
chl,20200810,1548
chl,20200811,1527.57143
chl,20200812,1513.42857
chl,20200813,1497.14286
chl,20200814,1482.57143
chl,20200815,1476.14286
chl,20200816,1469.42857
chl,20200817,1463.57143
chl,20200818,1456.28571
chl,20200819,1448.14286
chl,20200820,1439.28571
chl,20200821,1432
chl,20200822,1416.71429
chl,20200823,1402.71429
chl,20200824,1390.71429
chl,20200825,1384
chl,20200826,1368.42857
chl,20200827,1362.42857
chl,20200828,1356.14286
chl,20200829,1358.14286
chl,20200830,1360.14286
chl,20200831,1364.71429
chl,20200901,1368.28571
chl,20200902,1382.28571
chl,20200903,1384.71429
chl,20200904,1391
chl,20200905,1397.28571
chl,20200906,1404.28571
chl,20200907,1409.14286
chl,20200908,1406.57143
chl,20200909,1400.57143
chl,20200910,1398.85714
chl,20200911,1392.14286
chl,20200912,1379
chl,20200913,1362.28571
chl,20200914,1340.71429
chl,20200915,1328.85714
chl,20200916,1316.42857
chl,20200917,1304.14286
chl,20200918,1288.28571
chl,20200919,1274.71429
chl,20200920,1264.85714
chl,20200921,1261
chl,20200922,1247.85714
chl,20200923,1235.85714
chl,20200924,1225.28571
chl,20200925,1222.71429
chl,20200926,1221
chl,20200927,1216.85714
chl,20200928,1211
chl,20200929,1215
chl,20200930,1222.14286
chl,20201001,1225.42857
chl,20201002,1228.85714
chl,20201003,1234.85714
chl,20201004,1243.28571
chl,20201005,1247.85714
chl,20201006,1248.42857
chl,20201007,1241.14286
chl,20201008,1238.14286
chl,20201009,1229.85714
chl,20201010,1220
chl,20201011,1208.28571
chl,20201012,1194.28571
chl,20201013,1172.71429
chl,20201014,1155
chl,20201015,1138.71429
chl,20201016,1125.28571
chl,20201017,1106.14286
chl,20201018,1088.28571
chl,20201019,1080.42857
chl,20201020,1080.14286
chl,20201021,1082.85714
chl,20201022,1076.42857
chl,20201023,1066.85714
chl,20201024,1063.14286
chl,20201025,1056.85714
chl,20201026,1045.71429
chl,20201027,1035
chl,20201028,1017.14286
chl,20201029,1007.42857
chl,20201030,1001.57143
chl,20201031,993.57143
chl,20201101,985
chl,20201102,977
chl,20201103,967.42857
chl,20201104,963.71429
chl,20201105,956.42857
chl,20201106,946.42857
chl,20201107,940
chl,20201108,939.14286
chl,20201109,939
chl,20201110,937
chl,20201111,936.57143
chl,20201112,939.42857
chl,20201113,944.28571
chl,20201114,945.85714
chl,20201115,943.57143
chl,20201116,938.14286
chl,20201117,935.85714
chl,20201118,934.14286
chl,20201119,933.42857
chl,20201120,935.71429
chl,20201121,941.28571
chl,20201122,951.42857
chl,20201123,967.28571
chl,20201124,982.71429
chl,20201125,995.42857
chl,20201126,1006.28571
chl,20201127,1011.85714
chl,20201128,1018
chl,20201129,1019.42857
chl,20201130,1016.57143
chl,20201201,1016.57143
chl,20201202,1011.14286
chl,20201203,1002
chl,20201204,990.42857
chl,20201205,973
chl,20201206,957.85714
chl,20201207,949.28571
chl,20201208,931.57143
chl,20201209,925
chl,20201210,927.85714
chl,20201211,941.71429
chl,20201212,962
chl,20201213,981.14286
chl,20201214,997.71429
chl,20201215,1024.57143
chl,20201216,1046.71429
chl,20201217,1065.42857
chl,20201218,1077.42857
chl,20201219,1088.85714
chl,20201220,1102.85714
chl,20201221,1113.57143
chl,20201222,1128
chl,20201223,1146.28571
chl,20201224,1164.57143
chl,20201225,1179.57143
chl,20201226,1197.28571
chl,20201227,1219.57143
chl,20201228,1248.42857
chl,20201229,1267.28571
chl,20201230,1281
chl,20201231,1292.42857
chl,20210101,1313.57143
chl,20210102,1332.57143
chl,20210103,1349.71429
chl,20210104,1365.28571
chl,20210105,1398.57143
chl,20210106,1441.57143
chl,20210107,1496.14286
chl,20210108,1561.42857
chl,20210109,1631.42857
chl,20210110,1698.57143
chl,20210111,1771.71429
chl,20210112,1832.85714
chl,20210113,1897
chl,20210114,1955.71429
chl,20210115,2003.28571
chl,20210116,2052.28571
chl,20210117,2109.14286
chl,20210118,2159.28571
chl,20210119,2214.28571
chl,20210120,2259.28571
chl,20210121,2300.42857
chl,20210122,2339.71429
chl,20210123,2371
chl,20210124,2396.14286
chl,20210125,2420.71429
chl,20210126,2440.14286
chl,20210127,2456.85714
chl,20210128,2479.14286
chl,20210129,2500
chl,20210130,2517.85714
chl,20210131,2524.71429
chl,20210201,2530
chl,20210202,2527.42857
chl,20210203,2522.71429
chl,20210204,2502.14286
chl,20210205,2476.14286
chl,20210206,2445
chl,20210207,2419.42857
chl,20210208,2387.57143
chl,20210209,2355.85714
chl,20210210,2324.85714
chl,20210211,2299
chl,20210212,2274.57143
chl,20210213,2255.42857
chl,20210214,2234.71429
chl,20210215,2218.71429
chl,20210216,2211.85714
chl,20210217,2208.42857
chl,20210218,2208.28571
chl,20210219,2211.57143
chl,20210220,2221.57143
chl,20210221,2243.28571
chl,20210222,2261.14286
chl,20210223,2274.71429
chl,20210224,2291.71429
chl,20210225,2307.57143
chl,20210226,2321.57143
chl,20210227,2328.57143
chl,20210228,2330.14286
chl,20210301,2341.42857
chl,20210302,2354
chl,20210303,2367.57143
chl,20210304,2399.57143
chl,20210305,2437.42857
chl,20210306,2491.85714
chl,20210307,2546.57143
chl,20210308,2604.71429
chl,20210309,2681.71429
chl,20210310,2754.42857
chl,20210311,2809
chl,20210312,2864
chl,20210313,2910.57143
chl,20210314,2958.42857
chl,20210315,3010.14286
chl,20210316,3034.14286
chl,20210317,3070.57143
chl,20210318,3117
chl,20210319,3166.28571
chl,20210320,3224.28571
chl,20210321,3288.57143
chl,20210322,3347.28571
chl,20210323,3433.42857
chl,20210324,3507.14286
chl,20210325,3584.14286
chl,20210326,3664.42857
chl,20210327,3727
chl,20210328,3791.14286
chl,20210329,3854.85714
chl,20210330,3903.14286
chl,20210331,3964.42857
chl,20210401,4015.14286
chl,20210402,4052.71429
chl,20210403,4104.14286
chl,20210404,4142.42857
chl,20210405,4182.14286
chl,20210406,4228.14286
chl,20210407,4258.57143
chl,20210408,4293.85714
chl,20210409,4340.57143
chl,20210410,4370.85714
chl,20210411,4400.57143
chl,20210412,4417.14286
chl,20210413,4409.71429
chl,20210414,4403.28571
chl,20210415,4379.28571
chl,20210416,4336.28571
chl,20210417,4298.71429
chl,20210418,4255.85714
chl,20210419,4216
chl,20210420,4183
chl,20210421,4141
chl,20210422,4103.71429
chl,20210423,4068.57143
chl,20210424,4029.42857
chl,20210425,3998.71429
chl,20210426,3963
chl,20210427,3928.71429
chl,20210428,3899.85714
chl,20210429,3875.42857
chl,20210430,3858.42857
chl,20210501,3829
chl,20210502,3788.42857
chl,20210503,3745
chl,20210504,3698.57143
chl,20210505,3652.71429
chl,20210506,3601.28571
chl,20210507,3540.85714
chl,20210508,3494
chl,20210509,3445.57143
chl,20210510,3405.57143
chl,20210511,3378.57143
chl,20210512,3345
chl,20210513,3317.42857
chl,20210514,3301
chl,20210515,3295.57143
chl,20210516,3310
chl,20210517,3331.14286
chl,20210518,3348
chl,20210519,3382.57143
chl,20210520,3424
chl,20210521,3460
chl,20210522,3490.28571
chl,20210523,3522
chl,20210524,3555.85714
chl,20210525,3598.57143
chl,20210526,3643.85714
chl,20210527,3695.57143
chl,20210528,3761.28571
chl,20210529,3832.28571
chl,20210530,3896.85714
chl,20210531,3951.28571
chl,20210601,3994.85714
chl,20210602,4028
chl,20210603,4052.42857
chl,20210604,4072.42857
chl,20210605,4082.71429
chl,20210606,4081.14286
chl,20210607,4092.42857
chl,20210608,4114.57143
chl,20210609,4138.14286
chl,20210610,4147.85714
chl,20210611,4143.57143
chl,20210612,4146.85714
chl,20210613,4161.42857
chl,20210614,4156.28571
chl,20210615,4137
chl,20210616,4110.28571
chl,20210617,4088.71429
chl,20210618,4060.85714
chl,20210619,4016.85714
chl,20210620,3958.14286
chl,20210621,3890.28571
chl,20210622,3801.14286
chl,20210623,3706.14286
chl,20210624,3598.42857
chl,20210625,3493
chl,20210626,3386.71429
chl,20210627,3281.28571
chl,20210628,3178
chl,20210629,3089
chl,20210630,2997.14286
chl,20210701,2915.42857
chl,20210702,2829.85714
chl,20210703,2740.85714
chl,20210704,2647
chl,20210705,2568.42857
chl,20210706,2489.71429
chl,20210707,2413.14286
chl,20210708,2332.28571
chl,20210709,2261.85714
chl,20210710,2195.14286
chl,20210711,2142
chl,20210712,2083
chl,20210713,2025.85714
chl,20210714,1968.28571
chl,20210715,1908.71429
chl,20210716,1839.14286
chl,20210717,1773.85714
chl,20210718,1696.71429
chl,20210719,1619.71429
chl,20210720,1547.57143
chl,20210721,1482.85714
chl,20210722,1430.14286
chl,20210723,1390.28571
chl,20210724,1351.71429
chl,20210725,1321.42857
chl,20210726,1288.71429
chl,20210727,1257.57143
chl,20210728,1222.57143
chl,20210729,1182.57143
chl,20210730,1135.42857
chl,20210731,1093.42857
chl,20210801,1055.14286
chl,20210802,1025.14286
chl,20210803,995.85714
chl,20210804,976.28571
chl,20210805,960.57143
chl,20210806,950.57143
chl,20210807,936
chl,20210808,922.28571
chl,20210809,906.14286
chl,20210810,886
chl,20210811,863.28571
chl,20210812,842
chl,20210813,821.71429
chl,20210814,805.42857
chl,20210815,785.28571
chl,20210816,768.28571
chl,20210817,759.28571
chl,20210818,747
chl,20210819,731.85714
chl,20210820,715.71429
chl,20210821,699.42857
chl,20210822,686.57143
chl,20210823,669.71429
chl,20210824,644.57143
chl,20210825,622.85714
chl,20210826,603.71429
chl,20210827,583.71429
chl,20210828,561.85714
chl,20210829,538.42857
chl,20210830,516.57143
chl,20210831,497.71429
chl,20210901,481.71429
chl,20210902,465
chl,20210903,450.85714
chl,20210904,439.57143
chl,20210905,431
chl,20210906,423.71429
chl,20210907,420.14286
chl,20210908,411
chl,20210909,403.28571
chl,20210910,393.57143
chl,20210911,381.85714
chl,20210912,368.28571
chl,20210913,355.71429
chl,20210914,343.57143
chl,20210915,335.85714
chl,20210916,328.85714
chl,20210917,325.85714
chl,20210918,323.71429
chl,20210919,323.57143
chl,20210920,323.71429
chl,20210921,322.85714
chl,20210922,321.85714
chl,20210923,319.85714
chl,20210924,318.14286
chl,20210925,318.57143
chl,20210926,319.71429
chl,20210927,321.57143
chl,20210928,322.85714
chl,20210929,327.42857
chl,20210930,335.28571
chl,20211001,340.57143
chl,20211002,347.14286
chl,20211003,351.28571
chl,20211004,356.71429
chl,20211005,366.57143
chl,20211006,373.28571
chl,20211007,379
chl,20211008,387.28571
chl,20211009,397.14286
chl,20211010,413
chl,20211011,429
chl,20211012,442.14286
chl,20211013,457.14286
chl,20211014,471.14286
chl,20211015,488.57143
chl,20211016,500.28571
chl,20211017,508.28571
chl,20211018,515.57143
chl,20211019,527.42857
chl,20211020,538
chl,20211021,554.57143
chl,20211022,565.28571
chl,20211023,581.42857
chl,20211024,599.57143
chl,20211025,619.14286
chl,20211026,632.14286
chl,20211027,647.14286
chl,20211028,654.85714
chl,20211029,663.71429
chl,20211030,671.71429
chl,20211031,675.71429
chl,20211101,677.42857
chl,20211102,682.57143
chl,20211103,688.85714
chl,20211104,699.71429
chl,20211105,714.57143
chl,20211106,727.57143
chl,20211107,744.57143
chl,20211108,764.57143
chl,20211109,785
chl,20211110,801.42857
chl,20211111,814.42857
chl,20211112,825.14286
chl,20211113,835
chl,20211114,842
chl,20211115,847
chl,20211116,852
chl,20211117,855
chl,20211118,861.42857
chl,20211119,866.42857
chl,20211120,872.28571
chl,20211121,880.14286
chl,20211122,883.28571
chl,20211123,884
chl,20211124,890.42857
chl,20211125,892.14286
chl,20211126,894.42857
chl,20211127,896.14286
chl,20211128,894.28571
chl,20211129,895.14286
chl,20211130,894.42857
chl,20211201,891.28571
chl,20211202,890.14286
chl,20211203,885.14286
chl,20211204,875.71429
chl,20211205,867.57143
chl,20211206,858.57143
chl,20211207,851
chl,20211208,835.42857
chl,20211209,815.57143
chl,20211210,794.85714
chl,20211211,779
chl,20211212,759.71429
chl,20211213,741.14286
chl,20211214,721.28571
chl,20211215,707
chl,20211216,692.85714
chl,20211217,682.42857
chl,20211218,670.14286
chl,20211219,659.71429
chl,20211220,648.85714
chl,20211221,637.14286
chl,20211222,627.85714
chl,20211223,622.28571
chl,20211224,615.57143
chl,20211225,606
chl,20211226,601.42857
chl,20211227,597.57143
chl,20211228,594.71429
chl,20211229,592
chl,20211230,589.28571
chl,20211231,587.28571
chl,20220101,591.71429
chl,20220102,593.14286
chl,20220103,594.28571
chl,20220104,599.14286
chl,20220105,605.28571
chl,20220106,617.42857
chl,20220107,635.14286
chl,20220108,655.28571
chl,20220109,672.71429
chl,20220110,695.14286
chl,20220111,720.28571
chl,20220112,744.57143
chl,20220113,768.14286
chl,20220114,794.42857
chl,20220115,820.85714
chl,20220116,856.14286
chl,20220117,893.14286
chl,20220118,932.85714
chl,20220119,981
chl,20220120,1031
chl,20220121,1082
chl,20220122,1134.28571
chl,20220123,1195.42857
chl,20220124,1268
chl,20220125,1349.57143
chl,20220126,1438.28571
chl,20220127,1540
chl,20220128,1648.42857
chl,20220129,1772.85714
chl,20220130,1899.42857
chl,20220131,2024.42857
chl,20220201,2148
chl,20220202,2276.85714
chl,20220203,2397.42857
chl,20220204,2519.71429
chl,20220205,2628.85714
chl,20220206,2731.71429
chl,20220207,2836.14286
chl,20220208,2948.57143
chl,20220209,3052.85714
chl,20220210,3154.71429
chl,20220211,3241.71429
chl,20220212,3327.14286
chl,20220213,3402.28571
chl,20220214,3456.14286
chl,20220215,3480.28571
chl,20220216,3484.14286
chl,20220217,3474.71429
chl,20220218,3460.57143
chl,20220219,3433
chl,20220220,3399.57143
chl,20220221,3359.85714
chl,20220222,3318.71429
chl,20220223,3271.42857
chl,20220224,3214.85714
chl,20220225,3151.57143
chl,20220226,3090.28571
chl,20220227,3027.57143
chl,20220228,2965.28571
chl,20220301,2896.28571
chl,20220302,2826.85714
chl,20220303,2760.57143
chl,20220304,2687.57143
chl,20220305,2604.28571
chl,20220306,2515
chl,20220307,2423.71429
chl,20220308,2333.14286
chl,20220309,2239.28571
chl,20220310,2144.57143
chl,20220311,2054.28571
chl,20220312,1966.57143
chl,20220313,1878.85714
chl,20220314,1792.28571
chl,20220315,1713
chl,20220316,1641.42857
chl,20220317,1568
chl,20220318,1499.71429
chl,20220319,1435
chl,20220320,1376.57143
chl,20220321,1323.42857
chl,20220322,1264
chl,20220323,1207.14286
chl,20220324,1155
chl,20220325,1101
chl,20220326,1049
chl,20220327,999.14286
chl,20220328,947.57143
chl,20220329,901.71429
chl,20220330,853.28571
chl,20220331,809.57143
chl,20220401,773.57143
chl,20220402,738.14286
chl,20220403,702.57143
chl,20220404,670.28571
chl,20220405,643
chl,20220406,620
chl,20220407,598.71429
chl,20220408,569.71429
chl,20220409,546.28571
chl,20220410,525.71429
chl,20220411,506.57143
chl,20220412,489.57143
chl,20220413,474.28571
chl,20220414,457.14286
chl,20220415,446
chl,20220416,432.28571
chl,20220417,419.71429
chl,20220418,407.57143
chl,20220419,392.14286
chl,20220420,379.14286
chl,20220421,369.57143
chl,20220422,361.57143
chl,20220423,355.14286
chl,20220424,348.42857
chl,20220425,342.28571
chl,20220426,337.14286
chl,20220427,330.14286
chl,20220428,321.28571
chl,20220429,312.42857
chl,20220430,304.28571
chl,20220501,294.14286
chl,20220502,284.57143
chl,20220503,277.71429
chl,20220504,272.28571
chl,20220505,268.14286
chl,20220506,265.14286
chl,20220507,262.14286
chl,20220508,264.57143
chl,20220509,269
chl,20220510,273.28571
chl,20220511,278.14286
chl,20220512,283.14286
chl,20220513,287.85714
cyp,20200308,1
cyp,20200315,4.5
cyp,20200322,10.66667
cyp,20200329,21.25
cyp,20200405,24.4
cyp,20200412,23.66667
cyp,20200419,21.85714
cyp,20200426,22.57143
cyp,20200503,22.28571
cyp,20200510,19.85714
cyp,20200517,12.42857
cyp,20200524,7.28571
cyp,20200531,4.57143
cyp,20200607,3.14286
cyp,20200614,2.42857
cyp,20200621,1.71429
cyp,20200628,1.14286
cyp,20200719,1.14286
cyp,20200726,1.14286
cyp,20200802,2.14286
cyp,20200809,2.57143
cyp,20200816,2.71429
cyp,20200823,3.14286
cyp,20200830,3.57143
cyp,20200906,3.57143
cyp,20200913,3.71429
cyp,20200920,3.42857
cyp,20200927,5
cyp,20201004,5.28571
cyp,20201011,5.71429
cyp,20201018,9.14286
cyp,20201025,13.71429
cyp,20201101,19.14286
cyp,20201108,27.42857
cyp,20201115,33.85714
cyp,20201122,43.57143
cyp,20201129,54.42857
cyp,20201206,61.14286
cyp,20201213,67.71429
cyp,20201220,77
cyp,20201227,82.42857
cyp,20210103,91.57143
cyp,20210110,100.85714
cyp,20210117,105.71429
cyp,20210124,108.42857
cyp,20210131,107.14286
cyp,20210207,102.14286
cyp,20210214,95.28571
cyp,20210221,87
cyp,20210228,76
cyp,20210307,74.57143
cyp,20210314,86.42857
cyp,20210321,100.28571
cyp,20210328,111.14286
cyp,20210404,125
cyp,20210411,140.71429
cyp,20210418,161.28571
cyp,20210425,181.57143
cyp,20210502,188.57143
cyp,20210509,191.28571
cyp,20210516,186.28571
cyp,20210523,174.28571
cyp,20210530,154.14286
cyp,20210606,128.14286
cyp,20210613,95.57143
cyp,20210620,68.14286
cyp,20210627,46.28571
cyp,20210704,41.42857
cyp,20210711,50.57143
cyp,20210718,74.28571
cyp,20210725,104.57143
cyp,20210801,134.57143
cyp,20210808,158.57143
cyp,20210815,175
cyp,20210822,181.85714
cyp,20210829,176.28571
cyp,20210905,160.71429
cyp,20210912,137.71429
cyp,20210919,112.57143
cyp,20210926,89.28571
cyp,20211003,72.71429
cyp,20211010,59.14286
cyp,20211017,51.28571
cyp,20211024,43.28571
cyp,20211031,39.28571
cyp,20211107,37
cyp,20211114,39.71429
cyp,20211121,44.85714
cyp,20211128,51.14286
cyp,20211205,57.71429
cyp,20211212,67.85714
cyp,20211219,79
cyp,20211226,88.57143
cyp,20220102,99.57143
cyp,20220109,119.42857
cyp,20220116,138.14286
cyp,20220123,150.28571
cyp,20220130,156.28571
cyp,20220206,162.14286
cyp,20220213,167.57143
cyp,20220220,169.28571
cyp,20220227,156.14286
cyp,20220306,142.85714
cyp,20220313,133.14286
cyp,20220320,135.14286
cyp,20220327,137.28571
cyp,20220403,142.71429
cyp,20220410,144.57143
cyp,20220417,140.85714
cyp,20220424,133.42857
cyp,20220501,126
cyp,20220508,107.57143
cyp,20220515,86.14286
cyp,20220522,63.28571
cze,20200307,0
cze,20200308,0
cze,20200309,0
cze,20200310,0
cze,20200311,0.4
cze,20200312,0.83333
cze,20200313,1.42857
cze,20200314,2.28571
cze,20200315,3.42857
cze,20200316,6.57143
cze,20200317,14.42857
cze,20200318,22.42857
cze,20200319,31.28571
cze,20200320,41.85714
cze,20200321,54.71429
cze,20200322,70.14286
cze,20200323,85.28571
cze,20200324,94.57143
cze,20200325,109.57143
cze,20200326,129.42857
cze,20200327,150.71429
cze,20200328,173.42857
cze,20200329,194.14286
cze,20200330,213
cze,20200331,235.71429
cze,20200401,251.85714
cze,20200402,260.71429
cze,20200403,266.28571
cze,20200404,265.71429
cze,20200405,263.85714
cze,20200406,264.28571
cze,20200407,262.42857
cze,20200408,259.71429
cze,20200409,258.14286
cze,20200410,254.28571
cze,20200411,252
cze,20200412,249
cze,20200413,240
cze,20200414,225.42857
cze,20200415,210
cze,20200416,192.85714
cze,20200417,178.14286
cze,20200418,163
cze,20200419,150
cze,20200420,142.71429
cze,20200421,145.28571
cze,20200422,149.28571
cze,20200423,155.85714
cze,20200424,161
cze,20200425,166.85714
cze,20200426,170
cze,20200427,169.57143
cze,20200428,160
cze,20200429,149.57143
cze,20200430,137.42857
cze,20200501,124.85714
cze,20200502,112.42857
cze,20200503,100.85714
cze,20200504,91.57143
cze,20200505,86.57143
cze,20200506,83.28571
cze,20200507,80
cze,20200508,78.57143
cze,20200509,76.71429
cze,20200510,75.57143
cze,20200511,72.28571
cze,20200512,68.71429
cze,20200513,65.14286
cze,20200514,61.85714
cze,20200515,57.14286
cze,20200516,52.85714
cze,20200517,49.14286
cze,20200518,47.42857
cze,20200519,45.42857
cze,20200520,43
cze,20200521,41.71429
cze,20200522,42
cze,20200523,42.57143
cze,20200524,42.28571
cze,20200525,40.71429
cze,20200526,40.42857
cze,20200527,40.28571
cze,20200528,39.42857
cze,20200529,37.71429
cze,20200530,36.57143
cze,20200531,35.42857
cze,20200601,35.28571
cze,20200602,34.14286
cze,20200603,32.71429
cze,20200604,31.71429
cze,20200605,32
cze,20200606,31.14286
cze,20200607,31
cze,20200608,30.42857
cze,20200609,30.28571
cze,20200610,31.42857
cze,20200611,32.57143
cze,20200612,32.42857
cze,20200613,32.85714
cze,20200614,33.14286
cze,20200615,34.85714
cze,20200616,36.71429
cze,20200617,38
cze,20200618,39.71429
cze,20200619,42
cze,20200620,44.71429
cze,20200621,46.85714
cze,20200622,47
cze,20200623,47.14286
cze,20200624,47
cze,20200625,45.71429
cze,20200626,44.14286
cze,20200627,41.71429
cze,20200628,40.42857
cze,20200629,40
cze,20200630,39
cze,20200701,38.14286
cze,20200702,38.28571
cze,20200703,38.71429
cze,20200704,39.42857
cze,20200705,39.71429
cze,20200706,39.57143
cze,20200707,41
cze,20200708,42.28571
cze,20200709,43.42857
cze,20200710,44.14286
cze,20200711,45
cze,20200712,44.71429
cze,20200713,45.71429
cze,20200714,44.14286
cze,20200715,43
cze,20200716,41.71429
cze,20200717,40.85714
cze,20200718,40.71429
cze,20200719,41.57143
cze,20200720,40.85714
cze,20200721,42.71429
cze,20200722,44.71429
cze,20200723,47.42857
cze,20200724,50.42857
cze,20200725,52.85714
cze,20200726,55.28571
cze,20200727,61.14286
cze,20200728,66
cze,20200729,70
cze,20200730,73.71429
cze,20200731,77.42857
cze,20200801,81
cze,20200802,84.14286
cze,20200803,83
cze,20200804,82.14286
cze,20200805,80.71429
cze,20200806,77.57143
cze,20200807,74.28571
cze,20200808,71
cze,20200809,69.57143
cze,20200810,69.85714
cze,20200811,69
cze,20200812,69.57143
cze,20200813,73
cze,20200814,76.85714
cze,20200815,81.14286
cze,20200816,83.42857
cze,20200817,86.14286
cze,20200818,89.28571
cze,20200819,92.14286
cze,20200820,94.42857
cze,20200821,96.42857
cze,20200822,98.71429
cze,20200823,101.71429
cze,20200824,103.71429
cze,20200825,107.42857
cze,20200826,111.28571
cze,20200827,114.28571
cze,20200828,117
cze,20200829,118.71429
cze,20200830,120.57143
cze,20200831,124.28571
cze,20200901,127
cze,20200902,129.42857
cze,20200903,133.71429
cze,20200904,139.42857
cze,20200905,148
cze,20200906,156.85714
cze,20200907,167.57143
cze,20200908,179
cze,20200909,194.28571
cze,20200910,207.28571
cze,20200911,222.28571
cze,20200912,234.42857
cze,20200913,249.57143
cze,20200914,262.42857
cze,20200915,281.28571
cze,20200916,300.14286
cze,20200917,333.71429
cze,20200918,367.57143
cze,20200919,407.85714
cze,20200920,446.28571
cze,20200921,491.42857
cze,20200922,533.71429
cze,20200923,581.14286
cze,20200924,615.28571
cze,20200925,652.85714
cze,20200926,689.28571
cze,20200927,732.28571
cze,20200928,766.85714
cze,20200929,810.42857
cze,20200930,853.28571
cze,20201001,903.28571
cze,20201002,956.71429
cze,20201003,1011
cze,20201004,1064
cze,20201005,1146.28571
cze,20201006,1230.42857
cze,20201007,1325.57143
cze,20201008,1435
cze,20201009,1556.42857
cze,20201010,1690.57143
cze,20201011,1829.71429
cze,20201012,1970.57143
cze,20201013,2118
cze,20201014,2275.28571
cze,20201015,2431.14286
cze,20201016,2595.85714
cze,20201017,2774.42857
cze,20201018,2974.28571
cze,20201019,3172.42857
cze,20201020,3393.71429
cze,20201021,3641.42857
cze,20201022,3917
cze,20201023,4208.57143
cze,20201024,4497.42857
cze,20201025,4787.71429
cze,20201026,5107.85714
cze,20201027,5430.85714
cze,20201028,5685.71429
cze,20201029,5932.28571
cze,20201030,6173.14286
cze,20201031,6384.85714
cze,20201101,6550
cze,20201102,6657.42857
cze,20201103,6711
cze,20201104,6801.14286
cze,20201105,6818.57143
cze,20201106,6756
cze,20201107,6670.57143
cze,20201108,6578.14286
cze,20201109,6454.28571
cze,20201110,6311.42857
cze,20201111,6109.28571
cze,20201112,5910.57143
cze,20201113,5733.71429
cze,20201114,5564
cze,20201115,5392.28571
cze,20201116,5226.71429
cze,20201117,5023.42857
cze,20201118,4853.85714
cze,20201119,4695
cze,20201120,4509.28571
cze,20201121,4323
cze,20201122,4146.14286
cze,20201123,3975.71429
cze,20201124,3898.71429
cze,20201125,3787.85714
cze,20201126,3678.57143
cze,20201127,3601.57143
cze,20201128,3531
cze,20201129,3476.42857
cze,20201130,3431.85714
cze,20201201,3332.85714
cze,20201202,3264
cze,20201203,3221.57143
cze,20201204,3199.28571
cze,20201205,3189.42857
cze,20201206,3173.28571
cze,20201207,3164.71429
cze,20201208,3181.42857
cze,20201209,3216.71429
cze,20201210,3240
cze,20201211,3249.85714
cze,20201212,3268
cze,20201213,3292.42857
cze,20201214,3323
cze,20201215,3366.28571
cze,20201216,3387.14286
cze,20201217,3413.14286
cze,20201218,3449.57143
cze,20201219,3469.14286
cze,20201220,3489.42857
cze,20201221,3505.14286
cze,20201222,3514.14286
cze,20201223,3558.28571
cze,20201224,3573.85714
cze,20201225,3575.57143
cze,20201226,3611.28571
cze,20201227,3674.85714
cze,20201228,3802.57143
cze,20201229,3965.71429
cze,20201230,4126.71429
cze,20201231,4372
cze,20210101,4641
cze,20210102,4905.42857
cze,20210103,5144.71429
cze,20210104,5350.28571
cze,20210105,5528.28571
cze,20210106,5698.57143
cze,20210107,5834.42857
cze,20210108,5989.28571
cze,20210109,6104.57143
cze,20210110,6194.85714
cze,20210111,6205.14286
cze,20210112,6191.71429
cze,20210113,6128
cze,20210114,6006.71429
cze,20210115,5839.28571
cze,20210116,5668.71429
cze,20210117,5494.85714
cze,20210118,5355.28571
cze,20210119,5189.28571
cze,20210120,5055
cze,20210121,4935.57143
cze,20210122,4822.28571
cze,20210123,4726.57143
cze,20210124,4648.57143
cze,20210125,4568
cze,20210126,4521.42857
cze,20210127,4465.57143
cze,20210128,4424
cze,20210129,4374.57143
cze,20210130,4322.14286
cze,20210131,4272.85714
cze,20210201,4255.42857
cze,20210202,4227.85714
cze,20210203,4213.85714
cze,20210204,4219.14286
cze,20210205,4234.57143
cze,20210206,4261.42857
cze,20210207,4294.57143
cze,20210208,4300.57143
cze,20210209,4321.57143
cze,20210210,4342.28571
cze,20210211,4342.85714
cze,20210212,4350.14286
cze,20210213,4351.57143
cze,20210214,4358.42857
cze,20210215,4385.42857
cze,20210216,4423.71429
cze,20210217,4484
cze,20210218,4564.28571
cze,20210219,4662.85714
cze,20210220,4770.71429
cze,20210221,4875.85714
cze,20210222,5007
cze,20210223,5139.14286
cze,20210224,5255.42857
cze,20210225,5387.14286
cze,20210226,5514.85714
cze,20210227,5654.57143
cze,20210228,5794.71429
cze,20210301,5929.28571
cze,20210302,6077.57143
cze,20210303,6224
cze,20210304,6336
cze,20210305,6429.85714
cze,20210306,6506.14286
cze,20210307,6580.28571
cze,20210308,6610.28571
cze,20210309,6600.28571
cze,20210310,6606.85714
cze,20210311,6620.14286
cze,20210312,6642.57143
cze,20210313,6659
cze,20210314,6657.71429
cze,20210315,6680.57143
cze,20210316,6702.28571
cze,20210317,6680.71429
cze,20210318,6640.71429
cze,20210319,6568.42857
cze,20210320,6471.85714
cze,20210321,6374.42857
cze,20210322,6252
cze,20210323,6117
cze,20210324,5979.85714
cze,20210325,5843.85714
cze,20210326,5716.85714
cze,20210327,5613.42857
cze,20210328,5508
cze,20210329,5389.71429
cze,20210330,5279.14286
cze,20210331,5180.14286
cze,20210401,5080
cze,20210402,4963.28571
cze,20210403,4836
cze,20210404,4714.42857
cze,20210405,4560.71429
cze,20210406,4469.28571
cze,20210407,4369.85714
cze,20210408,4257.14286
cze,20210409,4169.71429
cze,20210410,4069.57143
cze,20210411,3953.42857
cze,20210412,3912.42857
cze,20210413,3734.85714
cze,20210414,3555
cze,20210415,3393.14286
cze,20210416,3216
cze,20210417,3057.57143
cze,20210418,2914.28571
cze,20210419,2747.28571
cze,20210420,2666.28571
cze,20210421,2600.28571
cze,20210422,2533.85714
cze,20210423,2475.71429
cze,20210424,2410.28571
cze,20210425,2342.57143
cze,20210426,2262.71429
cze,20210427,2173.42857
cze,20210428,2074.14286
cze,20210429,1982.28571
cze,20210430,1894.71429
cze,20210501,1818.85714
cze,20210502,1749.57143
cze,20210503,1705.42857
cze,20210504,1664.42857
cze,20210505,1632.28571
cze,20210506,1590.57143
cze,20210507,1552.71429
cze,20210508,1506.28571
cze,20210509,1456.71429
cze,20210510,1388.71429
cze,20210511,1324.28571
cze,20210512,1261
cze,20210513,1203.85714
cze,20210514,1139.42857
cze,20210515,1081.42857
cze,20210516,1024.28571
cze,20210517,972.28571
cze,20210518,921
cze,20210519,866.28571
cze,20210520,810.28571
cze,20210521,764.14286
cze,20210522,717.28571
cze,20210523,671
cze,20210524,625.71429
cze,20210525,579.85714
cze,20210526,544.85714
cze,20210527,514.28571
cze,20210528,477.14286
cze,20210529,442.42857
cze,20210530,412.57143
cze,20210531,391.57143
cze,20210601,374
cze,20210602,349.85714
cze,20210603,326.85714
cze,20210604,309.57143
cze,20210605,293.71429
cze,20210606,275.85714
cze,20210607,252.42857
cze,20210608,231.85714
cze,20210609,213
cze,20210610,197
cze,20210611,180.28571
cze,20210612,163.42857
cze,20210613,147.85714
cze,20210614,139
cze,20210615,127.57143
cze,20210616,118.85714
cze,20210617,110.42857
cze,20210618,104.71429
cze,20210619,99.85714
cze,20210620,95.57143
cze,20210621,89
cze,20210622,85.28571
cze,20210623,83
cze,20210624,77.71429
cze,20210625,72.28571
cze,20210626,65.71429
cze,20210627,59.85714
cze,20210628,55.28571
cze,20210629,50.14286
cze,20210630,45.71429
cze,20210701,43.71429
cze,20210702,41.71429
cze,20210703,40.85714
cze,20210704,39.71429
cze,20210705,38.57143
cze,20210706,37.85714
cze,20210707,35.85714
cze,20210708,34.14286
cze,20210709,33.14286
cze,20210710,32.28571
cze,20210711,31.57143
cze,20210712,31.85714
cze,20210713,32.71429
cze,20210714,33.28571
cze,20210715,34.28571
cze,20210716,35.42857
cze,20210717,36.57143
cze,20210718,37.28571
cze,20210719,38.28571
cze,20210720,39.85714
cze,20210721,42.42857
cze,20210722,44.42857
cze,20210723,45.57143
cze,20210724,46.85714
cze,20210725,49.14286
cze,20210726,50.57143
cze,20210727,51
cze,20210728,51.14286
cze,20210729,52.14286
cze,20210730,53.57143
cze,20210731,54.71429
cze,20210801,54.57143
cze,20210802,53.85714
cze,20210803,53.71429
cze,20210804,54.14286
cze,20210805,53
cze,20210806,52.57143
cze,20210807,52.14286
cze,20210808,52
cze,20210809,52.42857
cze,20210810,52.85714
cze,20210811,52.14286
cze,20210812,52.28571
cze,20210813,51.28571
cze,20210814,50.71429
cze,20210815,50.85714
cze,20210816,51.85714
cze,20210817,52.57143
cze,20210818,54.14286
cze,20210819,56.42857
cze,20210820,59.71429
cze,20210821,62.14286
cze,20210822,64.28571
cze,20210823,64.28571
cze,20210824,64.71429
cze,20210825,65.85714
cze,20210826,65.85714
cze,20210827,64.71429
cze,20210828,63.85714
cze,20210829,62.42857
cze,20210830,62.71429
cze,20210831,62.28571
cze,20210901,60.57143
cze,20210902,59.85714
cze,20210903,60.85714
cze,20210904,62.28571
cze,20210905,65.14286
cze,20210906,69.57143
cze,20210907,75
cze,20210908,81
cze,20210909,87.28571
cze,20210910,92.14286
cze,20210911,97.42857
cze,20210912,102.71429
cze,20210913,107
cze,20210914,112.42857
cze,20210915,117.85714
cze,20210916,122.71429
cze,20210917,130.57143
cze,20210918,137.57143
cze,20210919,143.14286
cze,20210920,147.14286
cze,20210921,148.28571
cze,20210922,149.14286
cze,20210923,150.14286
cze,20210924,147.71429
cze,20210925,146.71429
cze,20210926,146.42857
cze,20210927,148
cze,20210928,150.14286
cze,20210929,154.85714
cze,20210930,160.85714
cze,20211001,168.28571
cze,20211002,175.57143
cze,20211003,184.14286
cze,20211004,196
cze,20211005,212
cze,20211006,228.14286
cze,20211007,243.42857
cze,20211008,261
cze,20211009,277.71429
cze,20211010,294.14286
cze,20211011,310
cze,20211012,325.28571
cze,20211013,339.42857
cze,20211014,355.57143
cze,20211015,373.28571
cze,20211016,396.42857
cze,20211017,421
cze,20211018,448
cze,20211019,484.42857
cze,20211020,529.42857
cze,20211021,582.42857
cze,20211022,642.85714
cze,20211023,703.71429
cze,20211024,770.14286
cze,20211025,842.28571
cze,20211026,918.42857
cze,20211027,1000.14286
cze,20211028,1076.57143
cze,20211029,1156.28571
cze,20211030,1240.85714
cze,20211031,1332.42857
cze,20211101,1445.42857
cze,20211102,1563
cze,20211103,1686
cze,20211104,1834.71429
cze,20211105,1981.85714
cze,20211106,2131.71429
cze,20211107,2276.71429
cze,20211108,2402
cze,20211109,2528.42857
cze,20211110,2647.85714
cze,20211111,2752.14286
cze,20211112,2868.71429
cze,20211113,2986.57143
cze,20211114,3103.42857
cze,20211115,3242.85714
cze,20211116,3377.71429
cze,20211117,3498
cze,20211118,3625.28571
cze,20211119,3752
cze,20211120,3880.85714
cze,20211121,4022.71429
cze,20211122,4138.71429
cze,20211123,4249.42857
cze,20211124,4400.42857
cze,20211125,4538.57143
cze,20211126,4663.57143
cze,20211127,4777.14286
cze,20211128,4867.57143
cze,20211129,4959.28571
cze,20211130,5036.71429
cze,20211201,5069.28571
cze,20211202,5101.14286
cze,20211203,5102.71429
cze,20211204,5086.28571
cze,20211205,5066.42857
cze,20211206,5011.57143
cze,20211207,4946.57143
cze,20211208,4878.85714
cze,20211209,4775
cze,20211210,4689.42857
cze,20211211,4606
cze,20211212,4508.14286
cze,20211213,4424.71429
cze,20211214,4339.85714
cze,20211215,4239.42857
cze,20211216,4149.57143
cze,20211217,4032
cze,20211218,3905.14286
cze,20211219,3787.14286
cze,20211220,3651.14286
cze,20211221,3509.85714
cze,20211222,3374
cze,20211223,3227.14286
cze,20211224,3065.42857
cze,20211225,2916.42857
cze,20211226,2771.42857
cze,20211227,2652
cze,20211228,2541.42857
cze,20211229,2443.57143
cze,20211230,2367.57143
cze,20211231,2340.14286
cze,20220101,2315.42857
cze,20220102,2287
cze,20220103,2226.42857
cze,20220104,2162
cze,20220105,2089.71429
cze,20220106,2012
cze,20220107,1921.57143
cze,20220108,1832.42857
cze,20220109,1744.57143
cze,20220110,1672.71429
cze,20220111,1603.14286
cze,20220112,1529.71429
cze,20220113,1459.57143
cze,20220114,1386.42857
cze,20220115,1306.14286
cze,20220116,1230.57143
cze,20220117,1177.71429
cze,20220118,1135.85714
cze,20220119,1122.14286
cze,20220120,1127.71429
cze,20220121,1158.42857
cze,20220122,1210.85714
cze,20220123,1282.71429
cze,20220124,1370.71429
cze,20220125,1479.28571
cze,20220126,1598.14286
cze,20220127,1732.85714
cze,20220128,1881.85714
cze,20220129,2033.85714
cze,20220130,2185.85714
cze,20220131,2349.85714
cze,20220201,2537.28571
cze,20220202,2735.71429
cze,20220203,2922.14286
cze,20220204,3095.28571
cze,20220205,3267.28571
cze,20220206,3426.42857
cze,20220207,3581.85714
cze,20220208,3698.57143
cze,20220209,3797.28571
cze,20220210,3891.14286
cze,20220211,3972.57143
cze,20220212,4034.28571
cze,20220213,4092.71429
cze,20220214,4112.71429
cze,20220215,4117.28571
cze,20220216,4089.28571
cze,20220217,4035.71429
cze,20220218,3961.85714
cze,20220219,3887.28571
cze,20220220,3808.42857
cze,20220221,3717.71429
cze,20220222,3623.85714
cze,20220223,3533.57143
cze,20220224,3448.85714
cze,20220225,3365.71429
cze,20220226,3280.85714
cze,20220227,3190.28571
cze,20220228,3099.42857
cze,20220301,3005.28571
cze,20220302,2900.28571
cze,20220303,2784.85714
cze,20220304,2682
cze,20220305,2584.71429
cze,20220306,2495.14286
cze,20220307,2420.57143
cze,20220308,2358.14286
cze,20220309,2330.28571
cze,20220310,2320.71429
cze,20220311,2306
cze,20220312,2296.42857
cze,20220313,2287.14286
cze,20220314,2282.57143
cze,20220315,2286.71429
cze,20220316,2285.28571
cze,20220317,2281.42857
cze,20220318,2284.71429
cze,20220319,2279.71429
cze,20220320,2274.57143
cze,20220321,2262.85714
cze,20220322,2237.28571
cze,20220323,2189.85714
cze,20220324,2140.42857
cze,20220325,2090
cze,20220326,2040.14286
cze,20220327,1988.71429
cze,20220328,1948.28571
cze,20220329,1912.85714
cze,20220330,1895.85714
cze,20220331,1883.28571
cze,20220401,1858
cze,20220402,1840.57143
cze,20220403,1820.42857
cze,20220404,1784.28571
cze,20220405,1749.85714
cze,20220406,1712.85714
cze,20220407,1666.42857
cze,20220408,1627.28571
cze,20220409,1579.14286
cze,20220410,1537.57143
cze,20220411,1494.57143
cze,20220412,1446.42857
cze,20220413,1392.85714
cze,20220414,1350
cze,20220415,1296.85714
cze,20220416,1243.85714
cze,20220417,1185.57143
cze,20220418,1125.42857
cze,20220419,1083.28571
cze,20220420,1041.14286
cze,20220421,996.14286
cze,20220422,975.14286
cze,20220423,958
cze,20220424,942.14286
cze,20220425,947.71429
cze,20220426,926.42857
cze,20220427,904.71429
cze,20220428,878.57143
cze,20220429,841.42857
cze,20220430,806.71429
cze,20220501,774.85714
cze,20220502,730.28571
cze,20220503,692.85714
cze,20220504,660.85714
cze,20220505,630.85714
cze,20220506,597.42857
cze,20220507,560
cze,20220508,522
cze,20220509,484.57143
cze,20220510,450.42857
cze,20220511,414.42857
cze,20220512,377.42857
cze,20220513,343.57143
cze,20220514,313.57143
cze,20220515,283.14286
cze,20220516,256.28571
cze,20220517,236.14286
cze,20220518,218.85714
cze,20220519,206.42857
cze,20220520,198.57143
cze,20220521,187.85714
deu,20200301,24
deu,20200302,26.5
deu,20200303,33.33333
deu,20200304,41.25
deu,20200305,48.4
deu,20200306,55.66667
deu,20200307,66.85714
deu,20200308,84.85714
deu,20200309,103.71429
deu,20200310,123.14286
deu,20200311,145.57143
deu,20200312,172.28571
deu,20200313,205.28571
deu,20200314,242.71429
deu,20200315,285.85714
deu,20200316,338
deu,20200317,410
deu,20200318,501
deu,20200319,624.42857
deu,20200320,778.71429
deu,20200321,963.42857
deu,20200322,1187.14286
deu,20200323,1431.28571
deu,20200324,1695.14286
deu,20200325,2000.85714
deu,20200326,2338.14286
deu,20200327,2706
deu,20200328,3102.71429
deu,20200329,3509.71429
deu,20200330,3925.85714
deu,20200331,4346.57143
deu,20200401,4762.14286
deu,20200402,5139.71429
deu,20200403,5466.42857
deu,20200404,5736.28571
deu,20200405,5932.28571
deu,20200406,6069.14286
deu,20200407,6149.28571
deu,20200408,6131.85714
deu,20200409,6059.14286
deu,20200410,5941.28571
deu,20200411,5744.42857
deu,20200412,5538.85714
deu,20200413,5343.57143
deu,20200414,5103.71429
deu,20200415,4858
deu,20200416,4606.85714
deu,20200417,4351.57143
deu,20200418,4161.14286
deu,20200419,3976.14286
deu,20200420,3782.28571
deu,20200421,3647.28571
deu,20200422,3529.85714
deu,20200423,3406
deu,20200424,3274.28571
deu,20200425,3114.71429
deu,20200426,2955.14286
deu,20200427,2791.71429
deu,20200428,2597.28571
deu,20200429,2414.57143
deu,20200430,2239
deu,20200501,2093.28571
deu,20200502,1952.28571
deu,20200503,1812.71429
deu,20200504,1687.71429
deu,20200505,1578.42857
deu,20200506,1467.57143
deu,20200507,1381.14286
deu,20200508,1294.57143
deu,20200509,1233.57143
deu,20200510,1188.57143
deu,20200511,1148.85714
deu,20200512,1117.14286
deu,20200513,1091.28571
deu,20200514,1056.71429
deu,20200515,1019
deu,20200516,975.57143
deu,20200517,930.28571
deu,20200518,884
deu,20200519,829.28571
deu,20200520,777.71429
deu,20200521,734.85714
deu,20200522,694.28571
deu,20200523,654
deu,20200524,616.71429
deu,20200525,581.28571
deu,20200526,558.14286
deu,20200527,535.85714
deu,20200528,512.42857
deu,20200529,501.57143
deu,20200530,490.14286
deu,20200531,478.71429
deu,20200601,465.71429
deu,20200602,443.42857
deu,20200603,421.57143
deu,20200604,404.85714
deu,20200605,381.57143
deu,20200606,361.85714
deu,20200607,343.14286
deu,20200608,326.57143
deu,20200609,318.57143
deu,20200610,313.14286
deu,20200611,305
deu,20200612,297.57143
deu,20200613,293.71429
deu,20200614,289.28571
deu,20200615,287.14286
deu,20200616,285
deu,20200617,287.42857
deu,20200618,290.85714
deu,20200619,299.28571
deu,20200620,305.71429
deu,20200621,313.85714
deu,20200622,318.57143
deu,20200623,323.14286
deu,20200624,323.57143
deu,20200625,325.71429
deu,20200626,326
deu,20200627,325.42857
deu,20200628,322
deu,20200629,318.14286
deu,20200630,314.71429
deu,20200701,310.85714
deu,20200702,304.85714
deu,20200703,296.71429
deu,20200704,288.42857
deu,20200705,282
deu,20200706,277.28571
deu,20200707,270.42857
deu,20200708,264.42857
deu,20200709,262.42857
deu,20200710,261
deu,20200711,258.71429
deu,20200712,257.57143
deu,20200713,256.57143
deu,20200714,257.28571
deu,20200715,259
deu,20200716,259.71429
deu,20200717,264.28571
deu,20200718,272.85714
deu,20200719,281
deu,20200720,290.28571
deu,20200721,300.14286
deu,20200722,311.42857
deu,20200723,321.28571
deu,20200724,326.71429
deu,20200725,330.14286
deu,20200726,334.85714
deu,20200727,336.71429
deu,20200728,338.71429
deu,20200729,339.42857
deu,20200730,341.71429
deu,20200731,347.28571
deu,20200801,352.57143
deu,20200802,355.28571
deu,20200803,362.57143
deu,20200804,368.42857
deu,20200805,377.71429
deu,20200806,384.57143
deu,20200807,389.57143
deu,20200808,395.71429
deu,20200809,403.42857
deu,20200810,406.14286
deu,20200811,411.85714
deu,20200812,410.85714
deu,20200813,413.28571
deu,20200814,418.42857
deu,20200815,423.28571
deu,20200816,425.71429
deu,20200817,431.57143
deu,20200818,434.57143
deu,20200819,441.85714
deu,20200820,445
deu,20200821,445.28571
deu,20200822,444.42857
deu,20200823,446.28571
deu,20200824,445.14286
deu,20200825,442.57143
deu,20200826,436.57143
deu,20200827,430.14286
deu,20200828,423.42857
deu,20200829,414.71429
deu,20200830,403.28571
deu,20200831,394
deu,20200901,385.28571
deu,20200902,380
deu,20200903,376.85714
deu,20200904,373.71429
deu,20200905,373.71429
deu,20200906,378.14286
deu,20200907,382.85714
deu,20200908,388.28571
deu,20200909,392.14286
deu,20200910,399.42857
deu,20200911,409.85714
deu,20200912,419.71429
deu,20200913,428
deu,20200914,438
deu,20200915,452.42857
deu,20200916,473.57143
deu,20200917,495.71429
deu,20200918,524
deu,20200919,558.42857
deu,20200920,591.14286
deu,20200921,621.42857
deu,20200922,651.42857
deu,20200923,674.14286
deu,20200924,697.28571
deu,20200925,713
deu,20200926,721.28571
deu,20200927,734.14286
deu,20200928,747.85714
deu,20200929,759.28571
deu,20200930,775.57143
deu,20201001,788.57143
deu,20201002,799.28571
deu,20201003,814
deu,20201004,828.85714
deu,20201005,844.14286
deu,20201006,867.71429
deu,20201007,902.57143
deu,20201008,956.28571
deu,20201009,1030.71429
deu,20201010,1121.14286
deu,20201011,1218.42857
deu,20201012,1322.28571
deu,20201013,1431.85714
deu,20201014,1534.28571
deu,20201015,1631.28571
deu,20201016,1728
deu,20201017,1827.14286
deu,20201018,1927
deu,20201019,2033.42857
deu,20201020,2148
deu,20201021,2292.57143
deu,20201022,2465.71429
deu,20201023,2663.42857
deu,20201024,2882
deu,20201025,3128.42857
deu,20201026,3387.42857
deu,20201027,3670
deu,20201028,3964.14286
deu,20201029,4255
deu,20201030,4536.71429
deu,20201031,4817.42857
deu,20201101,5082
deu,20201102,5343.14286
deu,20201103,5592.14286
deu,20201104,5825.71429
deu,20201105,6039.14286
deu,20201106,6243.71429
deu,20201107,6415.57143
deu,20201108,6568
deu,20201109,6699.85714
deu,20201110,6795.85714
deu,20201111,6857
deu,20201112,6917.85714
deu,20201113,6981.28571
deu,20201114,7062.14286
deu,20201115,7166.28571
deu,20201116,7266.14286
deu,20201117,7385.57143
deu,20201118,7550.85714
deu,20201119,7702.14286
deu,20201120,7831.42857
deu,20201121,7943.42857
deu,20201122,8013.85714
deu,20201123,8092.85714
deu,20201124,8166.57143
deu,20201125,8181.57143
deu,20201126,8212.85714
deu,20201127,8235.71429
deu,20201128,8247
deu,20201129,8286.71429
deu,20201130,8318.14286
deu,20201201,8332.85714
deu,20201202,8379.28571
deu,20201203,8416.14286
deu,20201204,8496
deu,20201205,8610.71429
deu,20201206,8716.71429
deu,20201207,8840.14286
deu,20201208,9005
deu,20201209,9197.42857
deu,20201210,9425.42857
deu,20201211,9659.85714
deu,20201212,9904.71429
deu,20201213,10194.42857
deu,20201214,10493.28571
deu,20201215,10786
deu,20201216,11075.14286
deu,20201217,11353.28571
deu,20201218,11604
deu,20201219,11852.28571
deu,20201220,12057.57143
deu,20201221,12244.14286
deu,20201222,12409.57143
deu,20201223,12563.28571
deu,20201224,12701
deu,20201225,12697.85714
deu,20201226,12497.42857
deu,20201227,12262.28571
deu,20201228,12041.28571
deu,20201229,11813.28571
deu,20201230,11582.14286
deu,20201231,11311.14286
deu,20210101,11174.57143
deu,20210102,11178.57143
deu,20210103,11203.42857
deu,20210104,11195.14286
deu,20210105,11159.85714
deu,20210106,11043.71429
deu,20210107,10899
deu,20210108,10814
deu,20210109,10877.42857
deu,20210110,10944.71429
deu,20210111,10974.71429
deu,20210112,10991
deu,20210113,11020.14286
deu,20210114,11080
deu,20210115,11035.57143
deu,20210116,10823.71429
deu,20210117,10598.57143
deu,20210118,10419.14286
deu,20210119,10246
deu,20210120,10087.14286
deu,20210121,9935.42857
deu,20210122,9782.85714
deu,20210123,9635.57143
deu,20210124,9499.42857
deu,20210125,9346.14286
deu,20210126,9206
deu,20210127,9050.42857
deu,20210128,8878.57143
deu,20210129,8705.42857
deu,20210130,8532.85714
deu,20210131,8329.85714
deu,20210201,8136
deu,20210202,7934.71429
deu,20210203,7750.71429
deu,20210204,7552
deu,20210205,7375
deu,20210206,7200
deu,20210207,7050.28571
deu,20210208,6899.28571
deu,20210209,6741.71429
deu,20210210,6566.42857
deu,20210211,6404.28571
deu,20210212,6210.71429
deu,20210213,6026.28571
deu,20210214,5827.57143
deu,20210215,5644.57143
deu,20210216,5485.85714
deu,20210217,5372.85714
deu,20210218,5274.85714
deu,20210219,5223.28571
deu,20210220,5181.42857
deu,20210221,5179.85714
deu,20210222,5167.85714
deu,20210223,5160.57143
deu,20210224,5140.57143
deu,20210225,5131.71429
deu,20210226,5107.28571
deu,20210227,5088.71429
deu,20210228,5046
deu,20210301,5003.28571
deu,20210302,4955.14286
deu,20210303,4908.71429
deu,20210304,4848.85714
deu,20210305,4785.85714
deu,20210306,4717
deu,20210307,4653.57143
deu,20210308,4595.14286
deu,20210309,4535.71429
deu,20210310,4486.57143
deu,20210311,4456.85714
deu,20210312,4466
deu,20210313,4497
deu,20210314,4545.57143
deu,20210315,4612.57143
deu,20210316,4709
deu,20210317,4826.57143
deu,20210318,4960.85714
deu,20210319,5086.85714
deu,20210320,5226
deu,20210321,5355.42857
deu,20210322,5481.71429
deu,20210323,5603
deu,20210324,5722.42857
deu,20210325,5856.85714
deu,20210326,6003.42857
deu,20210327,6148.14286
deu,20210328,6309.85714
deu,20210329,6468
deu,20210330,6630.71429
deu,20210331,6783.57143
deu,20210401,6912.85714
deu,20210402,7017.71429
deu,20210403,7064.57143
deu,20210404,7077.57143
deu,20210405,7084.71429
deu,20210406,7037.28571
deu,20210407,6953.71429
deu,20210408,6889
deu,20210409,6851
deu,20210410,6906.14286
deu,20210411,6993
deu,20210412,7087.71429
deu,20210413,7264
deu,20210414,7507.42857
deu,20210415,7697.14286
deu,20210416,7836.71429
deu,20210417,7904.57143
deu,20210418,7950.57143
deu,20210419,7983.57143
deu,20210420,7981
deu,20210421,7944.71429
deu,20210422,7927.28571
deu,20210423,7941.85714
deu,20210424,7972.42857
deu,20210425,8004.71429
deu,20210426,8029.14286
deu,20210427,8019.14286
deu,20210428,7962.57143
deu,20210429,7882.85714
deu,20210430,7753.28571
deu,20210501,7588.57143
deu,20210502,7409.71429
deu,20210503,7230.28571
deu,20210504,7052.28571
deu,20210505,6882.57143
deu,20210506,6713.57143
deu,20210507,6555.42857
deu,20210508,6402.28571
deu,20210509,6230
deu,20210510,6052.71429
deu,20210511,5870.57143
deu,20210512,5693
deu,20210513,5510.14286
deu,20210514,5294.57143
deu,20210515,5052.85714
deu,20210516,4834
deu,20210517,4625
deu,20210518,4420.42857
deu,20210519,4199.14286
deu,20210520,3970.28571
deu,20210521,3791.57143
deu,20210522,3656.57143
deu,20210523,3498
deu,20210524,3317
deu,20210525,3110.85714
deu,20210526,2905.57143
deu,20210527,2718.85714
deu,20210528,2524.71429
deu,20210529,2321.28571
deu,20210530,2143.28571
deu,20210531,1989.85714
deu,20210601,1888.28571
deu,20210602,1818.28571
deu,20210603,1740
deu,20210604,1659.14286
deu,20210605,1577.14286
deu,20210606,1495
deu,20210607,1411.85714
deu,20210608,1315.14286
deu,20210609,1217
deu,20210610,1137.71429
deu,20210611,1075.85714
deu,20210612,1029.85714
deu,20210613,982.85714
deu,20210614,935.85714
deu,20210615,891.71429
deu,20210616,846
deu,20210617,802.42857
deu,20210618,753.57143
deu,20210619,702.42857
deu,20210620,660.42857
deu,20210621,619.57143
deu,20210622,579.71429
deu,20210623,547.85714
deu,20210624,518.42857
deu,20210625,493.14286
deu,20210626,470.42857
deu,20210627,445.28571
deu,20210628,421.85714
deu,20210629,400.42857
deu,20210630,380.14286
deu,20210701,363.57143
deu,20210702,351.42857
deu,20210703,342
deu,20210704,334.28571
deu,20210705,328
deu,20210706,325.57143
deu,20210707,326
deu,20210708,326.85714
deu,20210709,324.57143
deu,20210710,326
deu,20210711,332.28571
deu,20210712,338.57143
deu,20210713,344.14286
deu,20210714,350
deu,20210715,358.57143
deu,20210716,369.57143
deu,20210717,377.57143
deu,20210718,382
deu,20210719,389.14286
deu,20210720,400.57143
deu,20210721,414.28571
deu,20210722,430.14286
deu,20210723,451.28571
deu,20210724,476.57143
deu,20210725,505.14286
deu,20210726,530
deu,20210727,548.28571
deu,20210728,572.14286
deu,20210729,598.42857
deu,20210730,623.28571
deu,20210731,648.85714
deu,20210801,672.28571
deu,20210802,701
deu,20210803,741.85714
deu,20210804,777.28571
deu,20210805,806.28571
deu,20210806,837
deu,20210807,867
deu,20210808,901.85714
deu,20210809,934
deu,20210810,962.85714
deu,20210811,1002.71429
deu,20210812,1060.57143
deu,20210813,1129.85714
deu,20210814,1210.42857
deu,20210815,1296.14286
deu,20210816,1390.71429
deu,20210817,1496.14286
deu,20210818,1606.28571
deu,20210819,1714.14286
deu,20210820,1818.57143
deu,20210821,1918.57143
deu,20210822,2017.57143
deu,20210823,2115.28571
deu,20210824,2215.71429
deu,20210825,2323.71429
deu,20210826,2438
deu,20210827,2553.71429
deu,20210828,2674
deu,20210829,2799.57143
deu,20210830,2919.57143
deu,20210831,3015.14286
deu,20210901,3088.57143
deu,20210902,3140.57143
deu,20210903,3181
deu,20210904,3212.57143
deu,20210905,3227.71429
deu,20210906,3239.14286
deu,20210907,3257.57143
deu,20210908,3272.14286
deu,20210909,3286
deu,20210910,3300.71429
deu,20210911,3307.85714
deu,20210912,3313
deu,20210913,3315.42857
deu,20210914,3312.14286
deu,20210915,3293.28571
deu,20210916,3266.57143
deu,20210917,3219.85714
deu,20210918,3159.14286
deu,20210919,3091.42857
deu,20210920,3018.14286
deu,20210921,2935.57143
deu,20210922,2856.42857
deu,20210923,2774.57143
deu,20210924,2706.85714
deu,20210925,2648.57143
deu,20210926,2595.57143
deu,20210927,2551.28571
deu,20210928,2521.85714
deu,20210929,2517.42857
deu,20210930,2528
deu,20211001,2531.42857
deu,20211002,2538.42857
deu,20211003,2550
deu,20211004,2560.28571
deu,20211005,2560.85714
deu,20211006,2535.28571
deu,20211007,2504.85714
deu,20211008,2490.57143
deu,20211009,2488.85714
deu,20211010,2495
deu,20211011,2505.71429
deu,20211012,2536
deu,20211013,2588.85714
deu,20211014,2644.57143
deu,20211015,2707.28571
deu,20211016,2766.42857
deu,20211017,2824.28571
deu,20211018,2887.57143
deu,20211019,2969.28571
deu,20211020,3092
deu,20211021,3253.71429
deu,20211022,3435.71429
deu,20211023,3650.28571
deu,20211024,3889
deu,20211025,4128.14286
deu,20211026,4354.85714
deu,20211027,4546.57143
deu,20211028,4744.28571
deu,20211029,4938.28571
deu,20211030,5117.14286
deu,20211031,5276.85714
deu,20211101,5443.71429
deu,20211102,5579.71429
deu,20211103,5729.71429
deu,20211104,5867
deu,20211105,6012.28571
deu,20211106,6168
deu,20211107,6329.85714
deu,20211108,6487.28571
deu,20211109,6722.57143
deu,20211110,6974.14286
deu,20211111,7206.28571
deu,20211112,7433.42857
deu,20211113,7655.42857
deu,20211114,7885.14286
deu,20211115,8132.85714
deu,20211116,8352.14286
deu,20211117,8580.85714
deu,20211118,8833.42857
deu,20211119,9080
deu,20211120,9333
deu,20211121,9568.28571
deu,20211122,9792.28571
deu,20211123,10012.57143
deu,20211124,10194.71429
deu,20211125,10360.85714
deu,20211126,10510.42857
deu,20211127,10624
deu,20211128,10742.85714
deu,20211129,10829.85714
deu,20211130,10865.28571
deu,20211201,10845.71429
deu,20211202,10803.71429
deu,20211203,10743.14286
deu,20211204,10676.42857
deu,20211205,10599.85714
deu,20211206,10543.85714
deu,20211207,10519
deu,20211208,10542.28571
deu,20211209,10537.71429
deu,20211210,10516.28571
deu,20211211,10466
deu,20211212,10397
deu,20211213,10285.42857
deu,20211214,10105.14286
deu,20211215,9883.28571
deu,20211216,9646.14286
deu,20211217,9389.57143
deu,20211218,9131.42857
deu,20211219,8854.14286
deu,20211220,8597.71429
deu,20211221,8363.57143
deu,20211222,8104.71429
deu,20211223,7832.14286
deu,20211224,7557.42857
deu,20211225,7228.57143
deu,20211226,6875.14286
deu,20211227,6522.85714
deu,20211228,6189
deu,20211229,5894.14286
deu,20211230,5651.14286
deu,20211231,5454.57143
deu,20220101,5354.85714
deu,20220102,5314.28571
deu,20220103,5286.28571
deu,20220104,5278.28571
deu,20220105,5278.14286
deu,20220106,5270.14286
deu,20220107,5228
deu,20220108,5208.85714
deu,20220109,5206.85714
deu,20220110,5197.85714
deu,20220111,5167.28571
deu,20220112,5114.57143
deu,20220113,5067.28571
deu,20220114,5066
deu,20220115,5043.71429
deu,20220116,5011.85714
deu,20220117,4994
deu,20220118,5017
deu,20220119,5107.85714
deu,20220120,5247.14286
deu,20220121,5412.85714
deu,20220122,5617.57143
deu,20220123,5834
deu,20220124,6073.42857
deu,20220125,6334.57143
deu,20220126,6606.14286
deu,20220127,6859.57143
deu,20220128,7101
deu,20220129,7314.28571
deu,20220130,7533.28571
deu,20220131,7726.85714
deu,20220201,7888.85714
deu,20220202,8039.28571
deu,20220203,8222.42857
deu,20220204,8442.85714
deu,20220205,8687.28571
deu,20220206,8922
deu,20220207,9166.85714
deu,20220208,9439.57143
deu,20220209,9718.85714
deu,20220210,9947.14286
deu,20220211,10096.85714
deu,20220212,10195.71429
deu,20220213,10268.28571
deu,20220214,10318.85714
deu,20220215,10314.14286
deu,20220216,10255.57143
deu,20220217,10193.28571
deu,20220218,10153.85714
deu,20220219,10119
deu,20220220,10105.57143
deu,20220221,10105.28571
deu,20220222,10126.71429
deu,20220223,10144.85714
deu,20220224,10150.57143
deu,20220225,10128.28571
deu,20220226,10099.28571
deu,20220227,10058.85714
deu,20220228,9999.85714
deu,20220301,9901.57143
deu,20220302,9801.14286
deu,20220303,9706.85714
deu,20220304,9636.71429
deu,20220305,9580.57143
deu,20220306,9517.42857
deu,20220307,9475.57143
deu,20220308,9490.85714
deu,20220309,9573.71429
deu,20220310,9694.57143
deu,20220311,9846.42857
deu,20220312,10029
deu,20220313,10243.71429
deu,20220314,10467.85714
deu,20220315,10731.85714
deu,20220316,10976.85714
deu,20220317,11218
deu,20220318,11443.14286
deu,20220319,11643.28571
deu,20220320,11803.71429
deu,20220321,11936.14286
deu,20220322,11987.28571
deu,20220323,12006.42857
deu,20220324,11987.28571
deu,20220325,11931.57143
deu,20220326,11858.28571
deu,20220327,11806.28571
deu,20220328,11763.85714
deu,20220329,11734
deu,20220330,11688
deu,20220331,11623.42857
deu,20220401,11550.14286
deu,20220402,11428.42857
deu,20220403,11266.28571
deu,20220404,11075
deu,20220405,10846.42857
deu,20220406,10580.71429
deu,20220407,10312.28571
deu,20220408,10031.71429
deu,20220409,9799.42857
deu,20220410,9592.28571
deu,20220411,9418
deu,20220412,9280.42857
deu,20220413,9176.85714
deu,20220414,9061.42857
deu,20220415,8968.14286
deu,20220416,8761.57143
deu,20220417,8543
deu,20220418,8300.42857
deu,20220419,7881.14286
deu,20220420,7523
deu,20220421,7230.14286
deu,20220422,6944.42857
deu,20220423,6868.71429
deu,20220424,6812.42857
deu,20220425,6779.57143
deu,20220426,7061.85714
deu,20220427,7189
deu,20220428,7219.85714
deu,20220429,7203.85714
deu,20220430,7059.42857
deu,20220501,6900.14286
deu,20220502,6722.28571
deu,20220503,6357.14286
deu,20220504,6087.71429
deu,20220505,5870.42857
deu,20220506,5699.14286
deu,20220507,5547.85714
deu,20220508,5404
deu,20220509,5263
deu,20220510,5176.57143
deu,20220511,5086.57143
deu,20220512,4989.14286
deu,20220513,4876.42857
deu,20220514,4764
deu,20220515,4651.71429
deu,20220516,4548.85714
deu,20220517,4403.85714
deu,20220518,4248.28571
deu,20220519,4099.85714
deu,20220520,3946.57143
deu,20220521,3779.85714
deu,20220522,3614.28571
deu,20220523,3447.85714
deu,20220524,3274.71429
deu,20220525,3087.28571
deu,20220526,2861.14286
dnk,20200310,34
dnk,20200311,38.5
dnk,20200312,45.66667
dnk,20200313,55.5
dnk,20200314,65.4
dnk,20200315,77
dnk,20200316,90.42857
dnk,20200317,114.57143
dnk,20200318,142.71429
dnk,20200319,173
dnk,20200320,205.14286
dnk,20200321,235.85714
dnk,20200322,263.57143
dnk,20200323,291.85714
dnk,20200324,320.42857
dnk,20200325,349.85714
dnk,20200326,378.71429
dnk,20200327,405.42857
dnk,20200328,437.71429
dnk,20200329,470
dnk,20200330,494.14286
dnk,20200331,509.14286
dnk,20200401,513.71429
dnk,20200402,513.42857
dnk,20200403,507.71429
dnk,20200404,489.28571
dnk,20200405,467.28571
dnk,20200406,445.14286
dnk,20200407,428
dnk,20200408,410.57143
dnk,20200409,388.57143
dnk,20200410,363.14286
dnk,20200411,341.71429
dnk,20200412,321.42857
dnk,20200413,300.85714
dnk,20200414,277.85714
dnk,20200415,259.71429
dnk,20200416,246.85714
dnk,20200417,238.71429
dnk,20200418,231.71429
dnk,20200419,226.71429
dnk,20200420,225
dnk,20200421,224.14286
dnk,20200422,222.85714
dnk,20200423,221.57143
dnk,20200424,220.42857
dnk,20200425,219.85714
dnk,20200426,217.42857
dnk,20200427,212.85714
dnk,20200428,205.85714
dnk,20200429,197
dnk,20200430,186
dnk,20200501,174.85714
dnk,20200502,163.28571
dnk,20200503,151.28571
dnk,20200504,140
dnk,20200505,132.28571
dnk,20200506,125.28571
dnk,20200507,120.42857
dnk,20200508,115.42857
dnk,20200509,108.85714
dnk,20200510,102.85714
dnk,20200511,97
dnk,20200512,89.57143
dnk,20200513,83.42857
dnk,20200514,77.14286
dnk,20200515,73
dnk,20200516,70.14286
dnk,20200517,67.28571
dnk,20200518,66.14286
dnk,20200519,66.28571
dnk,20200520,66.57143
dnk,20200521,66.14286
dnk,20200522,64
dnk,20200523,63.42857
dnk,20200524,63.42857
dnk,20200525,61.42857
dnk,20200526,59.85714
dnk,20200527,58.14286
dnk,20200528,57.28571
dnk,20200529,56.42857
dnk,20200530,54.14286
dnk,20200531,52.42857
dnk,20200601,51.71429
dnk,20200602,49.85714
dnk,20200603,47.42857
dnk,20200604,45.28571
dnk,20200605,43.71429
dnk,20200606,42
dnk,20200607,40
dnk,20200608,38
dnk,20200609,36
dnk,20200610,34.28571
dnk,20200611,31.71429
dnk,20200612,28.71429
dnk,20200613,26.85714
dnk,20200614,24.71429
dnk,20200615,22.71429
dnk,20200616,22.28571
dnk,20200617,22.71429
dnk,20200618,24.42857
dnk,20200619,26.28571
dnk,20200620,27.57143
dnk,20200621,29.42857
dnk,20200622,31.57143
dnk,20200623,32.42857
dnk,20200624,32.85714
dnk,20200625,32.71429
dnk,20200626,32.42857
dnk,20200627,32.28571
dnk,20200628,32.14286
dnk,20200629,31.28571
dnk,20200701,30.57143
dnk,20200702,29.42857
dnk,20200703,28
dnk,20200705,27.28571
dnk,20200706,26.57143
dnk,20200707,25
dnk,20200708,23.57143
dnk,20200709,22.57143
dnk,20200710,21.71429
dnk,20200711,21.42857
dnk,20200712,20.57143
dnk,20200714,19.71429
dnk,20200715,19.85714
dnk,20200716,20.28571
dnk,20200717,20.71429
dnk,20200718,21.14286
dnk,20200719,20.85714
dnk,20200720,21.28571
dnk,20200721,21.42857
dnk,20200722,21
dnk,20200723,20.71429
dnk,20200724,20
dnk,20200725,19.85714
dnk,20200726,20.28571
dnk,20200727,20.14286
dnk,20200728,20.28571
dnk,20200729,21
dnk,20200730,22
dnk,20200731,23.42857
dnk,20200801,24.28571
dnk,20200802,24.85714
dnk,20200803,26.14286
dnk,20200804,27.85714
dnk,20200805,29.14286
dnk,20200806,29.85714
dnk,20200807,30.71429
dnk,20200808,31.57143
dnk,20200809,32.71429
dnk,20200810,32.85714
dnk,20200811,32.28571
dnk,20200812,31.14286
dnk,20200813,30
dnk,20200814,28.57143
dnk,20200815,27.14286
dnk,20200816,25.85714
dnk,20200817,25.57143
dnk,20200818,25.28571
dnk,20200819,25.85714
dnk,20200820,27.28571
dnk,20200821,28.71429
dnk,20200822,30.42857
dnk,20200823,31.71429
dnk,20200824,31.57143
dnk,20200825,32.14286
dnk,20200826,32.71429
dnk,20200827,31.57143
dnk,20200828,30.28571
dnk,20200829,28.71429
dnk,20200830,27.28571
dnk,20200831,27.28571
dnk,20200901,26.42857
dnk,20200902,24.85714
dnk,20200903,24.57143
dnk,20200904,25
dnk,20200905,27.14286
dnk,20200906,30
dnk,20200907,32.42857
dnk,20200908,36
dnk,20200909,41.28571
dnk,20200910,47.85714
dnk,20200911,54.28571
dnk,20200912,59.71429
dnk,20200913,64.57143
dnk,20200914,70.14286
dnk,20200915,76
dnk,20200916,81.57143
dnk,20200917,85.28571
dnk,20200918,88.85714
dnk,20200919,92.85714
dnk,20200920,98
dnk,20200921,103.28571
dnk,20200922,107.71429
dnk,20200923,111.71429
dnk,20200924,118
dnk,20200925,124.71429
dnk,20200926,128.71429
dnk,20200927,131.57143
dnk,20200928,133.57143
dnk,20200929,135.42857
dnk,20200930,136
dnk,20201001,134.14286
dnk,20201002,131.71429
dnk,20201003,130.85714
dnk,20201004,129.85714
dnk,20201005,130
dnk,20201006,129.57143
dnk,20201007,129.42857
dnk,20201008,127.71429
dnk,20201009,125.14286
dnk,20201010,123.14286
dnk,20201011,120.28571
dnk,20201012,115.28571
dnk,20201013,111.85714
dnk,20201014,109.42857
dnk,20201015,110.71429
dnk,20201016,113.28571
dnk,20201017,115.57143
dnk,20201018,120.14286
dnk,20201019,125.57143
dnk,20201020,130.28571
dnk,20201021,135.14286
dnk,20201022,137.85714
dnk,20201023,141
dnk,20201024,145
dnk,20201025,147.85714
dnk,20201026,151.71429
dnk,20201027,157.42857
dnk,20201028,163.14286
dnk,20201029,172
dnk,20201030,181
dnk,20201031,191.57143
dnk,20201101,203.28571
dnk,20201102,215.28571
dnk,20201103,226.14286
dnk,20201104,239.42857
dnk,20201105,251.28571
dnk,20201106,261.85714
dnk,20201107,268.14286
dnk,20201108,273.28571
dnk,20201109,279.42857
dnk,20201110,284
dnk,20201111,284.57143
dnk,20201112,281.85714
dnk,20201113,280.28571
dnk,20201114,281.14286
dnk,20201115,280.85714
dnk,20201116,277.57143
dnk,20201117,278.28571
dnk,20201118,279.85714
dnk,20201119,284.71429
dnk,20201120,288.85714
dnk,20201121,291.85714
dnk,20201122,296.71429
dnk,20201123,301.71429
dnk,20201124,300.28571
dnk,20201125,299.14286
dnk,20201126,297.14286
dnk,20201127,293.28571
dnk,20201128,289.85714
dnk,20201129,284.71429
dnk,20201130,279.71429
dnk,20201201,279.14286
dnk,20201202,278.57143
dnk,20201203,279.14286
dnk,20201204,284.85714
dnk,20201205,295.85714
dnk,20201206,312.57143
dnk,20201207,336.42857
dnk,20201208,360.57143
dnk,20201209,388
dnk,20201210,420.14286
dnk,20201211,454.28571
dnk,20201212,485.42857
dnk,20201213,516.42857
dnk,20201214,545.85714
dnk,20201215,585.71429
dnk,20201216,631.14286
dnk,20201217,677
dnk,20201218,724.85714
dnk,20201219,780.28571
dnk,20201220,834.42857
dnk,20201221,891.28571
dnk,20201222,936.14286
dnk,20201223,973.85714
dnk,20201224,1001.28571
dnk,20201225,1024
dnk,20201226,1035.71429
dnk,20201227,1045.28571
dnk,20201228,1050.85714
dnk,20201229,1055.57143
dnk,20201230,1054.57143
dnk,20201231,1057.14286
dnk,20210101,1054.14286
dnk,20210102,1051.28571
dnk,20210103,1043.71429
dnk,20210104,1024.85714
dnk,20210105,1001.28571
dnk,20210106,982.42857
dnk,20210107,966.14286
dnk,20210108,948.28571
dnk,20210109,928
dnk,20210110,909.85714
dnk,20210111,894.28571
dnk,20210112,883.14286
dnk,20210113,867
dnk,20210114,841
dnk,20210115,816.85714
dnk,20210116,791.14286
dnk,20210117,762.85714
dnk,20210118,740.14286
dnk,20210119,719.71429
dnk,20210120,697.71429
dnk,20210121,683.14286
dnk,20210122,668
dnk,20210123,655
dnk,20210124,642.85714
dnk,20210125,622.14286
dnk,20210126,592
dnk,20210127,566.14286
dnk,20210128,534.71429
dnk,20210129,501.85714
dnk,20210130,467.71429
dnk,20210131,433.57143
dnk,20210201,403.57143
dnk,20210202,380
dnk,20210203,353.71429
dnk,20210204,330.28571
dnk,20210205,310.14286
dnk,20210206,292.85714
dnk,20210207,277
dnk,20210208,263.14286
dnk,20210209,251.42857
dnk,20210210,244.57143
dnk,20210211,239.28571
dnk,20210212,232.28571
dnk,20210213,228.42857
dnk,20210214,224.57143
dnk,20210215,221.42857
dnk,20210216,215
dnk,20210217,205.85714
dnk,20210218,199
dnk,20210219,196.57143
dnk,20210220,191
dnk,20210221,187
dnk,20210222,184.42857
dnk,20210223,185.57143
dnk,20210224,190.14286
dnk,20210225,193.28571
dnk,20210226,194
dnk,20210227,196.42857
dnk,20210228,198.85714
dnk,20210301,199.85714
dnk,20210302,201.57143
dnk,20210303,201.28571
dnk,20210304,200.71429
dnk,20210305,200.57143
dnk,20210306,202.28571
dnk,20210307,204.42857
dnk,20210308,207.85714
dnk,20210309,209.42857
dnk,20210310,211.57143
dnk,20210311,214.28571
dnk,20210312,217
dnk,20210313,215.71429
dnk,20210314,213.71429
dnk,20210315,211.85714
dnk,20210316,210.42857
dnk,20210317,208.42857
dnk,20210318,206
dnk,20210319,204
dnk,20210320,202.57143
dnk,20210321,202.28571
dnk,20210322,203.85714
dnk,20210323,203.57143
dnk,20210324,204.28571
dnk,20210325,207.14286
dnk,20210326,211.71429
dnk,20210327,219.71429
dnk,20210328,226.85714
dnk,20210329,232.42857
dnk,20210330,241.14286
dnk,20210331,251.28571
dnk,20210401,258.57143
dnk,20210402,264.57143
dnk,20210403,267.14286
dnk,20210404,268.85714
dnk,20210405,266.42857
dnk,20210406,263.85714
dnk,20210407,257.14286
dnk,20210408,251.14286
dnk,20210409,244.28571
dnk,20210410,238.14286
dnk,20210411,232.14286
dnk,20210412,230.71429
dnk,20210413,226
dnk,20210414,222.85714
dnk,20210415,220.14286
dnk,20210416,217.14286
dnk,20210417,215.57143
dnk,20210418,216.28571
dnk,20210419,217.14286
dnk,20210420,220.85714
dnk,20210421,225.57143
dnk,20210422,229.14286
dnk,20210423,233.85714
dnk,20210424,237
dnk,20210425,235.28571
dnk,20210426,230
dnk,20210427,224.57143
dnk,20210428,219
dnk,20210429,216
dnk,20210430,211.14286
dnk,20210501,206
dnk,20210502,205.85714
dnk,20210503,208.28571
dnk,20210504,208
dnk,20210505,206
dnk,20210506,200.57143
dnk,20210507,199.28571
dnk,20210508,200.28571
dnk,20210509,199.28571
dnk,20210510,200.71429
dnk,20210511,203.42857
dnk,20210512,209.85714
dnk,20210513,219.85714
dnk,20210514,227.85714
dnk,20210515,233.85714
dnk,20210516,240.57143
dnk,20210517,241.57143
dnk,20210518,243.57143
dnk,20210519,243.14286
dnk,20210520,238.71429
dnk,20210521,233.28571
dnk,20210522,227.14286
dnk,20210523,220
dnk,20210524,215.28571
dnk,20210525,211.14286
dnk,20210526,206.14286
dnk,20210527,205.57143
dnk,20210528,204
dnk,20210529,204.14286
dnk,20210530,203.57143
dnk,20210531,205.57143
dnk,20210601,206.57143
dnk,20210602,207.71429
dnk,20210603,205.14286
dnk,20210604,202.28571
dnk,20210605,197.42857
dnk,20210606,192.85714
dnk,20210607,184.71429
dnk,20210608,174.71429
dnk,20210609,166.28571
dnk,20210610,158.14286
dnk,20210611,150.42857
dnk,20210612,143.71429
dnk,20210613,138.57143
dnk,20210614,133.85714
dnk,20210615,130.71429
dnk,20210616,124.14286
dnk,20210617,117.42857
dnk,20210618,111.42857
dnk,20210619,106.28571
dnk,20210620,99.42857
dnk,20210621,92
dnk,20210622,84.28571
dnk,20210623,79.14286
dnk,20210624,75.57143
dnk,20210625,71.85714
dnk,20210626,67
dnk,20210627,62.14286
dnk,20210628,58.57143
dnk,20210629,55.14286
dnk,20210630,51.57143
dnk,20210701,48.28571
dnk,20210702,45.42857
dnk,20210703,43
dnk,20210704,41.57143
dnk,20210705,41.57143
dnk,20210706,42.71429
dnk,20210707,44.14286
dnk,20210708,45.28571
dnk,20210709,46.71429
dnk,20210710,49.28571
dnk,20210711,53
dnk,20210712,56.42857
dnk,20210713,61
dnk,20210714,66.57143
dnk,20210715,72.57143
dnk,20210716,79.57143
dnk,20210717,86
dnk,20210718,91.14286
dnk,20210719,96
dnk,20210720,98.42857
dnk,20210721,99.71429
dnk,20210722,100.14286
dnk,20210723,99.14286
dnk,20210724,97.85714
dnk,20210725,97.57143
dnk,20210726,96.71429
dnk,20210727,98
dnk,20210728,99.71429
dnk,20210729,102.14286
dnk,20210730,106
dnk,20210731,110.28571
dnk,20210801,112.71429
dnk,20210802,114.57143
dnk,20210803,114.14286
dnk,20210804,112.85714
dnk,20210805,112.28571
dnk,20210806,110.14286
dnk,20210807,109.42857
dnk,20210808,110.42857
dnk,20210809,114.14286
dnk,20210810,120.28571
dnk,20210811,129.71429
dnk,20210812,138
dnk,20210813,147.28571
dnk,20210814,155.28571
dnk,20210815,164.71429
dnk,20210816,172.71429
dnk,20210817,178.85714
dnk,20210818,182.71429
dnk,20210819,187.42857
dnk,20210820,192.57143
dnk,20210821,199.28571
dnk,20210822,204.28571
dnk,20210823,208
dnk,20210824,213
dnk,20210825,217.28571
dnk,20210826,220.14286
dnk,20210827,223.14286
dnk,20210828,222.42857
dnk,20210829,219
dnk,20210830,218.14286
dnk,20210831,215.57143
dnk,20210901,212.85714
dnk,20210902,210.71429
dnk,20210903,204.71429
dnk,20210904,200.28571
dnk,20210905,198.71429
dnk,20210906,194
dnk,20210907,190.14286
dnk,20210908,185.85714
dnk,20210909,181.42857
dnk,20210910,180
dnk,20210911,176.57143
dnk,20210912,171.85714
dnk,20210913,167.42857
dnk,20210914,160
dnk,20210915,152.14286
dnk,20210916,142.85714
dnk,20210917,132
dnk,20210918,123
dnk,20210919,113.57143
dnk,20210920,104.28571
dnk,20210921,98.28571
dnk,20210922,93.14286
dnk,20210923,88.85714
dnk,20210924,86
dnk,20210925,83.85714
dnk,20210926,84.28571
dnk,20210927,85
dnk,20210928,84.71429
dnk,20210929,85.71429
dnk,20210930,87.85714
dnk,20211001,91
dnk,20211002,92.85714
dnk,20211003,91.71429
dnk,20211004,92
dnk,20211005,94.71429
dnk,20211006,97.14286
dnk,20211007,98.71429
dnk,20211008,97.85714
dnk,20211009,99.28571
dnk,20211010,103.28571
dnk,20211011,106.28571
dnk,20211012,106.28571
dnk,20211013,107.85714
dnk,20211014,111.85714
dnk,20211015,120
dnk,20211016,127.71429
dnk,20211017,135.14286
dnk,20211018,145.28571
dnk,20211019,157.71429
dnk,20211020,168.14286
dnk,20211021,178.14286
dnk,20211022,186.71429
dnk,20211023,195.85714
dnk,20211024,207.85714
dnk,20211025,217.42857
dnk,20211026,228
dnk,20211027,240.57143
dnk,20211028,252.57143
dnk,20211029,264
dnk,20211030,275
dnk,20211031,282.57143
dnk,20211101,293.85714
dnk,20211102,305.85714
dnk,20211103,315.57143
dnk,20211104,327.28571
dnk,20211105,338
dnk,20211106,347.57143
dnk,20211107,358.42857
dnk,20211108,365.42857
dnk,20211109,368.85714
dnk,20211110,375
dnk,20211111,378.85714
dnk,20211112,387.14286
dnk,20211113,398.28571
dnk,20211114,409.57143
dnk,20211115,424.57143
dnk,20211116,444.85714
dnk,20211117,463.85714
dnk,20211118,483.85714
dnk,20211119,499.71429
dnk,20211120,515.57143
dnk,20211121,530.42857
dnk,20211122,541.42857
dnk,20211123,547.57143
dnk,20211124,551.57143
dnk,20211125,554.57143
dnk,20211126,559
dnk,20211127,559.28571
dnk,20211128,559.85714
dnk,20211129,559.71429
dnk,20211130,561.85714
dnk,20211201,566.28571
dnk,20211202,570.42857
dnk,20211203,574.85714
dnk,20211204,583.14286
dnk,20211205,591
dnk,20211206,604
dnk,20211207,614.85714
dnk,20211208,627.14286
dnk,20211209,638.71429
dnk,20211210,650.71429
dnk,20211211,658.42857
dnk,20211212,667.85714
dnk,20211213,674.42857
dnk,20211214,682.85714
dnk,20211215,693.42857
dnk,20211216,708.42857
dnk,20211217,722.57143
dnk,20211218,742.14286
dnk,20211219,759.85714
dnk,20211220,776.14286
dnk,20211221,794.28571
dnk,20211222,808.42857
dnk,20211223,822.14286
dnk,20211224,829.14286
dnk,20211225,834.71429
dnk,20211226,842.14286
dnk,20211227,857.71429
dnk,20211228,875.42857
dnk,20211229,897.85714
dnk,20211230,921
dnk,20211231,953.85714
dnk,20220101,991.85714
dnk,20220102,1037.42857
dnk,20220103,1081.28571
dnk,20220104,1121.42857
dnk,20220105,1152.42857
dnk,20220106,1179.71429
dnk,20220107,1206.42857
dnk,20220108,1219.42857
dnk,20220109,1219.71429
dnk,20220110,1209.57143
dnk,20220111,1200.71429
dnk,20220112,1200.28571
dnk,20220113,1204.42857
dnk,20220114,1210.57143
dnk,20220115,1228.57143
dnk,20220116,1256.42857
dnk,20220117,1297.57143
dnk,20220118,1341.57143
dnk,20220119,1385
dnk,20220120,1425.14286
dnk,20220121,1466.14286
dnk,20220122,1508.71429
dnk,20220123,1550.42857
dnk,20220124,1588.85714
dnk,20220125,1628.71429
dnk,20220126,1674.28571
dnk,20220127,1729.57143
dnk,20220128,1782.71429
dnk,20220129,1831.57143
dnk,20220130,1875
dnk,20220131,1918.14286
dnk,20220201,1959.85714
dnk,20220202,2001.57143
dnk,20220203,2037.85714
dnk,20220204,2084.14286
dnk,20220205,2136
dnk,20220206,2196.85714
dnk,20220207,2267.42857
dnk,20220208,2341.85714
dnk,20220209,2417.14286
dnk,20220210,2494
dnk,20220211,2562.28571
dnk,20220212,2622.14286
dnk,20220213,2678.57143
dnk,20220214,2723.28571
dnk,20220215,2762.14286
dnk,20220216,2791.42857
dnk,20220217,2820.71429
dnk,20220218,2841.71429
dnk,20220219,2863.85714
dnk,20220220,2878.57143
dnk,20220221,2891.14286
dnk,20220222,2893.85714
dnk,20220223,2886.28571
dnk,20220224,2860.71429
dnk,20220225,2831.71429
dnk,20220226,2792.85714
dnk,20220227,2743.42857
dnk,20220228,2681.42857
dnk,20220301,2615.85714
dnk,20220302,2546.14286
dnk,20220303,2474.57143
dnk,20220304,2408.85714
dnk,20220305,2347.71429
dnk,20220306,2294.71429
dnk,20220307,2239
dnk,20220308,2184.71429
dnk,20220309,2140.71429
dnk,20220310,2099.42857
dnk,20220311,2043.14286
dnk,20220312,1988.57143
dnk,20220313,1930
dnk,20220314,1881.28571
dnk,20220315,1834.85714
dnk,20220316,1783.14286
dnk,20220317,1737
dnk,20220318,1696.57143
dnk,20220319,1654.28571
dnk,20220320,1614.14286
dnk,20220321,1567.71429
dnk,20220322,1519.28571
dnk,20220323,1479.85714
dnk,20220324,1435.71429
dnk,20220325,1396.71429
dnk,20220326,1353.85714
dnk,20220327,1311.42857
dnk,20220328,1273.85714
dnk,20220329,1238.57143
dnk,20220330,1190.42857
dnk,20220331,1148.42857
dnk,20220401,1106.85714
dnk,20220402,1071.42857
dnk,20220403,1039.71429
dnk,20220404,1009.71429
dnk,20220405,982.28571
dnk,20220406,964.71429
dnk,20220407,945.14286
dnk,20220408,926.14286
dnk,20220409,908.85714
dnk,20220410,890.85714
dnk,20220411,871.28571
dnk,20220412,849.57143
dnk,20220413,826.85714
dnk,20220414,804.14286
dnk,20220415,780.42857
dnk,20220416,755
dnk,20220417,731.57143
dnk,20220418,708.57143
dnk,20220419,689.57143
dnk,20220420,671.42857
dnk,20220421,658.57143
dnk,20220422,649.42857
dnk,20220423,638.42857
dnk,20220424,624.71429
dnk,20220425,615.57143
dnk,20220426,605.71429
dnk,20220427,592.57143
dnk,20220428,574.85714
dnk,20220429,554
dnk,20220430,536.14286
dnk,20220501,517.85714
dnk,20220502,495.71429
dnk,20220503,471.28571
dnk,20220504,451.57143
dnk,20220505,433
dnk,20220506,417.57143
dnk,20220507,401.14286
dnk,20220508,388.28571
dnk,20220509,378.57143
dnk,20220510,371.28571
dnk,20220511,361.57143
dnk,20220512,353.14286
dnk,20220513,341.85714
dnk,20220514,330.85714
dnk,20220515,318.14286
dnk,20220516,306.14286
dnk,20220517,293.14286
dnk,20220518,282.85714
dnk,20220519,274.28571
dnk,20220520,267.71429
dnk,20220521,264.14286
dnk,20220522,260
dnk,20220523,254.42857
dnk,20220524,249.71429
esp,20200807,2768
esp,20200808,2799
esp,20200809,2825.66667
esp,20200810,2877.5
esp,20200811,2944.4
esp,20200812,3010.16667
esp,20200813,3081.28571
esp,20200814,3213
esp,20200815,3360.42857
esp,20200816,3520.85714
esp,20200817,3678.14286
esp,20200818,3833
esp,20200819,3993.14286
esp,20200820,4150.57143
esp,20200821,4302.71429
esp,20200822,4449.85714
esp,20200823,4590.57143
esp,20200824,4740.71429
esp,20200825,4895.42857
esp,20200826,5041.85714
esp,20200827,5191.71429
esp,20200828,5347.71429
esp,20200829,5512.71429
esp,20200830,5674.85714
esp,20200831,5803.57143
esp,20200901,5911
esp,20200902,6023.71429
esp,20200903,6120.85714
esp,20200904,6194.14286
esp,20200905,6236.57143
esp,20200906,6276.42857
esp,20200907,6334.14286
esp,20200908,6393.57143
esp,20200909,6444.28571
esp,20200910,6494.57143
esp,20200911,6568.14286
esp,20200912,6672.28571
esp,20200913,6792.85714
esp,20200914,6930
esp,20200915,7087.71429
esp,20200916,7251.57143
esp,20200917,7431.71429
esp,20200918,7606.28571
esp,20200919,7770.57143
esp,20200920,7905.71429
esp,20200921,8017.28571
esp,20200922,8104.71429
esp,20200923,8177.85714
esp,20200924,8231.28571
esp,20200925,8247.42857
esp,20200926,8228.28571
esp,20200927,8208
esp,20200928,8172.42857
esp,20200929,8118
esp,20200930,8049.42857
esp,20201001,7952.71429
esp,20201002,7866.85714
esp,20201003,7790.57143
esp,20201004,7709.42857
esp,20201005,7634.14286
esp,20201006,7578.14286
esp,20201007,7531.42857
esp,20201008,7520.42857
esp,20201009,7533.71429
esp,20201010,7576.57143
esp,20201011,7678.28571
esp,20201012,7782.71429
esp,20201013,7898
esp,20201014,8041.71429
esp,20201015,8194.42857
esp,20201016,8353
esp,20201017,8512.71429
esp,20201018,8632.42857
esp,20201019,8825
esp,20201020,9056.85714
esp,20201021,9320.14286
esp,20201022,9633.42857
esp,20201023,9977.71429
esp,20201024,10357.71429
esp,20201025,10766.14286
esp,20201026,11153.85714
esp,20201027,11539.85714
esp,20201028,11920.42857
esp,20201029,12262.14286
esp,20201030,12596.42857
esp,20201031,12920.57143
esp,20201101,13254.14286
esp,20201102,13532.57143
esp,20201103,13780
esp,20201104,13985
esp,20201105,14146.28571
esp,20201106,14253.42857
esp,20201107,14296.14286
esp,20201108,14266.57143
esp,20201109,14257.57143
esp,20201110,14218.14286
esp,20201111,14137.71429
esp,20201112,14051.42857
esp,20201113,13934.85714
esp,20201114,13805.42857
esp,20201115,13664.71429
esp,20201116,13478.57143
esp,20201117,13242
esp,20201118,12972
esp,20201119,12661
esp,20201120,12321.71429
esp,20201121,11948.57143
esp,20201122,11565.57143
esp,20201123,11140.85714
esp,20201124,10709.71429
esp,20201125,10301
esp,20201126,9911.28571
esp,20201127,9550.85714
esp,20201128,9213.71429
esp,20201129,8898.28571
esp,20201130,8628.28571
esp,20201201,8403.71429
esp,20201202,8186.28571
esp,20201203,7972.57143
esp,20201204,7772
esp,20201205,7586.14286
esp,20201206,7422
esp,20201207,7237
esp,20201208,7016.14286
esp,20201209,6826
esp,20201210,6688.85714
esp,20201211,6582.14286
esp,20201212,6513.57143
esp,20201213,6445.71429
esp,20201214,6463.57143
esp,20201215,6586
esp,20201216,6720.57143
esp,20201217,6826.57143
esp,20201218,6929.14286
esp,20201219,7018.42857
esp,20201220,7120.85714
esp,20201221,7190.71429
esp,20201222,7215.71429
esp,20201223,7248.42857
esp,20201224,7306
esp,20201225,7330.71429
esp,20201226,7328.57143
esp,20201227,7339
esp,20201228,7351.28571
esp,20201229,7382.57143
esp,20201230,7403.85714
esp,20201231,7422
esp,20210101,7488.14286
esp,20210102,7607.57143
esp,20210103,7732.71429
esp,20210104,7905.42857
esp,20210105,8097.71429
esp,20210106,8324.71429
esp,20210107,8620.85714
esp,20210108,9014.85714
esp,20210109,9484
esp,20210110,9984
esp,20210111,10503.28571
esp,20210112,11071.42857
esp,20210113,11735.85714
esp,20210114,12431
esp,20210115,13125.85714
esp,20210116,13838.57143
esp,20210117,14590
esp,20210118,15397.71429
esp,20210119,16265.28571
esp,20210120,17130
esp,20210121,17997.85714
esp,20210122,18852.71429
esp,20210123,19687.85714
esp,20210124,20464.42857
esp,20210125,21149.85714
esp,20210126,21678.28571
esp,20210127,22037.71429
esp,20210128,22238.57143
esp,20210129,22286.57143
esp,20210130,22180.71429
esp,20210131,21979.57143
esp,20210201,21632.42857
esp,20210202,21204
esp,20210203,20694.85714
esp,20210204,20140
esp,20210205,19516.71429
esp,20210206,18838.14286
esp,20210207,18109.57143
esp,20210208,17398.14286
esp,20210209,16662.85714
esp,20210210,15945.14286
esp,20210211,15191.14286
esp,20210212,14454.28571
esp,20210213,13730
esp,20210214,13038.28571
esp,20210215,12340.28571
esp,20210216,11663.28571
esp,20210217,11014.71429
esp,20210218,10430.85714
esp,20210219,9877
esp,20210220,9351.71429
esp,20210221,8872.14286
esp,20210222,8446.28571
esp,20210223,8062
esp,20210224,7711.71429
esp,20210225,7395.57143
esp,20210226,7133.85714
esp,20210227,6933.14286
esp,20210228,6750.14286
esp,20210301,6571.85714
esp,20210302,6429.28571
esp,20210303,6300
esp,20210304,6180.57143
esp,20210305,6046.28571
esp,20210306,5885.57143
esp,20210307,5724.57143
esp,20210308,5591.71429
esp,20210309,5457.14286
esp,20210310,5330.28571
esp,20210311,5209.71429
esp,20210312,5125.14286
esp,20210313,5083.85714
esp,20210314,5043.85714
esp,20210315,5009.57143
esp,20210316,4984.57143
esp,20210317,4981.14286
esp,20210318,4983.28571
esp,20210319,4959.42857
esp,20210320,4906.71429
esp,20210321,4860.57143
esp,20210322,4825.28571
esp,20210323,4794.28571
esp,20210324,4759
esp,20210325,4745
esp,20210326,4767.28571
esp,20210327,4824.57143
esp,20210328,4894.28571
esp,20210329,4970
esp,20210330,5068.85714
esp,20210331,5186.57143
esp,20210401,5298.57143
esp,20210402,5401.71429
esp,20210403,5491
esp,20210404,5604.57143
esp,20210405,5712.85714
esp,20210406,5821.57143
esp,20210407,5920.14286
esp,20210408,6028.85714
esp,20210409,6157
esp,20210410,6314.85714
esp,20210411,6429.71429
esp,20210412,6559.14286
esp,20210413,6658.28571
esp,20210414,6752.71429
esp,20210415,6828.28571
esp,20210416,6895.14286
esp,20210417,6942.57143
esp,20210418,7001.42857
esp,20210419,7029.14286
esp,20210420,7075.28571
esp,20210421,7111.28571
esp,20210422,7151.71429
esp,20210423,7151
esp,20210424,7114.42857
esp,20210425,7065.57143
esp,20210426,7023.14286
esp,20210427,6956.14286
esp,20210428,6871.71429
esp,20210429,6765.85714
esp,20210430,6675
esp,20210501,6599.57143
esp,20210502,6526.42857
esp,20210503,6405.14286
esp,20210504,6279.28571
esp,20210505,6162.42857
esp,20210506,6040.57143
esp,20210507,5905.42857
esp,20210508,5755.85714
esp,20210509,5593.85714
esp,20210510,5469.14286
esp,20210511,5329.42857
esp,20210512,5175.57143
esp,20210513,5018.57143
esp,20210514,4864.85714
esp,20210515,4723.42857
esp,20210516,4585.85714
esp,20210517,4438.42857
esp,20210518,4310
esp,20210519,4188.28571
esp,20210520,4070
esp,20210521,3949
esp,20210522,3816
esp,20210523,3686.57143
esp,20210524,3572.28571
esp,20210525,3460.28571
esp,20210526,3364.85714
esp,20210527,3283
esp,20210528,3218.14286
esp,20210529,3172.42857
esp,20210530,3141.14286
esp,20210531,3107.42857
esp,20210601,3079.71429
esp,20210602,3041
esp,20210603,2998.57143
esp,20210604,2949.28571
esp,20210605,2893.14286
esp,20210606,2829.71429
esp,20210607,2767.57143
esp,20210608,2704.28571
esp,20210609,2647.28571
esp,20210610,2594.57143
esp,20210611,2543.85714
esp,20210612,2490.28571
esp,20210613,2434
esp,20210614,2374.71429
esp,20210615,2311.42857
esp,20210616,2247
esp,20210617,2182.14286
esp,20210618,2116.57143
esp,20210619,2057.57143
esp,20210620,1998.42857
esp,20210621,1942
esp,20210622,1888
esp,20210623,1837.85714
esp,20210624,1788.57143
esp,20210625,1752.28571
esp,20210626,1725.85714
esp,20210627,1710.57143
esp,20210628,1701.57143
esp,20210629,1706.71429
esp,20210630,1717.42857
esp,20210701,1748.28571
esp,20210702,1780.42857
esp,20210703,1812.42857
esp,20210704,1859.42857
esp,20210705,1930.28571
esp,20210706,2013.42857
esp,20210707,2120.71429
esp,20210708,2240.71429
esp,20210709,2391.42857
esp,20210710,2572.42857
esp,20210711,2771.42857
esp,20210712,2993.71429
esp,20210713,3248.28571
esp,20210714,3524.28571
esp,20210715,3825.57143
esp,20210716,4142.85714
esp,20210717,4477.57143
esp,20210718,4826.14286
esp,20210719,5187
esp,20210720,5565.42857
esp,20210721,5965
esp,20210722,6357.42857
esp,20210723,6744.14286
esp,20210724,7124.85714
esp,20210725,7480
esp,20210726,7792.57143
esp,20210727,8040.28571
esp,20210728,8226.85714
esp,20210729,8366.85714
esp,20210730,8456.14286
esp,20210731,8488.57143
esp,20210801,8483.71429
esp,20210802,8445.28571
esp,20210803,8399.57143
esp,20210804,8321.42857
esp,20210805,8227.14286
esp,20210806,8118.42857
esp,20210807,8010
esp,20210808,7898
esp,20210809,7792.28571
esp,20210810,7664.28571
esp,20210811,7534.71429
esp,20210812,7405.85714
esp,20210813,7277.28571
esp,20210814,7142.28571
esp,20210815,7009.85714
esp,20210816,6851.42857
esp,20210817,6686
esp,20210818,6523.42857
esp,20210819,6351.28571
esp,20210820,6173.42857
esp,20210821,5989.28571
esp,20210822,5796.42857
esp,20210823,5630.85714
esp,20210824,5478.57143
esp,20210825,5342
esp,20210826,5213.71429
esp,20210827,5098.85714
esp,20210828,4992.57143
esp,20210829,4889.42857
esp,20210830,4777
esp,20210831,4665
esp,20210901,4538.42857
esp,20210902,4407.42857
esp,20210903,4252
esp,20210904,4079.28571
esp,20210905,3908
esp,20210906,3739.42857
esp,20210907,3572
esp,20210908,3409.28571
esp,20210909,3248.42857
esp,20210910,3105.71429
esp,20210911,2978.42857
esp,20210912,2855.57143
esp,20210913,2728.28571
esp,20210914,2599
esp,20210915,2475.42857
esp,20210916,2365.71429
esp,20210917,2271.42857
esp,20210918,2190.85714
esp,20210919,2110.28571
esp,20210920,2039.85714
esp,20210921,1983.85714
esp,20210922,1931.14286
esp,20210923,1879.28571
esp,20210924,1820.14286
esp,20210925,1757.57143
esp,20210926,1705.14286
esp,20210927,1663.57143
esp,20210928,1622.28571
esp,20210929,1584.28571
esp,20210930,1542.42857
esp,20211001,1504.85714
esp,20211002,1469.85714
esp,20211003,1434.85714
esp,20211004,1392.42857
esp,20211005,1352.57143
esp,20211006,1316.57143
esp,20211007,1287.71429
esp,20211008,1257.28571
esp,20211009,1224.85714
esp,20211010,1192.42857
esp,20211011,1162.57143
esp,20211012,1132.42857
esp,20211013,1103.14286
esp,20211014,1076.14286
esp,20211015,1057.14286
esp,20211016,1044.42857
esp,20211017,1036.42857
esp,20211018,1041.14286
esp,20211019,1055.28571
esp,20211020,1071.42857
esp,20211021,1092.57143
esp,20211022,1116.42857
esp,20211023,1145.71429
esp,20211024,1175.57143
esp,20211025,1196.28571
esp,20211026,1208.28571
esp,20211027,1218.42857
esp,20211028,1220.57143
esp,20211029,1216.28571
esp,20211030,1204.28571
esp,20211031,1190.85714
esp,20211101,1176.42857
esp,20211102,1169.85714
esp,20211103,1169.42857
esp,20211104,1180
esp,20211105,1197.85714
esp,20211106,1222.57143
esp,20211107,1246
esp,20211108,1278.14286
esp,20211109,1305.42857
esp,20211110,1333.14286
esp,20211111,1353
esp,20211112,1371
esp,20211113,1388.85714
esp,20211114,1422.28571
esp,20211115,1456.28571
esp,20211116,1503.14286
esp,20211117,1549
esp,20211118,1611.14286
esp,20211119,1687.14286
esp,20211120,1774.14286
esp,20211121,1860.71429
esp,20211122,1965.14286
esp,20211123,2080.14286
esp,20211124,2212.14286
esp,20211125,2340.71429
esp,20211126,2463.57143
esp,20211127,2582.71429
esp,20211128,2691.28571
esp,20211129,2779.28571
esp,20211130,2852.71429
esp,20211201,2914.14286
esp,20211202,2974.57143
esp,20211203,3037
esp,20211204,3099.57143
esp,20211205,3172
esp,20211206,3250.28571
esp,20211207,3321.14286
esp,20211208,3392.28571
esp,20211209,3476.28571
esp,20211210,3568.57143
esp,20211211,3670.57143
esp,20211212,3781
esp,20211213,3906.71429
esp,20211214,4062.14286
esp,20211215,4234
esp,20211216,4393.71429
esp,20211217,4543.42857
esp,20211218,4682.85714
esp,20211219,4822.28571
esp,20211220,4962.85714
esp,20211221,5107.85714
esp,20211222,5265
esp,20211223,5456.42857
esp,20211224,5682.57143
esp,20211225,5944.42857
esp,20211226,6244.14286
esp,20211227,6580.57143
esp,20211228,6961.57143
esp,20211229,7379.57143
esp,20211230,7820.42857
esp,20211231,8282.85714
esp,20220101,8766.85714
esp,20220102,9213.28571
esp,20220103,9670.57143
esp,20220104,10110.71429
esp,20220105,10542.57143
esp,20220106,10940.42857
esp,20220107,11306
esp,20220108,11632.85714
esp,20220109,12002.85714
esp,20220110,12329.14286
esp,20220111,12629.85714
esp,20220112,12900.42857
esp,20220113,13184.71429
esp,20220114,13478.57143
esp,20220115,13787.42857
esp,20220116,14037.85714
esp,20220117,14281
esp,20220118,14487
esp,20220119,14662
esp,20220120,14765.85714
esp,20220121,14815.42857
esp,20220122,14811.71429
esp,20220123,14800.14286
esp,20220124,14739.42857
esp,20220125,14638.14286
esp,20220126,14489.85714
esp,20220127,14351.42857
esp,20220128,14202.57143
esp,20220129,14041.28571
esp,20220130,13849.57143
esp,20220131,13639.42857
esp,20220201,13421.71429
esp,20220202,13185
esp,20220203,12904.14286
esp,20220204,12581.71429
esp,20220205,12222.28571
esp,20220206,11833.28571
esp,20220207,11437.14286
esp,20220208,11035.57143
esp,20220209,10627.57143
esp,20220210,10217.71429
esp,20220211,9818.71429
esp,20220212,9427.14286
esp,20220213,9046.28571
esp,20220214,8659.85714
esp,20220215,8282.42857
esp,20220216,7933
esp,20220217,7598.57143
esp,20220218,7266.42857
esp,20220219,6937.71429
esp,20220220,6626
esp,20220221,6331.42857
esp,20220222,6036.71429
esp,20220223,5747.85714
esp,20220224,5466.14286
esp,20220225,5200.28571
esp,20220226,4949.71429
esp,20220227,4706.42857
esp,20220228,4486.85714
esp,20220301,4287.14286
esp,20220302,4105.14286
esp,20220303,3949
esp,20220304,3818
esp,20220305,3714.42857
esp,20220306,3629.71429
esp,20220307,3553.57143
esp,20220308,3495.71429
esp,20220309,3440.14286
esp,20220310,3386.42857
esp,20220311,3331.71429
esp,20220312,3272.71429
esp,20220313,3226.85714
esp,20220314,3188.85714
esp,20220315,3164.14286
esp,20220316,3161.57143
esp,20220317,3170.71429
esp,20220318,3187.57143
esp,20220319,3213.28571
esp,20220320,3233.57143
esp,20220321,3247.71429
esp,20220322,3252.14286
esp,20220323,3249.85714
esp,20220324,3248.42857
esp,20220325,3250.28571
esp,20220326,3253.71429
esp,20220327,3246.85714
esp,20220328,3245
esp,20220329,3249.85714
esp,20220330,3249.71429
esp,20220331,3242.28571
esp,20220401,3231.14286
esp,20220402,3216.85714
esp,20220403,3213.14286
esp,20220404,3211.42857
esp,20220405,3198.14286
esp,20220406,3186.42857
esp,20220407,3187.14286
esp,20220408,3199
esp,20220409,3223.71429
esp,20220410,3277.71429
esp,20220411,3357
esp,20220412,3464.85714
esp,20220413,3595.42857
esp,20220414,3731.42857
esp,20220415,3869.57143
esp,20220416,3943.28571
esp,20220417,3982.14286
esp,20220418,4018.14286
esp,20220419,4059.42857
esp,20220420,4101.14286
esp,20220421,4142.42857
esp,20220422,4185.42857
esp,20220423,4359.57143
esp,20220424,4559.57143
esp,20220425,4740.42857
esp,20220426,4897.85714
esp,20220427,5042.57143
esp,20220428,5179.42857
esp,20220429,5309.57143
esp,20220430,5371
esp,20220501,5409.85714
esp,20220502,5468.14286
esp,20220503,5525.57143
esp,20220504,5582.14286
esp,20220505,5649.42857
esp,20220506,5726.85714
esp,20220507,5812.71429
esp,20220508,5933.28571
esp,20220509,6029
esp,20220510,6139.85714
esp,20220511,6255.42857
esp,20220512,6358
esp,20220513,6447.85714
esp,20220514,6523.42857
esp,20220515,6563
esp,20220516,6605.57143
esp,20220517,6619.14286
esp,20220518,6608.14286
esp,20220519,6586.57143
esp,20220520,6553.71429
esp,20220521,6510.71429
esp,20220522,6458.71429
esp,20220523,6388.42857
esp,20220524,6323.85714
esp,20220525,6252.14286
est,20200308,0
est,20200315,3.5
est,20200322,16
est,20200329,31.75
est,20200405,43.8
est,20200412,47.5
est,20200419,46
est,20200426,49.42857
est,20200503,51.57143
est,20200510,46.71429
est,20200517,37.71429
est,20200524,27
est,20200531,18.57143
est,20200607,13.85714
est,20200614,11.85714
est,20200621,9.28571
est,20200628,8.57143
est,20200705,6.42857
est,20200712,4.28571
est,20200719,3.28571
est,20200726,2.71429
est,20200802,2.14286
est,20200809,2
est,20200816,2
est,20200823,3
est,20200830,3.57143
est,20200906,4.28571
est,20200913,6.57143
est,20200920,9.14286
est,20200927,12.85714
est,20201004,16.42857
est,20201011,17.14286
est,20201018,19.71429
est,20201025,22.28571
est,20201101,24.14286
est,20201108,29
est,20201115,35.57143
est,20201122,51.71429
est,20201129,73.71429
est,20201206,95.57143
est,20201213,120.57143
est,20201220,149.57143
est,20201227,181
est,20210103,204.85714
est,20210110,223
est,20210117,241
est,20210124,255.57143
est,20210131,270.14286
est,20210207,277.14286
est,20210214,282.42857
est,20210221,294
est,20210228,315.85714
est,20210307,349.42857
est,20210314,385.28571
est,20210321,417.71429
est,20210328,456.57143
est,20210404,480
est,20210411,483.57143
est,20210418,463.57143
est,20210425,422.85714
est,20210502,375.71429
est,20210509,325
est,20210516,268
est,20210523,215.85714
est,20210530,176.14286
est,20210606,142.42857
est,20210613,113.71429
est,20210620,90
est,20210627,68
est,20210704,49
est,20210711,35.14286
est,20210718,26.85714
est,20210725,25.42857
est,20210801,24.85714
est,20210808,27.42857
est,20210815,35.42857
est,20210822,42.85714
est,20210829,56.57143
est,20210905,69.71429
est,20210912,83
est,20210919,97.42857
est,20210926,111.42857
est,20211003,129.28571
est,20211010,153.28571
est,20211017,185.42857
est,20211024,232.14286
est,20211031,277.71429
est,20211107,316
est,20211114,340.85714
est,20211121,345.85714
est,20211128,339.57143
est,20211205,310.57143
est,20211212,279.14286
est,20211219,238.42857
est,20211226,205.28571
est,20220102,186.85714
est,20220109,182.28571
est,20220116,191.71429
est,20220123,211.28571
est,20220130,226.71429
est,20220206,264.57143
est,20220213,312.71429
est,20220220,373.57143
est,20220227,422.28571
est,20220306,455
est,20220313,486.28571
est,20220320,488.85714
est,20220327,463.57143
est,20220403,424.71429
est,20220410,369.57143
est,20220417,309.42857
est,20220424,259.42857
est,20220501,208.85714
est,20220508,177.14286
est,20220515,153.14286
est,20220522,129.57143
fra,20200325,14396
fra,20200326,14830
fra,20200327,15575.66667
fra,20200328,16401.75
fra,20200329,17127.6
fra,20200330,17787.33333
fra,20200331,18476.85714
fra,20200401,19810.14286
fra,20200402,21126.28571
fra,20200403,22266
fra,20200404,23070.85714
fra,20200405,23603.57143
fra,20200406,23935
fra,20200407,23924
fra,20200408,23590.57143
fra,20200409,23028.14286
fra,20200410,22318
fra,20200411,21572.57143
fra,20200412,20900.14286
fra,20200413,20064.42857
fra,20200414,19165.42857
fra,20200415,18326.14286
fra,20200416,17479.57143
fra,20200417,16557.42857
fra,20200418,15678
fra,20200419,14719.28571
fra,20200420,14004
fra,20200421,13464.71429
fra,20200422,12915.14286
fra,20200423,12398.71429
fra,20200424,11907.28571
fra,20200425,11403.42857
fra,20200426,10955.14286
fra,20200427,10405.85714
fra,20200428,9787.42857
fra,20200429,9204.28571
fra,20200430,8665.71429
fra,20200501,8147.42857
fra,20200502,7632
fra,20200503,7155.57143
fra,20200504,6711.28571
fra,20200505,6299.85714
fra,20200506,5933
fra,20200507,5572.14286
fra,20200508,5285.57143
fra,20200509,5050.14286
fra,20200510,4821
fra,20200511,4607.42857
fra,20200512,4396.28571
fra,20200513,4177.57143
fra,20200514,3978
fra,20200515,3790.71429
fra,20200516,3642.42857
fra,20200517,3492.85714
fra,20200518,3345.85714
fra,20200519,3220.71429
fra,20200520,3121.14286
fra,20200521,3009.42857
fra,20200522,2883
fra,20200523,2727.71429
fra,20200524,2582.42857
fra,20200525,2453.57143
fra,20200526,2321.28571
fra,20200527,2181.85714
fra,20200528,2078.57143
fra,20200529,1999.14286
fra,20200530,1935.57143
fra,20200531,1869.42857
fra,20200601,1771.85714
fra,20200602,1688.42857
fra,20200603,1625
fra,20200604,1555.85714
fra,20200605,1481.85714
fra,20200606,1396.71429
fra,20200607,1313.57143
fra,20200608,1274.57143
fra,20200609,1239.71429
fra,20200610,1190.71429
fra,20200611,1142.57143
fra,20200612,1089.42857
fra,20200613,1037.57143
fra,20200614,990.14286
fra,20200615,930.28571
fra,20200616,875.28571
fra,20200617,835.42857
fra,20200618,802
fra,20200619,776.71429
fra,20200620,765.28571
fra,20200621,756.57143
fra,20200622,756.28571
fra,20200623,756
fra,20200624,755
fra,20200625,753.28571
fra,20200626,750.28571
fra,20200627,739.14286
fra,20200628,725.28571
fra,20200629,701.71429
fra,20200630,686.85714
fra,20200701,676
fra,20200702,662.42857
fra,20200703,658.42857
fra,20200704,658.28571
fra,20200705,655.42857
fra,20200706,657.71429
fra,20200707,651.42857
fra,20200708,640.57143
fra,20200709,632.14286
fra,20200710,619.85714
fra,20200711,610.14286
fra,20200712,604.42857
fra,20200713,595
fra,20200714,579.71429
fra,20200715,574.85714
fra,20200716,577.71429
fra,20200717,576.57143
fra,20200718,575.57143
fra,20200719,575.28571
fra,20200720,589.14286
fra,20200721,619.28571
fra,20200722,642.14286
fra,20200723,659.85714
fra,20200724,681
fra,20200725,703.14286
fra,20200726,723.85714
fra,20200727,732
fra,20200728,742.28571
fra,20200729,750.71429
fra,20200730,757.57143
fra,20200731,767.14286
fra,20200801,772.85714
fra,20200802,777
fra,20200803,787.28571
fra,20200804,783.85714
fra,20200805,785.14286
fra,20200806,791
fra,20200807,790.85714
fra,20200808,791.42857
fra,20200809,792
fra,20200810,794.57143
fra,20200811,809.28571
fra,20200812,822.14286
fra,20200813,840
fra,20200814,865.42857
fra,20200815,893.42857
fra,20200816,925.71429
fra,20200817,960.28571
fra,20200818,986.57143
fra,20200819,1014.71429
fra,20200820,1026.85714
fra,20200821,1039
fra,20200822,1053
fra,20200823,1063.71429
fra,20200824,1066.57143
fra,20200825,1081.71429
fra,20200826,1101.71429
fra,20200827,1140
fra,20200828,1177.42857
fra,20200829,1214
fra,20200830,1250.28571
fra,20200831,1289.71429
fra,20200901,1322.71429
fra,20200902,1362.71429
fra,20200903,1403.57143
fra,20200904,1447.28571
fra,20200905,1492.71429
fra,20200906,1545.14286
fra,20200907,1622.28571
fra,20200908,1721.57143
fra,20200909,1816.14286
fra,20200910,1905.42857
fra,20200911,2009.57143
fra,20200912,2119.71429
fra,20200913,2228.28571
fra,20200914,2323
fra,20200915,2412.28571
fra,20200916,2529.28571
fra,20200917,2675.14286
fra,20200918,2856.42857
fra,20200919,3059.42857
fra,20200920,3263.71429
fra,20200921,3484
fra,20200922,3702.71429
fra,20200923,3883.85714
fra,20200924,4031.71429
fra,20200925,4095
fra,20200926,4130.57143
fra,20200927,4174.85714
fra,20200928,4170
fra,20200929,4132.85714
fra,20200930,4095.85714
fra,20201001,4058.71429
fra,20201002,4057.14286
fra,20201003,4055
fra,20201004,4063.57143
fra,20201005,4104.42857
fra,20201006,4176.14286
fra,20201007,4267.57143
fra,20201008,4369.28571
fra,20201009,4480.57143
fra,20201010,4610.85714
fra,20201011,4728
fra,20201012,4870.14286
fra,20201013,5042
fra,20201014,5243.14286
fra,20201015,5503
fra,20201016,5798.57143
fra,20201017,6112.71429
fra,20201018,6462.14286
fra,20201019,6837.57143
fra,20201020,7275.28571
fra,20201021,7752.57143
fra,20201022,8272
fra,20201023,8861.28571
fra,20201024,9506.14286
fra,20201025,10169.71429
fra,20201026,10896.42857
fra,20201027,11661.71429
fra,20201028,12490.71429
fra,20201029,13293.71429
fra,20201030,14040.42857
fra,20201031,14776.57143
fra,20201101,15530.14286
fra,20201102,16189.85714
fra,20201103,16746.42857
fra,20201104,17273.42857
fra,20201105,17768
fra,20201106,18277.57143
fra,20201107,18726.71429
fra,20201108,19082.42857
fra,20201109,19422.42857
fra,20201110,19695.85714
fra,20201111,19690.28571
fra,20201112,19541.85714
fra,20201113,19268.28571
fra,20201114,18931.85714
fra,20201115,18571
fra,20201116,18106.14286
fra,20201117,17568.14286
fra,20201118,17164.42857
fra,20201119,16827.57143
fra,20201120,16408.71429
fra,20201121,15928.28571
fra,20201122,15386.71429
fra,20201123,14833.71429
fra,20201124,14270.42857
fra,20201125,13620.71429
fra,20201126,12883.71429
fra,20201127,12200.42857
fra,20201128,11538.28571
fra,20201129,10935.28571
fra,20201130,10412.57143
fra,20201201,9963.14286
fra,20201202,9561.42857
fra,20201203,9267
fra,20201204,9033.42857
fra,20201205,8883
fra,20201206,8765.28571
fra,20201207,8657.85714
fra,20201208,8584.57143
fra,20201209,8590
fra,20201210,8596.14286
fra,20201211,8603.85714
fra,20201212,8616.57143
fra,20201213,8638.85714
fra,20201214,8685.28571
fra,20201215,8723.14286
fra,20201216,8783.42857
fra,20201217,8832.85714
fra,20201218,8883
fra,20201219,8908.71429
fra,20201220,8918.42857
fra,20201221,8905.57143
fra,20201222,8929.28571
fra,20201223,8878.42857
fra,20201224,8852
fra,20201225,8756
fra,20201226,8603.14286
fra,20201227,8458.85714
fra,20201228,8310.71429
fra,20201229,8108.71429
fra,20201230,7937.57143
fra,20201231,7734
fra,20210101,7598.42857
fra,20210102,7552
fra,20210103,7516.71429
fra,20210104,7497.42857
fra,20210105,7517.57143
fra,20210106,7545.71429
fra,20210107,7611.14286
fra,20210108,7795.71429
fra,20210109,8003.85714
fra,20210110,8212.57143
fra,20210111,8418.71429
fra,20210112,8595.28571
fra,20210113,8788.42857
fra,20210114,8999.57143
fra,20210115,9128
fra,20210116,9250.28571
fra,20210117,9357.85714
fra,20210118,9515.42857
fra,20210119,9733.28571
fra,20210120,9975.85714
fra,20210121,10192.42857
fra,20210122,10414.42857
fra,20210123,10596.42857
fra,20210124,10814.28571
fra,20210125,10993.57143
fra,20210126,11126.57143
fra,20210127,11216.57143
fra,20210128,11292.14286
fra,20210129,11329.85714
fra,20210130,11371.42857
fra,20210131,11367
fra,20210201,11344
fra,20210202,11345.57143
fra,20210203,11336.71429
fra,20210204,11336.28571
fra,20210205,11326.42857
fra,20210206,11309.14286
fra,20210207,11302.71429
fra,20210208,11320
fra,20210209,11274.28571
fra,20210210,11184.85714
fra,20210211,11072.57143
fra,20210212,10930.28571
fra,20210213,10789.28571
fra,20210214,10632.14286
fra,20210215,10388.57143
fra,20210216,10171.28571
fra,20210217,10009.85714
fra,20210218,9849.28571
fra,20210219,9753.28571
fra,20210220,9655.14286
fra,20210221,9568.57143
fra,20210222,9562
fra,20210223,9555
fra,20210224,9554.14286
fra,20210225,9566.42857
fra,20210226,9572
fra,20210227,9582.42857
fra,20210228,9620.42857
fra,20210301,9625
fra,20210302,9629.85714
fra,20210303,9621.71429
fra,20210304,9630.71429
fra,20210305,9592.85714
fra,20210306,9571
fra,20210307,9528.71429
fra,20210308,9533.14286
fra,20210309,9563.28571
fra,20210310,9588.57143
fra,20210311,9612
fra,20210312,9676.57143
fra,20210313,9726.85714
fra,20210314,9792.71429
fra,20210315,9844.42857
fra,20210316,9909
fra,20210317,10004.85714
fra,20210318,10098
fra,20210319,10219.71429
fra,20210320,10380.14286
fra,20210321,10541.14286
fra,20210322,10721.28571
fra,20210323,10913.71429
fra,20210324,11136.71429
fra,20210325,11380.71429
fra,20210326,11638.71429
fra,20210327,11890.71429
fra,20210328,12140.71429
fra,20210329,12386.57143
fra,20210330,12634.14286
fra,20210331,12838
fra,20210401,13038.42857
fra,20210402,13195.28571
fra,20210403,13344.14286
fra,20210404,13509.57143
fra,20210405,13521.14286
fra,20210406,13473.71429
fra,20210407,13546.71429
fra,20210408,13612
fra,20210409,13675
fra,20210410,13703.14286
fra,20210411,13713.28571
fra,20210412,13985.28571
fra,20210413,14280.42857
fra,20210414,14292.57143
fra,20210415,14274
fra,20210416,14240.57143
fra,20210417,14193.28571
fra,20210418,14106.71429
fra,20210419,13868.85714
fra,20210420,13611.14286
fra,20210421,13508
fra,20210422,13392
fra,20210423,13270.85714
fra,20210424,13160.42857
fra,20210425,13044.85714
fra,20210426,12927
fra,20210427,12780.85714
fra,20210428,12576.14286
fra,20210429,12373.85714
fra,20210430,12116.28571
fra,20210501,11856
fra,20210502,11616.71429
fra,20210503,11330.71429
fra,20210504,11012.85714
fra,20210505,10714.71429
fra,20210506,10360.42857
fra,20210507,10035.57143
fra,20210508,9670.71429
fra,20210509,9279
fra,20210510,8898.57143
fra,20210511,8541.85714
fra,20210512,8150.14286
fra,20210513,7762.28571
fra,20210514,7358.14286
fra,20210515,6973.71429
fra,20210516,6612.14286
fra,20210517,6267.14286
fra,20210518,5937.71429
fra,20210519,5642.71429
fra,20210520,5436.85714
fra,20210521,5273.71429
fra,20210522,5132.28571
fra,20210523,4993.57143
fra,20210524,4803.85714
fra,20210525,4620.28571
fra,20210526,4467
fra,20210527,4270.71429
fra,20210528,4077.57143
fra,20210529,3881.28571
fra,20210530,3680.28571
fra,20210531,3605
fra,20210601,3529.71429
fra,20210602,3434.57143
fra,20210603,3363.57143
fra,20210604,3286.14286
fra,20210605,3218.28571
fra,20210606,3161.85714
fra,20210607,3046.14286
fra,20210608,2931.71429
fra,20210609,2828.71429
fra,20210610,2708.57143
fra,20210611,2593.57143
fra,20210612,2478.28571
fra,20210613,2363.28571
fra,20210614,2260.85714
fra,20210615,2170.71429
fra,20210616,2067.28571
fra,20210617,1976.57143
fra,20210618,1879.14286
fra,20210619,1777.85714
fra,20210620,1674.14286
fra,20210621,1563.14286
fra,20210622,1450.14286
fra,20210623,1360.28571
fra,20210624,1268.57143
fra,20210625,1193.85714
fra,20210626,1129.85714
fra,20210627,1073.14286
fra,20210628,1026.28571
fra,20210629,989.71429
fra,20210630,956.28571
fra,20210701,930.57143
fra,20210702,903.85714
fra,20210703,879.85714
fra,20210704,857
fra,20210705,834.28571
fra,20210706,820.42857
fra,20210707,805.28571
fra,20210708,793.28571
fra,20210709,789.71429
fra,20210710,789.57143
fra,20210711,787
fra,20210712,808.57143
fra,20210713,841.85714
fra,20210714,874.14286
fra,20210715,923.85714
fra,20210716,979.85714
fra,20210717,1034.57143
fra,20210718,1096.28571
fra,20210719,1152.71429
fra,20210720,1206.85714
fra,20210721,1288.28571
fra,20210722,1364.85714
fra,20210723,1446.71429
fra,20210724,1536.42857
fra,20210725,1627.14286
fra,20210726,1739.85714
fra,20210727,1873.85714
fra,20210728,2014
fra,20210729,2172.71429
fra,20210730,2360
fra,20210731,2578.28571
fra,20210801,2822.57143
fra,20210802,3043.14286
fra,20210803,3268.14286
fra,20210804,3503.57143
fra,20210805,3739.28571
fra,20210806,3962.42857
fra,20210807,4147
fra,20210808,4326.71429
fra,20210809,4515.57143
fra,20210810,4685.14286
fra,20210811,4814.57143
fra,20210812,4939.85714
fra,20210813,5029.71429
fra,20210814,5135.14286
fra,20210815,5199.85714
fra,20210816,5260.57143
fra,20210817,5322
fra,20210818,5420.85714
fra,20210819,5505.42857
fra,20210820,5601
fra,20210821,5707.28571
fra,20210822,5848.14286
fra,20210823,5971.28571
fra,20210824,6085.71429
fra,20210825,6140.71429
fra,20210826,6150.42857
fra,20210827,6155.85714
fra,20210828,6084.28571
fra,20210829,5959.28571
fra,20210830,5804.14286
fra,20210831,5609.85714
fra,20210901,5417.28571
fra,20210902,5245
fra,20210903,5029.14286
fra,20210904,4856
fra,20210905,4703.85714
fra,20210906,4573.71429
fra,20210907,4447
fra,20210908,4319.42857
fra,20210909,4191.71429
fra,20210910,4087.57143
fra,20210911,3974.71429
fra,20210912,3868.14286
fra,20210913,3740
fra,20210914,3611.28571
fra,20210915,3483.14286
fra,20210916,3343.85714
fra,20210917,3202.42857
fra,20210918,3064.28571
fra,20210919,2921.28571
fra,20210920,2798.57143
fra,20210921,2691.57143
fra,20210922,2592
fra,20210923,2505.42857
fra,20210924,2427.28571
fra,20210925,2353.71429
fra,20210926,2287.28571
fra,20210927,2227
fra,20210928,2148.85714
fra,20210929,2068.42857
fra,20210930,1990.57143
fra,20211001,1911.71429
fra,20211002,1831.71429
fra,20211003,1753.28571
fra,20211004,1670.57143
fra,20211005,1614.28571
fra,20211006,1565.85714
fra,20211007,1520.14286
fra,20211008,1486.71429
fra,20211009,1459.28571
fra,20211010,1435.85714
fra,20211011,1412.85714
fra,20211012,1386.71429
fra,20211013,1370.42857
fra,20211014,1362.14286
fra,20211015,1352.85714
fra,20211016,1342.71429
fra,20211017,1327.57143
fra,20211018,1327.85714
fra,20211019,1337.85714
fra,20211020,1351.71429
fra,20211021,1373.42857
fra,20211022,1393.85714
fra,20211023,1427.71429
fra,20211024,1463.28571
fra,20211025,1490.42857
fra,20211026,1517.28571
fra,20211027,1540.71429
fra,20211028,1554.28571
fra,20211029,1581
fra,20211030,1595.85714
fra,20211031,1617.85714
fra,20211101,1617.28571
fra,20211102,1626.71429
fra,20211103,1656.71429
fra,20211104,1696
fra,20211105,1731.14286
fra,20211106,1769.42857
fra,20211107,1801
fra,20211108,1910.57143
fra,20211109,2004.85714
fra,20211110,2068.57143
fra,20211111,2105.85714
fra,20211112,2139.85714
fra,20211113,2178.14286
fra,20211114,2220.71429
fra,20211115,2230.14286
fra,20211116,2274.57143
fra,20211117,2344.42857
fra,20211118,2476
fra,20211119,2632.28571
fra,20211120,2787.28571
fra,20211121,2943.42857
fra,20211122,3111.85714
fra,20211123,3262.28571
fra,20211124,3429.42857
fra,20211125,3588.85714
fra,20211126,3745.42857
fra,20211127,3914
fra,20211128,4087.28571
fra,20211129,4252.57143
fra,20211130,4463
fra,20211201,4670.14286
fra,20211202,4865.28571
fra,20211203,5093
fra,20211204,5347.42857
fra,20211205,5613.14286
fra,20211206,5907.85714
fra,20211207,6209.71429
fra,20211208,6522.14286
fra,20211209,6852.85714
fra,20211210,7145.14286
fra,20211211,7407
fra,20211212,7662.85714
fra,20211213,7875.85714
fra,20211214,8020.14286
fra,20211215,8145.71429
fra,20211216,8241.57143
fra,20211217,8339.71429
fra,20211218,8428.71429
fra,20211219,8504.85714
fra,20211220,8563.85714
fra,20211221,8623.14286
fra,20211222,8651.85714
fra,20211223,8668.14286
fra,20211224,8654.85714
fra,20211225,8629.42857
fra,20211226,8605.14286
fra,20211227,8610.42857
fra,20211228,8680
fra,20211229,8834.42857
fra,20211230,9070.28571
fra,20211231,9389.14286
fra,20220101,9764.85714
fra,20220102,10158.42857
fra,20220103,10603.14286
fra,20220104,11093.85714
fra,20220105,11583
fra,20220106,12058.42857
fra,20220107,12512.42857
fra,20220108,12972.28571
fra,20220109,13438.42857
fra,20220110,13884.14286
fra,20220111,14258
fra,20220112,14601.71429
fra,20220113,14893
fra,20220114,15155.42857
fra,20220115,15392.42857
fra,20220116,15629
fra,20220117,15849.71429
fra,20220118,16083.57143
fra,20220119,16325.71429
fra,20220120,16629
fra,20220121,16991.28571
fra,20220122,17367.71429
fra,20220123,17726.71429
fra,20220124,18123.71429
fra,20220125,18516.85714
fra,20220126,18871.28571
fra,20220127,19154.57143
fra,20220128,19356.42857
fra,20220129,19503
fra,20220130,19639.71429
fra,20220131,19670.14286
fra,20220201,19663.71429
fra,20220202,19632
fra,20220203,19593.71429
fra,20220204,19686
fra,20220205,19776.57143
fra,20220206,19840.85714
fra,20220207,19889.28571
fra,20220208,19804.57143
fra,20220209,19641.42857
fra,20220210,19383
fra,20220211,18754.42857
fra,20220212,18069.85714
fra,20220213,17382.85714
fra,20220214,16653.28571
fra,20220215,15959.57143
fra,20220216,15262.57143
fra,20220217,14584.57143
fra,20220218,14060
fra,20220219,13554.85714
fra,20220220,13050.14286
fra,20220221,12541.14286
fra,20220222,12030.14286
fra,20220223,11555.71429
fra,20220224,11082.42857
fra,20220225,10619.42857
fra,20220226,10168.57143
fra,20220227,9730.71429
fra,20220228,9333.57143
fra,20220301,8953
fra,20220302,8578.14286
fra,20220303,8234
fra,20220304,7923.71429
fra,20220305,7627.14286
fra,20220306,7328.14286
fra,20220307,7089.71429
fra,20220308,6920.71429
fra,20220309,6786.14286
fra,20220310,6708.71429
fra,20220311,6682.71429
fra,20220312,6686
fra,20220313,6711.71429
fra,20220314,6734.57143
fra,20220315,6794.42857
fra,20220316,6892.57143
fra,20220317,6984.57143
fra,20220318,7076
fra,20220319,7168.57143
fra,20220320,7262.42857
fra,20220321,7361.85714
fra,20220322,7428.14286
fra,20220323,7479.28571
fra,20220324,7549.28571
fra,20220325,7651.14286
fra,20220326,7746.71429
fra,20220327,7832.42857
fra,20220328,7948.14286
fra,20220329,8109.71429
fra,20220330,8336.85714
fra,20220331,8599.85714
fra,20220401,8846.85714
fra,20220402,9144
fra,20220403,9453.42857
fra,20220404,9767.71429
fra,20220405,10057.71429
fra,20220406,10281.57143
fra,20220407,10444.28571
fra,20220408,10610.85714
fra,20220409,10746.57143
fra,20220410,10882.14286
fra,20220411,10982.14286
fra,20220412,11140.28571
fra,20220413,11307.71429
fra,20220414,11486.42857
fra,20220415,11640.71429
fra,20220416,11744.71429
fra,20220417,11828.71429
fra,20220418,11650.42857
fra,20220419,11330.57143
fra,20220420,11060.28571
fra,20220421,10780
fra,20220422,10474.85714
fra,20220423,10205.28571
fra,20220424,9956.14286
fra,20220425,10171.57143
fra,20220426,10410
fra,20220427,10444.85714
fra,20220428,10416.14286
fra,20220429,10333.28571
fra,20220430,10194.85714
fra,20220501,10024.85714
fra,20220502,9585.28571
fra,20220503,9116.28571
fra,20220504,8699.85714
fra,20220505,8305.14286
fra,20220506,7927
fra,20220507,7695.28571
fra,20220508,7484.85714
fra,20220509,7271.57143
fra,20220510,7083
fra,20220511,6978.85714
fra,20220512,6874.85714
fra,20220513,6800
fra,20220514,6510.14286
fra,20220515,6215.57143
fra,20220516,5961.57143
fra,20220517,5709.28571
fra,20220518,5411.28571
fra,20220519,5120
fra,20220520,4831.28571
fra,20220521,4647.42857
fra,20220522,4461.57143
fra,20220523,4255.57143
fra,20220524,4059.14286
fra,20220525,3895.14286
gbr,20200329,13926
gbr,20200330,14884
gbr,20200331,15575.33333
gbr,20200401,16290.5
gbr,20200402,16990.2
gbr,20200403,17573.83333
gbr,20200404,18094.42857
gbr,20200405,19196.28571
gbr,20200406,20004.14286
gbr,20200407,20697.71429
gbr,20200408,21094.57143
gbr,20200409,21204.85714
gbr,20200410,21147.42857
gbr,20200411,20877.85714
gbr,20200412,20427.14286
gbr,20200413,19870.28571
gbr,20200414,19116.57143
gbr,20200415,18293.28571
gbr,20200416,17474.71429
gbr,20200417,16652.71429
gbr,20200418,15863
gbr,20200419,15135.85714
gbr,20200420,14474.28571
gbr,20200421,13910.71429
gbr,20200422,13452.28571
gbr,20200423,13011.14286
gbr,20200424,12577.71429
gbr,20200425,12166.57143
gbr,20200426,11770.71429
gbr,20200427,11407.14286
gbr,20200428,11069.57143
gbr,20200429,10776
gbr,20200430,10543.71429
gbr,20200501,10336.85714
gbr,20200502,10173.42857
gbr,20200503,10029.28571
gbr,20200504,9872.71429
gbr,20200505,9690.71429
gbr,20200506,9474.14286
gbr,20200507,9228.14286
gbr,20200508,8969.28571
gbr,20200509,8687.14286
gbr,20200510,8389.85714
gbr,20200511,8102.14286
gbr,20200512,7844.28571
gbr,20200513,7593
gbr,20200514,7344.28571
gbr,20200515,7140.14286
gbr,20200516,6951
gbr,20200517,6783.28571
gbr,20200518,6621.14286
gbr,20200519,6467.57143
gbr,20200520,6331.42857
gbr,20200521,6222.57143
gbr,20200522,6101.28571
gbr,20200523,5974.42857
gbr,20200524,5835.85714
gbr,20200525,5688
gbr,20200526,5528.85714
gbr,20200527,5366.57143
gbr,20200528,5194
gbr,20200529,5021.71429
gbr,20200530,4863
gbr,20200531,4725.14286
gbr,20200601,4622.85714
gbr,20200602,4542.28571
gbr,20200603,4470
gbr,20200604,4397.85714
gbr,20200605,4323.85714
gbr,20200606,4237.57143
gbr,20200607,4142.28571
gbr,20200608,4019
gbr,20200609,3874.71429
gbr,20200610,3724.57143
gbr,20200611,3577.28571
gbr,20200612,3438.14286
gbr,20200613,3318.85714
gbr,20200614,3211
gbr,20200615,3134.57143
gbr,20200616,3078.28571
gbr,20200617,3027.85714
gbr,20200618,2988
gbr,20200619,2951.71429
gbr,20200620,2900.42857
gbr,20200621,2844.28571
gbr,20200622,2777.57143
gbr,20200623,2702.71429
gbr,20200624,2630.14286
gbr,20200625,2552.71429
gbr,20200626,2483.71429
gbr,20200627,2436.85714
gbr,20200628,2389.42857
gbr,20200629,2324
gbr,20200630,2262.42857
gbr,20200701,2196.14286
gbr,20200702,2125.57143
gbr,20200703,2037
gbr,20200704,1932.42857
gbr,20200705,1837.42857
gbr,20200706,1764.85714
gbr,20200707,1690.14286
gbr,20200708,1620.28571
gbr,20200709,1565.57143
gbr,20200710,1523
gbr,20200711,1488.85714
gbr,20200712,1445
gbr,20200713,1401.42857
gbr,20200714,1365.28571
gbr,20200715,1332.57143
gbr,20200716,1293.28571
gbr,20200717,1255
gbr,20200718,1210
gbr,20200719,1178.28571
gbr,20200720,1140.14286
gbr,20200721,1097.42857
gbr,20200722,1058.85714
gbr,20200723,1031.71429
gbr,20200724,1011.42857
gbr,20200725,1003.57143
gbr,20200726,991.57143
gbr,20200727,987.85714
gbr,20200728,992
gbr,20200729,993.71429
gbr,20200730,981.42857
gbr,20200731,960.42857
gbr,20200801,938.42857
gbr,20200802,916.57143
gbr,20200803,892
gbr,20200804,869.14286
gbr,20200805,851.14286
gbr,20200806,838
gbr,20200807,831.71429
gbr,20200808,826
gbr,20200809,824.42857
gbr,20200810,822.42857
gbr,20200811,818
gbr,20200812,807.28571
gbr,20200813,805.28571
gbr,20200814,800.42857
gbr,20200815,788
gbr,20200816,770
gbr,20200817,756.57143
gbr,20200818,746.71429
gbr,20200819,743.85714
gbr,20200820,732.42857
gbr,20200821,724.71429
gbr,20200822,719.14286
gbr,20200823,716.42857
gbr,20200824,711.85714
gbr,20200825,704
gbr,20200826,696.85714
gbr,20200827,701.85714
gbr,20200828,709.71429
gbr,20200829,726.57143
gbr,20200830,744.71429
gbr,20200831,763.28571
gbr,20200901,785.28571
gbr,20200902,807
gbr,20200903,820.14286
gbr,20200904,831.42857
gbr,20200905,840.28571
gbr,20200906,857.28571
gbr,20200907,882.28571
gbr,20200908,912.28571
gbr,20200909,948.42857
gbr,20200910,995.57143
gbr,20200911,1051.28571
gbr,20200912,1116.57143
gbr,20200913,1186.14286
gbr,20200914,1263.85714
gbr,20200915,1346.42857
gbr,20200916,1431.85714
gbr,20200917,1513.85714
gbr,20200918,1589.57143
gbr,20200919,1659.14286
gbr,20200920,1724.57143
gbr,20200921,1790.28571
gbr,20200922,1855.71429
gbr,20200923,1930.14286
gbr,20200924,2020.57143
gbr,20200925,2123.57143
gbr,20200926,2233.14286
gbr,20200927,2341.71429
gbr,20200928,2444.42857
gbr,20200929,2548.28571
gbr,20200930,2636.14286
gbr,20201001,2716.28571
gbr,20201002,2800.57143
gbr,20201003,2898.42857
gbr,20201004,3030.14286
gbr,20201005,3178.14286
gbr,20201006,3354
gbr,20201007,3560.14286
gbr,20201008,3778
gbr,20201009,3999.85714
gbr,20201010,4222
gbr,20201011,4430
gbr,20201012,4648
gbr,20201013,4868.71429
gbr,20201014,5096.57143
gbr,20201015,5344.71429
gbr,20201016,5598.57143
gbr,20201017,5869.71429
gbr,20201018,6151.42857
gbr,20201019,6427.57143
gbr,20201020,6683.42857
gbr,20201021,6938
gbr,20201022,7179.71429
gbr,20201023,7443.85714
gbr,20201024,7697
gbr,20201025,7959.85714
gbr,20201026,8253.71429
gbr,20201027,8568.28571
gbr,20201028,8875.28571
gbr,20201029,9192
gbr,20201030,9467.42857
gbr,20201031,9738.14286
gbr,20201101,9971.42857
gbr,20201102,10147.28571
gbr,20201103,10282.85714
gbr,20201104,10413.28571
gbr,20201105,10500
gbr,20201106,10579.14286
gbr,20201107,10644.14286
gbr,20201108,10726.71429
gbr,20201109,10832
gbr,20201110,10981.14286
gbr,20201111,11143.57143
gbr,20201112,11352.57143
gbr,20201113,11590.71429
gbr,20201114,11822.85714
gbr,20201115,12024.42857
gbr,20201116,12199.42857
gbr,20201117,12307.57143
gbr,20201118,12348
gbr,20201119,12308.71429
gbr,20201120,12221.14286
gbr,20201121,12103.42857
gbr,20201122,11962.57143
gbr,20201123,11794.85714
gbr,20201124,11615.14286
gbr,20201125,11437.71429
gbr,20201126,11255.57143
gbr,20201127,11049.42857
gbr,20201128,10830.85714
gbr,20201129,10623.57143
gbr,20201130,10416
gbr,20201201,10238.71429
gbr,20201202,10068
gbr,20201203,9946
gbr,20201204,9884.14286
gbr,20201205,9879.28571
gbr,20201206,9900.57143
gbr,20201207,9984.57143
gbr,20201208,10111.28571
gbr,20201209,10294.42857
gbr,20201210,10502.57143
gbr,20201211,10726.14286
gbr,20201212,10987
gbr,20201213,11277
gbr,20201214,11572.42857
gbr,20201215,11851.57143
gbr,20201216,12138.28571
gbr,20201217,12444.85714
gbr,20201218,12747.71429
gbr,20201219,13025.85714
gbr,20201220,13322.28571
gbr,20201221,13636.28571
gbr,20201222,13999.57143
gbr,20201223,14345.42857
gbr,20201224,14627.14286
gbr,20201225,14912.85714
gbr,20201226,15233
gbr,20201227,15594.42857
gbr,20201228,16005.14286
gbr,20201229,16451.14286
gbr,20201230,17013
gbr,20201231,17703
gbr,20210101,18524.28571
gbr,20210102,19405.85714
gbr,20210103,20298.42857
gbr,20210104,21197.42857
gbr,20210105,22110.14286
gbr,20210106,23036.57143
gbr,20210107,24038.85714
gbr,20210108,24963.71429
gbr,20210109,25856.85714
gbr,20210110,26680.28571
gbr,20210111,27441.71429
gbr,20210112,28146
gbr,20210113,28667.71429
gbr,20210114,28966
gbr,20210115,29127.71429
gbr,20210116,29165.14286
gbr,20210117,29133.85714
gbr,20210118,29014.14286
gbr,20210119,28768.14286
gbr,20210120,28521.71429
gbr,20210121,28236.85714
gbr,20210122,27956.14286
gbr,20210123,27583.57143
gbr,20210124,27147
gbr,20210125,26584.28571
gbr,20210126,25937
gbr,20210127,25172.85714
gbr,20210128,24390.14286
gbr,20210129,23547.57143
gbr,20210130,22730.28571
gbr,20210131,21903.42857
gbr,20210201,21191.28571
gbr,20210202,20528
gbr,20210203,19906.85714
gbr,20210204,19241.57143
gbr,20210205,18580
gbr,20210206,17928.85714
gbr,20210207,17299
gbr,20210208,16618.14286
gbr,20210209,15929
gbr,20210210,15248.57143
gbr,20210211,14631
gbr,20210212,14040.28571
gbr,20210213,13465.42857
gbr,20210214,12925.14286
gbr,20210215,12422.85714
gbr,20210216,11987.42857
gbr,20210217,11597.85714
gbr,20210218,11225.57143
gbr,20210219,10889.71429
gbr,20210220,10572.14286
gbr,20210221,10245
gbr,20210222,9922.85714
gbr,20210223,9584.14286
gbr,20210224,9234.85714
gbr,20210225,8881.71429
gbr,20210226,8504.42857
gbr,20210227,8125.42857
gbr,20210228,7745.71429
gbr,20210301,7378.57143
gbr,20210302,7024.28571
gbr,20210303,6681.42857
gbr,20210304,6353.28571
gbr,20210305,6045.57143
gbr,20210306,5772.57143
gbr,20210307,5521
gbr,20210308,5276
gbr,20210309,5035.14286
gbr,20210310,4817.57143
gbr,20210311,4615.71429
gbr,20210312,4434.71429
gbr,20210313,4244.14286
gbr,20210314,4072
gbr,20210315,3925
gbr,20210316,3794.85714
gbr,20210317,3668.14286
gbr,20210318,3549.28571
gbr,20210319,3433.14286
gbr,20210320,3327.57143
gbr,20210321,3227.28571
gbr,20210322,3117.14286
gbr,20210323,3016.28571
gbr,20210324,2919.28571
gbr,20210325,2820.85714
gbr,20210326,2725
gbr,20210327,2630.28571
gbr,20210328,2533.42857
gbr,20210329,2441.14286
gbr,20210330,2343.42857
gbr,20210331,2247.85714
gbr,20210401,2152.71429
gbr,20210402,2060.57143
gbr,20210403,1974.14286
gbr,20210404,1889
gbr,20210405,1817.71429
gbr,20210406,1757.42857
gbr,20210407,1703.57143
gbr,20210408,1661.14286
gbr,20210409,1623
gbr,20210410,1587
gbr,20210411,1563
gbr,20210412,1536.14286
gbr,20210413,1508.28571
gbr,20210414,1479.85714
gbr,20210415,1448.71429
gbr,20210416,1415.42857
gbr,20210417,1383.42857
gbr,20210418,1341.14286
gbr,20210419,1299.85714
gbr,20210420,1257.57143
gbr,20210421,1217.57143
gbr,20210422,1178.57143
gbr,20210423,1145.71429
gbr,20210424,1112.57143
gbr,20210425,1088.14286
gbr,20210426,1061.14286
gbr,20210427,1046
gbr,20210428,1025.42857
gbr,20210429,1007.71429
gbr,20210430,984.28571
gbr,20210501,961
gbr,20210502,935.57143
gbr,20210503,914.71429
gbr,20210504,879.42857
gbr,20210505,854
gbr,20210506,833.71429
gbr,20210507,818.14286
gbr,20210508,807.85714
gbr,20210509,797.71429
gbr,20210510,786.71429
gbr,20210511,786
gbr,20210512,784.42857
gbr,20210513,778
gbr,20210514,772
gbr,20210515,761.85714
gbr,20210516,751
gbr,20210517,742.28571
gbr,20210518,735.42857
gbr,20210519,729.14286
gbr,20210520,729.42857
gbr,20210521,734.71429
gbr,20210522,746.85714
gbr,20210523,767.14286
gbr,20210524,793.14286
gbr,20210525,817.14286
gbr,20210526,840.85714
gbr,20210527,859.71429
gbr,20210528,876.57143
gbr,20210529,887.42857
gbr,20210530,892.71429
gbr,20210531,890.57143
gbr,20210601,891.14286
gbr,20210602,891
gbr,20210603,891.71429
gbr,20210604,888.57143
gbr,20210605,890.71429
gbr,20210606,899.71429
gbr,20210607,918.42857
gbr,20210608,938.28571
gbr,20210609,966.85714
gbr,20210610,1005.71429
gbr,20210611,1054.14286
gbr,20210612,1106.42857
gbr,20210613,1162
gbr,20210614,1217.14286
gbr,20210615,1273.71429
gbr,20210616,1327.28571
gbr,20210617,1376.71429
gbr,20210618,1426.85714
gbr,20210619,1474.57143
gbr,20210620,1510.42857
gbr,20210621,1540
gbr,20210622,1565.14286
gbr,20210623,1591.14286
gbr,20210624,1612.28571
gbr,20210625,1627.57143
gbr,20210626,1646.28571
gbr,20210627,1675.85714
gbr,20210628,1715.57143
gbr,20210629,1771.71429
gbr,20210630,1841.71429
gbr,20210701,1927.14286
gbr,20210702,2029.28571
gbr,20210703,2141.57143
gbr,20210704,2274.28571
gbr,20210705,2426.14286
gbr,20210706,2589.85714
gbr,20210707,2755.28571
gbr,20210708,2937.42857
gbr,20210709,3124.14286
gbr,20210710,3314.85714
gbr,20210711,3494.28571
gbr,20210712,3673.71429
gbr,20210713,3848
gbr,20210714,4026.57143
gbr,20210715,4195.42857
gbr,20210716,4360.57143
gbr,20210717,4526
gbr,20210718,4703
gbr,20210719,4870.57143
gbr,20210720,5040.28571
gbr,20210721,5208.71429
gbr,20210722,5379
gbr,20210723,5553
gbr,20210724,5721.28571
gbr,20210725,5880.28571
gbr,20210726,6027.71429
gbr,20210727,6146
gbr,20210728,6228.14286
gbr,20210729,6268.14286
gbr,20210730,6267
gbr,20210731,6227.28571
gbr,20210801,6139
gbr,20210802,6019.71429
gbr,20210803,5880
gbr,20210804,5749.14286
gbr,20210805,5630.71429
gbr,20210806,5534.71429
gbr,20210807,5468
gbr,20210808,5430.28571
gbr,20210809,5410.28571
gbr,20210810,5431.71429
gbr,20210811,5457.42857
gbr,20210812,5494.14286
gbr,20210813,5526.85714
gbr,20210814,5560.42857
gbr,20210815,5602.85714
gbr,20210816,5665.28571
gbr,20210817,5719.57143
gbr,20210818,5780.85714
gbr,20210819,5847.85714
gbr,20210820,5925.42857
gbr,20210821,6007.28571
gbr,20210822,6083.71429
gbr,20210823,6158
gbr,20210824,6226.28571
gbr,20210825,6303.28571
gbr,20210826,6368.57143
gbr,20210827,6432.57143
gbr,20210828,6482
gbr,20210829,6530.85714
gbr,20210830,6570.42857
gbr,20210831,6605.85714
gbr,20210901,6630.28571
gbr,20210902,6659.71429
gbr,20210903,6676.28571
gbr,20210904,6707.14286
gbr,20210905,6737.85714
gbr,20210906,6775.71429
gbr,20210907,6827.57143
gbr,20210908,6884.57143
gbr,20210909,6941
gbr,20210910,6999.57143
gbr,20210911,7031.42857
gbr,20210912,7058.57143
gbr,20210913,7054.85714
gbr,20210914,7015
gbr,20210915,6932.42857
gbr,20210916,6824
gbr,20210917,6691.28571
gbr,20210918,6559.71429
gbr,20210919,6410.14286
gbr,20210920,6261.28571
gbr,20210921,6113.42857
gbr,20210922,5968.42857
gbr,20210923,5828
gbr,20210924,5708.85714
gbr,20210925,5591.28571
gbr,20210926,5484.85714
gbr,20210927,5392.57143
gbr,20210928,5317.57143
gbr,20210929,5278.42857
gbr,20210930,5244
gbr,20211001,5208.14286
gbr,20211002,5186.71429
gbr,20211003,5180.85714
gbr,20211004,5184
gbr,20211005,5198.71429
gbr,20211006,5201.71429
gbr,20211007,5233.42857
gbr,20211008,5283.14286
gbr,20211009,5340.14286
gbr,20211010,5391.85714
gbr,20211011,5444.14286
gbr,20211012,5503.42857
gbr,20211013,5587.57143
gbr,20211014,5666.42857
gbr,20211015,5755.85714
gbr,20211016,5851.85714
gbr,20211017,5980.14286
gbr,20211018,6137.57143
gbr,20211019,6303.85714
gbr,20211020,6475.28571
gbr,20211021,6645
gbr,20211022,6789.57143
gbr,20211023,6921.71429
gbr,20211024,7019.42857
gbr,20211025,7079.71429
gbr,20211026,7117.42857
gbr,20211027,7136.42857
gbr,20211028,7159
gbr,20211029,7194.71429
gbr,20211030,7224.28571
gbr,20211031,7259.42857
gbr,20211101,7302.14286
gbr,20211102,7337.71429
gbr,20211103,7340.14286
gbr,20211104,7300
gbr,20211105,7223.57143
gbr,20211106,7138.71429
gbr,20211107,7031.28571
gbr,20211108,6907.42857
gbr,20211109,6776.71429
gbr,20211110,6672.14286
gbr,20211111,6607
gbr,20211112,6570.71429
gbr,20211113,6537.14286
gbr,20211114,6509.28571
gbr,20211115,6468.28571
gbr,20211116,6426.85714
gbr,20211117,6367.71429
gbr,20211118,6279.85714
gbr,20211119,6170.85714
gbr,20211120,6063.42857
gbr,20211121,5960.42857
gbr,20211122,5868.85714
gbr,20211123,5773.28571
gbr,20211124,5701
gbr,20211125,5637.14286
gbr,20211126,5584.14286
gbr,20211127,5534.42857
gbr,20211128,5485.85714
gbr,20211129,5460.28571
gbr,20211130,5459.71429
gbr,20211201,5441.57143
gbr,20211202,5441.85714
gbr,20211203,5448.42857
gbr,20211204,5462.42857
gbr,20211205,5501
gbr,20211206,5539.14286
gbr,20211207,5583.85714
gbr,20211208,5648.71429
gbr,20211209,5720.71429
gbr,20211210,5805.71429
gbr,20211211,5892.14286
gbr,20211212,5963.28571
gbr,20211213,6034
gbr,20211214,6091.85714
gbr,20211215,6150.71429
gbr,20211216,6189
gbr,20211217,6220.85714
gbr,20211218,6253.28571
gbr,20211219,6303.85714
gbr,20211220,6387.85714
gbr,20211221,6514.14286
gbr,20211222,6696.71429
gbr,20211223,6952.42857
gbr,20211224,7247.42857
gbr,20211225,7618.57143
gbr,20211226,8043.85714
gbr,20211227,8534.57143
gbr,20211228,9131.42857
gbr,20211229,9836.57143
gbr,20211230,10615.57143
gbr,20211231,11477.42857
gbr,20220101,12350.14286
gbr,20220102,13228.85714
gbr,20220103,14072.57143
gbr,20220104,14778.28571
gbr,20220105,15277.14286
gbr,20220106,15624.28571
gbr,20220107,15833.57143
gbr,20220108,15952.42857
gbr,20220109,16003.71429
gbr,20220110,15979.85714
gbr,20220111,15946.57143
gbr,20220112,15917.14286
gbr,20220113,15871.71429
gbr,20220114,15819.85714
gbr,20220115,15720.14286
gbr,20220116,15567.28571
gbr,20220117,15355.71429
gbr,20220118,15083.57143
gbr,20220119,14810
gbr,20220120,14525
gbr,20220121,14217.28571
gbr,20220122,13904.42857
gbr,20220123,13594.85714
gbr,20220124,13312
gbr,20220125,13070.42857
gbr,20220126,12843.14286
gbr,20220127,12619.71429
gbr,20220128,12413.14286
gbr,20220129,12257.85714
gbr,20220130,12100.57143
gbr,20220131,11960.71429
gbr,20220201,11819.14286
gbr,20220202,11662
gbr,20220203,11509.85714
gbr,20220204,11363
gbr,20220205,11185.28571
gbr,20220206,11034.57143
gbr,20220207,10868.57143
gbr,20220208,10679.14286
gbr,20220209,10488
gbr,20220210,10303.85714
gbr,20220211,10102.71429
gbr,20220212,9917
gbr,20220213,9718.71429
gbr,20220214,9541.71429
gbr,20220215,9391.28571
gbr,20220216,9266.71429
gbr,20220217,9140
gbr,20220218,9033.14286
gbr,20220219,8920.85714
gbr,20220220,8825
gbr,20220221,8724.42857
gbr,20220222,8611.42857
gbr,20220223,8487.42857
gbr,20220224,8391.28571
gbr,20220225,8308.85714
gbr,20220226,8255.85714
gbr,20220227,8204.57143
gbr,20220228,8192.42857
gbr,20220301,8234.14286
gbr,20220302,8324.71429
gbr,20220303,8446.14286
gbr,20220304,8604.42857
gbr,20220305,8775.85714
gbr,20220306,9003.42857
gbr,20220307,9226.71429
gbr,20220308,9472
gbr,20220309,9740.14286
gbr,20220310,10006.85714
gbr,20220311,10288.28571
gbr,20220312,10600.71429
gbr,20220313,10915.28571
gbr,20220314,11276.71429
gbr,20220315,11653.85714
gbr,20220316,12020.57143
gbr,20220317,12405.14286
gbr,20220318,12769.71429
gbr,20220319,13141.71429
gbr,20220320,13490.42857
gbr,20220321,13814.71429
gbr,20220322,14115.57143
gbr,20220323,14426.28571
gbr,20220324,14723.14286
gbr,20220325,15027.71429
gbr,20220326,15281.85714
gbr,20220327,15536.42857
gbr,20220328,15789.85714
gbr,20220329,16020.85714
gbr,20220330,16225.71429
gbr,20220331,16402.28571
gbr,20220401,16524
gbr,20220402,16626.57143
gbr,20220403,16707.28571
gbr,20220404,16733.42857
gbr,20220405,16745.57143
gbr,20220406,16695.85714
gbr,20220407,16612.28571
gbr,20220408,16523.14286
gbr,20220409,16416.57143
gbr,20220410,16257.71429
gbr,20220411,16063.85714
gbr,20220412,15816.42857
gbr,20220413,15557.57143
gbr,20220414,15270.14286
gbr,20220415,14951.57143
gbr,20220416,14592.85714
gbr,20220417,14205.42857
gbr,20220418,13804.14286
gbr,20220419,13363.42857
gbr,20220420,12883.14286
gbr,20220421,12388.85714
gbr,20220422,11906.42857
gbr,20220423,11454.28571
gbr,20220424,11032
gbr,20220425,10617.14286
gbr,20220426,10238
gbr,20220427,9904.85714
gbr,20220428,9586
gbr,20220429,9254.42857
gbr,20220430,8904.28571
gbr,20220501,8557
gbr,20220502,8217.85714
gbr,20220503,7898
gbr,20220504,7586.57143
gbr,20220505,7297.57143
gbr,20220506,7034.28571
gbr,20220507,6806.85714
gbr,20220508,6597.28571
gbr,20220509,6421.57143
gbr,20220510,6257.42857
gbr,20220511,6092.14286
gbr,20220512,5943.57143
gbr,20220513,5794.71429
gbr,20220514,5650.42857
gbr,20220515,5510.71429
gbr,20220516,5361.85714
gbr,20220517,5206.28571
gbr,20220518,5072.71429
gbr,20220519,4930.42857
grc,20200906,203
grc,20200913,228
grc,20200920,262.66667
grc,20200927,278.25
grc,20201004,300
grc,20201011,309.83333
grc,20201018,323.71429
grc,20201025,376.57143
grc,20201101,472.85714
grc,20201108,663.57143
grc,20201115,999.85714
grc,20201122,1387.14286
grc,20201129,1734
grc,20201206,2009.71429
grc,20201213,2196
grc,20201220,2274.71429
grc,20201227,2178
grc,20210103,1934
grc,20210110,1610.14286
grc,20210117,1341.14286
grc,20210124,1107.71429
grc,20210131,968.71429
grc,20210207,927.42857
grc,20210214,985.71429
grc,20210221,1058.85714
grc,20210228,1217.42857
grc,20210307,1445.14286
grc,20210314,1784.42857
grc,20210321,2114.14286
grc,20210328,2378.42857
grc,20210404,2660.85714
grc,20210411,2969.28571
grc,20210418,3189.42857
grc,20210425,3291.28571
grc,20210502,3270.28571
grc,20210509,3178
grc,20210516,3048.14286
grc,20210523,2828.28571
grc,20210530,2505.57143
grc,20210606,2162.28571
grc,20210613,1806.14286
grc,20210620,1450.28571
grc,20210627,1131.28571
grc,20210704,864.14286
grc,20210711,662.71429
grc,20210718,577.14286
grc,20210725,577.71429
grc,20210801,643.14286
grc,20210808,770.85714
grc,20210815,949.85714
grc,20210822,1166.57143
grc,20210829,1362.14286
grc,20210905,1475
grc,20210912,1522.28571
grc,20210919,1539.42857
grc,20210926,1534
grc,20211003,1464.28571
grc,20211010,1391
grc,20211017,1332.57143
grc,20211024,1327.71429
grc,20211031,1394.85714
grc,20211107,1559.14286
grc,20211114,1772.57143
grc,20211121,2057
grc,20211128,2337.42857
grc,20211205,2561
grc,20211212,2722.85714
grc,20211219,2778.85714
grc,20211226,2737.71429
grc,20220102,2740.85714
grc,20220109,2853.57143
grc,20220116,2935.14286
grc,20220123,2990.85714
grc,20220130,3031.42857
grc,20220206,3161
grc,20220213,3246.85714
grc,20220220,3196.42857
grc,20220227,2946.28571
grc,20220306,2679.28571
grc,20220313,2477.42857
grc,20220320,2382.42857
grc,20220327,2319.28571
grc,20220403,2352.71429
grc,20220410,2345.71429
grc,20220417,2281
grc,20220424,2188.28571
grc,20220501,2080.14286
grc,20220508,1880.28571
grc,20220515,1596.42857
grc,20220522,1263
hrv,20200426,103
hrv,20200503,63.5
hrv,20200510,55.66667
hrv,20200517,45.5
hrv,20200524,39.4
hrv,20200531,33
hrv,20200607,28.28571
hrv,20200614,14
hrv,20200621,11.42857
hrv,20200628,14
hrv,20200705,21.57143
hrv,20200712,33.14286
hrv,20200719,47.42857
hrv,20200726,59.28571
hrv,20200802,69.85714
hrv,20200809,78.28571
hrv,20200816,80.14286
hrv,20200823,84.57143
hrv,20200830,98.14286
hrv,20200906,117.57143
hrv,20200913,137.28571
hrv,20200920,151
hrv,20200927,171.28571
hrv,20201004,194.71429
hrv,20201011,229.57143
hrv,20201018,277.85714
hrv,20201025,362.57143
hrv,20201101,487.57143
hrv,20201108,650.71429
hrv,20201115,840
hrv,20201122,1038.57143
hrv,20201129,1250
hrv,20201206,1491.14286
hrv,20201213,1709.71429
hrv,20201220,1866.14286
hrv,20201227,1921.71429
hrv,20210103,1922.42857
hrv,20210110,1864.14286
hrv,20210117,1744.14286
hrv,20210124,1545.85714
hrv,20210131,1312
hrv,20210207,1092.28571
hrv,20210214,916.28571
hrv,20210221,764
hrv,20210228,657.14286
hrv,20210307,591.57143
hrv,20210314,560.71429
hrv,20210321,559.85714
hrv,20210328,601.85714
hrv,20210404,715.71429
hrv,20210411,867.28571
hrv,20210418,1034
hrv,20210425,1207.14286
hrv,20210502,1341.71429
hrv,20210509,1419.14286
hrv,20210516,1427.14286
hrv,20210523,1337.42857
hrv,20210530,1184.85714
hrv,20210606,989.85714
hrv,20210613,771.42857
hrv,20210620,572.28571
hrv,20210627,406
hrv,20210704,275
hrv,20210711,195
hrv,20210718,141.42857
hrv,20210725,116.14286
hrv,20210801,104.71429
hrv,20210808,102.85714
hrv,20210815,114.57143
hrv,20210822,137.14286
hrv,20210829,174.42857
hrv,20210905,220.14286
hrv,20210912,270.14286
hrv,20210919,326.42857
hrv,20210926,378.57143
hrv,20211003,434.28571
hrv,20211010,489
hrv,20211017,534.71429
hrv,20211024,593.42857
hrv,20211031,691.85714
hrv,20211107,850.28571
hrv,20211114,1019.14286
hrv,20211121,1208.85714
hrv,20211128,1367.85714
hrv,20211205,1489.28571
hrv,20211212,1579.57143
hrv,20211219,1601.85714
hrv,20211226,1517.14286
hrv,20220102,1436.42857
hrv,20220109,1337.28571
hrv,20220116,1252.85714
hrv,20220123,1240
hrv,20220130,1268.28571
hrv,20220206,1326.42857
hrv,20220213,1407.28571
hrv,20220220,1411.85714
hrv,20220227,1367
hrv,20220306,1284.85714
hrv,20220313,1153.14286
hrv,20220320,985
hrv,20220327,813
hrv,20220403,655.14286
hrv,20220410,543.14286
hrv,20220417,464.85714
hrv,20220424,435.28571
hrv,20220501,415.28571
hrv,20220508,391.85714
hrv,20220515,357.28571
irl,20200412,490
irl,20200419,418
irl,20200426,380
irl,20200503,350
irl,20200510,312.2
irl,20200517,278.16667
irl,20200524,252.28571
irl,20200531,190.57143
irl,20200607,144.71429
irl,20200614,105.57143
irl,20200621,70.28571
irl,20200628,49.14286
irl,20200705,35
irl,20200712,21.71429
irl,20200719,14.42857
irl,20200726,12.85714
irl,20200802,9.71429
irl,20200809,9.71429
irl,20200816,10.28571
irl,20200823,10.42857
irl,20200830,14.28571
irl,20200906,17.85714
irl,20200913,20.85714
irl,20200920,27.57143
irl,20200927,33.71429
irl,20201004,43.42857
irl,20201011,60.42857
irl,20201018,73
irl,20201025,93.85714
irl,20201101,106.42857
irl,20201108,118.57143
irl,20201115,131.57143
irl,20201122,139.14286
irl,20201129,136.71429
irl,20201206,134.28571
irl,20201213,120.42857
irl,20201220,121
irl,20201227,127.28571
irl,20210103,174.14286
irl,20210110,277.14286
irl,20210117,413.85714
irl,20210124,502
irl,20210131,568.71429
irl,20210207,609.57143
irl,20210214,627.14286
irl,20210221,604.14286
irl,20210228,509.14286
irl,20210307,380.14286
irl,20210314,299.42857
irl,20210321,248.57143
irl,20210328,210.14286
irl,20210404,183
irl,20210411,149.71429
irl,20210418,135.28571
irl,20210425,126.14286
irl,20210502,115.28571
irl,20210509,99.85714
irl,20210523,91.85714
irl,20210530,85.28571
irl,20210606,83
irl,20210613,76.85714
irl,20210620,69.28571
irl,20210627,64.28571
irl,20210704,60.28571
irl,20210711,56.28571
irl,20210718,62
irl,20210725,72.71429
irl,20210801,92
irl,20210808,109.42857
irl,20210815,136.42857
irl,20210822,167.71429
irl,20210829,203.85714
irl,20210905,229.57143
irl,20210912,248.14286
irl,20210919,255.85714
irl,20210926,269.14286
irl,20211003,272.57143
irl,20211010,278.28571
irl,20211017,288.28571
irl,20211024,297.28571
irl,20211031,316.28571
irl,20211107,335
irl,20211114,369.57143
irl,20211121,410.71429
irl,20211128,428.42857
irl,20211205,441.14286
irl,20211212,452.57143
irl,20211219,442
irl,20211226,449.85714
irl,20220102,492.57143
irl,20220109,560.14286
irl,20220116,635.85714
irl,20220123,678.14286
irl,20220130,706.71429
irl,20220206,750.71429
irl,20220213,780.85714
irl,20220220,753.28571
irl,20220227,694.42857
irl,20220306,658.28571
irl,20220313,681.85714
irl,20220320,751.14286
irl,20220327,872.71429
irl,20220403,953.14286
irl,20220410,1002.71429
irl,20220417,1023.42857
irl,20220424,995.85714
irl,20220501,919.71429
irl,20220508,809.71429
irl,20220515,638.28571
irl,20220522,501.71429
isl,20201004,16
isl,20201011,19.5
isl,20201018,18.66667
isl,20201025,27.25
isl,20201101,27.2
isl,20201108,26.33333
isl,20201115,24
isl,20201122,22.28571
isl,20201129,19.57143
isl,20201206,17.28571
isl,20201213,9.85714
isl,20201220,6.42857
isl,20210103,3.28571
isl,20210110,1.85714
isl,20210117,1.42857
isl,20210124,1.42857
isl,20210131,1.42857
isl,20210207,1.57143
isl,20210214,1.14286
isl,20210221,1.28571
isl,20210228,1.28571
isl,20210307,1.14286
isl,20210314,0.57143
isl,20210321,0.85714
isl,20210328,0.71429
isl,20210404,0.71429
isl,20210411,0.57143
isl,20210418,0.71429
isl,20210425,1.42857
isl,20210502,2
isl,20210509,1.85714
isl,20210516,1.85714
isl,20210523,1.85714
isl,20210530,2
isl,20210606,1.85714
isl,20210613,1.14286
isl,20210620,0.57143
isl,20210627,0.42857
isl,20210704,0.42857
isl,20210711,0.42857
isl,20210718,0.42857
isl,20210725,1
isl,20210801,3.14286
isl,20210808,7.14286
isl,20210815,9.14286
isl,20210822,10.28571
isl,20210829,11.57143
isl,20210905,11.57143
isl,20210912,11.71429
isl,20210919,10.85714
isl,20210926,7.42857
isl,20211003,5.71429
isl,20211010,5
isl,20211017,4.57143
isl,20211024,5.42857
isl,20211031,7.28571
isl,20211107,8.14286
isl,20211114,9.71429
isl,20211121,11.71429
isl,20211128,12.28571
isl,20211205,13.28571
isl,20211212,13.28571
isl,20211219,12.14286
isl,20211226,11.28571
isl,20220102,13.28571
isl,20220109,15.85714
isl,20220116,20.57143
isl,20220123,22.14286
isl,20220130,25.71429
isl,20220206,27.57143
isl,20220213,34
isl,20220220,38
isl,20220227,44.57143
isl,20220306,49.28571
isr,20200308,22
isr,20200309,28.5
isr,20200310,37
isr,20200311,46.75
isr,20200312,56.8
isr,20200313,66.83333
isr,20200314,79.28571
isr,20200315,102.85714
isr,20200316,125.71429
isr,20200317,150
isr,20200318,175.28571
isr,20200319,198.57143
isr,20200320,220
isr,20200321,235.28571
isr,20200322,247.71429
isr,20200323,263.85714
isr,20200324,280.57143
isr,20200325,297
isr,20200326,319.71429
isr,20200327,352.85714
isr,20200328,389.42857
isr,20200329,426.28571
isr,20200330,467.42857
isr,20200331,507.85714
isr,20200401,554
isr,20200402,597.71429
isr,20200403,628.28571
isr,20200404,659
isr,20200405,691.85714
isr,20200406,711.42857
isr,20200407,721.85714
isr,20200408,709.85714
isr,20200409,685.71429
isr,20200410,657.14286
isr,20200411,621.42857
isr,20200412,580.14286
isr,20200413,542.71429
isr,20200414,510
isr,20200415,491.71429
isr,20200416,478.85714
isr,20200417,471.14286
isr,20200418,468
isr,20200419,459
isr,20200420,444.28571
isr,20200421,423.85714
isr,20200422,397.14286
isr,20200423,369.57143
isr,20200424,339.85714
isr,20200425,305.28571
isr,20200426,276.71429
isr,20200427,250.14286
isr,20200428,229.85714
isr,20200429,212.28571
isr,20200430,195.57143
isr,20200501,181.14286
isr,20200502,172.28571
isr,20200503,162
isr,20200504,155.28571
isr,20200505,145.71429
isr,20200506,137.14286
isr,20200507,129.57143
isr,20200508,121.85714
isr,20200509,112.71429
isr,20200510,106.14286
isr,20200511,98.71429
isr,20200512,94.14286
isr,20200513,89.85714
isr,20200514,85.42857
isr,20200515,80.28571
isr,20200516,74.85714
isr,20200517,68.85714
isr,20200518,63.28571
isr,20200519,57.14286
isr,20200520,50.85714
isr,20200521,45.85714
isr,20200522,43.14286
isr,20200523,41.14286
isr,20200524,38.28571
isr,20200525,37
isr,20200526,35.57143
isr,20200527,35.28571
isr,20200528,34.57143
isr,20200529,33.28571
isr,20200530,32.42857
isr,20200531,33.71429
isr,20200601,34.85714
isr,20200602,38
isr,20200603,41.14286
isr,20200604,45
isr,20200605,49.28571
isr,20200606,53.85714
isr,20200607,58.71429
isr,20200608,63.57143
isr,20200609,66.57143
isr,20200610,71.71429
isr,20200611,76.57143
isr,20200612,81.71429
isr,20200613,86.57143
isr,20200614,90.85714
isr,20200615,95.57143
isr,20200616,102.28571
isr,20200617,106.28571
isr,20200618,113.42857
isr,20200619,122.14286
isr,20200620,133.57143
isr,20200621,147.85714
isr,20200622,161.14286
isr,20200623,172.85714
isr,20200624,186.42857
isr,20200625,195
isr,20200626,203.71429
isr,20200627,208.57143
isr,20200628,211.42857
isr,20200629,217.57143
isr,20200630,228.14286
isr,20200701,244
isr,20200702,266.85714
isr,20200703,288.71429
isr,20200704,316.42857
isr,20200705,347.57143
isr,20200706,380.42857
isr,20200707,416.28571
isr,20200708,446.57143
isr,20200709,479.42857
isr,20200710,515.28571
isr,20200711,550.42857
isr,20200712,587.14286
isr,20200713,624.42857
isr,20200714,654.85714
isr,20200715,686.57143
isr,20200716,712.57143
isr,20200717,741.57143
isr,20200718,767.57143
isr,20200719,791.85714
isr,20200720,814.14286
isr,20200721,838.71429
isr,20200722,864.57143
isr,20200723,886.85714
isr,20200724,896.71429
isr,20200725,903.85714
isr,20200726,902
isr,20200727,895.85714
isr,20200728,886.42857
isr,20200729,871.28571
isr,20200730,852.71429
isr,20200731,841.14286
isr,20200801,833.42857
isr,20200802,832.28571
isr,20200803,827.57143
isr,20200804,821.28571
isr,20200805,819.42857
isr,20200806,824.71429
isr,20200807,828.28571
isr,20200808,828.28571
isr,20200809,827
isr,20200810,829.14286
isr,20200811,832.28571
isr,20200812,828.42857
isr,20200813,826.71429
isr,20200814,824.28571
isr,20200815,825.85714
isr,20200816,825.14286
isr,20200817,825.57143
isr,20200818,832.42857
isr,20200819,844
isr,20200820,847
isr,20200821,852.14286
isr,20200822,851.42857
isr,20200823,851.57143
isr,20200824,854.71429
isr,20200825,848.85714
isr,20200826,850.28571
isr,20200827,858.85714
isr,20200828,862.42857
isr,20200829,869.14286
isr,20200830,881.85714
isr,20200831,895.14286
isr,20200901,913.28571
isr,20200902,918.28571
isr,20200903,921
isr,20200904,930.42857
isr,20200905,943
isr,20200906,951.28571
isr,20200907,957.28571
isr,20200908,968
isr,20200909,991.71429
isr,20200910,1019.42857
isr,20200911,1046.85714
isr,20200912,1074.71429
isr,20200913,1105.71429
isr,20200914,1141.85714
isr,20200915,1176.28571
isr,20200916,1207.85714
isr,20200917,1240.85714
isr,20200918,1277.42857
isr,20200919,1311.85714
isr,20200920,1343.71429
isr,20200921,1370.28571
isr,20200922,1399.28571
isr,20200923,1428.57143
isr,20200924,1457.14286
isr,20200925,1484.28571
isr,20200926,1518
isr,20200927,1558.57143
isr,20200928,1591.57143
isr,20200929,1623.14286
isr,20200930,1653.28571
isr,20201001,1678.42857
isr,20201002,1696.57143
isr,20201003,1702.57143
isr,20201004,1697.42857
isr,20201005,1704
isr,20201006,1696.14286
isr,20201007,1677.71429
isr,20201008,1647.42857
isr,20201009,1613.28571
isr,20201010,1577.71429
isr,20201011,1542.71429
isr,20201012,1497.71429
isr,20201013,1449.85714
isr,20201014,1399.71429
isr,20201015,1355.28571
isr,20201016,1305
isr,20201017,1249
isr,20201018,1178.71429
isr,20201019,1104
isr,20201020,1037.57143
isr,20201021,972.42857
isr,20201022,903.14286
isr,20201023,842
isr,20201024,794
isr,20201025,754.85714
isr,20201026,717.28571
isr,20201027,678.85714
isr,20201028,644.42857
isr,20201029,616.42857
isr,20201030,587.57143
isr,20201031,552
isr,20201101,521.28571
isr,20201102,495.14286
isr,20201103,471.42857
isr,20201104,451
isr,20201105,434.57143
isr,20201106,422.85714
isr,20201107,413
isr,20201108,405.14286
isr,20201109,399.85714
isr,20201110,394.71429
isr,20201111,389.71429
isr,20201112,383.42857
isr,20201113,374.71429
isr,20201114,372.14286
isr,20201115,371.57143
isr,20201116,372.42857
isr,20201117,376.42857
isr,20201118,381.85714
isr,20201119,391.14286
isr,20201120,403.85714
isr,20201121,412
isr,20201122,416.28571
isr,20201123,419
isr,20201124,419.42857
isr,20201125,421.85714
isr,20201126,419.42857
isr,20201127,412.85714
isr,20201128,407.71429
isr,20201129,409.42857
isr,20201130,416.28571
isr,20201201,430.85714
isr,20201202,443.28571
isr,20201203,460.57143
isr,20201204,489.71429
isr,20201205,522.71429
isr,20201206,551.14286
isr,20201207,573.57143
isr,20201208,589.85714
isr,20201209,608.42857
isr,20201210,626.42857
isr,20201211,635.71429
isr,20201212,642.57143
isr,20201213,656.14286
isr,20201214,678.85714
isr,20201215,706.28571
isr,20201216,733.28571
isr,20201217,762.42857
isr,20201218,794.14286
isr,20201219,830.57143
isr,20201220,863.57143
isr,20201221,888.14286
isr,20201222,913.57143
isr,20201223,942.28571
isr,20201224,967.57143
isr,20201225,999.14286
isr,20201226,1027.71429
isr,20201227,1059.57143
isr,20201228,1097.57143
isr,20201229,1133.14286
isr,20201230,1166.57143
isr,20201231,1208.85714
isr,20210101,1245.14286
isr,20210102,1280.14286
isr,20210103,1320.57143
isr,20210104,1366.85714
isr,20210105,1421.42857
isr,20210106,1485.28571
isr,20210107,1544.85714
isr,20210108,1607.42857
isr,20210109,1676.28571
isr,20210110,1739.57143
isr,20210111,1795.14286
isr,20210112,1838.14286
isr,20210113,1869.85714
isr,20210114,1896.57143
isr,20210115,1920
isr,20210116,1935.28571
isr,20210117,1947.42857
isr,20210118,1954
isr,20210119,1962.14286
isr,20210120,1964.71429
isr,20210121,1965.14286
isr,20210122,1957.85714
isr,20210123,1949.42857
isr,20210124,1929.71429
isr,20210125,1907.85714
isr,20210126,1882.14286
isr,20210127,1856.85714
isr,20210128,1827.85714
isr,20210129,1796.57143
isr,20210130,1758.42857
isr,20210131,1725.14286
isr,20210201,1697.71429
isr,20210202,1671.42857
isr,20210203,1651
isr,20210204,1634.28571
isr,20210205,1624.85714
isr,20210206,1628
isr,20210207,1632.28571
isr,20210208,1630.85714
isr,20210209,1622.42857
isr,20210210,1608.85714
isr,20210211,1592.42857
isr,20210212,1570.57143
isr,20210213,1538.28571
isr,20210214,1502.28571
isr,20210215,1464.85714
isr,20210216,1436.57143
isr,20210217,1403.71429
isr,20210218,1367.71429
isr,20210219,1332.28571
isr,20210220,1298.71429
isr,20210221,1266.28571
isr,20210222,1234.85714
isr,20210223,1202.71429
isr,20210224,1176.42857
isr,20210225,1159.42857
isr,20210226,1148.57143
isr,20210227,1144.42857
isr,20210228,1144.71429
isr,20210301,1149.14286
isr,20210302,1150.57143
isr,20210303,1148.57143
isr,20210304,1145.71429
isr,20210305,1138.28571
isr,20210306,1124.42857
isr,20210307,1109.28571
isr,20210308,1090.57143
isr,20210309,1070.57143
isr,20210310,1055
isr,20210311,1029.85714
isr,20210312,1002.85714
isr,20210313,977.71429
isr,20210314,948.71429
isr,20210315,916.71429
isr,20210316,883.71429
isr,20210317,846.28571
isr,20210318,814.42857
isr,20210319,782.85714
isr,20210320,748
isr,20210321,712.85714
isr,20210322,678.57143
isr,20210323,645.28571
isr,20210324,613.85714
isr,20210325,581.85714
isr,20210326,549
isr,20210327,514.28571
isr,20210328,479
isr,20210329,449.28571
isr,20210330,422
isr,20210331,392.42857
isr,20210401,360.42857
isr,20210402,333.85714
isr,20210403,312.85714
isr,20210404,297
isr,20210405,277.28571
isr,20210406,258.57143
isr,20210407,245
isr,20210408,237
isr,20210409,227.57143
isr,20210410,219.71429
isr,20210411,211.42857
isr,20210412,207.14286
isr,20210413,202.14286
isr,20210414,195
isr,20210415,186.14286
isr,20210416,177.57143
isr,20210417,167.57143
isr,20210418,159.28571
isr,20210419,147.85714
isr,20210420,139.14286
isr,20210421,132.42857
isr,20210422,126.71429
isr,20210423,120.28571
isr,20210424,113.85714
isr,20210425,106.28571
isr,20210426,101.85714
isr,20210427,94.85714
isr,20210428,88
isr,20210429,81.71429
isr,20210430,77
isr,20210501,73.71429
isr,20210502,70.42857
isr,20210503,66.85714
isr,20210504,65.57143
isr,20210505,64.57143
isr,20210506,63
isr,20210507,62.71429
isr,20210508,61.28571
isr,20210509,60.57143
isr,20210510,59.28571
isr,20210511,57
isr,20210512,54.28571
isr,20210513,53.14286
isr,20210514,49.71429
isr,20210515,47.28571
isr,20210516,44.57143
isr,20210517,42.71429
isr,20210518,41.14286
isr,20210519,40.57143
isr,20210520,39.28571
isr,20210521,39.42857
isr,20210522,38.85714
isr,20210523,39.28571
isr,20210524,39.71429
isr,20210525,41
isr,20210526,41.14286
isr,20210527,40.71429
isr,20210528,39.42857
isr,20210529,38.71429
isr,20210530,37.42857
isr,20210531,36.14286
isr,20210601,33.85714
isr,20210602,32.14286
isr,20210603,30.57143
isr,20210604,29.57143
isr,20210605,29
isr,20210606,28.28571
isr,20210607,27.28571
isr,20210608,26.14286
isr,20210609,25
isr,20210610,24.85714
isr,20210611,24.42857
isr,20210612,23.28571
isr,20210613,22.85714
isr,20210614,22.42857
isr,20210615,22.28571
isr,20210616,22.14286
isr,20210617,21
isr,20210618,20.28571
isr,20210619,20.14286
isr,20210620,19.42857
isr,20210621,19.28571
isr,20210622,20.14286
isr,20210623,21.42857
isr,20210624,23.28571
isr,20210625,25.14286
isr,20210626,27
isr,20210627,29.57143
isr,20210628,33.14286
isr,20210629,36.71429
isr,20210630,39.85714
isr,20210701,43.14286
isr,20210702,47
isr,20210703,51.14286
isr,20210704,55.42857
isr,20210705,59.14286
isr,20210706,63.28571
isr,20210707,68.14286
isr,20210708,73.71429
isr,20210709,79
isr,20210710,83.57143
isr,20210711,88.28571
isr,20210712,93.71429
isr,20210713,98.42857
isr,20210714,104
isr,20210715,111.14286
isr,20210716,119.71429
isr,20210717,129.42857
isr,20210718,140.42857
isr,20210719,151.14286
isr,20210720,165.71429
isr,20210721,180.28571
isr,20210722,195.28571
isr,20210723,210.85714
isr,20210724,226.85714
isr,20210725,244.28571
isr,20210726,266.71429
isr,20210727,286.28571
isr,20210728,308.42857
isr,20210729,331.42857
isr,20210730,355.28571
isr,20210731,384.28571
isr,20210801,415.14286
isr,20210802,442.85714
isr,20210803,476.14286
isr,20210804,509.28571
isr,20210805,545.85714
isr,20210806,591.14286
isr,20210807,636.42857
isr,20210808,683.85714
isr,20210809,734.85714
isr,20210810,785.28571
isr,20210811,842.14286
isr,20210812,899
isr,20210813,946.71429
isr,20210814,996.14286
isr,20210815,1044.42857
isr,20210816,1094.42857
isr,20210817,1145.14286
isr,20210818,1189.28571
isr,20210819,1227.28571
isr,20210820,1270.57143
isr,20210821,1306
isr,20210822,1339.71429
isr,20210823,1366.85714
isr,20210824,1384.85714
isr,20210825,1401.71429
isr,20210826,1420.57143
isr,20210827,1428.85714
isr,20210828,1437
isr,20210829,1440.28571
isr,20210830,1442.28571
isr,20210831,1446.85714
isr,20210901,1446.85714
isr,20210902,1439.42857
isr,20210903,1435.28571
isr,20210904,1428.71429
isr,20210905,1418.28571
isr,20210906,1398.42857
isr,20210907,1369.85714
isr,20210908,1337.14286
isr,20210909,1313.28571
isr,20210910,1285.14286
isr,20210911,1256.28571
isr,20210912,1233.14286
isr,20210913,1220.57143
isr,20210914,1224.42857
isr,20210915,1233.28571
isr,20210916,1226.71429
isr,20210917,1229.57143
isr,20210918,1237.42857
isr,20210919,1239
isr,20210920,1236.85714
isr,20210921,1219.71429
isr,20210922,1204.85714
isr,20210923,1202.14286
isr,20210924,1180.14286
isr,20210925,1146.42857
isr,20210926,1113.85714
isr,20210927,1082
isr,20210928,1049.42857
isr,20210929,1013.85714
isr,20210930,973.28571
isr,20211001,941.42857
isr,20211002,919.14286
isr,20211003,892.57143
isr,20211004,859.85714
isr,20211005,832
isr,20211006,797
isr,20211007,760.14286
isr,20211008,721.42857
isr,20211009,677.28571
isr,20211010,636.42857
isr,20211011,599.71429
isr,20211012,562.42857
isr,20211013,530.42857
isr,20211014,500.42857
isr,20211015,475.42857
isr,20211016,453.14286
isr,20211017,432
isr,20211018,410.71429
isr,20211019,389.28571
isr,20211020,369
isr,20211021,350.57143
isr,20211022,330.42857
isr,20211023,310.57143
isr,20211024,291.28571
isr,20211025,274.42857
isr,20211026,259.14286
isr,20211027,245.42857
isr,20211028,230.85714
isr,20211029,217.85714
isr,20211030,207
isr,20211031,198.85714
isr,20211101,191.42857
isr,20211102,184.71429
isr,20211103,175.42857
isr,20211104,167.85714
isr,20211105,161
isr,20211106,154
isr,20211107,144.14286
isr,20211108,132.42857
isr,20211109,122.42857
isr,20211110,116.57143
isr,20211111,111.85714
isr,20211112,107.57143
isr,20211113,103.14286
isr,20211114,102.71429
isr,20211115,104.42857
isr,20211116,104.28571
isr,20211117,102.57143
isr,20211118,100.57143
isr,20211119,99.28571
isr,20211120,98.28571
isr,20211121,96
isr,20211122,94.71429
isr,20211123,94.71429
isr,20211124,96
isr,20211125,96.71429
isr,20211126,96.85714
isr,20211127,98.28571
isr,20211128,99.42857
isr,20211129,99.14286
isr,20211130,100.42857
isr,20211201,100.71429
isr,20211202,101
isr,20211203,102.42857
isr,20211204,102.14286
isr,20211205,103
isr,20211206,104.85714
isr,20211207,104.42857
isr,20211208,105.14286
isr,20211209,107.14286
isr,20211210,108.28571
isr,20211211,111.71429
isr,20211212,113.71429
isr,20211213,115
isr,20211214,116.85714
isr,20211215,118
isr,20211216,119.14286
isr,20211217,120.71429
isr,20211218,120
isr,20211219,120.71429
isr,20211220,123.57143
isr,20211221,125.57143
isr,20211222,129.28571
isr,20211223,134.42857
isr,20211224,141.57143
isr,20211225,149.85714
isr,20211226,160.14286
isr,20211227,172.14286
isr,20211228,190
isr,20211229,210.14286
isr,20211230,232.14286
isr,20211231,254.85714
isr,20220101,282.85714
isr,20220102,314.57143
isr,20220103,351.71429
isr,20220104,396.28571
isr,20220105,450.57143
isr,20220106,513.42857
isr,20220107,588.85714
isr,20220108,676.28571
isr,20220109,787.28571
isr,20220110,918.57143
isr,20220111,1054.85714
isr,20220112,1205.57143
isr,20220113,1374.57143
isr,20220114,1555
isr,20220115,1741
isr,20220116,1916.85714
isr,20220117,2086.28571
isr,20220118,2269.71429
isr,20220119,2437
isr,20220120,2600
isr,20220121,2754.85714
isr,20220122,2895.42857
isr,20220123,3038.14286
isr,20220124,3172
isr,20220125,3294.71429
isr,20220126,3412.57143
isr,20220127,3495.85714
isr,20220128,3555.57143
isr,20220129,3605.85714
isr,20220130,3631.28571
isr,20220131,3641.14286
isr,20220201,3608.57143
isr,20220202,3581.85714
isr,20220203,3557.14286
isr,20220204,3537.42857
isr,20220205,3507.85714
isr,20220206,3468.42857
isr,20220207,3411.42857
isr,20220208,3370.14286
isr,20220209,3278.71429
isr,20220210,3175.71429
isr,20220211,3046
isr,20220212,2913
isr,20220213,2765.57143
isr,20220214,2618.42857
isr,20220215,2451.42857
isr,20220216,2313.57143
isr,20220217,2177
isr,20220218,2050.14286
isr,20220219,1925.42857
isr,20220220,1813
isr,20220221,1705.28571
isr,20220222,1613.14286
isr,20220223,1519.28571
isr,20220224,1430.14286
isr,20220225,1352.57143
isr,20220226,1278.28571
isr,20220227,1210.71429
isr,20220228,1147.85714
isr,20220301,1087.14286
isr,20220302,1025.28571
isr,20220303,968.71429
isr,20220304,910.57143
isr,20220305,856.57143
isr,20220306,804.42857
isr,20220307,752.57143
isr,20220308,710.42857
isr,20220309,678
isr,20220310,651.14286
isr,20220311,627.14286
isr,20220312,605
isr,20220313,586.85714
isr,20220314,577.71429
isr,20220315,559.85714
isr,20220316,541.14286
isr,20220317,520.42857
isr,20220318,504
isr,20220319,494.71429
isr,20220320,494.14286
isr,20220321,499.14286
isr,20220322,522.85714
isr,20220323,550.57143
isr,20220324,583.14286
isr,20220325,615.42857
isr,20220326,644
isr,20220327,667.57143
isr,20220328,686.71429
isr,20220329,692.14286
isr,20220330,697.57143
isr,20220331,703.57143
isr,20220401,711.28571
isr,20220402,714.42857
isr,20220403,712.28571
isr,20220404,712.14286
isr,20220405,710.71429
isr,20220406,704.71429
isr,20220407,694.71429
isr,20220408,684
isr,20220409,675.71429
isr,20220410,668.85714
isr,20220411,651
isr,20220412,634.28571
isr,20220413,615.85714
isr,20220414,594.57143
isr,20220415,567.28571
isr,20220416,538.85714
isr,20220417,512
isr,20220418,494.28571
isr,20220419,479
isr,20220420,469.85714
isr,20220421,463.28571
isr,20220422,462
isr,20220423,462.42857
isr,20220424,462.85714
isr,20220425,458.42857
isr,20220426,451.14286
isr,20220427,440.71429
isr,20220428,431
isr,20220429,417.14286
isr,20220430,401.57143
isr,20220501,383.71429
isr,20220502,366.14286
isr,20220503,353
isr,20220504,336.85714
isr,20220505,318.71429
isr,20220506,305.14286
isr,20220507,290.28571
isr,20220508,279
isr,20220509,271.14286
isr,20220510,259.71429
isr,20220511,253.57143
isr,20220512,249.85714
isr,20220513,243.14286
isr,20220514,240.71429
isr,20220515,235.28571
isr,20220516,228.85714
isr,20220517,223.85714
isr,20220518,217.42857
isr,20220519,211.42857
isr,20220520,207.57143
isr,20220521,203
isr,20220522,201.57143
isr,20220523,201.57143
isr,20220524,201.85714
isr,20220525,204.28571
isr,20220526,203.85714
ita,20200226,1205
ita,20200227,1317.5
ita,20200228,1440.66667
ita,20200229,1568.75
ita,20200301,1703.6
ita,20200302,1873.16667
ita,20200303,2072.85714
ita,20200304,2459.57143
ita,20200305,2925.42857
ita,20200306,3475.42857
ita,20200307,4105.85714
ita,20200308,4797.71429
ita,20200309,5534
ita,20200310,6301.42857
ita,20200311,7097.85714
ita,20200312,7899
ita,20200313,8738.14286
ita,20200314,9572
ita,20200315,10409.85714
ita,20200316,11282.85714
ita,20200317,12200.71429
ita,20200318,13134.14286
ita,20200319,14077.14286
ita,20200320,14936.14286
ita,20200321,15760.85714
ita,20200322,16519.85714
ita,20200323,17162.71429
ita,20200324,17645.28571
ita,20200325,17935.71429
ita,20200326,18006.42857
ita,20200327,17914.28571
ita,20200328,17629.57143
ita,20200329,17195.71429
ita,20200330,16583.42857
ita,20200331,15829.28571
ita,20200401,15015.85714
ita,20200402,14202
ita,20200403,13336.85714
ita,20200404,12482.42857
ita,20200405,11650.85714
ita,20200406,10872.42857
ita,20200407,10162
ita,20200408,9501.71429
ita,20200409,8870.71429
ita,20200410,8330.71429
ita,20200411,7864.57143
ita,20200412,7458.42857
ita,20200413,7087.85714
ita,20200414,6773
ita,20200415,6475.14286
ita,20200416,6201
ita,20200417,5946.42857
ita,20200418,5685.42857
ita,20200419,5421.28571
ita,20200420,5221
ita,20200421,5007.71429
ita,20200422,4827.14286
ita,20200423,4670.57143
ita,20200424,4518.28571
ita,20200425,4380.71429
ita,20200426,4256
ita,20200427,4094.28571
ita,20200428,3945.28571
ita,20200429,3784.28571
ita,20200430,3609.28571
ita,20200501,3419
ita,20200502,3223.57143
ita,20200503,3018.57143
ita,20200504,2823.85714
ita,20200505,2631.85714
ita,20200506,2449.71429
ita,20200507,2287.85714
ita,20200508,2166.85714
ita,20200509,2062.57143
ita,20200510,1980.42857
ita,20200511,1912
ita,20200512,1850.28571
ita,20200513,1792.57143
ita,20200514,1733.71429
ita,20200515,1662.42857
ita,20200516,1594
ita,20200517,1522.57143
ita,20200518,1445.85714
ita,20200519,1379
ita,20200520,1318.42857
ita,20200521,1258.28571
ita,20200522,1198.14286
ita,20200523,1138.42857
ita,20200524,1080.14286
ita,20200525,1032.57143
ita,20200526,984.85714
ita,20200527,939.71429
ita,20200528,900.71429
ita,20200529,870.14286
ita,20200530,844.42857
ita,20200531,817.85714
ita,20200601,788.71429
ita,20200602,757
ita,20200603,727.42857
ita,20200604,704.14286
ita,20200605,681.57143
ita,20200606,655.14286
ita,20200607,632
ita,20200608,612.28571
ita,20200609,601.85714
ita,20200610,591.28571
ita,20200611,577.28571
ita,20200612,563.28571
ita,20200613,556.14286
ita,20200614,552.42857
ita,20200615,544.57143
ita,20200616,532.14286
ita,20200617,523.28571
ita,20200618,519.57143
ita,20200619,519.71429
ita,20200620,513.71429
ita,20200621,505.57143
ita,20200622,504.57143
ita,20200623,507.71429
ita,20200624,510.71429
ita,20200625,510.57143
ita,20200626,508.28571
ita,20200627,511.14286
ita,20200628,512
ita,20200629,510.42857
ita,20200630,507.85714
ita,20200701,500.28571
ita,20200702,494
ita,20200703,487.14286
ita,20200704,478.57143
ita,20200705,475.42857
ita,20200706,470.28571
ita,20200707,464.28571
ita,20200708,464.14286
ita,20200709,462.28571
ita,20200710,460
ita,20200711,460.71429
ita,20200712,458
ita,20200713,457
ita,20200714,457
ita,20200715,454.85714
ita,20200716,453.57143
ita,20200717,456.42857
ita,20200718,457.14286
ita,20200719,457.57143
ita,20200720,460
ita,20200721,464
ita,20200722,469.28571
ita,20200723,476.14286
ita,20200724,477
ita,20200725,479.57143
ita,20200726,484.14286
ita,20200727,484.71429
ita,20200728,481.14286
ita,20200729,476.42857
ita,20200730,470.28571
ita,20200731,469.28571
ita,20200801,467.14286
ita,20200802,465.42857
ita,20200803,470.57143
ita,20200804,477.14286
ita,20200805,486.71429
ita,20200806,496.85714
ita,20200807,504.28571
ita,20200808,509.71429
ita,20200809,514.85714
ita,20200810,515.85714
ita,20200811,517
ita,20200812,517.42857
ita,20200813,520.28571
ita,20200814,524.71429
ita,20200815,531.42857
ita,20200816,537.71429
ita,20200817,544.28571
ita,20200818,559.57143
ita,20200819,578.28571
ita,20200820,595.14286
ita,20200821,613.42857
ita,20200822,639
ita,20200823,667.42857
ita,20200824,699.57143
ita,20200825,728.42857
ita,20200826,753.71429
ita,20200827,786.85714
ita,20200828,824.71429
ita,20200829,853.42857
ita,20200830,881.85714
ita,20200831,907
ita,20200901,928.28571
ita,20200902,953
ita,20200903,974.28571
ita,20200904,993
ita,20200905,1017.71429
ita,20200906,1040.71429
ita,20200907,1073.71429
ita,20200908,1108.14286
ita,20200909,1138.14286
ita,20200910,1167.14286
ita,20200911,1195.85714
ita,20200912,1224.57143
ita,20200913,1258.42857
ita,20200914,1283.85714
ita,20200915,1317.14286
ita,20200916,1356
ita,20200917,1395.28571
ita,20200918,1435.85714
ita,20200919,1472
ita,20200920,1500.57143
ita,20200921,1531.28571
ita,20200922,1553.57143
ita,20200923,1572.71429
ita,20200924,1588.28571
ita,20200925,1604.14286
ita,20200926,1623.85714
ita,20200927,1648.14286
ita,20200928,1670.42857
ita,20200929,1694.42857
ita,20200930,1716
ita,20201001,1749.42857
ita,20201002,1788.14286
ita,20201003,1842.57143
ita,20201004,1912.14286
ita,20201005,2002.14286
ita,20201006,2118.14286
ita,20201007,2264.57143
ita,20201008,2424.57143
ita,20201009,2603.85714
ita,20201010,2794.14286
ita,20201011,3003.85714
ita,20201012,3235.85714
ita,20201013,3484.57143
ita,20201014,3754.14286
ita,20201015,4058
ita,20201016,4389.57143
ita,20201017,4766.57143
ita,20201018,5168.42857
ita,20201019,5603.57143
ita,20201020,6077.14286
ita,20201021,6580.85714
ita,20201022,7106
ita,20201023,7682
ita,20201024,8248.28571
ita,20201025,8840.57143
ita,20201026,9452.57143
ita,20201027,10059.28571
ita,20201028,10669.42857
ita,20201029,11281.28571
ita,20201030,11865.14286
ita,20201031,12451.85714
ita,20201101,12988.14286
ita,20201102,13489.42857
ita,20201103,13985.85714
ita,20201104,14482.14286
ita,20201105,14967.57143
ita,20201106,15412.42857
ita,20201107,15839.85714
ita,20201108,16264.71429
ita,20201109,16635.71429
ita,20201110,16939.28571
ita,20201111,17160.71429
ita,20201112,17296.57143
ita,20201113,17389.42857
ita,20201114,17415.14286
ita,20201115,17381.85714
ita,20201116,17337.42857
ita,20201117,17276.85714
ita,20201118,17167.57143
ita,20201119,17039.14286
ita,20201120,16865
ita,20201121,16633.57143
ita,20201122,16365.85714
ita,20201123,16032.28571
ita,20201124,15634.14286
ita,20201125,15215.28571
ita,20201126,14752.14286
ita,20201127,14275.71429
ita,20201128,13840.42857
ita,20201129,13431.28571
ita,20201130,13030.42857
ita,20201201,12654.57143
ita,20201202,12311.71429
ita,20201203,12016.28571
ita,20201204,11748.42857
ita,20201205,11486.85714
ita,20201206,11242.42857
ita,20201207,11030.71429
ita,20201208,10822.57143
ita,20201209,10620.42857
ita,20201210,10420.57143
ita,20201211,10240.28571
ita,20201212,10061
ita,20201213,9865.85714
ita,20201214,9688.28571
ita,20201215,9551.71429
ita,20201216,9416.28571
ita,20201217,9291.85714
ita,20201218,9157.42857
ita,20201219,9037.85714
ita,20201220,8950.42857
ita,20201221,8857.57143
ita,20201222,8770.85714
ita,20201223,8708.42857
ita,20201224,8656.71429
ita,20201225,8590.14286
ita,20201226,8524
ita,20201227,8479.14286
ita,20201228,8463.85714
ita,20201229,8463.28571
ita,20201230,8479.14286
ita,20201231,8515.42857
ita,20210101,8614.14286
ita,20210102,8759.14286
ita,20210103,8884.14286
ita,20210104,9004.28571
ita,20210105,9115
ita,20210106,9193.42857
ita,20210107,9261.14286
ita,20210108,9351.28571
ita,20210109,9384.57143
ita,20210110,9407.42857
ita,20210111,9407.14286
ita,20210112,9377.42857
ita,20210113,9374
ita,20210114,9348.42857
ita,20210115,9246.42857
ita,20210116,9151.28571
ita,20210117,9033
ita,20210118,8902.14286
ita,20210119,8760.42857
ita,20210120,8580.71429
ita,20210121,8396.71429
ita,20210122,8217.28571
ita,20210123,8021.85714
ita,20210124,7848.42857
ita,20210125,7701.14286
ita,20210126,7572.42857
ita,20210127,7451.14286
ita,20210128,7328.71429
ita,20210129,7227.28571
ita,20210130,7140.57143
ita,20210131,7059.14286
ita,20210201,6961.42857
ita,20210202,6878.85714
ita,20210203,6826.14286
ita,20210204,6795.28571
ita,20210205,6762.71429
ita,20210206,6742.42857
ita,20210207,6729.28571
ita,20210208,6726.42857
ita,20210209,6719.42857
ita,20210210,6708.28571
ita,20210211,6698
ita,20210212,6689.71429
ita,20210213,6675.85714
ita,20210214,6644
ita,20210215,6610.57143
ita,20210216,6578.85714
ita,20210217,6545.71429
ita,20210218,6521.85714
ita,20210219,6517.42857
ita,20210220,6540.42857
ita,20210221,6606.42857
ita,20210222,6724
ita,20210223,6890.14286
ita,20210224,7079.71429
ita,20210225,7283
ita,20210226,7516.71429
ita,20210227,7777.57143
ita,20210228,8044.28571
ita,20210301,8289.71429
ita,20210302,8539.71429
ita,20210303,8823
ita,20210304,9135.85714
ita,20210305,9455
ita,20210306,9761.57143
ita,20210307,10065.14286
ita,20210308,10401
ita,20210309,10715.42857
ita,20210310,11004.71429
ita,20210311,11263.85714
ita,20210312,11495.71429
ita,20210313,11730.71429
ita,20210314,11969.71429
ita,20210315,12181
ita,20210316,12392.42857
ita,20210317,12579.28571
ita,20210318,12754.28571
ita,20210319,12906.85714
ita,20210320,13016.71429
ita,20210321,13095.57143
ita,20210322,13129.71429
ita,20210323,13103.42857
ita,20210324,13050.14286
ita,20210325,12991.28571
ita,20210326,12934.28571
ita,20210327,12864.42857
ita,20210328,12756.71429
ita,20210329,12655.85714
ita,20210330,12571.85714
ita,20210331,12493.71429
ita,20210401,12391.71429
ita,20210402,12275.42857
ita,20210403,12163.42857
ita,20210404,12071
ita,20210405,11919.85714
ita,20210406,11760
ita,20210407,11576.28571
ita,20210408,11361
ita,20210409,11095.85714
ita,20210410,10794.85714
ita,20210411,10482.28571
ita,20210412,10217.28571
ita,20210413,9932
ita,20210414,9636.28571
ita,20210415,9355.71429
ita,20210416,9086.85714
ita,20210417,8829.42857
ita,20210418,8583
ita,20210419,8339.57143
ita,20210420,8110.42857
ita,20210421,7918.42857
ita,20210422,7741.57143
ita,20210423,7613.42857
ita,20210424,7513.57143
ita,20210425,7404.42857
ita,20210426,7298.28571
ita,20210427,7193.85714
ita,20210428,7081.57143
ita,20210429,6969.14286
ita,20210430,6835.71429
ita,20210501,6682.71429
ita,20210502,6530.42857
ita,20210503,6373
ita,20210504,6228.28571
ita,20210505,6068.28571
ita,20210506,5904
ita,20210507,5730.42857
ita,20210508,5566.71429
ita,20210509,5397
ita,20210510,5218.85714
ita,20210511,5011.71429
ita,20210512,4808.71429
ita,20210513,4610.71429
ita,20210514,4418.28571
ita,20210515,4216.85714
ita,20210516,4032.14286
ita,20210517,3849.57143
ita,20210518,3687.85714
ita,20210519,3529
ita,20210520,3364.71429
ita,20210521,3202.57143
ita,20210522,3047.28571
ita,20210523,2891.71429
ita,20210524,2738.57143
ita,20210525,2588.57143
ita,20210526,2451.71429
ita,20210527,2318.71429
ita,20210528,2200.14286
ita,20210529,2094.42857
ita,20210530,1990.14286
ita,20210531,1898
ita,20210601,1820.14286
ita,20210602,1737.28571
ita,20210603,1669.85714
ita,20210604,1601.42857
ita,20210605,1532
ita,20210606,1472
ita,20210607,1419.14286
ita,20210608,1362.42857
ita,20210609,1319
ita,20210610,1272.14286
ita,20210611,1224.71429
ita,20210612,1182.71429
ita,20210613,1136.14286
ita,20210614,1083.28571
ita,20210615,1032.57143
ita,20210616,979.57143
ita,20210617,930.57143
ita,20210618,887
ita,20210619,839
ita,20210620,792
ita,20210621,751.42857
ita,20210622,713.85714
ita,20210623,677
ita,20210624,644.42857
ita,20210625,612.85714
ita,20210626,588.71429
ita,20210627,569
ita,20210628,553.71429
ita,20210629,536.85714
ita,20210630,524.28571
ita,20210701,510.28571
ita,20210702,498.57143
ita,20210703,486.28571
ita,20210704,477.42857
ita,20210705,467.57143
ita,20210706,461.85714
ita,20210707,459.71429
ita,20210708,462.28571
ita,20210709,470.57143
ita,20210710,481.71429
ita,20210711,492.14286
ita,20210712,505.71429
ita,20210713,525.57143
ita,20210714,544.14286
ita,20210715,561.85714
ita,20210716,580.57143
ita,20210717,604.71429
ita,20210718,634.42857
ita,20210719,674
ita,20210720,714.85714
ita,20210721,765.71429
ita,20210722,828
ita,20210723,895.42857
ita,20210724,965.14286
ita,20210725,1042.14286
ita,20210726,1113.85714
ita,20210727,1185.85714
ita,20210728,1253.57143
ita,20210729,1310.28571
ita,20210730,1366.71429
ita,20210731,1420.14286
ita,20210801,1463.14286
ita,20210802,1508
ita,20210803,1558.28571
ita,20210804,1609.57143
ita,20210805,1668.42857
ita,20210806,1725.85714
ita,20210807,1784.57143
ita,20210808,1844.71429
ita,20210809,1907.57143
ita,20210810,1961.57143
ita,20210811,2014.57143
ita,20210812,2063.57143
ita,20210813,2110.57143
ita,20210814,2155.14286
ita,20210815,2199.85714
ita,20210816,2241.57143
ita,20210817,2281.57143
ita,20210818,2323.14286
ita,20210819,2364.14286
ita,20210820,2396.71429
ita,20210821,2430.71429
ita,20210822,2457.85714
ita,20210823,2472.71429
ita,20210824,2490.14286
ita,20210825,2495.28571
ita,20210826,2502.28571
ita,20210827,2516
ita,20210828,2522.42857
ita,20210829,2535.71429
ita,20210830,2545.85714
ita,20210831,2546.71429
ita,20210901,2548.42857
ita,20210902,2537.71429
ita,20210903,2516.57143
ita,20210904,2492
ita,20210905,2453.71429
ita,20210906,2425.71429
ita,20210907,2400.85714
ita,20210908,2373.71429
ita,20210909,2342.28571
ita,20210910,2311.57143
ita,20210911,2278.57143
ita,20210912,2252.28571
ita,20210913,2220.42857
ita,20210914,2180.14286
ita,20210915,2135.57143
ita,20210916,2096.85714
ita,20210917,2057.28571
ita,20210918,2015.14286
ita,20210919,1969.85714
ita,20210920,1913.28571
ita,20210921,1861.14286
ita,20210922,1812.42857
ita,20210923,1762
ita,20210924,1708.42857
ita,20210925,1656.71429
ita,20210926,1602.85714
ita,20210927,1561.71429
ita,20210928,1519.28571
ita,20210929,1477.14286
ita,20210930,1431.42857
ita,20211001,1394.57143
ita,20211002,1363.42857
ita,20211003,1339.14286
ita,20211004,1309.57143
ita,20211005,1284.42857
ita,20211006,1262.57143
ita,20211007,1247.85714
ita,20211008,1226.14286
ita,20211009,1200.57143
ita,20211010,1171.85714
ita,20211011,1145
ita,20211012,1118.42857
ita,20211013,1095.14286
ita,20211014,1070.28571
ita,20211015,1056
ita,20211016,1049.57143
ita,20211017,1049
ita,20211018,1060
ita,20211019,1080.71429
ita,20211020,1105.42857
ita,20211021,1141.14286
ita,20211022,1183
ita,20211023,1226.14286
ita,20211024,1274
ita,20211025,1320
ita,20211026,1359.28571
ita,20211027,1403.42857
ita,20211028,1446.28571
ita,20211029,1481.28571
ita,20211030,1521.14286
ita,20211031,1560.85714
ita,20211101,1594.28571
ita,20211102,1636.71429
ita,20211103,1672.85714
ita,20211104,1715.57143
ita,20211105,1764.85714
ita,20211106,1807.14286
ita,20211107,1844.42857
ita,20211108,1899
ita,20211109,1946
ita,20211110,1994.57143
ita,20211111,2026.14286
ita,20211112,2057.42857
ita,20211113,2100
ita,20211114,2148.57143
ita,20211115,2189
ita,20211116,2242.42857
ita,20211117,2301.14286
ita,20211118,2376.71429
ita,20211119,2451.57143
ita,20211120,2517.57143
ita,20211121,2584.28571
ita,20211122,2652.28571
ita,20211123,2710.57143
ita,20211124,2762.57143
ita,20211125,2813.14286
ita,20211126,2867.28571
ita,20211127,2926
ita,20211128,2980
ita,20211129,3033
ita,20211130,3082.57143
ita,20211201,3134.57143
ita,20211202,3186.85714
ita,20211203,3234.14286
ita,20211204,3283.28571
ita,20211205,3339
ita,20211206,3404.42857
ita,20211207,3478.57143
ita,20211208,3555
ita,20211209,3633.28571
ita,20211210,3719.42857
ita,20211211,3809.71429
ita,20211212,3899.28571
ita,20211213,3980.14286
ita,20211214,4069.85714
ita,20211215,4172.28571
ita,20211216,4270.28571
ita,20211217,4371.85714
ita,20211218,4465
ita,20211219,4566.14286
ita,20211220,4671.71429
ita,20211221,4779.14286
ita,20211222,4889.57143
ita,20211223,5010.71429
ita,20211224,5144.57143
ita,20211225,5306.42857
ita,20211226,5489.85714
ita,20211227,5719
ita,20211228,5983.85714
ita,20211229,6295
ita,20211230,6644.14286
ita,20211231,7018.57143
ita,20220101,7410.85714
ita,20220102,7798.57143
ita,20220103,8187.14286
ita,20220104,8596.42857
ita,20220105,8994.42857
ita,20220106,9381.71429
ita,20220107,9764.71429
ita,20220108,10147.14286
ita,20220109,10524.42857
ita,20220110,10853.14286
ita,20220111,11085.28571
ita,20220112,11246.14286
ita,20220113,11367.28571
ita,20220114,11430.42857
ita,20220115,11431.42857
ita,20220116,11387
ita,20220117,11340.42857
ita,20220118,11334.14286
ita,20220119,11337.28571
ita,20220120,11333.71429
ita,20220121,11320.57143
ita,20220122,11299.57143
ita,20220123,11285.14286
ita,20220124,11235.85714
ita,20220125,11124.42857
ita,20220126,10994.42857
ita,20220127,10839.28571
ita,20220128,10680.57143
ita,20220129,10517.57143
ita,20220130,10348.42857
ita,20220131,10180.42857
ita,20220201,10025.57143
ita,20220202,9873.71429
ita,20220203,9718.57143
ita,20220204,9557.85714
ita,20220205,9384.14286
ita,20220206,9202.14286
ita,20220207,9006
ita,20220208,8802.85714
ita,20220209,8575.57143
ita,20220210,8340.71429
ita,20220211,8090.85714
ita,20220212,7855.85714
ita,20220213,7615.14286
ita,20220214,7384.14286
ita,20220215,7152.14286
ita,20220216,6917.28571
ita,20220217,6686
ita,20220218,6473.71429
ita,20220219,6256.28571
ita,20220220,6051.14286
ita,20220221,5851.14286
ita,20220222,5662.14286
ita,20220223,5506.85714
ita,20220224,5357.42857
ita,20220225,5204.71429
ita,20220226,5050.71429
ita,20220227,4891.14286
ita,20220228,4729
ita,20220301,4581.85714
ita,20220302,4429.71429
ita,20220303,4307
ita,20220304,4206.42857
ita,20220305,4131.42857
ita,20220306,4085.42857
ita,20220307,4061
ita,20220308,4040.85714
ita,20220309,4037.28571
ita,20220310,4022.28571
ita,20220311,4018.42857
ita,20220312,4026
ita,20220313,4041.28571
ita,20220314,4073.14286
ita,20220315,4132.71429
ita,20220316,4213.85714
ita,20220317,4330.14286
ita,20220318,4448.14286
ita,20220319,4570.42857
ita,20220320,4681.85714
ita,20220321,4800.85714
ita,20220322,4898.28571
ita,20220323,4981.28571
ita,20220324,5031.42857
ita,20220325,5078.28571
ita,20220326,5120.71429
ita,20220327,5166.71429
ita,20220328,5198
ita,20220329,5243.14286
ita,20220330,5279.71429
ita,20220331,5343.14286
ita,20220401,5400.42857
ita,20220402,5437
ita,20220403,5454.42857
ita,20220404,5454.28571
ita,20220405,5422.42857
ita,20220406,5389.42857
ita,20220407,5324.14286
ita,20220408,5258.71429
ita,20220409,5210.28571
ita,20220410,5173.71429
ita,20220411,5145.85714
ita,20220412,5134.85714
ita,20220413,5121.57143
ita,20220414,5113.71429
ita,20220415,5097.14286
ita,20220416,5071.57143
ita,20220417,5044.14286
ita,20220418,4998.85714
ita,20220419,4958.71429
ita,20220420,4931.85714
ita,20220421,4903.71429
ita,20220422,4884.14286
ita,20220423,4857
ita,20220424,4835.57143
ita,20220425,4826.28571
ita,20220426,4801.85714
ita,20220427,4755.28571
ita,20220428,4711.85714
ita,20220429,4660
ita,20220430,4605.28571
ita,20220501,4536.57143
ita,20220502,4493.42857
ita,20220503,4439.71429
ita,20220504,4379.14286
ita,20220505,4304
ita,20220506,4222.85714
ita,20220507,4142.42857
ita,20220508,4059.57143
ita,20220509,3942.85714
ita,20220510,3835.71429
ita,20220511,3738.28571
ita,20220512,3652.42857
ita,20220513,3561.42857
ita,20220514,3480
ita,20220515,3404
ita,20220516,3332.42857
ita,20220517,3253.71429
kor,20211113,3283
kor,20211114,3290.5
kor,20211115,3333.66667
kor,20211116,3374
kor,20211117,3386.4
kor,20211118,3405.66667
kor,20211119,3426
kor,20211120,3478.28571
kor,20211121,3534.85714
kor,20211122,3589.57143
kor,20211123,3644.85714
kor,20211124,3738.71429
kor,20211125,3838.57143
kor,20211126,3950.57143
kor,20211127,4046.71429
kor,20211128,4170.14286
kor,20211129,4275.85714
kor,20211130,4382.71429
kor,20211201,4454.57143
kor,20211202,4523.57143
kor,20211203,4580.42857
kor,20211204,4636.71429
kor,20211205,4667
kor,20211206,4714.28571
kor,20211207,4761.57143
kor,20211208,4847.14286
kor,20211209,4946.28571
kor,20211210,5045.42857
kor,20211211,5175
kor,20211212,5303.28571
kor,20211213,5419
kor,20211214,5528
kor,20211215,5599.42857
kor,20211216,5623.42857
kor,20211217,5634.57143
kor,20211218,5605.14286
kor,20211219,5550.42857
kor,20211220,5476.85714
kor,20211221,5378.42857
kor,20211222,5273.85714
kor,20211223,5174.42857
kor,20211224,5073.71429
kor,20211225,4963.85714
kor,20211226,4853.14286
kor,20211227,4731.85714
kor,20211228,4599.14286
kor,20211229,4455
kor,20211230,4313
kor,20211231,4158.42857
kor,20220101,4018.71429
kor,20220102,3880.85714
kor,20220103,3763.85714
kor,20220104,3666.14286
kor,20220105,3578.57143
kor,20220106,3484.42857
kor,20220107,3398
kor,20220108,3298
kor,20220109,3211.42857
kor,20220110,3134.71429
kor,20220111,3072.28571
kor,20220112,3010.57143
kor,20220113,2973.42857
kor,20220114,2954.28571
kor,20220115,2961.71429
kor,20220116,2979
kor,20220117,3004.42857
kor,20220118,3043
kor,20220119,3125.57143
kor,20220120,3232.57143
kor,20220121,3350.57143
kor,20220122,3500.28571
kor,20220123,3693.71429
kor,20220124,3910.71429
kor,20220125,4156.71429
kor,20220126,4401
kor,20220127,4666.71429
kor,20220128,4964.57143
kor,20220129,5268.71429
kor,20220130,5560
kor,20220131,5866.42857
kor,20220201,6159.42857
kor,20220202,6463.85714
kor,20220203,6744.57143
kor,20220204,7033.28571
kor,20220205,7354.42857
kor,20220206,7682.85714
kor,20220207,7995.85714
kor,20220208,8329.71429
kor,20220209,8658.85714
kor,20220210,8989.42857
kor,20220211,9251
kor,20220212,9415.71429
kor,20220213,9530.57143
kor,20220214,9599
kor,20220215,9590.57143
kor,20220216,9575
kor,20220217,9546.57143
kor,20220218,9563.14286
kor,20220219,9606.28571
kor,20220220,9697
kor,20220221,9822.42857
kor,20220222,10015.28571
kor,20220223,10205.28571
kor,20220224,10426.57143
kor,20220225,10676.42857
kor,20220226,10989.28571
kor,20220227,11299.71429
kor,20220228,11597.71429
kor,20220301,11876.28571
kor,20220302,12090.14286
kor,20220303,12231
kor,20220304,12303.14286
kor,20220305,12317.57143
kor,20220306,12269.85714
kor,20220307,12200.85714
kor,20220308,12115.14286
kor,20220309,12140.57143
kor,20220310,12248.85714
kor,20220311,12378.57143
kor,20220312,12516.85714
kor,20220313,12701.71429
kor,20220314,12897
kor,20220315,13102.57143
kor,20220316,13232
kor,20220317,13314.42857
kor,20220318,13350.85714
kor,20220319,13322.28571
kor,20220320,13235.71429
kor,20220321,13129
kor,20220322,12981.71429
kor,20220323,12827.85714
kor,20220324,12650.85714
kor,20220325,12539.14286
kor,20220326,12484.71429
kor,20220327,12476.71429
kor,20220328,12480.28571
kor,20220329,12497.14286
kor,20220330,12509.42857
kor,20220331,12497.85714
kor,20220401,12420.57143
kor,20220402,12305.57143
kor,20220403,12138.14286
kor,20220404,11960.71429
kor,20220405,11761.42857
kor,20220406,11544
kor,20220407,11345
kor,20220408,11127.28571
kor,20220409,10885.14286
kor,20220410,10649.42857
kor,20220411,10412.57143
kor,20220412,10201.14286
kor,20220413,9985.85714
kor,20220414,9736
kor,20220415,9491.42857
kor,20220416,9237.28571
kor,20220417,8958
kor,20220418,8646.28571
kor,20220419,8261.57143
kor,20220420,7808.42857
kor,20220421,7331.42857
kor,20220422,6844.85714
kor,20220423,6378.28571
kor,20220424,5954.14286
kor,20220425,5554.42857
kor,20220426,5215.57143
kor,20220427,4956.42857
kor,20220428,4769.14286
kor,20220429,4606.42857
kor,20220430,4437
kor,20220501,4247
kor,20220502,4068
kor,20220503,3876.42857
kor,20220504,3683
kor,20220505,3475.57143
kor,20220506,3269.42857
kor,20220507,3106.42857
kor,20220508,2979
kor,20220509,2876.57143
kor,20220510,2801
kor,20220511,2743.42857
kor,20220512,2693
kor,20220513,2683.71429
kor,20220514,2663
kor,20220515,2629.14286
kor,20220516,2566.85714
kor,20220517,2489.14286
kor,20220518,2393.14286
kor,20220519,2287.85714
kor,20220520,2153
kor,20220521,2023
kor,20220522,1892.42857
kor,20220523,1777.28571
kor,20220524,1673.57143
lie,20211114,4
lie,20211121,3.5
lie,20211128,5
lie,20211205,6.5
lie,20211212,8
lie,20211219,9
lie,20211226,9.14286
lie,20220102,10
lie,20220109,10.28571
lie,20220116,9.28571
lie,20220123,7.85714
lie,20220130,5.85714
lie,20220206,3.85714
lie,20220213,3
lie,20220220,2.28571
lie,20220227,2.14286
lie,20220306,2.57143
lie,20220313,3
lie,20220320,3.71429
lie,20220327,4.85714
lie,20220403,4.42857
lie,20220410,3.85714
lie,20220417,3.71429
lie,20220424,3.14286
lie,20220501,2.71429
lie,20220508,2
lie,20220515,1
lie,20220522,0.85714
lux,20200419,2
lux,20200426,1.5
lux,20200517,1.33333
lux,20200621,1.5
lux,20200628,1.6
lux,20200705,2.83333
lux,20200712,5.42857
lux,20200719,7.71429
lux,20200726,11.57143
lux,20200802,14.71429
lux,20200809,17.28571
lux,20200816,18.28571
lux,20200823,18.42857
lux,20200830,16.28571
lux,20200906,14.42857
lux,20200913,11.42857
lux,20200920,9
lux,20200927,8.14286
lux,20201004,9.14286
lux,20201011,11
lux,20201018,13.42857
lux,20201025,22.71429
lux,20201101,39.57143
lux,20201108,52.57143
lux,20201115,64.71429
lux,20201122,77.57143
lux,20201129,88.14286
lux,20201206,98
lux,20201213,105.28571
lux,20201220,99.57143
lux,20201227,96.42857
lux,20210103,89
lux,20210110,79
lux,20210117,69.57143
lux,20210124,59.57143
lux,20210131,48.14286
lux,20210207,40.28571
lux,20210214,36.57143
lux,20210221,37.28571
lux,20210228,41.28571
lux,20210307,48
lux,20210314,54.85714
lux,20210321,60
lux,20210328,67.57143
lux,20210404,71.85714
lux,20210411,74.42857
lux,20210418,73.14286
lux,20210425,69.42857
lux,20210502,66.85714
lux,20210509,62.28571
lux,20210516,53.85714
lux,20210523,43.71429
lux,20210530,35.28571
lux,20210606,28.28571
lux,20210613,22
lux,20210620,14.71429
lux,20210627,8.85714
lux,20210704,5.71429
lux,20210711,6.42857
lux,20210718,7.57143
lux,20210725,8.85714
lux,20210801,9
lux,20210808,9.85714
lux,20210815,11.42857
lux,20210822,13.14286
lux,20210829,15.71429
lux,20210905,16.14286
lux,20210912,16.28571
lux,20210919,17
lux,20210926,17.14286
lux,20211003,16.42857
lux,20211010,16.14286
lux,20211017,12.71429
lux,20211024,12.14286
lux,20211031,13.42857
lux,20211107,14.57143
lux,20211114,16.28571
lux,20211121,18.57143
lux,20211128,22.71429
lux,20211205,28.28571
lux,20211212,33.28571
lux,20211219,35.14286
lux,20211226,36.42857
lux,20220102,38.71429
lux,20220109,39.71429
lux,20220116,38.57143
lux,20220123,37.28571
lux,20220130,37
lux,20220206,37.14286
lux,20220213,37.57143
lux,20220220,35.14286
lux,20220227,32.14286
lux,20220306,30.28571
lux,20220313,28.71429
lux,20220320,24.14286
lux,20220327,20.57143
lux,20220403,18.71429
lux,20220410,18.42857
lux,20220417,19.57143
lux,20220424,19.57143
lux,20220501,17.28571
lux,20220508,16.85714
lux,20220515,16
lux,20220522,13.14286
lva,20200106,0
lva,20200118,0
lva,20200212,0
lva,20200301,0
lva,20200308,0.6
lva,20200315,1.5
lva,20200322,3.57143
lva,20200329,7.71429
lva,20200405,11.71429
lva,20200412,15.28571
lva,20200419,17.85714
lva,20200426,19.42857
lva,20200503,19.85714
lva,20200510,19
lva,20200517,16.28571
lva,20200524,13.42857
lva,20200531,10.42857
lva,20200607,8.28571
lva,20200614,6.71429
lva,20200621,6
lva,20200628,4.85714
lva,20200705,3.57143
lva,20200712,2.57143
lva,20200719,2.14286
lva,20200726,1.85714
lva,20200802,1.71429
lva,20200809,1.85714
lva,20200816,1.85714
lva,20200823,2.42857
lva,20200830,2.85714
lva,20200906,3.42857
lva,20200913,4.14286
lva,20200920,4.85714
lva,20200927,5
lva,20201004,8.42857
lva,20201011,14.57143
lva,20201018,21.28571
lva,20201025,38
lva,20201101,64.71429
lva,20201108,94.28571
lva,20201115,133
lva,20201122,175.42857
lva,20201129,236.57143
lva,20201206,301.14286
lva,20201213,375.28571
lva,20201220,453.85714
lva,20201227,536.14286
lva,20210103,615.14286
lva,20210110,701.14286
lva,20210117,747.14286
lva,20210124,780.71429
lva,20210131,788.85714
lva,20210207,773.42857
lva,20210214,741
lva,20210221,692.42857
lva,20210228,629.14286
lva,20210307,588.28571
lva,20210314,535.71429
lva,20210321,495
lva,20210328,477.71429
lva,20210404,458
lva,20210411,448.57143
lva,20210418,441.14286
lva,20210425,436.14286
lva,20210502,448.28571
lva,20210509,454
lva,20210516,445.42857
lva,20210523,435.57143
lva,20210530,412.85714
lva,20210606,380.71429
lva,20210613,338.42857
lva,20210620,292.14286
lva,20210627,240
lva,20210704,182
lva,20210711,137.85714
lva,20210718,105.71429
lva,20210725,80
lva,20210801,59
lva,20210808,46.57143
lva,20210815,40.57143
lva,20210822,39.85714
lva,20210829,52.85714
lva,20210905,67.14286
lva,20210912,94.42857
lva,20210919,130.14286
lva,20210926,172.14286
lva,20211003,231.57143
lva,20211010,320.71429
lva,20211017,438.42857
lva,20211024,588.42857
lva,20211031,724.71429
lva,20211107,848.57143
lva,20211114,914.42857
lva,20211121,934.28571
lva,20211128,914.42857
lva,20211205,839.42857
lva,20211212,712.85714
lva,20211219,599.14286
lva,20211226,483.57143
lva,20220102,421.14286
lva,20220109,399.85714
lva,20220116,390.42857
lva,20220123,409.71429
lva,20220130,477.71429
lva,20220206,549.42857
lva,20220213,647.85714
lva,20220220,748.71429
lva,20220227,835.85714
lva,20220306,911.14286
lva,20220313,965.14286
lva,20220320,968.85714
lva,20220327,964
lva,20220403,909.14286
lva,20220410,821
lva,20220417,716.14286
lva,20220424,608.85714
lva,20220501,500.71429
lva,20220508,409
lva,20220515,306.71429
lva,20220522,231.85714
mlt,20200308,0
mlt,20200315,3.5
mlt,20200322,3.66667
mlt,20200329,3.75
mlt,20200405,4.4
mlt,20200412,6
mlt,20200419,5.42857
mlt,20200426,5.71429
mlt,20200503,4.85714
mlt,20200510,4.42857
mlt,20200517,4
mlt,20200524,3.57143
mlt,20200531,2
mlt,20200607,1.71429
mlt,20200614,1.57143
mlt,20200621,1.57143
mlt,20200628,1.57143
mlt,20200705,1.42857
mlt,20200712,0.85714
mlt,20200719,0.57143
mlt,20200726,0.57143
mlt,20200802,1.14286
mlt,20200809,2.14286
mlt,20200816,3.71429
mlt,20200823,5.71429
mlt,20200830,6.28571
mlt,20200906,7.42857
mlt,20200913,10.42857
mlt,20200920,14.71429
mlt,20200927,15.85714
mlt,20201004,17.14286
mlt,20201011,19.57143
mlt,20201018,25.57143
mlt,20201025,30
mlt,20201101,37.57143
mlt,20201108,43.28571
mlt,20201115,55.71429
mlt,20201122,67.57143
mlt,20201129,75.57143
mlt,20201206,81.71429
mlt,20201213,82
mlt,20201220,76.28571
mlt,20201227,69.28571
mlt,20210103,58.71429
mlt,20210110,49.42857
mlt,20210117,43.85714
mlt,20210124,34.14286
mlt,20210131,31.85714
mlt,20210207,31
mlt,20210214,33.28571
mlt,20210221,34.85714
mlt,20210228,32.42857
mlt,20210307,35.28571
mlt,20210314,41.85714
mlt,20210321,44
mlt,20210328,42.85714
mlt,20210404,41.42857
mlt,20210411,40
mlt,20210418,41.14286
mlt,20210425,33.28571
mlt,20210502,26.85714
mlt,20210509,22
mlt,20210516,19.71429
mlt,20210523,15.42857
mlt,20210530,11.42857
mlt,20210606,7.28571
mlt,20210613,5.42857
mlt,20210620,2.28571
mlt,20210627,1.28571
mlt,20210704,1.42857
mlt,20210711,2.57143
mlt,20210718,4.71429
mlt,20210725,6.28571
mlt,20210801,8.71429
mlt,20210808,12.42857
mlt,20210815,16
mlt,20210822,17.85714
mlt,20210829,18.57143
mlt,20210905,18
mlt,20210912,17.14286
mlt,20210919,15.71429
mlt,20210926,12.85714
mlt,20211003,9.71429
mlt,20211010,7.57143
mlt,20211017,5.42857
mlt,20211024,4.57143
mlt,20211031,4.28571
mlt,20211107,3.71429
mlt,20211114,3.42857
mlt,20211121,3.85714
mlt,20211128,4.57143
mlt,20211205,5.85714
mlt,20211212,6.28571
mlt,20211219,7.85714
mlt,20211226,15.85714
mlt,20220102,25.28571
mlt,20220109,34.14286
mlt,20220116,39.85714
mlt,20220123,45
mlt,20220130,49.42857
mlt,20220206,55.42857
mlt,20220213,50.85714
mlt,20220220,45.14286
mlt,20220227,38.85714
mlt,20220306,35.85714
mlt,20220313,37
mlt,20220320,39
mlt,20220327,45.57143
mlt,20220403,59
mlt,20220410,72.42857
mlt,20220417,75.85714
mlt,20220424,79.28571
mlt,20220501,80.28571
mlt,20220508,77.57143
mlt,20220515,66.14286
mlt,20220522,51.85714
mys,20200330,795
mys,20200331,829.5
mys,20200401,852
mys,20200402,872.75
mys,20200403,897.6
mys,20200404,917.33333
mys,20200405,926.85714
mys,20200406,954.57143
mys,20200407,983.57143
mys,20200408,1008.71429
mys,20200409,1030.85714
mys,20200410,1034
mys,20200411,1035.71429
mys,20200412,1041
mys,20200413,1040.71429
mys,20200414,1026.28571
mys,20200415,999.57143
mys,20200416,965.14286
mys,20200417,941.85714
mys,20200418,900.71429
mys,20200419,849.85714
mys,20200420,799.71429
mys,20200421,737.57143
mys,20200422,684
mys,20200423,630.28571
mys,20200424,569.85714
mys,20200425,525.42857
mys,20200426,489.85714
mys,20200427,451.14286
mys,20200428,425.57143
mys,20200429,399.71429
mys,20200430,375.14286
mys,20200501,355.14286
mys,20200502,334.57143
mys,20200503,321.28571
mys,20200504,315.85714
mys,20200505,311
mys,20200506,307
mys,20200507,305
mys,20200508,304.85714
mys,20200509,303.28571
mys,20200510,290.42857
mys,20200511,281.57143
mys,20200512,276.28571
mys,20200513,273
mys,20200514,273.42857
mys,20200515,268.28571
mys,20200516,262.71429
mys,20200517,259.14286
mys,20200518,241.85714
mys,20200519,220.42857
mys,20200520,201.14286
mys,20200521,176.14286
mys,20200522,156.14286
mys,20200523,140.42857
mys,20200524,130.42857
mys,20200525,133.28571
mys,20200526,140.85714
mys,20200527,147.71429
mys,20200528,160.14286
mys,20200529,172.71429
mys,20200530,189.85714
mys,20200531,204.71429
mys,20200601,217.28571
mys,20200602,224
mys,20200603,226.85714
mys,20200604,232.28571
mys,20200605,239
mys,20200606,235.14286
mys,20200607,232.28571
mys,20200608,223.71429
mys,20200609,216.14286
mys,20200610,210.57143
mys,20200611,195.85714
mys,20200612,179.85714
mys,20200613,167.28571
mys,20200614,155.71429
mys,20200615,150.28571
mys,20200616,148.85714
mys,20200617,148.42857
mys,20200618,153
mys,20200619,153.28571
mys,20200620,152.28571
mys,20200621,145.42857
mys,20200622,134
mys,20200623,119.57143
mys,20200624,104
mys,20200625,87.85714
mys,20200626,74.71429
mys,20200627,63.85714
mys,20200628,58
mys,20200629,54
mys,20200630,48.85714
mys,20200701,44.71429
mys,20200702,41
mys,20200703,38.71429
mys,20200704,36.42857
mys,20200705,32.85714
mys,20200706,30.85714
mys,20200707,31.14286
mys,20200708,31
mys,20200709,31.14286
mys,20200710,31.28571
mys,20200711,32
mys,20200712,33
mys,20200713,33.42857
mys,20200714,34
mys,20200715,35.28571
mys,20200716,37
mys,20200717,38
mys,20200718,39.85714
mys,20200719,43.14286
mys,20200720,45.57143
mys,20200721,51
mys,20200722,56.42857
mys,20200723,62.85714
mys,20200724,70.14286
mys,20200725,77.71429
mys,20200726,85.14286
mys,20200727,93.14286
mys,20200728,97.85714
mys,20200729,105.57143
mys,20200730,110.85714
mys,20200731,115.14286
mys,20200801,115.85714
mys,20200802,114.57143
mys,20200803,112.85714
mys,20200804,107.57143
mys,20200805,95.57143
mys,20200806,84.28571
mys,20200807,77.14286
mys,20200808,72.42857
mys,20200809,67.71429
mys,20200810,65.42857
mys,20200811,66.85714
mys,20200812,72.14286
mys,20200813,78.57143
mys,20200814,79.14286
mys,20200815,80.42857
mys,20200816,85
mys,20200817,87.57143
mys,20200818,90.85714
mys,20200819,94.85714
mys,20200820,96.71429
mys,20200821,99.85714
mys,20200822,100.71429
mys,20200823,96.14286
mys,20200824,91.71429
mys,20200825,87.14286
mys,20200826,79.42857
mys,20200827,73.28571
mys,20200828,67.57143
mys,20200829,63.85714
mys,20200830,64.57143
mys,20200831,64.85714
mys,20200901,63.14286
mys,20200902,64.42857
mys,20200903,65.57143
mys,20200904,67.85714
mys,20200905,69.14286
mys,20200906,68.71429
mys,20200907,69.28571
mys,20200908,79.28571
mys,20200909,99.85714
mys,20200910,122
mys,20200911,144.14286
mys,20200912,168.71429
mys,20200913,195.85714
mys,20200914,226.42857
mys,20200915,245.71429
mys,20200916,245
mys,20200917,247.28571
mys,20200918,249.28571
mys,20200919,251.42857
mys,20200920,254.28571
mys,20200921,252.28571
mys,20200922,254.71429
mys,20200923,264.42857
mys,20200924,269.57143
mys,20200925,272.28571
mys,20200926,268.85714
mys,20200927,256.71429
mys,20200928,253.71429
mys,20200929,251.71429
mys,20200930,258.28571
mys,20201001,266.42857
mys,20201002,294.14286
mys,20201003,340.42857
mys,20201004,414.57143
mys,20201005,486.42857
mys,20201006,572.71429
mys,20201007,671.14286
mys,20201008,784.85714
mys,20201009,884.57143
mys,20201010,979.85714
mys,20201011,1061.28571
mys,20201012,1147.85714
mys,20201013,1224.14286
mys,20201014,1284.57143
mys,20201015,1342.14286
mys,20201016,1415.71429
mys,20201017,1496.85714
mys,20201018,1580
mys,20201019,1670.14286
mys,20201020,1767.28571
mys,20201021,1875.14286
mys,20201022,1980.28571
mys,20201023,2064.71429
mys,20201024,2124.71429
mys,20201025,2185.71429
mys,20201026,2224.71429
mys,20201027,2254
mys,20201028,2277.85714
mys,20201029,2285.42857
mys,20201030,2289.14286
mys,20201031,2288.42857
mys,20201101,2254.85714
mys,20201102,2225.85714
mys,20201103,2185.71429
mys,20201104,2112.85714
mys,20201105,2047.28571
mys,20201106,2013.71429
mys,20201107,2019.28571
mys,20201108,2076.42857
mys,20201109,2166.85714
mys,20201110,2285
mys,20201111,2440
mys,20201112,2582
mys,20201113,2677.14286
mys,20201114,2751
mys,20201115,2808.71429
mys,20201116,2812.57143
mys,20201117,2802.85714
mys,20201118,2807.71429
mys,20201119,2840.42857
mys,20201120,2903.71429
mys,20201121,2949.71429
mys,20201122,2966
mys,20201123,2997.57143
mys,20201124,3053.42857
mys,20201125,3098.57143
mys,20201126,3139.57143
mys,20201127,3184.57143
mys,20201128,3284.14286
mys,20201129,3391.57143
mys,20201130,3539.57143
mys,20201201,3620.14286
mys,20201202,3678
mys,20201203,3721.85714
mys,20201204,3745
mys,20201205,3691.71429
mys,20201206,3658.28571
mys,20201207,3582
mys,20201208,3541.28571
mys,20201209,3477.14286
mys,20201210,3414.14286
mys,20201211,3348.42857
mys,20201212,3302.42857
mys,20201213,3243.57143
mys,20201214,3160.42857
mys,20201215,3083.42857
mys,20201216,3065.14286
mys,20201217,3039
mys,20201218,3018
mys,20201219,3021.85714
mys,20201220,3012.85714
mys,20201221,3037.85714
mys,20201222,3045.85714
mys,20201223,2992.71429
mys,20201224,2939
mys,20201225,2911.28571
mys,20201226,2880.42857
mys,20201227,2895.57143
mys,20201228,2972.85714
mys,20201229,3076.42857
mys,20201230,3231.71429
mys,20201231,3431.42857
mys,20210101,3614.85714
mys,20210102,3811
mys,20210103,3994.85714
mys,20210104,4082
mys,20210105,4186
mys,20210106,4289.28571
mys,20210107,4362.57143
mys,20210108,4461.14286
mys,20210109,4543.28571
mys,20210110,4611.85714
mys,20210111,4742.71429
mys,20210112,4868.71429
mys,20210113,5027.14286
mys,20210114,5212.28571
mys,20210115,5381
mys,20210116,5557.57143
mys,20210117,5764
mys,20210118,5921.14286
mys,20210119,6058.57143
mys,20210120,6101.57143
mys,20210121,6109.85714
mys,20210122,6109.42857
mys,20210123,6124.42857
mys,20210124,6078.14286
mys,20210125,6074.14286
mys,20210126,6036
mys,20210127,6059.85714
mys,20210128,6062
mys,20210129,6038.28571
mys,20210130,5961.28571
mys,20210131,5882.71429
mys,20210201,5762.71429
mys,20210202,5654.71429
mys,20210203,5498.85714
mys,20210204,5373.28571
mys,20210205,5271
mys,20210206,5177
mys,20210207,5124.57143
mys,20210208,5085
mys,20210209,5040.85714
mys,20210210,5010.28571
mys,20210211,4934.85714
mys,20210212,4821
mys,20210213,4688.85714
mys,20210214,4500.14286
mys,20210215,4295.14286
mys,20210216,4098
mys,20210217,3925.57143
mys,20210218,3779
mys,20210219,3679.42857
mys,20210220,3620
mys,20210221,3597.42857
mys,20210222,3569.14286
mys,20210223,3557.42857
mys,20210224,3495.42857
mys,20210225,3450.28571
mys,20210226,3382.85714
mys,20210227,3291.42857
mys,20210228,3208.71429
mys,20210301,3152
mys,20210302,3085.14286
mys,20210303,3052.14286
mys,20210304,2999.14286
mys,20210305,2945.85714
mys,20210306,2922.42857
mys,20210307,2888.57143
mys,20210308,2850.42857
mys,20210309,2805.57143
mys,20210310,2787.71429
mys,20210311,2779.85714
mys,20210312,2760.57143
mys,20210313,2713.57143
mys,20210314,2676.42857
mys,20210315,2641.42857
mys,20210316,2626.85714
mys,20210317,2572.28571
mys,20210318,2542.14286
mys,20210319,2536.28571
mys,20210320,2556.14286
mys,20210321,2566.28571
mys,20210322,2597.42857
mys,20210323,2616.42857
mys,20210324,2658
mys,20210325,2673.28571
mys,20210326,2690.28571
mys,20210327,2698.42857
mys,20210328,2720.14286
mys,20210329,2712.28571
mys,20210330,2703
mys,20210331,2690.57143
mys,20210401,2679.42857
mys,20210402,2664.42857
mys,20210403,2650
mys,20210404,2631.71429
mys,20210405,2633
mys,20210406,2658.57143
mys,20210407,2695.71429
mys,20210408,2760
mys,20210409,2832
mys,20210410,2932.85714
mys,20210411,3046
mys,20210412,3159.42857
mys,20210413,3259
mys,20210414,3395.57143
mys,20210415,3554
mys,20210416,3730.28571
mys,20210417,3883.42857
mys,20210418,4047
mys,20210419,4222.28571
mys,20210420,4410.57143
mys,20210421,4536.42857
mys,20210422,4615.85714
mys,20210423,4688.42857
mys,20210424,4759.71429
mys,20210425,4800
mys,20210426,4853.71429
mys,20210427,4927.85714
mys,20210428,5042.42857
mys,20210429,5166.14286
mys,20210430,5302.14286
mys,20210501,5454.57143
mys,20210502,5679.42857
mys,20210503,5873.42857
mys,20210504,6042.42857
mys,20210505,6209.85714
mys,20210506,6393
mys,20210507,6543.85714
mys,20210508,6683.85714
mys,20210509,6763.28571
mys,20210510,6887.85714
mys,20210511,7005.14286
mys,20210512,7133.14286
mys,20210513,7277.42857
mys,20210514,7418.42857
mys,20210515,7569.85714
mys,20210516,7692.71429
mys,20210517,7761.42857
mys,20210518,7844.57143
mys,20210519,7892.85714
mys,20210520,7920.71429
mys,20210521,8009.71429
mys,20210522,8122.28571
mys,20210523,8310.71429
mys,20210524,8542.85714
mys,20210525,8795
mys,20210526,9077
mys,20210527,9357
mys,20210528,9605.57143
mys,20210529,9823.42857
mys,20210530,10009.71429
mys,20210531,10149
mys,20210601,10249.57143
mys,20210602,10314
mys,20210603,10359
mys,20210604,10350.85714
mys,20210605,10325
mys,20210606,10261.14286
mys,20210607,10214.14286
mys,20210608,10148.42857
mys,20210609,10058.14286
mys,20210610,9953
mys,20210611,9868.71429
mys,20210612,9757.85714
mys,20210613,9630.57143
mys,20210614,9476.42857
mys,20210615,9347.28571
mys,20210616,9236.71429
mys,20210617,9179
mys,20210618,9143.85714
mys,20210619,9126.42857
mys,20210620,9137.14286
mys,20210621,9166
mys,20210622,9190.42857
mys,20210623,9256.28571
mys,20210624,9262.57143
mys,20210625,9224.14286
mys,20210626,9209.85714
mys,20210627,9190.71429
mys,20210628,9181.42857
mys,20210629,9138.42857
mys,20210630,9028.28571
mys,20210701,8946.57143
mys,20210702,8918.28571
mys,20210703,8891.14286
mys,20210704,8888.57143
mys,20210705,8871.85714
mys,20210706,8912.85714
mys,20210707,9029.14286
mys,20210708,9148.14286
mys,20210709,9254.42857
mys,20210710,9357
mys,20210711,9489.42857
mys,20210712,9655.57143
mys,20210713,9808.85714
mys,20210714,9974.71429
mys,20210715,10163.85714
mys,20210716,10344.28571
mys,20210717,10561.85714
mys,20210718,10753.71429
mys,20210719,10943.85714
mys,20210720,11138.71429
mys,20210721,11279.42857
mys,20210722,11426.57143
mys,20210723,11653.71429
mys,20210724,11852.71429
mys,20210725,12069.28571
mys,20210726,12284.57143
mys,20210727,12554.42857
mys,20210728,12853.85714
mys,20210729,13140.42857
mys,20210730,13362
mys,20210731,13606.85714
mys,20210801,13832.85714
mys,20210802,14083.71429
mys,20210803,14264.71429
mys,20210804,14491
mys,20210805,14711.14286
mys,20210806,14984.14286
mys,20210807,15224
mys,20210808,15443.85714
mys,20210809,15605
mys,20210810,15817.28571
mys,20210811,15965.71429
mys,20210812,16130.14286
mys,20210813,16178.57143
mys,20210814,16206.14286
mys,20210815,16254.85714
mys,20210816,16301.28571
mys,20210817,16254.28571
mys,20210818,16197.57143
mys,20210819,16077.57143
mys,20210820,15985.85714
mys,20210821,15899.14286
mys,20210822,15758.42857
mys,20210823,15618.71429
mys,20210824,15508.85714
mys,20210825,15383.14286
mys,20210826,15309.57143
mys,20210827,15225.28571
mys,20210828,15165
mys,20210829,15146.28571
mys,20210830,15156
mys,20210831,15136.71429
mys,20210901,15060.71429
mys,20210902,14927.42857
mys,20210903,14801.42857
mys,20210904,14628
mys,20210905,14417.28571
mys,20210906,14172.85714
mys,20210907,13961.71429
mys,20210908,13853
mys,20210909,13795.28571
mys,20210910,13781
mys,20210911,13808.85714
mys,20210912,13878.14286
mys,20210913,13941.28571
mys,20210914,13957.28571
mys,20210915,13919
mys,20210916,13799.42857
mys,20210917,13590
mys,20210918,13280.28571
mys,20210919,12883.42857
mys,20210920,12471.42857
mys,20210921,12084.42857
mys,20210922,11683
mys,20210923,11303
mys,20210924,10952.14286
mys,20210925,10676.85714
mys,20210926,10451.85714
mys,20210927,10229.57143
mys,20210928,10012
mys,20210929,9811
mys,20210930,9612.85714
mys,20211001,9435
mys,20211002,9227.85714
mys,20211003,9018.57143
mys,20211004,8801.42857
mys,20211005,8574.42857
mys,20211006,8330.57143
mys,20211007,8129.14286
mys,20211008,7924.71429
mys,20211009,7749.42857
mys,20211010,7595.71429
mys,20211011,7468.42857
mys,20211012,7373.85714
mys,20211013,7314.14286
mys,20211014,7294.57143
mys,20211015,7276.71429
mys,20211016,7254.42857
mys,20211017,7211.14286
mys,20211018,7253.14286
mys,20211019,7255.85714
mys,20211020,7219.42857
mys,20211021,7066.14286
mys,20211022,6893.42857
mys,20211023,6720.85714
mys,20211024,6554.71429
mys,20211025,6218.42857
mys,20211026,5900.14286
mys,20211027,5627.85714
mys,20211028,5409.14286
mys,20211029,5225.28571
mys,20211030,5050
mys,20211031,4897.42857
mys,20211101,4834.57143
mys,20211102,4792.85714
mys,20211103,4744.28571
mys,20211104,4723.28571
mys,20211105,4686.85714
mys,20211106,4643.85714
mys,20211107,4589
mys,20211108,4542.57143
mys,20211109,4491.28571
mys,20211110,4452.14286
mys,20211111,4407.42857
mys,20211112,4402.71429
mys,20211113,4433.14286
mys,20211114,4477.14286
mys,20211115,4530.85714
mys,20211116,4581.71429
mys,20211117,4623.14286
mys,20211118,4665.85714
mys,20211119,4686.14286
mys,20211120,4679.42857
mys,20211121,4658
mys,20211122,4625
mys,20211123,4610.71429
mys,20211124,4599.85714
mys,20211125,4581.14286
mys,20211126,4547.42857
mys,20211127,4507.85714
mys,20211128,4475.85714
mys,20211129,4434.28571
mys,20211130,4366.42857
mys,20211201,4293
mys,20211202,4219.42857
mys,20211203,4162.85714
mys,20211204,4120.57143
mys,20211205,4071.14286
mys,20211206,4034.42857
mys,20211207,3999.71429
mys,20211208,3962.28571
mys,20211209,3932.28571
mys,20211210,3898.42857
mys,20211211,3856.14286
mys,20211212,3821.42857
mys,20211213,3779.85714
mys,20211214,3749.57143
mys,20211215,3714.28571
mys,20211216,3655.14286
mys,20211217,3582
mys,20211218,3506.42857
mys,20211219,3421.28571
mys,20211220,3322.28571
mys,20211221,3209.71429
mys,20211222,3100
mys,20211223,3012
mys,20211224,2931
mys,20211225,2846.85714
mys,20211226,2774.85714
mys,20211227,2732.42857
mys,20211228,2700.71429
mys,20211229,2675.28571
mys,20211230,2650.42857
mys,20211231,2633.57143
mys,20220101,2633.14286
mys,20220102,2625.28571
mys,20220103,2605.85714
mys,20220104,2582.42857
mys,20220105,2561.85714
mys,20220106,2542.57143
mys,20220107,2525.14286
mys,20220108,2503.85714
mys,20220109,2498.28571
mys,20220110,2490.42857
mys,20220111,2490
mys,20220112,2495
mys,20220113,2488.28571
mys,20220114,2469.57143
mys,20220115,2442
mys,20220116,2393.57143
mys,20220117,2352.28571
mys,20220118,2299.28571
mys,20220119,2222.28571
mys,20220120,2155.42857
mys,20220121,2110.57143
mys,20220122,2084.57143
mys,20220123,2078.14286
mys,20220124,2077.28571
mys,20220125,2093.28571
mys,20220126,2159
mys,20220127,2246.85714
mys,20220128,2329.42857
mys,20220129,2399.85714
mys,20220130,2466.57143
mys,20220131,2527
mys,20220201,2599.28571
mys,20220202,2633.71429
mys,20220203,2646.57143
mys,20220204,2678.28571
mys,20220205,2755.85714
mys,20220206,2874.14286
mys,20220207,3039
mys,20220208,3249.57143
mys,20220209,3544
mys,20220210,3920.85714
mys,20220211,4346.28571
mys,20220212,4788.71429
mys,20220213,5240
mys,20220214,5720
mys,20220215,6206.57143
mys,20220216,6677.28571
mys,20220217,7135.14286
mys,20220218,7597.14286
mys,20220219,8064
mys,20220220,8541.57143
mys,20220221,8991
mys,20220222,9398
mys,20220223,9812.57143
mys,20220224,10201.14286
mys,20220225,10520.42857
mys,20220226,10786.42857
mys,20220227,11002.42857
mys,20220228,11177.71429
mys,20220301,11359
mys,20220302,11475.57143
mys,20220303,11590.57143
mys,20220304,11745.28571
mys,20220305,11947.71429
mys,20220306,12162.85714
mys,20220307,12416.57143
mys,20220308,12664.85714
mys,20220309,12920.85714
mys,20220310,13135.28571
mys,20220311,13322.28571
mys,20220312,13427.71429
mys,20220313,13509.85714
mys,20220314,13497.28571
mys,20220315,13431.28571
mys,20220316,13331.85714
mys,20220317,13180.57143
mys,20220318,12942.14286
mys,20220319,12665.85714
mys,20220320,12315.71429
mys,20220321,11977.14286
mys,20220322,11600.57143
mys,20220323,11189.14286
mys,20220324,10772.14286
mys,20220325,10342.28571
mys,20220326,9906
mys,20220327,9481.85714
mys,20220328,9036.85714
mys,20220329,8594.57143
mys,20220330,8140.28571
mys,20220331,7677
mys,20220401,7266.14286
mys,20220402,6872.42857
mys,20220403,6491.85714
mys,20220404,6122.85714
mys,20220405,5765.28571
mys,20220406,5437.14286
mys,20220407,5141
mys,20220408,4817.42857
mys,20220409,4522.14286
mys,20220410,4250.85714
mys,20220411,4013.57143
mys,20220412,3803
mys,20220413,3612.42857
mys,20220414,3433.42857
mys,20220415,3290.57143
mys,20220416,3146.28571
mys,20220417,3003.71429
mys,20220418,2857.28571
mys,20220419,2712
mys,20220420,2562
mys,20220421,2412.85714
mys,20220422,2263.85714
mys,20220423,2121.14286
mys,20220424,1987.42857
mys,20220425,1847.14286
mys,20220426,1720.14286
mys,20220427,1606.71429
mys,20220428,1506.28571
mys,20220429,1410.28571
mys,20220430,1317.42857
mys,20220501,1226.28571
mys,20220502,1148.71429
mys,20220503,1067
mys,20220504,987.42857
mys,20220505,912.85714
mys,20220506,853
mys,20220507,805.71429
mys,20220508,771.42857
mys,20220509,757.71429
mys,20220510,768.57143
mys,20220511,805
mys,20220512,853.71429
mys,20220513,904
mys,20220514,954.57143
mys,20220515,1000.42857
mys,20220516,1026
mys,20220517,1031.28571
mys,20220518,1010.57143
mys,20220519,977
mys,20220520,938.85714
mys,20220521,900.71429
mys,20220522,861.14286
mys,20220523,834
mys,20220524,811.71429
mys,20220525,793.85714
mys,20220526,775.85714
nld,20201023,1576
nld,20201024,1610
nld,20201025,1616.33333
nld,20201026,1646.25
nld,20201027,1676
nld,20201028,1709.33333
nld,20201029,1737.57143
nld,20201030,1785.14286
nld,20201031,1827.28571
nld,20201101,1878.14286
nld,20201102,1906.28571
nld,20201103,1933.57143
nld,20201104,1938.28571
nld,20201105,1937.42857
nld,20201106,1926.28571
nld,20201107,1901.42857
nld,20201108,1857.42857
nld,20201109,1812
nld,20201110,1743.85714
nld,20201111,1685.85714
nld,20201112,1623.14286
nld,20201113,1569
nld,20201114,1512.14286
nld,20201115,1468
nld,20201116,1432.14286
nld,20201117,1411.14286
nld,20201118,1385.57143
nld,20201119,1366.42857
nld,20201120,1355.42857
nld,20201121,1359.71429
nld,20201122,1366.71429
nld,20201123,1371.14286
nld,20201124,1371.14286
nld,20201125,1370.57143
nld,20201126,1364.85714
nld,20201127,1348.28571
nld,20201128,1325.85714
nld,20201129,1292.28571
nld,20201130,1259.42857
nld,20201201,1226.14286
nld,20201202,1197.71429
nld,20201203,1168.28571
nld,20201204,1143.14286
nld,20201205,1124
nld,20201206,1120
nld,20201207,1120.71429
nld,20201208,1129.28571
nld,20201209,1146.42857
nld,20201210,1175.57143
nld,20201211,1206
nld,20201212,1241.42857
nld,20201213,1270.85714
nld,20201214,1302.85714
nld,20201215,1340.14286
nld,20201216,1362.57143
nld,20201217,1381.85714
nld,20201218,1409
nld,20201219,1434
nld,20201220,1465.57143
nld,20201221,1495.28571
nld,20201222,1530.85714
nld,20201223,1596
nld,20201224,1672.14286
nld,20201225,1746.57143
nld,20201226,1803.85714
nld,20201227,1857.28571
nld,20201228,1917.42857
nld,20201229,1973.85714
nld,20201230,2007
nld,20201231,2022
nld,20210101,2018.28571
nld,20210102,2030.57143
nld,20210103,2039
nld,20210104,2031
nld,20210105,1997.14286
nld,20210106,1960.57143
nld,20210107,1918.85714
nld,20210108,1889.71429
nld,20210109,1854.57143
nld,20210110,1812
nld,20210111,1768.57143
nld,20210112,1733.28571
nld,20210113,1695.57143
nld,20210114,1666.14286
nld,20210115,1630.71429
nld,20210116,1592.14286
nld,20210117,1560.14286
nld,20210118,1532.71429
nld,20210119,1509.71429
nld,20210120,1492.14286
nld,20210121,1475.28571
nld,20210122,1465
nld,20210123,1459.14286
nld,20210124,1452.42857
nld,20210125,1451.14286
nld,20210126,1449.28571
nld,20210127,1446.71429
nld,20210128,1438.42857
nld,20210129,1423.14286
nld,20210130,1405
nld,20210131,1385.57143
nld,20210201,1360.14286
nld,20210202,1338.28571
nld,20210203,1315.57143
nld,20210204,1298.57143
nld,20210205,1282.28571
nld,20210206,1264.28571
nld,20210207,1250.71429
nld,20210208,1237.28571
nld,20210209,1210
nld,20210210,1187.28571
nld,20210211,1165.85714
nld,20210212,1151
nld,20210213,1142.71429
nld,20210214,1131.14286
nld,20210215,1126.28571
nld,20210216,1148.14286
nld,20210217,1164.71429
nld,20210218,1181.42857
nld,20210219,1198.42857
nld,20210220,1209.42857
nld,20210221,1220.85714
nld,20210222,1226
nld,20210223,1217
nld,20210224,1207.42857
nld,20210225,1195.14286
nld,20210226,1178.28571
nld,20210227,1169.28571
nld,20210228,1167.28571
nld,20210301,1171.57143
nld,20210302,1181.42857
nld,20210303,1198.71429
nld,20210304,1213.14286
nld,20210305,1229.42857
nld,20210306,1240.28571
nld,20210307,1242.85714
nld,20210308,1242.42857
nld,20210309,1239.57143
nld,20210310,1236.14286
nld,20210311,1240.28571
nld,20210312,1248.28571
nld,20210313,1264.42857
nld,20210314,1291
nld,20210315,1321.57143
nld,20210316,1348.28571
nld,20210317,1371.14286
nld,20210318,1392.57143
nld,20210319,1414
nld,20210320,1434.85714
nld,20210321,1448.71429
nld,20210322,1456.85714
nld,20210323,1475.28571
nld,20210324,1498
nld,20210325,1525
nld,20210326,1548.71429
nld,20210327,1570.14286
nld,20210328,1589.42857
nld,20210329,1613.14286
nld,20210330,1630.28571
nld,20210331,1649.28571
nld,20210401,1665.85714
nld,20210402,1687.14286
nld,20210403,1696.85714
nld,20210404,1707.57143
nld,20210405,1717.71429
nld,20210406,1714
nld,20210407,1708.85714
nld,20210408,1698.85714
nld,20210409,1681.71429
nld,20210410,1680.85714
nld,20210411,1686.57143
nld,20210412,1692.85714
nld,20210413,1719.14286
nld,20210414,1733.28571
nld,20210415,1743.14286
nld,20210416,1752.14286
nld,20210417,1747.71429
nld,20210418,1738.85714
nld,20210419,1721.57143
nld,20210420,1706
nld,20210421,1708.28571
nld,20210422,1724
nld,20210423,1741.85714
nld,20210424,1764.71429
nld,20210425,1783.14286
nld,20210426,1810.42857
nld,20210427,1829.42857
nld,20210428,1829.57143
nld,20210429,1822.57143
nld,20210430,1826.85714
nld,20210501,1829
nld,20210502,1829.42857
nld,20210503,1826.14286
nld,20210504,1812.71429
nld,20210505,1810.14286
nld,20210506,1795.42857
nld,20210507,1760.42857
nld,20210508,1727.85714
nld,20210509,1700.14286
nld,20210510,1668.85714
nld,20210511,1644.14286
nld,20210512,1612.71429
nld,20210513,1590.57143
nld,20210514,1563.57143
nld,20210515,1529.71429
nld,20210516,1490.28571
nld,20210517,1445
nld,20210518,1394.14286
nld,20210519,1341
nld,20210520,1280.14286
nld,20210521,1233
nld,20210522,1180.57143
nld,20210523,1127.71429
nld,20210524,1081.28571
nld,20210525,1029.42857
nld,20210526,975.57143
nld,20210527,921.42857
nld,20210528,862.14286
nld,20210529,807.85714
nld,20210530,756.42857
nld,20210531,703
nld,20210601,659
nld,20210602,620.85714
nld,20210603,593.28571
nld,20210604,567.42857
nld,20210605,545.71429
nld,20210606,523
nld,20210607,505
nld,20210608,487
nld,20210609,469.57143
nld,20210610,446.57143
nld,20210611,426.14286
nld,20210612,403.85714
nld,20210613,382.57143
nld,20210614,358
nld,20210615,336
nld,20210616,314.42857
nld,20210617,296.57143
nld,20210618,277.71429
nld,20210627,245.28571
nld,20210628,215.28571
nld,20210629,188.14286
nld,20210630,160.57143
nld,20210701,135.14286
nld,20210702,111.14286
nld,20210703,88.28571
nld,20210704,82.14286
nld,20210705,76.57143
nld,20210706,71.42857
nld,20210707,67.71429
nld,20210708,64.28571
nld,20210709,61
nld,20210710,59.85714
nld,20210711,60.57143
nld,20210712,61.85714
nld,20210713,64.85714
nld,20210714,69.71429
nld,20210715,78.28571
nld,20210716,91.42857
nld,20210717,109.42857
nld,20210718,131.42857
nld,20210719,158.85714
nld,20210720,193.71429
nld,20210721,233.85714
nld,20210722,274
nld,20210723,313.14286
nld,20210724,350
nld,20210725,386.28571
nld,20210726,419.57143
nld,20210727,447.71429
nld,20210728,473.42857
nld,20210729,498.28571
nld,20210730,518.71429
nld,20210731,537.85714
nld,20210801,551.57143
nld,20210802,560.14286
nld,20210803,563.71429
nld,20210804,557.57143
nld,20210805,547.42857
nld,20210806,536.57143
nld,20210807,522.42857
nld,20210808,509.28571
nld,20210809,497.14286
nld,20210810,483.57143
nld,20210811,475.57143
nld,20210812,466.28571
nld,20210813,459.14286
nld,20210814,454.14286
nld,20210815,449
nld,20210816,447.14286
nld,20210817,448.85714
nld,20210818,450.57143
nld,20210819,454.42857
nld,20210820,457
nld,20210821,455.57143
nld,20210822,454.85714
nld,20210823,450.85714
nld,20210824,445.85714
nld,20210825,440.28571
nld,20210826,436
nld,20210827,430.42857
nld,20210828,431.14286
nld,20210829,431.57143
nld,20210830,432
nld,20210831,432.28571
nld,20210901,434.42857
nld,20210902,436.71429
nld,20210903,440.42857
nld,20210904,440.71429
nld,20210905,442.14286
nld,20210906,442.85714
nld,20210907,442.28571
nld,20210908,439.28571
nld,20210909,435
nld,20210910,431
nld,20210911,425
nld,20210912,415.71429
nld,20210913,408.71429
nld,20210914,403.42857
nld,20210915,397.14286
nld,20210916,388.28571
nld,20210917,378
nld,20210918,369
nld,20210919,359.28571
nld,20210920,347.57143
nld,20210921,335.14286
nld,20210922,321.57143
nld,20210923,309.28571
nld,20210924,296.85714
nld,20210925,283
nld,20210926,271.57143
nld,20210927,260.57143
nld,20210928,249.57143
nld,20210929,243.85714
nld,20210930,239
nld,20211001,236.14286
nld,20211002,236.28571
nld,20211003,237.85714
nld,20211004,241.42857
nld,20211005,249.57143
nld,20211006,256.28571
nld,20211007,264.57143
nld,20211008,272.42857
nld,20211009,283.28571
nld,20211010,294.85714
nld,20211011,307
nld,20211012,314.57143
nld,20211013,323.28571
nld,20211014,332.57143
nld,20211015,344
nld,20211016,352.14286
nld,20211017,359.57143
nld,20211018,367.42857
nld,20211019,378.85714
nld,20211020,392.42857
nld,20211021,409.42857
nld,20211022,432.14286
nld,20211023,460.57143
nld,20211024,492.71429
nld,20211025,526.14286
nld,20211026,563.14286
nld,20211027,600.28571
nld,20211028,641.85714
nld,20211029,679.85714
nld,20211030,717.42857
nld,20211031,757.28571
nld,20211101,801.14286
nld,20211102,851.14286
nld,20211103,903.85714
nld,20211104,946
nld,20211105,986.42857
nld,20211106,1029.28571
nld,20211107,1068.71429
nld,20211108,1105.28571
nld,20211109,1131.85714
nld,20211110,1153.85714
nld,20211111,1184.28571
nld,20211112,1220.14286
nld,20211113,1253
nld,20211114,1285.71429
nld,20211115,1323.42857
nld,20211116,1364.57143
nld,20211117,1416
nld,20211118,1465.85714
nld,20211119,1513.71429
nld,20211120,1569.57143
nld,20211121,1631.42857
nld,20211122,1689.14286
nld,20211123,1752.71429
nld,20211124,1804.71429
nld,20211125,1860.57143
nld,20211126,1920.28571
nld,20211127,1972.28571
nld,20211128,2011.71429
nld,20211129,2045.28571
nld,20211130,2065.71429
nld,20211201,2092.28571
nld,20211202,2116.14286
nld,20211203,2118.71429
nld,20211204,2105.71429
nld,20211205,2095.14286
nld,20211206,2079.85714
nld,20211207,2063.42857
nld,20211208,2038.28571
nld,20211209,1998.42857
nld,20211210,1971.85714
nld,20211211,1958.57143
nld,20211212,1945
nld,20211213,1932.85714
nld,20211214,1913.28571
nld,20211215,1882.57143
nld,20211216,1846.57143
nld,20211217,1796.14286
nld,20211218,1729
nld,20211219,1652.57143
nld,20211220,1575.28571
nld,20211221,1502
nld,20211222,1435.28571
nld,20211223,1375.57143
nld,20211224,1322.42857
nld,20211225,1277
nld,20211226,1238.28571
nld,20211227,1201.14286
nld,20211228,1169.71429
nld,20211229,1144.85714
nld,20211230,1122.57143
nld,20211231,1104.71429
nld,20220101,1089
nld,20220102,1075.57143
nld,20220103,1062.42857
nld,20220104,1041.57143
nld,20220105,1015.28571
nld,20220106,988.57143
nld,20220107,960.42857
nld,20220108,938.57143
nld,20220109,917.28571
nld,20220110,900.42857
nld,20220111,890.85714
nld,20220112,878.71429
nld,20220113,869.28571
nld,20220114,861.71429
nld,20220115,848.71429
nld,20220116,834
nld,20220117,813.14286
nld,20220118,786.42857
nld,20220119,769.28571
nld,20220120,758.14286
nld,20220121,749.28571
nld,20220122,743.14286
nld,20220123,739.71429
nld,20220124,747.42857
nld,20220125,769
nld,20220126,792.14286
nld,20220127,813
nld,20220128,836.28571
nld,20220129,865.71429
nld,20220130,901.71429
nld,20220131,932.85714
nld,20220201,969
nld,20220202,1010.14286
nld,20220203,1056.14286
nld,20220204,1102
nld,20220205,1144.42857
nld,20220206,1177.28571
nld,20220207,1210.85714
nld,20220208,1228.28571
nld,20220209,1235.42857
nld,20220210,1234.71429
nld,20220211,1236.42857
nld,20220212,1238
nld,20220213,1246.71429
nld,20220214,1251
nld,20220215,1264.57143
nld,20220216,1279.57143
nld,20220217,1290.85714
nld,20220218,1291.85714
nld,20220219,1290
nld,20220220,1279.57143
nld,20220221,1271.57143
nld,20220222,1248.85714
nld,20220223,1224
nld,20220224,1200.28571
nld,20220225,1178.71429
nld,20220226,1150.14286
nld,20220227,1120.57143
nld,20220228,1085.85714
nld,20220301,1056.85714
nld,20220302,1027.71429
nld,20220303,1007.28571
nld,20220304,987.28571
nld,20220305,979.71429
nld,20220306,983.42857
nld,20220307,999
nld,20220308,1028.28571
nld,20220309,1070.14286
nld,20220310,1110.42857
nld,20220311,1164
nld,20220312,1225.42857
nld,20220313,1290.57143
nld,20220314,1356.71429
nld,20220315,1421.57143
nld,20220316,1484.85714
nld,20220317,1543.57143
nld,20220318,1593.85714
nld,20220319,1626.14286
nld,20220320,1645.71429
nld,20220321,1655.14286
nld,20220322,1653.28571
nld,20220323,1639.28571
nld,20220324,1629
nld,20220325,1610.71429
nld,20220326,1598.85714
nld,20220327,1588.14286
nld,20220328,1572
nld,20220329,1555
nld,20220330,1538.57143
nld,20220331,1515.85714
nld,20220401,1493.57143
nld,20220402,1464.57143
nld,20220403,1429
nld,20220404,1399.71429
nld,20220405,1359.57143
nld,20220406,1313.57143
nld,20220407,1264.71429
nld,20220408,1214.85714
nld,20220409,1163.42857
nld,20220410,1119.57143
nld,20220411,1071.85714
nld,20220412,1038.28571
nld,20220413,1010.42857
nld,20220414,983.42857
nld,20220415,958.57143
nld,20220419,935.42857
nld,20220420,915.14286
nld,20220421,899.28571
nld,20220422,874
nld,20220425,843.71429
nld,20220426,812.85714
nld,20220428,774.57143
nld,20220429,736.85714
nld,20220502,689.57143
nld,20220503,638.14286
nld,20220504,589.85714
nld,20220506,545.57143
nld,20220509,502.14286
nld,20220510,467.85714
nld,20220511,436.71429
nld,20220512,409.28571
nld,20220513,384.28571
nld,20220516,364.57143
nld,20220517,349
nld,20220518,337
nld,20220519,325.14286
nld,20220520,313.71429
nld,20220523,303.42857
nld,20220524,294.71429
nld,20220525,287.85714
nor,20200212,0
nor,20200301,0
nor,20200308,0.66667
nor,20200315,13.25
nor,20200322,48.8
nor,20200329,89.33333
nor,20200405,105.14286
nor,20200412,118.28571
nor,20200419,127.85714
nor,20200426,133.42857
nor,20200503,128.42857
nor,20200510,103.57143
nor,20200517,63.42857
nor,20200524,36.28571
nor,20200531,24.57143
nor,20200607,15.28571
nor,20200614,10.57143
nor,20200621,9.28571
nor,20200628,8.71429
nor,20200705,8
nor,20200712,6.85714
nor,20200719,6.57143
nor,20200726,6.71429
nor,20200802,7.14286
nor,20200809,8.42857
nor,20200816,8
nor,20200823,8.85714
nor,20200830,10.28571
nor,20200906,10.85714
nor,20200913,13.28571
nor,20200920,15
nor,20200927,14.85714
nor,20201004,16.71429
nor,20201011,19.57143
nor,20201018,21
nor,20201025,25.57143
nor,20201101,30.57143
nor,20201108,41.42857
nor,20201115,55.28571
nor,20201122,67.85714
nor,20201129,77
nor,20201206,90
nor,20201213,95.57143
nor,20201220,102
nor,20201227,99.14286
nor,20210103,97.28571
nor,20210110,94.57143
nor,20210117,93.85714
nor,20210124,90.85714
nor,20210131,86
nor,20210207,76.57143
nor,20210214,72
nor,20210221,66.85714
nor,20210228,64.42857
nor,20210307,66.57143
nor,20210314,78.42857
nor,20210321,104.57143
nor,20210328,129.71429
nor,20210404,153.42857
nor,20210411,173.42857
nor,20210418,187.42857
nor,20210425,191.57143
nor,20210502,176.85714
nor,20210509,154
nor,20210516,133.57143
nor,20210523,112
nor,20210530,90.42857
nor,20210606,73
nor,20210613,57.85714
nor,20210620,50.71429
nor,20210627,43.28571
nor,20210704,36.14286
nor,20210711,29.85714
nor,20210718,25
nor,20210725,20.42857
nor,20210801,19.14286
nor,20210808,20.85714
nor,20210815,23.14286
nor,20210822,27.85714
nor,20210829,35.28571
nor,20210905,42.71429
nor,20210912,54.57143
nor,20210919,63.14286
nor,20210926,67.57143
nor,20211003,71.14286
nor,20211010,72.42857
nor,20211017,71.42857
nor,20211024,73.14286
nor,20211031,75.42857
nor,20211107,85
nor,20211114,99.57143
nor,20211121,112.71429
nor,20211128,130.28571
nor,20211205,152.85714
nor,20211212,174
nor,20211219,194.28571
nor,20211226,202.14286
nor,20220102,205.71429
nor,20220109,205.28571
nor,20220116,196.85714
nor,20220123,188
nor,20220130,188.14286
nor,20220206,186
nor,20220213,203.42857
nor,20220220,241.42857
nor,20220227,296.28571
nor,20220306,358.57143
nor,20220313,415
nor,20220320,441.14286
nor,20220327,457.42857
nor,20220403,447.57143
nor,20220410,413
nor,20220417,359.71429
nor,20220424,299.85714
nor,20220501,232.28571
nor,20220508,183.85714
nor,20220515,144.28571
nor,20220522,117.14286
rus,20220504,13161
rus,20220505,13487
rus,20220506,13691.33333
rus,20220507,13790.5
rus,20220508,13823.2
rus,20220509,13856
rus,20220510,13816.42857
rus,20220511,13838.14286
rus,20220512,13781.71429
rus,20220513,13635.85714
rus,20220514,13482.57143
rus,20220515,13322.28571
rus,20220516,13139.57143
rus,20220517,13273
rus,20220518,13624.85714
rus,20220519,13785.14286
rus,20220520,13933.14286
rus,20220521,14015
rus,20220522,14112.85714
rus,20220523,14173.42857
rus,20220524,13937.14286
rus,20220525,13535.85714
rus,20220526,13303
sgp,20220329,1108
sgp,20220330,983
sgp,20220331,933
sgp,20220401,904
sgp,20220402,882.8
sgp,20220403,859.66667
sgp,20220404,838.28571
sgp,20220405,777.71429
sgp,20220406,745.71429
sgp,20220407,708.85714
sgp,20220408,666.57143
sgp,20220409,620.57143
sgp,20220410,578.14286
sgp,20220411,533.28571
sgp,20220412,483.71429
sgp,20220413,444.42857
sgp,20220414,411.57143
sgp,20220415,383.28571
sgp,20220416,359.28571
sgp,20220417,337
sgp,20220418,321.71429
sgp,20220419,318.71429
sgp,20220420,310.71429
sgp,20220421,305.14286
sgp,20220422,296.85714
sgp,20220423,295.42857
sgp,20220424,296.57143
sgp,20220425,297.28571
sgp,20220426,292.85714
sgp,20220427,289.42857
sgp,20220428,285.42857
sgp,20220429,288.57143
sgp,20220430,283.71429
sgp,20220501,277.57143
sgp,20220502,270.85714
sgp,20220503,271.42857
sgp,20220504,274.42857
sgp,20220505,278.85714
sgp,20220506,284.57143
sgp,20220507,296.85714
sgp,20220508,313.14286
sgp,20220509,333.28571
sgp,20220510,343.28571
sgp,20220511,354.28571
sgp,20220512,367
sgp,20220513,379.14286
sgp,20220514,389
sgp,20220515,397.57143
sgp,20220516,406.42857
sgp,20220517,419.28571
sgp,20220518,431
sgp,20220519,440.14286
sgp,20220520,445.71429
sgp,20220521,451.57143
sgp,20220522,455.28571
svn,20200322,40
svn,20200329,58
svn,20200405,55.66667
svn,20200412,55.5
svn,20200419,53.2
svn,20200426,48.33333
svn,20200503,44
svn,20200510,39.28571
svn,20200517,29
svn,20200524,21.71429
svn,20200531,14
svn,20200607,7.85714
svn,20200614,4.57143
svn,20200621,2.42857
svn,20200628,1.85714
svn,20200705,1.85714
svn,20200712,4
svn,20200719,5.42857
svn,20200726,8
svn,20200802,9.14286
svn,20200809,10.57143
svn,20200816,11.85714
svn,20200823,12.85714
svn,20200830,12.85714
svn,20200906,13.71429
svn,20200913,15.28571
svn,20200920,21.57143
svn,20200927,29.85714
svn,20201004,40.14286
svn,20201011,57.14286
svn,20201018,88.14286
svn,20201025,151.57143
svn,20201101,246.14286
svn,20201108,366.28571
svn,20201115,481.28571
svn,20201122,573
svn,20201129,675.57143
svn,20201206,758.14286
svn,20201213,812.57143
svn,20201220,816.28571
svn,20201227,785.57143
svn,20210103,766.14286
svn,20210110,767.14286
svn,20210117,751.28571
svn,20210124,733.57143
svn,20210131,694.85714
svn,20210207,662.42857
svn,20210214,617.57143
svn,20210221,551.14286
svn,20210228,491
svn,20210307,430.28571
svn,20210314,370
svn,20210321,334.28571
svn,20210328,316.28571
svn,20210404,320.14286
svn,20210411,344.42857
svn,20210418,360.42857
svn,20210425,373
svn,20210502,386.85714
svn,20210509,380.57143
svn,20210516,361.57143
svn,20210523,328.28571
svn,20210530,281.85714
svn,20210606,235.14286
svn,20210613,189.85714
svn,20210620,145.28571
svn,20210627,109.57143
svn,20210704,80
svn,20210711,59.85714
svn,20210718,43.85714
svn,20210725,32.14286
svn,20210801,22.28571
svn,20210808,18.14286
svn,20210815,19.71429
svn,20210822,24.28571
svn,20210829,41
svn,20210905,65.71429
svn,20210912,95.14286
svn,20210919,129.85714
svn,20210926,166.14286
svn,20211003,203.71429
svn,20211010,233
svn,20211017,250
svn,20211024,274.28571
svn,20211031,316.85714
svn,20211107,372
svn,20211114,434.57143
svn,20211121,495.28571
svn,20211128,554.71429
svn,20211205,599.71429
svn,20211212,614.85714
svn,20211219,587.28571
svn,20211226,535.42857
svn,20220102,473.57143
svn,20220109,416
svn,20220116,372.28571
svn,20220123,354.85714
svn,20220130,374
svn,20220206,421.28571
svn,20220213,477
svn,20220220,518.42857
svn,20220227,521.85714
svn,20220306,504.14286
svn,20220313,472
svn,20220320,416
svn,20220327,353.57143
svn,20220403,288.85714
svn,20220410,236.57143
svn,20220417,206.85714
svn,20220424,190.14286
svn,20220501,177
svn,20220508,162.57143
svn,20220515,139.85714
svn,20220522,113.71429
usa,20200721,30554
usa,20200722,30954
usa,20200723,31196.33333
usa,20200724,31365.25
usa,20200725,31653.4
usa,20200726,31986.33333
usa,20200727,32362.85714
usa,20200728,33088.71429
usa,20200729,33791.14286
usa,20200730,34521.71429
usa,20200731,35399.28571
usa,20200801,36222.42857
usa,20200802,36923
usa,20200803,37410.71429
usa,20200804,37605.85714
usa,20200805,37651.14286
usa,20200806,37553.57143
usa,20200807,37086.28571
usa,20200808,36343
usa,20200809,35551
usa,20200810,34779.42857
usa,20200811,34117.42857
usa,20200812,33459.14286
usa,20200813,32823.57143
usa,20200814,32370.14286
usa,20200815,32125.85714
usa,20200816,31935.71429
usa,20200817,31868.28571
usa,20200818,31831.85714
usa,20200819,31824.57143
usa,20200820,31837.85714
usa,20200821,31771
usa,20200822,31660.57143
usa,20200823,31479.57143
usa,20200824,31114.14286
usa,20200825,30702.14286
usa,20200826,30337.14286
usa,20200827,29962.14286
usa,20200828,29751
usa,20200829,29584.28571
usa,20200830,29514.71429
usa,20200831,29579.85714
usa,20200901,29663.85714
usa,20200902,29678.14286
usa,20200903,29679.57143
usa,20200904,29524.71429
usa,20200905,29236.42857
usa,20200906,28831.85714
usa,20200907,28338.57143
usa,20200908,27815.28571
usa,20200909,27407.57143
usa,20200910,27141.14286
usa,20200911,27017.57143
usa,20200912,27055.14286
usa,20200913,27242
usa,20200914,27444.57143
usa,20200915,27744.28571
usa,20200916,27824.85714
usa,20200917,27678.42857
usa,20200918,27341.28571
usa,20200919,26875.28571
usa,20200920,26248.85714
usa,20200921,25700.85714
usa,20200922,25100
usa,20200923,24681.85714
usa,20200924,24398.28571
usa,20200925,24264.85714
usa,20200926,24258.85714
usa,20200927,24381.71429
usa,20200928,24548.57143
usa,20200929,24787
usa,20200930,25038.42857
usa,20201001,25353.85714
usa,20201002,25688.42857
usa,20201003,26058.14286
usa,20201004,26448
usa,20201005,26895.85714
usa,20201006,27475.28571
usa,20201007,28128.57143
usa,20201008,28830.14286
usa,20201009,29619.71429
usa,20201010,30411.71429
usa,20201011,31277.85714
usa,20201012,32028
usa,20201013,32603
usa,20201014,33138.71429
usa,20201015,33624.42857
usa,20201016,34103.14286
usa,20201017,34614.57143
usa,20201018,35089.71429
usa,20201019,35634.42857
usa,20201020,36281.85714
usa,20201021,36943.71429
usa,20201022,37667.71429
usa,20201023,38354.85714
usa,20201024,39037
usa,20201025,39666.28571
usa,20201026,40261.71429
usa,20201027,40807.71429
usa,20201028,41407
usa,20201029,42025.28571
usa,20201030,42750.42857
usa,20201031,43462.14286
usa,20201101,44269.71429
usa,20201102,45215.85714
usa,20201103,46286.42857
usa,20201104,47364
usa,20201105,48483.42857
usa,20201106,49611.85714
usa,20201107,50946
usa,20201108,52428
usa,20201109,53982.42857
usa,20201110,55698.57143
usa,20201111,57599.14286
usa,20201112,59612.42857
usa,20201113,61706.14286
usa,20201114,63757.14286
usa,20201115,65788.42857
usa,20201116,67812.42857
usa,20201117,69755.71429
usa,20201118,71600.57143
usa,20201119,73372.71429
usa,20201120,75121.42857
usa,20201121,76812.28571
usa,20201122,78369.28571
usa,20201123,79800.71429
usa,20201124,81151.57143
usa,20201125,82425.28571
usa,20201126,83554.42857
usa,20201127,84231.14286
usa,20201128,84847.85714
usa,20201129,85538.85714
usa,20201130,86230.57143
usa,20201201,86872.42857
usa,20201202,87452
usa,20201203,88118.85714
usa,20201204,89404.28571
usa,20201205,90672.85714
usa,20201206,91743.57143
usa,20201207,92767.71429
usa,20201208,93704
usa,20201209,94706.42857
usa,20201210,95732.28571
usa,20201211,96515.57143
usa,20201212,97342.14286
usa,20201213,98300.85714
usa,20201214,99302.71429
usa,20201215,100457
usa,20201216,101513.57143
usa,20201217,102375.28571
usa,20201218,103060.57143
usa,20201219,103597
usa,20201220,104063.85714
usa,20201221,104495.57143
usa,20201222,104810
usa,20201223,105183.57143
usa,20201224,105638.42857
usa,20201225,105985
usa,20201226,106062.28571
usa,20201227,106256.57143
usa,20201228,106457.42857
usa,20201229,106552.42857
usa,20201230,106571
usa,20201231,106646.14286
usa,20210101,107047.71429
usa,20210102,107955.42857
usa,20210103,108791.57143
usa,20210104,109572.57143
usa,20210105,110589.85714
usa,20210106,111684.14286
usa,20210107,112688.28571
usa,20210108,113613.71429
usa,20210109,114523.14286
usa,20210110,115119.42857
usa,20210111,115544
usa,20210112,115546.42857
usa,20210113,115243.42857
usa,20210114,114776.85714
usa,20210115,114063.85714
usa,20210116,112949
usa,20210117,111881
usa,20210118,110782.14286
usa,20210119,109594.14286
usa,20210120,108244.85714
usa,20210121,106678
usa,20210122,104927.28571
usa,20210123,103017
usa,20210124,100971.85714
usa,20210125,98766.28571
usa,20210126,96675.42857
usa,20210127,94700.14286
usa,20210128,92819.28571
usa,20210129,90802.14286
usa,20210130,88790.71429
usa,20210131,86801.57143
usa,20210201,84932.42857
usa,20210202,82877.28571
usa,20210203,80770
usa,20210204,78680.28571
usa,20210205,76866.14286
usa,20210206,75197.42857
usa,20210207,73595
usa,20210208,71961.71429
usa,20210209,70474.14286
usa,20210210,68990.71429
usa,20210211,67402
usa,20210212,65649.14286
usa,20210213,63748.71429
usa,20210214,61820.28571
usa,20210215,59880.57143
usa,20210216,57866.85714
usa,20210217,55924.71429
usa,20210218,54109.85714
usa,20210219,52434
usa,20210220,50961.57143
usa,20210221,49618.57143
usa,20210222,48497.14286
usa,20210223,47637.28571
usa,20210224,46880.57143
usa,20210225,46228.42857
usa,20210226,45618
usa,20210227,44963.28571
usa,20210228,44287.42857
usa,20210301,43474.28571
usa,20210302,42506.57143
usa,20210303,41465.85714
usa,20210304,40402.57143
usa,20210305,39411.14286
usa,20210306,38507.14286
usa,20210307,37633.85714
usa,20210308,36883.71429
usa,20210309,36277.71429
usa,20210310,35809.42857
usa,20210311,35394
usa,20210312,35029.57143
usa,20210313,34695.14286
usa,20210314,34420.71429
usa,20210315,34169.57143
usa,20210316,33947.57143
usa,20210317,33723.57143
usa,20210318,33564.14286
usa,20210319,33370.85714
usa,20210320,33245.57143
usa,20210321,33153.28571
usa,20210322,33084.71429
usa,20210323,33073.85714
usa,20210324,33136.28571
usa,20210325,33250.14286
usa,20210326,33450
usa,20210327,33655.14286
usa,20210328,33938.71429
usa,20210329,34252.57143
usa,20210330,34549.14286
usa,20210331,34816.42857
usa,20210401,35049.71429
usa,20210402,35269.14286
usa,20210403,35496.14286
usa,20210404,35659
usa,20210405,35839
usa,20210406,36085.71429
usa,20210407,36402.14286
usa,20210408,36755.57143
usa,20210409,37143.14286
usa,20210410,37541.28571
usa,20210411,37980.57143
usa,20210412,38398.28571
usa,20210413,38710.42857
usa,20210414,38946
usa,20210415,39134.85714
usa,20210416,39293.42857
usa,20210417,39446.85714
usa,20210418,39545.42857
usa,20210419,39607.57143
usa,20210420,39666.42857
usa,20210421,39696.71429
usa,20210422,39677.14286
usa,20210423,39527.85714
usa,20210424,39226.71429
usa,20210425,38827.71429
usa,20210426,38346.28571
usa,20210427,37811.71429
usa,20210428,37219.28571
usa,20210429,36607.28571
usa,20210430,36065.14286
usa,20210501,35559.85714
usa,20210502,35079.85714
usa,20210503,34653.85714
usa,20210504,34226.28571
usa,20210505,33810.57143
usa,20210506,33369.57143
usa,20210507,32861.85714
usa,20210508,32372.28571
usa,20210509,31865.28571
usa,20210510,31292
usa,20210511,30693
usa,20210512,30079.71429
usa,20210513,29465.14286
usa,20210514,28855.28571
usa,20210515,28209.42857
usa,20210516,27582.85714
usa,20210517,26972.42857
usa,20210518,26386.28571
usa,20210519,25827.85714
usa,20210520,25287.14286
usa,20210521,24776.42857
usa,20210522,24314.57143
usa,20210523,23894.14286
usa,20210524,23527.42857
usa,20210525,23187
usa,20210526,22832.42857
usa,20210527,22518.28571
usa,20210528,22198.42857
usa,20210529,21832.71429
usa,20210530,21414.42857
usa,20210531,20936
usa,20210601,20368.71429
usa,20210602,19816.28571
usa,20210603,19219.42857
usa,20210604,18632.85714
usa,20210605,18090.71429
usa,20210606,17580.28571
usa,20210607,17117.57143
usa,20210608,16800.42857
usa,20210609,16479.42857
usa,20210610,16194.28571
usa,20210611,15935.71429
usa,20210612,15687.57143
usa,20210613,15468.57143
usa,20210614,15274.57143
usa,20210615,15026.42857
usa,20210616,14816.71429
usa,20210617,14610.42857
usa,20210618,14402.14286
usa,20210619,14202.57143
usa,20210620,13990.14286
usa,20210621,13770.85714
usa,20210622,13601.14286
usa,20210623,13442.71429
usa,20210624,13326.71429
usa,20210625,13234.71429
usa,20210626,13185.14286
usa,20210627,13190.28571
usa,20210628,13240
usa,20210629,13296.14286
usa,20210630,13388.42857
usa,20210701,13491.28571
usa,20210702,13662.85714
usa,20210703,13842
usa,20210704,14014
usa,20210705,14189.42857
usa,20210706,14387
usa,20210707,14634.42857
usa,20210708,14953.42857
usa,20210709,15274.14286
usa,20210710,15669.57143
usa,20210711,16145.71429
usa,20210712,16712
usa,20210713,17390.42857
usa,20210714,18081.85714
usa,20210715,18800.85714
usa,20210716,19594.57143
usa,20210717,20431.28571
usa,20210718,21311.57143
usa,20210719,22239.42857
usa,20210720,23223
usa,20210721,24332.14286
usa,20210722,25577.42857
usa,20210723,26921.57143
usa,20210724,28380
usa,20210725,29950.14286
usa,20210726,31625.28571
usa,20210727,33399.57143
usa,20210728,35288.28571
usa,20210729,37204
usa,20210730,39255.85714
usa,20210731,41403.71429
usa,20210801,43589.42857
usa,20210802,45798.14286
usa,20210803,48076.71429
usa,20210804,50375
usa,20210805,52768.71429
usa,20210806,55110.14286
usa,20210807,57406.85714
usa,20210808,59756
usa,20210809,62133
usa,20210810,64444.57143
usa,20210811,66724.85714
usa,20210812,68940.42857
usa,20210813,71088
usa,20210814,73150.85714
usa,20210815,74996.57143
usa,20210816,76669.57143
usa,20210817,78220.57143
usa,20210818,79618.42857
usa,20210819,80823
usa,20210820,81875.57143
usa,20210821,82809.28571
usa,20210822,83754.71429
usa,20210823,84622.14286
usa,20210824,85349.28571
usa,20210825,85902.14286
usa,20210826,86377.71429
usa,20210827,86774.14286
usa,20210828,87045.28571
usa,20210829,87120.42857
usa,20210830,87094.42857
usa,20210831,87005.14286
usa,20210901,86975.42857
usa,20210902,86874.42857
usa,20210903,86647.28571
usa,20210904,86420.71429
usa,20210905,86228.85714
usa,20210906,86015
usa,20210907,85609.14286
usa,20210908,85066.14286
usa,20210909,84476.28571
usa,20210910,83954.28571
usa,20210911,83325.71429
usa,20210912,82585.14286
usa,20210913,81771.85714
usa,20210914,81138
usa,20210915,80367.28571
usa,20210916,79477.14286
usa,20210917,78416.85714
usa,20210918,77293
usa,20210919,76110.85714
usa,20210920,74845.57143
usa,20210921,73420.71429
usa,20210922,72047.14286
usa,20210923,70645.57143
usa,20210924,69256.14286
usa,20210925,67849.71429
usa,20210926,66452.71429
usa,20210927,65079.71429
usa,20210928,63722.85714
usa,20210929,62333.57143
usa,20210930,60982.42857
usa,20211001,59667.71429
usa,20211002,58401.85714
usa,20211003,57179.71429
usa,20211004,56024.14286
usa,20211005,54906
usa,20211006,53911.85714
usa,20211007,53024.85714
usa,20211008,52192.71429
usa,20211009,51455.57143
usa,20211010,50798
usa,20211011,50185.14286
usa,20211012,49619.28571
usa,20211013,49018.42857
usa,20211014,48380.85714
usa,20211015,47774.14286
usa,20211016,47140
usa,20211017,46472.71429
usa,20211018,45791.71429
usa,20211019,45087.71429
usa,20211020,44380.42857
usa,20211021,43710.14286
usa,20211022,42999
usa,20211023,42280
usa,20211024,41573.28571
usa,20211025,40897.57143
usa,20211026,40251.85714
usa,20211027,39673
usa,20211028,39097.14286
usa,20211029,38586.42857
usa,20211030,38138.42857
usa,20211031,37732.57143
usa,20211101,37308.85714
usa,20211102,36959.85714
usa,20211103,36641.14286
usa,20211104,36382.57143
usa,20211105,36159
usa,20211106,35957
usa,20211107,35820.14286
usa,20211108,35828.57143
usa,20211109,35897.85714
usa,20211110,36021.42857
usa,20211111,36203.71429
usa,20211112,36444.14286
usa,20211113,36766.71429
usa,20211114,37108.14286
usa,20211115,37426.57143
usa,20211116,37789.57143
usa,20211117,38217.85714
usa,20211118,38729
usa,20211119,39255
usa,20211120,39769.57143
usa,20211121,40300.85714
usa,20211122,40892.42857
usa,20211123,41475.57143
usa,20211124,42029.85714
usa,20211125,42471.28571
usa,20211126,42811.42857
usa,20211127,43209.85714
usa,20211128,43635.14286
usa,20211129,44030.57143
usa,20211130,44421.28571
usa,20211201,44856.14286
usa,20211202,45403.14286
usa,20211203,46296
usa,20211204,47197
usa,20211205,48125
usa,20211206,49054.57143
usa,20211207,50038.42857
usa,20211208,51034.71429
usa,20211209,52058.42857
usa,20211210,52858.42857
usa,20211211,53590.85714
usa,20211212,54265.57143
usa,20211213,54840
usa,20211214,55241.85714
usa,20211215,55498.28571
usa,20211216,55581.71429
usa,20211217,55582.42857
usa,20211218,55529
usa,20211219,55435.71429
usa,20211220,55448.85714
usa,20211221,55601.71429
usa,20211222,55938.85714
usa,20211223,56510.57143
usa,20211224,57276.71429
usa,20211225,58221.85714
usa,20211226,59468.57143
usa,20211227,61129.14286
usa,20211228,63410.14286
usa,20211229,66408.85714
usa,20211230,70114.14286
usa,20211231,74644.28571
usa,20220101,79936.85714
usa,20220102,85823.14286
usa,20220103,92042.28571
usa,20220104,98347.14286
usa,20220105,104574.57143
usa,20220106,110652.71429
usa,20220107,116441.42857
usa,20220108,122075
usa,20220109,127286.14286
usa,20220110,132064.42857
usa,20220111,136431.42857
usa,20220112,140338.28571
usa,20220113,143706.28571
usa,20220114,146578
usa,20220115,148813.71429
usa,20220116,150472.28571
usa,20220117,151507.57143
usa,20220118,152032.71429
usa,20220119,152068
usa,20220120,151694.71429
usa,20220121,150758.85714
usa,20220122,149278.85714
usa,20220123,147622.85714
usa,20220124,146024.57143
usa,20220125,144331.57143
usa,20220126,142371.57143
usa,20220127,140105.28571
usa,20220128,137708.28571
usa,20220129,135291.85714
usa,20220130,132677.85714
usa,20220131,129712.42857
usa,20220201,126341.71429
usa,20220202,122765.71429
usa,20220203,119072.42857
usa,20220204,115100
usa,20220205,110896.71429
usa,20220206,106688.28571
usa,20220207,102510.28571
usa,20220208,98338.71429
usa,20220209,94228
usa,20220210,90192
usa,20220211,86504
usa,20220212,83022.71429
usa,20220213,79547.57143
usa,20220214,76107.85714
usa,20220215,72739.42857
usa,20220216,69437.28571
usa,20220217,66211.57143
usa,20220218,62930.57143
usa,20220219,59650.57143
usa,20220220,56502.42857
usa,20220221,53527.71429
usa,20220222,50770.42857
usa,20220223,48184.71429
usa,20220224,45753.71429
usa,20220225,43525.85714
usa,20220226,41523.57143
usa,20220227,39674.14286
usa,20220228,37936.28571
usa,20220301,36311.85714
usa,20220302,34823.57143
usa,20220303,33440.57143
usa,20220304,32111.71429
usa,20220305,30825.28571
usa,20220306,29578.28571
usa,20220307,28373.71429
usa,20220308,27203.14286
usa,20220309,26037.42857
usa,20220310,24914.85714
usa,20220311,23858.14286
usa,20220312,22847
usa,20220313,21854.71429
usa,20220314,20859.28571
usa,20220315,19936
usa,20220316,19087.28571
usa,20220317,18276.57143
usa,20220318,17488.28571
usa,20220319,16723
usa,20220320,16011.28571
usa,20220321,15388.57143
usa,20220322,14796.28571
usa,20220323,14265
usa,20220324,13791.42857
usa,20220325,13375.42857
usa,20220326,13044.14286
usa,20220327,12754.42857
usa,20220328,12476.14286
usa,20220329,12227.28571
usa,20220330,11974.42857
usa,20220331,11745.14286
usa,20220401,11534.57143
usa,20220402,11301.71429
usa,20220403,11060.85714
usa,20220404,10847.57143
usa,20220405,10664
usa,20220406,10526
usa,20220407,10421.85714
usa,20220408,10357.57143
usa,20220409,10326.28571
usa,20220410,10342.57143
usa,20220411,10361.14286
usa,20220412,10406
usa,20220413,10465.28571
usa,20220414,10530.57143
usa,20220415,10603.28571
usa,20220416,10699.71429
usa,20220417,10784.28571
usa,20220418,10896.42857
usa,20220419,11018.85714
usa,20220420,11177.85714
usa,20220421,11366.42857
usa,20220422,11575.28571
usa,20220423,11823.85714
usa,20220424,12113.42857
usa,20220425,12416
usa,20220426,12749.14286
usa,20220427,13102.85714
usa,20220428,13468.57143
usa,20220429,13840.42857
usa,20220430,14206.57143
usa,20220501,14585.42857
usa,20220502,14975.85714
usa,20220503,15371
usa,20220504,15749.71429
usa,20220505,16151.42857
usa,20220506,16589.57143
usa,20220507,17042
usa,20220508,17484.28571
usa,20220509,17903.28571
usa,20220510,18312
usa,20220511,18725.28571
usa,20220512,19131
usa,20220513,19551.85714
usa,20220514,19984.71429
usa,20220515,20458.42857
usa,20220516,20998.42857
usa,20220517,21601.42857
usa,20220518,22234.42857
usa,20220519,22862.71429
usa,20220520,23434.14286
usa,20220521,23986.28571
usa,20220522,24497.71429
usa,20220523,24973.71429
usa,20220524,25355
zaf,20200425,269
zaf,20200502,329.5
zaf,20200509,373.66667
zaf,20200516,550.5
zaf,20200523,725.6
zaf,20200530,936.5
zaf,20200606,1135.28571
zaf,20200613,1529
zaf,20200620,2093.85714
zaf,20200627,2876.42857
zaf,20200704,3756.42857
zaf,20200711,4732.14286
zaf,20200718,5714
zaf,20200725,6611.14286
zaf,20200801,7227.85714
zaf,20200808,7467.71429
zaf,20200815,7259.42857
zaf,20200822,6756.42857
zaf,20200829,5993
zaf,20200905,5084.71429
zaf,20200912,4179.42857
zaf,20200919,3411.85714
zaf,20200926,2817.57143
zaf,20201003,2420.14286
zaf,20201010,2161.85714
zaf,20201017,2014.71429
zaf,20201024,1942.14286
zaf,20201031,1916.42857
zaf,20201107,1945.42857
zaf,20201114,2038.14286
zaf,20201121,2242.57143
zaf,20201128,2515.14286
zaf,20201205,2963.71429
zaf,20201212,3755.57143
zaf,20201219,4896.71429
zaf,20201226,6424
zaf,20210102,8361.85714
zaf,20210109,10512.28571
zaf,20210116,12374.71429
zaf,20210123,13355.71429
zaf,20210130,13325.28571
zaf,20210206,12640.28571
zaf,20210213,11363
zaf,20210220,9498.42857
zaf,20210227,7248.57143
zaf,20210306,5145.14286
zaf,20210313,3724.71429
zaf,20210320,2951
zaf,20210327,2447.28571
zaf,20210403,2125
zaf,20210410,1944.42857
zaf,20210417,1878.14286
zaf,20210424,1883.85714
zaf,20210501,1926.71429
zaf,20210508,2021.71429
zaf,20210515,2194.85714
zaf,20210522,2480.71429
zaf,20210529,2860.28571
zaf,20210605,3290.42857
zaf,20210612,3912.85714
zaf,20210619,4746.71429
zaf,20210626,5897.85714
zaf,20210703,7290.57143
zaf,20210710,8870.71429
zaf,20210717,10279.85714
zaf,20210724,11445.85714
zaf,20210731,12158.71429
zaf,20210807,12490
zaf,20210814,12329.14286
zaf,20210821,11917.14286
zaf,20210828,11043
zaf,20210904,9988.57143
zaf,20210911,8899.28571
zaf,20210918,7803
zaf,20210925,6682.57143
zaf,20211002,5618.71429
zaf,20211009,4424.28571
zaf,20211016,3361.57143
zaf,20211023,2497.85714
zaf,20211030,1799.42857
zaf,20211106,1336.85714
zaf,20211113,1058.85714
zaf,20211120,876.14286
zaf,20211127,890.57143
zaf,20211204,1324.57143
zaf,20211211,2371.42857
zaf,20211218,3681
zaf,20211225,4997.42857
zaf,20220101,6131.28571
zaf,20220108,7065.28571
zaf,20220115,7608.28571
zaf,20220122,7520
zaf,20220129,6792.57143
zaf,20220205,5751.42857
zaf,20220212,4658.57143
zaf,20220219,3698
zaf,20220226,2872.42857
zaf,20220305,2283.71429
zaf,20220312,1932.85714
zaf,20220319,1633.28571
zaf,20220326,1416.85714
zaf,20220402,1241
zaf,20220409,1118.28571
zaf,20220416,1039.85714
zaf,20220423,1104.85714
zaf,20220430,1260.57143
zaf,20220507,1519.14286
zaf,20220514,1838.14286
zaf,20220521,2080.28571
