geo,time,total_vaccinations_smoothed
abw,20210329,25766
abw,20210410,33431
abw,20210412,36645
abw,20210413,38880.75
abw,20210414,40744.6
abw,20210415,42378.16667
abw,20210416,43889.14286
abw,20210417,48148.57143
abw,20210418,50227.85714
abw,20210419,52385.71429
abw,20210420,54498.71429
abw,20210421,56519
abw,20210422,58482.14286
abw,20210423,60624.28571
abw,20210424,62581
abw,20210425,65074.14286
abw,20210426,67243
abw,20210428,69284.28571
abw,20210429,71213.42857
abw,20210430,73010.14286
abw,20210503,74407
abw,20210504,75789.42857
abw,20210505,76703.57143
abw,20210506,77588.28571
abw,20210507,78386.85714
abw,20210508,79080.14286
abw,20210510,79758.85714
abw,20210511,80494.42857
abw,20210512,81249.14286
abw,20210513,82097.57143
abw,20210514,83238
abw,20210515,84430
abw,20210517,85902.42857
abw,20210518,87633.57143
abw,20210519,89509.28571
abw,20210520,91463.85714
abw,20210521,93544.14286
abw,20210522,95809.71429
abw,20210523,98648.14286
abw,20210524,101326.71429
abw,20210525,103847.14286
abw,20210526,106084
abw,20210527,108140.42857
abw,20210528,110011.14286
abw,20210529,111477.85714
abw,20210531,112289.71429
abw,20210601,112986.28571
abw,20210602,113524.42857
abw,20210603,114224.14286
abw,20210604,114832.85714
abw,20210606,115330.14286
abw,20210607,115812.14286
abw,20210608,116318.14286
abw,20210609,116844.42857
abw,20210610,117377.14286
abw,20210611,117781.71429
abw,20210612,118480.85714
abw,20210614,119237.28571
abw,20210615,119984.85714
abw,20210616,120696.85714
abw,20210617,121382.42857
abw,20210618,122053.57143
abw,20210620,122695.71429
abw,20210621,123101.71429
abw,20210622,123452.85714
abw,20210623,123822.42857
abw,20210624,124195.14286
abw,20210627,124505.85714
abw,20210628,124835
abw,20210629,125191.71429
abw,20210630,125612.14286
abw,20210701,126052.71429
abw,20210702,126499.57143
abw,20210705,126969
abw,20210706,127522.14286
abw,20210707,128060.85714
abw,20210708,128594.28571
abw,20210709,129082
abw,20210710,129726.85714
abw,20210712,130349.71429
abw,20210713,130941.14286
abw,20210714,131515.14286
abw,20210715,132098.14286
abw,20210716,132616.57143
abw,20210719,133165.14286
abw,20210720,133535.28571
abw,20210721,133912.28571
abw,20210722,134303
abw,20210723,134635.71429
abw,20210726,134958.71429
abw,20210727,135351
abw,20210728,135693.42857
abw,20210729,136091.14286
abw,20210730,136464.71429
abw,20210731,136901.71429
abw,20210801,137330.85714
abw,20210802,137716.57143
abw,20210803,138080.42857
abw,20210804,138396.85714
abw,20210805,138682.28571
abw,20210806,138963.42857
abw,20210809,139160.28571
abw,20210810,139416.14286
abw,20210811,139732.28571
abw,20210812,140028.42857
abw,20210813,140384
abw,20210816,140774
abw,20210817,141208.28571
abw,20210818,141657.28571
abw,20210819,142099
abw,20210820,142493.28571
abw,20210822,143181.57143
abw,20210823,143844.85714
abw,20210824,144482.42857
abw,20210825,145080.57143
abw,20210826,145659.14286
abw,20210827,146225.85714
abw,20210829,146785.28571
abw,20210830,147030.85714
abw,20210831,147312.42857
abw,20210901,147617.57143
abw,20210902,147913.85714
abw,20210903,148194.85714
abw,20210906,148513
abw,20210907,148814.85714
abw,20210908,149146.42857
abw,20210909,149430.85714
abw,20210910,149692.85714
abw,20210911,150038.57143
abw,20210912,150630.28571
abw,20210913,151145
abw,20210914,151703.14286
abw,20210915,152287
abw,20210916,152891.42857
abw,20210920,153496.28571
abw,20210921,154040
abw,20210922,154315.71429
abw,20210923,154621.85714
abw,20210924,154893.85714
abw,20210925,155115
abw,20210926,155288.28571
abw,20210927,155438.71429
abw,20210928,155555.14286
abw,20210929,155689.71429
abw,20210930,155810.14286
abw,20211001,155932.14286
abw,20211002,156039
abw,20211004,156167.71429
abw,20211005,156312.14286
abw,20211006,156469.14286
abw,20211007,156633.57143
abw,20211008,156801.57143
abw,20211009,156944.57143
abw,20211010,157113.71429
abw,20211012,157271.42857
abw,20211013,157428.85714
abw,20211014,157563.85714
abw,20211015,157685.71429
abw,20211018,157809.14286
abw,20211019,157964
abw,20211020,158108.42857
abw,20211021,158251.28571
abw,20211022,158386.85714
abw,20211025,158525.28571
abw,20211026,158661.14286
abw,20211027,158797.71429
abw,20211028,158913.42857
abw,20211029,159035.42857
abw,20211101,159160
abw,20211102,159276.57143
abw,20211103,159411.28571
abw,20211105,159553.57143
abw,20211108,159685.28571
abw,20211109,159816.71429
abw,20211110,159948.42857
abw,20211111,160077.14286
abw,20211112,160210
abw,20211115,160323.57143
abw,20211116,160429
abw,20211117,160539.57143
abw,20211118,160651.14286
abw,20211119,160763.14286
abw,20211120,160859.57143
abw,20211121,160950.85714
abw,20211122,161029.14286
abw,20211123,161112.85714
abw,20211124,161188.57143
abw,20211125,161275.42857
abw,20211126,161344.14286
abw,20211127,161415.28571
abw,20211128,161477.42857
abw,20211129,161539.14286
abw,20211130,161583
abw,20211201,161618.28571
abw,20211202,161649.71429
abw,20211203,161695.42857
abw,20211206,161752.42857
abw,20211207,161821.85714
abw,20211208,161901.85714
abw,20211209,161992.14286
abw,20211210,162091.42857
abw,20211213,162186.28571
abw,20211214,162268.28571
abw,20211215,162347.71429
abw,20211216,162419.42857
abw,20211217,162507.85714
abw,20211220,162618.14286
abw,20211222,162737.85714
abw,20211223,162863.42857
abw,20211224,162982.85714
abw,20211227,163108.28571
abw,20211228,163255.28571
abw,20211230,163389.71429
abw,20220104,163503.42857
abw,20220105,163614.14286
abw,20220106,163725.71429
abw,20220107,163846
abw,20220110,163967.57143
abw,20220111,164067
abw,20220112,164172
abw,20220113,164272.42857
abw,20220114,164368
abw,20220115,164444
abw,20220117,164524
abw,20220118,164600.85714
abw,20220119,164684.42857
abw,20220120,164759
abw,20220121,164908.57143
abw,20220122,165062.57143
abw,20220123,165258.14286
abw,20220125,165457
abw,20220127,165657.28571
abw,20220128,165858.85714
abw,20220131,166062.28571
abw,20220201,166196.28571
abw,20220202,166325.85714
abw,20220203,166424.14286
abw,20220204,166518.85714
abw,20220207,166608.85714
abw,20220208,166693.85714
afg,20210222,0
afg,20210228,4100
afg,20210316,20733.33333
afg,20210407,45550
afg,20210422,84440
afg,20210511,154450.33333
afg,20210520,210657.57143
afg,20210524,292554.28571
afg,20210526,375733.42857
afg,20210527,452778.14286
afg,20210530,521371.28571
afg,20210602,576555.57143
afg,20210603,594527.42857
afg,20210608,607869.42857
afg,20210614,620544.57143
afg,20210622,645606.85714
afg,20210627,680232.71429
afg,20210630,721190.14286
afg,20210705,762530.28571
afg,20210707,805981.42857
afg,20210711,851809.71429
afg,20210714,903547.57143
afg,20210718,950457.14286
afg,20210724,998367.14286
afg,20210820,1043286
afg,20210831,1195283.28571
afg,20210930,1400306.42857
afg,20211114,1836892.71429
afg,20211227,2358371.28571
afg,20220109,2902530
afg,20220111,3438822.42857
afg,20220113,3975040
afg,20220117,4404382.14286
afg,20220119,4780728.57143
afg,20220124,4927565.28571
afg,20220126,4984662.14286
afg,20220127,5010047.28571
afg,20220131,5038623.71429
afg,20220202,5066836.28571
afg,20220207,5099972.14286
ago,20210301,0
ago,20210308,3084.5
ago,20210318,18389.66667
ago,20210324,35547.75
ago,20210329,54588.2
ago,20210406,75753.16667
ago,20210411,99994.42857
ago,20210419,156486.85714
ago,20210423,220798.28571
ago,20210512,303308.57143
ago,20210518,388234.28571
ago,20210521,477775
ago,20210526,574689.42857
ago,20210531,669514.14286
ago,20210608,772438.71429
ago,20210610,881907.42857
ago,20210615,980165
ago,20210620,1079975.28571
ago,20210624,1176427.28571
ago,20210628,1266186.28571
ago,20210705,1352507
ago,20210712,1415690.14286
ago,20210719,1468534
ago,20210803,1520774.57143
ago,20210809,1565833.71429
ago,20210816,1607946.42857
ago,20210820,1645915.14286
ago,20210825,1692787.71429
ago,20210901,1768234
ago,20210911,1893490.57143
ago,20210919,2056358.42857
ago,20210926,2261865.42857
ago,20211008,2597178.14286
ago,20211014,2982118.14286
ago,20211018,3465422.28571
ago,20211020,3976102.28571
ago,20211024,4471941.57143
ago,20211026,4949668
ago,20211102,5451637.71429
ago,20211107,5904821.85714
ago,20211111,6384511.57143
ago,20211118,6814123.57143
ago,20211121,7262291.28571
ago,20211124,7703163
ago,20211202,8229340.14286
ago,20211206,8710788.14286
ago,20211209,9149729
ago,20211215,9578129
ago,20211223,9997120
ago,20211230,10399532.14286
ago,20220106,10795350.85714
ago,20220108,11117126.85714
ago,20220112,11454150.42857
ago,20220114,11792804.71429
ago,20220123,12241286.85714
ago,20220128,12730360.71429
ago,20220202,13219562.57143
aia,20210204,0
aia,20210213,670.5
aia,20210214,1367.66667
aia,20210226,2008
aia,20210309,2546.4
aia,20210313,2955.33333
aia,20210319,3297.14286
aia,20210412,4130.71429
aia,20210422,4924.57143
aia,20210517,6420.71429
aia,20210528,7922.71429
aia,20210604,9330.85714
aia,20210611,10750.42857
aia,20210618,12157.57143
aia,20210625,13579.57143
aia,20210702,14945.57143
aia,20210709,15476.42857
aia,20210716,15957
aia,20210723,16449
aia,20210730,16914.14286
aia,20210806,17379.71429
aia,20210820,17761
aia,20210903,18048.28571
aia,20210910,18266.85714
aia,20210917,18375.14286
aia,20210924,18458.42857
aia,20211001,18531.42857
aia,20211015,18566.85714
aia,20211105,18602.28571
aia,20211112,18646.71429
aia,20211119,18730.28571
aia,20211129,18896.71429
aia,20211201,19086.71429
aia,20211208,19312.42857
aia,20220114,19646.85714
aia,20220121,20011.14286
aia,20220128,20392.14286
aia,20220202,20755.85714
alb,20210110,0
alb,20210112,64
alb,20210113,105.33333
alb,20210114,145.5
alb,20210115,178
alb,20210116,209.83333
alb,20210117,237.71429
alb,20210118,301.57143
alb,20210119,352.28571
alb,20210120,399.57143
alb,20210121,440
alb,20210202,474.57143
alb,20210209,582.85714
alb,20210217,768
alb,20210218,1139.71429
alb,20210219,1667.42857
alb,20210222,2554.42857
alb,20210225,3923.85714
alb,20210301,5887.42857
alb,20210303,7982.57143
alb,20210310,10827.14286
alb,20210312,13768
alb,20210317,17938.28571
alb,20210322,23867
alb,20210323,29803.42857
alb,20210324,35474.42857
alb,20210325,41696.57143
alb,20210326,47501.57143
alb,20210327,53278.71429
alb,20210328,59654.57143
alb,20210330,69810.57143
alb,20210331,82261.42857
alb,20210401,96757.28571
alb,20210402,112919.85714
alb,20210403,130526.71429
alb,20210404,148927.71429
alb,20210405,167314.57143
alb,20210406,181924.14286
alb,20210407,195286
alb,20210408,207725.85714
alb,20210409,218895.85714
alb,20210410,229083.57143
alb,20210412,239747.71429
alb,20210413,250391.71429
alb,20210415,262234.57143
alb,20210416,273983.57143
alb,20210417,285740.42857
alb,20210418,297487.42857
alb,20210419,310219.42857
alb,20210420,322000.71429
alb,20210421,334980.57143
alb,20210422,346196.28571
alb,20210423,357157.57143
alb,20210424,367903.85714
alb,20210426,378720.14286
alb,20210427,388851.71429
alb,20210428,400798.57143
alb,20210429,412394.71429
alb,20210430,425809.71429
alb,20210501,440477.85714
alb,20210503,457254.57143
alb,20210504,475650
alb,20210505,495611.28571
alb,20210506,515411
alb,20210507,534331.71429
alb,20210508,551455
alb,20210509,566593.85714
alb,20210510,580230.71429
alb,20210511,592390.71429
alb,20210512,603261
alb,20210513,612705.57143
alb,20210514,622368
alb,20210517,634270.42857
alb,20210518,646977.14286
alb,20210519,659098.85714
alb,20210520,670704
alb,20210521,681585.42857
alb,20210523,692768
alb,20210524,703025.85714
alb,20210526,712869.14286
alb,20210527,722882.85714
alb,20210530,733510.42857
alb,20210531,743898.71429
alb,20210601,754112.42857
alb,20210603,764213.14286
alb,20210606,774711.57143
alb,20210607,782525.28571
alb,20210608,789803.71429
alb,20210609,796139.71429
alb,20210610,802795.71429
alb,20210611,809929.85714
alb,20210612,816722.28571
alb,20210613,822123.14286
alb,20210614,827673.57143
alb,20210615,833164.71429
alb,20210616,838546.28571
alb,20210617,844199.85714
alb,20210620,851432.85714
alb,20210621,859316.28571
alb,20210622,868601.85714
alb,20210623,878650.28571
alb,20210624,889286.85714
alb,20210628,902031.42857
alb,20210629,915298.57143
alb,20210630,927744.57143
alb,20210701,939806.57143
alb,20210702,951245.14286
alb,20210704,962056
alb,20210705,972226.71429
alb,20210706,980315.85714
alb,20210707,987482.28571
alb,20210708,993662.71429
alb,20210709,999672.42857
alb,20210710,1005373.71429
alb,20210711,1010266.85714
alb,20210712,1015288.71429
alb,20210713,1020375
alb,20210714,1025780.14286
alb,20210715,1031610.28571
alb,20210716,1037822.85714
alb,20210717,1044355.28571
alb,20210718,1051007.14286
alb,20210720,1058605.71429
alb,20210721,1067146.57143
alb,20210722,1076616
alb,20210725,1088996.42857
alb,20210729,1106100.28571
alb,20210730,1123773.42857
alb,20210731,1142283.14286
alb,20210801,1159520.71429
alb,20210802,1176279
alb,20210803,1192258.28571
alb,20210804,1205206
alb,20210805,1213529.85714
alb,20210808,1223402
alb,20210810,1235017.14286
alb,20210813,1250289.71429
alb,20210815,1265780.71429
alb,20210816,1281368.42857
alb,20210817,1297216.14286
alb,20210819,1314386.42857
alb,20210821,1330586
alb,20210822,1344375.14286
alb,20210823,1355334.85714
alb,20210824,1366076.57143
alb,20210825,1376776.42857
alb,20210826,1387571.85714
alb,20210827,1397536
alb,20210829,1407738.14286
alb,20210830,1419350.28571
alb,20210831,1431579.28571
alb,20210901,1444273.57143
alb,20210902,1457737.14286
alb,20210906,1475355
alb,20210907,1493304.85714
alb,20210908,1510811.85714
alb,20210909,1528148.14286
alb,20210910,1544899.42857
alb,20210911,1561034.57143
alb,20210912,1575556.57143
alb,20210913,1585688.71429
alb,20210914,1594900.85714
alb,20210915,1603232.71429
alb,20210916,1610887.57143
alb,20210917,1618125.28571
alb,20210919,1625509.28571
alb,20210920,1633515.42857
alb,20210921,1641434.42857
alb,20210922,1649431.85714
alb,20210923,1657718.71429
alb,20210924,1666371.42857
alb,20210927,1677070.57143
alb,20210928,1687658
alb,20210929,1698365.71429
alb,20210930,1709191.85714
alb,20211001,1719908
alb,20211002,1730250.28571
alb,20211004,1740415.85714
alb,20211005,1748474.28571
alb,20211006,1756202.42857
alb,20211007,1763550.28571
alb,20211008,1770438.71429
alb,20211009,1777045.14286
alb,20211011,1783867.85714
alb,20211012,1790399.14286
alb,20211013,1796833.14286
alb,20211017,1805227.85714
alb,20211018,1813610.28571
alb,20211019,1822044.85714
alb,20211020,1830511.14286
alb,20211021,1838587.71429
alb,20211022,1846517.57143
alb,20211024,1854706.57143
alb,20211025,1860783
alb,20211027,1867694.42857
alb,20211028,1874554.14286
alb,20211029,1881298.28571
alb,20211101,1888373.42857
alb,20211103,1897039.42857
alb,20211106,1907149.85714
alb,20211107,1916829.42857
alb,20211109,1927160.57143
alb,20211110,1937920.71429
alb,20211111,1949121.71429
alb,20211114,1962013.57143
alb,20211116,1974920.71429
alb,20211117,1986475.71429
alb,20211118,1998849.71429
alb,20211121,2011275.85714
alb,20211124,2025946.85714
alb,20211125,2040454.14286
alb,20211128,2054281.71429
alb,20211130,2066293.85714
alb,20211201,2078613.28571
alb,20211203,2092463
alb,20211205,2105537.42857
alb,20211206,2116451
alb,20211207,2127796.14286
alb,20211208,2137697.57143
alb,20211212,2151284.14286
alb,20211213,2164754.42857
alb,20211214,2176995.57143
alb,20211215,2189053.28571
alb,20211218,2203331.14286
alb,20211221,2218948.85714
alb,20211223,2236095.71429
alb,20211228,2253304.42857
alb,20220104,2274761.71429
alb,20220105,2296357.71429
alb,20220108,2320920.57143
alb,20220110,2343737.42857
alb,20220111,2365053.42857
alb,20220130,2398974.57143
alb,20220201,2441288.57143
alb,20220206,2481015.28571
alb,20220207,2519865.14286
and,20210125,576
and,20210201,806
and,20210210,967.66667
and,20210212,1131.25
and,20210219,1333.2
and,20210224,1509.33333
and,20210226,1654.57143
and,20210308,2088.14286
and,20210310,2642.14286
and,20210315,3652.42857
and,20210319,4747.57143
and,20210404,6218.85714
and,20210405,8058.71429
and,20210411,10139.42857
and,20210412,12347
and,20210419,15418.42857
and,20210426,18295.57143
and,20210503,21094.57143
and,20210510,23836.42857
and,20210517,26271.85714
and,20210531,28961.14286
and,20210607,32162.42857
and,20210614,35690
and,20210621,40656
and,20210628,46291.42857
and,20210712,51775
and,20210719,58922.42857
and,20210801,66123
and,20210815,73292.57143
and,20210829,79694.14286
and,20210926,85232.28571
and,20211003,90141.28571
and,20211031,95072.14286
and,20211205,98512
and,20211212,102710.42857
and,20211226,106365.57143
and,20220116,112008.85714
and,20220123,117460.42857
are,20210105,826301
are,20210106,826301
are,20210107,846766.33333
are,20210108,870463.75
are,20210109,900440.8
are,20210110,931462
are,20210111,965146.14286
are,20210112,1029339.14286
are,20210113,1110521.85714
are,20210114,1201969.85714
are,20210115,1305460
are,20210116,1416542.42857
are,20210117,1530286.71429
are,20210118,1645182.42857
are,20210119,1757998.85714
are,20210120,1867508.85714
are,20210121,1970114
are,20210122,2066269.14286
are,20210123,2156107.28571
are,20210124,2242536.71429
are,20210125,2328188.85714
are,20210126,2415661.42857
are,20210127,2501846.42857
are,20210128,2590785.85714
are,20210129,2686147
are,20210130,2784342.57143
are,20210131,2905253.71429
are,20210201,3029495.28571
are,20210202,3156187
are,20210203,3288636.42857
are,20210204,3428740.57143
are,20210205,3571820.42857
are,20210206,3727132.57143
are,20210207,3867090.57143
are,20210208,4006072.28571
are,20210209,4143590.42857
are,20210210,4285457.14286
are,20210211,4420147.71429
are,20210212,4547809.85714
are,20210213,4662655.14286
are,20210214,4768564.14286
are,20210215,4864733.57143
are,20210216,4960673.71429
are,20210217,5046352
are,20210218,5129426.57143
are,20210219,5210146
are,20210220,5288449.85714
are,20210221,5359751.42857
are,20210222,5427031.14286
are,20210223,5494108.14286
are,20210224,5562259.14286
are,20210225,5629731.42857
are,20210226,5696369.71429
are,20210227,5762326.57143
are,20210228,5828915
are,20210301,5896147
are,20210302,5957103
are,20210303,6015226.85714
are,20210304,6066365.14286
are,20210305,6109510.42857
are,20210306,6145334.85714
are,20210307,6181413.14286
are,20210308,6218460.85714
are,20210309,6251354.42857
are,20210310,6279858.85714
are,20210311,6308908.28571
are,20210312,6341418.42857
are,20210313,6377256
are,20210314,6415527.85714
are,20210315,6457117.85714
are,20210316,6506177.28571
are,20210317,6572249.85714
are,20210318,6654123.57143
are,20210319,6748589.14286
are,20210320,6843493.85714
are,20210321,6951759
are,20210322,7065451
are,20210323,7181058.71429
are,20210324,7291481.42857
are,20210325,7398611.28571
are,20210326,7495092.85714
are,20210327,7606325.14286
are,20210328,7718179.85714
are,20210329,7826625
are,20210330,7932753.85714
are,20210331,8033488.28571
are,20210401,8127906.42857
are,20210402,8226744.28571
are,20210403,8312402.71429
are,20210404,8383435.28571
are,20210405,8449561.14286
are,20210406,8512235.42857
are,20210407,8569178.85714
are,20210408,8640360.14286
are,20210409,8702097.42857
are,20210410,8761486.42857
are,20210411,8822410
are,20210412,8885438.71429
are,20210413,8956470.85714
are,20210414,9040526.42857
are,20210415,9111636.85714
are,20210416,9192514.14286
are,20210417,9282006.85714
are,20210418,9371257.71429
are,20210419,9462298
are,20210421,9568480
are,20210422,9669305.57143
are,20210423,9784580.14286
are,20210425,9888317.57143
are,20210426,9981544.71429
are,20210427,10082403.85714
are,20210428,10195410.42857
are,20210429,10287922.14286
are,20210501,10374880.57143
are,20210502,10437798.71429
are,20210503,10502238.42857
are,20210504,10577254.14286
are,20210505,10648431.14286
are,20210506,10711433
are,20210507,10782999.14286
are,20210508,10856847.57143
are,20210509,10929882
are,20210510,11004085.42857
are,20210511,11074682.71429
are,20210512,11150754.28571
are,20210513,11224368.71429
are,20210514,11281102
are,20210515,11327026.85714
are,20210516,11370574.71429
are,20210517,11413878.57143
are,20210518,11459696.28571
are,20210519,11507873
are,20210520,11564942.85714
are,20210521,11649038.42857
are,20210523,11751536.28571
are,20210525,11889361.85714
are,20210526,12038289.71429
are,20210528,12188569.28571
are,20210529,12338917.71429
are,20210530,12480256
are,20210531,12599713.71429
are,20210601,12714266.28571
are,20210602,12807225.28571
are,20210603,12906564.42857
are,20210605,12999133.71429
are,20210606,13079008.14286
are,20210607,13155562.14286
are,20210609,13246617.85714
are,20210610,13335545
are,20210611,13423854.71429
are,20210612,13503614.57143
are,20210613,13577102.57143
are,20210614,13653147
are,20210615,13741309.71429
are,20210616,13821390.28571
are,20210617,13905935.14286
are,20210618,13993650.71429
are,20210619,14085544
are,20210620,14186144
are,20210621,14298061.14286
are,20210623,14408236.42857
are,20210624,14517643.28571
are,20210625,14625930.57143
are,20210626,14732329
are,20210627,14824447.14286
are,20210628,14909962.57143
are,20210629,14990988.14286
are,20210630,15080513.28571
are,20210702,15165359.85714
are,20210703,15245960.85714
are,20210704,15316100.85714
are,20210705,15387657.71429
are,20210706,15464765.42857
are,20210707,15540444.57143
are,20210708,15602374.71429
are,20210709,15664806.85714
are,20210710,15723589.57143
are,20210711,15780720.57143
are,20210712,15837009
are,20210713,15892938
are,20210714,15948879.28571
are,20210715,16005832.57143
are,20210716,16062729.57143
are,20210718,16125947.71429
are,20210719,16188951.28571
are,20210720,16256977.57143
are,20210725,16321752.71429
are,20210726,16379490.57143
are,20210727,16435626.57143
are,20210728,16490144.14286
are,20210729,16535647.28571
are,20210731,16595728.42857
are,20210801,16648035.85714
are,20210802,16696050.71429
are,20210803,16747514
are,20210804,16797260.28571
are,20210805,16846307.57143
are,20210806,16897857.85714
are,20210807,16940948.85714
are,20210808,16984092.71429
are,20210809,17027768.28571
are,20210810,17072494.71429
are,20210811,17116796.57143
are,20210812,17159622.14286
are,20210813,17198985.71429
are,20210815,17238810.57143
are,20210816,17279589.85714
are,20210817,17324804.14286
are,20210818,17368973.57143
are,20210819,17414772.85714
are,20210820,17462519
are,20210821,17515421.85714
are,20210824,17572668.28571
are,20210825,17636183.28571
are,20210826,17701156.42857
are,20210828,17767943.14286
are,20210829,17838574.85714
are,20210830,17906091.85714
are,20210831,17974021.57143
are,20210901,18047209.42857
are,20210903,18118089.71429
are,20210904,18186672.85714
are,20210906,18253123.57143
are,20210907,18321892.28571
are,20210909,18409803.42857
are,20210910,18501540.14286
are,20210911,18583225.57143
are,20210912,18669413.85714
are,20210913,18756386.28571
are,20210914,18846986.85714
are,20210915,18935778.42857
are,20210916,19012439.28571
are,20210917,19088004.85714
are,20210918,19166817.71429
are,20210919,19238721.85714
are,20210920,19308524.42857
are,20210921,19376483.57143
are,20210922,19446427.85714
are,20210923,19513036.28571
are,20210924,19576641.85714
are,20210925,19638724.14286
are,20210927,19699713.71429
are,20210928,19767826.57143
are,20210929,19834793.85714
are,20210930,19891798.85714
are,20211001,19950092.85714
are,20211003,20010264.71429
are,20211004,20064727.57143
are,20211005,20121937
are,20211006,20172945.57143
are,20211007,20222474.57143
are,20211008,20273435.57143
are,20211009,20320923.57143
are,20211010,20361303.85714
are,20211013,20407642
are,20211014,20452607.85714
are,20211015,20495367.14286
are,20211016,20537691.14286
are,20211017,20575904.71429
are,20211018,20611036.57143
are,20211019,20648414.28571
are,20211020,20680331.71429
are,20211021,20710453.28571
are,20211023,20745025.14286
are,20211024,20775626.28571
are,20211025,20806928.85714
are,20211026,20841273.28571
are,20211027,20874560.57143
are,20211028,20908572.14286
are,20211029,20944629.28571
are,20211030,20975129
are,20211031,21010787
are,20211101,21046750.14286
are,20211102,21080141.71429
are,20211103,21115170.28571
are,20211104,21148643.57143
are,20211105,21180608.28571
are,20211106,21212441.57143
are,20211107,21241251.57143
are,20211108,21269925.71429
are,20211109,21298962
are,20211110,21325409.71429
are,20211111,21351957.14286
are,20211112,21380853.57143
are,20211115,21416633.57143
are,20211116,21452356.42857
are,20211117,21487630.14286
are,20211118,21522448
are,20211119,21556098.57143
are,20211120,21589269.14286
are,20211121,21618238.42857
are,20211122,21639370.71429
are,20211123,21661722.71429
are,20211124,21682914
are,20211125,21702358.28571
are,20211126,21721929.85714
are,20211127,21739920.85714
are,20211128,21758454.57143
are,20211129,21776010.28571
are,20211130,21792140.42857
are,20211201,21810313.71429
are,20211206,21837532.57143
are,20211207,21867580.42857
are,20211208,21900338.71429
are,20211209,21935350.28571
are,20211210,21973748.85714
are,20211211,22013602
are,20211212,22053063.57143
are,20211213,22084372.28571
are,20211214,22112115.42857
are,20211223,22162850.14286
are,20211224,22213089.71429
are,20220103,22297215.28571
are,20220104,22378777.85714
are,20220105,22461465.71429
are,20220106,22546568.57143
are,20220107,22634505.14286
are,20220108,22699624.28571
are,20220110,22766854.57143
are,20220111,22798107.71429
are,20220112,22831464.71429
are,20220113,22866685.14286
are,20220114,22898573
are,20220117,22939489.57143
are,20220118,22977839.42857
are,20220119,23012022
are,20220120,23052171
are,20220122,23098783.42857
are,20220123,23143946
are,20220124,23190931
are,20220125,23227797.28571
are,20220126,23267694.85714
are,20220127,23311140.14286
are,20220128,23350507.28571
are,20220129,23383788.57143
are,20220130,23414375.14286
are,20220202,23452871.14286
are,20220203,23491616.14286
are,20220204,23529347.42857
are,20220205,23565472.14286
are,20220206,23600227
are,20220207,23631912.85714
are,20220208,23664520.14286
arg,20201229,700
arg,20201231,16356.5
arg,20210104,24104
arg,20210108,44963.5
arg,20210113,69337.4
arg,20210115,91241
arg,20210120,113625.57143
arg,20210121,151486.14286
arg,20210122,186856
arg,20210123,222351
arg,20210124,248705.42857
arg,20210125,266641.57143
arg,20210126,281658.85714
arg,20210127,291673.14286
arg,20210128,300569.57143
arg,20210129,309774.14286
arg,20210130,320962.71429
arg,20210201,332938.14286
arg,20210203,347820.42857
arg,20210204,367554.42857
arg,20210206,389461.57143
arg,20210207,414197.71429
arg,20210208,438133.14286
arg,20210209,459103.71429
arg,20210210,481882.57143
arg,20210211,507077.71429
arg,20210212,528165.42857
arg,20210213,547431.42857
arg,20210214,562924.71429
arg,20210215,576954.57143
arg,20210216,590953.28571
arg,20210217,601956
arg,20210218,610906.71429
arg,20210219,621909.85714
arg,20210220,636324.57143
arg,20210221,652133.42857
arg,20210222,668196.71429
arg,20210223,687546.14286
arg,20210224,711565.14286
arg,20210225,739315
arg,20210226,772923.71429
arg,20210227,812601.85714
arg,20210228,856135.57143
arg,20210301,902840.57143
arg,20210302,957053.85714
arg,20210303,1014316.28571
arg,20210304,1074691.85714
arg,20210305,1139503.42857
arg,20210307,1216815.28571
arg,20210308,1291343.28571
arg,20210309,1377027.28571
arg,20210310,1469645.85714
arg,20210311,1575043.28571
arg,20210312,1695863.85714
arg,20210313,1829741.28571
arg,20210314,1951934.28571
arg,20210315,2074433.57143
arg,20210316,2201920
arg,20210317,2329586.42857
arg,20210318,2456169.14286
arg,20210319,2576334.71429
arg,20210320,2686209.85714
arg,20210321,2791695.42857
arg,20210322,2897159.71429
arg,20210323,2997069.57143
arg,20210324,3091473.85714
arg,20210325,3171571.85714
arg,20210326,3248007.71429
arg,20210327,3320378.57143
arg,20210328,3392586.42857
arg,20210329,3464532.71429
arg,20210330,3536509.14286
arg,20210331,3616937.57143
arg,20210401,3710820.14286
arg,20210402,3803496.85714
arg,20210403,3890416.28571
arg,20210404,3977448
arg,20210405,4065268
arg,20210406,4159497.85714
arg,20210407,4256624.57143
arg,20210408,4363509.85714
arg,20210409,4482491.42857
arg,20210410,4628573.14286
arg,20210411,4782731.28571
arg,20210412,4944044.42857
arg,20210413,5110859.14286
arg,20210414,5279873.42857
arg,20210415,5446149.42857
arg,20210416,5608577
arg,20210417,5755063.28571
arg,20210418,5894377.57143
arg,20210419,6029313.85714
arg,20210420,6152351.42857
arg,20210421,6266015.57143
arg,20210422,6374343
arg,20210423,6476399.42857
arg,20210424,6589314.71429
arg,20210425,6710191.42857
arg,20210426,6835927.14286
arg,20210427,6972142.71429
arg,20210428,7116059.57143
arg,20210429,7261997.85714
arg,20210430,7413112.42857
arg,20210501,7549425.42857
arg,20210502,7672704.42857
arg,20210503,7790574.28571
arg,20210504,7906340.14286
arg,20210505,8025415.42857
arg,20210506,8150566.14286
arg,20210507,8287063
arg,20210508,8434245.42857
arg,20210509,8589201.85714
arg,20210510,8743911.28571
arg,20210511,8892481.85714
arg,20210512,9034257.85714
arg,20210513,9170036.42857
arg,20210514,9296275.42857
arg,20210515,9419257.71429
arg,20210516,9539998.57143
arg,20210517,9665723
arg,20210518,9802346.28571
arg,20210519,9945200.57143
arg,20210520,10089202
arg,20210521,10239833.14286
arg,20210522,10396409.71429
arg,20210523,10559233.57143
arg,20210524,10723039
arg,20210525,10872873.42857
arg,20210526,11008179.28571
arg,20210527,11144458.57143
arg,20210528,11275594.42857
arg,20210529,11411028.42857
arg,20210530,11561364.28571
arg,20210531,11719625.57143
arg,20210601,11898892.57143
arg,20210602,12108899.57143
arg,20210603,12334002.28571
arg,20210604,12576478.57143
arg,20210605,12837024.85714
arg,20210606,13118823.71429
arg,20210607,13415804.71429
arg,20210608,13725337.14286
arg,20210609,14041282.71429
arg,20210610,14366170.28571
arg,20210611,14702764
arg,20210612,15041652.57143
arg,20210613,15355139.57143
arg,20210614,15647408
arg,20210615,15930260
arg,20210616,16196529.28571
arg,20210617,16456417.85714
arg,20210618,16705805.28571
arg,20210619,16953573.85714
arg,20210620,17210500.57143
arg,20210621,17470051.42857
arg,20210622,17718180.85714
arg,20210623,17971061.57143
arg,20210624,18220926.14286
arg,20210625,18468050.85714
arg,20210626,18705495.14286
arg,20210627,18943220.71429
arg,20210628,19193603.71429
arg,20210629,19456606.85714
arg,20210630,19727541.28571
arg,20210701,20011261.42857
arg,20210702,20311864
arg,20210703,20637891.71429
arg,20210704,20985100.57143
arg,20210705,21341179
arg,20210706,21711422
arg,20210707,22107720.28571
arg,20210708,22509775.14286
arg,20210709,22900968.71429
arg,20210710,23291963.71429
arg,20210711,23640104.85714
arg,20210712,23985541.71429
arg,20210713,24334239.14286
arg,20210714,24677256
arg,20210715,25021928.85714
arg,20210716,25373827.57143
arg,20210717,25718948.28571
arg,20210718,26087975.71429
arg,20210719,26454882
arg,20210720,26822160.28571
arg,20210721,27185820.28571
arg,20210722,27548613
arg,20210723,27914842.71429
arg,20210724,28272489.42857
arg,20210725,28632934.85714
arg,20210726,28982894.28571
arg,20210727,29326488.14286
arg,20210728,29668076.85714
arg,20210729,30011139.28571
arg,20210730,30353395.57143
arg,20210731,30702000.71429
arg,20210801,31048509.14286
arg,20210802,31399244
arg,20210803,31751457.85714
arg,20210804,32134409.28571
arg,20210805,32514432.71429
arg,20210806,32894873.28571
arg,20210807,33259465.28571
arg,20210808,33613199.42857
arg,20210809,33979970.85714
arg,20210810,34344527.14286
arg,20210812,34691178.57143
arg,20210813,35020045.14286
arg,20210814,35342007.85714
arg,20210815,35657943.85714
arg,20210816,35969990.28571
arg,20210817,36261296.14286
arg,20210818,36545116.57143
arg,20210819,36820355.85714
arg,20210820,37121413.57143
arg,20210821,37435196.71429
arg,20210822,37758396
arg,20210823,38090463.85714
arg,20210824,38457022.85714
arg,20210825,38845179.85714
arg,20210826,39233500.28571
arg,20210827,39620606.42857
arg,20210828,40009315.71429
arg,20210829,40398075.85714
arg,20210830,40797620.42857
arg,20210831,41190867
arg,20210901,41596732.57143
arg,20210902,41998806.71429
arg,20210903,42404683.42857
arg,20210904,42796659.42857
arg,20210905,43193234.71429
arg,20210906,43584228.85714
arg,20210907,44000927.85714
arg,20210908,44391059
arg,20210909,44776159.85714
arg,20210910,45148004.85714
arg,20210911,45525392.28571
arg,20210912,45881583
arg,20210913,46214188.28571
arg,20210914,46509240.71429
arg,20210915,46797800.42857
arg,20210916,47086275.71429
arg,20210917,47373638.57143
arg,20210918,47642482.57143
arg,20210919,47918973.14286
arg,20210920,48207806.57143
arg,20210921,48506187
arg,20210922,48818449
arg,20210923,49114621.42857
arg,20210924,49395637.14286
arg,20210925,49681798
arg,20210926,49956776.28571
arg,20210927,50227131.57143
arg,20210928,50487393
arg,20210929,50733036.85714
arg,20210930,50976078.57143
arg,20211001,51224831
arg,20211002,51476742
arg,20211003,51731131.57143
arg,20211004,51985147.42857
arg,20211005,52231945.28571
arg,20211006,52472666.85714
arg,20211007,52711992.14286
arg,20211008,52946408.42857
arg,20211009,53157938
arg,20211010,53364349.42857
arg,20211011,53568310.57143
arg,20211013,53778655.28571
arg,20211014,54004514.57143
arg,20211015,54249795.85714
arg,20211016,54527739.71429
arg,20211019,54870220.57143
arg,20211020,55261885.42857
arg,20211021,55664119.71429
arg,20211022,56089337.14286
arg,20211023,56522521.71429
arg,20211024,56943420.28571
arg,20211025,57303791.85714
arg,20211026,57637476.14286
arg,20211027,57946482.14286
arg,20211028,58273636.14286
arg,20211029,58605541.14286
arg,20211030,58906328.28571
arg,20211031,59192757.85714
arg,20211101,59489237.57143
arg,20211102,59755071.71429
arg,20211103,59984068.57143
arg,20211104,60243936.42857
arg,20211106,60477648.42857
arg,20211107,60734785.42857
arg,20211108,60987075.14286
arg,20211109,61237947.71429
arg,20211110,61487613.28571
arg,20211111,61761113.42857
arg,20211112,61983637
arg,20211113,62198771
arg,20211114,62393736.28571
arg,20211115,62749939.71429
arg,20211117,63179275.71429
arg,20211119,63679767.57143
arg,20211120,64176388.71429
arg,20211121,64661422.14286
arg,20211122,65137221.57143
arg,20211123,65624254.85714
arg,20211125,66022843.14286
arg,20211127,66403874.71429
arg,20211128,66706207.57143
arg,20211129,67028368
arg,20211130,67386610.42857
arg,20211201,67779331.71429
arg,20211202,68185504.14286
arg,20211203,68541485.85714
arg,20211204,68848409.42857
arg,20211205,69149850.57143
arg,20211207,69441000.85714
arg,20211208,69749079.85714
arg,20211210,70084008.85714
arg,20211211,70388006.28571
arg,20211212,70661040
arg,20211213,70949373.28571
arg,20211214,71269263
arg,20211215,71601915.14286
arg,20211216,71909698.14286
arg,20211217,72179944.71429
arg,20211218,72449627.85714
arg,20211219,72720150
arg,20211220,72991991.42857
arg,20211222,73266114.85714
arg,20211223,73536281
arg,20211224,73805865.42857
arg,20211226,74034816
arg,20211227,74249110.28571
arg,20211228,74569585
arg,20211230,74972816.14286
arg,20211231,75338153.14286
arg,20220101,75657783.42857
arg,20220102,75952191.57143
arg,20220104,76381353.85714
arg,20220106,76945258
arg,20220108,77498925.71429
arg,20220109,77955698.85714
arg,20220110,78461607.14286
arg,20220111,79032328.42857
arg,20220112,79653340.85714
arg,20220113,80203754.42857
arg,20220114,80674262.57143
arg,20220115,81066878.14286
arg,20220116,81455007.85714
arg,20220118,81845686.85714
arg,20220119,82233088.57143
arg,20220120,82677705.71429
arg,20220121,83112531
arg,20220122,83513123.14286
arg,20220123,83899290.85714
arg,20220125,84374189.42857
arg,20220127,84841170.42857
arg,20220128,85296750.14286
arg,20220129,85679247.14286
arg,20220130,86050475.71429
arg,20220131,86442783.14286
arg,20220201,86867409.85714
arg,20220202,87228309
arg,20220203,87578157.71429
arg,20220204,87915258.57143
arg,20220205,88217910.42857
arg,20220207,88490686.28571
arg,20220208,88757816.57143
arm,20210331,565
arm,20210509,5646
arm,20210516,10180.33333
arm,20210523,14275.75
arm,20210530,18126.4
arm,20210606,22855.83333
arm,20210614,27527.42857
arm,20210620,36631.42857
arm,20210627,45772.42857
arm,20210711,58466.42857
arm,20210718,73397.57143
arm,20210725,90397.57143
arm,20210801,108310
arm,20210808,128216.42857
arm,20210815,150494
arm,20210822,174012.28571
arm,20210829,197873.85714
arm,20210905,222480.28571
arm,20210912,248650.57143
arm,20210919,276491.85714
arm,20210926,307010.85714
arm,20211011,349011.57143
arm,20211017,403491
arm,20211024,465520.57143
arm,20211031,541025
arm,20211107,620321.57143
arm,20211114,711423.57143
arm,20211121,811760.14286
arm,20211128,914906.28571
arm,20211206,1019493
arm,20211212,1125640
arm,20211219,1227750.85714
arm,20211226,1332885.28571
arm,20220102,1426565.71429
arm,20220109,1509941
arm,20220117,1584978.85714
arm,20220123,1652489.85714
arm,20220130,1715672.28571
atg,20210216,0
atg,20210315,12082
atg,20210319,16613.66667
atg,20210325,19066.25
atg,20210331,20620.2
atg,20210403,21688.83333
atg,20210414,22532.14286
atg,20210416,26591.28571
atg,20210417,27230.57143
atg,20210422,27813
atg,20210507,28478.85714
atg,20210511,29111.14286
atg,20210517,30169.57143
atg,20210521,31873.42857
atg,20210525,33815.57143
atg,20210526,36042.85714
atg,20210527,38355
atg,20210529,40821
atg,20210531,43544.85714
atg,20210603,46026.28571
atg,20210606,48320.42857
atg,20210607,50499.71429
atg,20210609,52477.42857
atg,20210612,54304.28571
atg,20210615,55909.28571
atg,20210617,57605.71429
atg,20210620,59176.85714
atg,20210629,60379.28571
atg,20210701,61406.57143
atg,20210704,62352.57143
atg,20210706,63223.42857
atg,20210708,64008.42857
atg,20210709,64456
atg,20210713,64862.71429
atg,20210715,65114.42857
atg,20210718,65352.85714
atg,20210720,65597.42857
atg,20210721,65840.14286
atg,20210722,66235.85714
atg,20210725,66655
atg,20210728,67092
atg,20210729,67533.85714
atg,20210802,67986.14286
atg,20210804,68430.42857
atg,20210807,68913.42857
atg,20210810,69223.71429
atg,20210814,69622.85714
atg,20210816,70011.28571
atg,20210819,70404.14286
atg,20210822,70831.57143
atg,20210824,71315
atg,20210828,71857.42857
atg,20210830,72517.14286
atg,20210831,73089.14286
atg,20210907,74026.71429
atg,20210910,75139.57143
atg,20210913,76231
atg,20210917,77518.57143
atg,20210924,79740.28571
atg,20210928,82409
atg,20211002,85422
atg,20211004,88191.57143
atg,20211006,90826
atg,20211009,93528.57143
atg,20211013,96090.14286
atg,20211016,97824.14286
atg,20211019,99183.57143
atg,20211023,100375
atg,20211026,101534.71429
atg,20211030,102757
atg,20211105,104065.71429
atg,20211108,105685.71429
atg,20211116,107699.57143
atg,20211121,109655.71429
atg,20211123,111451.71429
atg,20211126,113185.28571
atg,20211202,114937.28571
atg,20211205,116475
atg,20211210,117706.85714
atg,20211219,118445.42857
atg,20211225,119053.85714
atg,20211229,119635.85714
atg,20220106,120175.57143
atg,20220113,120684.71429
atg,20220126,121369
atg,20220205,121930
aus,20210221,20
aus,20210222,1404.5
aus,20210223,3241
aus,20210224,6588
aus,20210225,9972.4
aus,20210226,13310.33333
aus,20210227,15965.14286
aus,20210228,20909.42857
aus,20210301,26497.71429
aus,20210302,32805.71429
aus,20210303,39145.71429
aus,20210304,46053.85714
aus,20210305,52759.57143
aus,20210306,59824
aus,20210307,67215.28571
aus,20210308,74786.85714
aus,20210309,82966.57143
aus,20210310,92108.14286
aus,20210311,101142.71429
aus,20210312,112907.57143
aus,20210313,124508.42857
aus,20210314,135710.14286
aus,20210315,148214.28571
aus,20210316,161818.42857
aus,20210317,176255.14286
aus,20210318,191347.28571
aus,20210319,204852.57143
aus,20210320,218314.14286
aus,20210321,235054
aus,20210322,253634.71429
aus,20210323,275769.71429
aus,20210324,301820.14286
aus,20210325,333163.14286
aus,20210326,369253.71429
aus,20210327,407454.71429
aus,20210328,444569.14286
aus,20210329,485286.71429
aus,20210330,529836.57143
aus,20210331,577825.14286
aus,20210401,629747.71429
aus,20210402,675689.71429
aus,20210403,721260.14286
aus,20210404,764481.28571
aus,20210405,801261
aus,20210406,836972.85714
aus,20210407,872956.28571
aus,20210408,909227.42857
aus,20210409,953628.42857
aus,20210410,999826.42857
aus,20210411,1047539.71429
aus,20210412,1101782.28571
aus,20210413,1155402
aus,20210414,1207272.14286
aus,20210415,1256281.57143
aus,20210416,1304237.57143
aus,20210417,1351429.57143
aus,20210418,1409751.57143
aus,20210419,1469552.28571
aus,20210420,1529900.14286
aus,20210421,1590813.42857
aus,20210422,1652959.71429
aus,20210423,1715743.85714
aus,20210424,1778196
aus,20210425,1828328.71429
aus,20210426,1873478.85714
aus,20210427,1917969.85714
aus,20210428,1964625.14286
aus,20210429,2010902.71429
aus,20210430,2056730.85714
aus,20210501,2102444.71429
aus,20210502,2148606.14286
aus,20210503,2198267.85714
aus,20210504,2250663.57143
aus,20210505,2302269.85714
aus,20210506,2355839.42857
aus,20210507,2411965.28571
aus,20210508,2469145.85714
aus,20210509,2526661
aus,20210510,2586537.85714
aus,20210511,2645991
aus,20210512,2706168.28571
aus,20210513,2767041.57143
aus,20210514,2828337.57143
aus,20210515,2890458.42857
aus,20210516,2952875
aus,20210517,3016763.14286
aus,20210518,3083387.14286
aus,20210519,3151524
aus,20210520,3221842.57143
aus,20210524,3312389
aus,20210525,3413259.85714
aus,20210526,3528478.57143
aus,20210527,3649652.14286
aus,20210528,3774551.42857
aus,20210529,3894718.71429
aus,20210530,4004822.42857
aus,20210531,4100839.14286
aus,20210601,4201719.71429
aus,20210602,4306867.57143
aus,20210603,4414699.42857
aus,20210604,4525336.28571
aus,20210605,4640115.28571
aus,20210606,4759088.57143
aus,20210607,4879265.42857
aus,20210608,4999753.71429
aus,20210609,5120463.28571
aus,20210610,5242555.57143
aus,20210613,5376797.28571
aus,20210614,5507496.28571
aus,20210615,5651340.14286
aus,20210616,5796390.57143
aus,20210617,5941505.42857
aus,20210618,6084906.28571
aus,20210619,6215623.57143
aus,20210620,6318972.42857
aus,20210621,6431563.71429
aus,20210622,6542557.42857
aus,20210623,6653967.14286
aus,20210624,6764962.28571
aus,20210625,6874409.28571
aus,20210626,6984450.85714
aus,20210627,7096440.14286
aus,20210628,7208056.71429
aus,20210629,7320243.71429
aus,20210630,7426434.85714
aus,20210701,7539323.71429
aus,20210702,7657190.28571
aus,20210703,7778524.14286
aus,20210704,7900141.28571
aus,20210705,8023045.57143
aus,20210706,8148032.57143
aus,20210707,8280545.14286
aus,20210708,8408976.57143
aus,20210709,8535981.28571
aus,20210710,8663797.28571
aus,20210711,8792054.57143
aus,20210712,8921893.85714
aus,20210713,9053084.14286
aus,20210714,9187188
aus,20210715,9323426.42857
aus,20210716,9462226.14286
aus,20210717,9601577.71429
aus,20210718,9741488
aus,20210719,9884407.85714
aus,20210720,10027972.14286
aus,20210721,10175095.71429
aus,20210722,10324574.71429
aus,20210723,10477139.42857
aus,20210724,10632054.28571
aus,20210725,10788718.57143
aus,20210726,10947166
aus,20210727,11108179.14286
aus,20210728,11273232.28571
aus,20210729,11440679.57143
aus,20210730,11611899.85714
aus,20210731,11783876.57143
aus,20210801,11956779.14286
aus,20210802,12131059.71429
aus,20210803,12309297.42857
aus,20210804,12487460.42857
aus,20210805,12670618.71429
aus,20210806,12857380
aus,20210807,13048664.14286
aus,20210808,13241570
aus,20210809,13438543.28571
aus,20210810,13642255.42857
aus,20210811,13851720
aus,20210812,14065454.14286
aus,20210813,14285335.57143
aus,20210814,14506449.42857
aus,20210815,14728548
aus,20210816,14959366.85714
aus,20210817,15191190.71429
aus,20210818,15429497.42857
aus,20210819,15672503
aus,20210820,15919912
aus,20210821,16171753.71429
aus,20210822,16430021.14286
aus,20210823,16689766.85714
aus,20210824,16954197.71429
aus,20210825,17222292.71429
aus,20210826,17490923.85714
aus,20210827,17760373.42857
aus,20210828,18033331.85714
aus,20210829,18308979.28571
aus,20210830,18582828.14286
aus,20210831,18860659.85714
aus,20210901,19137899
aus,20210902,19414314.57143
aus,20210903,19690149.85714
aus,20210904,19964977
aus,20210905,20235827.28571
aus,20210906,20504062.14286
aus,20210907,20766566.42857
aus,20210908,21026341.57143
aus,20210909,21288629.42857
aus,20210910,21549669.57143
aus,20210911,21808166
aus,20210912,22067035.57143
aus,20210913,22337624.14286
aus,20210914,22609312.57143
aus,20210915,22880192.57143
aus,20210916,23148680.85714
aus,20210917,23422122
aus,20210918,23700011.71429
aus,20210919,23983529.42857
aus,20210920,24264196.57143
aus,20210921,24549077.28571
aus,20210922,24838437
aus,20210923,25134285.42857
aus,20210924,25426277.28571
aus,20210925,25717165.85714
aus,20210926,26004153.14286
aus,20210927,26288622.71429
aus,20210928,26573079
aus,20210929,26853452
aus,20210930,27132862.85714
aus,20211001,27414494.42857
aus,20211002,27694978.28571
aus,20211003,27974487.57143
aus,20211004,28237210.71429
aus,20211005,28502633
aus,20211006,28771998.14286
aus,20211007,29039994.14286
aus,20211008,29308621
aus,20211009,29580814.42857
aus,20211010,29856931
aus,20211011,30151194.85714
aus,20211012,30443513.42857
aus,20211013,30733404.42857
aus,20211014,31020738.28571
aus,20211015,31303580.85714
aus,20211016,31580746.71429
aus,20211017,31856977.14286
aus,20211018,32128231.42857
aus,20211019,32390787.28571
aus,20211020,32647044.85714
aus,20211021,32898214
aus,20211022,33145267.42857
aus,20211023,33391743
aus,20211024,33633431.28571
aus,20211025,33868690.85714
aus,20211026,34096659.14286
aus,20211027,34316528.85714
aus,20211028,34528735.42857
aus,20211029,34731917.42857
aus,20211030,34927983.14286
aus,20211031,35118575
aus,20211101,35307698.85714
aus,20211102,35488291.42857
aus,20211103,35665619.42857
aus,20211104,35838798
aus,20211105,36010553.42857
aus,20211106,36179298.14286
aus,20211107,36345071
aus,20211108,36501288
aus,20211109,36655318.85714
aus,20211110,36803514.85714
aus,20211111,36947068.85714
aus,20211112,37085347.57143
aus,20211113,37219254.42857
aus,20211114,37352431.42857
aus,20211115,37483446.57143
aus,20211116,37612615.57143
aus,20211117,37738129.28571
aus,20211118,37858770.42857
aus,20211119,37973728.28571
aus,20211120,38086067.57143
aus,20211121,38192983.14286
aus,20211122,38300236.42857
aus,20211123,38403531.28571
aus,20211124,38503593.85714
aus,20211125,38600526.85714
aus,20211126,38695174.14286
aus,20211127,38786896.42857
aus,20211128,38879959.14286
aus,20211129,38966268.28571
aus,20211130,39050219.42857
aus,20211201,39132299.57143
aus,20211202,39213384
aus,20211203,39293604.57143
aus,20211204,39373453.42857
aus,20211205,39452998.57143
aus,20211206,39531343.71429
aus,20211207,39609143.42857
aus,20211208,39687294.28571
aus,20211209,39765104.85714
aus,20211210,39841198.85714
aus,20211211,39917336.14286
aus,20211212,39992370
aus,20211213,40076933.57143
aus,20211214,40171953.42857
aus,20211215,40279532.42857
aus,20211216,40401661.57143
aus,20211217,40541272.57143
aus,20211218,40688869
aus,20211219,40842261.42857
aus,20211220,41001475.42857
aus,20211221,41167156.42857
aus,20211222,41337443.57143
aus,20211223,41506866
aus,20211224,41646484
aus,20211225,41771079.42857
aus,20211226,41907161.14286
aus,20211227,42019924
aus,20211228,42108442.71429
aus,20211229,42187430
aus,20211230,42261778.42857
aus,20211231,42336126.85714
aus,20220101,42410475.28571
aus,20220102,42491091
aus,20220103,42573618
aus,20220104,42681118.57143
aus,20220105,42804760.85714
aus,20220106,42944462.14286
aus,20220107,43122052
aus,20220108,43322990.85714
aus,20220109,43511324.85714
aus,20220110,43734435.14286
aus,20220111,43973881.85714
aus,20220112,44225253.28571
aus,20220113,44487096.85714
aus,20220114,44759310.85714
aus,20220115,45035386
aus,20220116,45313651.42857
aus,20220117,45597572.85714
aus,20220118,45880675.42857
aus,20220119,46161799.57143
aus,20220120,46443727.71429
aus,20220121,46725115.42857
aus,20220122,47006544.14286
aus,20220123,47288791.14286
aus,20220124,47570025.14286
aus,20220125,47851382
aus,20220126,48097165.85714
aus,20220127,48336112.14286
aus,20220128,48571114.14286
aus,20220129,48803542.42857
aus,20220130,49031691.57143
aus,20220131,49251082.85714
aus,20220201,49462569.14286
aus,20220202,49700630.57143
aus,20220203,49931461
aus,20220204,50153772.14286
aus,20220205,50369661.42857
aus,20220206,50582661
aus,20220207,50789463.14286
aus,20220208,50989623.57143
aut,20201227,773
aut,20201228,1443
aut,20201229,2228.33333
aut,20201230,2977.25
aut,20201231,3431.2
aut,20210101,3736.33333
aut,20210102,3958
aut,20210103,4606
aut,20210104,5083.28571
aut,20210105,5581.42857
aut,20210106,6001.42857
aut,20210107,6891.28571
aut,20210108,9679.71429
aut,20210109,13115.85714
aut,20210110,16872.57143
aut,20210111,21433.14286
aut,20210112,27892.57143
aut,20210113,36544.28571
aut,20210114,47163
aut,20210115,58547.14286
aut,20210116,70268.71429
aut,20210117,82488
aut,20210118,95534.42857
aut,20210119,110188.28571
aut,20210120,125931
aut,20210121,142100.42857
aut,20210122,157273
aut,20210123,171913.42857
aut,20210124,185917.85714
aut,20210125,198493.14286
aut,20210126,208562.71429
aut,20210127,216391.57143
aut,20210128,222796
aut,20210129,229715.42857
aut,20210130,236718.71429
aut,20210131,243744
aut,20210201,251241.14286
aut,20210202,260018
aut,20210203,270277.28571
aut,20210204,282104.71429
aut,20210205,294831.85714
aut,20210206,308342.14286
aut,20210207,322369.57143
aut,20210208,337120.57143
aut,20210209,352172
aut,20210210,367764.57143
aut,20210211,383942
aut,20210212,400920.71429
aut,20210213,418085.57143
aut,20210214,434827.85714
aut,20210215,451187.71429
aut,20210216,466834.14286
aut,20210217,482141.14286
aut,20210218,496737.71429
aut,20210219,510549.57143
aut,20210220,524732.57143
aut,20210221,539484.85714
aut,20210222,554217
aut,20210223,568990.57143
aut,20210224,583794.14286
aut,20210225,598617.57143
aut,20210226,614594
aut,20210227,632308.71429
aut,20210228,650619.42857
aut,20210301,669214.28571
aut,20210302,689347.71429
aut,20210303,710672.28571
aut,20210304,733084.14286
aut,20210305,756633
aut,20210306,780615.14286
aut,20210307,804857.14286
aut,20210308,829494.42857
aut,20210309,854543.14286
aut,20210310,879717.71429
aut,20210311,907379
aut,20210312,938124.14286
aut,20210313,972369.14286
aut,20210314,1009372.57143
aut,20210315,1047743.57143
aut,20210316,1086131.14286
aut,20210317,1125332.42857
aut,20210318,1163103.14286
aut,20210319,1200210.42857
aut,20210320,1236604.42857
aut,20210321,1270760
aut,20210322,1304190.14286
aut,20210323,1338715
aut,20210324,1374014.85714
aut,20210325,1410973
aut,20210326,1447545
aut,20210327,1483280.42857
aut,20210328,1518894
aut,20210329,1556046.57143
aut,20210330,1593977
aut,20210331,1631245.42857
aut,20210401,1667916.85714
aut,20210402,1703554.85714
aut,20210403,1736355.42857
aut,20210404,1768494
aut,20210405,1798590.71429
aut,20210406,1828223.85714
aut,20210407,1860827.71429
aut,20210408,1897904.57143
aut,20210409,1939985.42857
aut,20210410,1988366.28571
aut,20210411,2039047.71429
aut,20210412,2092999
aut,20210413,2147962.28571
aut,20210414,2204679.85714
aut,20210415,2261606.28571
aut,20210416,2317347.71429
aut,20210417,2372022
aut,20210418,2425722.28571
aut,20210419,2478943.42857
aut,20210420,2532211.57143
aut,20210421,2584822
aut,20210422,2636924.57143
aut,20210423,2688733.14286
aut,20210424,2737995.57143
aut,20210425,2788506.28571
aut,20210426,2838897
aut,20210427,2889684.71429
aut,20210428,2939760.71429
aut,20210429,2990616.14286
aut,20210430,3043288.71429
aut,20210501,3096199.57143
aut,20210502,3147497.85714
aut,20210503,3198588.42857
aut,20210504,3251598.85714
aut,20210505,3307473.57143
aut,20210506,3366411
aut,20210507,3429424
aut,20210508,3493974.28571
aut,20210509,3558851.28571
aut,20210510,3625754.42857
aut,20210511,3693356.14286
aut,20210512,3764228.42857
aut,20210513,3825983.28571
aut,20210514,3885061.14286
aut,20210515,3945274.71429
aut,20210516,4006264.14286
aut,20210517,4067835.28571
aut,20210518,4129964.42857
aut,20210519,4192830.14286
aut,20210520,4266823.28571
aut,20210521,4343917.28571
aut,20210522,4420877.85714
aut,20210523,4498602.14286
aut,20210524,4573087.28571
aut,20210525,4645436.71429
aut,20210526,4715923.42857
aut,20210527,4784700
aut,20210528,4853254.28571
aut,20210529,4922265
aut,20210530,4992515
aut,20210531,5065532.42857
aut,20210601,5143709.85714
aut,20210602,5229139.28571
aut,20210603,5310136
aut,20210604,5391028
aut,20210605,5471995
aut,20210606,5555161
aut,20210607,5640291.71429
aut,20210608,5725505.42857
aut,20210609,5806951.85714
aut,20210610,5895998.28571
aut,20210611,5988109.85714
aut,20210612,6081137.42857
aut,20210613,6171893.14286
aut,20210614,6261383.85714
aut,20210615,6350141.71429
aut,20210616,6439319
aut,20210617,6527585.57143
aut,20210618,6613235.42857
aut,20210619,6698496.57143
aut,20210620,6783668
aut,20210621,6869352.28571
aut,20210622,6955793.42857
aut,20210623,7041058.57143
aut,20210624,7125490
aut,20210625,7211274.57143
aut,20210626,7298548.28571
aut,20210627,7386442.85714
aut,20210628,7474125.14286
aut,20210629,7561858.57143
aut,20210630,7649928.71429
aut,20210701,7739140.42857
aut,20210702,7827173.14286
aut,20210703,7914260.14286
aut,20210704,8003224.42857
aut,20210705,8091461.85714
aut,20210706,8178251.42857
aut,20210707,8262150
aut,20210708,8343098.57143
aut,20210709,8420523.14286
aut,20210710,8495157.57143
aut,20210711,8566402
aut,20210712,8636225.71429
aut,20210713,8704959.57143
aut,20210714,8771818
aut,20210715,8833945.28571
aut,20210716,8894833.85714
aut,20210717,8955680.42857
aut,20210718,9016134.14286
aut,20210719,9075920.85714
aut,20210720,9131759.57143
aut,20210721,9185553.14286
aut,20210722,9240072.57143
aut,20210723,9293139
aut,20210724,9346174.57143
aut,20210725,9399224.14286
aut,20210726,9452113
aut,20210727,9505929
aut,20210728,9558146.14286
aut,20210729,9606820.42857
aut,20210730,9653263.42857
aut,20210731,9697489.71429
aut,20210801,9741539.85714
aut,20210802,9785200.85714
aut,20210803,9827792.14286
aut,20210804,9868923.85714
aut,20210805,9909399
aut,20210806,9948480.57143
aut,20210807,9986697.28571
aut,20210808,10024612.42857
aut,20210809,10060681.57143
aut,20210810,10095779.28571
aut,20210811,10129906.42857
aut,20210812,10162630.28571
aut,20210813,10192470.28571
aut,20210814,10220663.42857
aut,20210815,10246559.14286
aut,20210816,10273594.14286
aut,20210817,10298479.57143
aut,20210818,10321340.42857
aut,20210819,10343402.71429
aut,20210820,10365397.28571
aut,20210821,10387149.42857
aut,20210822,10408694.71429
aut,20210823,10428162.42857
aut,20210824,10446829.71429
aut,20210825,10464016.28571
aut,20210826,10480652
aut,20210827,10496275.42857
aut,20210828,10510835.57143
aut,20210829,10524773.42857
aut,20210830,10538769.85714
aut,20210831,10552482.57143
aut,20210901,10566058.71429
aut,20210902,10578802.57143
aut,20210903,10591139.57143
aut,20210904,10604139.85714
aut,20210905,10616968.85714
aut,20210906,10629511.85714
aut,20210907,10641786.42857
aut,20210908,10654128.42857
aut,20210909,10666568.28571
aut,20210910,10679455.71429
aut,20210911,10692319.57143
aut,20210912,10705310.57143
aut,20210913,10718557.42857
aut,20210914,10732378.14286
aut,20210915,10746550.85714
aut,20210916,10761108.71429
aut,20210917,10776425.85714
aut,20210918,10791607.85714
aut,20210919,10806882.71429
aut,20210920,10822336.57143
aut,20210921,10837999.28571
aut,20210922,10854271.57143
aut,20210923,10870491.28571
aut,20210924,10886723.14286
aut,20210925,10902757.14286
aut,20210926,10918622.42857
aut,20210927,10934563.14286
aut,20210928,10950191.57143
aut,20210929,10965787.57143
aut,20210930,10981784.42857
aut,20211001,10997753.85714
aut,20211002,11013814
aut,20211003,11029827.28571
aut,20211004,11046180.85714
aut,20211005,11063212.28571
aut,20211006,11081207.57143
aut,20211007,11099612.28571
aut,20211008,11119195.85714
aut,20211009,11138995.28571
aut,20211010,11158796.71429
aut,20211011,11178706.57143
aut,20211012,11198393.42857
aut,20211013,11217954.14286
aut,20211014,11237791.28571
aut,20211015,11257133.14286
aut,20211016,11276166.71429
aut,20211017,11295156
aut,20211018,11314504.42857
aut,20211019,11334118.71429
aut,20211020,11354162.85714
aut,20211021,11374695.14286
aut,20211022,11396041.85714
aut,20211023,11418069.71429
aut,20211024,11440269.57143
aut,20211025,11462408.85714
aut,20211026,11482223.28571
aut,20211027,11502301.57143
aut,20211028,11522320.14286
aut,20211029,11542516.85714
aut,20211030,11563016.71429
aut,20211031,11583640.57143
aut,20211101,11602502.14286
aut,20211102,11624833.14286
aut,20211103,11649138.14286
aut,20211104,11676387.42857
aut,20211105,11707986
aut,20211106,11742892.42857
aut,20211107,11780177.28571
aut,20211108,11823852.57143
aut,20211109,11873055.57143
aut,20211110,11926475.42857
aut,20211111,11985288.85714
aut,20211112,12049506.85714
aut,20211113,12117258.71429
aut,20211114,12188014.71429
aut,20211115,12262053.71429
aut,20211116,12339321
aut,20211117,12421450
aut,20211118,12508430.85714
aut,20211119,12600977.71429
aut,20211120,12696934.42857
aut,20211121,12795110
aut,20211122,12895862.85714
aut,20211123,12999595.42857
aut,20211124,13106596.42857
aut,20211125,13215260
aut,20211126,13326308.71429
aut,20211127,13439144.57143
aut,20211128,13551524.85714
aut,20211129,13663942.42857
aut,20211130,13775797.57143
aut,20211201,13887185.28571
aut,20211202,13998509.14286
aut,20211203,14109425.14286
aut,20211204,14219342.42857
aut,20211205,14327820.57143
aut,20211206,14436247
aut,20211207,14546475.28571
aut,20211208,14646444.85714
aut,20211209,14744496.42857
aut,20211210,14841999.85714
aut,20211211,14938275
aut,20211212,15033806.14286
aut,20211213,15128178.57143
aut,20211214,15219604.14286
aut,20211215,15319769.85714
aut,20211216,15419998
aut,20211217,15517052.42857
aut,20211218,15612785.14286
aut,20211219,15709177.85714
aut,20211220,15805620.14286
aut,20211221,15899613.28571
aut,20211222,15987993.28571
aut,20211223,16065831.28571
aut,20211224,16125818.14286
aut,20211225,16175283.57143
aut,20211226,16220784.14286
aut,20211227,16262507.85714
aut,20211228,16299851.14286
aut,20211229,16333272
aut,20211230,16365399
aut,20211231,16397891.14286
aut,20220101,16430254.57143
aut,20220102,16463078.28571
aut,20220103,16494233.28571
aut,20220104,16524589.14286
aut,20220105,16555335.85714
aut,20220106,16583493.28571
aut,20220107,16619797.42857
aut,20220108,16661744.71429
aut,20220109,16703653.42857
aut,20220110,16745507
aut,20220111,16788060.71429
aut,20220112,16831042.57143
aut,20220113,16879695.85714
aut,20220114,16928673.57143
aut,20220115,16976397.57143
aut,20220116,17023592.28571
aut,20220117,17069693.85714
aut,20220118,17113708.42857
aut,20220119,17155630.42857
aut,20220120,17195031.28571
aut,20220121,17231555.85714
aut,20220122,17266618.57143
aut,20220123,17300894.57143
aut,20220124,17333417.57143
aut,20220125,17364249.42857
aut,20220126,17393271.42857
aut,20220127,17421017.14286
aut,20220128,17447676.71429
aut,20220129,17474735.14286
aut,20220130,17502533
aut,20220131,17531402
aze,20210117,0
aze,20210206,32500
aze,20210301,119453.33333
aze,20210303,173918.75
aze,20210309,221434.2
aze,20210310,255967.66667
aze,20210311,281807.85714
aze,20210312,345220.42857
aze,20210313,400265.57143
aze,20210314,423155
aze,20210320,443919.14286
aze,20210326,458051.14286
aze,20210401,519155.14286
aze,20210402,583752.85714
aze,20210403,652456.42857
aze,20210404,723517.71429
aze,20210405,794140.71429
aze,20210406,865516
aze,20210407,939140.28571
aze,20210408,969586.71429
aze,20210409,1001399.42857
aze,20210410,1034076
aze,20210411,1066839.14286
aze,20210412,1099587.71429
aze,20210413,1132426.57143
aze,20210414,1163483.85714
aze,20210415,1192384.28571
aze,20210416,1219184.42857
aze,20210417,1243682.28571
aze,20210418,1266578.57143
aze,20210419,1289463.28571
aze,20210420,1309470
aze,20210421,1327141.28571
aze,20210422,1342880.71429
aze,20210423,1356747.57143
aze,20210424,1369240
aze,20210425,1381516.28571
aze,20210426,1393842
aze,20210427,1406418.14286
aze,20210428,1419164.42857
aze,20210429,1431966.14286
aze,20210430,1445084.28571
aze,20210501,1458330.71429
aze,20210502,1471706.14286
aze,20210504,1487801.57143
aze,20210505,1505782
aze,20210506,1525463.28571
aze,20210507,1547654.28571
aze,20210508,1572447.71429
aze,20210509,1598475
aze,20210510,1622852.71429
aze,20210511,1647078.14286
aze,20210512,1670135.85714
aze,20210513,1692227.57143
aze,20210514,1711472.71429
aze,20210515,1727994.71429
aze,20210516,1743373.57143
aze,20210518,1764386.42857
aze,20210519,1786870.14286
aze,20210520,1810326.28571
aze,20210521,1835509.14286
aze,20210522,1864070.71429
aze,20210523,1894005.42857
aze,20210524,1921439
aze,20210525,1948112.42857
aze,20210526,1975640.14286
aze,20210527,2006381
aze,20210528,2041292.42857
aze,20210529,2076508.28571
aze,20210530,2114485.42857
aze,20210531,2152504.28571
aze,20210601,2194124.85714
aze,20210602,2238568.85714
aze,20210603,2283025
aze,20210604,2325387
aze,20210605,2368960
aze,20210606,2410868.57143
aze,20210607,2452804.85714
aze,20210608,2491904.14286
aze,20210609,2528730.14286
aze,20210610,2563581
aze,20210611,2597338.71429
aze,20210612,2630164.71429
aze,20210613,2662900.42857
aze,20210614,2695596.28571
aze,20210615,2728444.28571
aze,20210616,2759079.42857
aze,20210617,2789913.71429
aze,20210618,2820475.28571
aze,20210620,2855702.57143
aze,20210621,2886324.57143
aze,20210622,2923021
aze,20210623,2960734.42857
aze,20210624,3004595.57143
aze,20210625,3053277.42857
aze,20210626,3107245.71429
aze,20210627,3158527
aze,20210628,3209864.42857
aze,20210629,3265539.42857
aze,20210630,3327093.57143
aze,20210701,3391487.57143
aze,20210702,3456070.14286
aze,20210703,3519886.57143
aze,20210704,3583363.28571
aze,20210705,3646863
aze,20210706,3708750.71429
aze,20210707,3765808.57143
aze,20210708,3818236.28571
aze,20210709,3867505.28571
aze,20210710,3914472.57143
aze,20210711,3959499.14286
aze,20210712,4004496.42857
aze,20210713,4047902.57143
aze,20210714,4089384
aze,20210715,4129187.57143
aze,20210716,4167457.42857
aze,20210717,4203781.57143
aze,20210718,4239411
aze,20210719,4275028.85714
aze,20210720,4307111.28571
aze,20210721,4335383.57143
aze,20210722,4360132.14286
aze,20210724,4393487.28571
aze,20210725,4427831.57143
aze,20210726,4457399.14286
aze,20210727,4496614.85714
aze,20210728,4543781.14286
aze,20210729,4600836.28571
aze,20210730,4667922.71429
aze,20210731,4732976.28571
aze,20210801,4801102.14286
aze,20210802,4869286.85714
aze,20210803,4938866.57143
aze,20210804,5006493.57143
aze,20210805,5071174.28571
aze,20210807,5140488
aze,20210808,5204185.28571
aze,20210809,5258181.85714
aze,20210810,5320527.57143
aze,20210811,5381085.28571
aze,20210812,5441108.57143
aze,20210813,5501121
aze,20210814,5553774.42857
aze,20210815,5607487.14286
aze,20210816,5661162.71429
aze,20210817,5716616
aze,20210818,5772247.85714
aze,20210819,5827022.85714
aze,20210820,5880499
aze,20210821,5933476.57143
aze,20210822,5987211.42857
aze,20210823,6040960.14286
aze,20210824,6095739.85714
aze,20210825,6153250
aze,20210826,6214467.28571
aze,20210827,6278508.14286
aze,20210829,6361025.42857
aze,20210830,6435119
aze,20210831,6525835.57143
aze,20210901,6620373.57143
aze,20210902,6716749
aze,20210903,6813342.71429
aze,20210904,6910562.71429
aze,20210905,6988772.42857
aze,20210906,7066965.28571
aze,20210907,7138595.14286
aze,20210909,7212739.57143
aze,20210910,7281754
aze,20210912,7355217.85714
aze,20210913,7417633.42857
aze,20210914,7481226.71429
aze,20210915,7554008.14286
aze,20210916,7625306.14286
aze,20210919,7703320.28571
aze,20210920,7772540.28571
aze,20210921,7834466.42857
aze,20210922,7905277.71429
aze,20210923,7975141.42857
aze,20210924,8043981.14286
aze,20210925,8113603.28571
aze,20210926,8166945.57143
aze,20210927,8220231.42857
aze,20210929,8283449.85714
aze,20210930,8347413.14286
aze,20211001,8412254.14286
aze,20211002,8477434.28571
aze,20211003,8540769.85714
aze,20211004,8596206.28571
aze,20211005,8659777.28571
aze,20211006,8710572.71429
aze,20211008,8763205.14286
aze,20211009,8811717.28571
aze,20211010,8856401.28571
aze,20211011,8893594.14286
aze,20211012,8936322.57143
aze,20211014,8980802.85714
aze,20211015,9023207.28571
aze,20211017,9061975.42857
aze,20211018,9095129.42857
aze,20211019,9127887.28571
aze,20211020,9165056.28571
aze,20211021,9201138.14286
aze,20211022,9231655.85714
aze,20211023,9262426.28571
aze,20211024,9289407.85714
aze,20211025,9316357.28571
aze,20211026,9344760
aze,20211027,9375066.57143
aze,20211028,9407815.14286
aze,20211029,9443157.71429
aze,20211030,9480873.57143
aze,20211031,9520525.71429
aze,20211101,9560163.14286
aze,20211102,9600643.42857
aze,20211108,9664661
aze,20211109,9723236.14286
aze,20211111,9782614.71429
aze,20211112,9840319.42857
aze,20211113,9897651.42857
aze,20211114,9959264.57143
aze,20211115,10014193
aze,20211116,10044808.57143
aze,20211117,10078650.85714
aze,20211118,10109783.28571
aze,20211119,10140128.71429
aze,20211120,10169412.42857
aze,20211121,10197985.42857
aze,20211122,10226518.57143
aze,20211123,10254631.85714
aze,20211124,10282843.71429
aze,20211125,10310630
aze,20211126,10338176.28571
aze,20211127,10365739.42857
aze,20211128,10393484.57143
aze,20211129,10421263.42857
aze,20211130,10449658
aze,20211201,10478886.85714
aze,20211202,10508735.28571
aze,20211203,10539147.71429
aze,20211204,10569937.57143
aze,20211205,10600843
aze,20211206,10631728
aze,20211207,10661937
aze,20211208,10691136.14286
aze,20211209,10719907.14286
aze,20211210,10748151.57143
aze,20211211,10775840.57143
aze,20211212,10803138.28571
aze,20211213,10830415.14286
aze,20211214,10857531
aze,20211215,10884377
aze,20211216,10910686.28571
aze,20211217,10936447.85714
aze,20211218,10961685.57143
aze,20211219,10986371.57143
aze,20211220,11011067.42857
aze,20211221,11035129.85714
aze,20211222,11058733.14286
aze,20211223,11081935.14286
aze,20211224,11104692.28571
aze,20211225,11127186.42857
aze,20211227,11149719.42857
aze,20211228,11176704.57143
aze,20211229,11203660
aze,20211230,11231181.28571
aze,20211231,11258783.28571
aze,20220101,11282938.14286
aze,20220102,11303322.42857
aze,20220103,11320716.71429
aze,20220104,11333674
aze,20220105,11346239.85714
aze,20220106,11359002.71429
aze,20220107,11372306.28571
aze,20220108,11390214
aze,20220109,11411940.71429
aze,20220110,11433664.28571
aze,20220111,11460038.14286
aze,20220112,11486988.85714
aze,20220113,11513426
aze,20220115,11543312.42857
aze,20220116,11571953.28571
aze,20220117,11596770
aze,20220118,11625806.42857
aze,20220119,11654180.28571
aze,20220120,11681886.85714
aze,20220121,11706534
aze,20220122,11726928
aze,20220123,11747179
aze,20220124,11767429.57143
aze,20220125,11787976
aze,20220126,11808874.71429
aze,20220127,11830163.57143
aze,20220128,11854654.71429
aze,20220129,11880335.71429
aze,20220130,11907037
aze,20220131,11933740.42857
aze,20220201,11961400.28571
aze,20220202,11989960.57143
aze,20220203,12019795.28571
aze,20220204,12050274.71429
aze,20220205,12081025.85714
aze,20220206,12112141
aze,20220207,12143262
aze,20220208,12175063.57143
bdi,20211019,81
bdi,20211020,128
bdi,20211022,181
bdi,20211026,250.5
bdi,20211028,312.4
bdi,20211029,362.83333
bdi,20211109,479.42857
bdi,20211110,643.85714
bdi,20211111,810.42857
bdi,20211112,969
bdi,20211115,1125.57143
bdi,20211118,1306
bdi,20211123,1520.85714
bdi,20211125,1677.71429
bdi,20211126,1840.28571
bdi,20211201,2023.71429
bdi,20211205,2229
bdi,20211209,2492
bdi,20211212,2804.42857
bdi,20211215,3371.14286
bdi,20211223,4123.42857
bdi,20220113,4984.85714
bdi,20220202,5988.14286
bel,20201228,338
bel,20201229,357
bel,20201230,538
bel,20201231,639.75
bel,20210101,704
bel,20210102,750.5
bel,20210103,787.85714
bel,20210104,892.42857
bel,20210105,1246.57143
bel,20210106,2099.85714
bel,20210107,4162.42857
bel,20210108,7570.28571
bel,20210109,11445
bel,20210110,15386.14286
bel,20210111,20138.85714
bel,20210112,26935.42857
bel,20210113,36295.71429
bel,20210114,47806.57143
bel,20210115,61357.85714
bel,20210116,75188.85714
bel,20210117,89420
bel,20210118,104444.85714
bel,20210119,119955.42857
bel,20210120,135435.71429
bel,20210121,151895.14286
bel,20210122,169286.85714
bel,20210123,187147
bel,20210124,204814.42857
bel,20210125,222507.71429
bel,20210126,239271.42857
bel,20210127,255336.85714
bel,20210128,270493.85714
bel,20210129,284447.71429
bel,20210130,297838.14286
bel,20210131,311093.85714
bel,20210201,323855.57143
bel,20210202,338309
bel,20210203,354806.14286
bel,20210204,372813.28571
bel,20210205,392174.57143
bel,20210206,411824.85714
bel,20210207,431824.28571
bel,20210208,452156.57143
bel,20210209,472972
bel,20210210,493037.28571
bel,20210211,513431
bel,20210212,534389.42857
bel,20210213,555664.14286
bel,20210214,576737.28571
bel,20210215,598327.57143
bel,20210216,618053.85714
bel,20210217,636976.71429
bel,20210218,654650.42857
bel,20210219,671795.14286
bel,20210220,688553.14286
bel,20210221,705343.57143
bel,20210222,721986.28571
bel,20210223,739379
bel,20210224,757230.28571
bel,20210225,775667.14286
bel,20210226,794235
bel,20210227,812578.28571
bel,20210228,830728.28571
bel,20210301,849009.28571
bel,20210302,867807.28571
bel,20210303,887620
bel,20210304,910023.85714
bel,20210305,934288
bel,20210306,959112.71429
bel,20210307,984035.42857
bel,20210308,1009497.57143
bel,20210309,1035716.28571
bel,20210310,1062779
bel,20210311,1090456.28571
bel,20210312,1118140.42857
bel,20210313,1146056.57143
bel,20210314,1173971.14286
bel,20210315,1203809.71429
bel,20210316,1236196.85714
bel,20210317,1270230.42857
bel,20210318,1307275.71429
bel,20210319,1347581.14286
bel,20210320,1389666.71429
bel,20210321,1431680.42857
bel,20210322,1473996.28571
bel,20210323,1516495.57143
bel,20210324,1561024
bel,20210325,1606126.42857
bel,20210326,1651564.57143
bel,20210327,1697034.14286
bel,20210328,1742719.14286
bel,20210329,1787100.42857
bel,20210330,1829219.85714
bel,20210331,1874649
bel,20210401,1923306.28571
bel,20210402,1973756.85714
bel,20210403,2023976.71429
bel,20210404,2073871.42857
bel,20210405,2122462
bel,20210406,2173158.57143
bel,20210407,2218561.14286
bel,20210408,2267600.57143
bel,20210409,2324162.57143
bel,20210410,2387574.28571
bel,20210411,2451532.28571
bel,20210412,2520382.14286
bel,20210413,2592893.85714
bel,20210414,2672966.85714
bel,20210415,2750816.57143
bel,20210416,2822753.28571
bel,20210417,2893162.57143
bel,20210418,2963872.28571
bel,20210419,3036347.14286
bel,20210420,3105645.42857
bel,20210421,3173695.71429
bel,20210422,3239568.57143
bel,20210423,3302310.42857
bel,20210424,3363374.57143
bel,20210425,3424476.57143
bel,20210426,3485905.71429
bel,20210427,3547737.42857
bel,20210428,3609951.71429
bel,20210429,3673585.42857
bel,20210430,3738687
bel,20210501,3803935.14286
bel,20210502,3868806.85714
bel,20210503,3935898
bel,20210504,4007320.42857
bel,20210505,4087374.71429
bel,20210506,4175372.57143
bel,20210507,4273871.28571
bel,20210508,4378542.57143
bel,20210509,4483837.42857
bel,20210510,4589826.71429
bel,20210511,4693752.14286
bel,20210512,4788854
bel,20210513,4877807
bel,20210514,4965299.57143
bel,20210515,5052447.57143
bel,20210516,5139323.14286
bel,20210517,5229802.57143
bel,20210518,5329505.57143
bel,20210519,5436114.14286
bel,20210520,5546747.57143
bel,20210521,5654954.71429
bel,20210522,5763315.71429
bel,20210523,5872184.57143
bel,20210524,5974346.42857
bel,20210525,6071744.85714
bel,20210526,6166462.28571
bel,20210527,6260176.85714
bel,20210528,6351599
bel,20210529,6443308.71429
bel,20210530,6535288.42857
bel,20210531,6635622.42857
bel,20210601,6736426
bel,20210602,6843743.14286
bel,20210603,6957788.71429
bel,20210604,7077653.28571
bel,20210605,7204377.28571
bel,20210606,7333924.28571
bel,20210607,7470377.28571
bel,20210608,7613358.14286
bel,20210609,7760407.71429
bel,20210610,7908614.57143
bel,20210611,8062928.71429
bel,20210612,8217836.28571
bel,20210613,8371704.28571
bel,20210614,8523479.14286
bel,20210615,8675560.28571
bel,20210616,8825773
bel,20210617,8975120.14286
bel,20210618,9124048.57143
bel,20210619,9270507.14286
bel,20210620,9418147.14286
bel,20210621,9560720.14286
bel,20210622,9697199.42857
bel,20210623,9833733
bel,20210624,9969192.85714
bel,20210625,10100630.42857
bel,20210626,10230532.85714
bel,20210627,10360797.28571
bel,20210628,10491323.28571
bel,20210629,10623701.42857
bel,20210630,10747648.28571
bel,20210701,10865184.28571
bel,20210702,10975485.28571
bel,20210703,11082025.57143
bel,20210704,11185640.42857
bel,20210705,11289248.14286
bel,20210706,11392017
bel,20210707,11499725.28571
bel,20210708,11611513.28571
bel,20210709,11728107
bel,20210710,11850492.85714
bel,20210711,11975270.85714
bel,20210712,12103727.28571
bel,20210713,12232435.71429
bel,20210714,12359388.42857
bel,20210715,12482073.42857
bel,20210716,12603327.14286
bel,20210717,12720655.85714
bel,20210718,12835660.28571
bel,20210719,12948186.14286
bel,20210720,13061353
bel,20210721,13167783.57143
bel,20210722,13281269.57143
bel,20210723,13398362.57143
bel,20210724,13514829.42857
bel,20210725,13631169.28571
bel,20210726,13745975.14286
bel,20210727,13859179.71429
bel,20210728,13980628.71429
bel,20210729,14096745
bel,20210730,14209895.85714
bel,20210731,14321360.14286
bel,20210801,14432567.28571
bel,20210802,14542079.14286
bel,20210803,14649071
bel,20210804,14750231.71429
bel,20210805,14846785.57143
bel,20210806,14938954.71429
bel,20210807,15027300.14286
bel,20210808,15114838.71429
bel,20210809,15197227.71429
bel,20210810,15277724.28571
bel,20210811,15352435
bel,20210812,15421508.85714
bel,20210813,15483326.14286
bel,20210814,15540596.85714
bel,20210815,15597195
bel,20210816,15649379
bel,20210817,15696683.42857
bel,20210818,15740370.42857
bel,20210819,15780156.71429
bel,20210820,15817291.28571
bel,20210821,15854013.14286
bel,20210822,15890891.71429
bel,20210823,15927938.85714
bel,20210824,15964081.71429
bel,20210825,15999030.71429
bel,20210826,16033951.28571
bel,20210827,16068401.85714
bel,20210828,16104281
bel,20210829,16139918.57143
bel,20210830,16174336.42857
bel,20210831,16208692.28571
bel,20210901,16239879.85714
bel,20210902,16266524.42857
bel,20210903,16291075
bel,20210904,16314994
bel,20210905,16338913.71429
bel,20210906,16359107.57143
bel,20210907,16375087.57143
bel,20210908,16391808.42857
bel,20210909,16407690
bel,20210910,16422637.28571
bel,20210911,16436488.42857
bel,20210912,16450337.71429
bel,20210913,16464507.42857
bel,20210914,16477982.42857
bel,20210915,16490181.71429
bel,20210916,16502811.14286
bel,20210917,16515968.14286
bel,20210918,16529861.85714
bel,20210919,16543621.57143
bel,20210920,16557387.28571
bel,20210921,16572735
bel,20210922,16589924.71429
bel,20210923,16607954.57143
bel,20210924,16626603.85714
bel,20210925,16647044.42857
bel,20210926,16667599.71429
bel,20210927,16688995.28571
bel,20210928,16711397.85714
bel,20210929,16735728.42857
bel,20210930,16761358.57143
bel,20211001,16787402.42857
bel,20211002,16811877.42857
bel,20211003,16836333.28571
bel,20211004,16860727.71429
bel,20211005,16884610
bel,20211006,16908152
bel,20211007,16934127.14286
bel,20211008,16961588.14286
bel,20211009,16988894.57143
bel,20211010,17016204.85714
bel,20211011,17044375.42857
bel,20211012,17074791.85714
bel,20211013,17105508.85714
bel,20211014,17135372.71429
bel,20211015,17164356.71429
bel,20211016,17192391.71429
bel,20211017,17220429
bel,20211018,17247294.85714
bel,20211019,17272406.42857
bel,20211020,17295942
bel,20211021,17318763.28571
bel,20211022,17341179.14286
bel,20211023,17363113.28571
bel,20211024,17384949.71429
bel,20211025,17407412
bel,20211026,17430899
bel,20211027,17454990.71429
bel,20211028,17479457.71429
bel,20211029,17503924.85714
bel,20211030,17528221
bel,20211031,17552481
bel,20211101,17574595.42857
bel,20211102,17595162
bel,20211103,17614919.42857
bel,20211104,17633632.42857
bel,20211105,17652017
bel,20211106,17670657.28571
bel,20211107,17689545
bel,20211108,17711193.14286
bel,20211109,17734628.57143
bel,20211110,17760317.14286
bel,20211111,17782583.85714
bel,20211112,17805317.85714
bel,20211113,17828429.57143
bel,20211114,17851337
bel,20211115,17875691
bel,20211116,17902958.28571
bel,20211117,17934461.14286
bel,20211118,17974805.57143
bel,20211119,18019479.57143
bel,20211120,18065590.14286
bel,20211121,18111780.71429
bel,20211122,18160590.57143
bel,20211123,18214478.28571
bel,20211124,18272538.57143
bel,20211125,18338181.28571
bel,20211126,18409101.85714
bel,20211127,18481269.57143
bel,20211128,18553749.28571
bel,20211129,18630573.14286
bel,20211130,18710149.71429
bel,20211201,18792347
bel,20211202,18875061.28571
bel,20211203,18960054.57143
bel,20211204,19046981.14286
bel,20211205,19134051.28571
bel,20211206,19221739
bel,20211207,19310464.28571
bel,20211208,19398762
bel,20211209,19488420.42857
bel,20211210,19578396.71429
bel,20211211,19669759.28571
bel,20211212,19761318.71429
bel,20211213,19855950.28571
bel,20211214,19952854.28571
bel,20211215,20050917.71429
bel,20211216,20149660.28571
bel,20211217,20251290.57143
bel,20211218,20354568.85714
bel,20211219,20459144
bel,20211220,20569243
bel,20211221,20686516
bel,20211222,20809749.71429
bel,20211223,20932507
bel,20211224,21037636.85714
bel,20211225,21132047.71429
bel,20211226,21224558.14286
bel,20211227,21307127.28571
bel,20211228,21376961.71429
bel,20211229,21435722.14286
bel,20211230,21482837.57143
bel,20211231,21528690.57143
bel,20220101,21574540.85714
bel,20220102,21620194.42857
bel,20220103,21673139.71429
bel,20220104,21734114
bel,20220105,21805207.42857
bel,20220106,21891638.57143
bel,20220107,21999914.42857
bel,20220108,22121458.71429
bel,20220109,22247228
bel,20220110,22372985.14286
bel,20220111,22498618.28571
bel,20220112,22620990
bel,20220113,22739662.14286
bel,20220114,22853524.28571
bel,20220115,22966597.71429
bel,20220116,23078604
bel,20220117,23185183.42857
bel,20220118,23283684.71429
bel,20220119,23375204.14286
bel,20220120,23458420.28571
bel,20220121,23534121
bel,20220122,23606271.57143
bel,20220123,23676708
bel,20220124,23742180.71429
bel,20220125,23801047.42857
bel,20220126,23855399
bel,20220127,23904688.14286
bel,20220128,23950198.85714
bel,20220129,23993299.71429
bel,20220130,24035833.57143
bel,20220131,24074273.14286
bel,20220201,24110745.28571
bel,20220202,24144943.14286
bel,20220203,24175655.14286
ben,20210512,10683
ben,20210521,11808.5
ben,20210608,16747
ben,20210628,24087.25
ben,20210712,29782.4
ben,20210724,34466.33333
ben,20210803,39588.71429
ben,20210816,48491
ben,20210825,63498.14286
ben,20210901,79943
ben,20210909,98223.85714
ben,20210915,115586.85714
ben,20211012,143417.14286
ben,20211028,173030.14286
ben,20211102,206933.28571
ben,20211108,239688.42857
ben,20211119,274226
ben,20211130,367538.42857
ben,20211209,506150.71429
ben,20211212,673680.71429
ben,20211221,866643.28571
ben,20211227,1075682
ben,20220103,1297102.57143
ben,20220118,1547791.28571
ben,20220204,1771239.14286
bfa,20210602,200
bfa,20210610,4040.5
bfa,20210614,8618.66667
bfa,20210628,12922.25
bfa,20210712,17129.8
bfa,20210809,20675.66667
bfa,20210816,27937.71429
bfa,20210823,42004.85714
bfa,20210831,56421.71429
bfa,20210912,77619.57143
bfa,20210922,110292.71429
bfa,20211009,147902.85714
bfa,20211024,196751.28571
bfa,20211028,275442.71429
bfa,20211104,355889.28571
bfa,20211215,451338.14286
bfa,20211222,578076.71429
bfa,20220104,712093.57143
bfa,20220113,849524.85714
bgd,20210126,0
bgd,20210127,13
bgd,20210128,197.66667
bgd,20210207,7938.25
bgd,20210209,42214.2
bgd,20210210,91473.33333
bgd,20210213,183645.71429
bgd,20210214,313079
bgd,20210215,474891.14286
bgd,20210216,669040.57143
bgd,20210217,891213.14286
bgd,20210218,1129641
bgd,20210220,1378942.14286
bgd,20210222,1603438.85714
bgd,20210223,1829870.28571
bgd,20210224,2049917
bgd,20210225,2262963.71429
bgd,20210227,2462735.85714
bgd,20210228,2643051.85714
bgd,20210302,2822855.85714
bgd,20210304,3004714.71429
bgd,20210307,3174871.71429
bgd,20210309,3366432.42857
bgd,20210311,3561744.85714
bgd,20210314,3763647.85714
bgd,20210316,3973628.71429
bgd,20210318,4165960
bgd,20210320,4334471.14286
bgd,20210322,4510149.71429
bgd,20210324,4660876.28571
bgd,20210325,4792494.71429
bgd,20210329,4924149.71429
bgd,20210331,5037012.57143
bgd,20210401,5140565
bgd,20210403,5239406
bgd,20210404,5323158.85714
bgd,20210405,5390365.28571
bgd,20210407,5451686.28571
bgd,20210408,5500993.57143
bgd,20210410,5565428.57143
bgd,20210411,5650876.14286
bgd,20210412,5753665.42857
bgd,20210415,5913503.14286
bgd,20210418,6133675.28571
bgd,20210420,6398614
bgd,20210422,6696018.42857
bgd,20210424,7000689.85714
bgd,20210425,7305610.14286
bgd,20210426,7606375.14286
bgd,20210427,7860898.57143
bgd,20210428,8066198.85714
bgd,20210429,8237924
bgd,20210502,8382108.14286
bgd,20210503,8509067
bgd,20210504,8620667
bgd,20210505,8728210.71429
bgd,20210506,8833150.42857
bgd,20210508,8933662.71429
bgd,20210509,9032339.28571
bgd,20210511,9126265.42857
bgd,20210512,9216005
bgd,20210516,9300794.85714
bgd,20210517,9378882.71429
bgd,20210518,9451170
bgd,20210519,9512522.14286
bgd,20210520,9574282.42857
bgd,20210522,9628059.85714
bgd,20210524,9684773.71429
bgd,20210525,9739305.42857
bgd,20210527,9791031.57143
bgd,20210529,9836839.85714
bgd,20210530,9883777.42857
bgd,20210531,9918529.28571
bgd,20210601,9947525.57143
bgd,20210603,9969365.57143
bgd,20210605,9986496.57143
bgd,20210606,10000137.14286
bgd,20210607,10011711
bgd,20210608,10021298.57143
bgd,20210610,10030866
bgd,20210612,10040856.71429
bgd,20210614,10048052.57143
bgd,20210616,10056157.14286
bgd,20210617,10062581.28571
bgd,20210619,10068673.28571
bgd,20210620,10074452
bgd,20210621,10078929
bgd,20210622,10082846.42857
bgd,20210623,10085577.85714
bgd,20210624,10088036.85714
bgd,20210626,10090633.14286
bgd,20210628,10092912.28571
bgd,20210629,10094935.71429
bgd,20210630,10096797.57143
bgd,20210703,10098875
bgd,20210705,10101118.28571
bgd,20210708,10102829.42857
bgd,20210713,10104340.71429
bgd,20210721,10106203.85714
bgd,20210722,10137551.85714
bgd,20210724,10168972.14286
bgd,20210725,10206360.71429
bgd,20210726,10249009.28571
bgd,20210727,10301210.28571
bgd,20210728,10417303.42857
bgd,20210729,10571169
bgd,20210730,10773150.14286
bgd,20210731,11134051.28571
bgd,20210801,11530529.42857
bgd,20210802,11966343.28571
bgd,20210803,12485016.14286
bgd,20210805,12997829.28571
bgd,20210807,13499247.42857
bgd,20210808,14348441
bgd,20210809,15180784.85714
bgd,20210810,16058936.14286
bgd,20210811,16963282.85714
bgd,20210812,17833969.57143
bgd,20210813,18669890.71429
bgd,20210814,19518756.71429
bgd,20210815,19981547.85714
bgd,20210816,20312542.85714
bgd,20210817,20618752.57143
bgd,20210818,20901903.14286
bgd,20210819,21183080.14286
bgd,20210821,21476432.28571
bgd,20210822,21786750.14286
bgd,20210823,22122334.42857
bgd,20210824,22514483
bgd,20210825,22917204.14286
bgd,20210826,23347672.71429
bgd,20210829,23829861.42857
bgd,20210831,24409338.28571
bgd,20210902,25006395.85714
bgd,20210904,25588699.71429
bgd,20210905,26156935.14286
bgd,20210906,26703061.14286
bgd,20210907,27245260.14286
bgd,20210908,28110201.14286
bgd,20210909,29007289
bgd,20210911,29967385.28571
bgd,20210912,30959530.57143
bgd,20210913,31968768.28571
bgd,20210914,32985084.42857
bgd,20210915,33971813.85714
bgd,20210916,34581130.28571
bgd,20210918,35087804
bgd,20210919,35533352.14286
bgd,20210920,35977976.85714
bgd,20210921,36428913
bgd,20210922,36904334.57143
bgd,20210923,37423532
bgd,20210925,37963118.42857
bgd,20210926,38537330.42857
bgd,20210927,39129330.42857
bgd,20210928,39710117.28571
bgd,20210929,41179960.85714
bgd,20211001,42757568.71429
bgd,20211003,44424411.57143
bgd,20211004,46101040.57143
bgd,20211005,47759714.28571
bgd,20211006,49409933.28571
bgd,20211007,51070315.28571
bgd,20211009,51792486.85714
bgd,20211010,52454111.42857
bgd,20211011,53027407.28571
bgd,20211012,53585188.85714
bgd,20211013,54127410.28571
bgd,20211014,54640356
bgd,20211016,55075197.71429
bgd,20211017,55509084.71429
bgd,20211018,55950276.42857
bgd,20211019,56389898.14286
bgd,20211021,56841153.85714
bgd,20211023,57473947.28571
bgd,20211025,58152910
bgd,20211031,60206775.28571
bgd,20211101,62360246.14286
bgd,20211102,64467058.14286
bgd,20211103,66586416.71429
bgd,20211104,68710346
bgd,20211106,70670688.57143
bgd,20211107,72768643
bgd,20211108,73678342.42857
bgd,20211109,74673280.85714
bgd,20211110,75966873.42857
bgd,20211111,77378407.71429
bgd,20211113,78882954.57143
bgd,20211114,80374902.85714
bgd,20211115,81714814
bgd,20211117,83056045.71429
bgd,20211118,84290116.57143
bgd,20211124,85812352.14286
bgd,20211125,87260566.28571
bgd,20211127,88681810.71429
bgd,20211128,90034285.42857
bgd,20211129,91572978.28571
bgd,20211130,93025585.28571
bgd,20211201,94678571
bgd,20211202,95840565.57143
bgd,20211204,97050318
bgd,20211205,98239153.57143
bgd,20211206,99568440.28571
bgd,20211207,100705742.28571
bgd,20211208,101949117.85714
bgd,20211209,103093264.71429
bgd,20220110,107844054.85714
bgd,20220112,113041183.14286
bgd,20220114,118361111.57143
bgd,20220115,123872206.85714
bgd,20220116,129658272.14286
bgd,20220117,135651462.71429
bgd,20220118,141648267
bgd,20220119,144040248.71429
bgd,20220120,146013361.85714
bgd,20220122,147936992.85714
bgd,20220124,149681706
bgd,20220125,151228985.14286
bgd,20220126,152561241.71429
bgr,20201229,1719
bgr,20201230,3163.5
bgr,20210101,3688.66667
bgr,20210105,4128.5
bgr,20210106,4885.4
bgr,20210107,5924
bgr,20210108,6985.57143
bgr,20210109,8664.71429
bgr,20210111,10029.42857
bgr,20210112,11606.71429
bgr,20210113,13262.42857
bgr,20210114,14658.57143
bgr,20210115,15659.85714
bgr,20210116,16370.85714
bgr,20210117,17082.28571
bgr,20210118,17864.71429
bgr,20210119,18785.57143
bgr,20210120,19798.28571
bgr,20210121,20879
bgr,20210122,22018.28571
bgr,20210123,23130.71429
bgr,20210124,24229.28571
bgr,20210125,25252.14286
bgr,20210126,26237.28571
bgr,20210127,27493
bgr,20210128,29262.28571
bgr,20210129,31362.85714
bgr,20210130,33491.57143
bgr,20210131,35631.85714
bgr,20210201,37894.14286
bgr,20210202,40293.42857
bgr,20210203,42751.57143
bgr,20210204,45092.85714
bgr,20210205,47386.42857
bgr,20210206,49671.57143
bgr,20210207,51944.85714
bgr,20210208,54266.85714
bgr,20210209,56625.57143
bgr,20210210,58916.85714
bgr,20210211,61359.42857
bgr,20210212,63907.14286
bgr,20210213,66522
bgr,20210214,69143.42857
bgr,20210215,71793.14286
bgr,20210216,74494.57143
bgr,20210217,77317
bgr,20210218,80087.14286
bgr,20210219,84312
bgr,20210220,89031.42857
bgr,20210221,95312.28571
bgr,20210222,102973.28571
bgr,20210223,112528.71429
bgr,20210224,124320.42857
bgr,20210225,138320.14286
bgr,20210226,152630.28571
bgr,20210227,167116.57143
bgr,20210228,180415.28571
bgr,20210301,193626.14286
bgr,20210302,207275.57143
bgr,20210303,218662.28571
bgr,20210304,230095.42857
bgr,20210305,241527.57143
bgr,20210306,252578.71429
bgr,20210307,263462.42857
bgr,20210308,273547.14286
bgr,20210309,281887
bgr,20210310,290597.85714
bgr,20210311,298583.85714
bgr,20210312,306040.42857
bgr,20210313,313295.57143
bgr,20210314,320473.85714
bgr,20210315,327270.28571
bgr,20210316,333533.57143
bgr,20210317,339470.28571
bgr,20210318,343985.42857
bgr,20210319,347708.42857
bgr,20210320,351800.28571
bgr,20210321,356089.71429
bgr,20210322,361041.57143
bgr,20210323,367157.42857
bgr,20210324,374387
bgr,20210325,382894
bgr,20210326,392537.85714
bgr,20210327,402196.57143
bgr,20210328,411858.85714
bgr,20210329,421741.28571
bgr,20210330,431730.71429
bgr,20210331,441892.71429
bgr,20210401,451950
bgr,20210402,461643.85714
bgr,20210403,471346.71429
bgr,20210404,480922.28571
bgr,20210405,490136.85714
bgr,20210406,498837.42857
bgr,20210407,507553.14286
bgr,20210408,517055.14286
bgr,20210409,526956.71429
bgr,20210410,536811.57143
bgr,20210411,546681.85714
bgr,20210412,556673.71429
bgr,20210413,566796.57143
bgr,20210414,577071.42857
bgr,20210415,586765.57143
bgr,20210416,596298.85714
bgr,20210417,605749.42857
bgr,20210418,615146.71429
bgr,20210419,624503
bgr,20210420,634051.28571
bgr,20210421,644211.85714
bgr,20210422,655375
bgr,20210423,667205.14286
bgr,20210424,679198.57143
bgr,20210425,691312.42857
bgr,20210426,703978.71429
bgr,20210427,717345.28571
bgr,20210428,731595.71429
bgr,20210429,746547
bgr,20210430,760621.71429
bgr,20210501,774914.28571
bgr,20210502,789397.57143
bgr,20210503,803591.85714
bgr,20210504,816983.85714
bgr,20210505,831393.85714
bgr,20210506,842976.42857
bgr,20210507,858249
bgr,20210508,874134.85714
bgr,20210509,890340.71429
bgr,20210510,908916.28571
bgr,20210511,931008.28571
bgr,20210512,953671
bgr,20210513,980709.42857
bgr,20210514,1007050.71429
bgr,20210515,1032898.14286
bgr,20210516,1058423.42857
bgr,20210517,1082914.57143
bgr,20210518,1106023.28571
bgr,20210519,1128256.71429
bgr,20210520,1149982.14286
bgr,20210521,1170540.28571
bgr,20210522,1191063.71429
bgr,20210523,1211626.85714
bgr,20210524,1230323.71429
bgr,20210525,1247705
bgr,20210526,1263730.42857
bgr,20210527,1277471.14286
bgr,20210528,1290394.42857
bgr,20210529,1303421.42857
bgr,20210530,1316645.14286
bgr,20210531,1330940.57143
bgr,20210601,1345405.42857
bgr,20210602,1360030.71429
bgr,20210603,1375362
bgr,20210604,1391036.28571
bgr,20210605,1406555.85714
bgr,20210606,1422413.28571
bgr,20210607,1438534.85714
bgr,20210608,1455186.71429
bgr,20210609,1472128
bgr,20210610,1489156.42857
bgr,20210611,1506005.42857
bgr,20210612,1522708.28571
bgr,20210613,1538818.71429
bgr,20210614,1554233.57143
bgr,20210615,1568748.14286
bgr,20210616,1582348.57143
bgr,20210617,1595156
bgr,20210618,1607212.14286
bgr,20210619,1619109.42857
bgr,20210620,1630988.14286
bgr,20210621,1642702.28571
bgr,20210622,1654025.57143
bgr,20210623,1664819
bgr,20210624,1675041
bgr,20210625,1684841.57143
bgr,20210626,1694535
bgr,20210627,1704169.42857
bgr,20210628,1713740.57143
bgr,20210629,1723292.85714
bgr,20210630,1732718.42857
bgr,20210701,1741871.42857
bgr,20210702,1750945.14286
bgr,20210703,1760089.14286
bgr,20210704,1769152.71429
bgr,20210705,1778181.28571
bgr,20210706,1787082.85714
bgr,20210707,1795958
bgr,20210708,1804829.42857
bgr,20210709,1813675
bgr,20210710,1822473
bgr,20210711,1831261.85714
bgr,20210712,1840135.85714
bgr,20210727,1865597.14286
bgr,20210728,1891079.14286
bgr,20210729,1916551.57143
bgr,20210730,1941939.85714
bgr,20210731,1967317.85714
bgr,20210801,1992706.14286
bgr,20210802,2018080.14286
bgr,20210803,2026963.85714
bgr,20210804,2035801.85714
bgr,20210805,2044683.14286
bgr,20210806,2053694.28571
bgr,20210807,2062717.57143
bgr,20210808,2071764.57143
bgr,20210809,2080907.85714
bgr,20210810,2089982
bgr,20210811,2099007.85714
bgr,20210812,2107936.71429
bgr,20210813,2116667.14286
bgr,20210814,2125429.85714
bgr,20210815,2134171.85714
bgr,20210816,2142935.42857
bgr,20210817,2151743.71429
bgr,20210818,2160619.85714
bgr,20210819,2169537.71429
bgr,20210820,2178640.57143
bgr,20210821,2187772
bgr,20210822,2196932.42857
bgr,20210823,2206199.14286
bgr,20210824,2215683.57143
bgr,20210825,2225311.14286
bgr,20210826,2235121.85714
bgr,20210827,2245034.85714
bgr,20210828,2254980.14286
bgr,20210829,2264947
bgr,20210830,2274988.71429
bgr,20210831,2284995.28571
bgr,20210901,2294751.42857
bgr,20210902,2304333.14286
bgr,20210903,2313873.14286
bgr,20210904,2323333.14286
bgr,20210905,2332737.14286
bgr,20210906,2340891.28571
bgr,20210907,2348742.57143
bgr,20210908,2356653.85714
bgr,20210909,2364525.14286
bgr,20210910,2372229.71429
bgr,20210911,2379891.85714
bgr,20210912,2387526.57143
bgr,20210913,2396074.14286
bgr,20210914,2404566.85714
bgr,20210915,2412748.71429
bgr,20210916,2420827.57143
bgr,20210917,2428823.42857
bgr,20210918,2436814.71429
bgr,20210919,2444769
bgr,20210920,2452652.14286
bgr,20210921,2460404
bgr,20210922,2466952.42857
bgr,20210923,2473537.14286
bgr,20210924,2480059.14286
bgr,20210925,2486499
bgr,20210926,2492912.42857
bgr,20210927,2498992
bgr,20210928,2504772.28571
bgr,20210929,2511573.71429
bgr,20210930,2518013
bgr,20211001,2524031.57143
bgr,20211002,2530024
bgr,20211003,2535867.57143
bgr,20211004,2541852.57143
bgr,20211005,2547757
bgr,20211006,2553400.42857
bgr,20211007,2558872.85714
bgr,20211008,2564365.42857
bgr,20211009,2569865.42857
bgr,20211010,2575472.42857
bgr,20211011,2580931.71429
bgr,20211012,2586428.71429
bgr,20211013,2591692.71429
bgr,20211014,2597006.57143
bgr,20211015,2602524.14286
bgr,20211016,2608126
bgr,20211017,2613809.42857
bgr,20211018,2619640.85714
bgr,20211019,2625675.14286
bgr,20211020,2632843
bgr,20211021,2642894.14286
bgr,20211022,2655146.42857
bgr,20211024,2668290.42857
bgr,20211025,2684726.28571
bgr,20211026,2704848.57143
bgr,20211027,2727302.42857
bgr,20211028,2751170.14286
bgr,20211029,2774309.71429
bgr,20211030,2795120.42857
bgr,20211031,2815331.71429
bgr,20211101,2834070.57143
bgr,20211102,2850920.14286
bgr,20211103,2866931.42857
bgr,20211104,2882568.71429
bgr,20211105,2897793
bgr,20211106,2912876.71429
bgr,20211107,2927930.42857
bgr,20211108,2942805
bgr,20211109,2957421
bgr,20211110,2971725.71429
bgr,20211111,2986261.28571
bgr,20211112,3001029.57143
bgr,20211113,3015934.42857
bgr,20211115,3033254.85714
bgr,20211116,3051841.14286
bgr,20211117,3071074.85714
bgr,20211118,3090976.71429
bgr,20211119,3110786.57143
bgr,20211120,3128508
bgr,20211121,3145777.42857
bgr,20211122,3162214.57143
bgr,20211123,3178308.57143
bgr,20211124,3194149
bgr,20211125,3209855.14286
bgr,20211126,3225522.71429
bgr,20211127,3241104
bgr,20211128,3256699.42857
bgr,20211129,3272289.42857
bgr,20211130,3287848
bgr,20211201,3303374.57143
bgr,20211202,3318859.14286
bgr,20211203,3334107.28571
bgr,20211204,3349270.71429
bgr,20211205,3364832.42857
bgr,20211206,3379350.71429
bgr,20211207,3393622.71429
bgr,20211208,3407565.14286
bgr,20211209,3421223.42857
bgr,20211210,3434654.28571
bgr,20211211,3448073.85714
bgr,20211212,3460961.14286
bgr,20211213,3474350
bgr,20211214,3487650.57143
bgr,20211215,3501044.28571
bgr,20211216,3514419.14286
bgr,20211217,3527713.71429
bgr,20211218,3541016.85714
bgr,20211219,3554350.71429
bgr,20211220,3568111.85714
bgr,20211221,3582151.71429
bgr,20211222,3595996.85714
bgr,20211223,3609163.85714
bgr,20211224,3619980.14286
bgr,20211225,3629977.28571
bgr,20211226,3639646.42857
bgr,20211227,3647648.14286
bgr,20211228,3653470.71429
bgr,20211229,3659781
bgr,20211230,3666187
bgr,20211231,3672934.71429
bgr,20220101,3679701.28571
bgr,20220102,3686765
bgr,20220103,3694328.42857
bgr,20220104,3704900.71429
bgr,20220105,3717258.71429
bgr,20220106,3732550.57143
bgr,20220107,3752252.85714
bgr,20220108,3773501.85714
bgr,20220109,3795196.57143
bgr,20220110,3819185.14286
bgr,20220111,3844180.85714
bgr,20220112,3868885.85714
bgr,20220113,3892806.71429
bgr,20220114,3915340.14286
bgr,20220115,3937261.85714
bgr,20220116,3958740
bgr,20220117,3978905.57143
bgr,20220118,3997212.42857
bgr,20220119,4013937.14286
bgr,20220120,4029164
bgr,20220121,4042788.85714
bgr,20220122,4055949
bgr,20220123,4068854.85714
bgr,20220124,4080786.57143
bgr,20220125,4091531.14286
bgr,20220126,4101212.57143
bgr,20220127,4109958.28571
bgr,20220128,4118596.57143
bgr,20220129,4127196.28571
bgr,20220130,4135790.71429
bgr,20220131,4144539.14286
bgr,20220201,4152933.85714
bgr,20220202,4160857.28571
bgr,20220203,4168415.57143
bgr,20220204,4175487.14286
bgr,20220205,4182436.42857
bgr,20220206,4189346.85714
bgr,20220207,4195930.14286
bgr,20220208,4202429.71429
bhr,20201223,38965
bhr,20201224,44518
bhr,20201225,46526.33333
bhr,20201226,47783.75
bhr,20201227,48949.8
bhr,20201228,49960.5
bhr,20201229,50829.14286
bhr,20201230,53450.85714
bhr,20201231,54675.42857
bhr,20210101,55933.71429
bhr,20210102,57153.85714
bhr,20210103,58164.57143
bhr,20210104,59107.14286
bhr,20210105,60228.85714
bhr,20210106,61822.42857
bhr,20210107,63764.71429
bhr,20210108,66470.42857
bhr,20210109,69907.57143
bhr,20210110,73987.71429
bhr,20210111,78414.28571
bhr,20210112,83254.71429
bhr,20210306,145832.85714
bhr,20210307,208356.85714
bhr,20210308,270375.28571
bhr,20210309,331861.28571
bhr,20210310,393097.14286
bhr,20210311,454215.85714
bhr,20210312,514868.42857
bhr,20210313,518883.57143
bhr,20210314,524782.14286
bhr,20210315,532550.14286
bhr,20210316,541975.85714
bhr,20210317,553339.42857
bhr,20210318,566699
bhr,20210319,581614.28571
bhr,20210320,596682.71429
bhr,20210321,611259.71429
bhr,20210322,625596.71429
bhr,20210323,639817
bhr,20210324,653707.42857
bhr,20210325,667140.85714
bhr,20210326,680091.85714
bhr,20210327,692077.14286
bhr,20210328,703860.14286
bhr,20210329,715267.71429
bhr,20210330,726048.85714
bhr,20210331,736282.85714
bhr,20210401,745885.14286
bhr,20210402,755188.28571
bhr,20210403,765748.71429
bhr,20210404,777414.71429
bhr,20210405,790240.42857
bhr,20210406,804637.14286
bhr,20210407,820852.57143
bhr,20210408,838806.71429
bhr,20210409,858334.14286
bhr,20210410,878497.57143
bhr,20210411,898367.85714
bhr,20210412,917967
bhr,20210413,936972.28571
bhr,20210414,955389.57143
bhr,20210415,973596.42857
bhr,20210416,991202.28571
bhr,20210417,1007771.14286
bhr,20210418,1025059.28571
bhr,20210419,1042683.57143
bhr,20210420,1061134.42857
bhr,20210421,1079524.71429
bhr,20210422,1096854.71429
bhr,20210423,1113189.42857
bhr,20210424,1129418
bhr,20210425,1144167.57143
bhr,20210426,1157837.14286
bhr,20210427,1170443.42857
bhr,20210428,1181712.14286
bhr,20210429,1192361
bhr,20210430,1203555.85714
bhr,20210501,1214640
bhr,20210502,1226547.42857
bhr,20210503,1239442.28571
bhr,20210504,1253015.14286
bhr,20210505,1267607.57143
bhr,20210506,1283390.85714
bhr,20210507,1299375.42857
bhr,20210508,1315315.14286
bhr,20210509,1331298
bhr,20210510,1347236.57143
bhr,20210511,1363571.57143
bhr,20210512,1380074
bhr,20210513,1395207.28571
bhr,20210514,1409621.71429
bhr,20210515,1423707.42857
bhr,20210516,1437562.85714
bhr,20210517,1451145.42857
bhr,20210518,1464110.71429
bhr,20210519,1476303.57143
bhr,20210520,1489304.85714
bhr,20210521,1503189.71429
bhr,20210522,1517939.14286
bhr,20210523,1533246
bhr,20210524,1549207.57143
bhr,20210525,1565539.42857
bhr,20210526,1582499.28571
bhr,20210527,1600240.71429
bhr,20210528,1618316.42857
bhr,20210529,1636200.14286
bhr,20210530,1654314.57143
bhr,20210531,1673035.42857
bhr,20210601,1692231.42857
bhr,20210602,1711799.71429
bhr,20210603,1730827.85714
bhr,20210604,1749823.85714
bhr,20210605,1768236
bhr,20210606,1785316.28571
bhr,20210607,1800435.28571
bhr,20210608,1813903.42857
bhr,20210609,1825977
bhr,20210610,1837534.28571
bhr,20210611,1847805
bhr,20210612,1857791.71429
bhr,20210613,1867096
bhr,20210614,1875809
bhr,20210615,1883736.57143
bhr,20210616,1891092.42857
bhr,20210617,1897866.71429
bhr,20210618,1904849.28571
bhr,20210619,1911830
bhr,20210620,1919216.42857
bhr,20210621,1927245.14286
bhr,20210622,1936222.71429
bhr,20210623,1945901.28571
bhr,20210624,1956760.28571
bhr,20210625,1968801
bhr,20210626,1981202
bhr,20210627,1993296.71429
bhr,20210628,2015299.85714
bhr,20210629,2036487.57143
bhr,20210630,2056983.28571
bhr,20210701,2076271.71429
bhr,20210702,2093984
bhr,20210703,2111194.85714
bhr,20210704,2128221.85714
bhr,20210705,2134539.85714
bhr,20210706,2140647.71429
bhr,20210707,2146932.28571
bhr,20210708,2153363.28571
bhr,20210709,2160000.57143
bhr,20210710,2166681
bhr,20210711,2173263.71429
bhr,20210712,2179989.28571
bhr,20210713,2187059
bhr,20210714,2194155.85714
bhr,20210715,2201521.42857
bhr,20210716,2208674.28571
bhr,20210717,2215620.57143
bhr,20210718,2222515.14286
bhr,20210719,2228829.14286
bhr,20210720,2234516.85714
bhr,20210721,2239730.71429
bhr,20210722,2244370
bhr,20210723,2249007.71429
bhr,20210724,2253452.42857
bhr,20210725,2258172.71429
bhr,20210726,2262980.71429
bhr,20210727,2268003.71429
bhr,20210728,2273028.57143
bhr,20210729,2277892.85714
bhr,20210730,2282879.14286
bhr,20210731,2288459.85714
bhr,20210801,2294208
bhr,20210802,2300508
bhr,20210803,2307771.42857
bhr,20210804,2315493.71429
bhr,20210805,2324085.14286
bhr,20210806,2332659.14286
bhr,20210807,2340937.85714
bhr,20210808,2349222.42857
bhr,20210809,2357295
bhr,20210810,2364942.14286
bhr,20210811,2373047
bhr,20210812,2381049.28571
bhr,20210813,2388907
bhr,20210814,2396765.28571
bhr,20210815,2404221.71429
bhr,20210816,2411427.42857
bhr,20210817,2417986.85714
bhr,20210818,2423405.85714
bhr,20210819,2427794.28571
bhr,20210820,2431851.14286
bhr,20210821,2435500
bhr,20210822,2439011.85714
bhr,20210823,2442861.14286
bhr,20210824,2446848.71429
bhr,20210825,2451088.71429
bhr,20210826,2455725.14286
bhr,20210827,2460360.28571
bhr,20210828,2465097.57143
bhr,20210829,2469711.85714
bhr,20210830,2473788.57143
bhr,20210831,2477673
bhr,20210901,2481492.14286
bhr,20210902,2485304.57143
bhr,20210903,2489062.57143
bhr,20210904,2492634.14286
bhr,20210905,2496006.14286
bhr,20210906,2499360.28571
bhr,20210907,2502566.28571
bhr,20210908,2505602.42857
bhr,20210909,2508207
bhr,20210910,2510763.71429
bhr,20210911,2513209.42857
bhr,20210912,2515582
bhr,20210913,2517906.14286
bhr,20210914,2520247.85714
bhr,20210915,2522597.57143
bhr,20210916,2525053.14286
bhr,20210917,2527428.14286
bhr,20210918,2529822.85714
bhr,20210919,2532142.28571
bhr,20210920,2534301.85714
bhr,20210921,2536110.71429
bhr,20210922,2538016.71429
bhr,20210923,2539867.42857
bhr,20210924,2542010.57143
bhr,20210925,2544552.14286
bhr,20210926,2547904.28571
bhr,20210927,2551903
bhr,20210928,2556748.57143
bhr,20210929,2562227.28571
bhr,20210930,2568557.14286
bhr,20211001,2575033.71429
bhr,20211002,2581782.28571
bhr,20211003,2588338
bhr,20211004,2595152.14286
bhr,20211005,2602174.71429
bhr,20211006,2609111.42857
bhr,20211007,2616197.14286
bhr,20211008,2623461.42857
bhr,20211009,2630715.42857
bhr,20211010,2638284.85714
bhr,20211011,2645935.71429
bhr,20211012,2653563
bhr,20211013,2661211.57143
bhr,20211014,2668607
bhr,20211015,2675790.85714
bhr,20211016,2682704.57143
bhr,20211017,2689494.14286
bhr,20211018,2695439.28571
bhr,20211019,2701173.57143
bhr,20211020,2706772.71429
bhr,20211021,2712228.71429
bhr,20211022,2717547.28571
bhr,20211023,2722674
bhr,20211024,2727442.28571
bhr,20211025,2732480.85714
bhr,20211026,2737256
bhr,20211027,2741726.42857
bhr,20211028,2746107.14286
bhr,20211029,2750483.14286
bhr,20211030,2754826
bhr,20211031,2759082.14286
bhr,20211101,2763154.14286
bhr,20211102,2767456.57143
bhr,20211103,2771783.42857
bhr,20211104,2775989.85714
bhr,20211105,2780225.71429
bhr,20211106,2784434.14286
bhr,20211107,2788604.85714
bhr,20211108,2792801.57143
bhr,20211109,2796709.57143
bhr,20211110,2800519.71429
bhr,20211111,2804454.42857
bhr,20211112,2808309
bhr,20211113,2812167
bhr,20211114,2816025.28571
bhr,20211115,2819901.42857
bhr,20211116,2823805.85714
bhr,20211117,2827800.57143
bhr,20211118,2831738.42857
bhr,20211119,2835707.42857
bhr,20211120,2839790.42857
bhr,20211121,2844145
bhr,20211122,2848876.85714
bhr,20211123,2854048.28571
bhr,20211124,2859632.28571
bhr,20211125,2865745.71429
bhr,20211126,2872375.14286
bhr,20211127,2879256.42857
bhr,20211128,2886529.28571
bhr,20211129,2894314.57143
bhr,20211130,2902402.57143
bhr,20211201,2910606.28571
bhr,20211202,2919346.57143
bhr,20211203,2928744.85714
bhr,20211204,2938811.42857
bhr,20211205,2949262.14286
bhr,20211206,2959887.28571
bhr,20211207,2970624.57143
bhr,20211208,2981639.28571
bhr,20211209,2992419.42857
bhr,20211210,3002534.14286
bhr,20211211,3012097.42857
bhr,20211212,3021421.85714
bhr,20211213,3030339.28571
bhr,20211214,3039244
bhr,20211215,3048564.57143
bhr,20211216,3057387.57143
bhr,20211217,3066024.28571
bhr,20211218,3074658.42857
bhr,20211219,3083137
bhr,20211220,3092601.14286
bhr,20211221,3102722.57143
bhr,20211222,3112721.71429
bhr,20211223,3123301.42857
bhr,20211224,3134014
bhr,20211225,3144877.28571
bhr,20211226,3156009.42857
bhr,20211227,3166429.14286
bhr,20211228,3176106.85714
bhr,20211229,3185244
bhr,20211230,3194012.42857
bhr,20211231,3202542.42857
bhr,20220101,3210605.14286
bhr,20220102,3217720.42857
bhr,20220103,3224450.28571
bhr,20220104,3230746.57143
bhr,20220105,3236773.28571
bhr,20220106,3242485.85714
bhr,20220107,3247991.85714
bhr,20220108,3253487
bhr,20220109,3259262.28571
bhr,20220110,3264703.28571
bhr,20220111,3269986.42857
bhr,20220112,3275141.42857
bhr,20220113,3280164.71429
bhr,20220114,3285161.71429
bhr,20220115,3290051.85714
bhr,20220116,3294543.71429
bhr,20220117,3299048.71429
bhr,20220118,3303389
bhr,20220119,3307402.42857
bhr,20220120,3311065.57143
bhr,20220121,3314487.14286
bhr,20220122,3317630.28571
bhr,20220123,3320965.42857
bhr,20220124,3323941
bhr,20220125,3327580.57143
bhr,20220126,3331169.57143
bhr,20220127,3334663.28571
bhr,20220128,3338266.42857
bhr,20220129,3341982
bhr,20220130,3345567.14286
bhr,20220131,3349049.57143
bhr,20220201,3351630.28571
bhr,20220202,3354160.42857
bhr,20220203,3356701.57143
bhr,20220204,3359131
bhr,20220205,3361488.42857
bhr,20220206,3363648.14286
bhr,20220207,3365763.57143
bhr,20220208,3367810.71429
bhs,20210313,0
bhs,20210314,55
bhs,20210321,536.66667
bhs,20210328,2152.5
bhs,20210407,3722
bhs,20210411,5601.66667
bhs,20210420,7931
bhs,20210427,11601.28571
bhs,20210509,16728.42857
bhs,20210521,23691.57143
bhs,20210529,30554
bhs,20210605,38008.71429
bhs,20210611,45597.14286
bhs,20210619,53788.42857
bhs,20210626,63127.71429
bhs,20210702,71698
bhs,20210710,78519.42857
bhs,20210717,84907.71429
bhs,20210724,90762.14286
bhs,20210730,95962.42857
bhs,20210731,99912.71429
bhs,20210806,102416.85714
bhs,20210809,104481.28571
bhs,20210820,107550
bhs,20210822,111730.28571
bhs,20210828,117955.14286
bhs,20210904,126111.14286
bhs,20210910,135572.85714
bhs,20210918,146406.42857
bhs,20210924,156980.42857
bhs,20211001,169596.28571
bhs,20211008,183241.14286
bhs,20211015,196340.28571
bhs,20211022,208141.71429
bhs,20211029,219849.57143
bhs,20211105,231187.28571
bhs,20211119,244050.28571
bhs,20211129,254392
bhs,20211210,263460.14286
bhs,20211215,271287.85714
bhs,20211222,278319.28571
bhs,20211223,284766.28571
bhs,20220105,291116.85714
bhs,20220112,296593.71429
bhs,20220126,302128
bih,20210211,0
bih,20210414,17806
bih,20210424,38866.66667
bih,20210501,56552.25
bih,20210519,75551.6
bih,20210525,102371.66667
bih,20210610,133926
bih,20210624,195427.85714
bih,20210625,255696.28571
bih,20210705,311300.57143
bih,20210721,384761.85714
bih,20210804,474240.57143
bih,20210810,554519.14286
bih,20210811,631955.42857
bih,20210818,703043
bih,20210907,789136.42857
bih,20210929,899420
bih,20211031,1021671.14286
bih,20211104,1132524.57143
bih,20220129,1293457.14286
blr,20201228,0
blr,20210218,10472
blr,20210312,17296
blr,20210326,29626.5
blr,20210409,47321.2
blr,20210423,94184.33333
blr,20210507,145015.14286
blr,20210523,246575.42857
blr,20210530,357416.85714
blr,20210606,485128.57143
blr,20210613,628937.71429
blr,20210718,896903
blr,20210725,1163544.85714
blr,20210801,1439273.57143
blr,20210810,1700819.71429
blr,20210815,1970538.14286
blr,20210822,2243154.71429
blr,20210829,2513168.42857
blr,20210905,2669082.57143
blr,20210912,2813584.28571
blr,20210919,2957787
blr,20210926,3113012.14286
blr,20211003,3281227.28571
blr,20211010,3479068.42857
blr,20211017,3694586
blr,20211024,3934718.14286
blr,20211107,4249451
blr,20211114,4577389.85714
blr,20211121,4912731
blr,20211128,5265399.57143
blr,20211205,5616800.57143
blr,20211212,6009047.14286
blr,20211219,6429335.57143
blr,20220102,6892498.57143
blr,20220109,7353809.28571
blr,20220116,7832788
blr,20220123,8316071.42857
blr,20220130,8794694
blz,20210228,0
blz,20210302,208.5
blz,20210303,363.33333
blz,20210304,476.75
blz,20210305,580.6
blz,20210309,728.16667
blz,20210310,979.71429
blz,20210311,1684.42857
blz,20210312,2688.28571
blz,20210315,3961.42857
blz,20210316,5412.14286
blz,20210317,6976
blz,20210318,8645.14286
blz,20210319,10433.28571
blz,20210322,12043.14286
blz,20210323,13448.57143
blz,20210324,14676.71429
blz,20210326,16025.14286
blz,20210331,17471.42857
blz,20210407,19015.42857
blz,20210409,20779.28571
blz,20210412,22491.57143
blz,20210413,24299.71429
blz,20210415,26442.28571
blz,20210416,28421
blz,20210420,30410
blz,20210421,32287
blz,20210422,33833.14286
blz,20210423,35424.85714
blz,20210427,37007
blz,20210428,38281.28571
blz,20210503,39750.71429
blz,20210505,41190.28571
blz,20210506,42556.28571
blz,20210507,43913.28571
blz,20210511,45345.85714
blz,20210512,46671.28571
blz,20210514,48193.14286
blz,20210517,49471.42857
blz,20210518,52092.28571
blz,20210519,54910.57143
blz,20210521,58178.14286
blz,20210525,61400.71429
blz,20210527,64789.85714
blz,20210528,68002.71429
blz,20210601,71330
blz,20210602,73214.85714
blz,20210603,74949.57143
blz,20210604,76317.14286
blz,20210611,78696.14286
blz,20210615,81472.57143
blz,20210616,84359.57143
blz,20210617,87304.85714
blz,20210623,91362.42857
blz,20210701,97142.28571
blz,20210702,103396.71429
blz,20210705,109025.28571
blz,20210706,114523.42857
blz,20210707,120340.14286
blz,20210708,126357.42857
blz,20210713,132224.57143
blz,20210715,137062.85714
blz,20210716,141633.42857
blz,20210719,145975.71429
blz,20210720,150025
blz,20210722,154187.42857
blz,20210723,158267.14286
blz,20210726,161980.42857
blz,20210727,165248.71429
blz,20210728,168082.85714
blz,20210729,170952
blz,20210730,174280.28571
blz,20210803,177352.71429
blz,20210804,180397.42857
blz,20210805,183133
blz,20210806,185821.71429
blz,20210809,189006.71429
blz,20210810,192159.71429
blz,20210811,194904.85714
blz,20210812,197521.42857
blz,20210813,200249.14286
blz,20210816,202931
blz,20210817,205477.28571
blz,20210818,207748.57143
blz,20210820,210157.85714
blz,20210830,215116.42857
blz,20210903,221121.14286
blz,20210906,226959.14286
blz,20210907,232719.42857
blz,20210909,238930.42857
blz,20210913,245150.71429
blz,20210914,251407.57143
blz,20210916,256866.42857
blz,20210920,262907.71429
blz,20210922,269239.85714
blz,20210923,275957.85714
blz,20210924,282866.57143
blz,20210928,291200.28571
blz,20210929,299785.14286
blz,20211001,307876.71429
blz,20211004,314774.71429
blz,20211006,322029.28571
blz,20211029,334329.71429
blz,20211105,346848
blz,20211112,358608.57143
blz,20211119,370358.71429
blz,20211129,381131
blz,20211203,391740.28571
blz,20211210,402085.28571
blz,20211217,407372.71429
blz,20211223,412056.71429
blz,20220107,416566.14286
blz,20220114,421128.57143
blz,20220121,425761.14286
blz,20220128,430573.85714
blz,20220204,435301.71429
bmu,20210110,0
bmu,20210116,832.5
bmu,20210123,1532.33333
bmu,20210130,2373.5
bmu,20210206,3717.8
bmu,20210209,4764.83333
bmu,20210215,5963.42857
bmu,20210222,8402.42857
bmu,20210227,11122.42857
bmu,20210301,13758.85714
bmu,20210303,16479.14286
bmu,20210310,19140.85714
bmu,20210315,22066.71429
bmu,20210322,25073.71429
bmu,20210327,28033
bmu,20210404,30954
bmu,20210410,34436
bmu,20210419,38492.85714
bmu,20210426,42518.14286
bmu,20210502,46477
bmu,20210512,50732.71429
bmu,20210517,54843.57143
bmu,20210524,58796.42857
bmu,20210531,62418.28571
bmu,20210605,65470.42857
bmu,20210607,68177.28571
bmu,20210614,70844
bmu,20210625,72903.85714
bmu,20210629,74926.42857
bmu,20210703,76786.85714
bmu,20210716,78349.14286
bmu,20210723,79601.42857
bmu,20210730,80746.85714
bmu,20210806,81620.57143
bmu,20210813,82318.28571
bmu,20210820,82789.71429
bmu,20210827,83204.42857
bmu,20210903,83685.14286
bmu,20210910,84177.42857
bmu,20210917,84652.28571
bmu,20210924,85180.85714
bmu,20211001,85740.57143
bmu,20211008,86269.28571
bmu,20211015,86793.42857
bmu,20211022,87309.71429
bmu,20211029,88289.14286
bmu,20211105,90453
bmu,20211210,93287.85714
bmu,20211217,96589.85714
bmu,20211229,100157.28571
bmu,20220105,103846.42857
bmu,20220114,107617.28571
bmu,20220119,110882.14286
bmu,20220128,113624.14286
bmu,20220204,115805.85714
bol,20210202,1589
bol,20210203,2574.5
bol,20210204,3440.33333
bol,20210205,4437.75
bol,20210206,5077.4
bol,20210207,5523.16667
bol,20210208,6006.28571
bol,20210209,7172.42857
bol,20210210,8116.28571
bol,20210211,8829.85714
bol,20210212,9220.85714
bol,20210213,9582.42857
bol,20210214,9927.42857
bol,20210215,10107.71429
bol,20210216,10167
bol,20210217,10167
bol,20210218,10167
bol,20210219,10167
bol,20210220,10187.85714
bol,20210221,10208.71429
bol,20210222,10257.85714
bol,20210223,10424.14286
bol,20210224,10819.57143
bol,20210225,12025.57143
bol,20210226,13231.57143
bol,20210227,16017.28571
bol,20210228,18803
bol,20210301,21560.42857
bol,20210302,27887
bol,20210303,33984.42857
bol,20210304,39271.28571
bol,20210305,44558.14286
bol,20210306,55468
bol,20210307,66481.14286
bol,20210308,78231.57143
bol,20210309,87297.71429
bol,20210310,97479.42857
bol,20210311,108432.14286
bol,20210312,120079.71429
bol,20210313,124594.71429
bol,20210314,129068
bol,20210315,133317.14286
bol,20210316,137168.42857
bol,20210317,140554.71429
bol,20210318,143934.57143
bol,20210319,148196.57143
bol,20210320,152663.85714
bol,20210321,157249.85714
bol,20210322,162995.57143
bol,20210323,170475.57143
bol,20210324,180176
bol,20210325,191923.57143
bol,20210326,205093.14286
bol,20210327,218529.71429
bol,20210328,231896.42857
bol,20210329,245293.57143
bol,20210330,258283.28571
bol,20210331,270524.57143
bol,20210401,281944.14286
bol,20210402,290643.28571
bol,20210403,299028
bol,20210404,307484.28571
bol,20210405,316601.85714
bol,20210406,326401.42857
bol,20210407,337011.42857
bol,20210408,348824.14286
bol,20210409,363649.42857
bol,20210410,378891.57143
bol,20210411,394311.14286
bol,20210412,409708.85714
bol,20210413,425133.42857
bol,20210414,440547.57143
bol,20210415,455777.71429
bol,20210416,471014
bol,20210417,486424.28571
bol,20210418,501883.14286
bol,20210419,517594.14286
bol,20210420,533496.28571
bol,20210421,549212.28571
bol,20210422,565266.42857
bol,20210423,581926.71429
bol,20210424,599103.71429
bol,20210425,616443.71429
bol,20210426,635195.14286
bol,20210427,656014.42857
bol,20210428,679682.71429
bol,20210429,705329.57143
bol,20210430,733261.57143
bol,20210501,760623.85714
bol,20210502,787849.85714
bol,20210503,814980.57143
bol,20210504,841683
bol,20210505,867308
bol,20210506,891197.14286
bol,20210507,912291.14286
bol,20210508,933597.85714
bol,20210509,954687.28571
bol,20210510,973603.42857
bol,20210511,989682.85714
bol,20210512,1002498.28571
bol,20210513,1015405.28571
bol,20210514,1030214.57143
bol,20210515,1045325.28571
bol,20210516,1060740.57143
bol,20210517,1080036.57143
bol,20210518,1104629.85714
bol,20210519,1135342
bol,20210520,1170242.85714
bol,20210521,1207817.14286
bol,20210522,1246123.57143
bol,20210523,1284662
bol,20210524,1323171.42857
bol,20210525,1360753.14286
bol,20210526,1398731
bol,20210527,1436323.57143
bol,20210528,1473419.71429
bol,20210529,1510413.57143
bol,20210530,1547420.57143
bol,20210531,1585458.14286
bol,20210601,1624337.42857
bol,20210602,1660886.85714
bol,20210603,1691219.42857
bol,20210604,1719537.57143
bol,20210605,1747462.28571
bol,20210606,1775179
bol,20210607,1803296
bol,20210608,1833338.28571
bol,20210609,1864138.71429
bol,20210610,1897870.57143
bol,20210611,1932553.14286
bol,20210612,1966773.85714
bol,20210613,2001069.42857
bol,20210614,2031596.42857
bol,20210615,2056900.28571
bol,20210616,2080854.85714
bol,20210617,2104948
bol,20210618,2126922
bol,20210619,2149313.28571
bol,20210620,2171933
bol,20210621,2191854.42857
bol,20210622,2213362.85714
bol,20210623,2236928.28571
bol,20210624,2263079.42857
bol,20210625,2293234
bol,20210626,2324052.57143
bol,20210627,2355844.42857
bol,20210628,2394100.71429
bol,20210629,2434332.42857
bol,20210630,2473588
bol,20210701,2514021.42857
bol,20210702,2556648
bol,20210703,2599684
bol,20210704,2644324.57143
bol,20210705,2688364.14286
bol,20210706,2737594.85714
bol,20210707,2792337.85714
bol,20210708,2847231.85714
bol,20210709,2898612
bol,20210710,2949755.71429
bol,20210711,3000402.42857
bol,20210712,3053878.57143
bol,20210713,3104854.14286
bol,20210714,3154103.42857
bol,20210715,3206034.42857
bol,20210716,3260866.71429
bol,20210717,3317274.28571
bol,20210718,3375945.57143
bol,20210719,3438368.57143
bol,20210720,3503540
bol,20210721,3571716.42857
bol,20210722,3642064.85714
bol,20210723,3716362.57143
bol,20210724,3791065.28571
bol,20210725,3865858.42857
bol,20210726,3941908.42857
bol,20210727,4020942.71429
bol,20210728,4100658.57143
bol,20210729,4177686.57143
bol,20210730,4249597.14286
bol,20210731,4319707
bol,20210801,4387479.14286
bol,20210802,4449482
bol,20210803,4502438
bol,20210804,4547659.85714
bol,20210805,4588121.14286
bol,20210806,4620441
bol,20210807,4651674.71429
bol,20210808,4681576.71429
bol,20210809,4709286.42857
bol,20210810,4736975.28571
bol,20210811,4766763.71429
bol,20210812,4799886
bol,20210813,4841429.42857
bol,20210814,4883827.42857
bol,20210815,4926762
bol,20210816,4972013.71429
bol,20210817,5019078.28571
bol,20210818,5067179
bol,20210819,5114096.71429
bol,20210820,5159064.42857
bol,20210821,5203313.57143
bol,20210822,5246872.14286
bol,20210823,5288775.85714
bol,20210824,5335421
bol,20210825,5386724.28571
bol,20210826,5444483.42857
bol,20210827,5509234.71429
bol,20210828,5578100.85714
bol,20210829,5650936.71429
bol,20210830,5731008.14286
bol,20210831,5805349.28571
bol,20210901,5870938.14286
bol,20210902,5925696.85714
bol,20210903,5969862.42857
bol,20210904,6011312
bol,20210905,6048785.57143
bol,20210906,6075858.71429
bol,20210907,6100623.14286
bol,20210908,6125669.42857
bol,20210909,6152149.57143
bol,20210910,6178766.85714
bol,20210911,6203186
bol,20210912,6226704.28571
bol,20210913,6249707.28571
bol,20210914,6271005.42857
bol,20210915,6290760.85714
bol,20210916,6307602.57143
bol,20210917,6322827
bol,20210918,6339246.14286
bol,20210919,6358987.28571
bol,20210920,6379342
bol,20210921,6407733.85714
bol,20210922,6444000.71429
bol,20210923,6478313.28571
bol,20210924,6515734.14286
bol,20210925,6552606
bol,20210926,6586281.71429
bol,20210927,6623068.28571
bol,20210928,6654242
bol,20210929,6679802.85714
bol,20210930,6708287.57143
bol,20211001,6734633.71429
bol,20211002,6760094.71429
bol,20211003,6785420
bol,20211004,6809662.57143
bol,20211005,6831477.57143
bol,20211006,6850626.42857
bol,20211007,6869307.42857
bol,20211008,6887851.28571
bol,20211009,6906492.28571
bol,20211010,6924951.71429
bol,20211011,6940657.57143
bol,20211012,6957450.14286
bol,20211013,6975486.42857
bol,20211014,6997277.85714
bol,20211015,7022422.57143
bol,20211016,7048014.57143
bol,20211017,7074490.14286
bol,20211018,7106516.42857
bol,20211019,7145148.71429
bol,20211020,7188832.85714
bol,20211021,7234760.28571
bol,20211022,7281747.57143
bol,20211023,7328986.14286
bol,20211024,7375654.42857
bol,20211025,7423361.42857
bol,20211026,7467369.28571
bol,20211027,7510805.57143
bol,20211028,7551925.42857
bol,20211029,7596622.71429
bol,20211030,7644980.28571
bol,20211031,7694722
bol,20211101,7739508.42857
bol,20211102,7777289.42857
bol,20211103,7809250.57143
bol,20211104,7839006.71429
bol,20211105,7862261.85714
bol,20211106,7881761.71429
bol,20211107,7899636.14286
bol,20211108,7915569.28571
bol,20211109,7934409.42857
bol,20211110,7953212.42857
bol,20211111,7973135.14286
bol,20211112,7993923.28571
bol,20211113,8015794.71429
bol,20211114,8038754.71429
bol,20211115,8062856.42857
bol,20211116,8089942.71429
bol,20211117,8120256.57143
bol,20211118,8152627
bol,20211119,8186391.14286
bol,20211120,8221138.85714
bol,20211121,8254962.57143
bol,20211122,8288225.28571
bol,20211123,8321966.14286
bol,20211124,8354822
bol,20211125,8385522
bol,20211126,8414616.71429
bol,20211127,8442460.28571
bol,20211128,8470317.14286
bol,20211129,8499903.42857
bol,20211130,8528248
bol,20211201,8557094.57143
bol,20211202,8586864
bol,20211203,8618266.57143
bol,20211204,8649900.57143
bol,20211205,8681450.14286
bol,20211206,8713605
bol,20211207,8746806.42857
bol,20211208,8781160.57143
bol,20211209,8816360.28571
bol,20211210,8852613
bol,20211211,8889103
bol,20211212,8925718.28571
bol,20211213,8963935.57143
bol,20211214,9003734.71429
bol,20211215,9044740.28571
bol,20211216,9086750
bol,20211217,9127421.14286
bol,20211218,9167653.28571
bol,20211219,9209512.42857
bol,20211220,9250504.57143
bol,20211221,9290207.42857
bol,20211222,9327815.85714
bol,20211223,9362658.14286
bol,20211224,9395278.42857
bol,20211225,9426120.14286
bol,20211226,9455226.42857
bol,20211227,9484549.42857
bol,20211228,9518124.85714
bol,20211229,9552702
bol,20211230,9592932.71429
bol,20211231,9634204.14286
bol,20220101,9680284.28571
bol,20220102,9726793.14286
bol,20220103,9787332.28571
bol,20220104,9856712.28571
bol,20220105,9938213.14286
bol,20220106,10030075.85714
bol,20220107,10129153.14286
bol,20220108,10235445.14286
bol,20220109,10343225.14286
bol,20220110,10445156.71429
bol,20220111,10540549.71429
bol,20220112,10628284.57143
bol,20220113,10709079.42857
bol,20220114,10787938
bol,20220115,10858388.42857
bol,20220116,10927783.57143
bol,20220117,11002048.28571
bol,20220118,11073824.42857
bol,20220119,11143860.71429
bol,20220120,11207062
bol,20220121,11268538.14286
bol,20220122,11327605.71429
bol,20220123,11386087.14286
bol,20220124,11431273.42857
bol,20220125,11475781.85714
bol,20220126,11518779.71429
bol,20220127,11561800.42857
bol,20220128,11603961.28571
bol,20220129,11648013
bol,20220130,11692166.85714
bol,20220131,11739367
bol,20220201,11781449
bol,20220202,11820527
bol,20220203,11857141.57143
bol,20220204,11893042.57143
bol,20220205,11928400
bol,20220206,11963438.42857
bol,20220207,11993723.28571
bra,20210117,112
bra,20210118,610.5
bra,20210119,4916
bra,20210120,30143
bra,20210121,62854.2
bra,20210122,129423.33333
bra,20210123,192829.71429
bra,20210124,280521.42857
bra,20210125,394900
bra,20210126,542359.85714
bra,20210127,716891.57143
bra,20210128,912520
bra,20210129,1121312
bra,20210130,1331777
bra,20210131,1541800.57143
bra,20210201,1754770.85714
bra,20210202,1965622
bra,20210203,2176277.42857
bra,20210204,2392250
bra,20210205,2603331.42857
bra,20210206,2818639.71429
bra,20210207,3035985.28571
bra,20210208,3254221.85714
bra,20210209,3482597.28571
bra,20210210,3711840.28571
bra,20210211,3943444.57143
bra,20210212,4189705
bra,20210213,4430171
bra,20210214,4671376.85714
bra,20210215,4927052.57143
bra,20210216,5178939.28571
bra,20210217,5436060
bra,20210218,5698777.14286
bra,20210219,5939914.57143
bra,20210220,6184751.57143
bra,20210221,6432519.71429
bra,20210222,6673537.42857
bra,20210223,6911842.71429
bra,20210224,7139317
bra,20210225,7363121.42857
bra,20210226,7578674.85714
bra,20210227,7790498.57143
bra,20210228,7995791
bra,20210301,8216357.57143
bra,20210302,8462878.42857
bra,20210303,8740117.85714
bra,20210304,9035456.85714
bra,20210305,9357528.28571
bra,20210306,9699974
bra,20210307,10054689.14286
bra,20210308,10414184.42857
bra,20210309,10768300
bra,20210310,11117075.28571
bra,20210311,11466220.85714
bra,20210312,11814960.57143
bra,20210313,12156823.57143
bra,20210314,12490860
bra,20210315,12834585.57143
bra,20210316,13183537.42857
bra,20210317,13536050
bra,20210318,13889539
bra,20210319,14261771.71429
bra,20210320,14641765.85714
bra,20210321,15026580
bra,20210322,15427084.14286
bra,20210323,15849775.14286
bra,20210324,16312359.42857
bra,20210325,16822037
bra,20210326,17386956.57143
bra,20210327,17969582.85714
bra,20210328,18574807.85714
bra,20210329,19231045.14286
bra,20210330,19915704.28571
bra,20210331,20623205.14286
bra,20210401,21369699.42857
bra,20210402,22027331.14286
bra,20210403,22686388
bra,20210404,23356920.85714
bra,20210405,23999459.28571
bra,20210406,24683139
bra,20210407,25369537.85714
bra,20210408,26051401.14286
bra,20210409,26817596.85714
bra,20210410,27604624.57143
bra,20210411,28382657.14286
bra,20210412,29190926.85714
bra,20210413,29973955.71429
bra,20210414,30760285.57143
bra,20210415,31531210.85714
bra,20210416,32309620.85714
bra,20210417,33098080.57143
bra,20210418,33878116
bra,20210419,34677267.28571
bra,20210420,35490481.57143
bra,20210421,36250391
bra,20210422,36999068
bra,20210423,37867590.28571
bra,20210424,38709169.85714
bra,20210425,39539114
bra,20210426,40378645.42857
bra,20210427,41289760.42857
bra,20210428,42277196.14286
bra,20210429,43296499.57143
bra,20210430,44200220.42857
bra,20210501,45081447.14286
bra,20210502,45956998.57143
bra,20210503,46793587.85714
bra,20210504,47556248.85714
bra,20210505,48298594.57143
bra,20210506,49041223
bra,20210507,49791032.28571
bra,20210508,50549451.42857
bra,20210509,51307810.14286
bra,20210510,52074315.57143
bra,20210511,52829573
bra,20210512,53591136
bra,20210513,54299618.14286
bra,20210514,54966164.85714
bra,20210515,55637048.57143
bra,20210516,56332928
bra,20210517,57005180.71429
bra,20210518,57675278.71429
bra,20210519,58311874.28571
bra,20210520,58985225.42857
bra,20210521,59672231.42857
bra,20210522,60356665.42857
bra,20210523,61120028.42857
bra,20210524,61889196.71429
bra,20210525,62648476.71429
bra,20210526,63406348.71429
bra,20210527,64130075.28571
bra,20210528,64878162.14286
bra,20210529,65635629.85714
bra,20210530,66292189
bra,20210531,66944594.42857
bra,20210601,67595924.85714
bra,20210602,68312629.14286
bra,20210603,69010055.71429
bra,20210604,69667555.28571
bra,20210605,70356839.85714
bra,20210606,71062093.28571
bra,20210607,71769012.14286
bra,20210608,72546471.42857
bra,20210609,73322436.42857
bra,20210610,74179237.71429
bra,20210611,75109255.57143
bra,20210612,76042297.42857
bra,20210613,76992969.28571
bra,20210614,77987720.57143
bra,20210615,78990660
bra,20210616,79999854.57143
bra,20210617,81170998.14286
bra,20210618,82412220.57143
bra,20210619,83696531.28571
bra,20210620,84997104.28571
bra,20210621,86345104
bra,20210622,87699332.71429
bra,20210623,89070869.57143
bra,20210624,90339594.28571
bra,20210625,91568679.14286
bra,20210626,92773941.42857
bra,20210627,93948160
bra,20210628,95079066.28571
bra,20210629,96280264.28571
bra,20210630,97478152.71429
bra,20210701,98655232.42857
bra,20210702,99838589.57143
bra,20210703,101011197.57143
bra,20210704,102198002.71429
bra,20210705,103450423.42857
bra,20210706,104653149
bra,20210707,105911529.71429
bra,20210708,107198890.85714
bra,20210709,108477716.42857
bra,20210710,109788564.57143
bra,20210711,111110384.42857
bra,20210712,112390046.57143
bra,20210713,113662426
bra,20210714,114907140.28571
bra,20210715,116133149.71429
bra,20210716,117369133.85714
bra,20210717,118610026.42857
bra,20210718,119825656
bra,20210719,121079875.42857
bra,20210720,122388659.14286
bra,20210721,123747267.14286
bra,20210722,125172417.71429
bra,20210723,126630656.71429
bra,20210724,128087299
bra,20210725,129555814.71429
bra,20210726,130999589.14286
bra,20210727,132405656.57143
bra,20210728,133797881
bra,20210729,135133909.71429
bra,20210730,136485441.28571
bra,20210731,137841116.42857
bra,20210801,139192475.57143
bra,20210802,140509981.42857
bra,20210803,141861442.28571
bra,20210804,143305662
bra,20210805,144774151.14286
bra,20210806,146229374.57143
bra,20210807,147659556.14286
bra,20210808,149099751.85714
bra,20210809,150589495.57143
bra,20210810,152129559.14286
bra,20210811,153610757.28571
bra,20210812,155169505.28571
bra,20210813,156787491.71429
bra,20210814,158487783.85714
bra,20210815,160202096.42857
bra,20210816,161996291.28571
bra,20210817,163904000.28571
bra,20210818,165806610.28571
bra,20210819,167747878.28571
bra,20210820,169682848.85714
bra,20210821,171593173
bra,20210822,173520744
bra,20210823,175449507.85714
bra,20210824,177292616.42857
bra,20210825,179144962.71429
bra,20210826,180836367
bra,20210827,182503297
bra,20210828,184187370.71429
bra,20210829,185872810.57143
bra,20210830,187481985.71429
bra,20210831,189127931
bra,20210901,190764916.71429
bra,20210902,192484836.42857
bra,20210903,194203747.14286
bra,20210904,195882331.42857
bra,20210905,197532443.71429
bra,20210906,199176553.42857
bra,20210907,200519526.14286
bra,20210908,201823750.71429
bra,20210909,203161953.28571
bra,20210910,204567665.57143
bra,20210911,206010140.57143
bra,20210912,207465674.14286
bra,20210913,208919826.14286
bra,20210914,210599951
bra,20210915,212306237
bra,20210916,213909978.42857
bra,20210917,215503383.28571
bra,20210918,217065311
bra,20210919,218618291.85714
bra,20210920,220129405.28571
bra,20210921,221594379.71429
bra,20210922,223032166.57143
bra,20210923,224512789.28571
bra,20210924,225915847.42857
bra,20210925,227319593.85714
bra,20210926,228735909.85714
bra,20210927,230163192.42857
bra,20210928,231595240.42857
bra,20210929,233026038.85714
bra,20210930,234467475.28571
bra,20211001,235939972.85714
bra,20211002,237406980.28571
bra,20211003,238855008.14286
bra,20211004,240278017.57143
bra,20211005,241660193.57143
bra,20211006,243051180.71429
bra,20211007,244426912.28571
bra,20211008,245757750.28571
bra,20211009,247082309
bra,20211010,248441965.71429
bra,20211011,249789297.28571
bra,20211012,250970541
bra,20211013,252023323.14286
bra,20211014,253157839.57143
bra,20211015,254348285.28571
bra,20211016,255581678.14286
bra,20211017,256800762.42857
bra,20211018,258037796.57143
bra,20211019,259467566
bra,20211020,261064822.57143
bra,20211021,262473098.57143
bra,20211022,263775177.85714
bra,20211023,264986696.28571
bra,20211024,266238014.57143
bra,20211025,267671987.85714
bra,20211026,269122092.85714
bra,20211027,270526254.14286
bra,20211028,272017318.71429
bra,20211029,273549131.14286
bra,20211030,275067223.57143
bra,20211031,276527742
bra,20211101,277684498.71429
bra,20211102,278607487.42857
bra,20211103,279434940.42857
bra,20211104,280235550.14286
bra,20211105,281092298.71429
bra,20211106,281965590.14286
bra,20211107,282862303.42857
bra,20211108,283944099.14286
bra,20211109,285197669.85714
bra,20211110,286512083.57143
bra,20211111,287849142.14286
bra,20211112,289073364.28571
bra,20211113,290295973.57143
bra,20211114,291495467.71429
bra,20211115,292552098.57143
bra,20211116,293504731
bra,20211117,294479546.57143
bra,20211118,295397620.71429
bra,20211119,296323510
bra,20211120,297271659
bra,20211121,298249254.71429
bra,20211122,299306803.57143
bra,20211123,300434061.85714
bra,20211124,301492057.14286
bra,20211125,302499979.85714
bra,20211126,303501001.14286
bra,20211127,304448405.28571
bra,20211128,305362781.57143
bra,20211129,306146603.85714
bra,20211130,306999629.14286
bra,20211201,307872671.71429
bra,20211202,308793700.42857
bra,20211203,309782721.57143
bra,20211204,310817787.57143
bra,20211205,311821906.71429
bra,20211206,312921974.85714
bra,20211207,313949178.14286
bra,20211208,314906852.71429
bra,20211209,315885262.85714
bra,20211210,316752986.42857
bra,20211211,317542891.71429
bra,20211212,318328638.71429
bra,20211213,319074301
bra,20211214,319777783.42857
bra,20211215,320553222.42857
bra,20211216,321272056
bra,20211217,321964978
bra,20211218,322653345
bra,20211219,323329663.57143
bra,20211220,324023313.14286
bra,20211221,324699621.42857
bra,20211222,325365402.28571
bra,20211223,326028657
bra,20211227,326660345
bra,20211228,327383637
bra,20211229,328222462.28571
bra,20211230,329018256
bra,20211231,329723733.85714
bra,20220101,330256520
bra,20220102,330665369.71429
bra,20220103,331103291.57143
bra,20220104,331537806.14286
bra,20220105,331953437.28571
bra,20220109,332607563.14286
bra,20220110,333400707.42857
bra,20220111,334309694.85714
bra,20220112,335316879.42857
bra,20220113,336342624.85714
bra,20220114,337354857.85714
bra,20220115,338305435
bra,20220116,339392541.28571
bra,20220117,340893020
bra,20220118,342394374.57143
bra,20220119,343981390.85714
bra,20220120,345605995.42857
bra,20220121,347248425.85714
bra,20220122,349028853
bra,20220123,350400216.42857
bra,20220124,351478625
bra,20220125,352596134.42857
bra,20220126,353687242.71429
bra,20220127,354853051.57143
bra,20220128,356139730.71429
bra,20220129,357342629.42857
bra,20220130,358536553.57143
bra,20220131,359625850.42857
bra,20220201,360745855
bra,20220202,361885981
bra,20220203,362985769.57143
bra,20220204,364026552.57143
bra,20220205,365084719.57143
bra,20220206,366257775.57143
bra,20220207,367423011.71429
bra,20220208,368567752
brb,20210215,4490
brb,20210216,5586.5
brb,20210217,6762.66667
brb,20210218,7945.5
brb,20210219,9238.6
brb,20210220,10338.33333
brb,20210221,11224.85714
brb,20210222,13310.42857
brb,20210223,15503.85714
brb,20210224,17855.71429
brb,20210225,20397
brb,20210226,23143
brb,20210227,26130.42857
brb,20210228,29283.42857
brb,20210301,32431.42857
brb,20210302,35459.71429
brb,20210303,38214.14286
brb,20210304,40665.42857
brb,20210305,42786.42857
brb,20210306,44520.28571
brb,20210307,46049.14286
brb,20210308,47230.28571
brb,20210309,48162
brb,20210310,48934
brb,20210311,49542.71429
brb,20210312,49899.85714
brb,20210313,50286.85714
brb,20210314,50711.57143
brb,20210315,51245.28571
brb,20210316,51941.57143
brb,20210317,52763.71429
brb,20210318,53836.71429
brb,20210319,55154.71429
brb,20210320,56513.71429
brb,20210321,57865.42857
brb,20210322,59101.42857
brb,20210323,60263.42857
brb,20210325,61232.57143
brb,20210326,62014.71429
brb,20210329,62515.42857
brb,20210330,62887.85714
brb,20210331,63170.14286
brb,20210401,63449.28571
brb,20210402,63588.28571
brb,20210407,63723.28571
brb,20210408,63859.85714
brb,20210409,64167.85714
brb,20210410,64476.14286
brb,20210414,64810.57143
brb,20210415,65262.71429
brb,20210416,65940.14286
brb,20210417,66760.57143
brb,20210418,67633.85714
brb,20210419,68350.57143
brb,20210420,69102.14286
brb,20210421,69856.57143
brb,20210422,70534.85714
brb,20210423,71020.71429
brb,20210424,71483.28571
brb,20210425,71887.85714
brb,20210426,72286.85714
brb,20210427,72668.85714
brb,20210428,73037.57143
brb,20210429,73379.28571
brb,20210430,73713.14286
brb,20210501,76345.85714
brb,20210502,79105.28571
brb,20210503,82150.14286
brb,20210504,85510.28571
brb,20210505,89319
brb,20210506,93574.28571
brb,20210507,98100.57143
brb,20210508,100416.71429
brb,20210509,102602.71429
brb,20210510,104774
brb,20210511,106904.42857
brb,20210512,108911.71429
brb,20210513,110782.71429
brb,20210514,112591.42857
brb,20210515,114227.71429
brb,20210516,115887
brb,20210517,117472.42857
brb,20210518,119034.57143
brb,20210519,120587
brb,20210520,122167.28571
brb,20210521,123689.14286
brb,20210522,125324.57143
brb,20210523,126968.71429
brb,20210524,128498.85714
brb,20210525,129932.71429
brb,20210526,131300.14286
brb,20210527,132499.57143
brb,20210528,133749
brb,20210529,134908.57143
brb,20210530,135975.14286
brb,20210531,137025.85714
brb,20210601,138040.85714
brb,20210602,138926.57143
brb,20210604,139941.71429
brb,20210605,140754.14286
brb,20210606,141600.28571
brb,20210607,142470
brb,20210608,143414.28571
brb,20210609,144373.85714
brb,20210610,145390
brb,20210611,146210.71429
brb,20210612,147048.42857
brb,20210613,147903.85714
brb,20210614,148777.85714
brb,20210615,149682
brb,20210616,150584
brb,20210617,151588
brb,20210618,152675.14286
brb,20210619,153785.14286
brb,20210620,154944.85714
brb,20210621,156084.28571
brb,20210622,157223.28571
brb,20210623,158324.57143
brb,20210624,159315.14286
brb,20210625,160262.42857
brb,20210626,161179.71429
brb,20210627,162078.42857
brb,20210628,162986.85714
brb,20210629,163836.28571
brb,20210630,164623.14286
brb,20210702,165289.57143
brb,20210706,165850.14286
brb,20210707,166428.71429
brb,20210708,166908.71429
brb,20210709,167360.71429
brb,20210710,167717.71429
brb,20210711,168039.28571
brb,20210712,168315.42857
brb,20210713,168606.57143
brb,20210714,168910.85714
brb,20210715,169222.28571
brb,20210716,169557.71429
brb,20210717,169892.28571
brb,20210718,170294.42857
brb,20210719,170696.71429
brb,20210720,171073.14286
brb,20210721,171433.42857
brb,20210723,171817.42857
brb,20210724,172115.57143
brb,20210725,172444
brb,20210726,172733.28571
brb,20210727,173070.14286
brb,20210728,173370.85714
brb,20210729,173787.57143
brb,20210730,174216.85714
brb,20210731,174646.14286
brb,20210801,175091.14286
brb,20210802,175494.14286
brb,20210803,175858.85714
brb,20210804,176270.28571
brb,20210805,176679.85714
brb,20210806,177126.42857
brb,20210807,177638
brb,20210808,178250.85714
brb,20210809,178943.14286
brb,20210810,179815.14286
brb,20210811,180734.71429
brb,20210812,181727.57143
brb,20210813,182730.28571
brb,20210814,183672
brb,20210815,184531.14286
brb,20210816,185383.28571
brb,20210817,186174.42857
brb,20210818,186972.57143
brb,20210819,187769.42857
brb,20210820,188566.42857
brb,20210821,189503.57143
brb,20210822,190518.42857
brb,20210823,191621
brb,20210824,192818
brb,20210825,194145.14286
brb,20210826,195385.14286
brb,20210827,196677
brb,20210828,197953.42857
brb,20210829,199223.42857
brb,20210830,200546
brb,20210901,202023
brb,20210902,203461.42857
brb,20210903,204944.14286
brb,20210904,206330.14286
brb,20210905,207678.57143
brb,20210906,209027.42857
brb,20210907,210285.85714
brb,20210909,211418.28571
brb,20210910,212499.71429
brb,20210911,213476.42857
brb,20210912,214454.14286
brb,20210913,215468.42857
brb,20210914,216458.57143
brb,20210915,217443.57143
brb,20210916,218305.14286
brb,20210918,219376
brb,20210919,220494.14286
brb,20210920,221718.14286
brb,20210921,223022.14286
brb,20210922,224415.28571
brb,20210923,225969.28571
brb,20210924,227599.71429
brb,20210925,229116.71429
brb,20210926,230617.71429
brb,20210927,232155.71429
brb,20210928,233682.85714
brb,20210929,235262.57143
brb,20210930,236843.57143
brb,20211001,238472.71429
brb,20211002,240043
brb,20211003,241641.28571
brb,20211004,243181.57143
brb,20211005,244701.42857
brb,20211006,246129.42857
brb,20211007,247460.42857
brb,20211008,248703.85714
brb,20211009,249909.28571
brb,20211010,251081.85714
brb,20211011,252263.85714
brb,20211012,253463
brb,20211013,254646.85714
brb,20211015,255992.71429
brb,20211016,257274.71429
brb,20211017,258532.57143
brb,20211018,259847.42857
brb,20211019,261101.28571
brb,20211020,262287
brb,20211023,263714.57143
brb,20211024,264899.14286
brb,20211025,266128.71429
brb,20211026,267351.57143
brb,20211027,268562
brb,20211028,269791
brb,20211029,271052.57143
brb,20211030,272036.57143
brb,20211031,273034.85714
brb,20211101,273946.71429
brb,20211102,274844.28571
brb,20211103,275662.71429
brb,20211104,276461.28571
brb,20211105,277198.85714
brb,20211106,277891.42857
brb,20211107,278530
brb,20211108,279175.85714
brb,20211109,279836.14286
brb,20211110,280481.71429
brb,20211111,281101.42857
brb,20211112,281711.28571
brb,20211113,282276.71429
brb,20211114,282849
brb,20211115,283370.85714
brb,20211116,283878.71429
brb,20211117,284362.14286
brb,20211118,284827.28571
brb,20211119,285292.14286
brb,20211120,285773.28571
brb,20211121,286254.14286
brb,20211122,286746.57143
brb,20211124,287261.28571
brb,20211125,287810
brb,20211126,288342
brb,20211127,288840.71429
brb,20211128,289275
brb,20211129,289640.85714
brb,20211130,289960.71429
brb,20211201,290200.14286
brb,20211202,290458.28571
brb,20211203,290729.14286
brb,20211204,290982.14286
brb,20211205,291264.14286
brb,20211206,291572.85714
brb,20211207,291937.28571
brb,20211208,292283.71429
brb,20211209,292614.85714
brb,20211210,292949.28571
brb,20211211,293267
brb,20211212,293581.71429
brb,20211213,293888.57143
brb,20211214,294241.14286
brb,20211215,294628.57143
brb,20211216,295005.14286
brb,20211217,295389
brb,20211218,295787.28571
brb,20211219,296184.71429
brb,20211220,296605.85714
brb,20211221,296969.71429
brb,20211222,297309.85714
brb,20211223,297602.85714
brb,20211224,297812.28571
brb,20211225,297989
brb,20211226,298139.57143
brb,20211227,298249.28571
brb,20211228,298358.57143
brb,20211229,298483.85714
brb,20211230,298660
brb,20211231,298846.57143
brb,20220102,299047.85714
brb,20220103,299260.14286
brb,20220104,299474.42857
brb,20220105,299659
brb,20220106,299804.14286
brb,20220107,300061
brb,20220108,300328.71429
brb,20220109,300601
brb,20220110,300892.57143
brb,20220111,301179
brb,20220112,301505.71429
brb,20220113,301893.42857
brb,20220114,302157.57143
brb,20220115,302427.28571
brb,20220116,302718.14286
brb,20220117,303005.28571
brb,20220118,303317.28571
brb,20220119,303575.14286
brb,20220120,303760.85714
brb,20220121,303901.85714
brb,20220122,304047
brb,20220123,304175.85714
brb,20220124,304296.28571
brb,20220125,304423.57143
brb,20220126,304583.57143
brb,20220127,304768
brb,20220203,305087.71429
brb,20220204,305399.85714
brb,20220205,305698.85714
brn,20210402,0
brn,20210403,377
brn,20210404,525.33333
brn,20210405,697.5
brn,20210406,1070
brn,20210407,1424
brn,20210408,1795.71429
brn,20210409,2415.85714
brn,20210410,3026.42857
brn,20210411,3644
brn,20210412,4340.57143
brn,20210413,4923.14286
brn,20210414,5424.14286
brn,20210415,5920.85714
brn,20210416,6404.28571
brn,20210417,6893.71429
brn,20210419,7458.57143
brn,20210420,7997.28571
brn,20210421,8579.71429
brn,20210422,9266.14286
brn,20210424,9954.85714
brn,20210426,10700.85714
brn,20210427,11419.57143
brn,20210428,12137.71429
brn,20210429,12854.14286
brn,20210503,13595.57143
brn,20210504,14327.85714
brn,20210505,15106.71429
brn,20210506,15994.71429
brn,20210508,17066.85714
brn,20210509,18053.14286
brn,20210510,19240.57143
brn,20210511,20549.14286
brn,20210518,22180.42857
brn,20210521,24398.85714
brn,20210522,26796.42857
brn,20210523,28933
brn,20210524,31495
brn,20210525,34203.28571
brn,20210526,37165.71429
brn,20210527,40211.42857
brn,20210528,42514.28571
brn,20210529,44918.42857
brn,20210602,47652.57143
brn,20210607,50436.28571
brn,20210609,53009.14286
brn,20210610,55212.42857
brn,20210611,56915
brn,20210613,58760.42857
brn,20210614,60290.57143
brn,20210617,61845.85714
brn,20210618,62929.85714
brn,20210619,63903.57143
brn,20210621,65139.57143
brn,20210626,67308.42857
brn,20210628,69767.14286
brn,20210629,72439.57143
brn,20210630,75080.42857
brn,20210701,78133.42857
brn,20210702,81107.71429
brn,20210703,84146.14286
brn,20210704,86406.71429
brn,20210705,88758.57143
brn,20210706,91273.14286
brn,20210707,94012.42857
brn,20210708,96920.71429
brn,20210709,99872.85714
brn,20210713,104172.14286
brn,20210716,108951.57143
brn,20210719,114449.85714
brn,20210721,119894.85714
brn,20210723,125377.85714
brn,20210724,130768.71429
brn,20210725,136235.85714
brn,20210726,140358.85714
brn,20210728,144762.42857
brn,20210729,148398
brn,20210730,151624.71429
brn,20210731,154765.42857
brn,20210802,158125.71429
brn,20210803,161914
brn,20210804,165846.28571
brn,20210807,170375
brn,20210808,174656.85714
brn,20210810,179794
brn,20210811,185142.85714
brn,20210814,191622.85714
brn,20210817,199777
brn,20210820,209646.71429
brn,20210823,220911.71429
brn,20210825,234552.71429
brn,20210827,248714.57143
brn,20210829,263968.57143
brn,20210831,280174.28571
brn,20210902,295613.57143
brn,20210904,309739.14286
brn,20210906,322067.14286
brn,20210908,333465.57143
brn,20210910,344310
brn,20210912,354364.14286
brn,20210914,362618
brn,20210918,372182.71429
brn,20210920,382174.57143
brn,20210922,393525.14286
brn,20210924,404735.57143
brn,20210926,416714.71429
brn,20210928,430401.71429
brn,20210930,445828.14286
brn,20211002,459611.28571
brn,20211004,473442.57143
brn,20211006,486772.71429
brn,20211008,499576.85714
brn,20211010,511957.42857
brn,20211012,523080
brn,20211014,533095.42857
brn,20211018,544156.71429
brn,20211020,554426.42857
brn,20211022,563285.42857
brn,20211024,571758
brn,20211026,579863.57143
brn,20211027,586831.71429
brn,20211028,592578.57143
brn,20211029,596207
brn,20211030,599520
brn,20211101,603167.28571
brn,20211103,607976.71429
brn,20211105,612853.57143
brn,20211106,617485.28571
brn,20211107,622742.14286
brn,20211108,628252
brn,20211109,634213.42857
brn,20211110,640034.85714
brn,20211111,645025.85714
brn,20211112,650076.57143
brn,20211113,655807.14286
brn,20211114,661526.57143
brn,20211115,667450.42857
brn,20211116,673614.57143
brn,20211117,680062.42857
brn,20211118,686642.71429
brn,20211119,693461
brn,20211120,699964.14286
brn,20211121,706557
brn,20211122,712832.42857
brn,20211123,718821
brn,20211124,724343.85714
brn,20211126,729638
brn,20211127,733753.85714
brn,20211128,737794.42857
brn,20211129,740808.85714
brn,20211130,744030.57143
brn,20211201,746632.71429
brn,20211202,748776.85714
brn,20211203,750199.14286
brn,20211204,751599
brn,20211205,752841.28571
brn,20211206,754074
brn,20211207,755643
brn,20211208,757711.42857
brn,20211209,760381.71429
brn,20211210,763603.57143
brn,20211211,767079.57143
brn,20211212,771003.71429
brn,20211213,775295.42857
brn,20211214,779344.71429
brn,20211231,798126.42857
brn,20220107,819693.14286
brn,20220114,843882.28571
brn,20220121,870483.71429
brn,20220128,898446
btn,20210326,0
btn,20210327,42974.5
btn,20210328,89740
btn,20210329,135980.75
btn,20210330,176968
btn,20210331,213267.5
btn,20210401,244920.28571
btn,20210402,309719.57143
btn,20210403,363120
btn,20210404,403625.71429
btn,20210405,431282
btn,20210406,449674.42857
btn,20210407,460561.71429
btn,20210408,465890.57143
btn,20210409,468718.85714
btn,20210410,470779.28571
btn,20210411,471849.57143
btn,20210412,472900.14286
btn,20210413,473911
btn,20210414,474780.14286
btn,20210415,475564.71429
btn,20210416,476254.14286
btn,20210417,476871.28571
btn,20210418,477475.57143
btn,20210419,477936.71429
btn,20210420,478264.14286
btn,20210421,478588.85714
btn,20210422,478835
btn,20210423,479017.28571
btn,20210424,479186.42857
btn,20210425,479351.14286
btn,20210426,479516.28571
btn,20210427,479680.42857
btn,20210428,479809.57143
btn,20210429,479949
btn,20210430,480081.42857
btn,20210501,480198.42857
btn,20210502,480314.42857
btn,20210504,480426.28571
btn,20210505,480539.14286
btn,20210506,480663.42857
btn,20210507,480816.28571
btn,20210508,480969
btn,20210510,481128.85714
btn,20210511,481310.28571
btn,20210512,481462
btn,20210514,481602.28571
btn,20210515,481735.28571
btn,20210516,481826.57143
btn,20210517,481917.57143
btn,20210518,481999.71429
btn,20210519,482063.42857
btn,20210520,482124.57143
btn,20210521,482195.42857
btn,20210522,482263.14286
btn,20210524,482340.14286
btn,20210525,482414
btn,20210526,482482.71429
btn,20210527,482554.42857
btn,20210613,482823.14286
btn,20210620,483152
btn,20210705,483668.28571
btn,20210712,484308.57143
btn,20210718,485198.14286
btn,20210720,499901.71429
btn,20210721,528203.71429
btn,20210722,568816.42857
btn,20210723,618933.28571
btn,20210724,676112.57143
btn,20210725,737674.85714
btn,20210726,802182.85714
btn,20210727,853453.42857
btn,20210728,891401
btn,20210729,919108.42857
btn,20210730,937364.28571
btn,20210801,954731.42857
btn,20210802,967615.28571
btn,20210803,977342
btn,20210804,986589.57143
btn,20210805,995620.14286
btn,20210806,1002428.85714
btn,20210809,1009110.14286
btn,20210815,1013047.14286
btn,20210822,1017140.14286
btn,20210830,1022362.85714
btn,20210905,1027506.14286
btn,20210912,1032711.85714
btn,20210919,1041043.71429
btn,20210926,1051180.42857
btn,20211003,1058003.42857
btn,20211010,1065277.57143
btn,20211018,1073625
btn,20211024,1082086.14286
btn,20211031,1096661.71429
btn,20211121,1108785.85714
btn,20211128,1119138.57143
btn,20211205,1129256
btn,20211220,1138840.28571
btn,20220102,1147136.71429
btn,20220116,1155611.71429
btn,20220123,1191677.71429
btn,20220130,1232033.57143
bwa,20210325,0
bwa,20210402,6472.5
bwa,20210409,10251
bwa,20210412,13948.25
bwa,20210416,18489
bwa,20210419,22342.83333
bwa,20210423,25888.14286
bwa,20210426,32804
bwa,20210430,38080.71429
bwa,20210507,43161.71429
bwa,20210510,47599
bwa,20210514,52577.28571
bwa,20210517,59333.71429
bwa,20210521,69747.28571
bwa,20210524,81800.28571
bwa,20210528,95083.42857
bwa,20210531,108419.14286
bwa,20210607,121836
bwa,20210614,136526.42857
bwa,20210618,152524.42857
bwa,20210621,166729.14286
bwa,20210625,182270
bwa,20210628,197624.42857
bwa,20210702,213852.42857
bwa,20210705,230673
bwa,20210709,244945.57143
bwa,20210710,256914.57143
bwa,20210716,269962.42857
bwa,20210719,280896.57143
bwa,20210723,292477
bwa,20210726,305632.14286
bwa,20210730,319542.71429
bwa,20210802,333312
bwa,20210806,346409.71429
bwa,20210810,357915
bwa,20210813,370760.14286
bwa,20210825,385508.14286
bwa,20210901,410593.28571
bwa,20210909,440386.71429
bwa,20210915,471382.28571
bwa,20210922,504287.85714
bwa,20210930,538322.71429
bwa,20211007,578605.28571
bwa,20211014,628513.14286
bwa,20211021,679202.85714
bwa,20211028,732092
bwa,20211104,795103.28571
bwa,20211110,869588.42857
caf,20210512,667
caf,20210531,9537.5
caf,20210608,15205.33333
caf,20210614,18843.25
caf,20210615,23603.4
caf,20210623,32692.33333
caf,20210630,39262.71429
caf,20210719,52316.14286
caf,20210724,63085
caf,20210803,72837.85714
caf,20210816,82281.42857
caf,20210825,91745.85714
caf,20210922,102068.14286
caf,20210930,120399.42857
caf,20211014,143728.57143
caf,20211021,185409.57143
caf,20211101,232176.85714
caf,20211107,278821.14286
caf,20211119,323621.28571
caf,20211204,364532.57143
caf,20220115,418929.85714
caf,20220121,468732.42857
caf,20220131,506814.85714
caf,20220206,546341.57143
can,20201214,5
can,20201215,366
can,20201216,1252.33333
can,20201217,2759
can,20201218,4466.4
can,20201219,5783.16667
can,20201220,6846.71429
can,20201221,9856.42857
can,20201222,13590
can,20201223,18236
can,20201224,23731.14286
can,20201225,29087.71429
can,20201226,34293.57143
can,20201227,39892.28571
can,20201228,45316.28571
can,20201229,51772.71429
can,20201230,58908.42857
can,20201231,66436.57143
can,20210101,74524
can,20210102,83272.57143
can,20210103,92249.28571
can,20210104,103651.71429
can,20210105,115741.14286
can,20210106,129923.28571
can,20210107,147561.85714
can,20210108,170187
can,20210109,197321.42857
can,20210110,227070.14286
can,20210111,258924.85714
can,20210112,292691.85714
can,20210113,326776.57143
can,20210114,361647
can,20210115,397603.85714
can,20210116,433799.71429
can,20210117,470722.28571
can,20210118,508066.42857
can,20210119,546578.28571
can,20210120,586951.42857
can,20210121,627389.42857
can,20210122,666192.28571
can,20210123,703509.71429
can,20210124,738838.71429
can,20210125,771618.28571
can,20210126,803008.14286
can,20210127,831508.85714
can,20210128,857427.28571
can,20210129,881024.14286
can,20210130,902859.57143
can,20210131,923337.42857
can,20210201,943081.42857
can,20210202,960248
can,20210203,976064.42857
can,20210204,991103.57143
can,20210205,1006399.42857
can,20210206,1022618.14286
can,20210207,1040077.14286
can,20210208,1057979.71429
can,20210209,1078052.28571
can,20210210,1100447.28571
can,20210211,1124864.14286
can,20210212,1151267.14286
can,20210213,1179444.28571
can,20210214,1207961.57143
can,20210215,1234940.85714
can,20210216,1261799.14286
can,20210217,1287447.57143
can,20210218,1312211.71429
can,20210219,1338835.71429
can,20210220,1368002
can,20210221,1400749.85714
can,20210222,1440865.28571
can,20210223,1484365.14286
can,20210224,1531453.85714
can,20210225,1583017.57143
can,20210226,1637141.14286
can,20210227,1692765.57143
can,20210228,1749055
can,20210301,1804996
can,20210302,1864638.42857
can,20210303,1928372
can,20210304,1995084.42857
can,20210305,2064394.85714
can,20210306,2135349
can,20210307,2207911
can,20210308,2284313.57143
can,20210309,2360047.28571
can,20210310,2436392.42857
can,20210311,2515474
can,20210312,2598242.28571
can,20210313,2685655.42857
can,20210314,2778184.71429
can,20210315,2876164
can,20210316,2981436.14286
can,20210317,3095553.71429
can,20210318,3218063.57143
can,20210319,3348154.14286
can,20210320,3482186.14286
can,20210321,3615869.85714
can,20210322,3752631.57143
can,20210323,3890099
can,20210324,4032066.42857
can,20210325,4178886.71429
can,20210326,4333364.28571
can,20210327,4493043
can,20210328,4660994.42857
can,20210329,4835006.14286
can,20210330,5015906.71429
can,20210331,5204228
can,20210401,5395144.85714
can,20210402,5579271.71429
can,20210403,5766911.14286
can,20210404,5950684.57143
can,20210405,6133510.57143
can,20210406,6320314.71429
can,20210407,6508661.14286
can,20210408,6704168.71429
can,20210409,6918666.42857
can,20210410,7140126.28571
can,20210411,7370437.42857
can,20210412,7622912.85714
can,20210413,7885392
can,20210414,8156968
can,20210415,8435646.28571
can,20210416,8716937.42857
can,20210417,8999876.42857
can,20210418,9285332.85714
can,20210419,9560171.71429
can,20210420,9830216.71429
can,20210421,10103081
can,20210422,10384023.42857
can,20210423,10670957.85714
can,20210424,10962767.14286
can,20210425,11259107.14286
can,20210426,11555537.42857
can,20210427,11855246
can,20210428,12147350.28571
can,20210429,12430954.57143
can,20210430,12702825
can,20210501,12966873.71429
can,20210502,13222459.14286
can,20210503,13472849.85714
can,20210504,13719327.28571
can,20210505,13968811.28571
can,20210506,14225905.85714
can,20210507,14499792.28571
can,20210508,14787295.71429
can,20210509,15089011.14286
can,20210510,15406375.28571
can,20210511,15733595.42857
can,20210512,16069937.14286
can,20210513,16411623.71429
can,20210514,16758309.28571
can,20210515,17110302.28571
can,20210516,17468897.85714
can,20210517,17835438.71429
can,20210518,18199561.57143
can,20210519,18564999.28571
can,20210520,18930988.28571
can,20210521,19304173.57143
can,20210522,19680940.85714
can,20210523,20056492.57143
can,20210524,20427085.14286
can,20210525,20793191.28571
can,20210526,21154121
can,20210527,21514019.71429
can,20210528,21870206.28571
can,20210529,22220110.85714
can,20210530,22571224.85714
can,20210531,22927024
can,20210601,23291352
can,20210602,23659022.57143
can,20210603,24029689.28571
can,20210604,24400584.71429
can,20210605,24775989.14286
can,20210606,25152095.85714
can,20210607,25530809.85714
can,20210608,25914920.28571
can,20210609,26307268.28571
can,20210610,26708617.28571
can,20210611,27115942.28571
can,20210612,27528999.85714
can,20210613,27949862.28571
can,20210614,28376286.57143
can,20210615,28816382.57143
can,20210616,29265090.28571
can,20210617,29718025.57143
can,20210618,30175663
can,20210619,30633627.57143
can,20210620,31087578
can,20210621,31535631.85714
can,20210622,31987067.14286
can,20210623,32445886.71429
can,20210624,32916855.57143
can,20210625,33385841.42857
can,20210626,33858013
can,20210627,34331455.71429
can,20210628,34847537.85714
can,20210629,35380091.57143
can,20210630,35925502.42857
can,20210701,36452329.71429
can,20210702,36985652.57143
can,20210703,37507102.85714
can,20210704,38023060.28571
can,20210705,38524268.14286
can,20210706,39010427.14286
can,20210707,39481828.42857
can,20210708,39975959.42857
can,20210709,40467060.57143
can,20210710,40958810.57143
can,20210711,41445524.28571
can,20210712,41918406.57143
can,20210713,42381718.28571
can,20210714,42834026.85714
can,20210715,43260179.57143
can,20210716,43670013.57143
can,20210717,44070702.71429
can,20210718,44462755.85714
can,20210719,44843589.71429
can,20210720,45212953.28571
can,20210721,45576470.14286
can,20210722,45931821.14286
can,20210723,46276188.71429
can,20210724,46613013.42857
can,20210725,46945775.71429
can,20210726,47273518.71429
can,20210727,47593240.71429
can,20210728,47897224.42857
can,20210729,48185311.85714
can,20210730,48459466.85714
can,20210731,48723961
can,20210801,48981061.71429
can,20210802,49195730.57143
can,20210803,49410320.57143
can,20210804,49609428.85714
can,20210805,49796999.57143
can,20210806,49972812.57143
can,20210807,50140931.85714
can,20210808,50302604.71429
can,20210809,50477324.14286
can,20210810,50631756.42857
can,20210811,50781904
can,20210812,50926756.85714
can,20210813,51067606.42857
can,20210814,51206814.85714
can,20210815,51345710.71429
can,20210816,51481588
can,20210817,51617553.85714
can,20210818,51751773.85714
can,20210819,51883812.28571
can,20210820,52013078.28571
can,20210821,52140203.42857
can,20210822,52264456.14286
can,20210823,52382512.85714
can,20210824,52497566.42857
can,20210825,52609776.57143
can,20210826,52719931.14286
can,20210827,52828279.71429
can,20210828,52933701.57143
can,20210829,53037679.71429
can,20210830,53142007.57143
can,20210831,53241427.85714
can,20210901,53339828.85714
can,20210902,53434169.57143
can,20210903,53527644.85714
can,20210904,53621317.42857
can,20210905,53714189
can,20210906,53794658.28571
can,20210907,53878086.42857
can,20210908,53959616.42857
can,20210909,54041648.14286
can,20210910,54122098.42857
can,20210911,54201245.71429
can,20210912,54279672
can,20210913,54367074.42857
can,20210914,54450297.14286
can,20210915,54533363.57143
can,20210916,54616190.85714
can,20210917,54707721.42857
can,20210918,54798635
can,20210919,54889373.85714
can,20210920,54985866.28571
can,20210921,55086055.14286
can,20210922,55188647.71429
can,20210923,55294018
can,20210924,55400367.14286
can,20210925,55507563.28571
can,20210926,55616590.14286
can,20210927,55722982
can,20210928,55826381
can,20210929,55929503
can,20210930,56030328.85714
can,20211001,56120928.85714
can,20211002,56209507.42857
can,20211003,56295380.14286
can,20211004,56378878.14286
can,20211005,56462406.85714
can,20211006,56549506.85714
can,20211007,56634732.28571
can,20211008,56720537.57143
can,20211009,56806835
can,20211010,56893431.85714
can,20211011,56968859.57143
can,20211012,57049041
can,20211013,57124548.57143
can,20211014,57202021.85714
can,20211015,57279900.57143
can,20211016,57356323.14286
can,20211017,57431952.28571
can,20211018,57519533.42857
can,20211019,57601910.42857
can,20211020,57683110.57143
can,20211021,57762495.57143
can,20211022,57840717.42857
can,20211023,57918155.28571
can,20211024,57994572.14286
can,20211025,58069861
can,20211026,58146183.42857
can,20211027,58221398.28571
can,20211028,58295852.42857
can,20211029,58367911.14286
can,20211030,58439248.42857
can,20211031,58509950.28571
can,20211101,58578422.57143
can,20211102,58642980.28571
can,20211103,58707567.14286
can,20211104,58771424.28571
can,20211105,58834585
can,20211106,58896031.57143
can,20211107,58956715.28571
can,20211108,59018262
can,20211109,59082163.71429
can,20211110,59147887.71429
can,20211111,59208539.71429
can,20211112,59271831.85714
can,20211113,59335770.28571
can,20211114,59399644.42857
can,20211115,59463313.57143
can,20211116,59526024.14286
can,20211117,59587102.85714
can,20211118,59653060.85714
can,20211119,59715544
can,20211120,59777610.57143
can,20211121,59838682.14286
can,20211122,59899784.42857
can,20211123,59956787.14286
can,20211124,60010434.28571
can,20211125,60063307.71429
can,20211126,60119191.14286
can,20211127,60180157.85714
can,20211128,60248520.85714
can,20211129,60323243
can,20211130,60408687.14286
can,20211201,60503417.57143
can,20211202,60606075.14286
can,20211203,60821998.71429
can,20211204,61045800.85714
can,20211205,61274149
can,20211206,61508838.57143
can,20211207,61753751.28571
can,20211208,62008087.71429
can,20211209,62269411.85714
can,20211210,62439234.71429
can,20211211,62611062.28571
can,20211212,62783271.14286
can,20211213,62958202
can,20211214,63144139.28571
can,20211215,63341183.42857
can,20211216,63555192.85714
can,20211217,63781449.71429
can,20211218,64025393.57143
can,20211219,64284210.14286
can,20211220,64560830.85714
can,20211221,64860426.42857
can,20211222,65186194.28571
can,20211223,65536788.42857
can,20211224,65893842
can,20211225,66226778.57143
can,20211226,66531389
can,20211227,66801445.42857
can,20211228,67051322.42857
can,20211229,67311374.42857
can,20211230,67553614.71429
can,20211231,67789985.85714
can,20220101,68027791.14286
can,20220102,68266759.71429
can,20220103,68507983.28571
can,20220104,68792718.85714
can,20220105,69059464.57143
can,20220106,69337064.57143
can,20220107,69628784.57143
can,20220108,69948796.57143
can,20220109,70296593.14286
can,20220110,70687672.42857
can,20220111,71055392.42857
can,20220112,71424733.71429
can,20220113,71794510.85714
can,20220114,72159765
can,20220115,72523157.42857
can,20220116,72885699.85714
can,20220117,73252509
can,20220118,73597923.71429
can,20220119,73936454.14286
can,20220120,74259945
can,20220121,74572867
can,20220122,74875036.71429
can,20220123,75172035.28571
can,20220124,75453376
can,20220125,75743891.14286
can,20220126,76021629.42857
can,20220127,76291243.14286
can,20220128,76551615.28571
can,20220129,76805513.85714
can,20220130,77055126.85714
can,20220131,77305822.57143
can,20220201,77537311.14286
can,20220202,77758809
can,20220203,77969182
can,20220204,78165806.85714
can,20220205,78355223.28571
can,20220206,78530770.14286
can,20220207,78695338.28571
can,20220208,78848483.85714
che,20201221,1
che,20201222,2
che,20201223,144.66667
che,20201224,282.25
che,20201225,365.2
che,20201226,493.16667
che,20201227,584.57143
che,20201228,979.14286
che,20201229,1615.71429
che,20201230,2430.42857
che,20201231,3243.42857
che,20210101,4057.28571
che,20210102,4809.42857
che,20210103,5562.14286
che,20210104,6607.28571
che,20210105,8431.42857
che,20210106,10852.71429
che,20210107,14270.14286
che,20210108,18836.57143
che,20210109,23709.71429
che,20210110,28587.42857
che,20210111,34000.28571
che,20210112,39885
che,20210113,46518.85714
che,20210114,53638.42857
che,20210115,61149.28571
che,20210116,68976.85714
che,20210117,76894.28571
che,20210118,85501.42857
che,20210119,95091
che,20210120,106030.28571
che,20210121,118781
che,20210122,132853
che,20210123,147135.85714
che,20210124,161493
che,20210125,176584.57143
che,20210126,192790
che,20210127,209554.42857
che,20210128,226836.14286
che,20210129,244692.42857
che,20210130,262623.42857
che,20210131,280598.28571
che,20210201,298422.42857
che,20210202,315459.42857
che,20210203,331764.57143
che,20210204,347178.85714
che,20210205,361957.28571
che,20210206,376305.57143
che,20210207,390611.28571
che,20210208,405235.57143
che,20210209,420718.42857
che,20210210,437304.42857
che,20210211,454892
che,20210212,473476.57143
che,20210213,492574.14286
che,20210214,511693.42857
che,20210215,530868
che,20210216,549960.28571
che,20210217,568654.57143
che,20210218,587489.85714
che,20210219,606046.71429
che,20210220,624651.42857
che,20210221,643300.42857
che,20210222,662108.85714
che,20210223,681147.85714
che,20210224,700770.85714
che,20210225,720533.57143
che,20210226,740331.71429
che,20210227,760028.71429
che,20210228,779774.14286
che,20210301,799848.14286
che,20210302,819818
che,20210303,840295
che,20210304,861351.71429
che,20210305,883043.42857
che,20210306,904695.42857
che,20210307,926342.57143
che,20210308,948146.71429
che,20210309,970609.85714
che,20210310,992839.85714
che,20210311,1014870.71429
che,20210312,1036655.28571
che,20210313,1058401.14286
che,20210314,1080073.85714
che,20210315,1101415
che,20210316,1122523.71429
che,20210317,1143853.42857
che,20210318,1165355.57143
che,20210319,1186934.14286
che,20210320,1208540.42857
che,20210321,1230133
che,20210322,1252266.14286
che,20210323,1274911.42857
che,20210324,1298045
che,20210325,1321989.42857
che,20210326,1347109.57143
che,20210327,1372791.85714
che,20210328,1398798
che,20210329,1426008.14286
che,20210330,1454547.14286
che,20210331,1483613.57143
che,20210401,1513055.85714
che,20210402,1538795.14286
che,20210403,1564006.71429
che,20210404,1588950.14286
che,20210405,1609970.42857
che,20210406,1630508.42857
che,20210407,1652148.14286
che,20210408,1675290.28571
che,20210409,1703792.71429
che,20210410,1733470.85714
che,20210411,1763489.85714
che,20210412,1799041.42857
che,20210413,1836876.85714
che,20210414,1876213.42857
che,20210415,1916441.28571
che,20210416,1957678
che,20210417,1999398.57143
che,20210418,2041442
che,20210419,2084522.14286
che,20210420,2129022.42857
che,20210421,2175063.42857
che,20210422,2223461.28571
che,20210423,2273522.14286
che,20210424,2324922.14286
che,20210425,2377138.14286
che,20210426,2430114.28571
che,20210427,2484588.14286
che,20210428,2539929.28571
che,20210429,2595021.28571
che,20210430,2649860.71429
che,20210501,2705085.28571
che,20210502,2760389
che,20210503,2816237.42857
che,20210504,2872328.28571
che,20210505,2929163.71429
che,20210506,2988548.28571
che,20210507,3051021.14286
che,20210508,3114998.85714
che,20210509,3179470.28571
che,20210510,3246848.28571
che,20210511,3317087.42857
che,20210512,3390073.42857
che,20210513,3456609.14286
che,20210514,3522515.14286
che,20210515,3588927
che,20210516,3655755.85714
che,20210517,3723098.42857
che,20210518,3791103.28571
che,20210519,3859787
che,20210520,3937685.42857
che,20210521,4018548.28571
che,20210522,4099913.85714
che,20210523,4181238.42857
che,20210524,4257658.71429
che,20210525,4334254.57143
che,20210526,4411523.14286
che,20210527,4488553.71429
che,20210528,4566053.85714
che,20210529,4644535.57143
che,20210530,4723864.71429
che,20210531,4809388.42857
che,20210601,4895880.28571
che,20210602,4983141.57143
che,20210603,5069713.85714
che,20210604,5157089.42857
che,20210605,5247205.42857
che,20210606,5337758.42857
che,20210607,5429511.42857
che,20210608,5521795.42857
che,20210609,5614124.57143
che,20210610,5706773.57143
che,20210611,5799034.28571
che,20210612,5890942
che,20210613,5982718.57143
che,20210614,6073925.42857
che,20210615,6163990.85714
che,20210616,6252666.71429
che,20210617,6341451.42857
che,20210618,6429383.57143
che,20210619,6516170
che,20210620,6602104.14286
che,20210621,6686612.71429
che,20210622,6769399.57143
che,20210623,6850256.71429
che,20210624,6928512
che,20210625,7004645.71429
che,20210626,7079067.42857
che,20210627,7153159.57143
che,20210628,7225334.57143
che,20210629,7295619
che,20210630,7364889.71429
che,20210701,7431905.71429
che,20210702,7496949.85714
che,20210703,7561450.42857
che,20210704,7625437.71429
che,20210705,7688964
che,20210706,7751609.14286
che,20210707,7812456.71429
che,20210708,7873116
che,20210709,7933262.14286
che,20210710,7992647.85714
che,20210711,8051740.85714
che,20210712,8110653
che,20210713,8169072.42857
che,20210714,8226365
che,20210715,8282274.57143
che,20210716,8336821.14286
che,20210717,8390086.71429
che,20210718,8442633.57143
che,20210719,8494276.14286
che,20210720,8543888
che,20210721,8591642.14286
che,20210722,8636988.57143
che,20210723,8680562.14286
che,20210724,8723053.71429
che,20210725,8765121
che,20210726,8804179.71429
che,20210727,8840394.57143
che,20210728,8874076.14286
che,20210729,8905749.57143
che,20210730,8935047.42857
che,20210731,8962314.57143
che,20210801,8989092.42857
che,20210802,9012846.85714
che,20210803,9035309.28571
che,20210804,9056651.42857
che,20210805,9077177
che,20210806,9097127.57143
che,20210807,9116766.71429
che,20210808,9136313.14286
che,20210809,9155961.14286
che,20210810,9175111.14286
che,20210811,9194346.28571
che,20210812,9213749.71429
che,20210813,9233170
che,20210814,9252766.14286
che,20210815,9272327.71429
che,20210816,9291895.14286
che,20210817,9311496.85714
che,20210818,9331384.71429
che,20210819,9351192.85714
che,20210820,9371551.14286
che,20210821,9392131
che,20210822,9412754
che,20210823,9433361
che,20210824,9454123.14286
che,20210825,9475194
che,20210826,9496743.71429
che,20210827,9518656.57143
che,20210828,9541332.71429
che,20210829,9564157.57143
che,20210830,9587037.14286
che,20210831,9609866
che,20210901,9632591.42857
che,20210902,9655156.14286
che,20210903,9677452.42857
che,20210904,9699629.28571
che,20210905,9721910.71429
che,20210906,9744265.14286
che,20210907,9766818.71429
che,20210908,9790088.42857
che,20210909,9814234.42857
che,20210910,9839944.85714
che,20210911,9867157.28571
che,20210912,9894615.28571
che,20210913,9923366.85714
che,20210914,9953528.28571
che,20210915,9984911.57143
che,20210916,10016886.57143
che,20210917,10048954.71429
che,20210918,10080527
che,20210919,10111977.14286
che,20210920,10142842
che,20210921,10173229.14286
che,20210922,10202596.42857
che,20210923,10231437.14286
che,20210924,10259314.28571
che,20210925,10287097.28571
che,20210926,10314838.57143
che,20210927,10342318.57143
che,20210928,10368877.57143
che,20210929,10394866.42857
che,20210930,10419876.85714
che,20211001,10444186.14286
che,20211002,10467744.42857
che,20211003,10491328.42857
che,20211004,10514691.14286
che,20211005,10537885.42857
che,20211006,10560936.71429
che,20211007,10583888.28571
che,20211008,10607019.28571
che,20211009,10630547
che,20211010,10654055
che,20211011,10677623.42857
che,20211012,10701393.14286
che,20211013,10725634.14286
che,20211014,10750148.42857
che,20211015,10774942.28571
che,20211016,10799416.14286
che,20211017,10823687.14286
che,20211018,10847677.57143
che,20211019,10871405.57143
che,20211020,10894292.85714
che,20211021,10916373.28571
che,20211022,10937090.57143
che,20211023,10957341
che,20211024,10977570.57143
che,20211025,10996850
che,20211026,11015194.85714
che,20211027,11032530
che,20211028,11048826.85714
che,20211029,11064260.42857
che,20211030,11078799.71429
che,20211031,11093187.85714
che,20211101,11106481.71429
che,20211102,11119182.14286
che,20211103,11131214.85714
che,20211104,11142712.57143
che,20211105,11153674.71429
che,20211106,11164649.71429
che,20211107,11175601.28571
che,20211108,11187413.42857
che,20211109,11199962
che,20211110,11213567.57143
che,20211111,11228674.42857
che,20211112,11245437.14286
che,20211113,11263194.85714
che,20211114,11281248
che,20211115,11302061.57143
che,20211116,11325776.28571
che,20211117,11352903
che,20211118,11383490
che,20211119,11416933.42857
che,20211120,11451195.28571
che,20211121,11485650.57143
che,20211122,11521409.14286
che,20211123,11558884.14286
che,20211124,11597865.14286
che,20211125,11637951
che,20211126,11679216.71429
che,20211127,11720699.57143
che,20211128,11762298.42857
che,20211129,11805375.57143
che,20211130,11849723.71429
che,20211201,11896065.28571
che,20211202,11944080
che,20211203,11994220.28571
che,20211204,12046078.71429
che,20211205,12098604.57143
che,20211206,12152612.71429
che,20211207,12209480.85714
che,20211208,12266594
che,20211209,12326402.42857
che,20211210,12388299.71429
che,20211211,12452032.28571
che,20211212,12516683.28571
che,20211213,12582929.14286
che,20211214,12649900.85714
che,20211215,12718775.57143
che,20211216,12788146.14286
che,20211217,12857702.28571
che,20211218,12927862
che,20211219,12999129
che,20211220,13071484.85714
che,20211221,13145110
che,20211222,13219567.57143
che,20211223,13292531.71429
che,20211224,13355705.57143
che,20211225,13411556.71429
che,20211226,13464476.28571
che,20211227,13515393.71429
che,20211228,13563518.57143
che,20211229,13609371.85714
che,20211230,13653387.28571
che,20211231,13697371.28571
che,20220101,13741423.28571
che,20220102,13785858.57143
che,20220103,13830812.71429
che,20220104,13877444.14286
che,20220105,13925487.42857
che,20220106,13976518.14286
che,20220107,14037571.85714
che,20220108,14105627.85714
che,20220109,14176203.57143
che,20220110,14246610.71429
che,20220111,14316037.42857
che,20220112,14383930.85714
che,20220113,14450352.42857
che,20220114,14515321.57143
che,20220115,14579168.14286
che,20220116,14641524.28571
che,20220117,14701599.14286
che,20220118,14758931.85714
che,20220119,14813340.85714
che,20220120,14864353.57143
che,20220121,14911904.14286
che,20220122,14957504.28571
che,20220123,15002113.85714
che,20220124,15043950.71429
che,20220125,15082407.42857
che,20220126,15117851.57143
che,20220127,15150206.85714
che,20220128,15180029.42857
che,20220129,15208229.28571
che,20220130,15235920.14286
che,20220131,15261484.85714
che,20220201,15284525.71429
che,20220202,15305565.42857
che,20220203,15324584.14286
che,20220204,15341419.42857
che,20220205,15357523.71429
che,20220206,15373573.42857
che,20220207,15388351.14286
chl,20201224,420
chl,20201225,2809.5
chl,20201226,4652.66667
chl,20201227,5651.5
chl,20201228,6250.8
chl,20201229,6650.33333
chl,20201230,6935.71429
chl,20201231,8111.14286
chl,20210101,8603.85714
chl,20210102,8648
chl,20210103,8648
chl,20210104,8705.85714
chl,20210105,8969.85714
chl,20210106,9263.14286
chl,20210107,9556.42857
chl,20210108,9849.85714
chl,20210109,10143.28571
chl,20210110,10436.85714
chl,20210111,10672.57143
chl,20210112,10702.14286
chl,20210113,10850
chl,20210114,11986
chl,20210115,13612
chl,20210116,15250.85714
chl,20210117,16889.57143
chl,20210118,20107
chl,20210119,26091.14286
chl,20210120,33257.57143
chl,20210121,39872.42857
chl,20210122,46056.42857
chl,20210123,52227.57143
chl,20210124,58398.71429
chl,20210125,63194
chl,20210126,65310.28571
chl,20210127,66101.71429
chl,20210128,66456.57143
chl,20210129,66752.85714
chl,20210130,67049.28571
chl,20210131,67345.85714
chl,20210201,67439.71429
chl,20210202,69331
chl,20210203,95559
chl,20210204,146953.57143
chl,20210205,222564.28571
chl,20210206,302154.85714
chl,20210207,382979.71429
chl,20210208,497133.71429
chl,20210209,646818.42857
chl,20210210,812277.57143
chl,20210211,988899.14286
chl,20210212,1174089
chl,20210213,1359522.42857
chl,20210214,1544359.71429
chl,20210215,1733853.71429
chl,20210216,1917374.85714
chl,20210217,2087644.14286
chl,20210218,2243768.14286
chl,20210219,2387413.85714
chl,20210220,2528213.28571
chl,20210221,2668540.42857
chl,20210222,2786330.71429
chl,20210223,2886143.71429
chl,20210224,2971419.14286
chl,20210225,3046809.57143
chl,20210226,3113093.42857
chl,20210227,3179435.42857
chl,20210228,3245662.14286
chl,20210301,3316095
chl,20210302,3397545.85714
chl,20210303,3511242.57143
chl,20210304,3657019.71429
chl,20210305,3834169
chl,20210306,4014710.71429
chl,20210307,4196340
chl,20210308,4408426.57143
chl,20210309,4649838.14286
chl,20210310,4904032.85714
chl,20210311,5173447.71429
chl,20210312,5453790.57143
chl,20210313,5736517.71429
chl,20210314,6019047.85714
chl,20210315,6312960.14286
chl,20210316,6611691.85714
chl,20210317,6905558.28571
chl,20210318,7187700.28571
chl,20210319,7458445.57143
chl,20210320,7726865.71429
chl,20210321,7994919.42857
chl,20210322,8239887
chl,20210323,8460656.42857
chl,20210324,8660245
chl,20210325,8842355.57143
chl,20210326,9013475
chl,20210327,9181950
chl,20210328,9350049.14286
chl,20210329,9517868
chl,20210330,9691082.71429
chl,20210331,9873054.14286
chl,20210401,10067983.14286
chl,20210402,10232806.85714
chl,20210403,10395849.57143
chl,20210404,10558854.28571
chl,20210405,10724442.71429
chl,20210406,10884484
chl,20210407,11037801
chl,20210408,11182001.14286
chl,20210409,11356487.14286
chl,20210410,11534232.42857
chl,20210411,11712167.28571
chl,20210412,11883278.57143
chl,20210413,12053747.42857
chl,20210414,12223684.71429
chl,20210415,12389002.85714
chl,20210416,12550794.42857
chl,20210417,12712051.14286
chl,20210418,12873334.85714
chl,20210419,13028622.57143
chl,20210420,13177347.71429
chl,20210421,13318648.57143
chl,20210422,13459021.57143
chl,20210423,13597878
chl,20210424,13736076.57143
chl,20210425,13874046.85714
chl,20210426,14012250.14286
chl,20210427,14147900.42857
chl,20210428,14282343.57143
chl,20210429,14410317
chl,20210430,14524603.57143
chl,20210501,14636690.85714
chl,20210502,14748838.14286
chl,20210503,14854576.28571
chl,20210504,14960050
chl,20210505,15066385.14286
chl,20210506,15173126.14286
chl,20210507,15288456.14286
chl,20210508,15407114.85714
chl,20210509,15525765.42857
chl,20210510,15647539.42857
chl,20210511,15772609
chl,20210512,15898846.57143
chl,20210513,16024996.28571
chl,20210514,16152789.85714
chl,20210515,16277134.57143
chl,20210516,16401341.14286
chl,20210517,16525250.42857
chl,20210518,16647885
chl,20210519,16768183.57143
chl,20210520,16893368
chl,20210521,16997138.85714
chl,20210522,17105438.57143
chl,20210523,17214287.71429
chl,20210524,17332472.14286
chl,20210525,17459653
chl,20210526,17595695.28571
chl,20210527,17733357.57143
chl,20210528,17896272.28571
chl,20210529,18061220.28571
chl,20210530,18226998.14286
chl,20210531,18389729.85714
chl,20210601,18548844.28571
chl,20210602,18704414.28571
chl,20210603,18854353
chl,20210604,18998415.42857
chl,20210605,19141098.57143
chl,20210606,19283055.42857
chl,20210607,19420116.14286
chl,20210608,19551935
chl,20210609,19682248
chl,20210610,19818180
chl,20210611,19958939.42857
chl,20210612,20098953.85714
chl,20210613,20238548.42857
chl,20210614,20383897.85714
chl,20210615,20532964.28571
chl,20210616,20686783.42857
chl,20210617,20837875.71429
chl,20210618,20978717.85714
chl,20210619,21120165.85714
chl,20210620,21261883.42857
chl,20210621,21374736.14286
chl,20210622,21501626
chl,20210623,21632056.28571
chl,20210624,21772381.85714
chl,20210625,21927576.85714
chl,20210626,22085086.85714
chl,20210627,22242842
chl,20210628,22398574.85714
chl,20210629,22545797.14286
chl,20210630,22686355
chl,20210701,22816845.71429
chl,20210702,22937402.14286
chl,20210703,23055821
chl,20210704,23174075
chl,20210705,23313719
chl,20210706,23436349.28571
chl,20210707,23552852.57143
chl,20210708,23665618.42857
chl,20210709,23778054.42857
chl,20210710,23891271.42857
chl,20210711,24004574.28571
chl,20210712,24121394
chl,20210713,24245886.57143
chl,20210714,24370482
chl,20210715,24496611.28571
chl,20210716,24603490.42857
chl,20210717,24707575.42857
chl,20210718,24811248.42857
chl,20210719,24906854.71429
chl,20210720,24995370
chl,20210721,25075586.28571
chl,20210722,25143081.85714
chl,20210723,25226481
chl,20210724,25311411.57143
chl,20210725,25396446
chl,20210726,25471959.28571
chl,20210727,25535551.14286
chl,20210728,25589224.14286
chl,20210729,25644602.28571
chl,20210730,25694385.42857
chl,20210731,25740824.14286
chl,20210801,25786906.28571
chl,20210802,25842625
chl,20210803,25910909.28571
chl,20210804,25983377.28571
chl,20210805,26049552.28571
chl,20210806,26109690.71429
chl,20210807,26168392.71429
chl,20210808,26227039.14286
chl,20210809,26281981.42857
chl,20210810,26329598.85714
chl,20210811,26395253.71429
chl,20210812,26478838.85714
chl,20210813,26578656.14286
chl,20210814,26678987.57143
chl,20210815,26779380.85714
chl,20210816,26897063.85714
chl,20210817,27036422.57143
chl,20210818,27175704.85714
chl,20210819,27314712.42857
chl,20210820,27453976.28571
chl,20210821,27593481.85714
chl,20210822,27733101.42857
chl,20210823,27858403.14286
chl,20210824,27966463.28571
chl,20210825,28063520.71429
chl,20210826,28162649.57143
chl,20210827,28259415.71429
chl,20210828,28355866.85714
chl,20210829,28452253.42857
chl,20210830,28559314.71429
chl,20210831,28678439.85714
chl,20210901,28803811.57143
chl,20210902,28922926.57143
chl,20210903,29037541.57143
chl,20210904,29151930.42857
chl,20210905,29266238.14286
chl,20210906,29374960.28571
chl,20210907,29480772.42857
chl,20210908,29585652
chl,20210909,29690082.42857
chl,20210910,29799215.57143
chl,20210911,29908446
chl,20210912,30017679.71429
chl,20210913,30132313.85714
chl,20210914,30246445.42857
chl,20210915,30359168.71429
chl,20210916,30461770.85714
chl,20210917,30545108
chl,20210918,30627968.71429
chl,20210919,30710785.14286
chl,20210920,30786879.42857
chl,20210921,30860016.42857
chl,20210922,30936854
chl,20210923,31024724.57143
chl,20210924,31133865
chl,20210925,31243392.42857
chl,20210926,31352979.14286
chl,20210927,31470198
chl,20210928,31598115.14286
chl,20210929,31733919
chl,20210930,31877877.71429
chl,20211001,32026645.71429
chl,20211002,32176227.71429
chl,20211003,32325885.71429
chl,20211004,32471543.85714
chl,20211005,32607981.57143
chl,20211006,32734763.28571
chl,20211007,32855001.28571
chl,20211008,32969854.28571
chl,20211009,33084038.57143
chl,20211010,33198144.42857
chl,20211011,33288038.85714
chl,20211012,33384389.57143
chl,20211013,33490887.14286
chl,20211014,33603159.42857
chl,20211015,33719546.71429
chl,20211016,33836273
chl,20211017,33953058.42857
chl,20211018,34096961.85714
chl,20211019,34242659.57143
chl,20211020,34390231.14286
chl,20211021,34542981.14286
chl,20211022,34705619.71429
chl,20211023,34868766.14286
chl,20211024,35031943.42857
chl,20211025,35207435.57143
chl,20211026,35396407.14286
chl,20211027,35597648.71429
chl,20211028,35811478.71429
chl,20211029,36032653.14286
chl,20211030,36256332.85714
chl,20211031,36480262.71429
chl,20211101,36664898.14286
chl,20211102,36840653.71429
chl,20211103,37014152.85714
chl,20211104,37183811.42857
chl,20211105,37348575.42857
chl,20211106,37514138.85714
chl,20211107,37679766.85714
chl,20211108,37871483
chl,20211109,38058975
chl,20211110,38232691.57143
chl,20211111,38391616.57143
chl,20211112,38541268
chl,20211113,38690924.71429
chl,20211114,38840585.85714
chl,20211115,38991403.71429
chl,20211116,39136864.85714
chl,20211117,39277991.71429
chl,20211118,39415437.71429
chl,20211119,39547617
chl,20211120,39678256.28571
chl,20211121,39808720.28571
chl,20211122,39931275.57143
chl,20211123,40046744.71429
chl,20211124,40155912.14286
chl,20211125,40259576.14286
chl,20211126,40358506.71429
chl,20211127,40457769
chl,20211128,40557188.57143
chl,20211129,40656376.85714
chl,20211130,40759242
chl,20211201,40865266.28571
chl,20211202,40974859.71429
chl,20211203,41087629.85714
chl,20211204,41200514.57143
chl,20211205,41313452.71429
chl,20211206,41430094.85714
chl,20211207,41547112
chl,20211208,41641752.71429
chl,20211209,41737993.14286
chl,20211210,41834533.28571
chl,20211211,41931597.71429
chl,20211212,42028701.14286
chl,20211213,42126972.14286
chl,20211214,42223898.14286
chl,20211215,42341169
chl,20211216,42454040.28571
chl,20211217,42562058.42857
chl,20211218,42669009
chl,20211219,42775781.14286
chl,20211220,42876338.71429
chl,20211221,42970957.57143
chl,20211222,43059144
chl,20211223,43139743.71429
chl,20211224,43206681
chl,20211225,43270574.85714
chl,20211226,43334292.71429
chl,20211227,43403487.42857
chl,20211228,43486778.28571
chl,20211229,43588529.28571
chl,20211230,43710475.28571
chl,20211231,43837506.14286
chl,20220101,43964540.71429
chl,20220102,44091512.57143
chl,20220103,44220951.71429
chl,20220104,44343747.57143
chl,20220105,44454189.28571
chl,20220106,44553468.14286
chl,20220107,44664387.71429
chl,20220108,44777433.85714
chl,20220109,44890693.57143
chl,20220110,44999226.85714
chl,20220111,45101578.28571
chl,20220112,45199271.42857
chl,20220113,45290964.85714
chl,20220114,45376570
chl,20220115,45461701.57143
chl,20220116,45546628.28571
chl,20220117,45625156.57143
chl,20220118,45697407.42857
chl,20220119,45766401.71429
chl,20220120,45838189.57143
chl,20220121,45910388.42857
chl,20220122,45982245.71429
chl,20220123,46054109.28571
chl,20220124,46125855
chl,20220125,46198685.28571
chl,20220126,46270360.42857
chl,20220127,46335319.14286
chl,20220128,46395859
chl,20220129,46456181
chl,20220130,46516466
chl,20220131,46573863.71429
chl,20220201,46628460.14286
chl,20220202,46681064.57143
chl,20220203,46732358.28571
chl,20220204,46782830.28571
chl,20220205,46832967.28571
chl,20220206,46883050.28571
chn,20201215,1500000
chn,20201231,3000000
chn,20210109,5000000
chn,20210113,6250000
chn,20210120,8000000
chn,20210127,10461166.66667
chn,20210131,12395285.71429
chn,20210203,16638142.85714
chn,20210209,21783857.14286
chn,20210228,28001000
chn,20210314,35855285.71429
chn,20210320,44420428.57143
chn,20210322,52662285.71429
chn,20210323,61068857.14286
chn,20210324,68877385.71429
chn,20210325,76138242.85714
chn,20210326,82559671.42857
chn,20210327,87907814.28571
chn,20210328,92430242.85714
chn,20210329,96787671.42857
chn,20210330,101336814.28571
chn,20210331,106188428.57143
chn,20210401,111227000
chn,20210402,116417142.85714
chn,20210403,121311428.57143
chn,20210404,126076714.28571
chn,20210405,130625285.71429
chn,20210406,135086714.28571
chn,20210407,139265285.71429
chn,20210408,143341571.42857
chn,20210409,147244428.57143
chn,20210410,151215000
chn,20210411,155125428.57143
chn,20210412,159286285.71429
chn,20210413,163529571.42857
chn,20210414,167836000
chn,20210415,171891142.85714
chn,20210416,175639571.42857
chn,20210417,179259285.71429
chn,20210418,182799857.14286
chn,20210419,186099000
chn,20210420,189431428.57143
chn,20210421,192999285.71429
chn,20210422,196954571.42857
chn,20210423,201058000
chn,20210424,205415142.85714
chn,20210425,210097142.85714
chn,20210426,215021000
chn,20210427,220310428.57143
chn,20210428,225983857.14286
chn,20210429,232018142.85714
chn,20210430,239015285.71429
chn,20210501,246172000
chn,20210502,253377285.71429
chn,20210503,260579571.42857
chn,20210504,267525142.85714
chn,20210505,274056857.14286
chn,20210506,280381285.71429
chn,20210507,286547285.71429
chn,20210508,293287285.71429
chn,20210509,300282857.14286
chn,20210510,307862714.28571
chn,20210511,316163000
chn,20210512,325398000
chn,20210513,335280285.71429
chn,20210514,345624142.85714
chn,20210515,356395714.28571
chn,20210516,368200142.85714
chn,20210517,380918285.71429
chn,20210518,394202857.14286
chn,20210519,407808428.57143
chn,20210520,422063857.14286
chn,20210521,436736714.28571
chn,20210522,451634571.42857
chn,20210523,466480285.71429
chn,20210524,481517714.28571
chn,20210525,497378428.57143
chn,20210526,514123000
chn,20210527,530931857.14286
chn,20210528,548024428.57143
chn,20210529,565696142.85714
chn,20210530,584026714.28571
chn,20210531,603200285.71429
chn,20210601,622513714.28571
chn,20210602,642242714.28571
chn,20210603,662117857.14286
chn,20210604,682331000
chn,20210605,702629714.28571
chn,20210606,722445000
chn,20210607,741397285.71429
chn,20210608,759547857.14286
chn,20210609,776695000
chn,20210610,794096857.14286
chn,20210611,811101142.85714
chn,20210612,827595142.85714
chn,20210613,844008142.85714
chn,20210614,859722428.57143
chn,20210615,876143571.42857
chn,20210616,893328428.57143
chn,20210617,910664571.42857
chn,20210618,928770857.14286
chn,20210619,947623142.85714
chn,20210620,967116428.57143
chn,20210621,987917857.14286
chn,20210622,1009042571.42857
chn,20210623,1030578571.42857
chn,20210624,1052577285.71429
chn,20210625,1074512714.28571
chn,20210626,1096618571.42857
chn,20210627,1118984857.14286
chn,20210628,1141409142.85714
chn,20210629,1163402142.85714
chn,20210630,1184655428.57143
chn,20210701,1205156285.71429
chn,20210702,1225066285.71429
chn,20210703,1243753000
chn,20210704,1260854714.28571
chn,20210705,1276812285.71429
chn,20210706,1291945857.14286
chn,20210707,1305903857.14286
chn,20210708,1318772000
chn,20210709,1330527428.57143
chn,20210710,1341688142.85714
chn,20210711,1352685714.28571
chn,20210712,1363116428.57143
chn,20210713,1373166428.57143
chn,20210714,1383484714.28571
chn,20210715,1393787714.28571
chn,20210716,1404096285.71429
chn,20210717,1414562714.28571
chn,20210718,1425144857.14286
chn,20210719,1435985428.57143
chn,20210720,1446909000
chn,20210721,1457908428.57143
chn,20210722,1469516714.28571
chn,20210723,1481984428.57143
chn,20210724,1495024428.57143
chn,20210725,1508411714.28571
chn,20210726,1522491142.85714
chn,20210727,1537473571.42857
chn,20210728,1553137000
chn,20210729,1569081714.28571
chn,20210730,1585152857.14286
chn,20210731,1601454571.42857
chn,20210801,1618491571.42857
chn,20210802,1636036000
chn,20210803,1653892428.57143
chn,20210804,1671745857.14286
chn,20210805,1689259285.71429
chn,20210806,1706457142.85714
chn,20210807,1723240714.28571
chn,20210808,1739383285.71429
chn,20210809,1754578428.57143
chn,20210810,1768826428.57143
chn,20210811,1782257142.85714
chn,20210812,1795205428.57143
chn,20210813,1807577142.85714
chn,20210814,1819510714.28571
chn,20210815,1830996857.14286
chn,20210816,1842471428.57143
chn,20210817,1853783000
chn,20210818,1865195714.28571
chn,20210819,1876619857.14286
chn,20210820,1888049571.42857
chn,20210821,1899768142.85714
chn,20210822,1911771857.14286
chn,20210823,1924132142.85714
chn,20210824,1936770000
chn,20210825,1949385142.85714
chn,20210826,1962455857.14286
chn,20210827,1976050000
chn,20210828,1989916428.57143
chn,20210829,2003869428.57143
chn,20210830,2017308428.57143
chn,20210831,2030430000
chn,20210901,2043000714.28571
chn,20210902,2054534428.57143
chn,20210903,2064909428.57143
chn,20210904,2074545571.42857
chn,20210905,2083519857.14286
chn,20210906,2091679428.57143
chn,20210907,2099027428.57143
chn,20210908,2105906571.42857
chn,20210909,2112361285.71429
chn,20210910,2118513571.42857
chn,20210911,2124541142.85714
chn,20210912,2130351857.14286
chn,20210913,2135985714.28571
chn,20210914,2141401857.14286
chn,20210915,2146665571.42857
chn,20210916,2151786428.57143
chn,20210917,2156754571.42857
chn,20210918,2161249285.71429
chn,20210919,2165466142.85714
chn,20210920,2169532714.28571
chn,20210921,2173199285.71429
chn,20210922,2176792857.14286
chn,20210923,2180380428.57143
chn,20210924,2183873285.71429
chn,20210925,2187251285.71429
chn,20210926,2190474714.28571
chn,20210927,2193646000
chn,20210928,2196996000
chn,20210929,2200187142.85714
chn,20210930,2203138571.42857
chn,20211001,2205672714.28571
chn,20211002,2207854428.57143
chn,20211003,2209781428.57143
chn,20211004,2211407000
chn,20211005,2212746142.85714
chn,20211006,2213812000
chn,20211007,2214685000
chn,20211008,2215630714.28571
chn,20211009,2216654571.42857
chn,20211010,2217733714.28571
chn,20211011,2218891142.85714
chn,20211012,2220127285.71429
chn,20211013,2221430428.57143
chn,20211014,2222826285.71429
chn,20211015,2224310000
chn,20211016,2225801285.71429
chn,20211017,2227350285.71429
chn,20211018,2228983142.85714
chn,20211019,2230718142.85714
chn,20211020,2232549714.28571
chn,20211021,2234437714.28571
chn,20211022,2236410000
chn,20211023,2238432857.14286
chn,20211024,2240451285.71429
chn,20211025,2242535857.14286
chn,20211026,2244694857.14286
chn,20211027,2246970142.85714
chn,20211028,2249403571.42857
chn,20211029,2252147571.42857
chn,20211030,2255524000
chn,20211031,2259503285.71429
chn,20211101,2263893857.14286
chn,20211102,2268838857.14286
chn,20211103,2274491428.57143
chn,20211104,2280933571.42857
chn,20211105,2287990714.28571
chn,20211106,2295667857.14286
chn,20211107,2303761285.71429
chn,20211108,2312200000
chn,20211109,2320896714.28571
chn,20211110,2329711714.28571
chn,20211111,2338476428.57143
chn,20211112,2347203142.85714
chn,20211113,2355779000
chn,20211114,2364185000
chn,20211115,2372406714.28571
chn,20211116,2380416142.85714
chn,20211117,2388167428.57143
chn,20211118,2395617000
chn,20211119,2402787714.28571
chn,20211120,2409732000
chn,20211121,2416544000
chn,20211122,2423221285.71429
chn,20211123,2429868428.57143
chn,20211124,2436558857.14286
chn,20211125,2443437571.42857
chn,20211126,2450571714.28571
chn,20211127,2458022000
chn,20211128,2465849000
chn,20211129,2473995714.28571
chn,20211130,2482359714.28571
chn,20211201,2490897285.71429
chn,20211202,2499473428.57143
chn,20211203,2508038000
chn,20211204,2516685000
chn,20211205,2525397428.57143
chn,20211206,2534012285.71429
chn,20211207,2542523285.71429
chn,20211208,2550887714.28571
chn,20211209,2559227285.71429
chn,20211210,2567667285.71429
chn,20211211,2576135714.28571
chn,20211212,2584591428.57143
chn,20211213,2593316142.85714
chn,20211214,2602266428.57143
chn,20211215,2611570428.57143
chn,20211216,2621259142.85714
chn,20211217,2631253285.71429
chn,20211218,2641394000
chn,20211219,2651690000
chn,20211220,2662260142.85714
chn,20211221,2673184714.28571
chn,20211222,2684527571.42857
chn,20211223,2696268714.28571
chn,20211224,2708274285.71429
chn,20211225,2720332285.71429
chn,20211226,2732509428.57143
chn,20211227,2744893428.57143
chn,20211228,2757613428.57143
chn,20211229,2770564714.28571
chn,20211230,2783517428.57143
chn,20211231,2796296714.28571
chn,20220101,2808178857.14286
chn,20220102,2819374285.71429
chn,20220103,2829853714.28571
chn,20220104,2839545857.14286
chn,20220105,2848388571.42857
chn,20220106,2856470714.28571
chn,20220107,2863962142.85714
chn,20220108,2871520571.42857
chn,20220109,2878900428.57143
chn,20220110,2886102285.71429
chn,20220111,2893047571.42857
chn,20220112,2899652142.85714
chn,20220113,2905895714.28571
chn,20220114,2911782714.28571
chn,20220115,2917398000
chn,20220116,2922837285.71429
chn,20220117,2928047714.28571
chn,20220118,2933041714.28571
chn,20220119,2937841285.71429
chn,20220120,2942487000
chn,20220121,2947014714.28571
chn,20220122,2951426857.14286
chn,20220123,2955782428.57143
chn,20220124,2960260714.28571
chn,20220125,2964762142.85714
chn,20220126,2969363428.57143
chn,20220127,2974115142.85714
chn,20220128,2978899000
chn,20220129,2983686714.28571
chn,20220130,2988269142.85714
chn,20220131,2992136714.28571
chn,20220201,2995273428.57143
chn,20220202,2997678857.14286
chn,20220203,2999413714.28571
chn,20220204,3000661428.57143
chn,20220205,3001632428.57143
chn,20220206,3002584428.57143
chn,20220207,3004032571.42857
chn,20220208,3006253571.42857
civ,20210301,0
civ,20210306,1029
civ,20210308,1660.66667
civ,20210309,2336.25
civ,20210310,3629.4
civ,20210314,5514
civ,20210315,6895
civ,20210316,9387.57143
civ,20210317,11824
civ,20210318,14372.85714
civ,20210319,16955.71429
civ,20210320,19151.28571
civ,20210321,20537.28571
civ,20210322,21901.14286
civ,20210323,23134.14286
civ,20210324,24387.42857
civ,20210325,25640.14286
civ,20210326,26877.42857
civ,20210327,28195.14286
civ,20210329,29587.85714
civ,20210330,31393.42857
civ,20210331,33404
civ,20210401,35523.85714
civ,20210402,37768.42857
civ,20210403,40177.57143
civ,20210404,42498.57143
civ,20210406,44721.42857
civ,20210408,46964.85714
civ,20210409,49917.71429
civ,20210410,53313.57143
civ,20210411,56684.42857
civ,20210414,61749.71429
civ,20210415,67124.71429
civ,20210416,73118
civ,20210417,78899.28571
civ,20210418,83755.71429
civ,20210421,89272
civ,20210422,95019.71429
civ,20210423,99276.71429
civ,20210424,103556.71429
civ,20210425,107410.14286
civ,20210426,111142
civ,20210427,115590.57143
civ,20210428,119494
civ,20210429,123950.14286
civ,20210430,129066.28571
civ,20210501,135031.14286
civ,20210502,141359.85714
civ,20210503,148325
civ,20210504,156516.85714
civ,20210505,165810.85714
civ,20210506,176488
civ,20210507,188875.14286
civ,20210508,202208.85714
civ,20210509,216417.85714
civ,20210510,230505.42857
civ,20210511,244433.71429
civ,20210512,258011.57143
civ,20210513,269482.85714
civ,20210514,278875.71429
civ,20210515,288690.42857
civ,20210516,298855.28571
civ,20210517,309286.28571
civ,20210518,321498.57143
civ,20210519,335576.85714
civ,20210520,353169.14286
civ,20210521,374019.42857
civ,20210522,395744.85714
civ,20210523,417521.71429
civ,20210524,439107
civ,20210525,457683.28571
civ,20210527,477254.57143
civ,20210528,494010.71429
civ,20210529,507267.28571
civ,20210531,517031.71429
civ,20210601,525236.28571
civ,20210602,534425.71429
civ,20210603,544592.71429
civ,20210605,553964
civ,20210606,563505.71429
civ,20210607,573028.85714
civ,20210608,585076.14286
civ,20210609,599446.14286
civ,20210610,614785.57143
civ,20210611,630186.42857
civ,20210612,643464
civ,20210613,656318.71429
civ,20210614,668896.28571
civ,20210615,680220.71429
civ,20210616,690009.85714
civ,20210617,697916.85714
civ,20210618,704599.57143
civ,20210619,710023.28571
civ,20210620,714793.71429
civ,20210621,720283
civ,20210622,724658.14286
civ,20210623,728163.42857
civ,20210624,731101.42857
civ,20210625,733718.28571
civ,20210628,736680.42857
civ,20210629,740030.71429
civ,20210630,743421.85714
civ,20210701,748045
civ,20210702,754232
civ,20210703,761738.14286
civ,20210704,769954.71429
civ,20210705,777920.71429
civ,20210706,787288.85714
civ,20210707,797027.85714
civ,20210708,806617
civ,20210709,816650.42857
civ,20210712,826093.28571
civ,20210713,835146.28571
civ,20210714,844506.57143
civ,20210715,853048.14286
civ,20210716,861416.14286
civ,20210717,869530.85714
civ,20210718,876029.85714
civ,20210719,881864.28571
civ,20210720,888178.14286
civ,20210721,893817.85714
civ,20210723,900060.28571
civ,20210724,905949
civ,20210725,911927.57143
civ,20210726,917464.85714
civ,20210727,923920.57143
civ,20210728,931616.85714
civ,20210729,941473.57143
civ,20210730,951741
civ,20210731,963621.14286
civ,20210801,975918.57143
civ,20210802,988552.42857
civ,20210803,1006224.42857
civ,20210804,1026103.85714
civ,20210805,1046397.71429
civ,20210806,1065060.42857
civ,20210807,1083630
civ,20210808,1101254.28571
civ,20210809,1119014.28571
civ,20210810,1133050
civ,20210811,1144876
civ,20210812,1155964.14286
civ,20210813,1168192.28571
civ,20210814,1179234.42857
civ,20210816,1191269.85714
civ,20210817,1205332.85714
civ,20210818,1216892.57143
civ,20210819,1227183.85714
civ,20210820,1237083.57143
civ,20210821,1246004.57143
civ,20210822,1254369.85714
civ,20210823,1261277.28571
civ,20210824,1267216.14286
civ,20210825,1273928.57143
civ,20210826,1280285.14286
civ,20210827,1285703.28571
civ,20210828,1291673.28571
civ,20210830,1299302.14286
civ,20210831,1310400
civ,20210901,1322148.85714
civ,20210903,1337966.57143
civ,20210904,1355644.28571
civ,20210905,1374528.28571
civ,20210906,1393503.85714
civ,20210907,1412366.71429
civ,20210910,1428613
civ,20210912,1453189.28571
civ,20210913,1473841.28571
civ,20210914,1495455.57143
civ,20210915,1522070.85714
civ,20210916,1553691.85714
civ,20210917,1587898.71429
civ,20210918,1626273.14286
civ,20210919,1657547.14286
civ,20210920,1689897.42857
civ,20210922,1727617.14286
civ,20210923,1763113.57143
civ,20210924,1797129.28571
civ,20210925,1832122.42857
civ,20210926,1865304.28571
civ,20210927,1896889
civ,20210929,1940760.57143
civ,20210930,1983766.71429
civ,20211001,2031197.57143
civ,20211002,2079051.85714
civ,20211003,2125714.71429
civ,20211004,2172317.85714
civ,20211005,2222640.42857
civ,20211006,2281023.71429
civ,20211011,2343926.42857
civ,20211015,2424094.42857
civ,20211019,2517570
civ,20211022,2622595.14286
civ,20211024,2730005.14286
civ,20211028,2845664.71429
civ,20211031,2951682.85714
civ,20211104,3065698.57143
civ,20211109,3177075.42857
civ,20211114,3313277.57143
civ,20211205,3530854.57143
civ,20211212,3783136.28571
civ,20211231,4350163.42857
civ,20220101,4919814
civ,20220103,5472278.57143
civ,20220104,6004423.57143
civ,20220105,6496493.71429
civ,20220106,6894403.14286
civ,20220107,7255409.85714
civ,20220108,7290616.28571
civ,20220114,7323542.28571
civ,20220118,7357598.28571
civ,20220127,7403928.14286
cmr,20210411,0
cmr,20210412,200
cmr,20210429,3800
cmr,20210512,13947.75
cmr,20210518,20655.8
cmr,20210521,25564.16667
cmr,20210524,30056.14286
cmr,20210526,39317.42857
cmr,20210531,50005.28571
cmr,20210608,59926
cmr,20210610,65934.57143
cmr,20210614,71890.57143
cmr,20210620,78624.71429
cmr,20210624,85109.28571
cmr,20210628,91608.57143
cmr,20210712,104280.85714
cmr,20210719,137628.85714
cmr,20210724,170776.57143
cmr,20210726,205447.28571
cmr,20210803,241533
cmr,20210809,279515.85714
cmr,20210816,320214.14286
cmr,20210820,355728.85714
cmr,20210823,370621.57143
cmr,20210827,386065.14286
cmr,20210830,399833.71429
cmr,20210906,412095.28571
cmr,20210912,422986.85714
cmr,20210917,431147.42857
cmr,20210922,437843.57143
cmr,20210927,443996.57143
cmr,20210929,450103.85714
cmr,20211006,456997.71429
cmr,20211011,463261.28571
cmr,20211014,468613.28571
cmr,20211018,474080.14286
cmr,20211023,479550.42857
cmr,20211027,485573.57143
cmr,20211101,490503.42857
cmr,20211104,494910.71429
cmr,20211111,499311.14286
cmr,20211112,504772.42857
cmr,20211118,521439
cmr,20211122,573163.42857
cmr,20211124,633203.42857
cmr,20211129,697421.28571
cmr,20211206,763849.42857
cmr,20211214,831843.28571
cmr,20211228,903242.28571
cmr,20220109,962822.71429
cod,20210418,0
cod,20210425,850
cod,20210512,3382
cod,20210518,5325.25
cod,20210521,7347.4
cod,20210524,9156.83333
cod,20210526,10648.28571
cod,20210531,13962.14286
cod,20210628,22211.14286
cod,20210705,30371.28571
cod,20210712,39315.42857
cod,20210719,48429.85714
cod,20210724,57455.57143
cod,20210803,66966
cod,20210809,75972.71429
cod,20210820,79897.14286
cod,20210823,83089
cod,20210827,85857
cod,20210831,88511.42857
cod,20210905,92762.57143
cod,20210911,97604.28571
cod,20210920,103924
cod,20210922,110773.42857
cod,20210924,117492.71429
cod,20210930,123629
cod,20211008,129691.28571
cod,20211019,134525.28571
cod,20211025,138478.42857
cod,20211029,141078.71429
cod,20211103,143498
cod,20211109,146165.28571
cod,20211111,149832.14286
cod,20211116,153565.57143
cod,20211122,156824.28571
cod,20211124,162397.85714
cod,20211129,168788.14286
cod,20211201,175176
cod,20211207,184626.28571
cod,20211210,196780.28571
cod,20211214,209662.14286
cod,20211216,223405
cod,20211222,237056.57143
cod,20211228,251038
cod,20211229,270620.71429
cod,20220105,287869.42857
cod,20220113,307834
cod,20220120,327419
cod,20220127,355014.57143
cod,20220129,381577.85714
cog,20210414,14297
cog,20210512,26224
cog,20210518,30238.66667
cog,20210608,36540.25
cog,20210610,40754.8
cog,20210614,44086.5
cog,20210615,46678.57143
cog,20210620,54280.57143
cog,20210623,63493.57143
cog,20210630,74613.85714
cog,20210715,90084.85714
cog,20210729,110239.85714
cog,20210812,138131.71429
cog,20210819,168354.42857
cog,20210825,200179.57143
cog,20210909,229741.42857
cog,20210915,258758.71429
cog,20210922,282496.28571
cog,20210930,303627
cog,20211007,320206.71429
cog,20211014,338048.85714
cog,20211021,355153
cog,20211104,383678.14286
cog,20211110,416538.57143
cog,20211118,453941
cog,20211124,493793.28571
cog,20211202,533702.57143
cog,20211209,574761.28571
cog,20211228,624600.57143
cok,20210525,4363
cok,20210601,6327
cok,20210608,7406
cok,20210615,8618
cok,20210621,10405.6
cok,20210629,11828.33333
cok,20210720,13068.42857
cok,20210831,15651.42857
cok,20211005,17686.42857
cok,20211018,19675.71429
cok,20211108,21400.28571
cok,20211220,22512.14286
cok,20220104,23455.85714
cok,20220118,24183.28571
col,20210217,18
col,20210218,4976.5
col,20210219,10420
col,20210220,16100
col,20210221,20845.4
col,20210222,24898.83333
col,20210223,28220.42857
col,20210224,35435.57143
col,20210225,43467.28571
col,20210226,52042.42857
col,20210227,63599.85714
col,20210228,76564.28571
col,20210301,91416.71429
col,20210302,108769.42857
col,20210303,128906
col,20210304,148951.42857
col,20210305,171596.85714
col,20210306,193935.28571
col,20210307,218052.71429
col,20210308,241902.14286
col,20210309,275255.85714
col,20210310,316508.71429
col,20210311,371184.85714
col,20210312,435990.42857
col,20210313,509117.57143
col,20210314,586803.85714
col,20210315,672215.57143
col,20210316,754078.71429
col,20210317,831808.42857
col,20210318,901421
col,20210319,964065.14286
col,20210320,1021179
col,20210321,1074293.85714
col,20210322,1120622.14286
col,20210323,1166861
col,20210324,1218453.14286
col,20210325,1275577.14286
col,20210326,1341904.14286
col,20210327,1419736.42857
col,20210328,1506001.14286
col,20210329,1609829
col,20210330,1727217.71429
col,20210331,1849773.28571
col,20210401,1967562.71429
col,20210402,2073256.42857
col,20210403,2166702.85714
col,20210404,2250877.71429
col,20210405,2324394.42857
col,20210407,2405820.57143
col,20210408,2487168.57143
col,20210409,2579358.85714
col,20210410,2680102.42857
col,20210412,2793321.57143
col,20210413,2927913.14286
col,20210414,3067257.85714
col,20210416,3195626.85714
col,20210417,3323396.57143
col,20210418,3441007.57143
col,20210419,3558968.57143
col,20210420,3674110.28571
col,20210421,3785650.57143
col,20210422,3895589.85714
col,20210423,3999621
col,20210424,4098678
col,20210425,4196073.28571
col,20210427,4304401.42857
col,20210428,4409410.71429
col,20210429,4508420.71429
col,20210430,4617251
col,20210501,4730733.85714
col,20210502,4847836
col,20210507,5082892.42857
col,20210510,5347668.85714
col,20210511,5627513.42857
col,20210512,5917097
col,20210513,6211121.71429
col,20210515,6534227.28571
col,20210516,6854084.71429
col,20210517,7059956.42857
col,20210518,7237024.85714
col,20210519,7406917.71429
col,20210520,7572311.42857
col,20210522,7742431.14286
col,20210523,7875264.28571
col,20210524,8013300.85714
col,20210525,8166939.85714
col,20210526,8327521.71429
col,20210529,8584445.14286
col,20210530,8843995.57143
col,20210531,9109229.85714
col,20210601,9406187.28571
col,20210602,9730772.28571
col,20210603,10068879
col,20210604,10412055
col,20210605,10672717.57143
col,20210606,10928359.42857
col,20210607,11162845.28571
col,20210608,11390679.28571
col,20210609,11606168
col,20210611,11853505
col,20210612,12092554.85714
col,20210613,12312395.14286
col,20210614,12534077.85714
col,20210617,12866761.28571
col,20210619,13259578.57143
col,20210620,13652116.42857
col,20210621,14021771.85714
col,20210622,14416699.57143
col,20210623,14847275.42857
col,20210624,15304248.71429
col,20210625,15680166.57143
col,20210626,16008295.14286
col,20210627,16333145
col,20210628,16657716.28571
col,20210629,16980504.42857
col,20210630,17300922.42857
col,20210701,17616971.28571
col,20210702,17926096.28571
col,20210703,18224854
col,20210704,18515858.71429
col,20210705,18782317.85714
col,20210707,19104704.85714
col,20210710,19436625.28571
col,20210711,19874224.71429
col,20210712,20310441
col,20210714,20811703.57143
col,20210715,21337113
col,20210717,21915703.28571
col,20210718,22406175
col,20210719,22867230.14286
col,20210720,23204246.42857
col,20210722,23579198.14286
col,20210723,23893746.57143
col,20210725,24238063
col,20210726,24545893.14286
col,20210728,24910857.57143
col,20210729,25294108.28571
col,20210731,25797518
col,20210801,26256862.85714
col,20210802,26731993.28571
col,20210803,27197077.57143
col,20210804,27678913.14286
col,20210805,28140322.85714
col,20210807,28673078.71429
col,20210808,29080882
col,20210809,29493519.14286
col,20210810,29883721.85714
col,20210811,30246688.85714
col,20210812,30584138.85714
col,20210813,30889366.14286
col,20210814,31107206.14286
col,20210815,31319555.57143
col,20210817,31541443.71429
col,20210818,31767080.42857
col,20210819,31994568.85714
col,20210820,32227353.85714
col,20210821,32470539.28571
col,20210822,32704234.57143
col,20210823,32965870.71429
col,20210824,33218811.71429
col,20210825,33473665.14286
col,20210827,33768556.57143
col,20210828,34063752.28571
col,20210829,34337568.57143
col,20210830,34616176.28571
col,20210831,34880357.14286
col,20210902,35135647.28571
col,20210903,35399012.85714
col,20210904,35603245.71429
col,20210909,35883559.28571
col,20210910,36194181.42857
col,20210912,36492549.71429
col,20210913,36789884.14286
col,20210914,37087058.57143
col,20210915,37360215.28571
col,20210917,37659652.85714
col,20210918,37860783.71429
col,20210919,38027936
col,20210920,38204927
col,20210922,38409270.85714
col,20210923,38614911.57143
col,20210925,38844586.42857
col,20210926,39070536.57143
col,20210927,39317139
col,20210929,39586883.14286
col,20211001,39931835
col,20211004,40284264.28571
col,20211006,40679894.85714
col,20211007,41071140.85714
col,20211008,41459941.28571
col,20211009,41848120.42857
col,20211010,42219933.85714
col,20211011,42536741.42857
col,20211012,42834345.28571
col,20211013,43097503.28571
col,20211014,43352909.71429
col,20211015,43598018.85714
col,20211017,43851593.85714
col,20211018,44097849.71429
col,20211022,44436738.85714
col,20211023,44761233.42857
col,20211024,45064922.42857
col,20211025,45362843.57143
col,20211026,45663419.57143
col,20211027,45954528.71429
col,20211028,46268432.14286
col,20211030,46496832.71429
col,20211031,46714612.14286
col,20211102,46965822.14286
col,20211103,47228543.57143
col,20211104,47506268.14286
col,20211106,47852733.71429
col,20211107,48197505.57143
col,20211108,48543469.71429
col,20211110,48991080.85714
col,20211111,49440851.28571
col,20211112,49905781.85714
col,20211114,50394786.57143
col,20211115,50799282
col,20211116,51225090
col,20211117,51660535
col,20211118,52038012
col,20211119,52422605.28571
col,20211120,52804062.14286
col,20211121,53140829
col,20211122,53515588.28571
col,20211123,53895555.42857
col,20211124,54272022.85714
col,20211126,54703389.28571
col,20211127,55119386.57143
col,20211128,55507785.85714
col,20211129,55923331.14286
col,20211130,56343745.71429
col,20211201,56810820
col,20211203,57267802.28571
col,20211205,57674365.28571
col,20211206,58078961.71429
col,20211207,58494684
col,20211209,58916499.57143
col,20211210,59325746.42857
col,20211211,59665466
col,20211212,59978585.85714
col,20211213,60270408.85714
col,20211214,60563994.42857
col,20211215,60865042.57143
col,20211217,61190202.85714
col,20211218,61495606.42857
col,20211219,61782438.42857
col,20211222,62164062.85714
col,20211224,62538144
col,20211226,62873557.42857
col,20211227,63197842
col,20211229,63502448.85714
col,20211230,63803996.57143
col,20211231,64097233
col,20220102,64280779
col,20220103,64463564.71429
col,20220104,64680335.28571
col,20220105,64904730.14286
col,20220106,65111365.14286
col,20220108,65367454.42857
col,20220109,65632565.57143
col,20220110,65905136.42857
col,20220111,66183700
col,20220112,66469230.42857
col,20220113,66759777.85714
col,20220114,67046765
col,20220115,67293726.28571
col,20220117,67586572.42857
col,20220118,67905772.57143
col,20220119,68225903.42857
col,20220121,68585852.28571
col,20220123,68944201.14286
col,20220124,69293676.85714
col,20220125,69642242.14286
col,20220127,69998599.71429
col,20220128,70347170.85714
col,20220129,70692958.14286
col,20220130,70965918
col,20220131,71226255.57143
col,20220201,71483824.42857
col,20220202,71772236.14286
col,20220204,72034554.85714
col,20220205,72292985.28571
col,20220206,72539831.71429
com,20210421,13440
com,20210512,28584
com,20210518,34047.66667
com,20210521,40145.75
com,20210526,48121.2
com,20210531,54085.5
com,20210608,58410.42857
com,20210705,69473.28571
com,20210724,81220.71429
com,20210803,98002.85714
com,20210809,116636.42857
com,20210816,136079.28571
com,20210820,158258
com,20210827,185837.85714
com,20210909,220622
com,20210922,250751
com,20210929,277920.28571
com,20211009,302463.14286
com,20211013,325194.28571
com,20211019,349284.85714
com,20211103,374312.42857
com,20211114,394595.42857
com,20211128,421223
com,20211210,446149.28571
com,20211231,477702.42857
com,20220127,509525.14286
com,20220204,542406.42857
cpv,20210318,0
cpv,20210324,1092
cpv,20210512,7834
cpv,20210518,11508.25
cpv,20210521,14012
cpv,20210526,15740.33333
cpv,20210608,18413
cpv,20210610,24014.57143
cpv,20210614,30122.85714
cpv,20210615,33926.42857
cpv,20210620,39794.28571
cpv,20210624,46979.14286
cpv,20210628,55274.71429
cpv,20210705,64594.28571
cpv,20210712,76206.57143
cpv,20210713,87637.42857
cpv,20210719,99785.28571
cpv,20210724,112546.85714
cpv,20210726,124707.57143
cpv,20210803,139160.28571
cpv,20210809,154173.71429
cpv,20210816,170813.57143
cpv,20210820,190414.42857
cpv,20210825,213771.28571
cpv,20210831,236066.14286
cpv,20210911,265972.28571
cpv,20210916,294843.28571
cpv,20210922,323028.28571
cpv,20210926,348360.28571
cpv,20210930,370943.42857
cpv,20211009,394373.14286
cpv,20211017,417721
cpv,20211021,434029.14286
cpv,20211024,449509.42857
cpv,20211028,464132.14286
cpv,20211031,478036.14286
cpv,20211110,493271.14286
cpv,20211119,504617.42857
cpv,20211126,514851.57143
cpv,20211203,524458.14286
cpv,20211213,533481.57143
cpv,20211217,543009.57143
cpv,20220107,554413
cpv,20220114,566516.42857
cpv,20220204,585318.57143
cri,20201224,55
cri,20210103,1255
cri,20210108,4087
cri,20210115,9280
cri,20210118,13301.8
cri,20210125,19106.16667
cri,20210201,24619.71429
cri,20210208,35342.28571
cri,20210215,48841.28571
cri,20210222,61903
cri,20210301,79753.42857
cri,20210305,103165.42857
cri,20210308,125516.57143
cri,20210312,151805.57143
cri,20210315,176515.42857
cri,20210322,207297.85714
cri,20210324,242562.71429
cri,20210329,276068.85714
cri,20210406,320591.28571
cri,20210412,375193.14286
cri,20210419,440422.14286
cri,20210426,521965.28571
cri,20210503,613083.42857
cri,20210510,719639.71429
cri,20210517,843574.71429
cri,20210524,979699.28571
cri,20210601,1132825.85714
cri,20210607,1305375.85714
cri,20210614,1495609.57143
cri,20210622,1692863.57143
cri,20210628,1885214.14286
cri,20210705,2066627.71429
cri,20210713,2230769
cri,20210719,2395641.85714
cri,20210726,2612513.42857
cri,20210809,2825797.57143
cri,20210816,3042529.71429
cri,20210823,3270049.28571
cri,20210830,3521007.85714
cri,20210908,3802982
cri,20210913,4097166.28571
cri,20210920,4362041.85714
cri,20210927,4641039.85714
cri,20211004,4914202.42857
cri,20211011,5183926.28571
cri,20211018,5447632
cri,20211101,5731446.14286
cri,20211108,5997859.42857
cri,20211115,6226383.71429
cri,20211122,6431781.42857
cri,20211129,6628594.28571
cri,20211206,6814441.57143
cri,20211213,6989373
cri,20211221,7134049.71429
cri,20211227,7279674
cri,20220103,7422791.42857
cri,20220110,7563105.57143
cri,20220117,7706991.14286
cri,20220125,7851602.85714
cri,20220131,7989659.28571
cri,20220207,8109403.85714
cub,20210531,2037745
cub,20210601,2130785.5
cub,20210602,2223235.33333
cub,20210603,2315570.25
cub,20210604,2399427
cub,20210605,2473636.16667
cub,20210606,2532057.71429
cub,20210607,2661890.14286
cub,20210608,2775095.85714
cub,20210609,2878015.57143
cub,20210610,2975159
cub,20210611,3072988
cub,20210612,3178563.28571
cub,20210613,3285633.71429
cub,20210614,3414467.14286
cub,20210615,3567040.28571
cub,20210616,3738428.57143
cub,20210617,3919043.28571
cub,20210618,4105035
cub,20210619,4286686.57143
cub,20210620,4466681.42857
cub,20210621,4628254.85714
cub,20210622,4775347.42857
cub,20210623,4904151
cub,20210624,5017209.57143
cub,20210625,5127317.57143
cub,20210626,5232453.57143
cub,20210627,5344493.14286
cub,20210628,5468646.14286
cub,20210629,5593620
cub,20210630,5722570.42857
cub,20210701,5874862.14286
cub,20210702,6029191.57143
cub,20210703,6184133.85714
cub,20210704,6333071.85714
cub,20210705,6463156.71429
cub,20210706,6583867.71429
cub,20210707,6708613
cub,20210708,6818039
cub,20210709,6918392.71429
cub,20210710,7031776.28571
cub,20210711,7144421.85714
cub,20210712,7267128
cub,20210713,7400539.57143
cub,20210714,7528299.42857
cub,20210715,7652452.57143
cub,20210716,7776968.42857
cub,20210717,7884925.85714
cub,20210718,7992463.14286
cub,20210719,8092292.85714
cub,20210720,8181062.42857
cub,20210721,8273475.28571
cub,20210722,8366637.28571
cub,20210723,8460609.42857
cub,20210724,8557058.71429
cub,20210725,8650340.71429
cub,20210726,8740090.42857
cub,20210727,8839538.14286
cub,20210728,8928441.57143
cub,20210730,9066829.14286
cub,20210731,9222471.57143
cub,20210801,9388312.42857
cub,20210802,9581772
cub,20210803,9800707.14286
cub,20210804,10019488.57143
cub,20210805,10240049.71429
cub,20210806,10402360
cub,20210807,10535783.28571
cub,20210808,10648309.57143
cub,20210809,10741508.42857
cub,20210810,10816394
cub,20210811,10879694.71429
cub,20210812,10954071.57143
cub,20210813,11043077.85714
cub,20210814,11158024.28571
cub,20210815,11332553
cub,20210816,11519071.28571
cub,20210817,11702667.85714
cub,20210818,11882809.85714
cub,20210819,12042310
cub,20210820,12188098.42857
cub,20210821,12312968.42857
cub,20210822,12386815.42857
cub,20210823,12454550.28571
cub,20210824,12535378.28571
cub,20210825,12626530.28571
cub,20210826,12745156.57143
cub,20210827,12880804.14286
cub,20210828,13036009.85714
cub,20210829,13200620
cub,20210830,13375383.71429
cub,20210831,13555782.85714
cub,20210901,13751470.85714
cub,20210903,13950298
cub,20210904,14134949.28571
cub,20210907,14370499.57143
cub,20210908,14625741
cub,20210909,14897430.71429
cub,20210910,15194625.71429
cub,20210911,15496014.71429
cub,20210912,15775559
cub,20210913,16064790.85714
cub,20210914,16307830.28571
cub,20210915,16549769.71429
cub,20210916,16788883.14286
cub,20210917,17013213.28571
cub,20210918,17254343.85714
cub,20210919,17521932.57143
cub,20210920,17815629.57143
cub,20210921,18120013.85714
cub,20210922,18434046.71429
cub,20210923,18755924.42857
cub,20210924,19073808.57143
cub,20210925,19365607.14286
cub,20210926,19636418.42857
cub,20210927,19891188.85714
cub,20210928,20136083.57143
cub,20210929,20362704
cub,20210930,20582831
cub,20211001,20790358.28571
cub,20211002,20982914.28571
cub,20211003,21161726.28571
cub,20211004,21325342.57143
cub,20211005,21480844.57143
cub,20211006,21639630.28571
cub,20211007,21791002
cub,20211008,21965698.42857
cub,20211009,22159864
cub,20211010,22364523.71429
cub,20211011,22574205.28571
cub,20211012,22791460.85714
cub,20211013,23007490.42857
cub,20211014,23231603.14286
cub,20211015,23445184.28571
cub,20211016,23672147.28571
cub,20211017,23910065.14286
cub,20211018,24151573.71429
cub,20211019,24376503.42857
cub,20211020,24584026
cub,20211021,24764257.85714
cub,20211022,24923344.42857
cub,20211023,25047069.57143
cub,20211024,25148490.57143
cub,20211025,25233707
cub,20211026,25310652.57143
cub,20211027,25380483.42857
cub,20211028,25444848.71429
cub,20211029,25508003.42857
cub,20211030,25571087.57143
cub,20211031,25634388.42857
cub,20211101,25696338.14286
cub,20211102,25757500.42857
cub,20211103,25819985.85714
cub,20211104,25881860.57143
cub,20211105,25959649.85714
cub,20211106,26047786.14286
cub,20211107,26136735.57143
cub,20211108,26220099.85714
cub,20211109,26309461.57143
cub,20211110,26403306.42857
cub,20211111,26515633.42857
cub,20211112,26626672.85714
cub,20211113,26754527
cub,20211114,26897468
cub,20211115,27056791.71429
cub,20211116,27214772.57143
cub,20211117,27368739.85714
cub,20211118,27503243.57143
cub,20211119,27619058.71429
cub,20211120,27703101
cub,20211121,27767990.42857
cub,20211122,27818633.57143
cub,20211123,27860233.14286
cub,20211126,27950420.85714
cub,20211127,28036457.85714
cub,20211128,28115366.57143
cub,20211129,28195592.71429
cub,20211130,28282330.57143
cub,20211201,28370739.85714
cub,20211202,28460911.42857
cub,20211203,28496695.85714
cub,20211204,28532084
cub,20211205,28567584.85714
cub,20211206,28602335
cub,20211207,28638889.28571
cub,20211208,28678915.42857
cub,20211209,28721778.57143
cub,20211210,28769901.57143
cub,20211211,28821678
cub,20211212,28876103.28571
cub,20211213,28930148.14286
cub,20211214,28980066.14286
cub,20211215,29023550.71429
cub,20211216,29070954.85714
cub,20211217,29118320.57143
cub,20211218,29164548
cub,20211219,29212898
cub,20211220,29262774.85714
cub,20211221,29315834.71429
cub,20211222,29374381.28571
cub,20211223,29433304.85714
cub,20211224,29501464.42857
cub,20211225,29588121.14286
cub,20211226,29681336.57143
cub,20211227,29779368.85714
cub,20211228,29895327.42857
cub,20211230,30064382.85714
cub,20211231,30241111.14286
cub,20220101,30401017.57143
cub,20220102,30537386.14286
cub,20220103,30662040.14286
cub,20220104,30781250.71429
cub,20220105,30887879.42857
cub,20220106,30951579.14286
cub,20220107,31018798.71429
cub,20220108,31110040.71429
cub,20220109,31224094.42857
cub,20220110,31353813.28571
cub,20220111,31503835.42857
cub,20220112,31666827.85714
cub,20220113,31839700.71429
cub,20220114,32019066.85714
cub,20220115,32202087.57143
cub,20220116,32381016.28571
cub,20220117,32553823.14286
cub,20220118,32720989
cub,20220119,32880207.71429
cub,20220120,33029748.57143
cub,20220121,33165368.71429
cub,20220122,33287014.57143
cub,20220123,33399204.71429
cub,20220124,33508101.57143
cub,20220125,33611128
cub,20220126,33710014.14286
cub,20220127,33802142.42857
cub,20220128,33887728.14286
cub,20220129,33970077.57143
cub,20220130,34048855.42857
cub,20220131,34123598.71429
cub,20220201,34192013.57143
cub,20220204,34268706.85714
cub,20220205,34337862.71429
cub,20220206,34399098.14286
cym,20201226,0
cym,20210204,5504
cym,20210209,8205.66667
cym,20210210,9675.75
cym,20210212,10849.2
cym,20210217,11828.5
cym,20210219,12608
cym,20210220,15202.14286
cym,20210223,16477.85714
cym,20210224,17457.71429
cym,20210225,18460.57143
cym,20210303,19669.85714
cym,20210305,21077.71429
cym,20210312,23177
cym,20210316,25723.42857
cym,20210318,28347.14286
cym,20210319,31015.28571
cym,20210322,33879.42857
cym,20210324,36595.85714
cym,20210325,39093.14286
cym,20210329,41324.85714
cym,20210331,43264.42857
cym,20210401,45044.28571
cym,20210407,47091.28571
cym,20210408,49076.71429
cym,20210409,50961.14286
cym,20210413,53162.85714
cym,20210415,55025
cym,20210416,56675.42857
cym,20210420,58473.57143
cym,20210421,59945
cym,20210430,61465.14286
cym,20210505,63373.57143
cym,20210507,64844.85714
cym,20210513,66647.85714
cym,20210514,68448.85714
cym,20210519,70153.71429
cym,20210525,72274.85714
cym,20210526,74224.85714
cym,20210528,75731.57143
cym,20210602,77652.85714
cym,20210603,79183.14286
cym,20210605,80773.85714
cym,20210608,82406.28571
cym,20210617,83677
cym,20210621,85043.71429
cym,20210622,86400.71429
cym,20210624,87415.28571
cym,20210625,88397.85714
cym,20210628,89575.28571
cym,20210630,90548.71429
cym,20210701,91425.14286
cym,20210702,92116.14286
cym,20210706,92755.28571
cym,20210707,93309.85714
cym,20210708,93799.71429
cym,20210712,94019
cym,20210714,94249.14286
cym,20210715,94513.28571
cym,20210719,94846.71429
cym,20210721,95166.42857
cym,20210722,95485.57143
cym,20210723,95805.71429
cym,20210727,96142.85714
cym,20210729,96437.14286
cym,20210730,96752.28571
cym,20210802,97043
cym,20210806,97341.28571
cym,20210810,97691.57143
cym,20210811,98055.42857
cym,20210812,98369.85714
cym,20210818,98718.28571
cym,20210820,99015.85714
cym,20210824,99308.28571
cym,20210829,99585.85714
cym,20210831,99888.28571
cym,20210902,100217.85714
cym,20210906,100626.14286
cym,20210908,101021
cym,20210910,101427.14286
cym,20210911,101812.28571
cym,20210914,102318.28571
cym,20210915,102789.14286
cym,20210916,103251.57143
cym,20210921,103740
cym,20210922,104211.14286
cym,20210929,104785.71429
cym,20211022,105952.42857
cym,20211029,107315.85714
cym,20211105,109059.14286
cym,20211112,111177.14286
cym,20211119,113407
cym,20211129,116004.14286
cym,20211203,118727.28571
cym,20211210,121177.85714
cym,20211217,123601
cym,20211223,125615.42857
cym,20220107,127695.71429
cym,20220114,129717.42857
cym,20220121,131534
cym,20220128,133207.28571
cym,20220204,134615.28571
cyp,20210106,3901
cyp,20210110,4968
cyp,20210116,6720.66667
cyp,20210123,9475.25
cyp,20210130,12684
cyp,20210206,16042.83333
cyp,20210213,20098
cyp,20210220,27653.71429
cyp,20210223,36014.71429
cyp,20210226,45436.14286
cyp,20210307,57084.14286
cyp,20210320,71929.71429
cyp,20210403,90313.85714
cyp,20210407,108913.42857
cyp,20210409,126975.42857
cyp,20210416,146672.42857
cyp,20210419,166458
cyp,20210420,183655
cyp,20210421,197214.14286
cyp,20210423,207891.14286
cyp,20210501,224061.14286
cyp,20210506,245375.14286
cyp,20210510,269516.42857
cyp,20210511,293797
cyp,20210512,319561.28571
cyp,20210514,348152.28571
cyp,20210516,376478.71429
cyp,20210517,399467
cyp,20210518,417963.85714
cyp,20210519,432905.28571
cyp,20210521,449958
cyp,20210523,467406.57143
cyp,20210524,482948.42857
cyp,20210526,500964.71429
cyp,20210527,518635
cyp,20210530,537778.57143
cyp,20210601,557670.57143
cyp,20210602,574570.14286
cyp,20210603,590326.28571
cyp,20210606,606858.14286
cyp,20210607,620319.85714
cyp,20210608,633125.14286
cyp,20210609,644153
cyp,20210610,653575.14286
cyp,20210611,663213.85714
cyp,20210612,673061.42857
cyp,20210615,683028.57143
cyp,20210616,693537.42857
cyp,20210617,704580.57143
cyp,20210619,716009.85714
cyp,20210623,728446.14286
cyp,20210624,741040.28571
cyp,20210630,756449.42857
cyp,20210702,772307
cyp,20210703,787669.71429
cyp,20210705,803361.71429
cyp,20210706,818196.71429
cyp,20210707,832313.71429
cyp,20210708,846359.71429
cyp,20210709,857021
cyp,20210710,865211.28571
cyp,20210712,873972.42857
cyp,20210713,881777.14286
cyp,20210714,889409.28571
cyp,20210715,896513.14286
cyp,20210717,903543.57143
cyp,20210719,910722
cyp,20210720,918477.42857
cyp,20210721,925441
cyp,20210722,932175.14286
cyp,20210724,939092.28571
cyp,20210725,945184.42857
cyp,20210727,951556.85714
cyp,20210728,957384.57143
cyp,20210729,962956.85714
cyp,20210802,969859.71429
cyp,20210803,977012
cyp,20210804,983977.57143
cyp,20210805,991790
cyp,20210807,999122.71429
cyp,20210809,1006661.85714
cyp,20210810,1014064.57143
cyp,20210811,1020103.71429
cyp,20210812,1025799.14286
cyp,20210813,1031478.42857
cyp,20210816,1036809.71429
cyp,20210817,1041763.57143
cyp,20210818,1046477.85714
cyp,20210820,1051726.28571
cyp,20210821,1056363.28571
cyp,20210826,1062663.14286
cyp,20210830,1069390.28571
cyp,20210901,1076085.14286
cyp,20210902,1082506.71429
cyp,20210903,1088907.28571
cyp,20210906,1094776.14286
cyp,20210908,1101403.28571
cyp,20210909,1106028.85714
cyp,20210911,1109932
cyp,20210913,1113710.85714
cyp,20210914,1117356.14286
cyp,20210915,1120571.42857
cyp,20210916,1123374.42857
cyp,20210921,1127130.42857
cyp,20210922,1130953
cyp,20210923,1134470.57143
cyp,20210927,1138856.85714
cyp,20210929,1143782.57143
cyp,20211002,1149097.85714
cyp,20211005,1155033.42857
cyp,20211007,1160045.28571
cyp,20211010,1165462.57143
cyp,20211011,1171197.71429
cyp,20211012,1175968.85714
cyp,20211014,1180658.57143
cyp,20211019,1185829.42857
cyp,20211020,1190416.85714
cyp,20211025,1195061.42857
cyp,20211027,1199404.85714
cyp,20211030,1203577.14286
cyp,20211102,1207705.42857
cyp,20211103,1211536.57143
cyp,20211104,1214645.57143
cyp,20211108,1218270.85714
cyp,20211111,1222217.57143
cyp,20211113,1226340.85714
cyp,20211116,1231126.57143
cyp,20211118,1236782.28571
cyp,20211121,1243387.42857
cyp,20211123,1251831
cyp,20211125,1261786
cyp,20211127,1272318.71429
cyp,20211201,1286279.28571
cyp,20211204,1302433.57143
cyp,20211207,1320196.42857
cyp,20211208,1337807.71429
cyp,20211211,1356523.71429
cyp,20211214,1376096.85714
cyp,20211215,1395430.28571
cyp,20211220,1416573
cyp,20211221,1435700.14286
cyp,20211223,1458477.71429
cyp,20220108,1487800.85714
cyp,20220110,1514975.28571
cyp,20220112,1541092.85714
cyp,20220113,1566666.42857
cyp,20220115,1587876.14286
cyp,20220120,1611047
cyp,20220122,1629097.28571
cyp,20220124,1639998
cyp,20220126,1650899.85714
cyp,20220127,1660068.57143
cyp,20220131,1669839.85714
cyp,20220202,1683201
cyp,20220203,1693640.71429
cyp,20220206,1703756.57143
cyp,20220208,1714055.28571
cyp_nor,20210114,0
cyp_nor,20210119,2484
cyp_nor,20210122,5322.66667
cyp_nor,20210325,28484.25
cyp_nor,20210414,43783
cyp_nor,20210419,54380
cyp_nor,20210423,62252.85714
cyp_nor,20210508,79658.71429
cyp_nor,20210510,96463
cyp_nor,20210511,112576
cyp_nor,20210514,116298.14286
cyp_nor,20210517,119123
cyp_nor,20210519,121677.71429
cyp_nor,20210522,124131.71429
cyp_nor,20210524,124842
cyp_nor,20210525,125557.71429
cyp_nor,20210527,126408
cyp_nor,20210627,136516.28571
cyp_nor,20210815,161959.42857
cyp_nor,20210926,214239.14286
cyp_nor,20211022,274154.57143
cyp_nor,20211029,334818
cyp_nor,20211105,396142
cyp_nor,20211112,458172
cyp_nor,20211119,512533
cyp_nor,20211126,557466.57143
cze,20201227,1284
cze,20201228,2436.5
cze,20201229,3975.33333
cze,20201230,5625
cze,20201231,6876.2
cze,20210101,7755.33333
cze,20210102,8566.42857
cze,20210103,10434.14286
cze,20210104,12489.28571
cze,20210105,14696.71429
cze,20210106,17236.71429
cze,20210107,20731.57143
cze,20210108,25624
cze,20210109,30623
cze,20210110,35743
cze,20210111,41754.85714
cze,20210112,49042.42857
cze,20210113,57430.28571
cze,20210114,66856.14286
cze,20210115,76849
cze,20210116,87038.85714
cze,20210117,97440.57143
cze,20210118,108479.71429
cze,20210119,119786.71429
cze,20210120,131494.57143
cze,20210121,143508.42857
cze,20210122,155795.57143
cze,20210123,168196.14286
cze,20210124,180578.14286
cze,20210125,192718.28571
cze,20210126,204745.14286
cze,20210127,216373.42857
cze,20210128,227406.14286
cze,20210129,238180.28571
cze,20210130,248615.57143
cze,20210131,258875.57143
cze,20210201,269038.42857
cze,20210202,279179.85714
cze,20210203,289590
cze,20210204,300667
cze,20210205,312032.42857
cze,20210206,323597
cze,20210207,335369.14286
cze,20210208,347653
cze,20210209,360312.85714
cze,20210210,373448.14286
cze,20210211,387250
cze,20210212,401827.71429
cze,20210213,416602.57143
cze,20210214,431240.14286
cze,20210215,445911.57143
cze,20210216,460694.71429
cze,20210217,475368.14286
cze,20210218,489734.71429
cze,20210219,503768.57143
cze,20210220,517601
cze,20210221,531400.71429
cze,20210222,545256.42857
cze,20210223,559419.71429
cze,20210224,573856.57143
cze,20210225,588738.71429
cze,20210226,603948.71429
cze,20210227,619212.42857
cze,20210228,634583.14286
cze,20210301,650938
cze,20210302,668838.28571
cze,20210303,688959.14286
cze,20210304,711144.71429
cze,20210305,735149.14286
cze,20210306,760502.57143
cze,20210307,787210.14286
cze,20210308,815569.71429
cze,20210309,845639.85714
cze,20210310,877542
cze,20210311,911620.85714
cze,20210312,947556
cze,20210313,984264
cze,20210314,1021098.28571
cze,20210315,1058297.14286
cze,20210316,1096449.57143
cze,20210317,1134560.85714
cze,20210318,1172272.71429
cze,20210319,1210107.71429
cze,20210320,1247769.14286
cze,20210321,1284820
cze,20210322,1321859.71429
cze,20210323,1357557.71429
cze,20210324,1392487.57143
cze,20210325,1426529.71429
cze,20210326,1459746.28571
cze,20210327,1492404.57143
cze,20210328,1525162.57143
cze,20210329,1558320.28571
cze,20210330,1592457
cze,20210331,1627678.42857
cze,20210401,1664831
cze,20210402,1698755.57143
cze,20210403,1732862.85714
cze,20210404,1767221.42857
cze,20210405,1797255.85714
cze,20210406,1827088.42857
cze,20210407,1856279
cze,20210408,1887197.85714
cze,20210409,1925262.57143
cze,20210410,1965651.14286
cze,20210411,2007238.14286
cze,20210412,2056516
cze,20210413,2108204
cze,20210414,2162824.42857
cze,20210415,2217985
cze,20210416,2273233.28571
cze,20210417,2327754
cze,20210418,2382009.28571
cze,20210419,2435688.28571
cze,20210420,2488814.71429
cze,20210421,2541354.71429
cze,20210422,2593650.28571
cze,20210423,2644728
cze,20210424,2695430.14286
cze,20210425,2746233.57143
cze,20210426,2796641.28571
cze,20210427,2847312.71429
cze,20210428,2899301.14286
cze,20210429,2952437.42857
cze,20210430,3006854.71429
cze,20210501,3061217.57143
cze,20210502,3115937.85714
cze,20210503,3172743.42857
cze,20210504,3231411.57143
cze,20210505,3291412.28571
cze,20210506,3352742.28571
cze,20210507,3416176.14286
cze,20210508,3480811.14286
cze,20210509,3546054.85714
cze,20210510,3612319.14286
cze,20210511,3679985.14286
cze,20210512,3748623.85714
cze,20210513,3817620.28571
cze,20210514,3886716.57143
cze,20210515,3956243.85714
cze,20210516,4026004.57143
cze,20210517,4095771.57143
cze,20210518,4165671.57143
cze,20210519,4236135.42857
cze,20210520,4307915.71429
cze,20210521,4380979.57143
cze,20210522,4455377.42857
cze,20210523,4530401.42857
cze,20210524,4605592.57143
cze,20210525,4681053.14286
cze,20210526,4758226.71429
cze,20210527,4836223.42857
cze,20210528,4915796
cze,20210529,4995760.71429
cze,20210530,5076495.85714
cze,20210531,5160353.57143
cze,20210601,5247026.28571
cze,20210602,5335284.57143
cze,20210603,5424828
cze,20210604,5515950.85714
cze,20210605,5608036.71429
cze,20210606,5700863.42857
cze,20210607,5795800
cze,20210608,5892207.71429
cze,20210609,5989437
cze,20210610,6087577.14286
cze,20210611,6185935
cze,20210612,6284263.57143
cze,20210613,6382644.71429
cze,20210614,6480867
cze,20210615,6578933.85714
cze,20210616,6676750.14286
cze,20210617,6774320.85714
cze,20210618,6872199.42857
cze,20210619,6969837.42857
cze,20210620,7067308.42857
cze,20210621,7164010.28571
cze,20210622,7260539.57143
cze,20210623,7356589.14286
cze,20210624,7452315.57143
cze,20210625,7547274.28571
cze,20210626,7642184
cze,20210627,7737011
cze,20210628,7832219.71429
cze,20210629,7927528.14286
cze,20210630,8023129.57143
cze,20210701,8117906.71429
cze,20210702,8212016.71429
cze,20210703,8304398.28571
cze,20210704,8395167.85714
cze,20210705,8474564.85714
cze,20210706,8542355.57143
cze,20210707,8608238.85714
cze,20210708,8671739.71429
cze,20210709,8733084.57143
cze,20210710,8794338.71429
cze,20210711,8855881.28571
cze,20210712,8926356.71429
cze,20210713,9005561.85714
cze,20210714,9083623.42857
cze,20210715,9161287.28571
cze,20210716,9239286.28571
cze,20210717,9317536.42857
cze,20210718,9396145.71429
cze,20210719,9473843.28571
cze,20210720,9550443.28571
cze,20210721,9625362.28571
cze,20210722,9698152.71429
cze,20210723,9767610.14286
cze,20210724,9836219
cze,20210725,9903927.42857
cze,20210726,9968871.42857
cze,20210727,10030890
cze,20210728,10089969.42857
cze,20210729,10146479.42857
cze,20210730,10201227.28571
cze,20210731,10254987
cze,20210801,10307884
cze,20210802,10358517.14286
cze,20210803,10407214.14286
cze,20210804,10453963.28571
cze,20210805,10499784.57143
cze,20210806,10544811.85714
cze,20210807,10589189
cze,20210808,10633202.57143
cze,20210809,10677464.57143
cze,20210810,10721251.42857
cze,20210811,10765376.14286
cze,20210812,10808440
cze,20210813,10850342.85714
cze,20210814,10890904.85714
cze,20210815,10930510.14286
cze,20210816,10968183.85714
cze,20210817,11003785.57143
cze,20210818,11038510.57143
cze,20210819,11073162.28571
cze,20210820,11107826
cze,20210821,11142715.71429
cze,20210822,11177773.57143
cze,20210823,11213591.14286
cze,20210824,11250288.42857
cze,20210825,11285407.42857
cze,20210826,11318700.28571
cze,20210827,11349868.42857
cze,20210828,11380249.71429
cze,20210829,11409886
cze,20210830,11436869
cze,20210831,11461442.85714
cze,20210901,11483657.42857
cze,20210902,11503957.57143
cze,20210903,11522719.42857
cze,20210904,11540900.71429
cze,20210905,11558518.14286
cze,20210906,11574513.71429
cze,20210907,11589078
cze,20210908,11603028.71429
cze,20210909,11616380.85714
cze,20210910,11629020.71429
cze,20210911,11641479.14286
cze,20210912,11653644.57143
cze,20210913,11665365.71429
cze,20210914,11676942.28571
cze,20210915,11688253.42857
cze,20210916,11699117.85714
cze,20210917,11709511.57143
cze,20210918,11719876.85714
cze,20210919,11730215.42857
cze,20210920,11740169.42857
cze,20210921,11749853.42857
cze,20210922,11759056.85714
cze,20210923,11768110.85714
cze,20210924,11777057.42857
cze,20210925,11785934
cze,20210926,11794816
cze,20210927,11803485.85714
cze,20210928,11810695
cze,20210929,11818211.42857
cze,20210930,11825901.71429
cze,20211001,11833414.57143
cze,20211002,11840831.42857
cze,20211003,11848136.57143
cze,20211004,11855367.42857
cze,20211005,11863818.71429
cze,20211006,11872152.28571
cze,20211007,11880166.28571
cze,20211008,11888333
cze,20211009,11896587.42857
cze,20211010,11904896.85714
cze,20211011,11913169.85714
cze,20211012,11921480.42857
cze,20211013,11929908
cze,20211014,11938659.28571
cze,20211015,11947553.71429
cze,20211016,11956527.85714
cze,20211017,11965592.71429
cze,20211018,11975373
cze,20211019,11986003
cze,20211020,11998309.71429
cze,20211021,12012967.57143
cze,20211022,12030181.42857
cze,20211023,12048061.57143
cze,20211024,12066415.28571
cze,20211025,12087445.57143
cze,20211026,12111524.28571
cze,20211027,12138639.14286
cze,20211028,12162814
cze,20211029,12187612.42857
cze,20211030,12212567
cze,20211031,12237889
cze,20211101,12264231.14286
cze,20211102,12291538.42857
cze,20211103,12319761
cze,20211104,12354342.85714
cze,20211105,12391910.57143
cze,20211106,12430196.85714
cze,20211107,12468655.71429
cze,20211108,12507757.71429
cze,20211109,12547135.85714
cze,20211110,12586132.85714
cze,20211111,12624455.14286
cze,20211112,12662233.28571
cze,20211113,12699841.14286
cze,20211114,12737370.42857
cze,20211115,12774806.85714
cze,20211116,12813163.42857
cze,20211117,12846252.28571
cze,20211118,12879902.14286
cze,20211119,12914489.14286
cze,20211120,12949596.85714
cze,20211121,12985107.42857
cze,20211122,13021608
cze,20211123,13058854.14286
cze,20211124,13103131.71429
cze,20211125,13149172.57143
cze,20211126,13196714
cze,20211127,13244636.57143
cze,20211128,13292681.28571
cze,20211129,13342823.71429
cze,20211130,13395320.71429
cze,20211201,13451912.71429
cze,20211202,13512849.28571
cze,20211203,13577730.14286
cze,20211204,13644458.57143
cze,20211205,13712589.85714
cze,20211206,13783558.28571
cze,20211207,13857862.42857
cze,20211208,13933076.71429
cze,20211209,14009119.42857
cze,20211210,14085348.71429
cze,20211211,14161628.42857
cze,20211212,14237791
cze,20211213,14313163.85714
cze,20211214,14387925.28571
cze,20211215,14462376.28571
cze,20211216,14536233
cze,20211217,14609927.42857
cze,20211218,14683733.28571
cze,20211219,14757640.14286
cze,20211220,14832239.42857
cze,20211221,14906108.57143
cze,20211222,14977486.85714
cze,20211223,15040228.42857
cze,20211224,15088863.57143
cze,20211225,15132715.42857
cze,20211226,15173563.71429
cze,20211227,15211290.42857
cze,20211228,15246699.28571
cze,20211229,15281073.57143
cze,20211230,15317943.57143
cze,20211231,15356297.85714
cze,20220101,15394656.42857
cze,20220102,15435015
cze,20220103,15476677.42857
cze,20220104,15520886.57143
cze,20220105,15568805.28571
cze,20220106,15623683.71429
cze,20220107,15692972.85714
cze,20220108,15767179.28571
cze,20220109,15842059.71429
cze,20220110,15917990.42857
cze,20220111,15993721.42857
cze,20220112,16068417
cze,20220113,16140733.57143
cze,20220114,16210328.14286
cze,20220115,16278498.71429
cze,20220116,16345647.57143
cze,20220117,16409145.28571
cze,20220118,16468330.71429
cze,20220119,16522560
cze,20220120,16572419.71429
cze,20220121,16617856.57143
cze,20220122,16661354.57143
cze,20220123,16703947.42857
cze,20220124,16744270.57143
cze,20220125,16781672.57143
cze,20220126,16817227
cze,20220127,16850652.28571
cze,20220128,16883312.28571
cze,20220129,16916131.57143
cze,20220130,16948705.85714
cze,20220131,16980148.57143
cze,20220201,17009950
cze,20220202,17037834.85714
cze,20220203,17063786.42857
cze,20220204,17086836.42857
cze,20220205,17108972.28571
cze,20220206,17130747.14286
cze,20220207,17150547.71429
cze,20220208,17168846.57143
deu,20201227,24375
deu,20201228,33424
deu,20201229,53340.66667
deu,20201230,79349
deu,20201231,104957.2
deu,20210101,126310.16667
deu,20210102,148431.42857
deu,20210103,188341
deu,20210104,232266
deu,20210105,276482.71429
deu,20210106,320553.85714
deu,20210107,365337.28571
deu,20210108,415432.71429
deu,20210109,467339.85714
deu,20210110,521166.14286
deu,20210111,578199.28571
deu,20210112,639008.57143
deu,20210113,706835.71429
deu,20210114,778826
deu,20210115,854951.85714
deu,20210116,930695.71429
deu,20210117,1008125.71429
deu,20210118,1087642
deu,20210119,1172963.42857
deu,20210120,1261227
deu,20210121,1352549.57143
deu,20210122,1445376.57143
deu,20210123,1542341.57143
deu,20210124,1639307
deu,20210125,1737382.57143
deu,20210126,1832419.71429
deu,20210127,1924111.42857
deu,20210128,2013948.42857
deu,20210129,2104561.85714
deu,20210130,2195326.14286
deu,20210131,2287435.14286
deu,20210201,2383747.71429
deu,20210202,2484964.71429
deu,20210203,2593841.85714
deu,20210204,2708727
deu,20210205,2829299.71429
deu,20210206,2950744
deu,20210207,3071666.57143
deu,20210208,3191026.71429
deu,20210209,3310656.42857
deu,20210210,3429207.85714
deu,20210211,3549199.28571
deu,20210212,3670427.42857
deu,20210213,3793608
deu,20210214,3918487
deu,20210215,4045702
deu,20210216,4172944.71429
deu,20210217,4299670.71429
deu,20210218,4426468
deu,20210219,4553672.57143
deu,20210220,4681544.71429
deu,20210221,4812355.57143
deu,20210222,4947572
deu,20210223,5087882.42857
deu,20210224,5231798.85714
deu,20210225,5382166.57143
deu,20210226,5540405.71429
deu,20210227,5703752
deu,20210228,5869609.71429
deu,20210301,6041576.14286
deu,20210302,6220629.28571
deu,20210303,6409884.57143
deu,20210304,6607081.14286
deu,20210305,6813088.85714
deu,20210306,7026894.57143
deu,20210307,7247026.71429
deu,20210308,7472713.85714
deu,20210309,7703093.71429
deu,20210310,7939390.14286
deu,20210311,8181309.57143
deu,20210312,8430655
deu,20210313,8685490.42857
deu,20210314,8943549.85714
deu,20210315,9203131.57143
deu,20210316,9452211.71429
deu,20210317,9689276.14286
deu,20210318,9913305.71429
deu,20210319,10125638.85714
deu,20210320,10335055
deu,20210321,10543679.85714
deu,20210322,10755303
deu,20210323,10984402.57143
deu,20210324,11232750.85714
deu,20210325,11501112.14286
deu,20210326,11787974.71429
deu,20210327,12083608.71429
deu,20210328,12383795.14286
deu,20210329,12689205.28571
deu,20210330,12998633
deu,20210331,13307658.57143
deu,20210401,13615881.85714
deu,20210402,13902787
deu,20210403,14182584.71429
deu,20210404,14461909.71429
deu,20210405,14732941.57143
deu,20210406,15010331.28571
deu,20210407,15335146.42857
deu,20210408,15713144
deu,20210409,16149410.42857
deu,20210410,16605767.85714
deu,20210411,17072250
deu,20210412,17563170
deu,20210413,18083194.28571
deu,20210414,18618611.71429
deu,20210415,19151464.57143
deu,20210416,19679300
deu,20210417,20206218
deu,20210418,20733940.85714
deu,20210419,21259408.28571
deu,20210420,21782683.71429
deu,20210421,22298232.85714
deu,20210422,22807821.71429
deu,20210423,23311542.28571
deu,20210424,23815235.85714
deu,20210425,24320862.14286
deu,20210426,24830865.14286
deu,20210427,25373018.14286
deu,20210428,25972717
deu,20210429,26616487.42857
deu,20210430,27295779.14286
deu,20210501,27970851.71429
deu,20210502,28643338.28571
deu,20210503,29318531.42857
deu,20210504,30001943.42857
deu,20210505,30688866.28571
deu,20210506,31382197.14286
deu,20210507,32088063.14286
deu,20210508,32806727.14286
deu,20210509,33528429.28571
deu,20210510,34269827.14286
deu,20210511,35046145.71429
deu,20210512,35861074.14286
deu,20210513,36595374
deu,20210514,37310308.71429
deu,20210515,38021601.85714
deu,20210516,38732316
deu,20210517,39438143.85714
deu,20210518,40113240.42857
deu,20210519,40742649.28571
deu,20210520,41446552.57143
deu,20210521,42164057.57143
deu,20210522,42892064.71429
deu,20210523,43620484.57143
deu,20210524,44315952.14286
deu,20210525,44980361.71429
deu,20210526,45656428.85714
deu,20210527,46345717.28571
deu,20210528,47042593.57143
deu,20210529,47730411.57143
deu,20210530,48418035
deu,20210531,49137406.85714
deu,20210601,49904557.42857
deu,20210602,50681690.14286
deu,20210603,51401805.28571
deu,20210604,52108559.85714
deu,20210605,52815665.42857
deu,20210606,53524004.57143
deu,20210607,54241942.85714
deu,20210608,54969751.85714
deu,20210609,55723245
deu,20210610,56555769.85714
deu,20210611,57424826.14286
deu,20210612,58297256.85714
deu,20210613,59168355.57143
deu,20210614,60045423.28571
deu,20210615,60921446.71429
deu,20210616,61791418.85714
deu,20210617,62655036.71429
deu,20210618,63508389
deu,20210619,64360529.28571
deu,20210620,65214393.14286
deu,20210621,66064849.42857
deu,20210622,66919442.71429
deu,20210623,67767027
deu,20210624,68598547.42857
deu,20210625,69419809.42857
deu,20210626,70238614
deu,20210627,71056975.28571
deu,20210628,71875050.14286
deu,20210629,72672438
deu,20210630,73425130.28571
deu,20210701,74169934.14286
deu,20210702,74903959.71429
deu,20210703,75633256
deu,20210704,76359911.85714
deu,20210705,77073161.42857
deu,20210706,77764060.28571
deu,20210707,78450922.57143
deu,20210708,79118588.85714
deu,20210709,79773496.57143
deu,20210710,80423590.71429
deu,20210711,81067256.14286
deu,20210712,81701160.71429
deu,20210713,82332680.71429
deu,20210714,82961377.71429
deu,20210715,83578689.57143
deu,20210716,84182202.28571
deu,20210717,84775546.71429
deu,20210718,85364905.14286
deu,20210719,85941995.71429
deu,20210720,86497078.71429
deu,20210721,87020604.14286
deu,20210722,87523214.57143
deu,20210723,88013121
deu,20210724,88494341
deu,20210725,88964690.57143
deu,20210726,89428905.85714
deu,20210727,89885435
deu,20210728,90332794.71429
deu,20210729,90773895.85714
deu,20210730,91204361.14286
deu,20210731,91632464.71429
deu,20210801,92059548.85714
deu,20210802,92480150
deu,20210803,92887628.42857
deu,20210804,93278184.85714
deu,20210805,93660102
deu,20210806,94033903
deu,20210807,94406284.42857
deu,20210808,94778458.42857
deu,20210809,95150800.71429
deu,20210810,95518482.42857
deu,20210811,95881768.71429
deu,20210812,96238536.57143
deu,20210813,96592746.14286
deu,20210814,96948400.85714
deu,20210815,97304303
deu,20210816,97655954.42857
deu,20210817,97997735.85714
deu,20210818,98322186.85714
deu,20210819,98626616.85714
deu,20210820,98919240.28571
deu,20210821,99206190.85714
deu,20210822,99489763.71429
deu,20210823,99768591.28571
deu,20210824,100038184.85714
deu,20210825,100296131.42857
deu,20210826,100549184
deu,20210827,100789400.42857
deu,20210828,101026885.71429
deu,20210829,101263089.28571
deu,20210830,101493419.85714
deu,20210831,101715948.57143
deu,20210901,101931831.28571
deu,20210902,102141568.14286
deu,20210903,102350451.57143
deu,20210904,102555133.71429
deu,20210905,102756857.85714
deu,20210906,102953303.85714
deu,20210907,103146864.14286
deu,20210908,103335371
deu,20210909,103523604.14286
deu,20210910,103709054.71429
deu,20210911,103894846.85714
deu,20210912,104080648.85714
deu,20210913,104268143.71429
deu,20210914,104457604.28571
deu,20210915,104650422.57143
deu,20210916,104846155.42857
deu,20210917,105044937.42857
deu,20210918,105244070
deu,20210919,105443904.71429
deu,20210920,105642478.85714
deu,20210921,105840591.85714
deu,20210922,106037427
deu,20210923,106233159.57143
deu,20210924,106427722.14286
deu,20210925,106620483.71429
deu,20210926,106811382.28571
deu,20210927,107001362.14286
deu,20210928,107189866.85714
deu,20210929,107374998.85714
deu,20210930,107556668.85714
deu,20211001,107722105.85714
deu,20211002,107877795
deu,20211003,108027364.42857
deu,20211004,108168879.42857
deu,20211005,108304492.57143
deu,20211006,108433306.57143
deu,20211007,108557422
deu,20211008,108689415.28571
deu,20211009,108822683.28571
deu,20211010,108956442.28571
deu,20211011,109090242
deu,20211012,109223617.71429
deu,20211013,109357253.57143
deu,20211014,109490398
deu,20211015,109621925.57143
deu,20211016,109753540.57143
deu,20211017,109885080.71429
deu,20211018,110016140.85714
deu,20211019,110146954.28571
deu,20211020,110277534.14286
deu,20211021,110407868.71429
deu,20211022,110536642.71429
deu,20211023,110665782.85714
deu,20211024,110794630.14286
deu,20211025,110925710.14286
deu,20211026,111061296
deu,20211027,111202333
deu,20211028,111349408.42857
deu,20211029,111503090.28571
deu,20211030,111658039.28571
deu,20211031,111813224.85714
deu,20211101,111962233.28571
deu,20211102,112111950.85714
deu,20211103,112268625.85714
deu,20211104,112432705.14286
deu,20211105,112604053.71429
deu,20211106,112778087.28571
deu,20211107,112954422.28571
deu,20211108,113146377
deu,20211109,113356254.14286
deu,20211110,113581553
deu,20211111,113822872.71429
deu,20211112,114074810
deu,20211113,114331452.28571
deu,20211114,114590457.57143
deu,20211115,114859785.71429
deu,20211116,115148365
deu,20211117,115459038.14286
deu,20211118,115794221.42857
deu,20211119,116159787.42857
deu,20211120,116541874.85714
deu,20211121,116930507.71429
deu,20211122,117343814.85714
deu,20211123,117791818.57143
deu,20211124,118289180.28571
deu,20211125,118829818.42857
deu,20211126,119413189.42857
deu,20211127,120047274
deu,20211128,120697240.85714
deu,20211129,121377882.71429
deu,20211130,122088131.85714
deu,20211201,122831159
deu,20211202,123605662
deu,20211203,124413243.71429
deu,20211204,125257581.28571
deu,20211205,126112625.14286
deu,20211206,126985088.14286
deu,20211207,127882091.14286
deu,20211208,128802667.14286
deu,20211209,129744536.71429
deu,20211210,130708878.57143
deu,20211211,131696495.42857
deu,20211212,132689835.57143
deu,20211213,133691446.14286
deu,20211214,134700268.71429
deu,20211215,135759420.42857
deu,20211216,136839868.42857
deu,20211217,137930139.14286
deu,20211218,139016163
deu,20211219,140110949.57143
deu,20211220,141230541.42857
deu,20211221,142359985.28571
deu,20211222,143425170.85714
deu,20211223,144405087
deu,20211224,145210308.14286
deu,20211225,145882653.85714
deu,20211226,146510405.28571
deu,20211227,147082033
deu,20211228,147582142.85714
deu,20211229,148013296.42857
deu,20211230,148408565.14286
deu,20211231,148810388
deu,20220101,149211131.14286
deu,20220102,149623767.85714
deu,20220103,150019790.71429
deu,20220104,150413272.14286
deu,20220105,150820989.42857
deu,20220106,151246036.85714
deu,20220107,151762015.14286
deu,20220108,152347476.57143
deu,20220109,152937286.71429
deu,20220110,153538151.71429
deu,20220111,154152430.85714
deu,20220112,154775405.42857
deu,20220113,155420096.57143
deu,20220114,156066407.71429
deu,20220115,156705096.57143
deu,20220116,157339363
deu,20220117,157962159.71429
deu,20220118,158564246.42857
deu,20220119,159137517.42857
deu,20220120,159691359.71429
deu,20220121,160219147.85714
deu,20220122,160722895.71429
deu,20220123,161220094.85714
deu,20220124,161699829.42857
deu,20220125,162157953.71429
deu,20220126,162591158
deu,20220127,162997034.28571
deu,20220128,163380320
deu,20220129,163751550.85714
deu,20220130,164118200
deu,20220131,164467132.14286
deu,20220201,164786613.71429
deu,20220202,165085804.57143
deu,20220203,165360955.28571
deu,20220204,165617589.42857
deu,20220205,165864573.85714
deu,20220206,166107982.14286
deu,20220207,166341375.71429
deu,20220208,166570055.57143
dji,20210417,10246
dji,20210428,11644
dji,20210524,12743.66667
dji,20210601,14897
dji,20210623,17276.8
dji,20210805,22815.5
dji,20210812,27136.71429
dji,20210819,33420
dji,20210825,39877.57143
dji,20210901,46334.42857
dji,20210909,52529.28571
dji,20220117,69243.57143
dji,20220123,83051.71429
dji,20220129,97007.57143
dji,20220206,110933.85714
dma,20210211,0
dma,20210223,1232.5
dma,20210225,2425.33333
dma,20210226,3300
dma,20210301,4080.4
dma,20210302,4773.33333
dma,20210303,5443.42857
dma,20210304,6940
dma,20210305,8211.85714
dma,20210308,9278.14286
dma,20210310,10308.28571
dma,20210311,11217.28571
dma,20210322,12226.71429
dma,20210325,13168.71429
dma,20210331,14197
dma,20210401,15160.42857
dma,20210412,16038.71429
dma,20210420,17122.42857
dma,20210422,18478.14286
dma,20210428,20266.28571
dma,20210507,22544.85714
dma,20210512,24739.57143
dma,20210517,27002
dma,20210518,29258.57143
dma,20210526,31505.42857
dma,20210528,33488.14286
dma,20210531,34810.85714
dma,20210602,35542
dma,20210605,36165.28571
dma,20210609,36698
dma,20210614,37235
dma,20210617,37484
dma,20210625,37823.28571
dma,20210702,38231.57143
dma,20210709,38642.71429
dma,20210716,39050.57143
dma,20210723,39430
dma,20210730,39797.85714
dma,20210820,40261.14286
dma,20210827,40721.14286
dma,20210903,41135.28571
dma,20210910,41619.57143
dma,20210917,42150.42857
dma,20210924,42763.28571
dma,20211001,43640.57143
dma,20211008,44591.42857
dma,20211015,45491.57143
dma,20211022,46656.42857
dma,20211029,47964.28571
dma,20211105,49298
dma,20211112,50631
dma,20211119,51836.71429
dma,20211129,52898.57143
dma,20211203,53888.57143
dma,20211208,54571.85714
dma,20211210,55090.42857
dma,20211215,55547.57143
dma,20211217,55922
dma,20211222,56194.85714
dma,20220105,56715.71429
dma,20220107,57226
dma,20220112,57765
dma,20220114,58257.14286
dma,20220119,58724
dma,20220121,59205.42857
dma,20220126,59641.71429
dma,20220128,59796.57143
dma,20220202,60026.14286
dma,20220204,60234
dnk,20201201,1
dnk,20201208,1.5
dnk,20201216,2
dnk,20201217,2.5
dnk,20201218,3.2
dnk,20201219,3.83333
dnk,20201220,4.42857
dnk,20201221,5.85714
dnk,20201222,7.85714
dnk,20201223,10.28571
dnk,20201224,13.14286
dnk,20201226,16.42857
dnk,20201227,850.85714
dnk,20201228,1959.57143
dnk,20201229,4242.57143
dnk,20201230,8031
dnk,20201231,12604.42857
dnk,20210101,17476.28571
dnk,20210102,23470.28571
dnk,20210103,29374
dnk,20210104,35336.28571
dnk,20210105,41876.42857
dnk,20210106,49439.57143
dnk,20210107,58459.28571
dnk,20210108,68269.57143
dnk,20210109,77219
dnk,20210110,85544.42857
dnk,20210111,93631.71429
dnk,20210112,100033
dnk,20210113,105624
dnk,20210114,111353.57143
dnk,20210115,118005.14286
dnk,20210116,125007.14286
dnk,20210117,132303.42857
dnk,20210118,140254
dnk,20210119,148733.71429
dnk,20210120,155938.14286
dnk,20210121,161270.42857
dnk,20210122,165423.28571
dnk,20210123,169941.71429
dnk,20210124,174905.57143
dnk,20210125,179449.85714
dnk,20210126,183632.71429
dnk,20210127,187941.42857
dnk,20210128,192769.71429
dnk,20210129,199315
dnk,20210130,206709.57143
dnk,20210131,214968.42857
dnk,20210201,224062.71429
dnk,20210202,233576.57143
dnk,20210203,243489.71429
dnk,20210204,253862.71429
dnk,20210205,263671.28571
dnk,20210206,272608.57143
dnk,20210207,280557
dnk,20210208,288628.71429
dnk,20210209,297185.14286
dnk,20210210,305726.71429
dnk,20210211,313914.57143
dnk,20210212,322872.85714
dnk,20210213,331906.57143
dnk,20210214,341149.42857
dnk,20210215,351428.57143
dnk,20210216,362564.14286
dnk,20210217,374236
dnk,20210218,386415.42857
dnk,20210219,397899.57143
dnk,20210220,409866.71429
dnk,20210221,422425
dnk,20210222,434685.85714
dnk,20210223,447219.28571
dnk,20210224,460427
dnk,20210225,474127
dnk,20210226,490953.71429
dnk,20210227,507380.42857
dnk,20210228,523970.14286
dnk,20210301,541420
dnk,20210302,559120.85714
dnk,20210303,576630.42857
dnk,20210304,594718.28571
dnk,20210305,610728.14286
dnk,20210306,628124
dnk,20210307,646082.85714
dnk,20210308,663310
dnk,20210309,680528
dnk,20210310,698447.85714
dnk,20210311,715372.57143
dnk,20210312,731095.14286
dnk,20210313,745758
dnk,20210314,759598.28571
dnk,20210315,773033.42857
dnk,20210316,786210.85714
dnk,20210317,799474.42857
dnk,20210318,814074.57143
dnk,20210319,829489.42857
dnk,20210320,844493.57143
dnk,20210321,859410.28571
dnk,20210322,874225.71429
dnk,20210323,888701.85714
dnk,20210324,903669
dnk,20210325,917837.85714
dnk,20210326,931242.57143
dnk,20210327,945454.57143
dnk,20210328,960216.28571
dnk,20210329,976721.14286
dnk,20210330,995207.28571
dnk,20210331,1013639.14286
dnk,20210401,1031377.57143
dnk,20210402,1048820.71429
dnk,20210403,1066448.14286
dnk,20210404,1084074
dnk,20210405,1100240.42857
dnk,20210406,1115635.71429
dnk,20210407,1131339
dnk,20210408,1148621.14286
dnk,20210409,1167796.57143
dnk,20210410,1188095.14286
dnk,20210411,1209166.57143
dnk,20210412,1243277
dnk,20210413,1277776.71429
dnk,20210414,1311972.42857
dnk,20210415,1346487.14286
dnk,20210416,1381072
dnk,20210417,1415572.42857
dnk,20210418,1450193
dnk,20210419,1475406
dnk,20210420,1502630.42857
dnk,20210421,1531660.42857
dnk,20210422,1562018
dnk,20210423,1593498.28571
dnk,20210424,1625116.71429
dnk,20210425,1656861.42857
dnk,20210426,1688645.28571
dnk,20210427,1721651.57143
dnk,20210428,1756001.42857
dnk,20210429,1791797
dnk,20210430,1825330.71429
dnk,20210501,1857579.14286
dnk,20210502,1891247.71429
dnk,20210503,1928723
dnk,20210504,1966918.28571
dnk,20210505,2006749.42857
dnk,20210506,2047057
dnk,20210507,2090731.85714
dnk,20210508,2138155.28571
dnk,20210509,2185888.14286
dnk,20210510,2233145.85714
dnk,20210511,2280915.42857
dnk,20210512,2328283.57143
dnk,20210513,2374564.85714
dnk,20210514,2422322.42857
dnk,20210515,2468676.42857
dnk,20210516,2515201.85714
dnk,20210517,2561523.42857
dnk,20210518,2608482.57143
dnk,20210519,2655622.42857
dnk,20210520,2704966
dnk,20210521,2754771.85714
dnk,20210522,2805716
dnk,20210523,2855950
dnk,20210524,2902189.14286
dnk,20210525,2947860.57143
dnk,20210526,2994276.57143
dnk,20210527,3041609.85714
dnk,20210528,3088366.57143
dnk,20210529,3134738.57143
dnk,20210530,3181688.42857
dnk,20210531,3232000.28571
dnk,20210601,3282362.71429
dnk,20210602,3332684
dnk,20210603,3382539.28571
dnk,20210604,3433131
dnk,20210605,3484486.14286
dnk,20210606,3537019
dnk,20210607,3591813.42857
dnk,20210608,3649348.71429
dnk,20210609,3709110.28571
dnk,20210610,3771047.28571
dnk,20210611,3834130.57143
dnk,20210612,3898052.42857
dnk,20210613,3962411.42857
dnk,20210614,4026152.57143
dnk,20210615,4090078.85714
dnk,20210616,4154434.85714
dnk,20210617,4218454.57143
dnk,20210618,4282250.28571
dnk,20210619,4345153.14286
dnk,20210620,4407988
dnk,20210621,4470260.42857
dnk,20210622,4531926.57143
dnk,20210623,4592529.14286
dnk,20210624,4652706.42857
dnk,20210625,4712788.85714
dnk,20210626,4773030.28571
dnk,20210627,4832751.57143
dnk,20210628,4892502.57143
dnk,20210629,4952196.57143
dnk,20210630,5011996.42857
dnk,20210701,5072430.71429
dnk,20210702,5133171.71429
dnk,20210703,5194333.85714
dnk,20210704,5255789.85714
dnk,20210705,5318833.42857
dnk,20210706,5383324.14286
dnk,20210707,5449936.71429
dnk,20210708,5518227.85714
dnk,20210709,5588611
dnk,20210710,5660198.57143
dnk,20210711,5733863.42857
dnk,20210712,5809598.28571
dnk,20210713,5886426.85714
dnk,20210714,5963513.85714
dnk,20210715,6040975.71429
dnk,20210716,6117770.57143
dnk,20210717,6194320.71429
dnk,20210718,6270542.42857
dnk,20210719,6346352.57143
dnk,20210720,6422052.28571
dnk,20210721,6497376.85714
dnk,20210722,6571208.85714
dnk,20210723,6644313.28571
dnk,20210724,6716051.85714
dnk,20210725,6786453.14286
dnk,20210726,6853993
dnk,20210727,6918460
dnk,20210728,6979669.14286
dnk,20210729,7038281.14286
dnk,20210730,7094120.28571
dnk,20210731,7147855.71429
dnk,20210801,7199177.71429
dnk,20210802,7249067.42857
dnk,20210803,7297335.85714
dnk,20210804,7344697.85714
dnk,20210805,7391119.57143
dnk,20210806,7437675.85714
dnk,20210807,7485391.71429
dnk,20210808,7534807.42857
dnk,20210809,7585409
dnk,20210810,7637148
dnk,20210811,7689989.71429
dnk,20210812,7743502.28571
dnk,20210813,7797487
dnk,20210814,7852169.57143
dnk,20210815,7907135.57143
dnk,20210816,7960231.28571
dnk,20210817,8010504.14286
dnk,20210818,8057689.42857
dnk,20210819,8101534.28571
dnk,20210820,8142582
dnk,20210821,8181439.71429
dnk,20210822,8217054.71429
dnk,20210823,8250344.85714
dnk,20210824,8282156.85714
dnk,20210825,8311343
dnk,20210826,8339127.71429
dnk,20210827,8365672.85714
dnk,20210828,8390582.42857
dnk,20210829,8414766.28571
dnk,20210830,8437895.14286
dnk,20210831,8459069.85714
dnk,20210901,8478794.71429
dnk,20210902,8497104
dnk,20210903,8513483.57143
dnk,20210904,8529345.85714
dnk,20210905,8544345.14286
dnk,20210906,8556922.71429
dnk,20210907,8567988.42857
dnk,20210908,8578418.85714
dnk,20210909,8588176.28571
dnk,20210910,8597833.14286
dnk,20210911,8607647.14286
dnk,20210912,8617467.28571
dnk,20210913,8627594.42857
dnk,20210914,8637987.28571
dnk,20210915,8648938.42857
dnk,20210916,8660350
dnk,20210917,8671804.28571
dnk,20210918,8682644
dnk,20210919,8693012.57143
dnk,20210920,8703256.71429
dnk,20210921,8713384.71429
dnk,20210922,8723201.57143
dnk,20210923,8732714
dnk,20210924,8741820.85714
dnk,20210925,8750641.57143
dnk,20210926,8759390
dnk,20210927,8767383.71429
dnk,20210928,8774879.14286
dnk,20210929,8781851.14286
dnk,20210930,8788273.42857
dnk,20211001,8794397.57143
dnk,20211002,8800553.85714
dnk,20211003,8806483.14286
dnk,20211004,8812152.42857
dnk,20211005,8817926.28571
dnk,20211006,8824125.42857
dnk,20211007,8830693.85714
dnk,20211008,8837492
dnk,20211009,8844412.14286
dnk,20211010,8851326.57143
dnk,20211011,8858352.42857
dnk,20211012,8865594.14286
dnk,20211013,8872820.28571
dnk,20211014,8879967.57143
dnk,20211015,8887139.85714
dnk,20211016,8894558.57143
dnk,20211017,8902452.42857
dnk,20211018,8911238.71429
dnk,20211019,8921200.71429
dnk,20211020,8932548.14286
dnk,20211021,8945198
dnk,20211022,8958934.71429
dnk,20211023,8972881.85714
dnk,20211024,8986699.14286
dnk,20211025,9000887.57143
dnk,20211026,9015012.57143
dnk,20211027,9029183.14286
dnk,20211028,9043516.71429
dnk,20211029,9057876.28571
dnk,20211030,9071977
dnk,20211031,9085981.14286
dnk,20211101,9100185.85714
dnk,20211102,9114048.71429
dnk,20211103,9127924
dnk,20211104,9141521.71429
dnk,20211105,9155091.42857
dnk,20211106,9168686.57143
dnk,20211107,9182230
dnk,20211108,9195643
dnk,20211109,9209935.71429
dnk,20211110,9225253.57143
dnk,20211111,9241455.14286
dnk,20211112,9258356
dnk,20211113,9275720.14286
dnk,20211114,9293617.85714
dnk,20211115,9312547.71429
dnk,20211116,9331479.71429
dnk,20211117,9350859.71429
dnk,20211118,9371210.14286
dnk,20211119,9392483
dnk,20211120,9414784.14286
dnk,20211121,9437371.28571
dnk,20211122,9461458
dnk,20211123,9487778.71429
dnk,20211124,9515522
dnk,20211125,9544669.71429
dnk,20211126,9574416.28571
dnk,20211127,9604850.28571
dnk,20211128,9636986.28571
dnk,20211129,9669521.28571
dnk,20211130,9702298
dnk,20211201,9735406.28571
dnk,20211202,9768973.14286
dnk,20211203,9803376.85714
dnk,20211204,9838462.57143
dnk,20211205,9874120.42857
dnk,20211206,9911317.85714
dnk,20211207,9950520.71429
dnk,20211208,9992610.57143
dnk,20211209,10037721.71429
dnk,20211210,10086668.28571
dnk,20211211,10138348.28571
dnk,20211212,10193063.71429
dnk,20211213,10254799.28571
dnk,20211214,10326680.57143
dnk,20211215,10411359.85714
dnk,20211216,10510863.71429
dnk,20211217,10624551.57143
dnk,20211218,10745453.57143
dnk,20211219,10871590.42857
dnk,20211220,11005341.71429
dnk,20211221,11139061.71429
dnk,20211222,11266078.85714
dnk,20211223,11380940.14286
dnk,20211224,11473909.71429
dnk,20211225,11555848
dnk,20211226,11630205.85714
dnk,20211227,11698881.71429
dnk,20211228,11764247.85714
dnk,20211229,11827358.71429
dnk,20211230,11886377.85714
dnk,20211231,11944773.14286
dnk,20220101,12001618.71429
dnk,20220102,12060179.42857
dnk,20220103,12113715.42857
dnk,20220104,12162687.85714
dnk,20220105,12207519.14286
dnk,20220106,12252937.57143
dnk,20220107,12306246.71429
dnk,20220108,12363777.14286
dnk,20220109,12419837.14286
dnk,20220110,12471738.28571
dnk,20220111,12519277.14286
dnk,20220112,12564018.57143
dnk,20220113,12606878.42857
dnk,20220114,12647280.57143
dnk,20220115,12685863
dnk,20220116,12723377.57143
dnk,20220117,12759910.42857
dnk,20220118,12795504
dnk,20220119,12829252.57143
dnk,20220120,12860147.28571
dnk,20220121,12888528.14286
dnk,20220122,12915236.71429
dnk,20220123,12940224.85714
dnk,20220124,12962423.71429
dnk,20220125,12982386.14286
dnk,20220126,13000260.85714
dnk,20220127,13016445
dnk,20220128,13030826.85714
dnk,20220129,13044295.14286
dnk,20220130,13056706.14286
dnk,20220131,13067692
dnk,20220201,13077366.57143
dnk,20220202,13085991.71429
dnk,20220203,13093692.14286
dnk,20220204,13100379
dnk,20220205,13106601.14286
dnk,20220206,13112468.57143
dnk,20220207,13117702.28571
dom,20210215,0
dom,20210216,192.5
dom,20210217,588
dom,20210218,1773
dom,20210219,3458.4
dom,20210220,5063.16667
dom,20210221,6377.57143
dom,20210224,10149
dom,20210301,18665.42857
dom,20210302,33468.42857
dom,20210303,55825.42857
dom,20210304,86899.57143
dom,20210305,128385.71429
dom,20210306,179957.28571
dom,20210308,233334.57143
dom,20210309,293368.42857
dom,20210310,356524.28571
dom,20210311,419978.42857
dom,20210315,483875.71429
dom,20210323,554805.71429
dom,20210330,631320.57143
dom,20210414,789871.57143
dom,20210425,970963.14286
dom,20210426,1149571
dom,20210427,1326893.14286
dom,20210428,1501012.57143
dom,20210429,1663226.85714
dom,20210430,1814533.85714
dom,20210501,1882003.42857
dom,20210502,1916504.28571
dom,20210503,1952978
dom,20210504,1992469.71429
dom,20210505,2035800.71429
dom,20210506,2082783.71429
dom,20210507,2133510.85714
dom,20210508,2185417
dom,20210509,2237545.14286
dom,20210510,2299111.85714
dom,20210511,2372927
dom,20210512,2459241.71429
dom,20210513,2555905.85714
dom,20210514,2662531.42857
dom,20210515,2771042.42857
dom,20210516,2880405.14286
dom,20210518,3007133.28571
dom,20210519,3128236.42857
dom,20210520,3241420.71429
dom,20210521,3349034.85714
dom,20210522,3442447.71429
dom,20210523,3533005.57143
dom,20210524,3636712.14286
dom,20210525,3719182
dom,20210526,3798207.85714
dom,20210527,3873627.57143
dom,20210528,3944292.42857
dom,20210529,4013555
dom,20210530,4081434
dom,20210531,4147949.42857
dom,20210601,4220592.42857
dom,20210602,4304031.71429
dom,20210603,4395452.42857
dom,20210604,4509855.85714
dom,20210605,4639163.71429
dom,20210606,4779597.42857
dom,20210607,4937553.85714
dom,20210608,5108987
dom,20210609,5291160.28571
dom,20210610,5475368
dom,20210611,5644511.42857
dom,20210612,5802296.71429
dom,20210613,5952888.42857
dom,20210614,6089102.71429
dom,20210615,6205753.57143
dom,20210616,6299055
dom,20210617,6388250.42857
dom,20210618,6482716.57143
dom,20210619,6586116.42857
dom,20210620,6694845.57143
dom,20210621,6809404
dom,20210622,6927758.71429
dom,20210623,7048976.57143
dom,20210624,7164290
dom,20210625,7265780.57143
dom,20210626,7355229
dom,20210627,7436745
dom,20210628,7505467.57143
dom,20210629,7568960.57143
dom,20210630,7631809.71429
dom,20210703,7716872.57143
dom,20210704,7798871.71429
dom,20210705,7896587.57143
dom,20210706,8012786.42857
dom,20210707,8144129.71429
dom,20210708,8278770.42857
dom,20210709,8413293.85714
dom,20210710,8521241
dom,20210711,8627021.57143
dom,20210712,8722769.57143
dom,20210713,8808778
dom,20210714,8879236.85714
dom,20210715,8942713.14286
dom,20210716,9002418.85714
dom,20210717,9061421.14286
dom,20210718,9119115.85714
dom,20210719,9180851.71429
dom,20210720,9245227.28571
dom,20210721,9313825.71429
dom,20210722,9385920.85714
dom,20210723,9459249.14286
dom,20210724,9529912
dom,20210725,9598933.71429
dom,20210726,9664492.28571
dom,20210727,9729552.57143
dom,20210728,9793285.71429
dom,20210729,9853758.14286
dom,20210730,9911593.71429
dom,20210731,9968602.57143
dom,20210801,10025934.57143
dom,20210802,10081783.28571
dom,20210803,10133537.28571
dom,20210804,10181318.28571
dom,20210805,10227122.42857
dom,20210806,10270988
dom,20210807,10314474.85714
dom,20210808,10357878.42857
dom,20210809,10399886
dom,20210810,10440912.57143
dom,20210811,10477274.42857
dom,20210812,10508700
dom,20210813,10538873.42857
dom,20210814,10568486
dom,20210815,10597751
dom,20210816,10620352.57143
dom,20210817,10640858.28571
dom,20210818,10664031.28571
dom,20210819,10690907
dom,20210820,10717715.28571
dom,20210821,10744736.14286
dom,20210822,10771903
dom,20210823,10804835.71429
dom,20210824,10838442.28571
dom,20210825,10871959.57143
dom,20210826,10904829.14286
dom,20210827,10937868.71429
dom,20210828,10970678.28571
dom,20210829,11003301.28571
dom,20210830,11035115.71429
dom,20210831,11066435
dom,20210901,11096594.42857
dom,20210902,11126238.71429
dom,20210903,11155232.14286
dom,20210904,11183970.57143
dom,20210905,11212605.14286
dom,20210906,11240785.14286
dom,20210907,11268288.71429
dom,20210908,11295818
dom,20210909,11322558.71429
dom,20210910,11348888.71429
dom,20210911,11375068.14286
dom,20210912,11401181.85714
dom,20210913,11426939.57143
dom,20210914,11452180.57143
dom,20210915,11476579.85714
dom,20210916,11501060.28571
dom,20210917,11526229.57143
dom,20210918,11551577.71429
dom,20210919,11577100.28571
dom,20210920,11603256.71429
dom,20210921,11630027.71429
dom,20210922,11656993.42857
dom,20210923,11683900.57143
dom,20210924,11707077.42857
dom,20210925,11730047.28571
dom,20210926,11753122
dom,20210927,11775496.14286
dom,20210928,11797088.85714
dom,20210929,11818172.42857
dom,20210930,11838969.57143
dom,20211001,11862395.71429
dom,20211002,11885929.42857
dom,20211003,11909229.57143
dom,20211004,11931511.14286
dom,20211005,11953612.57143
dom,20211006,11975627.28571
dom,20211007,11997450.71429
dom,20211008,12019150.14286
dom,20211009,12041770.57143
dom,20211010,12065083
dom,20211011,12092188
dom,20211012,12122940.57143
dom,20211013,12158423
dom,20211014,12199996.71429
dom,20211015,12247983.57143
dom,20211016,12298777
dom,20211017,12351604.71429
dom,20211018,12413923.14286
dom,20211019,12486581.57143
dom,20211020,12566710.71429
dom,20211021,12650252.14286
dom,20211022,12733997.57143
dom,20211023,12816050.85714
dom,20211024,12896184
dom,20211025,12967558.57143
dom,20211026,13027946.71429
dom,20211027,13077815.42857
dom,20211028,13119010.28571
dom,20211029,13153546.42857
dom,20211030,13186018.71429
dom,20211031,13217734.71429
dom,20211101,13245674
dom,20211102,13270578.71429
dom,20211103,13293556
dom,20211104,13315338.42857
dom,20211105,13336794.14286
dom,20211106,13357441.71429
dom,20211107,13378007.85714
dom,20211108,13398649.71429
dom,20211109,13419334.85714
dom,20211110,13440090.85714
dom,20211111,13460853.28571
dom,20211112,13481427
dom,20211113,13502521.28571
dom,20211114,13523656.14286
dom,20211115,13544232.14286
dom,20211116,13564433.71429
dom,20211117,13584084.28571
dom,20211119,13604395.14286
dom,20211120,13622547
dom,20211121,13639870.14286
dom,20211122,13659602.28571
dom,20211123,13678686.28571
dom,20211124,13696181
dom,20211125,13712520.28571
dom,20211126,13726279.14286
dom,20211127,13739778.85714
dom,20211128,13753100.57143
dom,20211129,13766049.14286
dom,20211130,13778744.28571
dom,20211201,13791393.14286
dom,20211202,13802937.42857
dom,20211203,13815519.42857
dom,20211204,13828150.28571
dom,20211205,13840764.57143
dom,20211206,13852964.14286
dom,20211207,13864726
dom,20211208,13876203.14286
dom,20211210,13890408.14286
dom,20211211,13902246.28571
dom,20211212,13913450.42857
dom,20211213,13925722
dom,20211214,13937384
dom,20211215,13948281.57143
dom,20211216,13958767.57143
dom,20211217,13967071
dom,20211218,13975246.42857
dom,20211219,13983394.71429
dom,20211220,13991325.28571
dom,20211222,14000627.57143
dom,20211223,14009085.14286
dom,20211224,14016117.42857
dom,20211227,14022474.42857
dom,20211228,14030503.57143
dom,20211229,14040607.42857
dom,20211230,14051046.85714
dom,20211231,14059014.42857
dom,20220101,14066485.71429
dom,20220102,14074038.28571
dom,20220103,14083357.71429
dom,20220104,14094610
dom,20220105,14106922
dom,20220106,14120996.42857
dom,20220107,14137596.42857
dom,20220108,14155348.14286
dom,20220109,14173362.85714
dom,20220110,14189539.14286
dom,20220111,14205505.42857
dom,20220112,14221958.14286
dom,20220113,14239175.42857
dom,20220114,14256907.57143
dom,20220115,14274739
dom,20220116,14292601.85714
dom,20220117,14313373.71429
dom,20220118,14334677.28571
dom,20220120,14361180.42857
dom,20220121,14384665
dom,20220122,14405835.28571
dom,20220123,14426351
dom,20220124,14447317.85714
dom,20220125,14469968
dom,20220126,14494596.28571
dom,20220127,14517383
dom,20220128,14547852.85714
dom,20220129,14580823.57143
dom,20220130,14615518.28571
dom,20220131,14656569
dom,20220202,14704969.14286
dom,20220203,14751529.14286
dom,20220204,14794734
dom,20220205,14830984.14286
dom,20220206,14864150.14286
dom,20220207,14898390.85714
dza,20210129,0
dza,20210130,15
dza,20210219,25010
dza,20210820,1055280.25
dza,20210904,2444224.2
dza,20210912,3701797.16667
dza,20210925,4608680.14286
dza,20211024,6191642.85714
dza,20211027,7784312.85714
dza,20211030,9370649.14286
dza,20211102,10388538.85714
dza,20211108,10862269.57143
dza,20211113,11060434.42857
dza,20211121,11340291
dza,20211122,11476256.85714
dza,20211125,11608849.71429
dza,20211129,11746917.71429
dza,20211130,11892880.71429
dza,20211214,12053053.42857
dza,20211221,12219987.71429
dza,20220109,12357926.42857
ecu,20210120,17
ecu,20210121,1512.5
ecu,20210122,2278.66667
ecu,20210123,2671
ecu,20210124,2906.4
ecu,20210125,3274.66667
ecu,20210126,3646.28571
ecu,20210127,4583.85714
ecu,20210128,5125.85714
ecu,20210129,5594.42857
ecu,20210130,6057.71429
ecu,20210131,6527
ecu,20210201,7013.42857
ecu,20210202,7562.85714
ecu,20210203,8388.28571
ecu,20210204,9197.57143
ecu,20210205,9966
ecu,20210206,10734.57143
ecu,20210207,11497.14286
ecu,20210208,12061.71429
ecu,20210209,12454.71429
ecu,20210210,12471.85714
ecu,20210211,12691.42857
ecu,20210212,12970.42857
ecu,20210213,13255.14286
ecu,20210214,13539.85714
ecu,20210215,13824.42857
ecu,20210216,14109
ecu,20210217,14403.85714
ecu,20210218,17856.28571
ecu,20210219,22006.42857
ecu,20210220,26150.85714
ecu,20210221,30563.42857
ecu,20210222,35227.71429
ecu,20210223,39893.71429
ecu,20210224,44612.85714
ecu,20210225,48550.85714
ecu,20210226,53261.14286
ecu,20210227,57985.14286
ecu,20210228,62441.57143
ecu,20210301,66714
ecu,20210302,70987.85714
ecu,20210303,75201.28571
ecu,20210304,81022
ecu,20210305,88152.42857
ecu,20210306,95835.42857
ecu,20210307,103542.57143
ecu,20210308,111841.14286
ecu,20210309,120380
ecu,20210310,129027.28571
ecu,20210311,138501.14286
ecu,20210312,152388.57143
ecu,20210313,168105.57143
ecu,20210314,183904.28571
ecu,20210315,200708.71429
ecu,20210316,218412.85714
ecu,20210317,236886.57143
ecu,20210318,251567
ecu,20210319,260238.28571
ecu,20210320,267794.85714
ecu,20210321,275525.28571
ecu,20210322,287651.28571
ecu,20210323,301980.57143
ecu,20210324,316797.28571
ecu,20210325,333427
ecu,20210326,352333.71429
ecu,20210327,370880.42857
ecu,20210328,389194.57143
ecu,20210329,404464.71429
ecu,20210330,418041
ecu,20210331,432045.42857
ecu,20210401,447753.14286
ecu,20210402,461904
ecu,20210403,476203.14286
ecu,20210404,490883.14286
ecu,20210405,509585.85714
ecu,20210406,532246.57143
ecu,20210407,559476.42857
ecu,20210408,584323.71429
ecu,20210409,608666.57143
ecu,20210410,632362
ecu,20210411,655631.42857
ecu,20210412,673130.28571
ecu,20210413,692080.28571
ecu,20210414,709383.28571
ecu,20210415,729640.42857
ecu,20210416,754695.28571
ecu,20210417,785885.28571
ecu,20210418,817482.42857
ecu,20210419,853706.71429
ecu,20210420,889788.14286
ecu,20210421,929784
ecu,20210422,971528.85714
ecu,20210423,1015414.42857
ecu,20210424,1055972.42857
ecu,20210425,1097258
ecu,20210426,1139340.85714
ecu,20210427,1183390.71429
ecu,20210428,1226668
ecu,20210429,1272953.57143
ecu,20210430,1320651
ecu,20210501,1372830.42857
ecu,20210502,1429641.14286
ecu,20210503,1486931.71429
ecu,20210504,1541035.14286
ecu,20210505,1594626.57143
ecu,20210506,1646409.85714
ecu,20210507,1695036.85714
ecu,20210508,1738411.85714
ecu,20210509,1776836.71429
ecu,20210510,1812509
ecu,20210511,1847788
ecu,20210512,1881521.57143
ecu,20210513,1913503.71429
ecu,20210514,1947674.57143
ecu,20210515,1985089.71429
ecu,20210516,2024792.71429
ecu,20210517,2066936.14286
ecu,20210518,2110009.71429
ecu,20210519,2154330.42857
ecu,20210520,2203196.42857
ecu,20210521,2255337.57143
ecu,20210522,2310012.85714
ecu,20210523,2374557.71429
ecu,20210524,2432696.42857
ecu,20210525,2485530.42857
ecu,20210526,2539673.57143
ecu,20210527,2591437.71429
ecu,20210528,2638951.42857
ecu,20210529,2683499.42857
ecu,20210530,2718075.28571
ecu,20210531,2760615.71429
ecu,20210601,2809441.71429
ecu,20210602,2858142.71429
ecu,20210603,2909571
ecu,20210604,2966413
ecu,20210605,3024637.28571
ecu,20210606,3084239.42857
ecu,20210607,3143950.14286
ecu,20210608,3205232.85714
ecu,20210609,3266885.71429
ecu,20210610,3327232
ecu,20210611,3386543.57143
ecu,20210612,3446305.28571
ecu,20210613,3506786.71429
ecu,20210614,3566741.14286
ecu,20210615,3627745.28571
ecu,20210616,3693583
ecu,20210617,3764243.57143
ecu,20210618,3835837.14286
ecu,20210619,3908096.71429
ecu,20210620,3977672.85714
ecu,20210621,4048844.14286
ecu,20210622,4120028.42857
ecu,20210623,4188415
ecu,20210624,4253944.57143
ecu,20210625,4316264.57143
ecu,20210626,4378647
ecu,20210627,4441762.28571
ecu,20210628,4505164
ecu,20210629,4567934.85714
ecu,20210630,4631531.57143
ecu,20210701,4696889.57143
ecu,20210702,4767256.14286
ecu,20210703,4842501.71429
ecu,20210704,4922772.85714
ecu,20210705,5014303.57143
ecu,20210706,5122205.57143
ecu,20210707,5246935
ecu,20210708,5390827.42857
ecu,20210709,5558443.14286
ecu,20210710,5749435
ecu,20210711,5959432.28571
ecu,20210712,6188449.28571
ecu,20210713,6442266.42857
ecu,20210714,6725169.71429
ecu,20210715,7036473.28571
ecu,20210716,7368146.57143
ecu,20210717,7707934.42857
ecu,20210718,8056916.14286
ecu,20210719,8411608.42857
ecu,20210720,8760670.42857
ecu,20210721,9092041
ecu,20210722,9399123.28571
ecu,20210723,9683128
ecu,20210724,9950918.14286
ecu,20210725,10202401.71429
ecu,20210726,10433736
ecu,20210727,10657977.28571
ecu,20210728,10886026.71429
ecu,20210729,11122357.28571
ecu,20210730,11369220.71429
ecu,20210731,11622919.57143
ecu,20210801,11879951.28571
ecu,20210802,12139457
ecu,20210803,12391995.14286
ecu,20210804,12632160.85714
ecu,20210805,12859707.71429
ecu,20210806,13077085.85714
ecu,20210807,13293549.28571
ecu,20210808,13516183.28571
ecu,20210809,13711266.14286
ecu,20210810,13929795.85714
ecu,20210811,14165278
ecu,20210812,14406717.57143
ecu,20210813,14640240.57143
ecu,20210814,14854676.71429
ecu,20210815,15048851.85714
ecu,20210816,15296242.85714
ecu,20210817,15547816.85714
ecu,20210818,15806201.71429
ecu,20210819,16072401.57143
ecu,20210820,16349548
ecu,20210821,16639239.71429
ecu,20210822,16938426.28571
ecu,20210823,17211037.28571
ecu,20210824,17457766.28571
ecu,20210825,17682424.42857
ecu,20210826,17895907.85714
ecu,20210827,18107947.57143
ecu,20210828,18319169.71429
ecu,20210829,18528020.85714
ecu,20210830,18735450.85714
ecu,20210831,18933281.85714
ecu,20210908,19185655.71429
ecu,20210909,19410366.57143
ecu,20210910,19605082
ecu,20210911,19774858.57143
ecu,20210912,19929022.57143
ecu,20210913,20065403.42857
ecu,20210914,20188505
ecu,20210915,20234929.14286
ecu,20210920,20282173
ecu,20210921,20330491
ecu,20210922,20379565.28571
ecu,20210923,20433399
ecu,20210924,20484843.71429
ecu,20210925,20527428.14286
ecu,20210926,20559557.42857
ecu,20210927,20590061
ecu,20210928,20626860.71429
ecu,20210929,20671016.42857
ecu,20210930,20717512
ecu,20211001,20769705.42857
ecu,20211002,20821902.42857
ecu,20211003,20874102.14286
ecu,20211004,20924955.42857
ecu,20211005,20966829.28571
ecu,20211006,21005616.57143
ecu,20211007,21042532
ecu,20211008,21069246.42857
ecu,20211009,21095373.28571
ecu,20211010,21121378.85714
ecu,20211011,21147946.85714
ecu,20211012,21174826.71429
ecu,20211013,21201381.28571
ecu,20211014,21228659.42857
ecu,20211015,21261934.57143
ecu,20211016,21296332.57143
ecu,20211017,21331314.71429
ecu,20211018,21365720.85714
ecu,20211019,21399716.57143
ecu,20211020,21455615.57143
ecu,20211021,21524328.14286
ecu,20211022,21604351.57143
ecu,20211023,21685483.14286
ecu,20211024,21766768.28571
ecu,20211025,21858559
ecu,20211026,21962354.71429
ecu,20211027,22056297.85714
ecu,20211028,22148957.57143
ecu,20211029,22238877
ecu,20211030,22327583.57143
ecu,20211031,22415885.57143
ecu,20211101,22488523.71429
ecu,20211102,22543296.14286
ecu,20211103,22580250.14286
ecu,20211104,22611263.42857
ecu,20211105,22641381.85714
ecu,20211106,22671838.14286
ecu,20211107,22702450.42857
ecu,20211108,22746112
ecu,20211109,22803886.85714
ecu,20211110,22876248.42857
ecu,20211111,22951263.85714
ecu,20211112,23025094.42857
ecu,20211113,23102939.42857
ecu,20211114,23183021.42857
ecu,20211115,23264674.71429
ecu,20211116,23348744
ecu,20211117,23436792.85714
ecu,20211118,23528092.85714
ecu,20211119,23624727.57143
ecu,20211120,23724221.14286
ecu,20211121,23826534.57143
ecu,20211122,23947053.14286
ecu,20211123,24071133.42857
ecu,20211124,24198293.57143
ecu,20211125,24329214.71429
ecu,20211126,24461558.85714
ecu,20211127,24591466.57143
ecu,20211128,24718843.57143
ecu,20211129,24829295.57143
ecu,20211130,24934522.85714
ecu,20211201,25033138.57143
ecu,20211202,25127229.42857
ecu,20211203,25214985.42857
ecu,20211204,25301449.85714
ecu,20211205,25387281.57143
ecu,20211206,25467878
ecu,20211207,25546120.85714
ecu,20211208,25622208.14286
ecu,20211209,25696508.85714
ecu,20211210,25773884.71429
ecu,20211211,25854170.14286
ecu,20211212,25936501.42857
ecu,20211213,26022667.42857
ecu,20211214,26110464.42857
ecu,20211215,26211988.57143
ecu,20211216,26314199.57143
ecu,20211217,26413194
ecu,20211218,26509957
ecu,20211219,26605511.42857
ecu,20211220,26699283.14286
ecu,20211221,26792458
ecu,20211222,26871083.85714
ecu,20211223,26944856.85714
ecu,20211224,27005919
ecu,20211225,27063537.28571
ecu,20211226,27118884.85714
ecu,20211227,27174173.85714
ecu,20211228,27230872.14286
ecu,20211229,27287791.85714
ecu,20211230,27341656.85714
ecu,20211231,27395007
ecu,20220101,27446703
ecu,20220102,27498249.14286
ecu,20220103,27549135
ecu,20220104,27600400.14286
ecu,20220105,27655740.85714
ecu,20220106,27719608.28571
ecu,20220107,27799784.85714
ecu,20220108,27886208.85714
ecu,20220109,27977163.14286
ecu,20220110,28075450.42857
ecu,20220111,28178384.28571
ecu,20220112,28285002.42857
ecu,20220113,28393323.85714
ecu,20220114,28502944.42857
ecu,20220115,28613459.14286
ecu,20220116,28724265.57143
ecu,20220117,28832643.14286
ecu,20220118,28936369.71429
ecu,20220119,29032978.14286
ecu,20220120,29123588.71429
ecu,20220121,29209434.71429
ecu,20220122,29294608.85714
ecu,20220123,29377226.28571
ecu,20220124,29452669.42857
ecu,20220125,29522476.42857
ecu,20220126,29588417.71429
ecu,20220127,29651171.57143
ecu,20220128,29710575.28571
ecu,20220129,29768241.42857
ecu,20220130,29825490.71429
ecu,20220131,29881561
ecu,20220201,29937242.57143
ecu,20220202,29993291.42857
ecu,20220203,30050023.14286
ecu,20220204,30107570
ecu,20220205,30164826.71429
ecu,20220206,30222908.71429
ecu,20220207,30283388.14286
egy,20210124,0
egy,20210130,657.5
egy,20210327,55283
egy,20210418,206462.25
egy,20210509,425212.2
egy,20210511,583006.16667
egy,20210522,768004.28571
egy,20210523,1048320.85714
egy,20210524,1342416.85714
egy,20210525,1622935.42857
egy,20210529,1898117.42857
egy,20210601,2115584.14286
egy,20210609,2396761.28571
egy,20210612,2629442.28571
egy,20210614,2884408.28571
egy,20210616,3132225.42857
egy,20210620,3401125.85714
egy,20210623,3622934.57143
egy,20210627,3827351.42857
egy,20210628,3961983.57143
egy,20210704,4095603.85714
egy,20210706,4202881.14286
egy,20210707,4307906.42857
egy,20210708,4386422.85714
egy,20210712,4517475.42857
egy,20210725,4667661.71429
egy,20210726,4818356.71429
egy,20210801,4979564.14286
egy,20210805,5144050.28571
egy,20210810,5318431
egy,20210816,5592352.85714
egy,20210825,6013536.14286
egy,20210827,6504436.71429
egy,20210901,7083573.71429
egy,20210905,7776207.14286
egy,20210909,8507708.85714
egy,20210911,9327342.57143
egy,20210915,10114722.71429
egy,20210916,10823260.57143
egy,20210923,11725648.42857
egy,20210927,12701626.14286
egy,20210930,13636022.71429
egy,20211008,14976670.14286
egy,20211017,16646555.28571
egy,20211023,18517217.57143
egy,20211029,20639228
egy,20211101,22621567.28571
egy,20211106,24670176.14286
egy,20211110,27057009
egy,20211113,29159446.42857
egy,20211120,31120815.57143
egy,20211128,33239542.28571
egy,20211129,35071790
egy,20211204,37076314.85714
egy,20211206,38992411.14286
egy,20211211,40788422
egy,20211214,42640924.28571
egy,20211218,44475148.85714
egy,20211220,46028422.71429
egy,20211224,47767713
egy,20220104,49842360
egy,20220108,51965209.14286
egy,20220115,54105947.42857
egy,20220121,56245706.14286
egy,20220124,58229155.42857
egy,20220130,60267025.71429
egy,20220206,62323082.71429
esp,20210104,82834
esp,20210105,111086.5
esp,20210107,143165.33333
esp,20210108,176868
esp,20210111,222712.6
esp,20210112,266947.5
esp,20210113,311903.28571
esp,20210114,396667.85714
esp,20210115,486612.28571
esp,20210118,585272.14286
esp,20210119,683575.14286
esp,20210120,772124.57143
esp,20210121,860007.28571
esp,20210122,943462.57143
esp,20210124,1023663.57143
esp,20210125,1098273
esp,20210126,1163775.71429
esp,20210127,1225135.85714
esp,20210128,1289171.85714
esp,20210131,1361451.85714
esp,20210201,1433913.14286
esp,20210202,1509225.28571
esp,20210203,1591243.28571
esp,20210204,1681486
esp,20210207,1782831
esp,20210208,1881838.42857
esp,20210209,1970979.57143
esp,20210210,2063472.85714
esp,20210211,2157511
esp,20210214,2256977.57143
esp,20210215,2347885
esp,20210216,2431517
esp,20210217,2519447
esp,20210218,2619841.57143
esp,20210221,2729819.28571
esp,20210222,2835840.14286
esp,20210223,2939135.85714
esp,20210224,3055085.28571
esp,20210225,3185825
esp,20210228,3335355.57143
esp,20210301,3474316
esp,20210302,3612740.14286
esp,20210303,3764726
esp,20210304,3934283
esp,20210307,4116573.42857
esp,20210308,4294146.71429
esp,20210309,4459866.71429
esp,20210310,4640348.42857
esp,20210311,4825126.57143
esp,20210315,5027384.14286
esp,20210316,5208904.28571
esp,20210317,5372460.57143
esp,20210318,5535991.28571
esp,20210322,5726334.57143
esp,20210323,5903061.71429
esp,20210324,6084108.28571
esp,20210325,6254799.85714
esp,20210326,6444107.42857
esp,20210329,6689015.14286
esp,20210330,6938050.57143
esp,20210331,7182800.85714
esp,20210401,7458937.85714
esp,20210403,7734438.57143
esp,20210405,8006432.57143
esp,20210406,8285522.57143
esp,20210407,8540723.71429
esp,20210408,8837140.57143
esp,20210409,9150949.85714
esp,20210412,9499927.28571
esp,20210413,9860650
esp,20210414,10245275.57143
esp,20210415,10654430.42857
esp,20210416,11079131.57143
esp,20210419,11513713
esp,20210420,11915028.28571
esp,20210421,12302572.85714
esp,20210422,12707759.57143
esp,20210423,13112070.71429
esp,20210425,13516477.28571
esp,20210426,13897036.14286
esp,20210427,14257645.14286
esp,20210428,14660322.28571
esp,20210429,15069863.14286
esp,20210502,15536806.28571
esp,20210503,15988886.14286
esp,20210504,16446119.71429
esp,20210505,16945393
esp,20210506,17469717.28571
esp,20210509,18036981.85714
esp,20210510,18579562.71429
esp,20210511,19071741.14286
esp,20210512,19591902.57143
esp,20210513,20130065.57143
esp,20210516,20676281
esp,20210517,21181882.57143
esp,20210518,21630929.85714
esp,20210519,22108133.28571
esp,20210520,22585069
esp,20210523,23079657
esp,20210524,23535742
esp,20210525,23959710
esp,20210526,24410829.28571
esp,20210527,24862219.85714
esp,20210530,25337155.85714
esp,20210531,25788208.42857
esp,20210601,26227235.71429
esp,20210602,26699527.57143
esp,20210603,27195485.57143
esp,20210606,27804432.42857
esp,20210607,28424314.28571
esp,20210608,29020946.14286
esp,20210609,29665030.14286
esp,20210610,30332931
esp,20210613,31055848.57143
esp,20210614,31752994.28571
esp,20210615,32355382.42857
esp,20210616,32980023
esp,20210617,33609748.71429
esp,20210620,34285380.71429
esp,20210621,34942171.14286
esp,20210622,35559008
esp,20210623,36224905.28571
esp,20210624,36879757.71429
esp,20210627,37603880.28571
esp,20210628,38340008.57143
esp,20210629,39043187.14286
esp,20210630,39778544
esp,20210701,40526023.57143
esp,20210704,41335416.42857
esp,20210705,42154821.28571
esp,20210706,42914754.28571
esp,20210707,43680389.42857
esp,20210708,44442174.28571
esp,20210711,45263564.57143
esp,20210712,46052485.57143
esp,20210713,46759891.14286
esp,20210714,47480015.85714
esp,20210715,48195060.57143
esp,20210718,48952989.85714
esp,20210719,49681208.85714
esp,20210720,50326312.85714
esp,20210721,50978289.57143
esp,20210722,51626546
esp,20210725,52294278.57143
esp,20210726,52919782.71429
esp,20210727,53484834.57143
esp,20210728,54056708.85714
esp,20210729,54612931.28571
esp,20210801,55172445.85714
esp,20210802,55699945.71429
esp,20210803,56184760.85714
esp,20210804,56682598.57143
esp,20210805,57162190.42857
esp,20210808,57647267.14286
esp,20210809,58110552.85714
esp,20210810,58557878.28571
esp,20210811,59030452.57143
esp,20210812,59497143.42857
esp,20210815,59970838
esp,20210816,60425220.28571
esp,20210817,60865858.14286
esp,20210818,61328131.28571
esp,20210819,61780101.85714
esp,20210822,62228846.28571
esp,20210823,62660065.57143
esp,20210824,63073589.42857
esp,20210825,63500922.28571
esp,20210826,63907043.14286
esp,20210829,64304097.14286
esp,20210830,64672964.57143
esp,20210831,65035712.42857
esp,20210901,65396616.42857
esp,20210902,65750237.42857
esp,20210905,66103981.14286
esp,20210906,66439628.57143
esp,20210907,66775857.85714
esp,20210908,67108633
esp,20210909,67405129.28571
esp,20210912,67693979.71429
esp,20210913,67955588.85714
esp,20210914,68188426.85714
esp,20210915,68412665.28571
esp,20210916,68597832.14286
esp,20210919,68801347.57143
esp,20210920,68975826.57143
esp,20210921,69127597.28571
esp,20210922,69273690.85714
esp,20210923,69405157.14286
esp,20210926,69535491.57143
esp,20210927,69655790.28571
esp,20210928,69740797.85714
esp,20210929,69834622.71429
esp,20210930,69920969.71429
esp,20211003,70006830.28571
esp,20211004,70083734.42857
esp,20211005,70186520.42857
esp,20211006,70287860.71429
esp,20211007,70384667
esp,20211010,70490237.28571
esp,20211012,70591101.71429
esp,20211013,70687722.85714
esp,20211014,70788135.14286
esp,20211017,70854069.85714
esp,20211018,70914944.71429
esp,20211019,70972446.71429
esp,20211020,71030874
esp,20211021,71090310.57143
esp,20211024,71151006.14286
esp,20211025,71205936
esp,20211026,71255225.14286
esp,20211027,71356254.42857
esp,20211028,71476469
esp,20211029,71578177
esp,20211030,71689949.28571
esp,20211102,71816907.14286
esp,20211103,71966074.28571
esp,20211104,72137641.71429
esp,20211107,72284164.85714
esp,20211109,72456454.14286
esp,20211110,72656997
esp,20211111,72880655
esp,20211114,73116883.85714
esp,20211115,73348825.85714
esp,20211116,73573653.85714
esp,20211117,73816084.85714
esp,20211118,74035246.42857
esp,20211121,74269664.85714
esp,20211122,74491095.42857
esp,20211123,74703994.42857
esp,20211124,74923827.42857
esp,20211125,75189278
esp,20211128,75420907.71429
esp,20211129,75678287.42857
esp,20211130,75919952.42857
esp,20211201,76166513
esp,20211202,76420837.71429
esp,20211206,76702078.71429
esp,20211208,76934532.71429
esp,20211209,77178012.28571
esp,20211212,77772531.85714
esp,20211213,78404648.71429
esp,20211214,79089765
esp,20211215,79791207.57143
esp,20211216,80502183
esp,20211219,81337734.42857
esp,20211229,82152289.57143
esp,20220102,82666994.57143
esp,20220103,83152919.42857
esp,20220104,83595139.14286
esp,20220106,84013816
esp,20220109,84436875.71429
esp,20220110,84755264.14286
esp,20220111,85111721.28571
esp,20220112,85408373.14286
esp,20220113,85715897.71429
esp,20220116,86053379.42857
esp,20220117,86396092.14286
esp,20220118,86705411.42857
esp,20220119,87029598.57143
esp,20220120,87361537.14286
esp,20220123,87709052.14286
esp,20220124,88041321.85714
esp,20220125,88343719.57143
esp,20220126,88645300.14286
esp,20220127,88941376.71429
esp,20220130,89246341.85714
esp,20220131,89521246.14286
esp,20220201,89762644.71429
esp,20220202,89992339.28571
esp,20220203,90198810.71429
esp,20220206,90403830
esp,20220207,90601477.42857
est,20201227,191
est,20201228,350
est,20201229,525.33333
est,20201230,866.25
est,20201231,1188
est,20210101,1402.5
est,20210102,1560
est,20210103,1893.14286
est,20210104,2272.57143
est,20210105,2858.42857
est,20210106,3529.71429
est,20210107,4309
est,20210108,5404.57143
est,20210109,6574.57143
est,20210110,7773.85714
est,20210111,9002.71429
est,20210112,10198.42857
est,20210113,11363.14286
est,20210114,12590.42857
est,20210115,13684.42857
est,20210116,14731.14286
est,20210117,15759.28571
est,20210118,16813
est,20210119,17805.71429
est,20210120,18810.57143
est,20210121,19870.14286
est,20210122,20960.28571
est,20210123,22055.85714
est,20210124,23161.14286
est,20210125,24266
est,20210126,25543.28571
est,20210127,26912.28571
est,20210128,28322.14286
est,20210129,29971.85714
est,20210130,31701.42857
est,20210131,33484.85714
est,20210201,35345.42857
est,20210202,37257.85714
est,20210203,39307
est,20210204,41516.28571
est,20210205,43702.85714
est,20210206,45851
est,20210207,47930.57143
est,20210208,50012.71429
est,20210209,52149.14286
est,20210210,54343.71429
est,20210211,56598.57143
est,20210212,58751.42857
est,20210213,60866.28571
est,20210214,62981.57143
est,20210215,64990
est,20210216,66894.28571
est,20210217,68915.28571
est,20210218,71262.57143
est,20210219,73958.57143
est,20210220,76729.42857
est,20210221,79610.28571
est,20210222,82792.28571
est,20210223,86303.28571
est,20210224,89265.57143
est,20210225,92250.57143
est,20210226,95618.28571
est,20210227,99077.14286
est,20210228,102461
est,20210301,105916.14286
est,20210302,109450.71429
est,20210303,113671.85714
est,20210304,118057.71429
est,20210305,122392.85714
est,20210306,127056.57143
est,20210307,131819.28571
est,20210308,136612
est,20210309,141384.57143
est,20210310,146320.57143
est,20210311,151752
est,20210312,157259
est,20210313,163016.57143
est,20210314,169384.85714
est,20210315,175746.57143
est,20210316,182027.42857
est,20210317,188165
est,20210318,193777.28571
est,20210319,199526.71429
est,20210320,204816
est,20210321,209543.85714
est,20210322,214111.42857
est,20210323,218449.42857
est,20210324,222813.57143
est,20210325,227549
est,20210326,232011.57143
est,20210327,236489
est,20210328,240850.14286
est,20210329,245179.57143
est,20210330,249594.57143
est,20210331,254059.42857
est,20210401,258790.57143
est,20210402,263133.71429
est,20210403,268333.14286
est,20210404,274048.71429
est,20210405,279933.71429
est,20210406,285821.85714
est,20210407,291714
est,20210408,297749.28571
est,20210409,304730.85714
est,20210410,310742
est,20210411,316208.42857
est,20210412,321448
est,20210413,326587.85714
est,20210414,331893.85714
est,20210415,337133.42857
est,20210416,342491.85714
est,20210417,347913.28571
est,20210418,353485.85714
est,20210419,359160.85714
est,20210420,365024.42857
est,20210421,370587.42857
est,20210422,376016.85714
est,20210423,381075.71429
est,20210424,386275
est,20210425,391613.14286
est,20210426,397036.85714
est,20210427,402829.28571
est,20210428,409479.71429
est,20210429,416562.28571
est,20210430,424049.57143
est,20210501,431533.85714
est,20210502,439026
est,20210503,446874.28571
est,20210504,454984.85714
est,20210505,463357
est,20210506,472123.57143
est,20210507,481154
est,20210508,490537.57143
est,20210509,500030
est,20210510,509322.71429
est,20210511,518259
est,20210512,526765.42857
est,20210513,534614.42857
est,20210514,541769.42857
est,20210515,548634.85714
est,20210516,555184
est,20210517,562105.14286
est,20210518,569276.28571
est,20210519,576301.71429
est,20210520,583591.28571
est,20210521,591665.28571
est,20210522,599941.85714
est,20210523,608613.14286
est,20210524,617079.14286
est,20210525,625419.85714
est,20210526,634111
est,20210527,643012
est,20210528,651654
est,20210529,660342.42857
est,20210530,669145
est,20210531,677694.57143
est,20210601,686462.42857
est,20210602,695167.71429
est,20210603,703569.28571
est,20210604,711851.85714
est,20210605,720136.42857
est,20210606,728513.85714
est,20210607,737255.28571
est,20210608,746136.71429
est,20210609,755364.42857
est,20210610,764722.85714
est,20210611,774117.71429
est,20210612,783740
est,20210613,793273.14286
est,20210614,803013.57143
est,20210615,812888.42857
est,20210616,822732.85714
est,20210617,832456.71429
est,20210618,842488.14286
est,20210619,852436.42857
est,20210620,862306.85714
est,20210621,872293.85714
est,20210622,881621.14286
est,20210623,889100.57143
est,20210624,894620.28571
est,20210625,899236.28571
est,20210626,903598.71429
est,20210627,908016.42857
est,20210628,912270.42857
est,20210629,916885.28571
est,20210630,922729
est,20210701,929581.85714
est,20210702,936397.57143
est,20210703,943289.28571
est,20210704,950330.14286
est,20210705,956975.71429
est,20210706,963611.28571
est,20210707,969920.28571
est,20210708,976331
est,20210709,982633.28571
est,20210710,988684.42857
est,20210711,994626.71429
est,20210712,1000539
est,20210713,1006207.85714
est,20210714,1011958.28571
est,20210715,1017620.28571
est,20210716,1023042.71429
est,20210717,1028273.28571
est,20210718,1033450.57143
est,20210719,1038826.85714
est,20210720,1044420
est,20210721,1049983.57143
est,20210722,1055591.14286
est,20210723,1061552.57143
est,20210724,1067722.14286
est,20210725,1073729.71429
est,20210726,1079707
est,20210727,1085394.85714
est,20210728,1090882.71429
est,20210729,1096010.42857
est,20210730,1100802.42857
est,20210731,1105539.57143
est,20210801,1110216.85714
est,20210802,1114932.28571
est,20210803,1119654.85714
est,20210804,1124465
est,20210805,1129297
est,20210806,1134357.71429
est,20210807,1139495.28571
est,20210808,1144526.42857
est,20210809,1149499.14286
est,20210810,1154461
est,20210811,1159357.85714
est,20210812,1164292.85714
est,20210813,1169108.57143
est,20210814,1174060
est,20210815,1179050
est,20210816,1184018.71429
est,20210817,1188807.71429
est,20210818,1193531.85714
est,20210819,1198259.14286
est,20210820,1202362.28571
est,20210821,1206219
est,20210822,1209943.85714
est,20210823,1213483.57143
est,20210824,1216914.57143
est,20210825,1220232.85714
est,20210826,1223265.28571
est,20210827,1226753
est,20210828,1230356
est,20210829,1234279.14286
est,20210830,1238166.42857
est,20210831,1242173.28571
est,20210901,1245882.57143
est,20210902,1249553.85714
est,20210903,1253017.57143
est,20210904,1256414.14286
est,20210905,1259613.28571
est,20210906,1262784.85714
est,20210907,1265753.71429
est,20210908,1268858.57143
est,20210909,1271954.28571
est,20210910,1275087
est,20210911,1278159.28571
est,20210912,1281199.85714
est,20210913,1284243.85714
est,20210914,1287359
est,20210915,1290544
est,20210916,1293780.57143
est,20210917,1297075.85714
est,20210918,1300405.71429
est,20210919,1303687.42857
est,20210920,1306888.14286
est,20210921,1310069.71429
est,20210922,1313263.57143
est,20210923,1316498.57143
est,20210924,1319792.28571
est,20210925,1323143.28571
est,20210926,1326532.42857
est,20210927,1329723.42857
est,20210928,1332838.42857
est,20210929,1335779.14286
est,20210930,1338544.42857
est,20211001,1341015.42857
est,20211002,1343311.14286
est,20211003,1345421.85714
est,20211004,1347540.14286
est,20211005,1349486.71429
est,20211006,1351341
est,20211007,1353070.85714
est,20211008,1354796.85714
est,20211009,1356509
est,20211010,1358291.42857
est,20211011,1360056.28571
est,20211012,1361794
est,20211013,1363486.85714
est,20211014,1365192.85714
est,20211015,1366925.71429
est,20211016,1368534.28571
est,20211017,1370140.28571
est,20211018,1371767.85714
est,20211019,1373374.42857
est,20211020,1375084.28571
est,20211021,1376878.14286
est,20211022,1378877.42857
est,20211023,1381009.57143
est,20211024,1383172.71429
est,20211025,1385449.57143
est,20211026,1387946.71429
est,20211027,1390531.71429
est,20211028,1393162.28571
est,20211029,1395761.28571
est,20211030,1398304.14286
est,20211031,1400809.85714
est,20211101,1403278.28571
est,20211102,1405651.28571
est,20211103,1407979.28571
est,20211104,1410255.57143
est,20211105,1412466.85714
est,20211106,1414623.71429
est,20211107,1416743
est,20211108,1418783
est,20211109,1420722.71429
est,20211110,1422536.28571
est,20211111,1424221.71429
est,20211112,1425745.85714
est,20211113,1427203.57143
est,20211114,1428610.85714
est,20211115,1429987
est,20211116,1431299.42857
est,20211117,1432566.14286
est,20211118,1433825.28571
est,20211119,1435071.57143
est,20211120,1436312.71429
est,20211121,1437583.57143
est,20211122,1438819.14286
est,20211123,1440059.71429
est,20211124,1441287.71429
est,20211125,1442501.71429
est,20211126,1443721
est,20211127,1444952.14286
est,20211128,1446150.85714
est,20211129,1447356.85714
est,20211130,1448559.85714
est,20211201,1449774.85714
est,20211202,1451002.28571
est,20211203,1452232
est,20211204,1453477.71429
est,20211205,1454714.14286
est,20211206,1455970.71429
est,20211207,1457253.85714
est,20211208,1458560.28571
est,20211209,1459878.85714
est,20211210,1461224.57143
est,20211211,1462548
est,20211212,1463877.28571
est,20211213,1465203.28571
est,20211214,1466513.28571
est,20211215,1467817.42857
est,20211216,1469104.85714
est,20211217,1470370.71429
est,20211218,1471634.57143
est,20211219,1472902.28571
est,20211220,1474153
est,20211221,1475403.57143
est,20211222,1476667
est,20211223,1477822.28571
est,20211224,1478715.14286
est,20211225,1479509.85714
est,20211226,1480256
est,20211227,1481000.42857
est,20211228,1481734
est,20211229,1482412.14286
est,20211230,1483121.42857
est,20211231,1483838.42857
est,20220101,1484553.14286
est,20220102,1485295.57143
est,20220103,1485968.28571
est,20220104,1486598.57143
est,20220105,1487189.71429
est,20220106,1487810.42857
est,20220107,1488570.71429
est,20220108,1489391.57143
est,20220109,1490208.14286
est,20220110,1491011
est,20220111,1491765.14286
est,20220112,1492511
est,20220113,1493212
est,20220114,1493897.71429
est,20220115,1494584.57143
est,20220116,1495264.85714
est,20220117,1495925
est,20220118,1496567.28571
est,20220119,1497181.57143
est,20220120,1497768.42857
est,20220121,1498320.71429
est,20220122,1498854
est,20220123,1499380.85714
est,20220124,1499902.57143
est,20220125,1500405
est,20220126,1500880.14286
est,20220127,1501339
est,20220128,1501777.57143
est,20220129,1502201
est,20220130,1502626.42857
est,20220131,1503037.14286
est,20220201,1503429.14286
est,20220202,1503808.85714
est,20220203,1504165.28571
est,20220204,1504477.14286
est,20220205,1504774.14286
est,20220206,1505055
est,20220207,1505328.28571
est,20220208,1505603.14286
eth,20210408,430000
eth,20210428,750742.5
eth,20210429,867033
eth,20210430,928899.75
eth,20210501,970096.8
eth,20210502,998596
eth,20210503,1022834.85714
eth,20210504,1132060.28571
eth,20210505,1152695.85714
eth,20210506,1172440.42857
eth,20210507,1197197.71429
eth,20210508,1219475.28571
eth,20210509,1241565.42857
eth,20210510,1260495
eth,20210511,1284234.14286
eth,20210512,1310193.14286
eth,20210513,1336253.85714
eth,20210514,1357520.14286
eth,20210515,1380902.28571
eth,20210516,1404373.42857
eth,20210517,1428559.71429
eth,20210518,1446283.71429
eth,20210519,1461151.85714
eth,20210520,1477441.71429
eth,20210521,1498511.85714
eth,20210522,1521456.71429
eth,20210523,1549345.71429
eth,20210524,1579970.14286
eth,20210525,1613207.42857
eth,20210526,1647039.71429
eth,20210527,1682817.14286
eth,20210528,1713386.28571
eth,20210529,1739966
eth,20210530,1761360.57143
eth,20210531,1779830.42857
eth,20210601,1794810.71429
eth,20210602,1809099.14286
eth,20210603,1818890.14286
eth,20210604,1828578.42857
eth,20210605,1839605.85714
eth,20210606,1850707.71429
eth,20210607,1861347
eth,20210608,1871686.14286
eth,20210609,1880656.71429
eth,20210610,1890287.71429
eth,20210611,1899796.85714
eth,20210612,1908111
eth,20210613,1916289.71429
eth,20210614,1924841
eth,20210615,1933399
eth,20210616,1942130.85714
eth,20210617,1948320.71429
eth,20210618,1954314.14286
eth,20210619,1959908.57143
eth,20210620,1965049.57143
eth,20210622,1969942
eth,20210623,1974610.28571
eth,20210624,1978244.71429
eth,20210625,1981720.42857
eth,20210626,1983781.28571
eth,20210627,1985719.85714
eth,20210628,1989615.42857
eth,20210629,1993582.71429
eth,20210630,1998134.42857
eth,20210701,2003018.57143
eth,20210702,2008936.57143
eth,20210703,2015488.28571
eth,20210704,2022273.28571
eth,20210705,2028634
eth,20210706,2034274.28571
eth,20210707,2039150.71429
eth,20210708,2043866.42857
eth,20210709,2047556.71429
eth,20210710,2050893.57143
eth,20210711,2053970.85714
eth,20210712,2056071.57143
eth,20210713,2058243.57143
eth,20210714,2061708
eth,20210715,2066832.42857
eth,20210716,2074868
eth,20210717,2085103.14286
eth,20210720,2097419.85714
eth,20210722,2110734.28571
eth,20210723,2124438.57143
eth,20210724,2137907.42857
eth,20210725,2149924.14286
eth,20210726,2159659.57143
eth,20210727,2167455.28571
eth,20210728,2175064.28571
eth,20210729,2182030
eth,20210730,2189977.28571
eth,20210731,2196443.85714
eth,20210802,2203028.42857
eth,20210803,2209860.28571
eth,20210804,2219368.14286
eth,20210805,2227433.42857
eth,20210806,2236410.14286
eth,20210808,2244131.85714
eth,20210809,2253990.42857
eth,20210810,2264009.42857
eth,20210811,2273962.57143
eth,20210812,2281334.42857
eth,20210813,2289449.57143
eth,20210816,2296183.85714
eth,20210817,2304204
eth,20210823,2313229.14286
eth,20210824,2325560.42857
eth,20210825,2338923.42857
eth,20210826,2352119.14286
eth,20210827,2368864.85714
eth,20210828,2385957.28571
eth,20210829,2401557.14286
eth,20210830,2416196.42857
eth,20210831,2426809.57143
eth,20210901,2436061.71429
eth,20210902,2450288.14286
eth,20210903,2462101.42857
eth,20210904,2474068.14286
eth,20210905,2486546.57143
eth,20210906,2504250.71429
eth,20210907,2522965.14286
eth,20210908,2551417.28571
eth,20210909,2587958.71429
eth,20210911,2622675.71429
eth,20210913,2666815.42857
eth,20210914,2712981.28571
eth,20210915,2756380.57143
eth,20210916,2804163.71429
eth,20210917,2847757
eth,20210918,2878623.85714
eth,20210919,2916461.28571
eth,20210920,2967581.42857
eth,20210921,3021714
eth,20210922,3079140.85714
eth,20210923,3156686.14286
eth,20210924,3232880.57143
eth,20210925,3310006
eth,20210926,3383785.85714
eth,20210927,3437360.28571
eth,20210928,3492482
eth,20210929,3546648
eth,20210930,3581513.28571
eth,20211001,3613274.85714
eth,20211003,3646699.57143
eth,20211004,3680062.85714
eth,20211005,3712266.85714
eth,20211006,3742576.14286
eth,20211007,3769787.14286
eth,20211008,3793674.14286
eth,20211009,3816273.42857
eth,20211010,3836117.85714
eth,20211011,3854758.71429
eth,20211012,3873888.57143
eth,20211013,3889343.71429
eth,20211014,3904255.71429
eth,20211015,3919275
eth,20211016,3935211.14286
eth,20211017,3953578.57143
eth,20211018,3973066
eth,20211019,3991548.28571
eth,20211020,4016060.14286
eth,20211021,4046240.42857
eth,20211022,4087453.71429
eth,20211024,4131497.42857
eth,20211025,4180290.28571
eth,20211026,4229172.57143
eth,20211027,4292204.71429
eth,20211028,4361063.42857
eth,20211029,4433388
eth,20211030,4502610.57143
eth,20211031,4571338
eth,20211102,4651096
eth,20211103,4731908.14286
eth,20211104,4802606.28571
eth,20211105,4864613.71429
eth,20211106,4914885
eth,20211107,4955940.57143
eth,20211108,4994820.42857
eth,20211109,5016028.85714
eth,20211111,5032482.85714
eth,20211112,5043851.14286
eth,20211113,5050601.42857
eth,20211115,5056537.85714
eth,20211116,5063370.14286
eth,20211117,5075570.71429
eth,20211118,5089223.14286
eth,20211119,5107440.14286
eth,20211120,5143284.71429
eth,20211121,5199297.28571
eth,20211122,5302146
eth,20211123,5471822.57143
eth,20211124,5722951.57143
eth,20211125,6055525.71429
eth,20211126,6458279.71429
eth,20211127,6910263.85714
eth,20211128,7384886.28571
eth,20211129,7846230.57143
eth,20211130,8280179.42857
eth,20211201,8660964.28571
eth,20211202,8987835.85714
eth,20211203,9257208.42857
eth,20211204,9473572.71429
eth,20211205,9656174.28571
eth,20211206,9815629.85714
eth,20211207,9946763.42857
eth,20211208,10051210.57143
eth,20211209,10131483
eth,20211210,10199144.28571
eth,20211211,10258378.14286
eth,20211212,10311349.85714
eth,20211213,10358161
eth,20211214,10396428
eth,20211215,10428538.85714
eth,20211216,10459153.85714
eth,20211217,10492348.28571
eth,20211218,10522476.42857
eth,20211219,10549730
eth,20211220,10577041
eth,20211221,10603561.14286
eth,20211222,10629483.85714
eth,20211223,10659319.28571
eth,20211224,10688440.85714
eth,20211225,10718884.28571
eth,20211226,10752067.42857
eth,20211227,10783327.42857
eth,20211228,10813784
eth,20211229,10843840.71429
eth,20211230,10866930.42857
eth,20211231,10883372.85714
eth,20220101,10895416.85714
eth,20220102,10907374.85714
eth,20220103,10918521.42857
eth,20220104,10927059.14286
eth,20220105,10934475.85714
eth,20220106,10940446.57143
eth,20220107,10946157.85714
eth,20220110,10952153.14286
eth,20220111,10955282.42857
eth,20220112,10956835.85714
eth,20220113,10957440.71429
eth,20220114,10958143
eth,20220115,10959413.28571
eth,20220117,10960748.71429
eth,20220124,10962784.28571
eth,20220128,10964881.71429
eth,20220131,10967228.85714
eth,20220202,10969549.71429
eth,20220203,10971648.57143
eth,20220207,10973134.14286
fin,20210103,67
fin,20210117,31094.5
fin,20210124,60838.66667
fin,20210131,89838
fin,20210207,118371.8
fin,20210214,146772.5
fin,20210221,179155.14286
fin,20210228,247214
fin,20210307,322685.28571
fin,20210314,407591.14286
fin,20210321,502650.57143
fin,20210328,605546.28571
fin,20210404,719500.71429
fin,20210411,846191
fin,20210418,991766.28571
fin,20210425,1152749.14286
fin,20210502,1326622.42857
fin,20210509,1517247.28571
fin,20210516,1725928.85714
fin,20210523,1955071
fin,20210530,2198506.42857
fin,20210606,2451199
fin,20210613,2721524
fin,20210620,3010503
fin,20210627,3302003
fin,20210704,3606241.57143
fin,20210711,3915812.57143
fin,20210718,4224799
fin,20210725,4529882.71429
fin,20210801,4824809.85714
fin,20210808,5108250
fin,20210815,5397911.71429
fin,20210822,5684294.71429
fin,20210829,5962180
fin,20210905,6235213.28571
fin,20210912,6498362.57143
fin,20210919,6743370
fin,20210926,6973513.14286
fin,20211003,7182653.42857
fin,20211010,7368359.71429
fin,20211017,7537018.71429
fin,20211024,7688016
fin,20211031,7826661.28571
fin,20211107,7956870.85714
fin,20211114,8076520.85714
fin,20211121,8187318.42857
fin,20211128,8295180.28571
fin,20211205,8405943.14286
fin,20211212,8527247.71429
fin,20211219,8672453.14286
fin,20211224,8834180.85714
fin,20211226,8983782.71429
fin,20211227,9119864.14286
fin,20211228,9246485.57143
fin,20211230,9358803
fin,20211231,9454836.85714
fin,20220101,9522969
fin,20220103,9562020.28571
fin,20220104,9600848.85714
fin,20220105,9641370.28571
fin,20220106,9696060.71429
fin,20220108,9755930.28571
fin,20220110,9823642.71429
fin,20220112,9897850
fin,20220115,9977378.71429
fin,20220118,10068294.71429
fin,20220119,10166420
fin,20220120,10250684.28571
fin,20220125,10354889.85714
fin,20220126,10448599.71429
fin,20220127,10528479
fin,20220128,10608581.14286
fin,20220129,10683404.42857
fin,20220130,10754637.28571
fin,20220131,10832676.71429
fin,20220201,10879116.57143
fin,20220202,10920917.14286
fin,20220203,10960720.28571
fin,20220204,11011509
fin,20220205,11061759.42857
fin,20220207,11109219.42857
fin,20220208,11149911.14286
fji,20210317,0
fji,20210413,3139
fji,20210415,11327.66667
fji,20210416,22495.75
fji,20210420,29196.6
fji,20210511,39830.5
fji,20210525,49844.28571
fji,20210601,69308.14286
fji,20210608,100329.71429
fji,20210615,131020.28571
fji,20210621,162164.28571
fji,20210629,200207
fji,20210706,241092.57143
fji,20210713,285388.42857
fji,20210720,333313
fji,20210727,378314.42857
fji,20210802,433497.85714
fji,20210809,493052.14286
fji,20210816,553466.71429
fji,20210823,610461
fji,20210831,668397.28571
fji,20210907,724745
fji,20210914,778132.14286
fji,20210921,827624.28571
fji,20210928,874239.57143
fji,20211005,918622.71429
fji,20211012,963309
fji,20211018,1007788.57143
fji,20211025,1050631.14286
fji,20211101,1090215.28571
fji,20211108,1121875.28571
fji,20211115,1149249.71429
fji,20211122,1171728.71429
fji,20211130,1192606.57143
fji,20211206,1208081.57143
fji,20211213,1221127.85714
fji,20211220,1232243.14286
fji,20220104,1243088.42857
fji,20220111,1252567.85714
fji,20220118,1261571.28571
fji,20220124,1267323.28571
fji,20220131,1272170.71429
fji,20220207,1275508
flk,20210207,0
flk,20210215,757.5
flk,20210222,1082.33333
flk,20210326,1358.5
flk,20210407,1951.2
flk,20210414,2360.5
fra,20201227,560
fra,20201228,866
fra,20201229,1086.33333
fra,20201230,1299.75
fra,20201231,1494.6
fra,20210101,1799.16667
fra,20210102,2070.71429
fra,20210103,2587.71429
fra,20210104,3318.85714
fra,20210105,4881
fra,20210106,8095.28571
fra,20210107,15458.71429
fra,20210108,27975.71429
fra,20210109,42039.42857
fra,20210110,56892.42857
fra,20210111,77143.71429
fra,20210112,105378.85714
fra,20210113,141191.28571
fra,20210114,184675.85714
fra,20210115,232705.85714
fra,20210116,282029.71429
fra,20210117,332072
fra,20210118,388691.42857
fra,20210119,455112.28571
fra,20210120,531910.71429
fra,20210121,619474.14286
fra,20210122,714492.28571
fra,20210123,812113.42857
fra,20210124,909554.42857
fra,20210125,1006062.42857
fra,20210126,1098677.28571
fra,20210127,1187734.28571
fra,20210128,1273958.71429
fra,20210129,1358503.71429
fra,20210130,1442306.57143
fra,20210131,1525695.57143
fra,20210201,1608377
fra,20210202,1691535.57143
fra,20210203,1774175
fra,20210204,1855851.57143
fra,20210205,1938107.28571
fra,20210206,2020393.42857
fra,20210207,2103155.42857
fra,20210208,2188507.42857
fra,20210209,2278352.28571
fra,20210210,2373652.42857
fra,20210211,2476695.28571
fra,20210212,2585430.71429
fra,20210213,2695346
fra,20210214,2805547.14286
fra,20210215,2918855.42857
fra,20210216,3033956.85714
fra,20210217,3149896.57143
fra,20210218,3266098.57143
fra,20210219,3382624
fra,20210220,3499886
fra,20210221,3616779.14286
fra,20210222,3733112.85714
fra,20210223,3847567.71429
fra,20210224,3960263.28571
fra,20210225,4073504.71429
fra,20210226,4190845.85714
fra,20210227,4312055.28571
fra,20210228,4433398.71429
fra,20210301,4555888.57143
fra,20210302,4682634.71429
fra,20210303,4815220.85714
fra,20210304,4953585
fra,20210305,5103348.14286
fra,20210306,5274783.71429
fra,20210307,5462812.57143
fra,20210308,5656456
fra,20210309,5858893.85714
fra,20210310,6069064.57143
fra,20210311,6289736.14286
fra,20210312,6522421.85714
fra,20210313,6758085.57143
fra,20210314,6985177.28571
fra,20210315,7217017
fra,20210316,7442001.71429
fra,20210317,7660304.42857
fra,20210318,7865265.14286
fra,20210319,8058685.28571
fra,20210320,8242364.57143
fra,20210321,8424010.71429
fra,20210322,8607531.57143
fra,20210323,8806989.14286
fra,20210324,9022365.57143
fra,20210325,9262616.57143
fra,20210326,9521880.85714
fra,20210327,9785921.85714
fra,20210328,10051468.14286
fra,20210329,10324580.85714
fra,20210330,10606589.14286
fra,20210331,10893615.28571
fra,20210401,11183017.71429
fra,20210402,11468543.28571
fra,20210403,11752756.42857
fra,20210404,12037238.14286
fra,20210405,12295724.57143
fra,20210406,12549918.28571
fra,20210407,12809797
fra,20210408,13077661.57143
fra,20210409,13367387.57143
fra,20210410,13670338.71429
fra,20210411,13976956.14286
fra,20210412,14323130
fra,20210413,14687784.57143
fra,20210414,15060769
fra,20210415,15437535.42857
fra,20210416,15808408.85714
fra,20210417,16176936.14286
fra,20210418,16544949.85714
fra,20210419,16911833.57143
fra,20210420,17274594.42857
fra,20210421,17635741.57143
fra,20210422,17995557
fra,20210423,18354906.42857
fra,20210424,18717573.28571
fra,20210425,19083286.71429
fra,20210426,19453723.14286
fra,20210427,19830911
fra,20210428,20216839.85714
fra,20210429,20613909.71429
fra,20210430,21021821.85714
fra,20210501,21418094.85714
fra,20210502,21817417.14286
fra,20210503,22228519.42857
fra,20210504,22649434
fra,20210505,23080264.14286
fra,20210506,23520496.42857
fra,20210507,23971228
fra,20210508,24431760.42857
fra,20210509,24898988.85714
fra,20210510,25378202
fra,20210511,25874815.14286
fra,20210512,26387928.85714
fra,20210513,26869019.85714
fra,20210514,27348856.71429
fra,20210515,27854354.14286
fra,20210516,28366570.28571
fra,20210517,28876341.71429
fra,20210518,29379150.57143
fra,20210519,29874272.28571
fra,20210520,30408562.42857
fra,20210521,30949022.28571
fra,20210522,31483572
fra,20210523,32011359.28571
fra,20210524,32506339.71429
fra,20210525,32998033.71429
fra,20210526,33488083.42857
fra,20210527,33978138.71429
fra,20210528,34471743.71429
fra,20210529,34968381.28571
fra,20210530,35459804.14286
fra,20210531,35989174.85714
fra,20210601,36532041.28571
fra,20210602,37082292.42857
fra,20210603,37640427
fra,20210604,38208897
fra,20210605,38783873.71429
fra,20210606,39364976
fra,20210607,39951821.42857
fra,20210608,40538785.14286
fra,20210609,41126776
fra,20210610,41710541.42857
fra,20210611,42291774.85714
fra,20210612,42873082.14286
fra,20210613,43453857.14286
fra,20210614,44033918.71429
fra,20210615,44615158.57143
fra,20210616,45197876.14286
fra,20210617,45779899.14286
fra,20210618,46364802
fra,20210619,46950212.28571
fra,20210620,47535338.85714
fra,20210621,48120540.28571
fra,20210622,48705180.57143
fra,20210623,49290065.85714
fra,20210624,49869382.85714
fra,20210625,50446621.57143
fra,20210626,51027541.14286
fra,20210627,51613499.57143
fra,20210628,52200912.14286
fra,20210629,52788162.28571
fra,20210630,53377175
fra,20210701,53971925.42857
fra,20210702,54566549.85714
fra,20210703,55159328.28571
fra,20210704,55750090.14286
fra,20210705,56338092.42857
fra,20210706,56923688.28571
fra,20210707,57504623.42857
fra,20210708,58080602.71429
fra,20210709,58655105.57143
fra,20210710,59226391.42857
fra,20210711,59793709.14286
fra,20210712,60369484.85714
fra,20210713,60965702
fra,20210714,61516868.57143
fra,20210715,62095625.85714
fra,20210716,62694023.14286
fra,20210717,63305486.42857
fra,20210718,63924730.71429
fra,20210719,64553015
fra,20210720,65183394.28571
fra,20210721,65880361.71429
fra,20210722,66574429.28571
fra,20210723,67266383.42857
fra,20210724,67954823
fra,20210725,68639909.14286
fra,20210726,69319321
fra,20210727,69992230.14286
fra,20210728,70657354.28571
fra,20210729,71313473.71429
fra,20210730,71955750.28571
fra,20210731,72585921.28571
fra,20210801,73210533.71429
fra,20210802,73821580.85714
fra,20210803,74412363.28571
fra,20210804,74981078.57143
fra,20210805,75525261.28571
fra,20210806,76050422.57143
fra,20210807,76564246.57143
fra,20210808,77074710.42857
fra,20210809,77576925
fra,20210810,78070851.71429
fra,20210811,78556869.57143
fra,20210812,79036439.85714
fra,20210813,79501158.42857
fra,20210814,79959039.28571
fra,20210815,80409825.14286
fra,20210816,80858602
fra,20210817,81302787.42857
fra,20210818,81744703.85714
fra,20210819,82182042.57143
fra,20210820,82622800
fra,20210821,83063488.14286
fra,20210822,83508461
fra,20210823,83952538.14286
fra,20210824,84394779.57143
fra,20210825,84833895.28571
fra,20210826,85268518.28571
fra,20210827,85701051.71429
fra,20210828,86133292.57143
fra,20210829,86564342.28571
fra,20210830,86987821.57143
fra,20210831,87401659.57143
fra,20210901,87807107.71429
fra,20210902,88198024.71429
fra,20210903,88574998.85714
fra,20210904,88948864
fra,20210905,89316980.42857
fra,20210906,89662606.71429
fra,20210907,89982406.57143
fra,20210908,90285135.57143
fra,20210909,90571888
fra,20210910,90843478.57143
fra,20210911,91104704.57143
fra,20210912,91362635.71429
fra,20210913,91612481.57143
fra,20210914,91857499.14286
fra,20210915,92098993.14286
fra,20210916,92335454.14286
fra,20210917,92565009.57143
fra,20210918,92788295.28571
fra,20210919,93009650.57143
fra,20210920,93224951
fra,20210921,93432862.71429
fra,20210922,93632896.14286
fra,20210923,93826923.57143
fra,20210924,94014232.71429
fra,20210925,94196283.71429
fra,20210926,94377131
fra,20210927,94553441.14286
fra,20210928,94723881.28571
fra,20210929,94887615.14286
fra,20210930,95046731
fra,20211001,95204119.14286
fra,20211002,95357600.14286
fra,20211003,95510050.14286
fra,20211004,95661200
fra,20211005,95811441.85714
fra,20211006,95960247.28571
fra,20211007,96108227.14286
fra,20211008,96255178.57143
fra,20211009,96400260.42857
fra,20211010,96544829.42857
fra,20211011,96688522.71429
fra,20211012,96831786.42857
fra,20211013,96973544.42857
fra,20211014,97114484.28571
fra,20211015,97254685.57143
fra,20211016,97392938.28571
fra,20211017,97530897.85714
fra,20211018,97667964.85714
fra,20211019,97803691
fra,20211020,97940455
fra,20211021,98077555
fra,20211022,98213413.85714
fra,20211023,98349324.71429
fra,20211024,98485044
fra,20211025,98621897.28571
fra,20211026,98758605.42857
fra,20211027,98895376.28571
fra,20211028,99030975.57143
fra,20211029,99165748.28571
fra,20211030,99299300.28571
fra,20211031,99432649.28571
fra,20211101,99547796.14286
fra,20211102,99664869.42857
fra,20211103,99783568
fra,20211104,99905477.14286
fra,20211105,100031327
fra,20211106,100159673.71429
fra,20211107,100288333.28571
fra,20211108,100441175
fra,20211109,100604004.57143
fra,20211110,100777935
fra,20211111,100931151
fra,20211112,101090301.28571
fra,20211113,101251350.57143
fra,20211114,101412650.14286
fra,20211115,101579176.42857
fra,20211116,101751470
fra,20211117,101924995.42857
fra,20211118,102132457.28571
fra,20211119,102350225.57143
fra,20211120,102572453.71429
fra,20211121,102795235.71429
fra,20211122,103020545.85714
fra,20211123,103250770.14286
fra,20211124,103485454.57143
fra,20211125,103730569.28571
fra,20211126,103997206.42857
fra,20211127,104281657.28571
fra,20211128,104573863.85714
fra,20211129,104891715.28571
fra,20211130,105245837.71429
fra,20211201,105637733
fra,20211202,106071335.14286
fra,20211203,106537601
fra,20211204,107022110.14286
fra,20211205,107513186.71429
fra,20211206,108028716.28571
fra,20211207,108573951.14286
fra,20211208,109138689.71429
fra,20211209,109726387.85714
fra,20211210,110336866.14286
fra,20211211,110963927.14286
fra,20211212,111598742.28571
fra,20211213,112249727.57143
fra,20211214,112922029.85714
fra,20211215,113612278.71429
fra,20211216,114320424
fra,20211217,115041871.57143
fra,20211218,115769573
fra,20211219,116502382.14286
fra,20211220,117238123.42857
fra,20211221,117962589.57143
fra,20211222,118668932.28571
fra,20211223,119324151.85714
fra,20211224,119861706.71429
fra,20211225,120318454.71429
fra,20211226,120755283.28571
fra,20211227,121169537.28571
fra,20211228,121564248
fra,20211229,121946176.85714
fra,20211230,122324466.28571
fra,20211231,122703390.85714
fra,20220101,123082390.71429
fra,20220102,123462531.42857
fra,20220103,123849344.14286
fra,20220104,124249456.71429
fra,20220105,124662632
fra,20220106,125113537.42857
fra,20220107,125668852.85714
fra,20220108,126299092.28571
fra,20220109,126941957.57143
fra,20220110,127581405
fra,20220111,128205902.57143
fra,20220112,128811577.85714
fra,20220113,129391747.14286
fra,20220114,129947151.57143
fra,20220115,130487165.85714
fra,20220116,131019920.42857
fra,20220117,131526521.42857
fra,20220118,132000378.14286
fra,20220119,132443648
fra,20220120,132853710.14286
fra,20220121,133228252.57143
fra,20220122,133581498.57143
fra,20220123,133927740.42857
fra,20220124,134255926.14286
fra,20220125,134563788.14286
fra,20220126,134858248
fra,20220127,135136364.42857
fra,20220128,135403254.42857
fra,20220129,135664597.28571
fra,20220130,135924436.57143
fra,20220131,136172827.85714
fra,20220201,136408127.71429
fra,20220202,136636479.14286
fra,20220203,136855757
fra,20220204,137064578.57143
fra,20220205,137267919.28571
fra,20220206,137469310.57143
fra,20220207,137670624.57143
fro,20210129,3994
fro,20210206,4325.5
fro,20210208,4478
fro,20210210,4697.25
fro,20210221,4894.2
fro,20210223,5121.66667
fro,20210224,5349
fro,20210303,5784.28571
fro,20210304,6175.28571
fro,20210305,6572.42857
fro,20210306,6939.57143
fro,20210308,7280.42857
fro,20210312,7648
fro,20210316,7970
fro,20210317,8274.14286
fro,20210318,8552.42857
fro,20210322,8818.71429
fro,20210326,9066.57143
fro,20210327,9336.71429
fro,20210330,9613.57143
fro,20210408,9974.57143
fro,20210412,10468.71429
fro,20210413,11010
fro,20210414,11624.85714
fro,20210415,12288.42857
fro,20210419,12952.85714
fro,20210421,13533.42857
fro,20210422,14110.14286
fro,20210424,14774.57143
fro,20210426,15512.14286
fro,20210427,16302.28571
fro,20210428,17149.85714
fro,20210506,18081
fro,20210508,19206.85714
fro,20210509,20348
fro,20210511,21511.85714
fro,20210513,22648.85714
fro,20210516,23751
fro,20210522,24814.28571
fro,20210523,25888.28571
fro,20210524,26881.57143
fro,20210525,27833.71429
fro,20210526,28589.71429
fro,20210528,29473.57143
fro,20210530,30275.85714
fro,20210603,31190.28571
fro,20210604,32034
fro,20210606,32872.42857
fro,20210607,33766.42857
fro,20210609,34841.14286
fro,20210613,35919.28571
fro,20210615,37024.71429
fro,20210616,37939.28571
fro,20210618,38928
fro,20210619,39801.71429
fro,20210620,40661
fro,20210621,41411.71429
fro,20210622,42044.14286
fro,20210624,42776.28571
fro,20210625,43576
fro,20210628,44347.57143
fro,20210630,45154.85714
fro,20210701,45996
fro,20210704,46899.42857
fro,20210705,47831.85714
fro,20210706,48751.28571
fro,20210707,49736
fro,20210708,50695.71429
fro,20210711,52055.85714
fro,20210712,53363.85714
fro,20210713,54512.28571
fro,20210714,55571.14286
fro,20210715,56564.14286
fro,20210719,57628.28571
fro,20210720,58654.42857
fro,20210721,59329.57143
fro,20210722,59931.85714
fro,20210725,60560.85714
fro,20210727,61220.28571
fro,20210728,61908.42857
fro,20210803,62565.85714
fro,20210805,63256.14286
fro,20210806,64041.57143
fro,20210809,64911.71429
fro,20210810,65745.14286
fro,20210811,66520.28571
fro,20210812,67260.71429
fro,20210815,67809.28571
fro,20210816,68342.71429
fro,20210817,68706.85714
fro,20210818,68980.28571
fro,20210819,69245
fro,20210824,69531.28571
fro,20210826,69796.85714
fro,20210830,70093.14286
fro,20210831,70354.28571
fro,20210901,70599.57143
fro,20210902,70855.85714
fro,20210906,71126
fro,20210907,71345
fro,20210908,71565.57143
fro,20210910,71801.42857
fro,20210914,72055.71429
fro,20210915,72303.71429
fro,20210916,72545.42857
fro,20210920,72768.71429
fro,20210922,73011.85714
fro,20210923,73244.14286
fro,20210926,73439.57143
fro,20210927,73608.14286
fro,20210928,73785.28571
fro,20211001,73986.71429
fro,20211005,74216
fro,20211008,74462.57143
fro,20211010,74679.42857
fro,20211011,74902.28571
fro,20211013,75119.14286
fro,20211015,75344.28571
fro,20211018,75550.42857
fro,20211019,75715
fro,20211020,75861.28571
fro,20211021,76022.14286
fro,20211026,76194.14286
fro,20211027,76369.71429
fro,20211028,76571
fro,20211031,76784.42857
fro,20211102,77048.28571
fro,20211103,77290.14286
fro,20211105,77551.71429
fro,20211222,79951
fro,20211227,82397.85714
fro,20211228,84970.85714
fro,20211230,87639.42857
fro,20220103,90346.71429
fro,20220105,93070.28571
fro,20220106,95945
fro,20220109,96813
fro,20220110,97645.42857
fro,20220111,98328.28571
fro,20220113,98954.14286
fro,20220118,99535.57143
fro,20220119,100131.28571
fro,20220120,100607.42857
fro,20220125,101030.14286
fro,20220128,101486.57143
fro,20220131,101937.42857
fro,20220201,102318
fro,20220202,102649.71429
fro,20220203,102959.28571
fro,20220207,103211.85714
fro,20220208,103363.28571
gab,20210322,0
gab,20210331,150.5
gab,20210402,911.33333
gab,20210409,1664.75
gab,20210414,2315.8
gab,20210416,2890.16667
gab,20210419,3409.85714
gab,20210421,4509.85714
gab,20210423,5737.85714
gab,20210430,6915.71429
gab,20210505,8121.28571
gab,20210517,9885.85714
gab,20210529,12280.42857
gab,20210605,14686.57143
gab,20210609,17833.42857
gab,20210611,21148.85714
gab,20210612,24422.14286
gab,20210623,29705.28571
gab,20210630,35347.57143
gab,20210705,41295.71429
gab,20210712,48292.85714
gab,20210719,55830
gab,20210724,63698
gab,20210803,73219.28571
gab,20210805,81001.28571
gab,20210809,88826.71429
gab,20210812,96893.28571
gab,20210820,104808.42857
gab,20210825,111709.85714
gab,20210903,120178.85714
gab,20210916,130335.85714
gab,20210922,140846.14286
gab,20210930,150671
gab,20211007,160062.14286
gab,20211014,171293
gab,20211021,183694.14286
gab,20211029,194671.85714
gab,20211101,202820.71429
gab,20211104,210698.71429
gab,20211108,219803.71429
gab,20211110,228653.14286
gab,20211115,235881.85714
gab,20211122,243855.42857
gab,20211124,251665.57143
gab,20211204,265999.85714
gab,20211213,288908.42857
gab,20220116,325364.42857
gab,20220122,364042.57143
gbg,20210124,6673
gbg,20210207,10904
gbg,20210214,13697.33333
gbg,20210223,15284.75
gbg,20210302,16635.8
gbg,20210312,18760.33333
gbg,20210407,21484.42857
gbg,20210416,26675
gbg,20210420,31168.14286
gbg,20210512,36223.71429
gbg,20210513,41285.28571
gbg,20210521,46528.57143
gbg,20210523,50829.71429
gbg,20210524,54153.28571
gbg,20210525,56818.14286
gbg,20210526,59057.85714
gbg,20210527,60260.42857
gbg,20210528,61448
gbg,20210601,62574.14286
gbg,20210602,63683
gbg,20210603,64659
gbg,20210604,65649.14286
gbg,20210607,66831.42857
gbg,20210608,67984.28571
gbg,20210610,69212.28571
gbg,20210611,70146.71429
gbg,20210614,71213.14286
gbg,20210615,72249.57143
gbg,20210617,73314.71429
gbg,20210618,74151.85714
gbg,20210621,75065.14286
gbg,20210622,75850
gbg,20210624,76638.14286
gbg,20210625,77253.85714
gbg,20210629,78050
gbg,20210630,78780.85714
gbg,20210701,79516.57143
gbg,20210702,80160.28571
gbg,20210705,80972.42857
gbg,20210706,81750.42857
gbg,20210707,82569.42857
gbg,20210709,83310.28571
gbg,20210712,84206.14286
gbg,20210713,85110.14286
gbg,20210714,85995.28571
gbg,20210715,86722.42857
gbg,20210716,87410.42857
gbg,20210720,88179.85714
gbg,20210721,88814.42857
gbg,20210722,89269.28571
gbg,20210723,89694.14286
gbg,20210726,90159
gbg,20210727,90597.14286
gbg,20210728,91035
gbg,20210730,91410.42857
gbg,20210802,91917.71429
gbg,20210804,92583.71429
gbg,20210806,93281.57143
gbg,20210809,93940.42857
gbg,20210811,94606
gbg,20210813,95274
gbg,20210816,95897.71429
gbg,20210818,96421.57143
gbg,20210820,96817.71429
gbg,20210823,97188.71429
gbg,20210825,97612.42857
gbg,20210827,98049.71429
gbg,20210901,98449.28571
gbg,20210903,98813.28571
gbg,20210906,99239
gbg,20210908,99625
gbg,20210910,99999.57143
gbg,20210913,100298.14286
gbg,20210915,100562
gbg,20210917,100848.14286
gbg,20210920,101119.14286
gbg,20210922,101276
gbg,20210924,101419.28571
gbg,20210927,101553.71429
gbg,20210929,101669.14286
gbg,20211005,101793
gbg,20211013,101914.85714
gbg,20211018,102052.28571
gbg,20211025,102250.28571
gbg,20211101,102502.42857
gbg,20211108,102785
gbg,20211115,103082.71429
gbg,20211122,103364.71429
gbg,20211208,103667.14286
gbg,20211214,104175.85714
gbg,20220104,109851.28571
gbg,20220110,115636.57143
gbg,20220111,121479.28571
gbg,20220117,127342.42857
gbg,20220125,133287
gbg,20220202,139259
gbg,20220208,145076.42857
gbm,20210121,3558
gbm,20210122,3603
gbm,20210125,3805
gbm,20210126,4075.25
gbm,20210129,4632
gbm,20210202,5243.66667
gbm,20210203,5860.71429
gbm,20210204,6811.42857
gbm,20210205,7750.85714
gbm,20210206,8699.85714
gbm,20210207,9608.57143
gbm,20210208,10293.57143
gbm,20210209,10825.57143
gbm,20210210,11236.71429
gbm,20210213,11705.85714
gbm,20210214,12207.14286
gbm,20210216,12695.71429
gbm,20210217,13204.14286
gbm,20210218,13724.14286
gbm,20210219,14456.14286
gbm,20210220,15133.14286
gbm,20210222,15748.85714
gbm,20210223,16364.28571
gbm,20210224,16943
gbm,20210225,17512.85714
gbm,20210226,18168.57143
gbm,20210227,18694.42857
gbm,20210228,19304.71429
gbm,20210301,19903.42857
gbm,20210302,20581.14286
gbm,20210303,21310.57143
gbm,20210304,21973.85714
gbm,20210305,22545.14286
gbm,20210306,23042
gbm,20210307,23520
gbm,20210308,23961.14286
gbm,20210309,24445
gbm,20210310,25001.71429
gbm,20210311,25715
gbm,20210312,26559.42857
gbm,20210313,27519
gbm,20210314,28551.71429
gbm,20210315,29645.42857
gbm,20210316,30668.71429
gbm,20210318,31527.28571
gbm,20210327,34222
gbm,20210330,37078.14286
gbm,20210331,39849.57143
gbm,20210401,42646
gbm,20210402,45515.85714
gbm,20210403,48478.71429
gbm,20210404,51499.28571
gbm,20210405,52589.14286
gbm,20210406,53482.42857
gbm,20210407,54455
gbm,20210408,55440
gbm,20210409,56429.57143
gbm,20210410,57403
gbm,20210411,58376.71429
gbm,20210412,59344.71429
gbm,20210413,60324.57143
gbm,20210414,61218
gbm,20210415,61957.57143
gbm,20210416,62577.71429
gbm,20210417,63090.85714
gbm,20210418,63632.14286
gbm,20210419,64200.14286
gbm,20210420,64702.28571
gbm,20210421,65215.71429
gbm,20210422,65821.57143
gbm,20210423,66442
gbm,20210425,67181.57143
gbm,20210426,67919.28571
gbm,20210427,68652.85714
gbm,20210428,69408.42857
gbm,20210429,70199.14286
gbm,20210501,70872.14286
gbm,20210503,71476.57143
gbm,20210504,72021.28571
gbm,20210506,72701.85714
gbm,20210508,73305.71429
gbm,20210509,73888.57143
gbm,20210511,74429.42857
gbm,20210512,75051
gbm,20210518,75871.57143
gbm,20210519,76704.28571
gbm,20210520,77467.57143
gbm,20210521,78379.85714
gbm,20210522,79247.28571
gbm,20210523,80213
gbm,20210524,81192.14286
gbm,20210525,82271.28571
gbm,20210526,83329.42857
gbm,20210527,84346.57143
gbm,20210528,85440
gbm,20210529,86533.14286
gbm,20210603,87470.85714
gbm,20210609,88321.28571
gbm,20210614,88993.57143
gbm,20210615,89605.57143
gbm,20210616,90237
gbm,20210617,90802.14286
gbm,20210619,91534
gbm,20210620,92396.28571
gbm,20210622,93481.28571
gbm,20210623,94605.42857
gbm,20210624,95869.85714
gbm,20210625,97166.28571
gbm,20210628,98769.28571
gbm,20210629,100250.57143
gbm,20210701,101903.14286
gbm,20210702,103511.42857
gbm,20210703,105008.42857
gbm,20210704,106367.28571
gbm,20210705,107737.28571
gbm,20210706,108746.14286
gbm,20210707,109758.57143
gbm,20210708,110521.28571
gbm,20210709,111145.57143
gbm,20210710,111798.85714
gbm,20210711,112489.71429
gbm,20210712,113115
gbm,20210713,113722.28571
gbm,20210714,114366.28571
gbm,20210715,115081.57143
gbm,20210718,115864.85714
gbm,20210719,116783.28571
gbm,20210720,117619.28571
gbm,20210721,118489.57143
gbm,20210725,119272.42857
gbm,20210726,120018.85714
gbm,20210727,120715.85714
gbm,20210728,121396.42857
gbm,20210730,121881.14286
gbm,20210731,122439
gbm,20210802,122916.85714
gbm,20210803,123454
gbm,20210811,123993.14286
gbm,20210816,124428.28571
gbm,20210817,124768
gbm,20210820,125086.85714
gbm,20210821,125378.57143
gbm,20210823,125611
gbm,20210824,125893
gbm,20210829,126084.14286
gbm,20210831,126368
gbm,20210901,126670.42857
gbm,20210905,126986.57143
gbm,20210906,127317.71429
gbm,20210908,127658
gbm,20210909,127906.71429
gbm,20210910,128145.57143
gbm,20210913,128304.57143
gbm,20210916,128471.14286
gbm,20210921,128675.57143
gbm,20210924,128817.71429
gbm,20210928,128951.28571
gbm,20211001,129076
gbm,20211002,129189.71429
gbm,20211003,129289.42857
gbm,20211004,129370
gbm,20211005,129396.28571
gbm,20211006,129421.85714
gbm,20211009,129446.14286
gbm,20211010,129460.28571
gbm,20211012,129474
gbm,20211013,129489.71429
gbm,20211014,129496.28571
gbm,20211019,129789.85714
gbm,20211021,130096.57143
gbm,20211025,130422.42857
gbm,20211029,130820.28571
gbm,20211030,131222.28571
gbm,20211101,131638.14286
gbm,20211102,132052.57143
gbm,20211105,132193
gbm,20211106,132368.71429
gbm,20211108,132524.28571
gbm,20211112,132607.28571
gbm,20211113,132686.14286
gbm,20211116,132749.42857
gbm,20211118,132820.71429
gbm,20211123,132885.71429
gbm,20211124,132902.71429
gbm,20211125,132932
gbm,20211126,132965.42857
gbm,20211129,133002.57143
gbm,20211130,133040.71429
gbm,20211201,133072.85714
gbm,20211202,133100.57143
gbm,20211203,133131.57143
gbm,20211204,133150.28571
gbm,20211206,133170.85714
gbm,20211207,133190.71429
gbm,20211208,133211.85714
gbm,20211210,133231.14286
gbm,20211213,133288.85714
gbm,20211214,133342.85714
gbm,20211216,133397.28571
gbm,20211217,133452.28571
gbm,20211220,133506.14286
gbm,20211222,139450.28571
gbm,20211223,145393.85714
gbm,20211224,151349.28571
gbm,20211227,157397.57143
gbm,20211228,163635.57143
gbm,20211230,169923
gbm,20211231,176234.28571
gbm,20220104,176814
gbm,20220105,177517.85714
gbm,20220106,178357.42857
gbm,20220107,179152.28571
gbm,20220109,179855.14286
gbm,20220111,180585
gbm,20220112,181308.42857
gbm,20220113,181896.57143
gbm,20220118,182444.28571
gbm,20220119,182818.71429
gbm,20220120,183167.42857
gbm,20220123,183469.42857
gbm,20220125,183747.71429
gbm,20220127,184019.28571
gbm,20220128,184275.71429
gbm,20220201,184516
gbm,20220202,184769.85714
gbm,20220203,185019.14286
gbm,20220204,185226.14286
gbm,20220205,185388.85714
gbm,20220208,185544.71429
gbr,20210110,2677971
gbr,20210111,2760893
gbr,20210112,2863109
gbr,20210113,2986389
gbr,20210114,3124747.2
gbr,20210115,3274573.5
gbr,20210116,3424271
gbr,20210117,3686675.42857
gbr,20210118,3955193.71429
gbr,20210119,4241311.42857
gbr,20210120,4538605
gbr,20210121,4848850.57143
gbr,20210122,5178316.71429
gbr,20210123,5535534.57143
gbr,20210124,5896855.42857
gbr,20210125,6268616.85714
gbr,20210126,6635499.42857
gbr,20210127,6994923.14286
gbr,20210128,7354857.28571
gbr,20210129,7716200.71429
gbr,20210130,8094115.14286
gbr,20210131,8486476.28571
gbr,20210201,8889010.28571
gbr,20210202,9300708.85714
gbr,20210203,9734879.42857
gbr,20210204,10178822.57143
gbr,20210205,10623950.42857
gbr,20210206,11060858.28571
gbr,20210207,11491717
gbr,20210208,11923055.14286
gbr,20210209,12359829.14286
gbr,20210210,12794273.57143
gbr,20210211,13232170.42857
gbr,20210212,13677374.57143
gbr,20210213,14116398.42857
gbr,20210214,14549711.85714
gbr,20210215,14972482.42857
gbr,20210216,15389867.85714
gbr,20210217,15813189.42857
gbr,20210218,16230733.57143
gbr,20210219,16625109.42857
gbr,20210220,16996161.57143
gbr,20210221,17354502.14286
gbr,20210222,17702601.71429
gbr,20210223,18047234.42857
gbr,20210224,18389484
gbr,20210225,18739264.71429
gbr,20210226,19110483.42857
gbr,20210227,19494542.57143
gbr,20210228,19886414.28571
gbr,20210301,20281235.42857
gbr,20210302,20665099.57143
gbr,20210303,21029939.57143
gbr,20210304,21384124
gbr,20210305,21732161.14286
gbr,20210306,22082137
gbr,20210307,22429084.28571
gbr,20210308,22779261.71429
gbr,20210309,23131426.71429
gbr,20210310,23482683.57143
gbr,20210311,23820786.42857
gbr,20210312,24153606.28571
gbr,20210313,24502978.57143
gbr,20210314,24866350.42857
gbr,20210315,25256292.28571
gbr,20210316,25680362.14286
gbr,20210317,26138832.85714
gbr,20210318,26641004.14286
gbr,20210319,27183661.28571
gbr,20210320,27766321.57143
gbr,20210321,28368587.14286
gbr,20210322,28966873.57143
gbr,20210323,29560258
gbr,20210324,30153421.28571
gbr,20210325,30732162.85714
gbr,20210326,31304376.42857
gbr,20210327,31850715.28571
gbr,20210328,32400129
gbr,20210329,32948520.14286
gbr,20210330,33498167.57143
gbr,20210331,34054486.57143
gbr,20210401,34618935.57143
gbr,20210402,35134683.42857
gbr,20210403,35596665.14286
gbr,20210404,36009307
gbr,20210405,36379133.85714
gbr,20210406,36715878
gbr,20210407,37035610.42857
gbr,20210408,37345239.57143
gbr,20210409,37683863.42857
gbr,20210410,38065278.71429
gbr,20210411,38469997.57143
gbr,20210412,38896968.14286
gbr,20210413,39340622.71429
gbr,20210414,39777661.85714
gbr,20210415,40214980.14286
gbr,20210416,40663470.85714
gbr,20210417,41119496
gbr,20210418,41582025.42857
gbr,20210419,42060601.57143
gbr,20210420,42549012.14286
gbr,20210421,43047862
gbr,20210422,43548796.28571
gbr,20210423,44044813.42857
gbr,20210424,44549019.57143
gbr,20210425,45058379.71429
gbr,20210426,45570877
gbr,20210427,46088794.85714
gbr,20210428,46615617.28571
gbr,20210429,47149879.57143
gbr,20210430,47679366.57143
gbr,20210501,48183007.28571
gbr,20210502,48675550.71429
gbr,20210503,49140196.42857
gbr,20210504,49588994
gbr,20210505,50030119.85714
gbr,20210506,50470436.57143
gbr,20210507,50915246
gbr,20210508,51373253.28571
gbr,20210509,51834829.42857
gbr,20210510,52317375.42857
gbr,20210511,52814293.42857
gbr,20210512,53324543.42857
gbr,20210513,53838915.42857
gbr,20210514,54355379.85714
gbr,20210515,54874803.28571
gbr,20210516,55398121.85714
gbr,20210517,55924139.57143
gbr,20210518,56451991.71429
gbr,20210519,56979448
gbr,20210520,57514224
gbr,20210521,58053695.71429
gbr,20210522,58612279.42857
gbr,20210523,59179925
gbr,20210524,59760363.71429
gbr,20210525,60351664.28571
gbr,20210526,60947207.85714
gbr,20210527,61543044.28571
gbr,20210528,62138031.14286
gbr,20210529,62710162.71429
gbr,20210530,63275539
gbr,20210531,63817103.14286
gbr,20210601,64340515.57143
gbr,20210602,64843671.57143
gbr,20210603,65329441
gbr,20210604,65804862.14286
gbr,20210605,66290942.85714
gbr,20210606,66785034.57143
gbr,20210607,67297749.14286
gbr,20210608,67810922.57143
gbr,20210609,68319958.14286
gbr,20210610,68820527.71429
gbr,20210611,69313635.57143
gbr,20210612,69792103.42857
gbr,20210613,70262151.71429
gbr,20210614,70724992.28571
gbr,20210615,71183606.42857
gbr,20210616,71633303.71429
gbr,20210617,72076942.85714
gbr,20210618,72508166.85714
gbr,20210619,72931118.42857
gbr,20210620,73346185.57143
gbr,20210621,73717231.28571
gbr,20210622,74106850.28571
gbr,20210623,74488645.85714
gbr,20210624,74860742.71429
gbr,20210625,75225475.28571
gbr,20210626,75578399.57143
gbr,20210627,75929910.85714
gbr,20210628,76310689.42857
gbr,20210629,76654034.71429
gbr,20210630,76988998.57143
gbr,20210701,77316283
gbr,20210702,77632684
gbr,20210703,77934749.57143
gbr,20210704,78226153
gbr,20210705,78511770.71429
gbr,20210706,78790282.42857
gbr,20210707,79060432
gbr,20210708,79320053.85714
gbr,20210709,79575078.42857
gbr,20210710,79826047.42857
gbr,20210711,80071443.28571
gbr,20210712,80310393.42857
gbr,20210713,80546259.57143
gbr,20210714,80780355
gbr,20210715,81013261.42857
gbr,20210716,81246582.57143
gbr,20210717,81478078.28571
gbr,20210718,81709208.85714
gbr,20210719,81940278.57143
gbr,20210720,82168914.71429
gbr,20210721,82395037.14286
gbr,20210722,82616696.57143
gbr,20210723,82832714.57143
gbr,20210724,83042341.14286
gbr,20210725,83251316.71429
gbr,20210726,83460253
gbr,20210727,83667294.71429
gbr,20210728,83872419.42857
gbr,20210729,84076106.71429
gbr,20210730,84276294.71429
gbr,20210731,84476932.57143
gbr,20210801,84677108.85714
gbr,20210802,84873475
gbr,20210803,85067698.14286
gbr,20210804,85259633.14286
gbr,20210805,85449556.85714
gbr,20210806,85639125.14286
gbr,20210807,85828798.14286
gbr,20210808,86019276.42857
gbr,20210809,86212182.42857
gbr,20210810,86407460.28571
gbr,20210811,86605070.42857
gbr,20210812,86806787.85714
gbr,20210813,87009468.57143
gbr,20210814,87211379.85714
gbr,20210815,87415109.28571
gbr,20210816,87619528.42857
gbr,20210817,87824096.85714
gbr,20210818,88028833.57143
gbr,20210819,88232726.71429
gbr,20210820,88438934.42857
gbr,20210821,88648242.14286
gbr,20210822,88857415.14286
gbr,20210823,89067099.28571
gbr,20210824,89276267.28571
gbr,20210825,89487331.57143
gbr,20210826,89693972.71429
gbr,20210827,89893201.85714
gbr,20210828,90079441.28571
gbr,20210829,90258128.28571
gbr,20210830,90423759.14286
gbr,20210831,90585563.57143
gbr,20210901,90737038.28571
gbr,20210902,90882698.85714
gbr,20210903,91023997
gbr,20210904,91164244.85714
gbr,20210905,91303229.57143
gbr,20210906,91444560.28571
gbr,20210907,91579201.14286
gbr,20210908,91707501.71429
gbr,20210909,91830530.71429
gbr,20210910,91949562.42857
gbr,20210911,92062360.57143
gbr,20210912,92171241.85714
gbr,20210913,92276890
gbr,20210914,92378523.57143
gbr,20210915,92476528.71429
gbr,20210916,92569469.28571
gbr,20210917,92657165.14286
gbr,20210918,92740964.28571
gbr,20210919,92822110.14286
gbr,20210920,92901314.71429
gbr,20210921,92977579.28571
gbr,20210922,93050848.71429
gbr,20210923,93121639.14286
gbr,20210924,93191174.42857
gbr,20210925,93256812.42857
gbr,20210926,93321382.71429
gbr,20210927,93384753.57143
gbr,20210928,93448352.28571
gbr,20210929,93511794.71429
gbr,20210930,93699146
gbr,20211001,93908498
gbr,20211002,94144779.14286
gbr,20211003,94394438.85714
gbr,20211004,94663068.42857
gbr,20211005,94954645.71429
gbr,20211006,95268775.71429
gbr,20211007,95483231.57143
gbr,20211008,95698873.14286
gbr,20211009,95922480.85714
gbr,20211010,96146068.57143
gbr,20211011,96367721.28571
gbr,20211012,96589530
gbr,20211013,96855128.57143
gbr,20211014,97130896.14286
gbr,20211015,97414721.14286
gbr,20211016,97706117.71429
gbr,20211017,98000100.14286
gbr,20211018,98303242
gbr,20211019,98617902.85714
gbr,20211020,98904350.71429
gbr,20211021,99244692.14286
gbr,20211022,99596465.28571
gbr,20211023,99958535.85714
gbr,20211024,100329349.28571
gbr,20211025,100709132.85714
gbr,20211026,101091893.28571
gbr,20211027,101477887.14286
gbr,20211028,101817928
gbr,20211029,102154735.85714
gbr,20211030,102490558.42857
gbr,20211031,102825019
gbr,20211101,103158566
gbr,20211102,103497209.14286
gbr,20211103,103844976.28571
gbr,20211104,104197390.57143
gbr,20211105,104555569.57143
gbr,20211106,104920929
gbr,20211107,105292793.42857
gbr,20211108,105669464.42857
gbr,20211109,106051431.71429
gbr,20211110,106473420.57143
gbr,20211111,106899873.14286
gbr,20211112,107329944.71429
gbr,20211113,107765117.28571
gbr,20211114,108201289.85714
gbr,20211115,108638203.14286
gbr,20211116,109074764
gbr,20211117,109474245
gbr,20211118,109874687.42857
gbr,20211119,110274903.42857
gbr,20211120,110674181.28571
gbr,20211121,111075027.14286
gbr,20211122,111477767
gbr,20211123,111882666
gbr,20211124,112285755.14286
gbr,20211125,112689686.57143
gbr,20211126,113093356
gbr,20211127,113498241.85714
gbr,20211128,113912836.57143
gbr,20211129,114329890.28571
gbr,20211130,114752845.28571
gbr,20211201,115181410.42857
gbr,20211202,115615011.42857
gbr,20211203,116053085.57143
gbr,20211204,116492237.28571
gbr,20211205,116931819.42857
gbr,20211206,117372401.85714
gbr,20211207,117811220.28571
gbr,20211208,118249974
gbr,20211209,118695814.57143
gbr,20211210,119147502.71429
gbr,20211211,119611505.14286
gbr,20211212,120091473
gbr,20211213,120598390
gbr,20211214,121146127.57143
gbr,20211215,121743331.14286
gbr,20211216,122398983
gbr,20211217,123118165
gbr,20211218,123895819.14286
gbr,20211219,124740398.57143
gbr,20211220,125645822.28571
gbr,20211221,126598963.71429
gbr,20211222,127569313.28571
gbr,20211223,128503338.85714
gbr,20211224,129332565.85714
gbr,20211225,130017152.71429
gbr,20211226,130574236.85714
gbr,20211227,131035131.28571
gbr,20211228,131398279.28571
gbr,20211229,131701308
gbr,20211230,131974739.57143
gbr,20211231,132249657.85714
gbr,20220101,132526226.85714
gbr,20220102,132818999.14286
gbr,20220103,133093899.42857
gbr,20220104,133355956.42857
gbr,20220105,133590371.42857
gbr,20220106,133798251.14286
gbr,20220107,134016995.85714
gbr,20220108,134277812.28571
gbr,20220109,134546433.71429
gbr,20220110,134815612.14286
gbr,20220111,135070372.42857
gbr,20220112,135304892.71429
gbr,20220113,135521596.14286
gbr,20220114,135721613.14286
gbr,20220115,135903893.28571
gbr,20220116,136074866.57143
gbr,20220117,136234602.71429
gbr,20220118,136385039.42857
gbr,20220119,136526493.28571
gbr,20220120,136661106.57143
gbr,20220121,136789901.28571
gbr,20220122,136911141
gbr,20220123,137028064.71429
gbr,20220124,137143016.71429
gbr,20220125,137254213.28571
gbr,20220126,137363571.14286
gbr,20220127,137470347.14286
gbr,20220128,137575019.28571
gbr,20220129,137675678.57143
gbr,20220130,137774521.28571
gbr,20220131,137870071.28571
gbr,20220201,137962881.28571
gbr,20220202,138052553.57143
gbr,20220203,138139332.28571
gbr,20220204,138222385.42857
gbr,20220205,138300783
gbr,20220206,138375144.42857
gbr,20220207,138447638.42857
geo,20210314,0
geo,20210329,2462
geo,20210331,4248.66667
geo,20210405,6087.25
geo,20210407,8008.4
geo,20210409,9550.5
geo,20210410,10798.57143
geo,20210412,13744.57143
geo,20210413,16196.85714
geo,20210414,18435.57143
geo,20210415,20337.57143
geo,20210416,21871
geo,20210417,23355.71429
geo,20210419,25058.85714
geo,20210420,26544.14286
geo,20210421,27947.14286
geo,20210422,29353.42857
geo,20210423,30779.14286
geo,20210426,32511.42857
geo,20210427,34288.71429
geo,20210428,35944.71429
geo,20210429,37737.42857
geo,20210430,39655.57143
geo,20210505,41743
geo,20210506,44129.14286
geo,20210507,46434
geo,20210508,49068
geo,20210510,52017.42857
geo,20210511,55384.28571
geo,20210512,59131.71429
geo,20210513,63330.85714
geo,20210514,67541.71429
geo,20210515,71913
geo,20210517,76302.57143
geo,20210518,80710.85714
geo,20210519,84999
geo,20210520,89262.57143
geo,20210521,93285
geo,20210522,97330.57143
geo,20210524,101289.71429
geo,20210525,105303.14286
geo,20210526,109297.14286
geo,20210527,113361.14286
geo,20210528,117450
geo,20210529,121607.42857
geo,20210531,125824.42857
geo,20210601,130248.71429
geo,20210602,134796.85714
geo,20210603,139693.28571
geo,20210604,144885.57143
geo,20210605,150213.42857
geo,20210607,155748.14286
geo,20210608,161437.28571
geo,20210609,167258.42857
geo,20210610,173231.28571
geo,20210611,179170.71429
geo,20210612,184937.42857
geo,20210614,190671.42857
geo,20210615,196216.85714
geo,20210616,201646
geo,20210617,206851.42857
geo,20210618,211803.57143
geo,20210619,216488.14286
geo,20210621,221073.28571
geo,20210622,225466.14286
geo,20210623,229793
geo,20210624,233884.14286
geo,20210625,237796.85714
geo,20210626,241491.57143
geo,20210628,245038.85714
geo,20210629,248405.14286
geo,20210630,251752.57143
geo,20210702,255139.71429
geo,20210705,258536
geo,20210706,262002.42857
geo,20210707,265765.71429
geo,20210708,269893.42857
geo,20210709,274382.71429
geo,20210722,292972.57143
geo,20210725,312712.28571
geo,20210726,334032.85714
geo,20210727,356887.85714
geo,20210729,383602.57143
geo,20210731,411882.57143
geo,20210801,442937
geo,20210803,464488.14286
geo,20210804,487395.57143
geo,20210805,511002.57143
geo,20210806,535887.28571
geo,20210807,558954.14286
geo,20210808,581761.42857
geo,20210809,604363.85714
geo,20210810,625264
geo,20210811,646868
geo,20210812,669397.42857
geo,20210813,692382.28571
geo,20210814,716028
geo,20210816,743252.71429
geo,20210818,774477.42857
geo,20210819,805723.85714
geo,20210822,840901.85714
geo,20210823,874967.57143
geo,20210824,913597.57143
geo,20210825,952738.28571
geo,20210826,990346
geo,20210828,1027825.28571
geo,20210829,1064502
geo,20210831,1100013.57143
geo,20210901,1136524
geo,20210902,1168108.14286
geo,20210904,1203573.28571
geo,20210905,1236568.14286
geo,20210906,1264302
geo,20210907,1293198.57143
geo,20210910,1324991.42857
geo,20210912,1363934.28571
geo,20210914,1403181.42857
geo,20210916,1445496.42857
geo,20210919,1492497.42857
geo,20210920,1539816.42857
geo,20210921,1585492.71429
geo,20210922,1623721.14286
geo,20210923,1653305
geo,20210925,1681242.28571
geo,20210926,1701120.57143
geo,20210927,1716240.28571
geo,20210928,1731022.28571
geo,20211002,1749203.28571
geo,20211003,1765969.42857
geo,20211004,1781928.42857
geo,20211006,1797181.42857
geo,20211009,1813366.57143
geo,20211010,1829647.57143
geo,20211011,1844983.14286
geo,20211013,1855771.85714
geo,20211014,1867440.42857
geo,20211019,1880890.14286
geo,20211103,1902898.42857
geo,20211104,1921812.28571
geo,20211106,1940257.71429
geo,20211107,1957845
geo,20211108,1975214
geo,20211109,1992128
geo,20211111,2008128.71429
geo,20211112,2015372.71429
geo,20211113,2022688.71429
geo,20211115,2030296.28571
geo,20211116,2039000.57143
geo,20211117,2048070.14286
geo,20211119,2058313
geo,20211121,2067487.28571
geo,20211122,2076952.71429
geo,20211123,2086451.14286
geo,20211125,2097411
geo,20211128,2110182.71429
geo,20211130,2125763.42857
geo,20211201,2141163.71429
geo,20211203,2159373.71429
geo,20211205,2178031.28571
geo,20211206,2197788.28571
geo,20211207,2216452.14286
geo,20211208,2233726
geo,20211210,2250438.57143
geo,20211212,2266724.57143
geo,20211213,2280939.14286
geo,20211214,2295065
geo,20211215,2309135.42857
geo,20211216,2322989
geo,20211217,2336696.85714
geo,20211218,2348218.14286
geo,20211219,2358578.14286
geo,20211220,2369342.57143
geo,20211221,2380452.71429
geo,20211223,2391694.28571
geo,20211224,2403131
geo,20211226,2416614.14286
geo,20211228,2432966
geo,20211230,2451322.85714
geo,20220103,2468572.57143
geo,20220104,2484759.42857
geo,20220105,2500258
geo,20220106,2515097.42857
geo,20220108,2527182.85714
geo,20220110,2537206.28571
geo,20220111,2546460.42857
geo,20220112,2556184.57143
geo,20220113,2565973
geo,20220115,2576357.42857
geo,20220116,2585903.57143
geo,20220117,2596053
geo,20220118,2605614.14286
geo,20220119,2613894.85714
geo,20220120,2621784.71429
geo,20220121,2629601.28571
geo,20220122,2636342.42857
geo,20220124,2642918.14286
geo,20220125,2649396.57143
geo,20220126,2655681.28571
geo,20220127,2664200.57143
geo,20220129,2672976.14286
geo,20220130,2681779.57143
geo,20220131,2691134.42857
geo,20220201,2701380.71429
geo,20220202,2711206.71429
geo,20220203,2720580.14286
geo,20220204,2727995
geo,20220205,2734462.28571
geo,20220207,2740603.71429
geo,20220208,2745970.28571
gha,20210301,0
gha,20210308,101126
gha,20210310,167417.33333
gha,20210318,230563
gha,20210324,284450.4
gha,20210407,336896.66667
gha,20210408,381251.42857
gha,20210409,478567.28571
gha,20210411,550210.14286
gha,20210412,613402.85714
gha,20210415,661358
gha,20210420,710289.57143
gha,20210426,745641
gha,20210524,774282.57143
gha,20210531,852426.14286
gha,20210620,928015.28571
gha,20210705,1002205
gha,20210712,1075007.85714
gha,20210719,1136275.28571
gha,20210920,1247274.42857
gha,20211007,1438943.14286
gha,20211021,1653131.85714
gha,20211028,1902687.57143
gha,20211104,2165647.42857
gha,20211105,2436698.85714
gha,20211110,2710516.14286
gha,20211118,2959651.71429
gha,20211124,3145956.85714
gha,20211215,3358733
gha,20211223,4040942.28571
gha,20220113,4884060.71429
gha,20220117,5863092.42857
gib,20210110,420
gib,20210111,932.5
gib,20210112,1455.33333
gib,20210115,2375.25
gib,20210116,3069.6
gib,20210117,3532.5
gib,20210118,3947.14286
gib,20210119,4889.57143
gib,20210120,5685.57143
gib,20210121,6463.57143
gib,20210122,6998.14286
gib,20210123,7563.85714
gib,20210124,8205.85714
gib,20210125,8792.14286
gib,20210126,9371.57143
gib,20210127,10027.28571
gib,20210128,10653.71429
gib,20210129,11223.57143
gib,20210130,11660.57143
gib,20210131,12081.28571
gib,20210201,12618.42857
gib,20210202,13235.28571
gib,20210203,13888.14286
gib,20210204,14582
gib,20210205,15354.57143
gib,20210206,16241.14286
gib,20210207,17067.71429
gib,20210208,17888.42857
gib,20210209,18692.71429
gib,20210210,19524.42857
gib,20210211,20369.28571
gib,20210212,21215.14286
gib,20210213,22103
gib,20210214,23084.28571
gib,20210215,23989.28571
gib,20210216,24848.14286
gib,20210217,25660.71429
gib,20210218,26471.42857
gib,20210219,27205.57143
gib,20210220,27783.71429
gib,20210221,28425.28571
gib,20210222,29175.57143
gib,20210223,29985.85714
gib,20210224,30797.85714
gib,20210225,31629.57143
gib,20210226,32566.14286
gib,20210227,33633.85714
gib,20210228,34544.71429
gib,20210301,35462.57143
gib,20210302,36407.85714
gib,20210303,37448
gib,20210304,38407.71429
gib,20210305,39358.85714
gib,20210306,40345.14286
gib,20210307,41331.42857
gib,20210308,42214.85714
gib,20210309,43010.85714
gib,20210310,43616.85714
gib,20210311,44212.57143
gib,20210312,44725.14286
gib,20210313,45071.42857
gib,20210314,45571.14286
gib,20210315,46150.57143
gib,20210316,46784
gib,20210317,47510.71429
gib,20210318,48321.42857
gib,20210319,49206.42857
gib,20210320,50211.42857
gib,20210321,51063
gib,20210322,51858
gib,20210323,52609.28571
gib,20210324,53451.57143
gib,20210325,54219.14286
gib,20210326,54978.42857
gib,20210327,55776.28571
gib,20210329,56616.14286
gib,20210330,57450
gib,20210331,58261.14286
gib,20210401,58979.71429
gib,20210407,59809
gib,20210409,60576.28571
gib,20210410,61278.42857
gib,20210411,62031.14286
gib,20210412,62778.71429
gib,20210413,63627.85714
gib,20210415,64388.57143
gib,20210418,65013
gib,20210421,65634.28571
gib,20210422,66248.71429
gib,20210426,66882
gib,20210427,67539.28571
gib,20210429,68128.57143
gib,20210430,68826
gib,20210504,69566.28571
gib,20210505,70324.57143
gib,20210506,71110.85714
gib,20210507,71897.14286
gib,20210513,72601.28571
gib,20210518,73293.71429
gib,20210519,73986.14286
gib,20210522,74599.71429
gib,20210527,75176.42857
gib,20210528,75712.85714
gib,20210529,76179
gib,20210602,76644.14286
gib,20210608,77011.57143
gib,20210612,77278.71429
gib,20210621,77533
gib,20210624,77723.85714
gib,20210629,77846.42857
gib,20210702,77933
gib,20210713,78006.71429
gib,20210714,78082.14286
gib,20210715,78154.71429
gib,20210721,78213.57143
gib,20210723,78263.85714
gib,20210726,78309.14286
gib,20210729,78354.14286
gib,20210730,78386.42857
gib,20210805,78416.14286
gib,20210807,78440.57143
gib,20210810,78459.85714
gib,20210811,78478.28571
gib,20210814,78497.42857
gib,20210817,78516
gib,20210819,78537.14286
gib,20210820,78562.57143
gib,20210821,78588
gib,20210824,78616.85714
gib,20210825,78648.42857
gib,20210826,78682.28571
gib,20210827,78716.85714
gib,20210828,78752.14286
gib,20210901,78783.85714
gib,20210903,78822.85714
gib,20210907,78865.28571
gib,20210908,78905
gib,20210909,78947.42857
gib,20210911,78991.14286
gib,20210915,79039.14286
gib,20210916,79088.28571
gib,20210917,79132.28571
gib,20210918,79173.71429
gib,20210921,79217.71429
gib,20210922,79261
gib,20210924,79311.57143
gib,20210925,79356.14286
gib,20210928,79398.14286
gib,20210929,79437.71429
gib,20210930,79475.42857
gib,20211001,79511.42857
gib,20211005,79543.14286
gib,20211006,79569
gib,20211007,79606.42857
gib,20211008,79661.14286
gib,20211009,79715.28571
gib,20211011,79766.42857
gib,20211012,79909.85714
gib,20211013,80121.42857
gib,20211014,80386
gib,20211015,80700.57143
gib,20211017,81147.57143
gib,20211018,81652
gib,20211019,82208.85714
gib,20211020,82764
gib,20211021,83332.14286
gib,20211022,83913.71429
gib,20211023,84485.28571
gib,20211024,85008.28571
gib,20211025,85567.42857
gib,20211026,86115.71429
gib,20211027,86622.42857
gib,20211028,87099.14286
gib,20211029,87553.42857
gib,20211030,87996.42857
gib,20211105,88618
gib,20211106,89189.28571
gib,20211109,89807.42857
gib,20211110,90412
gib,20211111,90963.85714
gib,20211112,91534.28571
gib,20211113,92098.57143
gib,20211114,92522.57143
gib,20211115,92901.28571
gib,20211116,93255.42857
gib,20211117,93638.42857
gib,20211118,94088.42857
gib,20211119,94514.85714
gib,20211120,94943.85714
gib,20211121,95229.85714
gib,20211123,95568.57143
gib,20211126,96014.57143
gib,20211127,96395.14286
gib,20211130,96770.42857
gib,20211201,97154.28571
gib,20211202,97583.85714
gib,20211203,98116.42857
gib,20211204,98688.57143
gib,20211207,99212
gib,20211208,99863
gib,20211210,100623.14286
gib,20211211,101394.14286
gib,20211214,102198.28571
gib,20211215,103021.57143
gib,20211216,103853.71429
gib,20211217,104638
gib,20211218,105368.71429
gib,20211222,106053.57143
gib,20211223,106697.14286
gib,20220107,107257.14286
gib,20220111,107743
gib,20220112,108155.71429
gib,20220113,108516.57143
gib,20220114,108826.85714
gib,20220115,109035.42857
gib,20220118,109250.42857
gib,20220119,109452.71429
gib,20220120,109630.42857
gib,20220121,109785
gib,20220122,109951.57143
gib,20220127,110151.28571
gib,20220128,110348.71429
gib,20220129,110530.57143
gib,20220201,110706.14286
gib,20220202,110872.71429
gib,20220208,111107.85714
gin,20210331,62645
gin,20210407,72390
gin,20210415,83601.33333
gin,20210416,90025
gin,20210419,94521.2
gin,20210420,97817.16667
gin,20210421,100430.85714
gin,20210422,109267.42857
gin,20210424,116011.71429
gin,20210425,119354.57143
gin,20210426,122646.57143
gin,20210427,125924.85714
gin,20210428,129398.14286
gin,20210429,132995.42857
gin,20210430,135714.42857
gin,20210503,138059.85714
gin,20210504,140601.57143
gin,20210505,143238.57143
gin,20210506,148106.42857
gin,20210507,153108.28571
gin,20210511,161892.57143
gin,20210512,170633
gin,20210517,181920.14286
gin,20210519,194440.14286
gin,20210520,206714.14286
gin,20210523,219835.42857
gin,20210524,234164.14286
gin,20210525,246041.28571
gin,20210526,259989.71429
gin,20210529,276333.14286
gin,20210531,293168
gin,20210602,311531.42857
gin,20210603,327028.71429
gin,20210607,341563
gin,20210608,355713
gin,20210610,369883.71429
gin,20210611,379040.42857
gin,20210615,391718.42857
gin,20210617,404202.71429
gin,20210621,419186.14286
gin,20210622,440486.28571
gin,20210623,461367.42857
gin,20210624,480084.14286
gin,20210627,499716.14286
gin,20210628,514235
gin,20210629,531093.14286
gin,20210630,545109.14286
gin,20210703,552776.57143
gin,20210704,577949
gin,20210705,604848.42857
gin,20210707,632594.14286
gin,20210712,665109.85714
gin,20210713,694471.28571
gin,20210714,724138
gin,20210716,753528.57143
gin,20210718,764630
gin,20210725,775918.57143
gin,20210727,785804.85714
gin,20210728,790769.42857
gin,20210730,808350.71429
gin,20210801,826111.14286
gin,20210806,845327.71429
gin,20210808,865490.71429
gin,20210809,884509.42857
gin,20210810,903711.57143
gin,20210811,923927.71429
gin,20210812,931589.71429
gin,20210815,939461.57143
gin,20210816,945729.85714
gin,20210817,952120.28571
gin,20210818,958833.14286
gin,20210819,972689.14286
gin,20210822,988422.28571
gin,20210823,1004248.42857
gin,20210825,1023100
gin,20210829,1047003.14286
gin,20210830,1079682.14286
gin,20210831,1114531.57143
gin,20210903,1145345.42857
gin,20210906,1178070
gin,20210908,1213743.14286
gin,20210909,1248282.14286
gin,20210912,1283208.42857
gin,20210914,1310067.42857
gin,20210919,1341615.71429
gin,20210920,1373027.28571
gin,20210921,1411386.14286
gin,20210923,1463893.14286
gin,20210924,1516209.71429
gin,20210926,1567385
gin,20210928,1622418.71429
gin,20210930,1674063.28571
gin,20211003,1725661
gin,20211005,1768942.71429
gin,20211010,1800651.57143
gin,20211012,1832888.71429
gin,20211013,1868615.57143
gin,20211014,1902542.42857
gin,20211018,1935866.42857
gin,20211021,1977594.85714
gin,20211024,2022204.71429
gin,20211026,2062131.85714
gin,20211027,2102361.42857
gin,20211031,2140146.42857
gin,20211101,2176273.85714
gin,20211103,2210117.42857
gin,20211107,2242281.42857
gin,20211110,2270050.14286
gin,20211121,2305988
gin,20211123,2339625.57143
gin,20211124,2367670.71429
gin,20211125,2394826.57143
gin,20211126,2420646.57143
gin,20211128,2436341.57143
gin,20211204,2454848.85714
gin,20211211,2464700.28571
gin,20211212,2473686.42857
gin,20211220,2489860.57143
gin,20211221,2507777.42857
gin,20211223,2537830.71429
gin,20211224,2573026.85714
gin,20211225,2607665.85714
gin,20211226,2645885.71429
gin,20211228,2695555.28571
gin,20211229,2743867.85714
gin,20211230,2793998.42857
gin,20211231,2834665
gin,20220101,2912581.71429
gin,20220102,2987998.71429
gin,20220103,3068647.28571
gin,20220104,3142932
gin,20220105,3216416.71429
gin,20220107,3286316.28571
gin,20220110,3353294.85714
gin,20220111,3377650.28571
gin,20220115,3400857.57143
gin,20220117,3566110.57143
gin,20220120,3741295.14286
gin,20220122,3916226
gin,20220123,4092761.14286
gin,20220124,4271634.14286
gin,20220131,4461297.14286
gin,20220201,4651463.71429
gin,20220205,4689494.57143
gmb,20210309,0
gmb,20210328,2672.5
gmb,20210406,6006.33333
gmb,20210409,8688.5
gmb,20210424,11135.2
gmb,20210505,13389.16667
gmb,20210509,15111.42857
gmb,20210511,18793.71429
gmb,20210531,22194.14286
gmb,20210608,26213.57143
gmb,20210623,29691
gmb,20210630,32841.42857
gmb,20210715,35541.14286
gmb,20210823,58270.85714
gmb,20210825,81945.14286
gmb,20210828,105428.57143
gmb,20210829,127307.28571
gmb,20210831,149621.57143
gmb,20210903,172036.71429
gmb,20210907,194647.85714
gmb,20210921,197882.42857
gmb,20210929,200294.28571
gmb,20211019,207116.85714
gmb,20211022,215828.85714
gmb,20211026,224575.71429
gmb,20211031,233967
gmb,20211106,243313.85714
gmb,20211114,251949.42857
gmb,20211121,260467.85714
gmb,20211202,264735.85714
gmb,20211211,267367.28571
gmb,20211214,269906
gmb,20211228,274060
gmb,20220121,285861.71429
gnb,20210512,5889
gnb,20210608,12297.5
gnb,20210628,15826
gnb,20210719,18175.75
gnb,20210809,20634.8
gnb,20210823,22377.33333
gnb,20210917,31079.71429
gnb,20210922,43769.14286
gnb,20211006,57920.85714
gnb,20211012,71886.28571
gnb,20211018,85640
gnb,20211024,99563.57143
gnb,20211031,115032
gnb,20211103,129091.85714
gnb,20211108,155040.42857
gnb,20211111,182134.14286
gnb,20211115,212162.42857
gnb,20211116,242304.71429
gnb,20211122,275967.14286
gnb,20211125,308212.85714
gnb,20211128,334881.71429
gnb,20211205,350920.42857
gnb,20211213,365060
gnb,20211220,376654.71429
gnb,20211223,388060.85714
gnb,20211228,395255.85714
gnb,20220101,402268
gnb,20220107,408849.42857
gnb,20220112,412645.14286
gnb,20220117,413998.42857
gnb,20220119,414641
gnb,20220122,415685.57143
gnb,20220128,417037.28571
gnb,20220202,420148.42857
gnb,20220206,428347
gnq,20210316,6565
gnq,20210329,9360
gnq,20210401,10933.33333
gnq,20210416,16421
gnq,20210420,22225
gnq,20210422,27820.66667
gnq,20210428,34634.57143
gnq,20210518,58806.71429
gnq,20210522,84637
gnq,20210525,112143.42857
gnq,20210528,138828.14286
gnq,20210531,164408.42857
gnq,20210603,190178.42857
gnq,20210610,214708.42857
gnq,20210612,225053.28571
gnq,20210615,233919.42857
gnq,20210617,241136.71429
gnq,20210623,246822.85714
gnq,20210625,251969.28571
gnq,20210628,256064.14286
gnq,20210630,258618.71429
gnq,20210702,261732.57143
gnq,20210705,263991.28571
gnq,20210707,266833.57143
gnq,20210710,269615.28571
gnq,20210713,272270.28571
gnq,20210717,275657.28571
gnq,20210721,279741.85714
gnq,20210724,284232.14286
gnq,20210729,289292.71429
gnq,20210802,293837.85714
gnq,20210804,298527.28571
gnq,20210807,303552.42857
gnq,20210812,308393.14286
gnq,20210816,312928.42857
gnq,20210818,316902.14286
gnq,20210821,320551
gnq,20210824,324511.14286
gnq,20210827,329359.85714
gnq,20210902,334979.42857
gnq,20210904,340407.85714
gnq,20210908,345922.42857
gnq,20210910,351294.85714
gnq,20210913,356774.28571
gnq,20210920,363239.42857
gnq,20210930,370577.14286
gnq,20211006,377746.85714
gnq,20211009,384835.14286
gnq,20211012,392043
gnq,20211016,399550.14286
gnq,20211019,407065.14286
gnq,20211021,413182
gnq,20211027,417613.85714
gnq,20211029,421497.71429
gnq,20211030,424580
gnq,20211103,427248
gnq,20211106,429689.85714
gnq,20211110,431932.28571
gnq,20211115,434169
gnq,20211117,436026.14286
gnq,20211119,437719.57143
gnq,20211122,439361.71429
gnq,20211125,441048.42857
gnq,20211129,442363.42857
gnq,20211201,443529
gnq,20211214,444710
gnq,20211216,446348
gnq,20211222,447749.57143
gnq,20220108,449230.57143
gnq,20220118,450754.28571
grc,20201228,447
grc,20201229,762
grc,20201230,1082
grc,20201231,1396.25
grc,20210101,1637.6
grc,20210102,1889.5
grc,20210103,2172.28571
grc,20210104,3583.71429
grc,20210105,5805.71429
grc,20210106,8504.85714
grc,20210107,11948.57143
grc,20210108,16615.57143
grc,20210109,21941
grc,20210110,27766.14286
grc,20210111,33440.14286
grc,20210112,39132.14286
grc,20210113,45463
grc,20210114,51822.28571
grc,20210115,57556.57143
grc,20210116,63265.71429
grc,20210118,69159
grc,20210119,75503.14286
grc,20210120,83125.42857
grc,20210121,91839.14286
grc,20210122,102255.85714
grc,20210123,114354.28571
grc,20210125,128577.14286
grc,20210126,144556.71429
grc,20210127,161926.14286
grc,20210128,179705.28571
grc,20210129,197910.28571
grc,20210130,216111.71429
grc,20210201,235214
grc,20210202,254596.42857
grc,20210203,274648.85714
grc,20210204,295175
grc,20210205,316010.85714
grc,20210206,336652.85714
grc,20210208,357549.71429
grc,20210209,378129
grc,20210210,398687.14286
grc,20210211,419300.57143
grc,20210212,440202.71429
grc,20210213,461093.14286
grc,20210215,483505.71429
grc,20210216,506105.85714
grc,20210217,529790.85714
grc,20210218,554719.71429
grc,20210219,580709.85714
grc,20210220,607481
grc,20210221,631891.85714
grc,20210222,656986.85714
grc,20210223,683680.85714
grc,20210224,710920.85714
grc,20210225,738397
grc,20210226,765962.57143
grc,20210227,793446.14286
grc,20210301,825438.14286
grc,20210302,857828
grc,20210303,890511.57143
grc,20210304,923420.71429
grc,20210305,956697
grc,20210306,990188.85714
grc,20210308,1024508.71429
grc,20210309,1058394
grc,20210310,1091763.14286
grc,20210311,1124760.85714
grc,20210312,1157528.85714
grc,20210313,1189552.85714
grc,20210315,1217222.57143
grc,20210316,1244436
grc,20210317,1271200.14286
grc,20210318,1297643.71429
grc,20210319,1324025.28571
grc,20210320,1350083
grc,20210322,1376589.85714
grc,20210323,1407739.85714
grc,20210324,1439226
grc,20210325,1466564.42857
grc,20210326,1494692.71429
grc,20210327,1522860.42857
grc,20210329,1551315.42857
grc,20210330,1579877.71429
grc,20210331,1607923.42857
grc,20210401,1636794
grc,20210402,1671136.57143
grc,20210403,1707941.71429
grc,20210405,1748246.28571
grc,20210406,1792626.71429
grc,20210407,1840439.28571
grc,20210408,1891716.85714
grc,20210409,1945312.71429
grc,20210410,2001291.42857
grc,20210412,2057793.71429
grc,20210413,2114160
grc,20210414,2169619.71429
grc,20210415,2224406
grc,20210416,2278900.28571
grc,20210417,2332848.14286
grc,20210419,2386676.85714
grc,20210420,2440265.42857
grc,20210421,2493338.85714
grc,20210422,2546799.28571
grc,20210423,2600830.57143
grc,20210424,2655318.42857
grc,20210426,2711224.42857
grc,20210427,2768210.71429
grc,20210428,2826566.42857
grc,20210429,2887030.71429
grc,20210430,2942589.71429
grc,20210501,2992585.71429
grc,20210503,3037609.42857
grc,20210504,3083039.85714
grc,20210505,3135140.85714
grc,20210506,3194419.85714
grc,20210507,3260055.57143
grc,20210508,3338616
grc,20210510,3430801.85714
grc,20210511,3535311.14286
grc,20210512,3645614.57143
grc,20210513,3755529.28571
grc,20210514,3864230.14286
grc,20210515,3972429.14286
grc,20210517,4080715.14286
grc,20210518,4188335
grc,20210519,4295105
grc,20210520,4401305.42857
grc,20210521,4506421.57143
grc,20210522,4610419.71429
grc,20210524,4713294.71429
grc,20210525,4813610.71429
grc,20210526,4912588.71429
grc,20210527,5011104.28571
grc,20210528,5109013.71429
grc,20210529,5206593.85714
grc,20210531,5304349.57143
grc,20210601,5401371.28571
grc,20210602,5499007
grc,20210603,5596357.85714
grc,20210604,5693661.42857
grc,20210605,5791212.57143
grc,20210606,5885260.14286
grc,20210607,5979735.42857
grc,20210608,6075392.42857
grc,20210609,6171418.85714
grc,20210610,6267958.14286
grc,20210611,6364979
grc,20210612,6462846.14286
grc,20210613,6559904.42857
grc,20210614,6657048.42857
grc,20210615,6754193.42857
grc,20210616,6851244.42857
grc,20210617,6948453.14286
grc,20210618,7045556
grc,20210619,7142245.71429
grc,20210620,7238360.14286
grc,20210621,7320075.71429
grc,20210622,7402217
grc,20210623,7484970
grc,20210624,7567567.14286
grc,20210625,7650411
grc,20210626,7733479.85714
grc,20210627,7817819.14286
grc,20210628,7916586.28571
grc,20210629,8014122.28571
grc,20210630,8109756.85714
grc,20210701,8203060.57143
grc,20210702,8293635.85714
grc,20210703,8381265.14286
grc,20210704,8468624.57143
grc,20210705,8554307.42857
grc,20210706,8637914.42857
grc,20210707,8719984.14286
grc,20210708,8802118.85714
grc,20210709,8884859.57143
grc,20210710,8968709.71429
grc,20210711,9043430.57143
grc,20210712,9118192.14286
grc,20210713,9193166.85714
grc,20210714,9267363.85714
grc,20210715,9340196.14286
grc,20210716,9411515.57143
grc,20210717,9481392
grc,20210718,9551350.85714
grc,20210719,9620265.42857
grc,20210720,9687589.57143
grc,20210721,9753963.14286
grc,20210722,9820444
grc,20210723,9885514.57143
grc,20210724,9948786.57143
grc,20210725,10011557.42857
grc,20210726,10072963.14286
grc,20210727,10133548.85714
grc,20210728,10192497.85714
grc,20210729,10248448.14286
grc,20210730,10303122.71429
grc,20210731,10356796.85714
grc,20210801,10410527.57143
grc,20210802,10460628.42857
grc,20210803,10507801.42857
grc,20210804,10552696.28571
grc,20210805,10595721.57143
grc,20210806,10636510.28571
grc,20210807,10675044
grc,20210808,10713471
grc,20210809,10749973
grc,20210810,10784313.85714
grc,20210811,10817081.28571
grc,20210812,10848187.57143
grc,20210813,10877316.14286
grc,20210814,10903347
grc,20210815,10929219.14286
grc,20210816,10954152.85714
grc,20210817,10978776.28571
grc,20210818,11003113.42857
grc,20210819,11026674.71429
grc,20210820,11049969.71429
grc,20210821,11073599.42857
grc,20210822,11097250.42857
grc,20210823,11121192.71429
grc,20210824,11145159.28571
grc,20210825,11169628.85714
grc,20210826,11194932.14286
grc,20210827,11221112.71429
grc,20210828,11248058.57143
grc,20210829,11275065.71429
grc,20210830,11302308.28571
grc,20210831,11329918
grc,20210901,11357270.85714
grc,20210902,11384185.42857
grc,20210903,11410481.57143
grc,20210904,11436253.57143
grc,20210905,11461976.28571
grc,20210906,11487093
grc,20210907,11511557.42857
grc,20210908,11535738.14286
grc,20210909,11559808
grc,20210910,11584109
grc,20210911,11608912.71429
grc,20210912,11633726
grc,20210913,11658836.85714
grc,20210914,11684199.57143
grc,20210915,11710025.14286
grc,20210916,11735973.42857
grc,20210917,11762005.14286
grc,20210918,11788139.71429
grc,20210919,11814280
grc,20210920,11840117.71429
grc,20210921,11865397.71429
grc,20210922,11889844.14286
grc,20210923,11913604.71429
grc,20210924,11936939.71429
grc,20210925,11960056.42857
grc,20210926,11983144.71429
grc,20210927,12005673.71429
grc,20210928,12027761.71429
grc,20210929,12049411.14286
grc,20210930,12070917.42857
grc,20211001,12091571.57143
grc,20211002,12111448.42857
grc,20211003,12131299.57143
grc,20211004,12150398
grc,20211005,12169097
grc,20211006,12187165.42857
grc,20211007,12204534.42857
grc,20211008,12221657.57143
grc,20211009,12238301.57143
grc,20211010,12255050.85714
grc,20211011,12271465.71429
grc,20211012,12287465.71429
grc,20211013,12302952.71429
grc,20211014,12317907.42857
grc,20211015,12332264.57143
grc,20211016,12346062.71429
grc,20211017,12359855.42857
grc,20211018,12375211.28571
grc,20211019,12392124.71429
grc,20211020,12410768
grc,20211021,12431264.71429
grc,20211022,12453407
grc,20211023,12476868.57143
grc,20211024,12500223.71429
grc,20211025,12523158.14286
grc,20211026,12545097.85714
grc,20211027,12566892.14286
grc,20211028,12584995.85714
grc,20211029,12603525
grc,20211030,12622491.71429
grc,20211031,12641459.42857
grc,20211101,12660898
grc,20211102,12682009.14286
grc,20211103,12704534
grc,20211104,12732266.57143
grc,20211105,12761548.14286
grc,20211106,12791531
grc,20211107,12821731.85714
grc,20211108,12853898.14286
grc,20211109,12887844
grc,20211110,12924566.85714
grc,20211111,12964028.85714
grc,20211112,13005547.71429
grc,20211113,13049710
grc,20211114,13094071.14286
grc,20211115,13140056.28571
grc,20211116,13190396.85714
grc,20211117,13242714.85714
grc,20211118,13296798.42857
grc,20211119,13353184.14286
grc,20211120,13411917.42857
grc,20211121,13470899.57143
grc,20211122,13532284.57143
grc,20211123,13594622.85714
grc,20211124,13659203.57143
grc,20211125,13727008.14286
grc,20211126,13797677.14286
grc,20211127,13870847
grc,20211128,13944952.57143
grc,20211129,14021020.42857
grc,20211130,14097589.71429
grc,20211201,14175248
grc,20211202,14253431.14286
grc,20211203,14332317.85714
grc,20211204,14412778.14286
grc,20211205,14504787.42857
grc,20211206,14601875
grc,20211207,14701044.42857
grc,20211208,14802987.85714
grc,20211209,14907360
grc,20211210,15013900.28571
grc,20211211,15122115.71429
grc,20211212,15231193.14286
grc,20211213,15336467.71429
grc,20211214,15443309.14286
grc,20211215,15550112.14286
grc,20211216,15656841.71429
grc,20211217,15763516.28571
grc,20211218,15870572.42857
grc,20211219,15977656.14286
grc,20211220,16086540.28571
grc,20211221,16195143.28571
grc,20211222,16303156.14286
grc,20211223,16410236.42857
grc,20211224,16512587.57143
grc,20211225,16598990.71429
grc,20211226,16671314.57143
grc,20211227,16740335.57143
grc,20211228,16809135
grc,20211229,16877200.71429
grc,20211230,16944261.42857
grc,20211231,17009963.71429
grc,20220101,17075665
grc,20220102,17150179.42857
grc,20220103,17226002.28571
grc,20220104,17299951.57143
grc,20220105,17372743
grc,20220106,17435715
grc,20220107,17499158.71429
grc,20220108,17576430.71429
grc,20220109,17650512.28571
grc,20220110,17721793.57143
grc,20220111,17792380
grc,20220112,17861825
grc,20220113,17939120
grc,20220114,18017889.28571
grc,20220115,18094997.85714
grc,20220116,18171900
grc,20220117,18247107.28571
grc,20220118,18320152.14286
grc,20220119,18391216
grc,20220120,18459967.28571
grc,20220121,18526623.57143
grc,20220122,18591401.42857
grc,20220123,18654611.57143
grc,20220124,18715412.42857
grc,20220125,18769845.28571
grc,20220126,18817909
grc,20220127,18862290.14286
grc,20220128,18904896.28571
grc,20220129,18946245.42857
grc,20220130,18987382.85714
grc,20220131,19028273.85714
grc,20220201,19071626.57143
grc,20220202,19116748.14286
grc,20220203,19161236.14286
grc,20220204,19203284.85714
grc,20220205,19242592.71429
grc,20220206,19279933
grc,20220207,19315857.14286
grc,20220208,19351328.42857
grd,20210211,0
grd,20210216,73
grd,20210223,448.66667
grd,20210226,1086.5
grd,20210314,2554
grd,20210315,3562.66667
grd,20210324,4456.71429
grd,20210329,5897.28571
grd,20210403,7358.28571
grd,20210408,8717.85714
grd,20210409,9843.28571
grd,20210411,10198.57143
grd,20210416,10611.57143
grd,20210419,10884.42857
grd,20210422,11267.28571
grd,20210423,11708
grd,20210427,12255.57143
grd,20210429,12901.14286
grd,20210506,13771
grd,20210511,14917
grd,20210521,16605.85714
grd,20210528,18431.57143
grd,20210604,20362.57143
grd,20210611,22273.85714
grd,20210618,24239.57143
grd,20210625,26310.14286
grd,20210702,28426.14286
grd,20210709,30071.71429
grd,20210716,31530.57143
grd,20210723,32894.71429
grd,20210730,34289
grd,20210806,35585.57143
grd,20210809,36639.57143
grd,20210813,37323.85714
grd,20210820,38038.57143
grd,20210827,38999.71429
grd,20210903,40276.28571
grd,20210910,41769.28571
grd,20210917,43680.28571
grd,20210924,46079
grd,20211001,48916.71429
grd,20211008,52062.42857
grd,20211015,55330.71429
grd,20211022,58544.85714
grd,20211029,61613.71429
grd,20211105,64363.85714
grd,20211112,66738
grd,20211119,68785.85714
grd,20211129,70587.71429
grd,20211203,71986.57143
grd,20211210,73120
grd,20211217,74049.42857
grd,20211223,75137.28571
grd,20220107,76397.85714
grd,20220114,77698.28571
grd,20220121,78928.85714
grd,20220128,80211.28571
grd,20220204,81470.57143
grl,20210127,2584
grl,20210301,3857
grl,20210409,5756.33333
grl,20210412,6769.25
grl,20210413,7414.6
grl,20210414,7869.16667
grl,20210415,8206.71429
grl,20210416,9347.14286
grl,20210419,10182
grl,20210420,10461
grl,20210421,10807.42857
grl,20210422,11155.71429
grl,20210423,11543.85714
grl,20210426,11954.71429
grl,20210427,12332.85714
grl,20210428,12743.28571
grl,20210429,13119.14286
grl,20210503,13396.71429
grl,20210504,13645.71429
grl,20210507,13848.42857
grl,20210510,14086
grl,20210511,14328.85714
grl,20210512,14537.57143
grl,20210514,14841.71429
grl,20210517,15291.42857
grl,20210518,15903.42857
grl,20210519,16612.42857
grl,20210521,17334.57143
grl,20210525,18073
grl,20210526,18829.85714
grl,20210527,19493
grl,20210528,20005.28571
grl,20210530,20467.14286
grl,20210531,20915
grl,20210601,21379.85714
grl,20210602,21926.71429
grl,20210603,22602.28571
grl,20210604,23338.42857
grl,20210607,24091.57143
grl,20210608,24767.14286
grl,20210609,25580.28571
grl,20210610,26359
grl,20210611,27061.28571
grl,20210614,27779.71429
grl,20210615,28426.14286
grl,20210616,29118.14286
grl,20210617,29868
grl,20210618,30454.71429
grl,20210622,31007.85714
grl,20210623,31664.71429
grl,20210624,32269.28571
grl,20210625,32978.71429
grl,20210628,33653.71429
grl,20210629,34414.57143
grl,20210630,35428.14286
grl,20210701,36748.85714
grl,20210702,38132.57143
grl,20210705,39425.57143
grl,20210706,40667.28571
grl,20210707,42125.14286
grl,20210708,43517.71429
grl,20210709,44760.71429
grl,20210712,45930.71429
grl,20210713,46981.57143
grl,20210714,48007.14286
grl,20210716,49063.28571
grl,20210719,49877.71429
grl,20210720,50621
grl,20210721,51264
grl,20210722,51791.42857
grl,20210723,52396.71429
grl,20210726,53367
grl,20210727,54242.42857
grl,20210728,55167.28571
grl,20210729,56213.14286
grl,20210730,57581.42857
grl,20210802,58894.85714
grl,20210803,60052
grl,20210804,60924.85714
grl,20210805,61793.14286
grl,20210806,62716
grl,20210809,63583.57143
grl,20210810,64061
grl,20210811,64569.71429
grl,20210813,65290.42857
grl,20210816,66003.71429
grl,20210817,66706.85714
grl,20210819,67423.14286
grl,20210820,68141.42857
grl,20210823,68873.71429
grl,20210824,69510.28571
grl,20210830,70187.42857
grl,20211001,71238.85714
grl,20211005,72289.28571
grl,20211008,73248.42857
grl,20211011,74103.85714
grl,20211012,74944.85714
grl,20211013,75763.28571
grl,20211014,76332.28571
grl,20211015,76411.71429
grl,20211018,76502.71429
grl,20211021,76600.85714
grl,20211025,76700.57143
grl,20211029,76809
grl,20211102,76914.14286
grl,20211104,77030
grl,20211125,77175.42857
grl,20211203,77325.57143
grl,20211207,77442
grl,20211208,77561.42857
grl,20211210,77698
grl,20211215,77845.71429
grl,20211221,77994.28571
grl,20211223,78113.57143
grl,20211227,78212.42857
grl,20220104,78317.71429
grl,20220118,78514.42857
grl,20220121,78701.57143
grl,20220124,78878.42857
grl,20220125,79030.42857
grl,20220126,79175.71429
grl,20220127,79321.57143
grl,20220130,79461.71429
grl,20220201,79501.57143
grl,20220203,79520.42857
grl,20220204,79534.57143
gtm,20210225,0
gtm,20210227,1112
gtm,20210301,1550.33333
gtm,20210311,6149.5
gtm,20210312,10626.4
gtm,20210313,14003.66667
gtm,20210314,16891.28571
gtm,20210315,22938.42857
gtm,20210316,29496.42857
gtm,20210317,37015.42857
gtm,20210318,42763.28571
gtm,20210319,48172.57143
gtm,20210320,53595.71429
gtm,20210321,58602.71429
gtm,20210322,62899.14286
gtm,20210323,67216.28571
gtm,20210324,71218.57143
gtm,20210325,75291.71429
gtm,20210326,78937.28571
gtm,20210327,82472.85714
gtm,20210328,86045.14286
gtm,20210329,89833
gtm,20210330,93628.57143
gtm,20210331,97212.71429
gtm,20210401,100319
gtm,20210402,103295.14286
gtm,20210403,106282.28571
gtm,20210404,109417.85714
gtm,20210405,112366.14286
gtm,20210406,115016.71429
gtm,20210407,117842.42857
gtm,20210408,121010
gtm,20210409,124576.42857
gtm,20210410,128076.28571
gtm,20210411,131400.42857
gtm,20210412,134819
gtm,20210413,138267.71429
gtm,20210414,141546.71429
gtm,20210415,144681.71429
gtm,20210416,147543
gtm,20210417,150227.14286
gtm,20210418,152842.85714
gtm,20210419,155047.14286
gtm,20210420,156869.42857
gtm,20210421,158471.14286
gtm,20210422,159740
gtm,20210423,160815.14286
gtm,20210426,162016.57143
gtm,20210427,163394.71429
gtm,20210428,164744.57143
gtm,20210429,166135.85714
gtm,20210430,167382
gtm,20210501,168500.42857
gtm,20210502,169418.14286
gtm,20210503,170315.42857
gtm,20210504,171551.85714
gtm,20210505,173546.85714
gtm,20210506,176549.57143
gtm,20210507,181334.57143
gtm,20210508,186432.28571
gtm,20210510,192954.14286
gtm,20210511,201591.14286
gtm,20210512,211544
gtm,20210513,222606.28571
gtm,20210514,234507.14286
gtm,20210515,244866.42857
gtm,20210516,255288
gtm,20210517,266187.28571
gtm,20210518,276951.57143
gtm,20210519,288087
gtm,20210520,299171
gtm,20210521,310025.85714
gtm,20210522,320778.42857
gtm,20210523,331212.57143
gtm,20210524,341177.85714
gtm,20210525,355639.71429
gtm,20210526,370816.71429
gtm,20210527,387208.71429
gtm,20210528,405542.28571
gtm,20210529,424527
gtm,20210530,443839.57143
gtm,20210531,465388.14286
gtm,20210601,484161.28571
gtm,20210602,503020.85714
gtm,20210603,521318.85714
gtm,20210604,537894.14286
gtm,20210605,553692.14286
gtm,20210606,569224.85714
gtm,20210607,582574.71429
gtm,20210608,593870
gtm,20210609,604015.14286
gtm,20210610,613608.42857
gtm,20210611,623161
gtm,20210612,633037
gtm,20210613,643063.57143
gtm,20210614,653929.71429
gtm,20210615,667085.14286
gtm,20210616,683132.42857
gtm,20210617,701425.42857
gtm,20210618,721987.85714
gtm,20210619,742563.85714
gtm,20210620,763454.42857
gtm,20210621,785295.42857
gtm,20210622,806386.85714
gtm,20210623,825707.85714
gtm,20210624,843562.14286
gtm,20210625,859628.14286
gtm,20210626,875551.14286
gtm,20210627,891162.85714
gtm,20210628,903841.14286
gtm,20210629,915022
gtm,20210630,924780.28571
gtm,20210701,932996.85714
gtm,20210703,940237.85714
gtm,20210704,947376.14286
gtm,20210705,955618.28571
gtm,20210706,965203.42857
gtm,20210707,974482.57143
gtm,20210708,983877.71429
gtm,20210709,993951
gtm,20210711,1003319
gtm,20210712,1014920.71429
gtm,20210713,1031015.14286
gtm,20210714,1053014.28571
gtm,20210715,1081472.14286
gtm,20210716,1116403.57143
gtm,20210717,1151607.28571
gtm,20210718,1187962.57143
gtm,20210720,1237312.28571
gtm,20210721,1290148.14286
gtm,20210722,1345181.28571
gtm,20210723,1411228.42857
gtm,20210724,1474303.85714
gtm,20210725,1538886.71429
gtm,20210726,1611715.42857
gtm,20210727,1680345
gtm,20210728,1749973.57143
gtm,20210729,1820998.71429
gtm,20210730,1884381.28571
gtm,20210731,1950007.28571
gtm,20210801,2018778.14286
gtm,20210802,2088403.42857
gtm,20210803,2159727.71429
gtm,20210804,2234726.71429
gtm,20210805,2310225.14286
gtm,20210806,2385029.71429
gtm,20210807,2458306.42857
gtm,20210808,2528387
gtm,20210809,2598596.42857
gtm,20210810,2668706.42857
gtm,20210812,2753169.42857
gtm,20210813,2841776.28571
gtm,20210814,2926155
gtm,20210815,3008474
gtm,20210816,3096610.28571
gtm,20210817,3188972.57143
gtm,20210818,3283418.71429
gtm,20210819,3364756
gtm,20210820,3446103.57143
gtm,20210821,3527309.85714
gtm,20210822,3609458
gtm,20210823,3695722.14286
gtm,20210824,3782005
gtm,20210825,3867205
gtm,20210826,3951245.57143
gtm,20210827,4034939.71429
gtm,20210828,4119571
gtm,20210829,4204173
gtm,20210830,4288245.42857
gtm,20210831,4370986.57143
gtm,20210901,4453085.14286
gtm,20210902,4533454.42857
gtm,20210903,4608674.14286
gtm,20210904,4683261.71429
gtm,20210905,4757701.42857
gtm,20210909,4875702.57143
gtm,20210910,4996865
gtm,20210911,5114742.85714
gtm,20210912,5229416.71429
gtm,20210913,5349625.71429
gtm,20210914,5479258
gtm,20210915,5611430.14286
gtm,20210916,5701431.71429
gtm,20210917,5789290.57143
gtm,20210918,5874065
gtm,20210919,5953976.14286
gtm,20210920,6031493.28571
gtm,20210921,6106227.71429
gtm,20210922,6186408.71429
gtm,20210923,6264626.57143
gtm,20210924,6341439.14286
gtm,20210925,6417865.85714
gtm,20210926,6494164
gtm,20210927,6567602.57143
gtm,20210928,6638768.42857
gtm,20210929,6707334.57143
gtm,20210930,6773915
gtm,20211001,6838180.42857
gtm,20211002,6902109.28571
gtm,20211003,6966477.71429
gtm,20211004,7031596.42857
gtm,20211005,7098533.28571
gtm,20211006,7168286.85714
gtm,20211007,7239850.14286
gtm,20211008,7313536.42857
gtm,20211009,7387550.71429
gtm,20211010,7461438.42857
gtm,20211011,7535026.14286
gtm,20211012,7607481.14286
gtm,20211013,7677325.14286
gtm,20211014,7743822.85714
gtm,20211015,7806246.85714
gtm,20211016,7865954.28571
gtm,20211017,7923715.71429
gtm,20211018,7978685.28571
gtm,20211019,8029701.14286
gtm,20211020,8074249.71429
gtm,20211021,8117102.28571
gtm,20211022,8157781.85714
gtm,20211023,8197800.42857
gtm,20211024,8237035.71429
gtm,20211025,8274658.42857
gtm,20211026,8311259.14286
gtm,20211027,8350762.42857
gtm,20211028,8389214.85714
gtm,20211029,8427566.14286
gtm,20211030,8465603.71429
gtm,20211031,8503669.85714
gtm,20211101,8535875
gtm,20211102,8566694.71429
gtm,20211103,8597694.85714
gtm,20211104,8629234.14286
gtm,20211105,8661224.71429
gtm,20211106,8693665.42857
gtm,20211107,8726509.85714
gtm,20211108,8766821.71429
gtm,20211109,8810295.28571
gtm,20211110,8855099.14286
gtm,20211111,8901558.71429
gtm,20211112,8949622.42857
gtm,20211113,8998519.85714
gtm,20211114,9048284.14286
gtm,20211115,9098545.71429
gtm,20211116,9148467.57143
gtm,20211117,9199001.28571
gtm,20211118,9248568.42857
gtm,20211119,9297935.14286
gtm,20211120,9349302.28571
gtm,20211121,9403099
gtm,20211122,9457902.71429
gtm,20211123,9515025.42857
gtm,20211124,9574000.28571
gtm,20211125,9635874.57143
gtm,20211126,9694579.57143
gtm,20211127,9751365.42857
gtm,20211128,9805837.57143
gtm,20211129,9860321
gtm,20211130,9914330
gtm,20211201,9966109.28571
gtm,20211202,10016018
gtm,20211203,10067916.42857
gtm,20211204,10118959.57143
gtm,20211205,10169167.14286
gtm,20211206,10217456.57143
gtm,20211207,10264296
gtm,20211208,10310036.71429
gtm,20211209,10354921.28571
gtm,20211210,10399105.85714
gtm,20211211,10442886.28571
gtm,20211212,10486173.71429
gtm,20211213,10528350
gtm,20211214,10568933
gtm,20211215,10609708.14286
gtm,20211216,10650308.14286
gtm,20211217,10690597.42857
gtm,20211218,10731176.85714
gtm,20211219,10772546.71429
gtm,20211220,10824322.71429
gtm,20211221,10878317
gtm,20211222,10931914.71429
gtm,20211223,10981393.85714
gtm,20211224,11024436
gtm,20211225,11064587.28571
gtm,20211226,11103005.42857
gtm,20211227,11131339.14286
gtm,20211228,11158059.85714
gtm,20211229,11183813.28571
gtm,20211230,11208691.57143
gtm,20211231,11233544.14286
gtm,20220101,11258309.85714
gtm,20220102,11282690.71429
gtm,20220103,11304831.42857
gtm,20220104,11325777.71429
gtm,20220105,11346983.85714
gtm,20220106,11376950.28571
gtm,20220107,11421158.42857
gtm,20220108,11474170.85714
gtm,20220109,11536767.28571
gtm,20220110,11608846.71429
gtm,20220111,11689798.71429
gtm,20220112,11780385.71429
gtm,20220113,11875062.14286
gtm,20220114,11970546.85714
gtm,20220115,12064259.85714
gtm,20220116,12156327.14286
gtm,20220117,12248732
gtm,20220118,12341551.14286
gtm,20220119,12432492.57143
gtm,20220120,12521432.28571
gtm,20220121,12608610.14286
gtm,20220122,12694942.71429
gtm,20220123,12776809.28571
gtm,20220124,12854247.85714
gtm,20220125,12925940
gtm,20220126,12993141.28571
gtm,20220127,13056081
gtm,20220128,13114590.42857
gtm,20220129,13171153.57143
gtm,20220130,13229402
gtm,20220131,13287622.85714
gtm,20220201,13341479.85714
gtm,20220202,13399049
gtm,20220203,13455173.71429
gtm,20220204,13510282.28571
gtm,20220205,13564600.28571
gtm,20220206,13616042.42857
gtm,20220207,13664872.57143
guy,20210211,0
guy,20210215,334
guy,20210222,840
guy,20210319,4511
guy,20210331,10151.6
guy,20210403,15204.33333
guy,20210411,21628.28571
guy,20210415,32142.57143
guy,20210423,48275.14286
guy,20210426,66124.85714
guy,20210506,85834.85714
guy,20210525,116249.14286
guy,20210602,149700.14286
guy,20210605,181853.71429
guy,20210609,213347
guy,20210611,240060.57143
guy,20210616,267062.85714
guy,20210621,291753
guy,20210625,304535.42857
guy,20210629,313877.57143
guy,20210630,321968.85714
guy,20210701,329170.71429
guy,20210702,335747.14286
guy,20210706,340657.71429
guy,20210708,344613.28571
guy,20210714,348663.42857
guy,20210719,353123.85714
guy,20210722,357672.42857
guy,20210723,362011.71429
guy,20210726,366371.57143
guy,20210728,371052.57143
guy,20210729,376098.57143
guy,20210730,379797.71429
guy,20210803,383135.28571
guy,20210804,386459.71429
guy,20210810,392352
guy,20210812,399271.28571
guy,20210813,405861.14286
guy,20210816,412379.57143
guy,20210823,421790
guy,20210825,431232
guy,20210826,441012.85714
guy,20210827,448460.14286
guy,20210830,455118.42857
guy,20210831,461604.85714
guy,20210903,468800.14286
guy,20210907,474026.71429
guy,20210908,478958.14286
guy,20210909,484186.85714
guy,20210914,490451
guy,20210916,497037.71429
guy,20210920,504345.28571
guy,20210923,511275.42857
guy,20210927,517983
guy,20210929,524834.42857
guy,20211005,535310.42857
guy,20211006,544981
guy,20211007,554280.85714
guy,20211008,562932.71429
guy,20211012,571512.28571
guy,20211013,579766.28571
guy,20211020,589016.28571
guy,20211021,594062.71429
guy,20211025,599184.14286
guy,20211028,604623.28571
guy,20211101,610379.28571
guy,20211102,615385.71429
guy,20211103,620419.85714
guy,20211105,624214.28571
guy,20211109,628603.14286
guy,20211110,632672.14286
guy,20211111,636254.57143
guy,20211112,639465.28571
guy,20211115,642949.14286
guy,20211116,646406.57143
guy,20211117,649794.42857
guy,20211118,652477
guy,20211119,655060.71429
guy,20211124,658132.28571
guy,20211126,661718.14286
guy,20211129,665058.85714
guy,20211130,668294.85714
guy,20211201,671565.85714
guy,20211202,674788.42857
guy,20211206,678206.14286
guy,20211207,681003.42857
guy,20211214,684459.14286
guy,20211218,688705.57143
guy,20211229,694006.28571
guy,20220101,699308.57143
guy,20220114,708179.57143
guy,20220121,718373.85714
guy,20220128,730444.42857
guy,20220131,741439.28571
guy,20220202,751930.71429
hkg,20210222,47
hkg,20210223,313
hkg,20210226,2423.66667
hkg,20210227,5239
hkg,20210228,8331.2
hkg,20210301,11460.66667
hkg,20210302,15563.28571
hkg,20210303,22963.28571
hkg,20210304,31771.42857
hkg,20210305,41161.28571
hkg,20210306,51210.57143
hkg,20210307,61542.28571
hkg,20210308,72504.85714
hkg,20210309,82982.42857
hkg,20210310,94224.85714
hkg,20210311,106177.42857
hkg,20210312,119013.57143
hkg,20210313,132310.42857
hkg,20210314,146268.42857
hkg,20210315,160874.85714
hkg,20210316,177431.42857
hkg,20210317,195070.57143
hkg,20210318,213747.85714
hkg,20210319,234036.71429
hkg,20210320,255966.57143
hkg,20210321,279353.57143
hkg,20210322,304153.71429
hkg,20210323,329026.14286
hkg,20210324,351780.71429
hkg,20210325,372477.14286
hkg,20210326,391189.71429
hkg,20210327,408141.14286
hkg,20210328,423571.71429
hkg,20210329,437204.57143
hkg,20210330,449603.42857
hkg,20210331,462717.42857
hkg,20210401,476839.85714
hkg,20210402,490554.28571
hkg,20210403,504084.28571
hkg,20210404,517458.57143
hkg,20210405,532046.28571
hkg,20210406,550001.42857
hkg,20210407,572100
hkg,20210408,597804.14286
hkg,20210409,628347
hkg,20210410,663713.57143
hkg,20210411,703545.57143
hkg,20210412,746547
hkg,20210413,789826
hkg,20210414,831444.14286
hkg,20210415,871557.28571
hkg,20210416,910530.71429
hkg,20210417,948491.14286
hkg,20210418,985092.85714
hkg,20210419,1020140.57143
hkg,20210420,1053099.28571
hkg,20210421,1084812.57143
hkg,20210422,1115606.85714
hkg,20210423,1144898
hkg,20210424,1172869.71429
hkg,20210425,1199167.14286
hkg,20210426,1224686
hkg,20210427,1250002.28571
hkg,20210428,1275524.85714
hkg,20210429,1301362.42857
hkg,20210430,1328634.28571
hkg,20210501,1357399.28571
hkg,20210502,1388365.28571
hkg,20210503,1420859.85714
hkg,20210504,1454570.71429
hkg,20210505,1489123.14286
hkg,20210506,1524345
hkg,20210507,1559857.85714
hkg,20210508,1595577.85714
hkg,20210509,1631255.14286
hkg,20210510,1666527.28571
hkg,20210511,1701131.85714
hkg,20210512,1735024
hkg,20210513,1768250
hkg,20210514,1800572.14286
hkg,20210515,1832257.42857
hkg,20210516,1862744.14286
hkg,20210517,1892426.14286
hkg,20210518,1921755.42857
hkg,20210519,1949710.14286
hkg,20210520,1977379.85714
hkg,20210521,2004887
hkg,20210522,2032253.85714
hkg,20210523,2059621.57143
hkg,20210524,2086864.28571
hkg,20210525,2113966.85714
hkg,20210526,2142199.42857
hkg,20210527,2170769.28571
hkg,20210528,2200075.42857
hkg,20210529,2230223.14286
hkg,20210530,2261276.71429
hkg,20210531,2293486
hkg,20210601,2326910
hkg,20210602,2361537.28571
hkg,20210603,2397603.85714
hkg,20210604,2434949.42857
hkg,20210605,2473434.42857
hkg,20210606,2512513.71429
hkg,20210607,2552404.85714
hkg,20210608,2592712.71429
hkg,20210609,2633072.71429
hkg,20210610,2673720.28571
hkg,20210611,2715151.14286
hkg,20210612,2757100.14286
hkg,20210613,2799501.14286
hkg,20210614,2840236
hkg,20210615,2881691
hkg,20210616,2923516.57143
hkg,20210617,2965438
hkg,20210618,3007344.71429
hkg,20210619,3048889.85714
hkg,20210620,3089786.28571
hkg,20210621,3132899
hkg,20210622,3175936.85714
hkg,20210623,3219721.14286
hkg,20210624,3264579.71429
hkg,20210625,3310525.71429
hkg,20210626,3357464
hkg,20210627,3406151.71429
hkg,20210628,3455631.28571
hkg,20210629,3507264
hkg,20210630,3561693.85714
hkg,20210701,3616299.14286
hkg,20210702,3672643.28571
hkg,20210703,3729439.42857
hkg,20210704,3786627.42857
hkg,20210705,3845686.42857
hkg,20210706,3905286.57143
hkg,20210707,3964459.57143
hkg,20210708,4025932.71429
hkg,20210709,4087424.85714
hkg,20210710,4149262.85714
hkg,20210711,4211399.71429
hkg,20210712,4273124.85714
hkg,20210713,4334840.71429
hkg,20210714,4396560.42857
hkg,20210715,4458225.28571
hkg,20210716,4519710.14286
hkg,20210717,4581096.42857
hkg,20210718,4642522.57143
hkg,20210719,4704432.71429
hkg,20210720,4766615.28571
hkg,20210721,4829300
hkg,20210722,4892112.85714
hkg,20210723,4955182.14286
hkg,20210724,5018407.42857
hkg,20210725,5081732.14286
hkg,20210726,5145280.85714
hkg,20210727,5209284.14286
hkg,20210728,5273630.42857
hkg,20210729,5337807.85714
hkg,20210730,5401915.71429
hkg,20210731,5466092.14286
hkg,20210801,5530237.28571
hkg,20210802,5594715.28571
hkg,20210803,5659769.85714
hkg,20210804,5725141
hkg,20210805,5791099.42857
hkg,20210806,5857091.14286
hkg,20210807,5923023.28571
hkg,20210808,5988896.57143
hkg,20210809,6054722
hkg,20210810,6120248
hkg,20210811,6185782.42857
hkg,20210812,6251144.71429
hkg,20210813,6316219.71429
hkg,20210814,6381217.71429
hkg,20210815,6446210.57143
hkg,20210816,6510678.14286
hkg,20210817,6574376
hkg,20210818,6637295.71429
hkg,20210819,6699308.57143
hkg,20210820,6760544.14286
hkg,20210821,6821148.42857
hkg,20210822,6881031.42857
hkg,20210823,6940173
hkg,20210824,6998681.14286
hkg,20210825,7056661.71429
hkg,20210826,7114792.14286
hkg,20210827,7172924.71429
hkg,20210828,7231232.14286
hkg,20210829,7289658.28571
hkg,20210830,7348669.85714
hkg,20210831,7408306.71429
hkg,20210901,7466940.28571
hkg,20210902,7523734.85714
hkg,20210903,7579548.14286
hkg,20210904,7634846
hkg,20210905,7689024.28571
hkg,20210906,7740542.28571
hkg,20210907,7789015.71429
hkg,20210908,7836149.57143
hkg,20210909,7882571.14286
hkg,20210910,7928333.71429
hkg,20210911,7973563.14286
hkg,20210912,8017787.71429
hkg,20210913,8060721.71429
hkg,20210914,8102198.57143
hkg,20210915,8142200
hkg,20210916,8180494.71429
hkg,20210917,8216795.14286
hkg,20210918,8251235.42857
hkg,20210919,8283856.57143
hkg,20210920,8314863.14286
hkg,20210921,8344263.57143
hkg,20210922,8371797.85714
hkg,20210923,8399750.28571
hkg,20210924,8427654.42857
hkg,20210925,8455356.71429
hkg,20210926,8483076.57143
hkg,20210927,8511048.57143
hkg,20210928,8539495
hkg,20210929,8568951.71429
hkg,20210930,8597905.85714
hkg,20211001,8623757.42857
hkg,20211002,8647260.71429
hkg,20211003,8669207.71429
hkg,20211004,8689863.57143
hkg,20211005,8709388.57143
hkg,20211006,8727333.14286
hkg,20211007,8742943
hkg,20211008,8758520.57143
hkg,20211009,8770870.42857
hkg,20211010,8784049.57143
hkg,20211011,8796904.57143
hkg,20211012,8808971.85714
hkg,20211013,8819274.28571
hkg,20211014,8829207.85714
hkg,20211015,8839730.71429
hkg,20211016,8852888.28571
hkg,20211017,8864563.42857
hkg,20211018,8875787.42857
hkg,20211019,8887133.71429
hkg,20211020,8899614.28571
hkg,20211021,8912113.71429
hkg,20211022,8923973.71429
hkg,20211023,8935203.42857
hkg,20211024,8946257.28571
hkg,20211025,8957125.28571
hkg,20211026,8968032
hkg,20211027,8979000.14286
hkg,20211028,8989739.85714
hkg,20211029,8999752
hkg,20211030,9009045.28571
hkg,20211031,9018245.71429
hkg,20211101,9027079.57143
hkg,20211102,9035614.28571
hkg,20211103,9043322.28571
hkg,20211104,9050836.57143
hkg,20211105,9058316.42857
hkg,20211106,9066014.71429
hkg,20211107,9073715.85714
hkg,20211108,9081430.14286
hkg,20211109,9089090.85714
hkg,20211110,9096626.57143
hkg,20211111,9106419.57143
hkg,20211112,9117668.42857
hkg,20211113,9130383.85714
hkg,20211114,9143883.14286
hkg,20211115,9158321.42857
hkg,20211116,9173727
hkg,20211117,9189449.28571
hkg,20211118,9204077.14286
hkg,20211119,9218244.28571
hkg,20211120,9231951.57143
hkg,20211121,9245506.71429
hkg,20211122,9258972
hkg,20211123,9272887.57143
hkg,20211124,9286999.28571
hkg,20211125,9301854.42857
hkg,20211126,9317507.57143
hkg,20211127,9334450.42857
hkg,20211128,9352669.57143
hkg,20211129,9371934.71429
hkg,20211130,9391797.57143
hkg,20211201,9411720.57143
hkg,20211202,9431271.42857
hkg,20211203,9450576.42857
hkg,20211204,9469196.85714
hkg,20211205,9487184.71429
hkg,20211206,9504482.28571
hkg,20211207,9521054.28571
hkg,20211208,9537597
hkg,20211209,9553922.71429
hkg,20211210,9569874.14286
hkg,20211211,9585466.57143
hkg,20211212,9600789
hkg,20211213,9615963.42857
hkg,20211214,9630900.42857
hkg,20211215,9645800.57143
hkg,20211216,9660767.14286
hkg,20211217,9675654.71429
hkg,20211218,9690430
hkg,20211219,9705264.14286
hkg,20211220,9719985.57143
hkg,20211221,9734415.85714
hkg,20211222,9748885.71429
hkg,20211223,9763413.28571
hkg,20211224,9777658.28571
hkg,20211225,9791122.28571
hkg,20211226,9804315.42857
hkg,20211227,9817012.57143
hkg,20211228,9831217.14286
hkg,20211229,9845776.42857
hkg,20211230,9860595.57143
hkg,20211231,9875820.57143
hkg,20220101,9891791.71429
hkg,20220102,9909195.85714
hkg,20220103,9930485.14286
hkg,20220104,9954067.71429
hkg,20220105,9981994
hkg,20220106,10012931.71429
hkg,20220107,10047715.85714
hkg,20220108,10085121.42857
hkg,20220109,10123410.42857
hkg,20220110,10162600.71429
hkg,20220111,10202414.28571
hkg,20220112,10242500.71429
hkg,20220113,10282839.57143
hkg,20220114,10323115.57143
hkg,20220115,10363227.57143
hkg,20220116,10403215.71429
hkg,20220117,10442584.71429
hkg,20220118,10481280.57143
hkg,20220119,10519521.57143
hkg,20220120,10557288.85714
hkg,20220121,10595537.57143
hkg,20220122,10634316.85714
hkg,20220123,10673775.42857
hkg,20220124,10714226.14286
hkg,20220125,10755816.71429
hkg,20220126,10798851.85714
hkg,20220127,10843237.57143
hkg,20220128,10888325.28571
hkg,20220129,10934150.42857
hkg,20220130,10980598.57143
hkg,20220131,11021713.71429
hkg,20220201,11056164.85714
hkg,20220202,11083879
hkg,20220203,11108214.85714
hkg,20220204,11133081.85714
hkg,20220205,11158610.57143
hkg,20220206,11184747.42857
hnd,20210228,2684
hnd,20210316,4892
hnd,20210317,12784.66667
hnd,20210319,18917.75
hnd,20210321,23748.8
hnd,20210403,28586
hnd,20210409,32736.42857
hnd,20210515,48670.85714
hnd,20210521,71064.85714
hnd,20210525,96818.14286
hnd,20210528,127748.85714
hnd,20210531,166918
hnd,20210601,209700.85714
hnd,20210602,255408.57143
hnd,20210606,299166.57143
hnd,20210610,339618.71429
hnd,20210611,375533.28571
hnd,20210613,407821.71429
hnd,20210616,432336.28571
hnd,20210617,453095
hnd,20210618,476552
hnd,20210622,501031.57143
hnd,20210624,534890.42857
hnd,20210702,586643.42857
hnd,20210703,647176.28571
hnd,20210707,717391.14286
hnd,20210709,802772.42857
hnd,20210712,892920.71429
hnd,20210716,984909.85714
hnd,20210719,1097867.28571
hnd,20210723,1205897.14286
hnd,20210726,1320527.57143
hnd,20210730,1453651.71429
hnd,20210803,1603819
hnd,20210825,1975503.42857
hnd,20210829,2381395.14286
hnd,20210906,2817302.71429
hnd,20210909,3254220.71429
hnd,20210920,3729741.42857
hnd,20210922,4175799.57143
hnd,20210924,4611466.57143
hnd,20211001,4895361
hnd,20211008,5144010.71429
hnd,20211015,5362916.14286
hnd,20211019,5606110.85714
hnd,20211022,5830515.28571
hnd,20211029,6090522.85714
hnd,20211105,6391102.71429
hnd,20211112,6651467.14286
hnd,20211119,6951286.85714
hnd,20211129,7223074.57143
hnd,20211203,7607547.42857
hnd,20211222,7976617.28571
hnd,20211229,8367241.85714
hnd,20220107,8734577.71429
hnd,20220114,9068597.28571
hnd,20220121,9405205.85714
hnd,20220204,9778266.57143
hrv,20201230,7864
hrv,20210103,10074.5
hrv,20210105,11315.66667
hrv,20210107,13637.5
hrv,20210108,15907
hrv,20210109,18255.83333
hrv,20210113,20584
hrv,20210114,24889.14286
hrv,20210115,29067.28571
hrv,20210116,33654.14286
hrv,20210119,38468.57143
hrv,20210122,44178
hrv,20210125,49890
hrv,20210129,56382.42857
hrv,20210201,62943.57143
hrv,20210203,69571.71429
hrv,20210204,76657.28571
hrv,20210209,83500.57143
hrv,20210211,90332.42857
hrv,20210215,97563.71429
hrv,20210218,106452.57143
hrv,20210222,118198
hrv,20210224,131933.28571
hrv,20210225,146042.14286
hrv,20210301,161879.42857
hrv,20210304,180340.28571
hrv,20210308,201000.28571
hrv,20210312,223676.57143
hrv,20210319,252096
hrv,20210322,281607.57143
hrv,20210326,313390.14286
hrv,20210328,344437
hrv,20210331,377936.85714
hrv,20210401,411250.28571
hrv,20210402,442129.71429
hrv,20210404,464885.28571
hrv,20210406,484279.14286
hrv,20210407,500945.42857
hrv,20210408,517094
hrv,20210409,529849.14286
hrv,20210410,542065.42857
hrv,20210411,552218.42857
hrv,20210412,562361
hrv,20210413,573648
hrv,20210414,585663.28571
hrv,20210415,600005.85714
hrv,20210416,615156.42857
hrv,20210417,630489.85714
hrv,20210418,645539.42857
hrv,20210419,660205.57143
hrv,20210420,674996.57143
hrv,20210421,690539.28571
hrv,20210422,705259.85714
hrv,20210423,719314.42857
hrv,20210424,732829.28571
hrv,20210425,747410.28571
hrv,20210426,761793.85714
hrv,20210427,776654.42857
hrv,20210428,790872.14286
hrv,20210429,808850.42857
hrv,20210430,827550.28571
hrv,20210501,844936.85714
hrv,20210502,861114.28571
hrv,20210503,878658.57143
hrv,20210504,897432
hrv,20210505,919338
hrv,20210506,941191.57143
hrv,20210507,966568.71429
hrv,20210508,996587.85714
hrv,20210509,1028411.85714
hrv,20210510,1061667.85714
hrv,20210511,1096265.42857
hrv,20210513,1137565.42857
hrv,20210514,1178244.71429
hrv,20210515,1216563.42857
hrv,20210516,1249668.85714
hrv,20210517,1283720.57143
hrv,20210518,1319714.85714
hrv,20210519,1357370.28571
hrv,20210521,1397525.57143
hrv,20210522,1436216.42857
hrv,20210523,1469906.42857
hrv,20210524,1506455
hrv,20210525,1540501
hrv,20210526,1574651.42857
hrv,20210527,1608425.14286
hrv,20210528,1633148.28571
hrv,20210529,1657067.42857
hrv,20210530,1681105.42857
hrv,20210531,1705105.71429
hrv,20210601,1733000.85714
hrv,20210602,1761855.42857
hrv,20210603,1785915.14286
hrv,20210604,1809249.71429
hrv,20210605,1831159.14286
hrv,20210606,1852957.14286
hrv,20210607,1874009.57143
hrv,20210608,1894613.42857
hrv,20210610,1922552.71429
hrv,20210611,1955717.57143
hrv,20210613,1992009.57143
hrv,20210614,2029549.85714
hrv,20210615,2071389.71429
hrv,20210616,2114038.28571
hrv,20210618,2166987.42857
hrv,20210620,2212213.57143
hrv,20210621,2253999.42857
hrv,20210622,2289687.57143
hrv,20210623,2326804.85714
hrv,20210625,2370570.57143
hrv,20210626,2414203.42857
hrv,20210627,2444372.57143
hrv,20210628,2470882.28571
hrv,20210629,2498571.28571
hrv,20210702,2533365.85714
hrv,20210703,2567599
hrv,20210704,2591369.71429
hrv,20210705,2614639.57143
hrv,20210706,2640998.71429
hrv,20210707,2669028.85714
hrv,20210709,2700311
hrv,20210710,2726173.71429
hrv,20210711,2748004.57143
hrv,20210712,2771400.71429
hrv,20210713,2794428.42857
hrv,20210714,2816819.85714
hrv,20210716,2840405.42857
hrv,20210717,2857987.42857
hrv,20210718,2872668.42857
hrv,20210719,2888900.57143
hrv,20210720,2905431.71429
hrv,20210721,2922092.57143
hrv,20210722,2937785.42857
hrv,20210723,2950783.28571
hrv,20210725,2964100.71429
hrv,20210726,2978593.57143
hrv,20210727,2992992.85714
hrv,20210728,3006407.57143
hrv,20210730,3021167.85714
hrv,20210731,3035117.57143
hrv,20210801,3047029.57143
hrv,20210802,3058846
hrv,20210803,3070382.85714
hrv,20210804,3081529
hrv,20210805,3091180.14286
hrv,20210806,3098349.42857
hrv,20210807,3104804.28571
hrv,20210808,3111163
hrv,20210809,3116938
hrv,20210810,3122890.14286
hrv,20210811,3128506.42857
hrv,20210812,3135295.57143
hrv,20210813,3142069.28571
hrv,20210815,3148719
hrv,20210816,3156048.71429
hrv,20210817,3163291.57143
hrv,20210818,3170526.71429
hrv,20210819,3177917.85714
hrv,20210820,3185106.14286
hrv,20210821,3191652.71429
hrv,20210822,3197750.85714
hrv,20210823,3203901.85714
hrv,20210824,3210362.14286
hrv,20210826,3217976.71429
hrv,20210827,3225474
hrv,20210828,3232473
hrv,20210829,3239086
hrv,20210830,3246524.28571
hrv,20210901,3255005.14286
hrv,20210902,3263383
hrv,20210903,3270346
hrv,20210904,3276585.71429
hrv,20210905,3282323.14286
hrv,20210906,3288605.57143
hrv,20210908,3295650.85714
hrv,20210909,3301694.28571
hrv,20210910,3307475.42857
hrv,20210911,3312772.71429
hrv,20210912,3317694
hrv,20210913,3323227.57143
hrv,20210914,3328872.14286
hrv,20210915,3333842.14286
hrv,20210916,3338898.42857
hrv,20210917,3344275.28571
hrv,20210918,3349658
hrv,20210919,3355055.14286
hrv,20210920,3360498.57143
hrv,20210921,3366028
hrv,20210922,3371607.57143
hrv,20210923,3377374.85714
hrv,20210924,3383010.42857
hrv,20210925,3388590.71429
hrv,20210926,3394165.42857
hrv,20210927,3399748.14286
hrv,20210928,3405292.57143
hrv,20210929,3411008.85714
hrv,20210930,3416690.14286
hrv,20211002,3422846.42857
hrv,20211004,3429381.85714
hrv,20211005,3436903.71429
hrv,20211006,3444727.42857
hrv,20211007,3452809.71429
hrv,20211009,3461116.57143
hrv,20211010,3468258.57143
hrv,20211011,3474561
hrv,20211012,3480823.71429
hrv,20211013,3486882.85714
hrv,20211014,3492980.42857
hrv,20211015,3498788.42857
hrv,20211016,3503621.42857
hrv,20211017,3508424.85714
hrv,20211018,3513152.57143
hrv,20211019,3517912.28571
hrv,20211020,3522795.57143
hrv,20211021,3527816
hrv,20211022,3533186
hrv,20211023,3538592.42857
hrv,20211024,3544081.71429
hrv,20211025,3550045.57143
hrv,20211026,3556498.28571
hrv,20211028,3565396.42857
hrv,20211029,3574631.57143
hrv,20211031,3583529.85714
hrv,20211101,3592004.71429
hrv,20211102,3601796.85714
hrv,20211103,3612610
hrv,20211104,3624499.57143
hrv,20211105,3635388.28571
hrv,20211106,3646779.14286
hrv,20211109,3663381.14286
hrv,20211110,3683781.71429
hrv,20211112,3710925
hrv,20211113,3740061.42857
hrv,20211114,3767723.85714
hrv,20211116,3799662.28571
hrv,20211117,3834180.28571
hrv,20211118,3863568.42857
hrv,20211119,3892587.71429
hrv,20211120,3916114.71429
hrv,20211121,3936135.71429
hrv,20211122,3957369.14286
hrv,20211123,3975011.57143
hrv,20211124,3991515.57143
hrv,20211125,4010847.28571
hrv,20211126,4029641.42857
hrv,20211127,4048116.14286
hrv,20211128,4066570.42857
hrv,20211129,4085245.85714
hrv,20211130,4103981.42857
hrv,20211201,4122772
hrv,20211202,4141052.71429
hrv,20211204,4162633.57143
hrv,20211205,4182391
hrv,20211206,4204062.85714
hrv,20211207,4226562
hrv,20211208,4249435.42857
hrv,20211210,4275492.71429
hrv,20211211,4301206.28571
hrv,20211212,4321329.42857
hrv,20211213,4343777
hrv,20211214,4367332.71429
hrv,20211215,4391933.71429
hrv,20211216,4417150.85714
hrv,20211217,4439732.71429
hrv,20211218,4462644
hrv,20211219,4485793.42857
hrv,20211220,4509172.14286
hrv,20211221,4532845.42857
hrv,20211222,4556007.85714
hrv,20211223,4577605.71429
hrv,20211224,4595821.42857
hrv,20211225,4610786.85714
hrv,20211226,4624888.42857
hrv,20211227,4638086.14286
hrv,20211228,4650576.85714
hrv,20211229,4662781.71429
hrv,20211230,4674665.71429
hrv,20211231,4686513
hrv,20220101,4698366.14286
hrv,20220102,4710432.28571
hrv,20220103,4722289.14286
hrv,20220104,4734178.57143
hrv,20220105,4745994
hrv,20220106,4755792.85714
hrv,20220107,4767961.14286
hrv,20220108,4782585.71429
hrv,20220109,4797755.57143
hrv,20220110,4813008.71429
hrv,20220111,4828432.57143
hrv,20220112,4844065.28571
hrv,20220113,4862605.57143
hrv,20220114,4881200.57143
hrv,20220115,4899519.71429
hrv,20220116,4917442
hrv,20220117,4934879.57143
hrv,20220118,4951196.85714
hrv,20220119,4966252.42857
hrv,20220120,4980289.57143
hrv,20220121,4992956
hrv,20220122,5005059.42857
hrv,20220123,5016879.57143
hrv,20220124,5027988.71429
hrv,20220125,5038207.14286
hrv,20220126,5047477.71429
hrv,20220127,5055930.85714
hrv,20220128,5063934.42857
hrv,20220129,5071057.28571
hrv,20220130,5078141
hrv,20220131,5085068.28571
hrv,20220201,5091609
hrv,20220202,5097802.14286
hrv,20220203,5103658
hrv,20220204,5109093
hrv,20220205,5114487.28571
hrv,20220206,5119782.42857
hrv,20220207,5124881
hti,20210716,38
hti,20210721,1039.5
hti,20210722,1425.66667
hti,20210726,1911.5
hti,20210727,2344.8
hti,20210728,2708.33333
hti,20210729,3096.42857
hti,20210730,4030.42857
hti,20210802,4945.71429
hti,20210803,6007.42857
hti,20210804,7127.42857
hti,20210805,8350.71429
hti,20210806,9714.71429
hti,20210809,11147.42857
hti,20210810,12627.71429
hti,20210811,14161.14286
hti,20210813,15682.71429
hti,20210816,17103
hti,20210818,18740.28571
hti,20210821,20459.57143
hti,20210823,22167.85714
hti,20210825,23902
hti,20210826,25337
hti,20210827,26968
hti,20210831,29052.28571
hti,20210903,31556.14286
hti,20210907,34426.42857
hti,20210909,37742.42857
hti,20210910,41073
hti,20210917,45567.42857
hti,20210921,49831.28571
hti,20210926,54300.14286
hti,20211001,58353.57143
hti,20211002,62499.14286
hti,20211007,67857.57143
hti,20211010,74097.85714
hti,20211015,80023.57143
hti,20211018,87031.85714
hti,20211029,95149
hti,20211031,104519.57143
hti,20211105,113166.42857
hti,20211111,120337.42857
hti,20211112,128495.85714
hti,20211115,136540.28571
hti,20211119,147135.42857
hti,20211216,156595.42857
hti,20211217,164987.42857
hti,20211229,173762.71429
hti,20220101,182554.71429
hti,20220121,189943.28571
hti,20220130,199339
hun,20201228,1094
hun,20210118,66213
hun,20210119,88561
hun,20210120,101066.75
hun,20210121,109813
hun,20210122,116532.16667
hun,20210123,121797.85714
hun,20210124,143941.28571
hun,20210125,148367.42857
hun,20210126,153684.42857
hun,20210127,160673.57143
hun,20210128,170418.14286
hun,20210129,184384
hun,20210130,202303.71429
hun,20210131,222738
hun,20210201,244073.28571
hun,20210202,265763.28571
hun,20210203,286709.28571
hun,20210204,307322.57143
hun,20210205,326347.28571
hun,20210206,342460.28571
hun,20210207,356388.28571
hun,20210208,369263.85714
hun,20210209,381248.28571
hun,20210210,392371.42857
hun,20210211,402913.42857
hun,20210212,413500
hun,20210213,423751.71429
hun,20210214,433609.14286
hun,20210215,443860.57143
hun,20210216,454939.71429
hun,20210217,468375.71429
hun,20210218,484540.85714
hun,20210219,505238
hun,20210220,529931.85714
hun,20210221,556907
hun,20210222,583944.85714
hun,20210223,611959
hun,20210224,642402.14286
hun,20210225,673495.28571
hun,20210226,703203.85714
hun,20210227,744766.85714
hun,20210228,785120.57143
hun,20210301,829650.28571
hun,20210302,877015.28571
hun,20210303,924650.57143
hun,20210304,979047
hun,20210305,1042814
hun,20210306,1094498.71429
hun,20210307,1147885.14286
hun,20210308,1203171.71429
hun,20210309,1262356.28571
hun,20210310,1322983.71429
hun,20210311,1385675.28571
hun,20210312,1445158.14286
hun,20210313,1505586
hun,20210314,1566002.28571
hun,20210315,1621009.14286
hun,20210316,1675065
hun,20210317,1730298.71429
hun,20210318,1778939.28571
hun,20210319,1823973
hun,20210320,1870567.85714
hun,20210321,1918486.85714
hun,20210322,1971583.71429
hun,20210323,2026804
hun,20210324,2085161.42857
hun,20210325,2153191.42857
hun,20210326,2232040.14286
hun,20210327,2310802.42857
hun,20210328,2388052.28571
hun,20210330,2480332.28571
hun,20210331,2574978.71429
hun,20210401,2681800.42857
hun,20210402,2785874.42857
hun,20210403,2882972.14286
hun,20210404,2981026.71429
hun,20210405,3087521
hun,20210406,3198731.14286
hun,20210407,3317713.42857
hun,20210408,3431337.14286
hun,20210409,3546434.28571
hun,20210410,3663000.14286
hun,20210411,3783255.85714
hun,20210412,3906831.57143
hun,20210413,4018980.85714
hun,20210414,4123345.14286
hun,20210417,4240950.28571
hun,20210418,4344577.85714
hun,20210419,4442317.28571
hun,20210420,4538185.71429
hun,20210421,4631403
hun,20210422,4727347.28571
hun,20210423,4829177.14286
hun,20210425,4919247.28571
hun,20210426,5024054
hun,20210427,5142677.71429
hun,20210428,5271843
hun,20210429,5403514
hun,20210430,5542445.85714
hun,20210501,5678326.42857
hun,20210502,5804232.28571
hun,20210503,5927900.71429
hun,20210504,6045665.14286
hun,20210505,6156463.57143
hun,20210506,6273050.71429
hun,20210507,6379130.71429
hun,20210508,6478588.57143
hun,20210509,6572737.28571
hun,20210510,6661180.71429
hun,20210512,6751634.14286
hun,20210513,6843346.85714
hun,20210514,6929174.42857
hun,20210515,7013085.28571
hun,20210516,7097328.85714
hun,20210517,7190882.71429
hun,20210518,7289336.42857
hun,20210519,7380587
hun,20210520,7476973.14286
hun,20210521,7580590.42857
hun,20210522,7681286.14286
hun,20210523,7776881
hun,20210524,7867629.85714
hun,20210525,7963546.14286
hun,20210526,8069247.42857
hun,20210527,8175681.85714
hun,20210528,8279011.28571
hun,20210529,8380855.14286
hun,20210530,8484142.42857
hun,20210531,8588829.28571
hun,20210601,8683790.28571
hun,20210602,8765970.42857
hun,20210603,8840670.14286
hun,20210605,8924951
hun,20210928,9409455.14286
hun,20211018,9940920
hun,20211024,10478613.57143
hun,20211031,11027579.85714
hun,20211108,11598905.28571
hun,20211115,12195721
hun,20211122,12816876.57143
hun,20211129,13127042.71429
hun,20211207,13438026.28571
hun,20211220,13792098.28571
hun,20220103,14145695.57143
hun,20220110,14494197.85714
hun,20220117,14830205.57143
hun,20220124,15139139.57143
hun,20220131,15374222.85714
hun,20220207,15567269.71429
idn,20210112,0
idn,20210122,66000
idn,20210124,93747.33333
idn,20210125,110800.25
idn,20210126,137777.2
idn,20210127,166148.16667
idn,20210128,195810.71429
idn,20210129,255282
idn,20210130,308275.57143
idn,20210131,360624
idn,20210201,419621
idn,20210202,477131.57143
idn,20210203,535652.14286
idn,20210204,596085.42857
idn,20210205,660272.57143
idn,20210206,719036.57143
idn,20210207,777289.14286
idn,20210208,835991.57143
idn,20210209,895791.71429
idn,20210210,971670.28571
idn,20210211,1052523.42857
idn,20210213,1139695.28571
idn,20210214,1222555.57143
idn,20210215,1316165.71429
idn,20210216,1412202.14286
idn,20210217,1509403.14286
idn,20210218,1586428.71429
idn,20210220,1671276.42857
idn,20210223,1754713.42857
idn,20210224,1853922.42857
idn,20210225,1959200.28571
idn,20210226,2072249
idn,20210227,2193858.71429
idn,20210228,2322742.57143
idn,20210302,2475117.28571
idn,20210303,2664614.42857
idn,20210305,2855952.14286
idn,20210307,3099792
idn,20210310,3440952.71429
idn,20210311,3782829.71429
idn,20210312,4128311.57143
idn,20210313,4473609.28571
idn,20210314,4772751.42857
idn,20210315,5088679.42857
idn,20210316,5397701.71429
idn,20210317,5646817.71429
idn,20210318,5903333.28571
idn,20210319,6177465.71429
idn,20210320,6449710.85714
idn,20210321,6786141
idn,20210322,7091888.57143
idn,20210323,7383450.28571
idn,20210324,7684365.71429
idn,20210325,8047732.85714
idn,20210326,8489211.28571
idn,20210327,8927307.85714
idn,20210328,9306493.57143
idn,20210329,9710498.42857
idn,20210330,10139529
idn,20210331,10584888.71429
idn,20210401,10994804.85714
idn,20210402,11304568.14286
idn,20210403,11600634.85714
idn,20210404,11908338.57143
idn,20210405,12242408.85714
idn,20210406,12545819
idn,20210407,12821536.57143
idn,20210408,13075070
idn,20210409,13423834.85714
idn,20210410,13783930
idn,20210411,14141356
idn,20210412,14502230.71429
idn,20210413,14852551.14286
idn,20210414,15182697.71429
idn,20210415,15516237.28571
idn,20210416,15773183.14286
idn,20210417,16013897.85714
idn,20210418,16241580
idn,20210419,16448028
idn,20210420,16651916.28571
idn,20210421,16872609.57143
idn,20210422,17102771.14286
idn,20210423,17351185
idn,20210424,17607359.14286
idn,20210425,17866914.42857
idn,20210426,18127659.71429
idn,20210427,18402891.71429
idn,20210428,18673767.42857
idn,20210429,18948942.85714
idn,20210430,19199045.42857
idn,20210501,19431426.42857
idn,20210502,19657058.14286
idn,20210503,19875584.57143
idn,20210504,20089029.85714
idn,20210505,20302955.85714
idn,20210506,20512458.42857
idn,20210507,20737772.71429
idn,20210508,20988834.14286
idn,20210509,21251670.42857
idn,20210510,21517066.85714
idn,20210511,21778755.14286
idn,20210512,22007578
idn,20210513,22193500.28571
idn,20210514,22340340.14286
idn,20210515,22455718.85714
idn,20210516,22560405.71429
idn,20210517,22651790.57143
idn,20210518,22753767.42857
idn,20210519,22879453.28571
idn,20210520,23063771.14286
idn,20210521,23306164.42857
idn,20210522,23586912.71429
idn,20210523,23880382.14286
idn,20210524,24158458.42857
idn,20210525,24480774.28571
idn,20210526,24808551.71429
idn,20210527,25116872.28571
idn,20210528,25426839.28571
idn,20210529,25729333.57143
idn,20210530,26033132.42857
idn,20210531,26351551.85714
idn,20210601,26616279.71429
idn,20210602,26881767.71429
idn,20210603,27162363.57143
idn,20210604,27428036.71429
idn,20210605,27705795
idn,20210606,27974533.71429
idn,20210607,28249888
idn,20210608,28579548.85714
idn,20210609,28941803.28571
idn,20210610,29323603.28571
idn,20210611,29730538.71429
idn,20210612,30144880.42857
idn,20210613,30567311.85714
idn,20210614,31005443.71429
idn,20210615,31432191.85714
idn,20210616,31876386.71429
idn,20210617,32342391.85714
idn,20210618,32821767.14286
idn,20210619,33319327.57143
idn,20210620,33827284.42857
idn,20210621,34333891.42857
idn,20210622,34862613.85714
idn,20210623,35396114.57143
idn,20210624,35929949.57143
idn,20210625,36479010.42857
idn,20210626,37045354.28571
idn,20210627,37751313.71429
idn,20210628,38467852.71429
idn,20210629,39229240
idn,20210630,40050060.57143
idn,20210701,40922820.28571
idn,20210702,41818144.42857
idn,20210703,42738904
idn,20210704,43570120.42857
idn,20210705,44389587.57143
idn,20210706,45219515.71429
idn,20210707,46039368.42857
idn,20210708,46850031.14286
idn,20210709,47704633.42857
idn,20210710,48514124
idn,20210711,49261989.42857
idn,20210712,49985769
idn,20210713,50651711.28571
idn,20210714,51514193.71429
idn,20210715,52364916.57143
idn,20210716,53154258.85714
idn,20210717,54057698.28571
idn,20210718,55010447.85714
idn,20210719,56023479.71429
idn,20210720,56979245.14286
idn,20210721,57650286.57143
idn,20210722,58309393.28571
idn,20210723,58981087.42857
idn,20210724,59566436
idn,20210725,60199130.85714
idn,20210726,60822318.85714
idn,20210727,61557880.14286
idn,20210728,62360708.28571
idn,20210729,63204589.57143
idn,20210730,64073306
idn,20210731,64955793.85714
idn,20210801,65780760.85714
idn,20210802,66604005.14286
idn,20210803,67403751.42857
idn,20210804,68205545.28571
idn,20210805,68932022.14286
idn,20210806,69693517.57143
idn,20210807,70462910.42857
idn,20210808,71337769.85714
idn,20210809,72226545.71429
idn,20210810,73162262.14286
idn,20210811,74118632.57143
idn,20210812,75060763.14286
idn,20210813,76226247.57143
idn,20210814,77407010.28571
idn,20210815,78482030.85714
idn,20210816,79634220.42857
idn,20210817,80784001.57143
idn,20210818,81848375.14286
idn,20210819,83101952.28571
idn,20210820,84075655
idn,20210821,85044890.14286
idn,20210822,86064999.85714
idn,20210823,87053324.71429
idn,20210824,88048783.14286
idn,20210825,89121640.14286
idn,20210826,90031601.14286
idn,20210827,91074396.28571
idn,20210828,92178397.28571
idn,20210829,93260040.28571
idn,20210830,94371956.85714
idn,20210831,95494341.28571
idn,20210901,96663246.57143
idn,20210902,97922935
idn,20210903,99206641.85714
idn,20210904,100415105
idn,20210905,101628412.14286
idn,20210906,102773853.28571
idn,20210907,103975006
idn,20210908,105207568.14286
idn,20210909,106505193.57143
idn,20210910,107719557.28571
idn,20210911,109062234.28571
idn,20210912,110418677.57143
idn,20210913,111816957.28571
idn,20210914,113166711.28571
idn,20210915,114479176.14286
idn,20210916,115758187.28571
idn,20210917,117115180.28571
idn,20210918,118468613
idn,20210919,119918416
idn,20210920,121270846
idn,20210921,122619264.71429
idn,20210922,124120207.71429
idn,20210923,125633067.28571
idn,20210924,127208758.28571
idn,20210925,128661977.42857
idn,20210926,130138803.57143
idn,20210927,131738173.57143
idn,20210928,133441756.14286
idn,20210929,135102615.42857
idn,20210930,136811742
idn,20211001,138431693.14286
idn,20211002,140139327
idn,20211003,141777779.14286
idn,20211004,143371009.28571
idn,20211005,144858049.71429
idn,20211006,146284874.28571
idn,20211007,147607636.85714
idn,20211008,149084867.71429
idn,20211009,150641853.14286
idn,20211010,152215036.85714
idn,20211011,153743460
idn,20211012,155339508
idn,20211013,157035731.28571
idn,20211014,158932742.14286
idn,20211015,160734088.85714
idn,20211016,162527650
idn,20211017,164351508.85714
idn,20211018,166242971.85714
idn,20211019,168135264.85714
idn,20211020,169895585.28571
idn,20211021,171445463.85714
idn,20211022,173009887.71429
idn,20211023,174524284
idn,20211024,176054628.57143
idn,20211025,177557281.71429
idn,20211026,179051952.85714
idn,20211027,180651464.85714
idn,20211028,182385782.71429
idn,20211029,184091137.42857
idn,20211030,185948972.57143
idn,20211031,187722261.57143
idn,20211101,189501279.57143
idn,20211102,191246464
idn,20211103,192987721.28571
idn,20211104,194676249.28571
idn,20211105,196356513
idn,20211106,197760474.85714
idn,20211107,199294602.71429
idn,20211108,200789666.71429
idn,20211109,202337709
idn,20211110,203835489.28571
idn,20211111,205309574.71429
idn,20211112,206794695.14286
idn,20211113,208345843.28571
idn,20211114,209823697.28571
idn,20211115,211332554.14286
idn,20211116,212780232
idn,20211117,214208330.28571
idn,20211118,215429968.14286
idn,20211119,216780580.71429
idn,20211120,218160142.14286
idn,20211121,219473502.57143
idn,20211122,220740937.71429
idn,20211123,222023979.14286
idn,20211124,223311085
idn,20211125,224822199.28571
idn,20211126,226143351.42857
idn,20211127,227429243.71429
idn,20211128,228748006.71429
idn,20211129,230122794.71429
idn,20211130,231436289.14286
idn,20211201,232783226
idn,20211202,234099821.57143
idn,20211203,235376920.57143
idn,20211204,236643797.14286
idn,20211205,237868362.85714
idn,20211206,239048647.14286
idn,20211207,240231145.71429
idn,20211208,241306706
idn,20211209,242362699.57143
idn,20211210,243409925.57143
idn,20211211,244510023.85714
idn,20211212,245646865.57143
idn,20211213,246796623.28571
idn,20211214,247938040.14286
idn,20211215,249168476.85714
idn,20211216,250432456.71429
idn,20211217,251773818.14286
idn,20211218,253134845.71429
idn,20211219,254430505.85714
idn,20211220,255713500
idn,20211221,257027188
idn,20211222,258338240.71429
idn,20211223,259667882.71429
idn,20211224,260967916.71429
idn,20211225,262211831.42857
idn,20211226,263467994.85714
idn,20211227,264732547.28571
idn,20211228,266027915.42857
idn,20211229,267341671.14286
idn,20211230,268665331.85714
idn,20211231,270005175.85714
idn,20220208,278491321.28571
ind,20210115,0
ind,20210116,95590.5
ind,20210117,138494
ind,20210118,217382.75
ind,20210119,308873.2
ind,20210120,391808.33333
ind,20210121,484912
ind,20210122,683568
ind,20210123,882285.14286
ind,20210124,1081028.42857
ind,20210125,1305279.85714
ind,20210126,1498800.57143
ind,20210127,1720157
ind,20210128,1989374
ind,20210129,2290721.85714
ind,20210130,2599598
ind,20210131,2905789.28571
ind,20210201,3180981.71429
ind,20210202,3482330
ind,20210203,3781411.85714
ind,20210204,4071610.71429
ind,20210205,4345442.42857
ind,20210206,4635583.57143
ind,20210207,4928943.42857
ind,20210208,5258779.42857
ind,20210209,5612014.14286
ind,20210210,5978808.71429
ind,20210211,6342460.85714
ind,20210212,6706860.57143
ind,20210213,7032165.14286
ind,20210215,7418509.28571
ind,20210216,7789699.71429
ind,20210217,8157584.85714
ind,20210218,8561786.14286
ind,20210219,8982490.71429
ind,20210220,9392587.28571
ind,20210221,9825832.85714
ind,20210222,10241164.71429
ind,20210223,10676886.28571
ind,20210224,11131154.28571
ind,20210225,11591229.14286
ind,20210226,12063657.42857
ind,20210227,12549975.14286
ind,20210228,13009417
ind,20210301,13499423
ind,20210302,14029902.57143
ind,20210303,14636961.85714
ind,20210304,15342455.57143
ind,20210305,16162564.71429
ind,20210306,17116821.42857
ind,20210307,18072213.42857
ind,20210308,19237155.85714
ind,20210309,20486749.71429
ind,20210310,21782315.85714
ind,20210311,22947946.85714
ind,20210312,24193768.71429
ind,20210313,25453206.57143
ind,20210314,26727353.42857
ind,20210315,28147167.57143
ind,20210316,29675257.57143
ind,20210317,31312149.57143
ind,20210318,33194277.71429
ind,20210319,35172125.57143
ind,20210320,37295758.71429
ind,20210321,39461181.57143
ind,20210322,41682204.71429
ind,20210323,43936026.14286
ind,20210324,46222091
ind,20210325,48531322.85714
ind,20210326,50823663
ind,20210327,53061654.57143
ind,20210328,55270859.85714
ind,20210329,57073539.85714
ind,20210330,58818263.71429
ind,20210331,60528576.14286
ind,20210401,62426390.14286
ind,20210402,64561321.85714
ind,20210403,66805588.85714
ind,20210404,69459121.42857
ind,20210405,72601631.71429
ind,20210406,76033506.14286
ind,20210407,79616474.28571
ind,20210408,83265777.71429
ind,20210409,86840187
ind,20210410,90499543.57143
ind,20210411,94131458.14286
ind,20210412,97763195.14286
ind,20210413,101206352.85714
ind,20210414,104677005
ind,20210415,107946897.42857
ind,20210416,111070109
ind,20210417,114074029.42857
ind,20210418,116834601
ind,20210419,119491176.42857
ind,20210421,122129251.71429
ind,20210422,124738018.85714
ind,20210425,127875399.42857
ind,20210426,131102157.42857
ind,20210427,134281677.85714
ind,20210428,137596081.57143
ind,20210429,140758890
ind,20210430,143952033.14286
ind,20210501,146933707
ind,20210502,149080326.71429
ind,20210503,151017068
ind,20210504,152855856.42857
ind,20210505,154695548.71429
ind,20210506,156600524.57143
ind,20210507,158485080.71429
ind,20210508,160466156.71429
ind,20210509,162479493.42857
ind,20210510,164624748
ind,20210511,166926446.71429
ind,20210512,169228495.14286
ind,20210513,171479672.71429
ind,20210514,173544874.57143
ind,20210515,175552114.42857
ind,20210516,177544419.85714
ind,20210517,179361317.85714
ind,20210518,180979740.57143
ind,20210519,182460458.14286
ind,20210520,183821178
ind,20210522,185420618.57143
ind,20210523,186874147.71429
ind,20210524,188576248.42857
ind,20210525,190246187.71429
ind,20210526,192136761
ind,20210527,194249984.71429
ind,20210528,196432830
ind,20210529,198753752.28571
ind,20210530,201174592.71429
ind,20210531,203500904.71429
ind,20210601,206019327.42857
ind,20210602,208483977.57143
ind,20210603,210932723
ind,20210604,213852861
ind,20210605,216493174
ind,20210606,219261162.85714
ind,20210607,222124128.14286
ind,20210608,225059155.42857
ind,20210609,228084632.42857
ind,20210610,231218563.71429
ind,20210611,234089345.71429
ind,20210612,237034620.42857
ind,20210613,240090244.85714
ind,20210614,243271632.28571
ind,20210615,246360837.57143
ind,20210616,249427894
ind,20210617,252669086.42857
ind,20210618,255905186.14286
ind,20210619,259436649.71429
ind,20210620,262987533
ind,20210621,267352329.85714
ind,20210622,272288057
ind,20210623,277294405.28571
ind,20210624,282592087.71429
ind,20210625,288350028.85714
ind,20210626,294626182
ind,20210627,300875298.14286
ind,20210628,306319531.85714
ind,20210629,311686454.28571
ind,20210630,316798997.28571
ind,20210701,321754371.85714
ind,20210702,325898695.57143
ind,20210703,330107153.57143
ind,20210704,334299744.71429
ind,20210705,338557733.14286
ind,20210706,342398266.42857
ind,20210707,346528641.28571
ind,20210708,351421437.42857
ind,20210710,357187264.85714
ind,20210711,361908966.42857
ind,20210712,366778837.28571
ind,20210713,371988614.14286
ind,20210714,377279020.57143
ind,20210715,382603735.42857
ind,20210716,386990115
ind,20210717,391118562
ind,20210719,396046262
ind,20210720,400904091.85714
ind,20210721,405211694.14286
ind,20210722,409794056.85714
ind,20210723,414442413.14286
ind,20210724,419221696.71429
ind,20210725,423545166.14286
ind,20210726,427840308.14286
ind,20210727,432223765.85714
ind,20210728,436917352.42857
ind,20210729,441576884.42857
ind,20210730,446382058.42857
ind,20210801,451963883.42857
ind,20210803,459119679
ind,20210804,465895379
ind,20210805,472919798.42857
ind,20210806,480105991.57143
ind,20210807,487359811.28571
ind,20210808,494094994.14286
ind,20210809,500134512.57143
ind,20210810,504962220.28571
ind,20210811,509866323.71429
ind,20210813,515703796.28571
ind,20210814,521823322.14286
ind,20210816,528067543
ind,20210817,534904051.14286
ind,20210818,541711372.14286
ind,20210819,548499255.57143
ind,20210820,555575604.85714
ind,20210821,561315021.57143
ind,20210822,566590097.85714
ind,20210823,571121411
ind,20210824,575723009.28571
ind,20210825,580833255.42857
ind,20210826,586232613
ind,20210827,592280479.14286
ind,20210828,599351757.14286
ind,20210829,606754046.71429
ind,20210830,614906386.85714
ind,20210831,622916061.28571
ind,20210901,632009443.85714
ind,20210902,641350074.71429
ind,20210903,649937847.28571
ind,20210904,657349304.85714
ind,20210905,664767542.28571
ind,20210906,671788678.28571
ind,20210907,679627132.42857
ind,20210908,686623403
ind,20210909,693928347.57143
ind,20210910,700851175.57143
ind,20210911,708806033.14286
ind,20210912,716772122.14286
ind,20210913,725605123
ind,20210914,733183075.14286
ind,20210915,740440204.42857
ind,20210916,747644690.42857
ind,20210917,755255136
ind,20210918,764196014.14286
ind,20210919,773410379.85714
ind,20210920,782260086.57143
ind,20210921,792134685.57143
ind,20210922,801555722.42857
ind,20210923,810969750.42857
ind,20210924,821007745.71429
ind,20210925,829027971.42857
ind,20210926,836315550
ind,20210927,844392921.42857
ind,20210928,851736978.42857
ind,20210929,859221905.85714
ind,20210930,866248399.42857
ind,20211001,872755566.14286
ind,20211002,879733790.57143
ind,20211003,886928608.71429
ind,20211004,892972353.42857
ind,20211005,899384437.57143
ind,20211006,905646507
ind,20211007,911467730.85714
ind,20211008,917469985.57143
ind,20211009,923474221
ind,20211010,929900558
ind,20211011,936161667.42857
ind,20211012,942334578.71429
ind,20211013,948388492.42857
ind,20211014,954272519.85714
ind,20211015,959407331.28571
ind,20211016,963643363.28571
ind,20211017,967244058.14286
ind,20211018,970679292.85714
ind,20211019,974361210.28571
ind,20211020,978860451
ind,20211021,983837913.57143
ind,20211022,989378230.14286
ind,20211023,995228414.28571
ind,20211024,1001788864.85714
ind,20211025,1008245323.57143
ind,20211026,1014493470.42857
ind,20211027,1020089095.85714
ind,20211028,1025696845
ind,20211029,1031662983.85714
ind,20211030,1038070412.71429
ind,20211031,1043836627.14286
ind,20211101,1050051538.57143
ind,20211102,1055604191
ind,20211103,1061102906.85714
ind,20211104,1066052734
ind,20211105,1069779160.85714
ind,20211106,1072877452.85714
ind,20211107,1075807586.28571
ind,20211108,1078747830.28571
ind,20211109,1081952043.57143
ind,20211110,1085201607.85714
ind,20211111,1088868503.42857
ind,20211112,1093672745.28571
ind,20211113,1099244584.71429
ind,20211114,1104922749.14286
ind,20211115,1110457813.85714
ind,20211116,1116392110.14286
ind,20211117,1122563586.71429
ind,20211118,1129136628.71429
ind,20211119,1135161234.42857
ind,20211120,1141519041.85714
ind,20211121,1147971583.42857
ind,20211122,1154951852.85714
ind,20211123,1162131709.57143
ind,20211124,1169669212.71429
ind,20211125,1176775177.85714
ind,20211126,1184941252.85714
ind,20211127,1191913830.14286
ind,20211128,1199790612.14286
ind,20211129,1207311845
ind,20211130,1214898692.42857
ind,20211201,1222291256.28571
ind,20211202,1230482366.14286
ind,20211203,1237763787.14286
ind,20211204,1246522815.57143
ind,20211205,1254461223.71429
ind,20211206,1262350660.42857
ind,20211207,1270194528.57143
ind,20211208,1277959943.14286
ind,20211209,1285442532.85714
ind,20211210,1292677827.14286
ind,20211211,1300347541.85714
ind,20211212,1307866923
ind,20211213,1315259423
ind,20211214,1323020738.14286
ind,20211215,1330536492.42857
ind,20211216,1337428879.42857
ind,20211217,1344999141.57143
ind,20211218,1351508176
ind,20211219,1357940981.14286
ind,20211220,1364334927.57143
ind,20211221,1370367819.85714
ind,20211222,1375877094.14286
ind,20211223,1381838528.57143
ind,20211224,1387437049.57143
ind,20211225,1393283378.42857
ind,20211226,1398755198.57143
ind,20211227,1404215760.14286
ind,20211228,1409579774.85714
ind,20211229,1415886283.85714
ind,20211230,1421671456.42857
ind,20211231,1428001292.42857
ind,20220101,1433728151.14286
ind,20220102,1439707384.14286
ind,20220103,1446290105.71429
ind,20220104,1452898747.85714
ind,20220105,1459614193.85714
ind,20220106,1467224697.42857
ind,20220107,1475328481.57143
ind,20220108,1483033854.85714
ind,20220109,1491765147.42857
ind,20220110,1500293230.42857
ind,20220111,1509652041.71429
ind,20220112,1518522576.71429
ind,20220113,1527369532.14286
ind,20220114,1534639050.85714
ind,20220115,1542872069.71429
ind,20220116,1550442173.14286
ind,20220117,1557819392.85714
ind,20220118,1563271443.14286
ind,20220119,1570150554.85714
ind,20220120,1576781136.14286
ind,20220121,1584371774
ind,20220122,1591721711
ind,20220123,1599080985
ind,20220124,1605874778.71429
ind,20220125,1613632783
ind,20220126,1619880215.85714
ind,20220127,1625420062.28571
ind,20220128,1630517345.85714
ind,20220129,1635284942.71429
ind,20220130,1640306546.42857
ind,20220131,1646216002.57143
ind,20220201,1652051937.85714
ind,20220202,1657887246.42857
ind,20220203,1663945109.28571
ind,20220204,1669910037.14286
ind,20220205,1676012305.85714
ind,20220206,1681515741
ind,20220207,1685981741.85714
ind,20220208,1690483958.14286
irl,20201228,190
irl,20201229,226
irl,20201230,588.66667
irl,20201231,1026.5
irl,20210101,1450.4
irl,20210102,1901.83333
irl,20210103,2227.14286
irl,20210104,2966.14286
irl,20210105,4196.85714
irl,20210106,6243.42857
irl,20210107,9816.85714
irl,20210108,15084.42857
irl,20210109,21360.28571
irl,20210110,28314
irl,20210111,36288.71429
irl,20210112,45027.57143
irl,20210113,54210.28571
irl,20210114,62870.14286
irl,20210115,70815.71429
irl,20210116,78353
irl,20210117,85367.71429
irl,20210118,92433
irl,20210119,99428.85714
irl,20210120,106355.57143
irl,20210121,113548.57143
irl,20210122,120747
irl,20210123,127860.42857
irl,20210124,135040
irl,20210125,141353.42857
irl,20210126,147110.57143
irl,20210127,152790
irl,20210128,158837.71429
irl,20210129,165651.85714
irl,20210130,173007
irl,20210131,180750.42857
irl,20210201,189451.28571
irl,20210202,198356
irl,20210203,207174.14286
irl,20210204,215911.42857
irl,20210205,224491.14286
irl,20210206,232547.85714
irl,20210207,240221.14286
irl,20210208,246849.85714
irl,20210209,253312.28571
irl,20210210,259936.28571
irl,20210211,265796.85714
irl,20210212,270645.28571
irl,20210213,275259.14286
irl,20210214,280030.28571
irl,20210215,285915
irl,20210216,293087.14286
irl,20210217,301515.85714
irl,20210218,311400.14286
irl,20210219,322864.42857
irl,20210220,335232.85714
irl,20210221,347517.14286
irl,20210222,359119.14286
irl,20210223,370811.71429
irl,20210224,382623.42857
irl,20210225,394865.14286
irl,20210226,407517.14286
irl,20210227,420202.42857
irl,20210228,432938.42857
irl,20210301,445860.71429
irl,20210302,458690.85714
irl,20210303,470853.85714
irl,20210304,483102
irl,20210305,495632.71429
irl,20210306,508288.71429
irl,20210307,520807.14286
irl,20210308,533578.85714
irl,20210309,546795
irl,20210310,560485
irl,20210311,574191.71429
irl,20210312,587585.28571
irl,20210313,600674.57143
irl,20210314,613602
irl,20210315,625881.85714
irl,20210316,637567
irl,20210317,647767.85714
irl,20210318,657373.71429
irl,20210319,666665.85714
irl,20210320,675940.14286
irl,20210321,685680.71429
irl,20210322,696300.85714
irl,20210323,707947.42857
irl,20210324,721888.14286
irl,20210325,737924.42857
irl,20210326,755775.28571
irl,20210327,774871.42857
irl,20210329,798752.28571
irl,20210330,824986.14286
irl,20210331,852839
irl,20210401,882186
irl,20210402,908834.42857
irl,20210403,931774.71429
irl,20210404,952852.85714
irl,20210405,971489.57143
irl,20210406,990484.57143
irl,20210407,1009397.28571
irl,20210408,1027738.28571
irl,20210409,1046527.71429
irl,20210410,1065317
irl,20210411,1085036.14286
irl,20210412,1104749
irl,20210413,1124195
irl,20210414,1144664.57143
irl,20210415,1166267.57143
irl,20210416,1188593.28571
irl,20210417,1210681.28571
irl,20210418,1232544.42857
irl,20210419,1254732.14286
irl,20210420,1278290.28571
irl,20210421,1302690.85714
irl,20210422,1328256.14286
irl,20210423,1355288.28571
irl,20210424,1383533.85714
irl,20210425,1413152.71429
irl,20210426,1444390.71429
irl,20210427,1475353
irl,20210428,1506202.28571
irl,20210429,1537574
irl,20210430,1567881.14286
irl,20210501,1598658.28571
irl,20210502,1628943.85714
irl,20210503,1659184.57143
irl,20210504,1690985.85714
irl,20210505,1724033.57143
irl,20210506,1757949
irl,20210507,1793206.28571
irl,20210508,1829497.42857
irl,20210509,1868414.28571
irl,20210510,1909536.57143
irl,20210511,1951626.57143
irl,20210512,1995119.28571
irl,20210513,2040133.42857
irl,20210514,2086379.42857
irl,20210515,2133157.14286
irl,20210516,2180769.71429
irl,20210517,2228775.71429
irl,20210518,2277128.14286
irl,20210519,2325085.42857
irl,20210520,2372695.28571
irl,20210521,2420171.57143
irl,20210522,2467592.14286
irl,20210523,2514971.28571
irl,20210524,2562114.57143
irl,20210525,2608341.42857
irl,20210526,2653806.42857
irl,20210527,2698752.42857
irl,20210528,2742557.71429
irl,20210529,2786671.28571
irl,20210530,2829943.71429
irl,20210531,2872155.14286
irl,20210601,2913670
irl,20210602,2954582.28571
irl,20210603,2994368.14286
irl,20210604,3034157.71429
irl,20210605,3073618.14286
irl,20210606,3111798.85714
irl,20210607,3150284.57143
irl,20210608,3190123.71429
irl,20210609,3230826.42857
irl,20210610,3272505.14286
irl,20210611,3314119.85714
irl,20210612,3356264.42857
irl,20210613,3401689.71429
irl,20210614,3448774.71429
irl,20210615,3497134.57143
irl,20210616,3546823.71429
irl,20210617,3596976.71429
irl,20210618,3648200.85714
irl,20210619,3700463.14286
irl,20210620,3752862.71429
irl,20210621,3805686.85714
irl,20210622,3858269.57143
irl,20210623,3910786.28571
irl,20210624,3963804.57143
irl,20210625,4016900.14286
irl,20210626,4070624.14286
irl,20210627,4124492.57143
irl,20210628,4178433.42857
irl,20210629,4232318.42857
irl,20210630,4286135.57143
irl,20210701,4339312.14286
irl,20210702,4392512.57143
irl,20210703,4445027.28571
irl,20210704,4498240.71429
irl,20210705,4552346.42857
irl,20210706,4607663.71429
irl,20210707,4663766.42857
irl,20210708,4720360.42857
irl,20210709,4776460
irl,20210710,4832422.28571
irl,20210711,4888478.14286
irl,20210712,4944380.57143
irl,20210713,4999905
irl,20210714,5054378.85714
irl,20210715,5108131.85714
irl,20210716,5161711.85714
irl,20210717,5215447.85714
irl,20210718,5268404.71429
irl,20210719,5320116
irl,20210720,5370569.42857
irl,20210721,5420216.42857
irl,20210722,5468921.42857
irl,20210723,5517184.14286
irl,20210724,5564708.14286
irl,20210725,5611656.42857
irl,20210726,5658114.28571
irl,20210727,5703852.28571
irl,20210728,5748693
irl,20210729,5792597.57143
irl,20210730,5835735.85714
irl,20210731,5877640.28571
irl,20210801,5917541.85714
irl,20210802,5956148.42857
irl,20210803,5993185.14286
irl,20210804,6029499.42857
irl,20210805,6064522
irl,20210806,6097871.42857
irl,20210807,6131220
irl,20210808,6164248.57143
irl,20210809,6196159.57143
irl,20210810,6227776.42857
irl,20210811,6259528.57143
irl,20210812,6291591.71429
irl,20210813,6324927
irl,20210814,6358272.71429
irl,20210815,6392274.28571
irl,20210816,6426890.42857
irl,20210817,6461913.57143
irl,20210818,6495759.57143
irl,20210819,6529289.85714
irl,20210820,6562229.57143
irl,20210821,6595125.14286
irl,20210822,6626998.85714
irl,20210823,6657844.28571
irl,20210824,6686919.42857
irl,20210825,6714680.42857
irl,20210826,6741246.57143
irl,20210827,6767519.28571
irl,20210828,6793451.42857
irl,20210829,6817924.42857
irl,20210830,6840119.42857
irl,20210831,6860667.57143
irl,20210901,6879684.85714
irl,20210902,6897511.57143
irl,20210903,6914965.14286
irl,20210904,6932303.57143
irl,20210905,6949025.57143
irl,20210906,6965200.14286
irl,20210907,6981369.71429
irl,20210908,6997605.14286
irl,20210909,7013338.71429
irl,20210910,7028871.85714
irl,20210911,7044079.85714
irl,20210912,7058931
irl,20210913,7073672.14286
irl,20210914,7088162.85714
irl,20210915,7101879.42857
irl,20210916,7115572.42857
irl,20210917,7129214.28571
irl,20210918,7142207.42857
irl,20210919,7154807.14286
irl,20210920,7166811.42857
irl,20210921,7178006.57143
irl,20210922,7188908.71429
irl,20210923,7198687.42857
irl,20210924,7207824.57143
irl,20210925,7216716.57143
irl,20210926,7225422.28571
irl,20210927,7233981.42857
irl,20210928,7241952.28571
irl,20210929,7249422.71429
irl,20210930,7256953.28571
irl,20211001,7264202.28571
irl,20211002,7270991.71429
irl,20211003,7277941.71429
irl,20211004,7285665.42857
irl,20211005,7294812.71429
irl,20211006,7305232
irl,20211007,7316560.71429
irl,20211008,7328257.85714
irl,20211009,7340144.14286
irl,20211010,7352276.57143
irl,20211011,7364442.85714
irl,20211012,7376481.28571
irl,20211013,7388602.57143
irl,20211014,7400426.14286
irl,20211015,7412571
irl,20211016,7424651.42857
irl,20211017,7436556.57143
irl,20211018,7448508.14286
irl,20211019,7460383
irl,20211020,7472027.28571
irl,20211021,7483310.57143
irl,20211022,7493628.42857
irl,20211023,7503833.42857
irl,20211024,7513421.42857
irl,20211025,7522128.85714
irl,20211026,7530238.85714
irl,20211027,7537832.57143
irl,20211028,7545231.57143
irl,20211029,7552700.42857
irl,20211030,7559944.57143
irl,20211101,7567306
irl,20211102,7575180.28571
irl,20211103,7583433
irl,20211104,7592223.85714
irl,20211105,7601987.42857
irl,20211106,7613022.28571
irl,20211107,7625318.42857
irl,20211108,7639381.42857
irl,20211109,7655604.14286
irl,20211110,7674235.85714
irl,20211111,7695364.42857
irl,20211112,7718127.57143
irl,20211113,7742056.42857
irl,20211114,7765964.28571
irl,20211115,7790009.14286
irl,20211116,7814749.85714
irl,20211117,7840356.42857
irl,20211118,7867353.42857
irl,20211119,7895160.14286
irl,20211120,7923395.71429
irl,20211121,7952369.57143
irl,20211122,7981486.42857
irl,20211123,8011500.42857
irl,20211124,8042116.85714
irl,20211125,8072816.71429
irl,20211126,8104106.71429
irl,20211127,8135618.28571
irl,20211128,8167472.14286
irl,20211129,8200085.28571
irl,20211130,8233460.57143
irl,20211201,8267026.14286
irl,20211202,8300611.14286
irl,20211203,8334202.57143
irl,20211204,8367643.85714
irl,20211205,8400817.14286
irl,20211206,8434169
irl,20211207,8465823.42857
irl,20211208,8497172.28571
irl,20211209,8529248.28571
irl,20211210,8562067
irl,20211211,8595512.28571
irl,20211212,8630390
irl,20211213,8666562.71429
irl,20211214,8706298.85714
irl,20211215,8748904.14286
irl,20211216,8794445
irl,20211217,8843667.71429
irl,20211218,8895430.14286
irl,20211219,8951144.42857
irl,20211220,9015512
irl,20211221,9090856
irl,20211222,9176985
irl,20211223,9268156.85714
irl,20211224,9351047.85714
irl,20211226,9427074
irl,20211227,9497074.71429
irl,20211228,9557147.57143
irl,20211229,9606243.71429
irl,20211230,9645101.28571
irl,20211231,9672170
irl,20220101,9698931.57143
irl,20220102,9727761.71429
irl,20220103,9757633.28571
irl,20220104,9788836.71429
irl,20220105,9818415
irl,20220106,9845455.14286
irl,20220107,9874696.14286
irl,20220108,9906257
irl,20220109,9938280.71429
irl,20220110,9970406.14286
irl,20220111,10001971.42857
irl,20220112,10032095.57143
irl,20220113,10060507.42857
irl,20220114,10088500.85714
irl,20220115,10115907.42857
irl,20220116,10142843.71429
irl,20220117,10168771.42857
irl,20220118,10192889.28571
irl,20220119,10214450.14286
irl,20220120,10233417.14286
irl,20220121,10249442
irl,20220122,10263997
irl,20220123,10277496.42857
irl,20220124,10289741.28571
irl,20220125,10300801.28571
irl,20220126,10310823.28571
irl,20220127,10319844.57143
irl,20220128,10328503.71429
irl,20220129,10336974.42857
irl,20220130,10345992.85714
irl,20220131,10354823.57143
irl,20220201,10363555.85714
irl,20220202,10372375.71429
irl,20220203,10381274.57143
irl,20220204,10390454.71429
irl,20220205,10399863.28571
irl,20220206,10409312.14286
irl,20220207,10418590.28571
irn,20210208,0
irn,20210209,1500
irn,20210217,4333.33333
irn,20210319,34298.25
irn,20210327,91416.6
irn,20210414,153287.5
irn,20210419,209979.42857
irn,20210420,298811.14286
irn,20210422,393697.14286
irn,20210428,526376.28571
irn,20210429,651861.71429
irn,20210430,758752.14286
irn,20210504,880466.28571
irn,20210507,1014060
irn,20210510,1177738.28571
irn,20210517,1415192.14286
irn,20210524,1729881.14286
irn,20210608,2237175.71429
irn,20210614,2769284
irn,20210621,3291284.14286
irn,20210629,3895945.14286
irn,20210713,4576310
irn,20210719,5408600.28571
irn,20210726,6412471.28571
irn,20210802,7531802.85714
irn,20210809,9163350.42857
irn,20210816,11295619.14286
irn,20210824,13784159.85714
irn,20210829,16590731.57143
irn,20210830,19290994.71429
irn,20210905,22002973.71429
irn,20210912,25239855
irn,20210913,28174071.71429
irn,20210918,31332548.85714
irn,20210920,34223201.85714
irn,20210927,37905295.71429
irn,20211003,42279479.57143
irn,20211010,47315043
irn,20211018,52895976.85714
irn,20211021,58737136.71429
irn,20211023,64098559
irn,20211025,69525487.85714
irn,20211029,74299649.85714
irn,20211102,78810888.57143
irn,20211105,82850355.14286
irn,20211109,85957970.85714
irn,20211113,88892263.71429
irn,20211121,92122465.14286
irn,20211127,95443691.71429
irn,20211128,98216714.57143
irn,20211205,100827651.71429
irn,20211212,103274795.28571
irn,20211219,105756645.42857
irn,20211226,108332259.28571
irn,20220103,110786615.14286
irn,20220109,113292885.28571
irn,20220113,116177116.85714
irn,20220114,118710038.28571
irn,20220115,120960365.85714
irn,20220116,122779399.85714
irn,20220117,124235296.71429
irn,20220118,125300144.14286
irn,20220119,126023504.28571
irn,20220120,126411662.85714
irn,20220122,126838891.85714
irn,20220123,127278943.28571
irn,20220124,127714528.57143
irn,20220126,128216130.14286
irn,20220128,128777806.42857
irn,20220129,129324621.71429
irn,20220130,129885970.85714
irn,20220131,130450180.71429
irn,20220201,131033739.28571
irn,20220202,131651473.28571
irn,20220203,132254912.14286
irn,20220204,132788895.57143
irn,20220205,133326069.71429
irn,20220206,133847129.71429
irn,20220207,134347608.71429
irn,20220208,134826942.85714
irq,20210301,0
irq,20210329,13363.5
irq,20210404,39916
irq,20210405,55688.5
irq,20210412,75143.2
irq,20210416,95605
irq,20210423,124572.42857
irq,20210511,189338.28571
irq,20210521,259876
irq,20210525,325154.28571
irq,20210528,393658.71429
irq,20210608,459498.42857
irq,20210614,531770.71429
irq,20210620,604197.28571
irq,20210705,694840.85714
irq,20210711,810541.14286
irq,20210806,1032338.42857
irq,20210825,1394606.14286
irq,20210830,1788178
irq,20210901,2188276.42857
irq,20210906,2609535.14286
irq,20210908,3274106.71429
irq,20210911,4037219.42857
irq,20210923,4800898
irq,20210926,5442340.42857
irq,20211009,6130691.28571
irq,20211017,6845323.42857
irq,20211024,7590733
irq,20211030,8109441.42857
irq,20211103,8532391.85714
irq,20211115,9012066.28571
irq,20211121,9550991
irq,20211124,10055000.42857
irq,20211128,10560950.28571
irq,20211130,11031898
irq,20211204,11486135.28571
irq,20211208,11954675
irq,20211212,12293041
irq,20211214,12575827
irq,20211219,12857205.28571
irq,20211222,13125799.14286
irq,20211227,13393213.85714
irq,20220104,13661478.71429
irq,20220108,13899274.71429
irq,20220110,14119264.42857
irq,20220112,14331620.14286
irq,20220116,14524573
irq,20220118,14700118.85714
irq,20220123,14875759.71429
irq,20220126,15033514.71429
irq,20220129,15182799.57143
irq,20220201,15333525.42857
isl,20201230,4875
isl,20210120,5540
isl,20210125,8766.66667
isl,20210127,10455.5
isl,20210203,11754.6
isl,20210205,12714.66667
isl,20210208,13420.71429
isl,20210212,15527.71429
isl,20210215,17476.14286
isl,20210216,18163.42857
isl,20210217,19027.28571
isl,20210218,20156.14286
isl,20210219,21328
isl,20210222,22771.57143
isl,20210223,23958.57143
isl,20210225,25616.71429
isl,20210226,27349
isl,20210301,29079.57143
isl,20210302,30362.71429
isl,20210304,32288.14286
isl,20210305,34000.57143
isl,20210308,36014
isl,20210311,38099.85714
isl,20210312,40200.57143
isl,20210315,42111.42857
isl,20210317,44463.14286
isl,20210318,46189.85714
isl,20210319,48026.28571
isl,20210322,49596.57143
isl,20210323,50856
isl,20210324,52451.28571
isl,20210325,54286.14286
isl,20210326,55724.57143
isl,20210329,57849.28571
isl,20210331,60761.14286
isl,20210403,63844.57143
isl,20210408,67395.71429
isl,20210409,71444.14286
isl,20210412,75628
isl,20210414,80638.42857
isl,20210416,85283.57143
isl,20210419,89166.57143
isl,20210422,94699
isl,20210428,100671
isl,20210429,107341.85714
isl,20210430,115352
isl,20210503,122590.85714
isl,20210505,130956.28571
isl,20210506,140527.71429
isl,20210507,150666.85714
isl,20210511,160183.42857
isl,20210512,169520.14286
isl,20210514,177873.57143
isl,20210518,187231.85714
isl,20210519,196202
isl,20210520,204471
isl,20210521,211157.42857
isl,20210525,217370.85714
isl,20210527,223871.28571
isl,20210528,230452
isl,20210602,237196.28571
isl,20210603,244239.57143
isl,20210604,251154.42857
isl,20210607,257302.28571
isl,20210609,265301.57143
isl,20210611,275752.71429
isl,20210615,286778.71429
isl,20210616,298424.28571
isl,20210617,310689.14286
isl,20210622,322601.14286
isl,20210623,336018.57143
isl,20210624,349725.28571
isl,20210625,359672.85714
isl,20210629,368800.71429
isl,20210630,377548.42857
isl,20210701,387215.57143
isl,20210702,398434.71429
isl,20210707,409295.28571
isl,20210708,418934.42857
isl,20210709,428251.71429
isl,20210714,438242.42857
isl,20210715,447507
isl,20210723,454016.71429
isl,20210730,459016.85714
isl,20210804,463029.14286
isl,20210806,466764.71429
isl,20210825,476913.42857
isl,20210826,486100.71429
isl,20210827,494688
isl,20210831,503121.14286
isl,20210901,511340.28571
isl,20210902,519421.28571
isl,20210903,526975.85714
isl,20210907,528085.71429
isl,20210909,529214.42857
isl,20210910,530480.57143
isl,20210914,532159.14286
isl,20210915,534288.71429
isl,20210916,536734.42857
isl,20210917,539263.14286
isl,20210921,541857.14286
isl,20210923,544440.85714
isl,20210930,547183
isl,20211007,549938
isl,20211014,552739.57143
isl,20211021,555871.85714
isl,20211028,559157.57143
isl,20211104,562836.71429
isl,20211111,567222.28571
isl,20211116,572244.14286
isl,20211118,579351.71429
isl,20211123,587836.71429
isl,20211125,597778.28571
isl,20211130,608894.28571
isl,20211202,621802.14286
isl,20211207,634917.57143
isl,20211209,649130
isl,20211214,662125.42857
isl,20211216,673867.42857
isl,20211221,684265.28571
isl,20211223,693656.28571
isl,20211228,700806.14286
isl,20211230,706993.14286
isl,20220104,711178.42857
isl,20220106,714358.42857
isl,20220111,717768.57143
isl,20220113,722394.28571
isl,20220118,727918.71429
isl,20220120,734443.71429
isl,20220125,741804.28571
isl,20220128,749971.14286
isl,20220201,758552.85714
isl,20220203,767262.42857
isl,20220208,774758.14286
isr,20201219,93
isr,20201220,3787
isr,20201221,13323
isr,20201222,29252.25
isr,20201223,51388.8
isr,20201224,78381
isr,20201225,103161.28571
isr,20201226,143783.28571
isr,20201227,198283.14286
isr,20201228,268505.57143
isr,20201229,354669.14286
isr,20201230,453716.57143
isr,20201231,564918.57143
isr,20210101,680819.57143
isr,20210102,802306
isr,20210103,930241.42857
isr,20210104,1060625.28571
isr,20210105,1186564.14286
isr,20210106,1305387.57143
isr,20210107,1418137.14286
isr,20210108,1530175
isr,20210109,1638332
isr,20210110,1731337
isr,20210111,1808381
isr,20210112,1876077.14286
isr,20210113,1944573.14286
isr,20210114,2014392.14286
isr,20210115,2084244.28571
isr,20210116,2155653.85714
isr,20210117,2242685.71429
isr,20210118,2351109.85714
isr,20210119,2481097.42857
isr,20210120,2627036.14286
isr,20210121,2788556.71429
isr,20210122,2956124.42857
isr,20210123,3129130.42857
isr,20210124,3310246
isr,20210125,3495675.71429
isr,20210126,3680307.57143
isr,20210127,3862423.14286
isr,20210128,4041077.57143
isr,20210129,4218651.28571
isr,20210130,4393882.85714
isr,20210131,4558119.71429
isr,20210201,4707705.57143
isr,20210202,4842439.71429
isr,20210203,4964136.14286
isr,20210204,5074482.57143
isr,20210205,5179294.71429
isr,20210206,5279348.14286
isr,20210207,5377970.71429
isr,20210208,5477485.57143
isr,20210209,5581676.71429
isr,20210210,5690310.85714
isr,20210211,5802163.85714
isr,20210212,5916009.85714
isr,20210213,6031862.42857
isr,20210214,6150737.71429
isr,20210215,6274347.28571
isr,20210216,6401930.14286
isr,20210217,6528765.57143
isr,20210218,6654980.28571
isr,20210219,6781356.14286
isr,20210220,6908088.71429
isr,20210221,7036805.42857
isr,20210222,7166726
isr,20210223,7294660.14286
isr,20210224,7420678.42857
isr,20210225,7542072.14286
isr,20210226,7660627.42857
isr,20210227,7776204.42857
isr,20210228,7882976.71429
isr,20210301,7981393.57143
isr,20210302,8073835
isr,20210303,8164074.71429
isr,20210304,8254641.42857
isr,20210305,8345189
isr,20210306,8435239
isr,20210307,8526396.28571
isr,20210308,8616623.57143
isr,20210309,8706475.85714
isr,20210310,8792505.71429
isr,20210311,8874759.14286
isr,20210312,8956279.71429
isr,20210313,9037390.85714
isr,20210314,9117205.28571
isr,20210315,9196697.14286
isr,20210316,9274314.71429
isr,20210317,9351173.57143
isr,20210318,9425432.14286
isr,20210319,9497153.28571
isr,20210320,9567064.14286
isr,20210321,9631083.57143
isr,20210322,9688774.71429
isr,20210323,9735024
isr,20210324,9778536.57143
isr,20210325,9817979.71429
isr,20210326,9854936.14286
isr,20210327,9889827.42857
isr,20210328,9918015.28571
isr,20210329,9943748
isr,20210330,9972362.71429
isr,20210331,9996701.42857
isr,20210401,10018350.28571
isr,20210402,10039077.42857
isr,20210403,10059566
isr,20210404,10083730
isr,20210405,10107134.42857
isr,20210406,10129893.57143
isr,20210407,10152165.14286
isr,20210408,10174370.85714
isr,20210409,10196397.71429
isr,20210410,10218532.57143
isr,20210411,10239355.42857
isr,20210412,10258829.28571
isr,20210413,10276159.28571
isr,20210414,10291308.57143
isr,20210415,10302868.71429
isr,20210416,10314462.71429
isr,20210417,10325721.42857
isr,20210418,10335731.57143
isr,20210419,10344508.28571
isr,20210420,10353623.14286
isr,20210421,10363383.57143
isr,20210422,10374908.42857
isr,20210423,10385876.14286
isr,20210424,10396737.57143
isr,20210425,10407201.57143
isr,20210426,10417642.42857
isr,20210427,10427796
isr,20210428,10437714
isr,20210429,10447350.57143
isr,20210430,10456838.42857
isr,20210501,10466227.14286
isr,20210502,10475268.42857
isr,20210503,10483738.71429
isr,20210504,10491805.28571
isr,20210505,10499237.85714
isr,20210506,10505971.85714
isr,20210507,10512592.85714
isr,20210508,10519127.14286
isr,20210509,10525416.85714
isr,20210510,10531457
isr,20210511,10537237
isr,20210512,10542728.14286
isr,20210513,10548070.42857
isr,20210514,10553147.85714
isr,20210515,10558189.28571
isr,20210516,10562394.42857
isr,20210517,10565678.71429
isr,20210518,10569023.71429
isr,20210519,10572643.28571
isr,20210520,10576331.42857
isr,20210521,10580039
isr,20210522,10583762.28571
isr,20210523,10588022
isr,20210524,10592934.71429
isr,20210525,10597492
isr,20210526,10601570.14286
isr,20210527,10605481
isr,20210528,10609332.42857
isr,20210529,10613156
isr,20210530,10616704.85714
isr,20210531,10619979.85714
isr,20210601,10623079.85714
isr,20210602,10626066.57143
isr,20210603,10628787.28571
isr,20210604,10631463.14286
isr,20210605,10634129.57143
isr,20210606,10637040.85714
isr,20210607,10640155.28571
isr,20210608,10643514.71429
isr,20210609,10647131.28571
isr,20210610,10650959.14286
isr,20210611,10654803
isr,20210612,10658651.57143
isr,20210613,10662367.85714
isr,20210614,10665990
isr,20210615,10669555.71429
isr,20210616,10672949.57143
isr,20210617,10676241.14286
isr,20210618,10679502.14286
isr,20210619,10682762
isr,20210620,10686062.14286
isr,20210621,10689629.85714
isr,20210622,10693696.85714
isr,20210623,10698952.42857
isr,20210624,10705574.14286
isr,20210625,10713091.28571
isr,20210626,10720907.57143
isr,20210627,10730496.85714
isr,20210628,10741761.14286
isr,20210629,10754800
isr,20210630,10768956.71429
isr,20210701,10784070.57143
isr,20210702,10799670.14286
isr,20210703,10815340.85714
isr,20210704,10831558.42857
isr,20210705,10848163.14286
isr,20210706,10864885.57143
isr,20210707,10881372.85714
isr,20210708,10897756
isr,20210709,10914313.14286
isr,20210710,10931211.85714
isr,20210711,10945743.42857
isr,20210712,10958168.57143
isr,20210713,10968777.14286
isr,20210714,10978311.42857
isr,20210715,10986872.28571
isr,20210716,10994655.85714
isr,20210717,11001924.57143
isr,20210718,11010300
isr,20210719,11019938.57143
isr,20210720,11030493
isr,20210721,11041601.42857
isr,20210722,11053262.71429
isr,20210723,11065372.85714
isr,20210724,11077534.28571
isr,20210725,11090847.85714
isr,20210726,11104733.28571
isr,20210727,11119259.71429
isr,20210728,11134103
isr,20210729,11149351.28571
isr,20210730,11165636.57143
isr,20210731,11183205.57143
isr,20210801,11203252.71429
isr,20210802,11229841.71429
isr,20210803,11265888.14286
isr,20210804,11312037.85714
isr,20210805,11369210.71429
isr,20210806,11430868
isr,20210807,11495089.28571
isr,20210808,11566547.85714
isr,20210809,11640874
isr,20210810,11714987.14286
isr,20210811,11786777.14286
isr,20210812,11854747.42857
isr,20210813,11922820.71429
isr,20210814,11993538.28571
isr,20210815,12067328.71429
isr,20210816,12143453.85714
isr,20210817,12221271.57143
isr,20210818,12300692.57143
isr,20210819,12381752.85714
isr,20210820,12465421.85714
isr,20210821,12550264.42857
isr,20210822,12636543
isr,20210823,12723983.71429
isr,20210824,12814126.57143
isr,20210825,12908711.42857
isr,20210826,13008302
isr,20210827,13107291.28571
isr,20210828,13203842.14286
isr,20210829,13296971.42857
isr,20210830,13393808.85714
isr,20210831,13493286.85714
isr,20210901,13594753.57143
isr,20210902,13697811.42857
isr,20210903,13801290.42857
isr,20210904,13904190.14286
isr,20210905,14005805.71429
isr,20210906,14092137.71429
isr,20210907,14160479.71429
isr,20210908,14211922.57143
isr,20210909,14258513
isr,20210910,14302166
isr,20210911,14343644
isr,20210912,14382558.28571
isr,20210913,14426258.71429
isr,20210914,14477635.14286
isr,20210915,14530719
isr,20210916,14570830.71429
isr,20210917,14612002.57143
isr,20210918,14652968.57143
isr,20210919,14692815.85714
isr,20210920,14727345.57143
isr,20210921,14754112.71429
isr,20210922,14783081.28571
isr,20210923,14817117.14286
isr,20210924,14848511.71429
isr,20210925,14879446.85714
isr,20210926,14908504.71429
isr,20210927,14939708
isr,20210928,14971202.42857
isr,20210929,15008656
isr,20210930,15054836.14286
isr,20211001,15103931.71429
isr,20211002,15154833.85714
isr,20211003,15211708.14286
isr,20211004,15272776.28571
isr,20211005,15340317.57143
isr,20211006,15403225.28571
isr,20211007,15458380.42857
isr,20211008,15509171.28571
isr,20211009,15557504.14286
isr,20211010,15597308.71429
isr,20211011,15630761.85714
isr,20211012,15659660.14286
isr,20211013,15684796.71429
isr,20211014,15706811.85714
isr,20211015,15727030.42857
isr,20211016,15746607.42857
isr,20211017,15764537.71429
isr,20211018,15780993.14286
isr,20211019,15796109.85714
isr,20211020,15810556.57143
isr,20211021,15824312.71429
isr,20211022,15837517.85714
isr,20211023,15850534.57143
isr,20211024,15863065.71429
isr,20211025,15875552.14286
isr,20211026,15888035.28571
isr,20211027,15900229
isr,20211028,15911801.71429
isr,20211029,15923034.42857
isr,20211030,15934010.42857
isr,20211031,15944696.57143
isr,20211101,15954875
isr,20211102,15964681.57143
isr,20211103,15973973.42857
isr,20211104,15982994.57143
isr,20211105,15991871.71429
isr,20211106,16000679
isr,20211107,16008985.42857
isr,20211108,16017033.28571
isr,20211109,16024798.57143
isr,20211110,16032370.71429
isr,20211111,16039556
isr,20211112,16046628.85714
isr,20211113,16053636.85714
isr,20211114,16060472.57143
isr,20211115,16067186.28571
isr,20211116,16073708.28571
isr,20211117,16080058
isr,20211118,16086224.85714
isr,20211119,16092309.71429
isr,20211120,16098357.42857
isr,20211121,16104339.14286
isr,20211122,16110286.57143
isr,20211123,16117271
isr,20211124,16125388.28571
isr,20211125,16134677.85714
isr,20211126,16144730.85714
isr,20211127,16155477
isr,20211128,16167464.71429
isr,20211129,16180465.71429
isr,20211130,16193587.57143
isr,20211201,16206646
isr,20211202,16219622.57143
isr,20211203,16232701
isr,20211204,16245407
isr,20211205,16257792.42857
isr,20211206,16269854.57143
isr,20211207,16281327.71429
isr,20211208,16292206.42857
isr,20211209,16302555.71429
isr,20211210,16312405.57143
isr,20211211,16322127
isr,20211212,16331803.14286
isr,20211213,16341426.85714
isr,20211214,16352099.28571
isr,20211215,16364210.28571
isr,20211216,16377928.85714
isr,20211217,16392656.28571
isr,20211218,16408158
isr,20211219,16424890.85714
isr,20211220,16442909.14286
isr,20211221,16461826.42857
isr,20211222,16481313.14286
isr,20211223,16501758.14286
isr,20211224,16522773.28571
isr,20211225,16543758.57143
isr,20211226,16565488.42857
isr,20211227,16587915.42857
isr,20211228,16610897.71429
isr,20211229,16633911.42857
isr,20211230,16657077.85714
isr,20211231,16680025.42857
isr,20220101,16702744.57143
isr,20220102,16725761.14286
isr,20220103,16749442.57143
isr,20220104,16779867.42857
isr,20220105,16818870.14286
isr,20220106,16867126.57143
isr,20220107,16920055.85714
isr,20220108,16977548.71429
isr,20220109,17044448.57143
isr,20220110,17120242
isr,20220111,17197409.28571
isr,20220112,17272710.85714
isr,20220113,17343388
isr,20220114,17410661.42857
isr,20220115,17474492
isr,20220116,17530363.28571
isr,20220117,17577829.71429
isr,20220118,17617415.71429
isr,20220119,17649856
isr,20220120,17676316.85714
isr,20220121,17700758.14286
isr,20220122,17723737.28571
isr,20220123,17743237.28571
isr,20220124,17759698.14286
isr,20220125,17773908.57143
isr,20220126,17786487.71429
isr,20220127,17797793.85714
isr,20220128,17808638
isr,20220129,17819308.85714
isr,20220130,17829971.42857
isr,20220131,17840521.42857
isr,20220201,17850504.42857
isr,20220202,17860399.28571
isr,20220203,17869953
isr,20220204,17879076.28571
isr,20220205,17887955.57143
isr,20220206,17895999.42857
isr,20220207,17903572.57143
isr,20220208,17910927.71429
ita,20201227,7353
ita,20201228,8105.5
ita,20201229,8722.33333
ita,20201230,10250.25
ita,20201231,16357.8
ita,20210101,22307.16667
ita,20210102,32139
ita,20210103,49231.42857
ita,20210104,76057.28571
ita,20210105,114212
ita,20210106,160980.85714
ita,20210107,217284.57143
ita,20210108,285847.14286
ita,20210109,361461.57143
ita,20210110,440666.42857
ita,20210111,521661.57143
ita,20210112,603110.42857
ita,20210113,688906.42857
ita,20210114,774968.42857
ita,20210115,860172.28571
ita,20210116,942199.57143
ita,20210117,1020892
ita,20210118,1094238.85714
ita,20210119,1160445.71429
ita,20210120,1217498.71429
ita,20210121,1266268
ita,20210122,1305943.71429
ita,20210123,1341788.57143
ita,20210124,1377115.42857
ita,20210125,1416007.57143
ita,20210126,1461686
ita,20210127,1513043
ita,20210128,1572655.57143
ita,20210129,1642535.57143
ita,20210130,1719797.71429
ita,20210131,1800779.71429
ita,20210201,1884129.85714
ita,20210202,1968570.28571
ita,20210203,2057180
ita,20210204,2147884.85714
ita,20210205,2239874.42857
ita,20210206,2330063.85714
ita,20210207,2417739.57143
ita,20210208,2502705
ita,20210209,2584607
ita,20210210,2662645.57143
ita,20210211,2735877.14286
ita,20210212,2804300.14286
ita,20210213,2869080.71429
ita,20210214,2932083
ita,20210215,2994488
ita,20210216,3057504.85714
ita,20210217,3121576.57143
ita,20210218,3187864.14286
ita,20210219,3256896
ita,20210220,3329617.57143
ita,20210221,3405376.85714
ita,20210222,3487303.14286
ita,20210223,3574311.42857
ita,20210224,3667324.71429
ita,20210225,3765796.71429
ita,20210226,3870774.71429
ita,20210227,3982685.14286
ita,20210228,4098500.71429
ita,20210301,4218608.57143
ita,20210302,4346650
ita,20210303,4484031.42857
ita,20210304,4631398
ita,20210305,4788435.42857
ita,20210306,4952838.85714
ita,20210307,5120789
ita,20210308,5295329.85714
ita,20210309,5474674.28571
ita,20210310,5658097.57143
ita,20210311,5845321.28571
ita,20210312,6033477.85714
ita,20210313,6221498.14286
ita,20210314,6409908.42857
ita,20210315,6597427.42857
ita,20210316,6777065.57143
ita,20210317,6949505.42857
ita,20210318,7113193.57143
ita,20210319,7271648.14286
ita,20210320,7429914.14286
ita,20210321,7591720.57143
ita,20210322,7756488
ita,20210323,7933578.71429
ita,20210324,8123851.28571
ita,20210325,8329525.42857
ita,20210326,8548939.14286
ita,20210327,8777672.14286
ita,20210328,9011145.42857
ita,20210329,9251495
ita,20210330,9498145.42857
ita,20210331,9751897.57143
ita,20210401,10008114.57143
ita,20210402,10265925.57143
ita,20210403,10522239.85714
ita,20210404,10768865.57143
ita,20210405,11005045.42857
ita,20210406,11243546.42857
ita,20210407,11486014.71429
ita,20210408,11735852.85714
ita,20210409,11993360.85714
ita,20210410,12263911.85714
ita,20210411,12549672.85714
ita,20210412,12849358
ita,20210413,13149586
ita,20210414,13447996.71429
ita,20210415,13748279.85714
ita,20210416,14054970.57143
ita,20210417,14367268.28571
ita,20210418,14685353.42857
ita,20210419,15009648
ita,20210420,15340268.14286
ita,20210421,15678349.71429
ita,20210422,16023221.85714
ita,20210423,16371717.71429
ita,20210424,16724106.71429
ita,20210425,17080099.85714
ita,20210426,17440906.28571
ita,20210427,17807436.14286
ita,20210428,18179109.57143
ita,20210429,18569497.57143
ita,20210430,18977517.28571
ita,20210501,19392124.85714
ita,20210502,19821525.71429
ita,20210503,20260718.28571
ita,20210504,20711238.28571
ita,20210505,21172855.57143
ita,20210506,21633386.71429
ita,20210507,22096400.85714
ita,20210508,22571002.71429
ita,20210509,23047494
ita,20210510,23528125.57143
ita,20210511,24009525.71429
ita,20210512,24490830.85714
ita,20210513,24973266.57143
ita,20210514,25457123.85714
ita,20210515,25945648.57143
ita,20210516,26438217.85714
ita,20210517,26934529
ita,20210518,27432659.28571
ita,20210519,27931169.28571
ita,20210520,28433233.42857
ita,20210521,28937639.71429
ita,20210522,29438772
ita,20210523,29939480.57143
ita,20210524,30439770.14286
ita,20210525,30941586
ita,20210526,31449254.85714
ita,20210527,31962196.85714
ita,20210528,32478370.57143
ita,20210529,32994769.57143
ita,20210530,33510430
ita,20210531,34028368.85714
ita,20210601,34544662.71429
ita,20210602,35044271.28571
ita,20210603,35544890.85714
ita,20210604,36051167.14286
ita,20210605,36570922.71429
ita,20210606,37106362.28571
ita,20210607,37654818.57143
ita,20210608,38219495.42857
ita,20210609,38810252.28571
ita,20210610,39406071.14286
ita,20210611,40000305.28571
ita,20210612,40586995.28571
ita,20210613,41162652.14286
ita,20210614,41732869
ita,20210615,42296413.14286
ita,20210616,42854678.57143
ita,20210617,43408724.57143
ita,20210618,43960751
ita,20210619,44511670.28571
ita,20210620,45062826.71429
ita,20210621,45617525.14286
ita,20210622,46177275.28571
ita,20210623,46738515.42857
ita,20210624,47300779.42857
ita,20210625,47864154.28571
ita,20210626,48427012.57143
ita,20210627,48989014
ita,20210628,49551186.57143
ita,20210629,50112206
ita,20210630,50674008.57143
ita,20210701,51229773.14286
ita,20210702,51776767
ita,20210703,52319820.28571
ita,20210704,52860477.57143
ita,20210705,53398453.85714
ita,20210706,53932862.14286
ita,20210707,54463670.71429
ita,20210708,54996930
ita,20210709,55536415.42857
ita,20210710,56081852.85714
ita,20210711,56626771.71429
ita,20210712,57175449.85714
ita,20210713,57728880.28571
ita,20210714,58284988.85714
ita,20210715,58845052.28571
ita,20210716,59404652.42857
ita,20210717,59959765.28571
ita,20210718,60519653.14286
ita,20210719,61080575.42857
ita,20210720,61640811.71429
ita,20210721,62203417.57143
ita,20210722,62764895.42857
ita,20210723,63325136.71429
ita,20210724,63879131.28571
ita,20210725,64421394.57143
ita,20210726,64962274
ita,20210727,65504005.42857
ita,20210728,66039303.42857
ita,20210729,66565030.28571
ita,20210730,67080475.57143
ita,20210731,67587015.42857
ita,20210801,68083917.28571
ita,20210802,68568342.57143
ita,20210803,69037795.71429
ita,20210804,69498434.14286
ita,20210805,69947844.57143
ita,20210806,70386279.57143
ita,20210807,70812110.71429
ita,20210808,71232692.14286
ita,20210809,71643134.28571
ita,20210810,72040376.28571
ita,20210811,72420455.85714
ita,20210812,72782858.42857
ita,20210813,73124673.42857
ita,20210814,73435412.42857
ita,20210815,73716503.42857
ita,20210816,73972802.14286
ita,20210817,74210936.28571
ita,20210818,74434808.42857
ita,20210819,74644826.42857
ita,20210820,74845554.57143
ita,20210821,75050310.14286
ita,20210822,75263746.85714
ita,20210823,75488011.14286
ita,20210824,75716637.14286
ita,20210825,75950388.85714
ita,20210826,76189859.42857
ita,20210827,76437775
ita,20210828,76695787.71429
ita,20210829,76960628.57143
ita,20210830,77231184.28571
ita,20210831,77507851.42857
ita,20210901,77787194.85714
ita,20210902,78068820.57143
ita,20210903,78351147.71429
ita,20210904,78632542.71429
ita,20210905,78911360.14286
ita,20210906,79181460.57143
ita,20210907,79445575.28571
ita,20210908,79703523.14286
ita,20210909,79958531.14286
ita,20210910,80210349.14286
ita,20210911,80459902.71429
ita,20210912,80707877.28571
ita,20210913,80951052.42857
ita,20210914,81188047.14286
ita,20210915,81418205.42857
ita,20210916,81639471.42857
ita,20210917,81852831
ita,20210918,82066458.14286
ita,20210919,82279891.85714
ita,20210920,82494759
ita,20210921,82711973.57143
ita,20210922,82933205
ita,20210923,83156396.14286
ita,20210924,83381948
ita,20210925,83607208.14286
ita,20210926,83831966.57143
ita,20210927,84050346.85714
ita,20210928,84261024.85714
ita,20210929,84463889.57143
ita,20210930,84663056.42857
ita,20211001,84853842.71429
ita,20211002,85036808.71429
ita,20211003,85213860.57143
ita,20211004,85384228
ita,20211005,85549420.14286
ita,20211006,85709152.42857
ita,20211007,85862676
ita,20211008,86015626.14286
ita,20211009,86168283.85714
ita,20211010,86320821.14286
ita,20211011,86474457.28571
ita,20211012,86631441.85714
ita,20211013,86794971.85714
ita,20211014,86967720.57143
ita,20211015,87147164.14286
ita,20211016,87329877
ita,20211017,87515263.85714
ita,20211018,87702653.57143
ita,20211019,87889552.42857
ita,20211020,88074006.57143
ita,20211021,88253651
ita,20211022,88427724.28571
ita,20211023,88596436.85714
ita,20211024,88759952
ita,20211025,88919602.42857
ita,20211026,89077147.57143
ita,20211027,89234021.57143
ita,20211028,89391450.28571
ita,20211029,89549279.57143
ita,20211030,89707198.28571
ita,20211031,89864152.28571
ita,20211101,90004332.57143
ita,20211102,90144097
ita,20211103,90285713.14286
ita,20211104,90428428.42857
ita,20211105,90575836.71429
ita,20211106,90725912.57143
ita,20211107,90876894.14286
ita,20211108,91049062.57143
ita,20211109,91226765.71429
ita,20211110,91407499.14286
ita,20211111,91590457.42857
ita,20211112,91774486.28571
ita,20211113,91960535.71429
ita,20211114,92147579.85714
ita,20211115,92336217.85714
ita,20211116,92526614.28571
ita,20211117,92718028.57143
ita,20211118,92913099.14286
ita,20211119,93112593.28571
ita,20211120,93316025.42857
ita,20211121,93520837.85714
ita,20211122,93731963.85714
ita,20211123,93952586.85714
ita,20211124,94186813.28571
ita,20211125,94436259.57143
ita,20211126,94702286.57143
ita,20211127,94985555.14286
ita,20211128,95279893.14286
ita,20211129,95591903.14286
ita,20211130,95923009.57143
ita,20211201,96274856.28571
ita,20211202,96647327.57143
ita,20211203,97041820.42857
ita,20211204,97458563.85714
ita,20211205,97894375.85714
ita,20211206,98350896
ita,20211207,98825220
ita,20211208,99273395.71429
ita,20211209,99730652.57143
ita,20211210,100195657.42857
ita,20211211,100666548.28571
ita,20211212,101141892.85714
ita,20211213,101617130.42857
ita,20211214,102093154.42857
ita,20211215,102610462.57143
ita,20211216,103132322.57143
ita,20211217,103654920.85714
ita,20211218,104182287.57143
ita,20211219,104713293
ita,20211220,105247522.71429
ita,20211221,105783478.14286
ita,20211222,106316884
ita,20211223,106836586.85714
ita,20211224,107306833.85714
ita,20211225,107704358.71429
ita,20211226,108077898.14286
ita,20211227,108458795.57143
ita,20211228,108852646.57143
ita,20211229,109259176.85714
ita,20211230,109678435
ita,20211231,110103884
ita,20220101,110534547.57143
ita,20220102,110987650.42857
ita,20220103,111445246.85714
ita,20220104,111908283.28571
ita,20220105,112375141.71429
ita,20220106,112807265.28571
ita,20220107,113297644.42857
ita,20220108,113869255.57143
ita,20220109,114452360
ita,20220110,115041023.28571
ita,20220111,115634622.42857
ita,20220112,116234631
ita,20220113,116887091.71429
ita,20220114,117542150
ita,20220115,118205336.85714
ita,20220116,118870281.71429
ita,20220117,119525302.71429
ita,20220118,120166817.28571
ita,20220119,120793686.57143
ita,20220120,121405630.85714
ita,20220121,122000267.42857
ita,20220122,122575872.14286
ita,20220123,123139269.28571
ita,20220124,123692948.57143
ita,20220125,124235376.85714
ita,20220126,124766413
ita,20220127,125285268.71429
ita,20220128,125796459.14286
ita,20220129,126302213
ita,20220130,126803962.42857
ita,20220131,127294290
ita,20220201,127766477.14286
ita,20220202,128218127.14286
ita,20220203,128647190.71429
ita,20220204,129052559.71429
ita,20220205,129434616.28571
ita,20220206,129798105.71429
ita,20220207,130137524.14286
ita,20220208,130454304.57143
jam,20210309,0
jam,20210314,6049.5
jam,20210316,9398.33333
jam,20210325,15298.75
jam,20210401,20619.2
jam,20210406,24506.66667
jam,20210407,27824
jam,20210413,47177.28571
jam,20210514,67326.85714
jam,20210521,88556.42857
jam,20210528,109254
jam,20210604,128680.85714
jam,20210611,150162.42857
jam,20210625,179056
jam,20210709,200891.28571
jam,20210713,220496.42857
jam,20210716,239287.85714
jam,20210723,256862
jam,20210806,284300.71429
jam,20210813,312409.42857
jam,20210820,336787.14286
jam,20210824,362406.85714
jam,20210825,391920.28571
jam,20210827,421267.85714
jam,20210828,450777.42857
jam,20210829,471135.85714
jam,20210831,492823.28571
jam,20210901,511306.57143
jam,20210903,524626.57143
jam,20210906,536000
jam,20210908,550049.28571
jam,20210909,564166
jam,20210910,578665
jam,20210913,593636.28571
jam,20210915,614181.57143
jam,20210916,634438
jam,20210921,653738.57143
jam,20210924,670287
jam,20210927,689843.85714
jam,20210928,710103.85714
jam,20211002,730289.14286
jam,20211006,745692.28571
jam,20211007,760912.42857
jam,20211008,775894.57143
jam,20211010,793101.57143
jam,20211012,807078.71429
jam,20211013,820022.57143
jam,20211014,829033.71429
jam,20211015,837438.42857
jam,20211019,847525.42857
jam,20211021,857121
jam,20211022,864459
jam,20211023,871618.71429
jam,20211024,878367.28571
jam,20211025,884738.14286
jam,20211026,890289.85714
jam,20211027,893642.28571
jam,20211028,897018.42857
jam,20211029,900436.42857
jam,20211030,904064.85714
jam,20211031,907831
jam,20211101,911755.42857
jam,20211102,916781.85714
jam,20211103,924983.71429
jam,20211105,934273.71429
jam,20211106,944348
jam,20211107,955512.28571
jam,20211108,967615.71429
jam,20211109,979951.14286
jam,20211110,991971.14286
jam,20211111,1001073.57143
jam,20211112,1009538
jam,20211113,1017539.57143
jam,20211115,1025542.85714
jam,20211116,1032546.14286
jam,20211117,1039418
jam,20211118,1045842.42857
jam,20211119,1052004.57143
jam,20211120,1057718.28571
jam,20211121,1063546.85714
jam,20211123,1068046.85714
jam,20211124,1072788.14286
jam,20211125,1077455.57143
jam,20211126,1082030.14286
jam,20211127,1086686.28571
jam,20211129,1091521.57143
jam,20211130,1095768.71429
jam,20211201,1100358.57143
jam,20211202,1104854
jam,20211203,1109458.42857
jam,20211204,1114327.14286
jam,20211205,1119311.57143
jam,20211206,1123900
jam,20211207,1128527.85714
jam,20211208,1132948.85714
jam,20211209,1137463.71429
jam,20211210,1142473.57143
jam,20211212,1146974.57143
jam,20211213,1151531.57143
jam,20211215,1156308.71429
jam,20211216,1161045.57143
jam,20211217,1165784.42857
jam,20211218,1170183.28571
jam,20211219,1173731.28571
jam,20211220,1177443.71429
jam,20211222,1181350.28571
jam,20211223,1184789.14286
jam,20211224,1188189
jam,20211225,1191114
jam,20211226,1193706.28571
jam,20211228,1195947.42857
jam,20211230,1199025.71429
jam,20220101,1201095
jam,20220104,1203945.71429
jam,20220105,1206841
jam,20220107,1211412.28571
jam,20220108,1216776.42857
jam,20220110,1222428.71429
jam,20220111,1227173.85714
jam,20220112,1233216.14286
jam,20220114,1239108.28571
jam,20220115,1245040.71429
jam,20220116,1249487.57143
jam,20220117,1253302.42857
jam,20220118,1257631.71429
jam,20220119,1261795.57143
jam,20220120,1265358.85714
jam,20220121,1269071.28571
jam,20220123,1272500.42857
jam,20220125,1276766
jam,20220127,1281374
jam,20220128,1285712.42857
jam,20220130,1290330
jam,20220131,1294311.42857
jam,20220201,1297870.71429
jam,20220202,1301495.28571
jam,20220203,1304549.85714
jam,20220204,1307519.71429
jam,20220205,1310249.71429
jam,20220206,1312531.42857
jam,20220208,1315137.57143
jey,20210314,45758
jey,20210321,49011.5
jey,20210328,52385
jey,20210404,56228.75
jey,20210411,59154.8
jey,20210418,62159.83333
jey,20210425,65099.57143
jey,20210502,71191.85714
jey,20210512,77236
jey,20210516,82698
jey,20210519,87266
jey,20210523,91863.85714
jey,20210526,95939.42857
jey,20210530,99630.71429
jey,20210602,102855.14286
jey,20210606,105514.85714
jey,20210609,107979
jey,20210613,110389.14286
jey,20210616,112556.57143
jey,20210620,114593.85714
jey,20210623,116398.42857
jey,20210627,118106.28571
jey,20210704,120015.14286
jey,20210707,122020.42857
jey,20210711,124047
jey,20210714,126121.71429
jey,20210718,128322.28571
jey,20210721,130653.85714
jey,20210725,133127.42857
jey,20210728,135343.42857
jey,20210801,137428
jey,20210804,139332.71429
jey,20210808,141069.42857
jey,20210811,142537.71429
jey,20210815,143810.42857
jey,20210818,144754.71429
jey,20210822,145551.42857
jey,20210829,146335
jey,20210901,147081.71429
jey,20210905,147774.85714
jey,20210908,148405.28571
jey,20210912,148968.14286
jey,20210915,149510.57143
jey,20210919,149974.57143
jey,20210922,150307.42857
jey,20210926,150856.42857
jey,20210929,151595.42857
jey,20211003,152625.42857
jey,20211006,153869.85714
jey,20211013,155623.57143
jey,20211017,157650
jey,20211020,159914.28571
jey,20211024,162189.71429
jey,20211027,164454.57143
jey,20211031,166660.28571
jey,20211103,168809.85714
jey,20211107,170680.85714
jey,20211110,172457.57143
jey,20211114,174254.14286
jey,20211117,175965.28571
jey,20211121,177721.14286
jey,20211124,179459.85714
jey,20211128,181330
jey,20211201,183259.42857
jey,20211205,185338.28571
jey,20211208,187451
jey,20211212,189702.85714
jey,20211215,192048.85714
jey,20211219,194598.57143
jey,20211226,197419.71429
jey,20211229,200334.57143
jey,20220102,203100.57143
jey,20220105,205846
jey,20220109,208469.71429
jey,20220112,210896.57143
jey,20220116,213019.28571
jey,20220119,214626.42857
jey,20220123,215906.85714
jey,20220126,217040
jey,20220130,217947.57143
jor,20210112,0
jor,20210123,15000
jor,20210131,23333.33333
jor,20210222,37500
jor,20210225,60000
jor,20210315,84025.16667
jor,20210317,106574.14286
jor,20210321,145523.85714
jor,20210324,186972.42857
jor,20210330,239715.71429
jor,20210407,303220.42857
jor,20210414,376824.14286
jor,20210419,452238.57143
jor,20210429,549103.42857
jor,20210504,666017.71429
jor,20210518,823133.42857
jor,20210526,1014675.85714
jor,20210527,1208286.71429
jor,20210528,1385288
jor,20210606,1610420.28571
jor,20210608,1834376.71429
jor,20210610,2037800.42857
jor,20210611,2194329.28571
jor,20210613,2316018.42857
jor,20210614,2430515.28571
jor,20210615,2551521.85714
jor,20210616,2624386
jor,20210617,2682154.57143
jor,20210618,2736198.28571
jor,20210619,2793153
jor,20210620,2864272
jor,20210621,2937985
jor,20210624,3022321.71429
jor,20210625,3102452.85714
jor,20210626,3180842.42857
jor,20210627,3270756.57143
jor,20210628,3371279.85714
jor,20210630,3486702.85714
jor,20210702,3589409.28571
jor,20210704,3682773.57143
jor,20210705,3779170.57143
jor,20210706,3875647.71429
jor,20210707,3969599.28571
jor,20210709,4059139.42857
jor,20210711,4116938.57143
jor,20210712,4181234.85714
jor,20210713,4240148
jor,20210714,4297283.14286
jor,20210715,4355637.14286
jor,20210717,4411920.14286
jor,20210718,4468587.85714
jor,20210719,4515996.57143
jor,20210721,4555688.42857
jor,20210722,4593019.57143
jor,20210724,4635202.85714
jor,20210725,4681517
jor,20210726,4734515.57143
jor,20210727,4789825
jor,20210729,4862918.85714
jor,20210730,4938593.85714
jor,20210731,5016569.42857
jor,20210801,5090301
jor,20210809,5200530.42857
jor,20210810,5297137.71429
jor,20210811,5390831.85714
jor,20210813,5467489.85714
jor,20210814,5548607.57143
jor,20210815,5631033.42857
jor,20210816,5713969.85714
jor,20210817,5753502
jor,20210818,5800874.42857
jor,20210819,5845893.71429
jor,20210820,5890963.85714
jor,20210821,5934141.28571
jor,20210822,5977952.42857
jor,20210823,6019428.28571
jor,20210824,6060671.42857
jor,20210825,6099275.57143
jor,20210826,6136449.57143
jor,20210827,6173354.85714
jor,20210828,6208681.57143
jor,20210829,6247706.14286
jor,20210831,6288703.71429
jor,20210901,6326851.14286
jor,20210903,6360344.57143
jor,20210904,6391567.42857
jor,20210905,6426781
jor,20210906,6466528.71429
jor,20210908,6498311.85714
jor,20210909,6526100.14286
jor,20210910,6550196.42857
jor,20210911,6576155.85714
jor,20210912,6603399
jor,20210913,6629558.71429
jor,20210914,6651273
jor,20210915,6672930.28571
jor,20210916,6694250.71429
jor,20210917,6715510.42857
jor,20210918,6736476
jor,20210919,6755906
jor,20210920,6774256.71429
jor,20210921,6792271.71429
jor,20210922,6809469.14286
jor,20210923,6826055.28571
jor,20210924,6842662.14286
jor,20210925,6859458.71429
jor,20210926,6875898
jor,20210927,6892807.14286
jor,20210928,6908897.85714
jor,20210929,6924650.28571
jor,20210930,6941721.42857
jor,20211001,6958646.57143
jor,20211002,6975158.28571
jor,20211003,6991963.28571
jor,20211004,7009144.71429
jor,20211005,7026557.42857
jor,20211007,7047060.28571
jor,20211008,7064195.85714
jor,20211009,7085423
jor,20211012,7109099.14286
jor,20211013,7132167.42857
jor,20211014,7153644.71429
jor,20211015,7172630.28571
jor,20211016,7187889.57143
jor,20211017,7204497.57143
jor,20211018,7218251.71429
jor,20211019,7232258.57143
jor,20211021,7247593.71429
jor,20211022,7261485
jor,20211023,7277962.14286
jor,20211024,7296269.14286
jor,20211025,7316218.71429
jor,20211026,7337673.57143
jor,20211027,7357155
jor,20211028,7376333.57143
jor,20211029,7395316.85714
jor,20211030,7413655.14286
jor,20211031,7431091.85714
jor,20211101,7448084.71429
jor,20211102,7464425.28571
jor,20211103,7480327.28571
jor,20211104,7495406
jor,20211105,7510414.14286
jor,20211106,7524936.28571
jor,20211107,7538905.14286
jor,20211108,7552032.85714
jor,20211109,7564564.71429
jor,20211110,7576202.42857
jor,20211111,7588066
jor,20211112,7600012.85714
jor,20211113,7611933
jor,20211114,7624469.85714
jor,20211115,7637667.28571
jor,20211116,7651212.14286
jor,20211118,7667831.28571
jor,20211120,7683934.71429
jor,20211121,7701631.28571
jor,20211122,7719563.28571
jor,20211123,7737644.28571
jor,20211124,7755206.85714
jor,20211125,7773182.85714
jor,20211127,7788605.57143
jor,20211128,7804528.14286
jor,20211129,7820818.85714
jor,20211130,7837306.42857
jor,20211201,7852678.71429
jor,20211202,7867764.85714
jor,20211203,7880614.28571
jor,20211204,7893754
jor,20211205,7907613.85714
jor,20211206,7922359.42857
jor,20211207,7937443.85714
jor,20211208,7952997.57143
jor,20211209,7968603.42857
jor,20211210,7984278
jor,20211211,7999276.57143
jor,20211212,8013476.57143
jor,20211213,8028795.28571
jor,20211215,8043503.28571
jor,20211216,8058117.57143
jor,20211217,8071109.28571
jor,20211218,8085232.71429
jor,20211219,8100157.42857
jor,20211220,8116318.28571
jor,20211222,8130120.42857
jor,20211223,8144381.57143
jor,20211224,8156875.14286
jor,20211226,8172644.42857
jor,20211227,8190547.57143
jor,20211228,8208776.85714
jor,20220119,8334975.85714
jor,20220125,8473603.85714
jor,20220202,8627079.57143
jor,20220206,8788675.57143
jpn,20210217,125
jpn,20210218,368
jpn,20210219,1925
jpn,20210222,4427.25
jpn,20210224,7119.4
jpn,20210225,9582.16667
jpn,20210226,12289
jpn,20210301,16811.85714
jpn,20210302,21692
jpn,20210303,26301.14286
jpn,20210304,30192.57143
jpn,20210305,34275.57143
jpn,20210308,41261.28571
jpn,20210309,52551
jpn,20210310,69288.85714
jpn,20210311,90204.85714
jpn,20210312,117810.42857
jpn,20210315,153682
jpn,20210316,198356.57143
jpn,20210317,250740.71429
jpn,20210318,308047
jpn,20210319,369459.14286
jpn,20210322,436818.28571
jpn,20210323,503758.85714
jpn,20210324,568173.85714
jpn,20210325,627592.57143
jpn,20210326,682647.42857
jpn,20210329,737213.14286
jpn,20210330,790198.28571
jpn,20210331,840204.14286
jpn,20210401,890345
jpn,20210402,941133.28571
jpn,20210405,1001385
jpn,20210406,1067913.14286
jpn,20210407,1139691.14286
jpn,20210408,1216530.42857
jpn,20210409,1300784.42857
jpn,20210412,1392795.71429
jpn,20210413,1486470.14286
jpn,20210414,1573843.14286
jpn,20210415,1656955.42857
jpn,20210416,1736753
jpn,20210417,1804274
jpn,20210418,1858050.42857
jpn,20210419,1919455.71429
jpn,20210420,1998411.57143
jpn,20210421,2100585.71429
jpn,20210422,2224536.85714
jpn,20210423,2371031.85714
jpn,20210424,2522136.14286
jpn,20210425,2675649
jpn,20210426,2854067.28571
jpn,20210427,3048006.85714
jpn,20210428,3258331.57143
jpn,20210429,3441117.42857
jpn,20210430,3639468.71429
jpn,20210501,3838204.85714
jpn,20210502,4036883.42857
jpn,20210503,4189679.42857
jpn,20210504,4302391
jpn,20210505,4369009.42857
jpn,20210506,4487676
jpn,20210507,4584635.14286
jpn,20210508,4685180.71429
jpn,20210509,4793814.28571
jpn,20210510,4951740.14286
jpn,20210511,5156509.71429
jpn,20210512,5415219.42857
jpn,20210513,5679136.57143
jpn,20210514,5975159.14286
jpn,20210515,6285782.14286
jpn,20210516,6614400.28571
jpn,20210517,6979267.28571
jpn,20210518,7376392.42857
jpn,20210519,7809235.28571
jpn,20210520,8257815.85714
jpn,20210521,8729068.14286
jpn,20210522,9222451.71429
jpn,20210523,9735999.57143
jpn,20210524,10274481.28571
jpn,20210525,10826795.28571
jpn,20210526,11390808
jpn,20210527,11983611
jpn,20210528,12597766.57143
jpn,20210529,13240796.14286
jpn,20210530,13908931.42857
jpn,20210531,14592980.42857
jpn,20210601,15311728
jpn,20210602,16063271.14286
jpn,20210603,16843620.85714
jpn,20210604,17650530.71429
jpn,20210605,18486910
jpn,20210606,19353452.71429
jpn,20210607,20246028.42857
jpn,20210608,21165640.57143
jpn,20210609,22111434.28571
jpn,20210610,23081111.42857
jpn,20210611,24075172.85714
jpn,20210612,25095296.28571
jpn,20210613,26139467.14286
jpn,20210614,27202423.85714
jpn,20210615,28283067.57143
jpn,20210616,29380987
jpn,20210617,30501627
jpn,20210618,31640104.85714
jpn,20210619,32801451
jpn,20210620,33987336.14286
jpn,20210621,35190523.57143
jpn,20210622,36412296.57143
jpn,20210623,37652542.57143
jpn,20210624,38907894.57143
jpn,20210625,40184758
jpn,20210626,41487506.57143
jpn,20210627,42814665.28571
jpn,20210628,44150265.42857
jpn,20210629,45496672.71429
jpn,20210630,46849112.57143
jpn,20210701,48177091.57143
jpn,20210702,49472888
jpn,20210703,50779884
jpn,20210704,52090042.14286
jpn,20210705,53408143
jpn,20210706,54733477.57143
jpn,20210707,56064278.57143
jpn,20210708,57431217
jpn,20210709,58841418.42857
jpn,20210710,60268579.42857
jpn,20210711,61695247
jpn,20210712,63111076.71429
jpn,20210713,64511277.28571
jpn,20210714,65896056.28571
jpn,20210715,67261755.28571
jpn,20210716,68610719.28571
jpn,20210717,69941560.71429
jpn,20210718,71261973.85714
jpn,20210719,72533738.85714
jpn,20210720,73793273
jpn,20210721,75037580.71429
jpn,20210722,76171595.28571
jpn,20210723,77175065.85714
jpn,20210724,78147713.42857
jpn,20210725,79097985.42857
jpn,20210726,80073402.85714
jpn,20210727,81042238.28571
jpn,20210728,82008424
jpn,20210729,83067208
jpn,20210730,84237740.42857
jpn,20210731,85427974.71429
jpn,20210801,86604821.28571
jpn,20210802,87732328.42857
jpn,20210803,88800757.71429
jpn,20210804,90634304
jpn,20210805,92492843
jpn,20210809,94647376
jpn,20210810,97018661.42857
jpn,20210811,99455508.71429
jpn,20210812,101926812.14286
jpn,20210815,104528831.71429
jpn,20210816,106352657.85714
jpn,20210817,108309860.42857
jpn,20210818,109988623
jpn,20210819,111425687
jpn,20210822,113029763.42857
jpn,20210824,115035981.42857
jpn,20210826,117124923.28571
jpn,20210829,119463435.42857
jpn,20210830,121664628.71429
jpn,20210831,123984095
jpn,20210901,126311785.42857
jpn,20210902,128418656.42857
jpn,20210906,130341841.28571
jpn,20210907,132421675.85714
jpn,20210908,134260991.42857
jpn,20210909,136071400.42857
jpn,20210912,137987396.42857
jpn,20210913,139952612.57143
jpn,20210914,142028111
jpn,20210915,143898067.14286
jpn,20210916,145439383.28571
jpn,20210920,147271229.57143
jpn,20210921,149205395.28571
jpn,20210923,150955010.42857
jpn,20210926,152912787.28571
jpn,20210927,154837139.71429
jpn,20210928,156808907.28571
jpn,20210929,158788290.42857
jpn,20210930,160465477.14286
jpn,20211003,162247976
jpn,20211004,163991191.57143
jpn,20211005,165532261.14286
jpn,20211006,166980274.28571
jpn,20211007,168344513.42857
jpn,20211010,169900746.28571
jpn,20211011,171449567.85714
jpn,20211012,172796965.85714
jpn,20211013,174062639.57143
jpn,20211014,175201673.85714
jpn,20211017,176491083.85714
jpn,20211018,177755227.14286
jpn,20211019,178819234.14286
jpn,20211020,179821872.85714
jpn,20211021,180745141.85714
jpn,20211024,181810412.57143
jpn,20211025,182913797.14286
jpn,20211027,183845695
jpn,20211028,184829934.85714
jpn,20211031,185864180.57143
jpn,20211101,186907442.71429
jpn,20211103,187943401.85714
jpn,20211104,188795677.71429
jpn,20211107,189667065.85714
jpn,20211108,190505313.28571
jpn,20211109,191252388.85714
jpn,20211111,191875585.57143
jpn,20211114,192496827.71429
jpn,20211115,193101575.71429
jpn,20211116,193682570.85714
jpn,20211117,194145985.42857
jpn,20211118,194557423
jpn,20211121,194976202.57143
jpn,20211123,195352997.85714
jpn,20211124,195648667.71429
jpn,20211125,195898296
jpn,20211128,196155967.85714
jpn,20211129,196410089.14286
jpn,20211130,196663797.71429
jpn,20211202,196863287
jpn,20211205,197049163.85714
jpn,20211206,197238055.71429
jpn,20211208,197432665
jpn,20211209,197589630.85714
jpn,20211212,197742451.42857
jpn,20211213,197882836.57143
jpn,20211214,198015073.85714
jpn,20211215,198129255.28571
jpn,20211216,198234259.85714
jpn,20211220,198358739.42857
jpn,20211221,198488652.14286
jpn,20211222,198611376.42857
jpn,20211223,198735846
jpn,20211227,198877550.28571
jpn,20211228,199045606.14286
jpn,20220110,199462050
jpn,20220111,199854761.42857
jpn,20220112,200246052.85714
jpn,20220113,200639790.57143
jpn,20220116,201068201.28571
jpn,20220117,201488108
jpn,20220118,201897915.85714
jpn,20220119,202075889.42857
jpn,20220120,202262542.14286
jpn,20220123,202503354.85714
jpn,20220124,202768446.71429
jpn,20220125,203027916.28571
jpn,20220126,203306319.14286
jpn,20220127,203601032
jpn,20220130,203975758.14286
jpn,20220131,204386986.57143
jpn,20220201,204792384
jpn,20220202,205236503.71429
jpn,20220203,205719911.71429
jpn,20220206,206370429.85714
jpn,20220207,207102701.28571
jpn,20220208,207854202.85714
kaz,20210131,0
kaz,20210211,7000
kaz,20210224,12098
kaz,20210315,31049
kaz,20210318,46838.2
kaz,20210410,103245.33333
kaz,20210412,151920.85714
kaz,20210418,274336
kaz,20210421,399930.85714
kaz,20210422,533331.85714
kaz,20210424,663889.42857
kaz,20210427,810173.28571
kaz,20210428,977966.85714
kaz,20210504,1167353.14286
kaz,20210505,1334353.85714
kaz,20210507,1515176.71429
kaz,20210511,1729398.71429
kaz,20210514,1945263.71429
kaz,20210515,2149553.71429
kaz,20210516,2296834
kaz,20210517,2416022.42857
kaz,20210518,2505202.14286
kaz,20210519,2582597.85714
kaz,20210520,2625297.85714
kaz,20210521,2667593
kaz,20210522,2711628.14286
kaz,20210523,2756182.42857
kaz,20210524,2800561.42857
kaz,20210525,2845516.57143
kaz,20210526,2889653.71429
kaz,20210527,2938708.85714
kaz,20210529,2986142.71429
kaz,20210531,3028681.85714
kaz,20210601,3072081.14286
kaz,20210602,3118845.14286
kaz,20210603,3163425.57143
kaz,20210604,3208277.85714
kaz,20210605,3247858.42857
kaz,20210606,3286224
kaz,20210607,3324110.85714
kaz,20210608,3365891.71429
kaz,20210609,3412303.14286
kaz,20210610,3463518.42857
kaz,20210611,3519300.14286
kaz,20210612,3580968.85714
kaz,20210613,3645601.14286
kaz,20210614,3710593.42857
kaz,20210615,3779701.71429
kaz,20210616,3851318.14286
kaz,20210617,3925880
kaz,20210618,4003180.14286
kaz,20210619,4080204
kaz,20210620,4156733.57143
kaz,20210621,4233600.57143
kaz,20210622,4311100.57143
kaz,20210623,4388676.42857
kaz,20210624,4468169.14286
kaz,20210625,4549815.14286
kaz,20210626,4636268.85714
kaz,20210627,4725334.85714
kaz,20210628,4817043.71429
kaz,20210629,4913610.85714
kaz,20210630,5017117.14286
kaz,20210701,5122759.85714
kaz,20210702,5231619.57143
kaz,20210703,5345408
kaz,20210704,5469833.71429
kaz,20210705,5597207.14286
kaz,20210706,5719695.42857
kaz,20210707,5834972.14286
kaz,20210708,5956484
kaz,20210709,6082401.85714
kaz,20210710,6208697.14286
kaz,20210711,6330151.14286
kaz,20210712,6452025.28571
kaz,20210713,6583255.14286
kaz,20210714,6726252
kaz,20210715,6869007.85714
kaz,20210717,7025751
kaz,20210718,7170534.14286
kaz,20210719,7306428.28571
kaz,20210720,7449947
kaz,20210721,7577908.71429
kaz,20210722,7700471.42857
kaz,20210723,7818713.85714
kaz,20210724,7918934.28571
kaz,20210725,8020930.14286
kaz,20210726,8123248.14286
kaz,20210727,8226911.71429
kaz,20210728,8340403.28571
kaz,20210729,8456047.85714
kaz,20210730,8573606.14286
kaz,20210731,8692560.14286
kaz,20210801,8813955.85714
kaz,20210802,8936375.71429
kaz,20210803,9061634.14286
kaz,20210804,9191903.42857
kaz,20210805,9323621.28571
kaz,20210806,9453964.14286
kaz,20210807,9582913.57143
kaz,20210808,9707892.85714
kaz,20210809,9831731.14286
kaz,20210810,9950466.14286
kaz,20210811,10065527
kaz,20210812,10175557.71429
kaz,20210813,10281521.14286
kaz,20210814,10382662.85714
kaz,20210815,10481374.42857
kaz,20210816,10578117
kaz,20210817,10671746.14286
kaz,20210818,10760082.42857
kaz,20210819,10844879.14286
kaz,20210820,10927949.28571
kaz,20210821,11009864.85714
kaz,20210822,11091659.28571
kaz,20210823,11173311
kaz,20210824,11255463.28571
kaz,20210825,11336720.85714
kaz,20210826,11411381.42857
kaz,20210827,11491822.14286
kaz,20210828,11572248
kaz,20210829,11652568.85714
kaz,20210830,11733671.71429
kaz,20210831,11806793.42857
kaz,20210901,11883429.14286
kaz,20210902,11968079.85714
kaz,20210903,12047501.14286
kaz,20210904,12126739.71429
kaz,20210905,12206225.85714
kaz,20210906,12285046.85714
kaz,20210907,12370494.14286
kaz,20210908,12452805.28571
kaz,20210909,12531782.42857
kaz,20210910,12608425.85714
kaz,20210911,12681686.71429
kaz,20210912,12753152.14286
kaz,20210913,12823477.85714
kaz,20210914,12891763.42857
kaz,20210915,12957191.57143
kaz,20210916,13021322.57143
kaz,20210917,13084582.28571
kaz,20210918,13149165.71429
kaz,20210919,13215132.28571
kaz,20210920,13281866.85714
kaz,20210921,13348222.71429
kaz,20210922,13416316.57143
kaz,20210923,13485503.42857
kaz,20210924,13555214.57143
kaz,20210925,13624473.28571
kaz,20210926,13692186.28571
kaz,20210927,13759542.28571
kaz,20210928,13827767.71429
kaz,20210929,13895767.42857
kaz,20210930,13962996
kaz,20211001,14030483.14286
kaz,20211002,14097135.57143
kaz,20211003,14162963.28571
kaz,20211004,14228102.42857
kaz,20211005,14291283.42857
kaz,20211006,14352325.85714
kaz,20211007,14407014.85714
kaz,20211008,14462870.85714
kaz,20211009,14516726.14286
kaz,20211010,14569876.71429
kaz,20211011,14622985.57143
kaz,20211012,14676069.28571
kaz,20211013,14729797.14286
kaz,20211014,14789503.42857
kaz,20211015,14846156
kaz,20211016,14903989.28571
kaz,20211017,14961575.57143
kaz,20211018,15018402.57143
kaz,20211019,15074686.42857
kaz,20211020,15129408.85714
kaz,20211021,15182108.57143
kaz,20211022,15233342.42857
kaz,20211023,15282599.14286
kaz,20211024,15331140.42857
kaz,20211025,15379571.57143
kaz,20211026,15426609.14286
kaz,20211027,15472875.14286
kaz,20211028,15518230.28571
kaz,20211029,15562825.14286
kaz,20211030,15606250.85714
kaz,20211031,15649787.14286
kaz,20211101,15693098.85714
kaz,20211102,15735484.42857
kaz,20211103,15777328.71429
kaz,20211104,15818446.28571
kaz,20211105,15859331.42857
kaz,20211106,15900907.85714
kaz,20211107,15942027.57143
kaz,20211108,15982602.85714
kaz,20211109,16023694.42857
kaz,20211110,16064381.57143
kaz,20211111,16105530.85714
kaz,20211112,16146405.42857
kaz,20211113,16186457.14286
kaz,20211114,16225694.28571
kaz,20211115,16264652
kaz,20211116,16302133.42857
kaz,20211117,16338661.57143
kaz,20211118,16373198.71429
kaz,20211119,16406643.57143
kaz,20211120,16439314.42857
kaz,20211121,16471592
kaz,20211122,16503865.71429
kaz,20211124,16535757.28571
kaz,20211125,16571096.71429
kaz,20211126,16605592.14286
kaz,20211127,16638964
kaz,20211128,16669810
kaz,20211129,16699248.71429
kaz,20211130,16728497.42857
kaz,20211201,16761042
kaz,20211202,16786228.42857
kaz,20211203,16812850.42857
kaz,20211204,16840086
kaz,20211205,16867166.85714
kaz,20211206,16894210.71429
kaz,20211207,16924296.71429
kaz,20211208,16950490.28571
kaz,20211209,16979447.85714
kaz,20211210,17007155.57143
kaz,20211211,17033828
kaz,20211212,17059870.85714
kaz,20211213,17085728.14286
kaz,20211214,17117926.42857
kaz,20211217,17146838
kaz,20211218,17172400.57143
kaz,20211219,17195418.57143
kaz,20211220,17215256.71429
kaz,20211221,17236867.85714
kaz,20211222,17260976.57143
kaz,20211223,17277432.28571
kaz,20211224,17295961.71429
kaz,20211225,17316361.14286
kaz,20211226,17336884.14286
kaz,20211227,17357517.57143
kaz,20211228,17377512.28571
kaz,20211229,17397156.42857
kaz,20211230,17417069
kaz,20211231,17436678.14286
kaz,20220101,17454540
kaz,20220102,17471863.14286
kaz,20220103,17488736.42857
kaz,20220104,17503479.42857
kaz,20220105,17519560.42857
kaz,20220111,17533397.57143
kaz,20220112,17546709.28571
kaz,20220113,17562563.28571
kaz,20220114,17579978.85714
kaz,20220115,17599688.71429
kaz,20220116,17620216.71429
kaz,20220117,17636934.42857
kaz,20220118,17655160.57143
kaz,20220119,17673948.85714
kaz,20220120,17691937.42857
kaz,20220121,17710381.57143
kaz,20220122,17729136.28571
kaz,20220123,17747919.85714
kaz,20220124,17766990.28571
kaz,20220125,17786476.85714
kaz,20220126,17805810.57143
kaz,20220127,17824967.28571
kaz,20220128,17843506.71429
kaz,20220130,17863424.71429
kaz,20220131,17882511
kaz,20220201,17903177.42857
kaz,20220202,17923151.14286
kaz,20220203,17942726.14286
kaz,20220204,17964352.71429
kaz,20220206,17984759
kaz,20220207,18001920
kaz,20220208,18020927
ken,20210304,0
ken,20210310,2000
ken,20210314,4381.33333
ken,20210317,8286
ken,20210324,19448.8
ken,20210326,31264
ken,20210331,49907.85714
ken,20210403,77970
ken,20210407,125987.28571
ken,20210408,184969.71429
ken,20210414,263433.14286
ken,20210416,347368.85714
ken,20210421,441673.28571
ken,20210428,540431.85714
ken,20210513,645292.57143
ken,20210514,730051.85714
ken,20210519,804848.42857
ken,20210520,859096.42857
ken,20210521,901864.42857
ken,20210523,930933.42857
ken,20210524,945424
ken,20210525,949330.28571
ken,20210526,953179.28571
ken,20210527,955699.85714
ken,20210528,958193.14286
ken,20210529,960722.71429
ken,20210531,962971
ken,20210602,965428
ken,20210603,967739.85714
ken,20210604,970048.71429
ken,20210605,972712.42857
ken,20210606,975162
ken,20210607,978061.42857
ken,20210608,983178.14286
ken,20210609,991568.28571
ken,20210610,1003729.71429
ken,20210611,1020669.85714
ken,20210613,1039422.85714
ken,20210614,1058343
ken,20210615,1079731.42857
ken,20210616,1101193.71429
ken,20210617,1120296
ken,20210618,1136718
ken,20210619,1149070.28571
ken,20210620,1159101.42857
ken,20210621,1169336
ken,20210622,1176784.71429
ken,20210623,1183296.14286
ken,20210624,1191294.71429
ken,20210626,1206287.85714
ken,20210627,1221457.57143
ken,20210628,1237118.71429
ken,20210629,1258131
ken,20210630,1284944.71429
ken,20210701,1315769.71429
ken,20210702,1348269.28571
ken,20210703,1375395.71429
ken,20210704,1401980.42857
ken,20210705,1428396.42857
ken,20210706,1451306.57143
ken,20210707,1470322
ken,20210708,1485656.85714
ken,20210709,1497500.14286
ken,20210711,1507525.71429
ken,20210712,1517986.14286
ken,20210713,1528339.42857
ken,20210714,1538371.42857
ken,20210715,1552127
ken,20210717,1565543
ken,20210718,1578387.85714
ken,20210720,1592152.71429
ken,20210721,1604921.71429
ken,20210722,1618990.28571
ken,20210723,1632735.42857
ken,20210724,1641729.57143
ken,20210725,1649491.14286
ken,20210726,1657035
ken,20210727,1663814.71429
ken,20210728,1671860.14286
ken,20210729,1680269.42857
ken,20210730,1687553.71429
ken,20210801,1695446.85714
ken,20210802,1703196.85714
ken,20210803,1711874.14286
ken,20210804,1720257.28571
ken,20210805,1728466.85714
ken,20210806,1737150.42857
ken,20210807,1748717.57143
ken,20210809,1759886.42857
ken,20210810,1776372.85714
ken,20210811,1797512.14286
ken,20210812,1823298.42857
ken,20210813,1854714.71429
ken,20210814,1889004.57143
ken,20210815,1923255.57143
ken,20210816,1958875.85714
ken,20210818,2003516.28571
ken,20210819,2052047.14286
ken,20210820,2104720.85714
ken,20210821,2162438.42857
ken,20210822,2217797.85714
ken,20210823,2271931
ken,20210824,2335856.85714
ken,20210825,2397405.28571
ken,20210826,2458564.71429
ken,20210827,2516027.28571
ken,20210828,2566418
ken,20210829,2615865.85714
ken,20210830,2664445.42857
ken,20210831,2703308.42857
ken,20210901,2732829.14286
ken,20210902,2755418.42857
ken,20210903,2772039.85714
ken,20210904,2790287
ken,20210905,2807476.85714
ken,20210906,2824352
ken,20210907,2838869
ken,20210908,2859151.28571
ken,20210910,2891120.28571
ken,20210912,2931340.71429
ken,20210913,2966361.42857
ken,20210915,3013443
ken,20210916,3066494.28571
ken,20210917,3125864.57143
ken,20210918,3183525.71429
ken,20210920,3231039.14286
ken,20210921,3276479.85714
ken,20210922,3328086.85714
ken,20210923,3373192.14286
ken,20210924,3417859.71429
ken,20210925,3462107.85714
ken,20210926,3501457
ken,20210927,3537033.42857
ken,20210928,3573562.57143
ken,20210929,3609416
ken,20210930,3645707.42857
ken,20211001,3682380.57143
ken,20211002,3719608.14286
ken,20211003,3756854.71429
ken,20211004,3795893.71429
ken,20211005,3834600.85714
ken,20211006,3874382.28571
ken,20211007,3924302.42857
ken,20211009,3977504.71429
ken,20211012,4027438.28571
ken,20211015,4114309.14286
ken,20211016,4201959
ken,20211017,4285542.14286
ken,20211018,4371288.57143
ken,20211019,4451800
ken,20211020,4530402.57143
ken,20211022,4629325
ken,20211023,4693347.42857
ken,20211024,4756813.42857
ken,20211025,4829548.85714
ken,20211026,4900059.14286
ken,20211027,4968454.85714
ken,20211028,5038791.71429
ken,20211029,5094440.28571
ken,20211030,5148275.28571
ken,20211031,5202195.14286
ken,20211101,5251884.57143
ken,20211103,5308712
ken,20211104,5364899.42857
ken,20211105,5419991.42857
ken,20211106,5467408.28571
ken,20211108,5522246.71429
ken,20211109,5583597
ken,20211111,5657274
ken,20211114,5730949.28571
ken,20211115,5807587.85714
ken,20211117,5898148.71429
ken,20211118,5996365.71429
ken,20211120,6095991
ken,20211123,6216886
ken,20211124,6332124.28571
ken,20211125,6448299.57143
ken,20211126,6567182.14286
ken,20211128,6669223.57143
ken,20211129,6776677.57143
ken,20211130,6889129.42857
ken,20211202,7006226.42857
ken,20211203,7124161.71429
ken,20211205,7234460.42857
ken,20211206,7343437.14286
ken,20211207,7461619.14286
ken,20211208,7581191.57143
ken,20211209,7702811.85714
ken,20211210,7806317.71429
ken,20211211,7899598.28571
ken,20211212,7987473.28571
ken,20211214,8087329.42857
ken,20211216,8214204.57143
ken,20211219,8358884
ken,20211222,8553583
ken,20211223,8740212.71429
ken,20211225,8938984.85714
ken,20211226,9138392.14286
ken,20211227,9317204.71429
ken,20211228,9469218.14286
ken,20211229,9605307.28571
ken,20211230,9692787.14286
ken,20220101,9788935.42857
ken,20220102,9869501.42857
ken,20220103,9959054.42857
ken,20220104,10056406
ken,20220105,10144610.57143
ken,20220106,10231349
ken,20220107,10312778
ken,20220108,10380260.14286
ken,20220109,10448252
ken,20220110,10516114.85714
ken,20220111,10583104.14286
ken,20220112,10657589.42857
ken,20220118,10757750.42857
ken,20220120,10868245
ken,20220121,10988835.85714
ken,20220122,11119263.71429
ken,20220123,11240136.14286
ken,20220124,11350722.57143
ken,20220125,11457505
ken,20220126,11534080.14286
ken,20220127,11596720.57143
ken,20220128,11656890.71429
ken,20220129,11723204.57143
ken,20220130,11803984.42857
ken,20220131,11903832.71429
ken,20220201,12021755.28571
ken,20220202,12156377.42857
ken,20220203,12313666.71429
ken,20220204,12495947.28571
ken,20220205,12697681.28571
ken,20220206,12910750.28571
ken,20220207,13129377.28571
ken,20220208,13346337.14286
kgz,20210328,0
kgz,20210406,322
kgz,20210407,497.66667
kgz,20210412,898.25
kgz,20210428,6290.2
kgz,20210511,12429.66667
kgz,20210518,18382.71429
kgz,20210609,37751
kgz,20210623,62473.28571
kgz,20210727,134585.42857
kgz,20210728,208302.28571
kgz,20210729,281357.85714
kgz,20210730,355558
kgz,20210731,429338.42857
kgz,20210801,492754.42857
kgz,20210802,553719.85714
kgz,20210803,572190.71429
kgz,20210804,590409.57143
kgz,20210805,609341.28571
kgz,20210806,628452.42857
kgz,20210807,648363
kgz,20210808,668706.14286
kgz,20210809,689885
kgz,20210810,710174.71429
kgz,20210811,733075
kgz,20210812,754202.14286
kgz,20210813,774883.71429
kgz,20210814,794619
kgz,20210815,815126.85714
kgz,20210816,834986.71429
kgz,20210817,854225.85714
kgz,20210818,872339
kgz,20210819,892925.71429
kgz,20210820,913034.14286
kgz,20210821,933294.14286
kgz,20210822,952555.57143
kgz,20210823,971749.14286
kgz,20210825,993549.57143
kgz,20210826,1015987.85714
kgz,20210827,1036327.85714
kgz,20210828,1054697.42857
kgz,20210829,1073903.85714
kgz,20210830,1091859
kgz,20210831,1108910.14286
kgz,20210901,1121785.57143
kgz,20210902,1133118.57143
kgz,20210903,1143141.57143
kgz,20210904,1153139.28571
kgz,20210905,1162251.71429
kgz,20210906,1173412.14286
kgz,20210907,1183461
kgz,20210909,1196990.14286
kgz,20210910,1209384
kgz,20210911,1220974.71429
kgz,20210912,1233819.42857
kgz,20210913,1246590.71429
kgz,20210914,1259401.14286
kgz,20210915,1273556.71429
kgz,20210916,1283050.71429
kgz,20210917,1293233.14286
kgz,20210918,1303741.57143
kgz,20210919,1313541.71429
kgz,20210920,1323959
kgz,20210921,1333667.28571
kgz,20210922,1342944.71429
kgz,20210923,1353930.71429
kgz,20210924,1364189.14286
kgz,20210925,1374190.14286
kgz,20210926,1384622.28571
kgz,20210927,1394981.28571
kgz,20210928,1405710.71429
kgz,20210929,1416082.42857
kgz,20210930,1425640
kgz,20211001,1435245.14286
kgz,20211002,1444859.28571
kgz,20211003,1453422.85714
kgz,20211004,1461843.71429
kgz,20211005,1469852.57143
kgz,20211006,1477554.57143
kgz,20211007,1485340.71429
kgz,20211008,1493634.71429
kgz,20211009,1502091.42857
kgz,20211010,1511020.85714
kgz,20211011,1520066.14286
kgz,20211012,1529168.14286
kgz,20211013,1538188.85714
kgz,20211014,1547386.28571
kgz,20211015,1556726.85714
kgz,20211016,1566057.14286
kgz,20211017,1575128.28571
kgz,20211018,1584701
kgz,20211019,1595287.71429
kgz,20211020,1605550.71429
kgz,20211021,1615544.14286
kgz,20211022,1625059.57143
kgz,20211023,1634808.42857
kgz,20211024,1644700.42857
kgz,20211025,1654052.85714
kgz,20211026,1662380.57143
kgz,20211027,1671536
kgz,20211028,1681199.57143
kgz,20211029,1691261.57143
kgz,20211030,1700963.28571
kgz,20211031,1711524
kgz,20211101,1721570.14286
kgz,20211102,1732167.57143
kgz,20211103,1742513.28571
kgz,20211104,1752165
kgz,20211105,1762167.14286
kgz,20211106,1772265.14286
kgz,20211107,1781016.71429
kgz,20211108,1789252.71429
kgz,20211109,1796550.71429
kgz,20211110,1803734.28571
kgz,20211111,1812319.28571
kgz,20211112,1820526.85714
kgz,20211113,1828478.71429
kgz,20211114,1837284.57143
kgz,20211115,1847326.57143
kgz,20211116,1857942.14286
kgz,20211117,1868851.85714
kgz,20211118,1878009.42857
kgz,20211119,1887539.57143
kgz,20211120,1897176.85714
kgz,20211121,1907214
kgz,20211122,1917173.57143
kgz,20211123,1927205.57143
kgz,20211124,1936624.14286
kgz,20211125,1947245
kgz,20211126,1956686.57143
kgz,20211127,1966537
kgz,20211129,1977611.42857
kgz,20211130,1988479
kgz,20211201,1999166.14286
kgz,20211202,2010214.28571
kgz,20211203,2020154.42857
kgz,20211205,2030053.42857
kgz,20211206,2040673.85714
kgz,20211207,2049702.85714
kgz,20211208,2059008.71429
kgz,20211209,2067458.71429
kgz,20211210,2076058.28571
kgz,20211211,2083777.71429
kgz,20211212,2091830.57143
kgz,20211213,2100285.71429
kgz,20211214,2108919
kgz,20211221,2123486.42857
kgz,20211222,2138539.57143
kgz,20211223,2153410.28571
kgz,20211224,2169656.57143
kgz,20211225,2184937.28571
kgz,20211226,2199086.28571
kgz,20211227,2213066.57143
kgz,20211228,2220815.71429
kgz,20211229,2227523
kgz,20211230,2234151.71429
kgz,20211231,2239289.28571
kgz,20220101,2244491.28571
kgz,20220102,2249689.71429
kgz,20220103,2254287
kgz,20220104,2258455.42857
kgz,20220105,2263326.85714
kgz,20220106,2267275.85714
kgz,20220107,2271516.28571
kgz,20220108,2275897.57143
kgz,20220109,2280494.28571
kgz,20220110,2285979.14286
kgz,20220111,2291594.14286
kgz,20220112,2298030.14286
kgz,20220113,2305324.85714
kgz,20220114,2313485
kgz,20220115,2321671.57143
kgz,20220116,2330210.14286
kgz,20220118,2340145.14286
kgz,20220119,2350865.85714
kgz,20220120,2362405.14286
kgz,20220121,2373860.71429
kgz,20220122,2384337.14286
kgz,20220123,2395139.71429
kgz,20220124,2405868.85714
kgz,20220125,2415664.42857
kgz,20220126,2425199.71429
kgz,20220127,2433781.14286
kgz,20220128,2442752.28571
kgz,20220129,2452043.57143
kgz,20220130,2461935.57143
kgz,20220131,2472104.71429
kgz,20220201,2481828.85714
kgz,20220202,2491048.42857
kgz,20220203,2499851.28571
kgz,20220204,2508149.28571
kgz,20220205,2516058.42857
kgz,20220206,2523138.42857
kgz,20220207,2530423
kgz,20220208,2537726.71429
khm,20210209,0
khm,20210210,169.5
khm,20210212,610.33333
khm,20210215,2230.5
khm,20210216,3987.6
khm,20210217,5350.83333
khm,20210218,6959.57143
khm,20210219,10053.85714
khm,20210221,14024.57143
khm,20210222,19151.28571
khm,20210223,24496.14286
khm,20210224,30686.71429
khm,20210225,37558.57143
khm,20210226,44303.28571
khm,20210228,51177.14286
khm,20210301,59596.42857
khm,20210302,70582.71429
khm,20210303,83588.14286
khm,20210304,97428.28571
khm,20210305,112785.85714
khm,20210306,129226.57143
khm,20210307,145694.42857
khm,20210308,161632.57143
khm,20210309,176973.85714
khm,20210310,193909.14286
khm,20210311,213003.85714
khm,20210312,233061
khm,20210313,254252.42857
khm,20210314,275945
khm,20210315,297016.28571
khm,20210316,318589.57143
khm,20210317,339850.57143
khm,20210319,362242.85714
khm,20210320,383432.85714
khm,20210321,402950.28571
khm,20210322,422779.28571
khm,20210323,443187.14286
khm,20210324,462207.85714
khm,20210325,480593.85714
khm,20210326,497090
khm,20210327,514901.85714
khm,20210328,533701
khm,20210329,553122.14286
khm,20210330,572947.71429
khm,20210331,592938.42857
khm,20210401,612971
khm,20210402,636409.28571
khm,20210403,664456.14286
khm,20210404,697965.42857
khm,20210405,737233
khm,20210406,782653.85714
khm,20210407,834923
khm,20210408,891982
khm,20210409,956675.42857
khm,20210410,1022457.42857
khm,20210411,1087679.42857
khm,20210412,1156966.85714
khm,20210413,1228501.42857
khm,20210414,1295712
khm,20210415,1358219.57143
khm,20210416,1410771.14286
khm,20210417,1456121.14286
khm,20210418,1495055.85714
khm,20210419,1535697.28571
khm,20210420,1573479.42857
khm,20210421,1615371
khm,20210422,1663536.57143
khm,20210423,1716975.14286
khm,20210424,1777419.42857
khm,20210425,1844396.57143
khm,20210426,1904052.28571
khm,20210427,1962142.57143
khm,20210429,2028676.57143
khm,20210430,2091364.57143
khm,20210501,2151185
khm,20210502,2212464.28571
khm,20210503,2275586.28571
khm,20210504,2342674.57143
khm,20210505,2412877.28571
khm,20210506,2476532.85714
khm,20210507,2545223.42857
khm,20210508,2615492
khm,20210509,2683694.71429
khm,20210510,2751258.42857
khm,20210511,2816734.42857
khm,20210512,2882499.28571
khm,20210513,2946212.85714
khm,20210514,3005540.42857
khm,20210515,3061004.14286
khm,20210516,3115660.42857
khm,20210517,3171419.14286
khm,20210518,3230661.85714
khm,20210519,3292740
khm,20210520,3358174.71429
khm,20210521,3428563.85714
khm,20210522,3507461.14286
khm,20210523,3589248.42857
khm,20210524,3674218.42857
khm,20210525,3758376.71429
khm,20210526,3845448.14286
khm,20210527,3935305.85714
khm,20210528,4028933.71429
khm,20210529,4124802.28571
khm,20210530,4223204
khm,20210531,4321160.14286
khm,20210601,4416278.42857
khm,20210602,4503501.28571
khm,20210603,4583909
khm,20210604,4656798.42857
khm,20210605,4721958.28571
khm,20210606,4780501.57143
khm,20210607,4831413
khm,20210608,4879181.57143
khm,20210609,4925787.57143
khm,20210610,4975176.57143
khm,20210611,5030132.85714
khm,20210612,5091672.71429
khm,20210613,5161642.85714
khm,20210614,5242728
khm,20210615,5337347.14286
khm,20210616,5439042
khm,20210617,5540604.85714
khm,20210618,5640739.14286
khm,20210619,5739011.14286
khm,20210620,5834747
khm,20210621,5925280
khm,20210622,6012112
khm,20210623,6100188.28571
khm,20210624,6191513.71429
khm,20210625,6290282.71429
khm,20210626,6392673.85714
khm,20210627,6498082.85714
khm,20210628,6610458
khm,20210629,6727278.57143
khm,20210630,6852003.14286
khm,20210701,6984858.71429
khm,20210702,7119391.71429
khm,20210703,7256688.57143
khm,20210704,7396383.28571
khm,20210705,7535166.57143
khm,20210706,7669117.28571
khm,20210707,7796335.71429
khm,20210708,7919731.28571
khm,20210709,8043151.71429
khm,20210710,8167398.71429
khm,20210711,8293949.71429
khm,20210712,8427323.57143
khm,20210713,8573283.42857
khm,20210714,8730532
khm,20210715,8899328
khm,20210716,9078263.28571
khm,20210717,9266413.14286
khm,20210718,9458332.42857
khm,20210719,9651775.42857
khm,20210720,9843988.42857
khm,20210721,10036166.28571
khm,20210722,10222691.28571
khm,20210723,10400010.57143
khm,20210724,10571743.85714
khm,20210725,10740295.71429
khm,20210726,10906361.14286
khm,20210727,11067777.71429
khm,20210728,11222413
khm,20210729,11371356.57143
khm,20210730,11520945
khm,20210731,11665029.57143
khm,20210801,11809143
khm,20210802,11958778.85714
khm,20210803,12118199.57143
khm,20210804,12288827.28571
khm,20210805,12478280.14286
khm,20210806,12682651
khm,20210807,12910230.85714
khm,20210808,13155551.42857
khm,20210809,13417348.28571
khm,20210810,13690244.85714
khm,20210811,13975277.28571
khm,20210812,14262162.71429
khm,20210813,14544875.71429
khm,20210814,14822126.85714
khm,20210815,15092100.71429
khm,20210816,15348984.14286
khm,20210817,15596124
khm,20210818,15832514.14286
khm,20210819,16059993.71429
khm,20210820,16282275.71429
khm,20210821,16500814.42857
khm,20210822,16711465.42857
khm,20210823,16924456.28571
khm,20210824,17134380.28571
khm,20210825,17339832.28571
khm,20210826,17540914.42857
khm,20210827,17742188.57143
khm,20210828,17939803.57143
khm,20210829,18139882
khm,20210830,18334729.28571
khm,20210831,18525013.71429
khm,20210901,18709757.71429
khm,20210902,18890447
khm,20210903,19061697.28571
khm,20210904,19246767.42857
khm,20210905,19419990.42857
khm,20210906,19583814
khm,20210907,19741119.57143
khm,20210908,19893415.28571
khm,20210909,20040509.14286
khm,20210910,20185996.71429
khm,20210911,20306261.57143
khm,20210912,20425758.71429
khm,20210913,20545648.57143
khm,20210914,20668241.85714
khm,20210915,20793454.14286
khm,20210916,20920729.14286
khm,20210917,21057987.57143
khm,20210918,21224600.42857
khm,20210919,21423036.71429
khm,20210920,21651018.28571
khm,20210921,21904367.57143
khm,20210922,22177355.57143
khm,20210923,22465893.85714
khm,20210924,22754908
khm,20210925,23021513
khm,20210926,23261234.28571
khm,20210927,23472335.14286
khm,20210928,23653964.85714
khm,20210929,23809783.42857
khm,20210930,23942784.57143
khm,20211001,24056227.85714
khm,20211002,24152477
khm,20211003,24235421.57143
khm,20211004,24302235.28571
khm,20211005,24353174.57143
khm,20211006,24389843.71429
khm,20211007,24414908
khm,20211008,24440360.14286
khm,20211009,24482142
khm,20211010,24546406.14286
khm,20211011,24649638.28571
khm,20211012,24798215.71429
khm,20211013,24987525.57143
khm,20211014,25212885.42857
khm,20211015,25459351.57143
khm,20211016,25711855.57143
khm,20211017,25958793.28571
khm,20211018,26185831.28571
khm,20211019,26385769.71429
khm,20211020,26560906.14286
khm,20211021,26713099.85714
khm,20211022,26845679
khm,20211023,26960629.42857
khm,20211024,27063514.85714
khm,20211025,27149947.71429
khm,20211026,27222025.71429
khm,20211027,27282364.57143
khm,20211028,27334740.28571
khm,20211029,27381032.85714
khm,20211030,27423440.85714
khm,20211031,27462455.42857
khm,20211101,27505832
khm,20211102,27557738
khm,20211103,27617685.28571
khm,20211104,27682449.14286
khm,20211105,27750894.14286
khm,20211107,27822496.71429
khm,20211108,27895101.85714
khm,20211109,27959912.42857
khm,20211110,28016591
khm,20211111,28065481.71429
khm,20211112,28108341
khm,20211113,28145915.71429
khm,20211114,28173004.85714
khm,20211115,28194466
khm,20211116,28224901
khm,20211117,28255735
khm,20211118,28284066.28571
khm,20211119,28309806
khm,20211120,28334863.28571
khm,20211121,28361014.85714
khm,20211122,28390837.57143
khm,20211123,28413039.71429
khm,20211124,28433579.85714
khm,20211125,28455784.57143
khm,20211126,28480578.71429
khm,20211127,28505699.42857
khm,20211128,28531810
khm,20211129,28561473.28571
khm,20211130,28594881.28571
khm,20211201,28632593.42857
khm,20211202,28676489.57143
khm,20211203,28725659.57143
khm,20211204,28780708.14286
khm,20211205,28838494
khm,20211206,28900824.14286
khm,20211207,28968492.14286
khm,20211208,29041301.28571
khm,20211209,29115912
khm,20211210,29189805
khm,20211211,29262042.71429
khm,20211212,29333549.28571
khm,20211213,29402166.42857
khm,20211214,29465175
khm,20211215,29521473.42857
khm,20211217,29579332.71429
khm,20211218,29633182.14286
khm,20211219,29684309.71429
khm,20211220,29741880.14286
khm,20211221,29798693.14286
khm,20211222,29855641
khm,20211223,29912996.57143
khm,20211224,29965611
khm,20211225,30019558.71429
khm,20211226,30073757.14286
khm,20211227,30128127
khm,20211228,30180143.71429
khm,20211229,30230430.71429
khm,20211230,30279679
khm,20211231,30325038.28571
khm,20220101,30365699
khm,20220102,30403216.42857
khm,20220103,30438643.85714
khm,20220104,30477608
khm,20220105,30518895
khm,20220106,30562568.14286
khm,20220107,30606510
khm,20220108,30654721.42857
khm,20220109,30705345.28571
khm,20220110,30764762.85714
khm,20220111,30832869.14286
khm,20220112,30911155.85714
khm,20220114,31016521.42857
khm,20220115,31136850.28571
khm,20220116,31265916.57143
khm,20220117,31412089.28571
khm,20220118,31562796.85714
khm,20220119,31714527.85714
khm,20220120,31866042.42857
khm,20220121,31999386.85714
khm,20220122,32125965.42857
khm,20220123,32247240.57143
khm,20220124,32366251.42857
khm,20220125,32479994.85714
khm,20220126,32586750
khm,20220127,32686050
khm,20220128,32778849.14286
khm,20220129,32865302.85714
khm,20220130,32946178
khm,20220131,33012148.71429
khm,20220201,33067062.71429
khm,20220202,33113941.42857
khm,20220203,33157307.42857
khm,20220204,33196447.28571
khm,20220206,33236684.57143
khm,20220207,33279676.85714
khm,20220208,33327006.57143
kir,20210601,0
kir,20210809,6985
kir,20210907,11614.33333
kir,20210914,16543.75
kir,20210928,20501.4
kir,20211005,24651.5
kir,20211012,28476.71429
kir,20211025,37802.28571
kir,20211115,46222.57143
kir,20211130,54978.85714
kir,20220104,65440
kir,20220111,76204.85714
kir,20220207,86946.57143
kna,20210222,0
kna,20210316,3451.5
kna,20210319,4827.66667
kna,20210327,5764
kna,20210410,6702.4
kna,20210414,7444
kna,20210415,8016.42857
kna,20210421,9709
kna,20210504,10590
kna,20210512,11731
kna,20210518,13177
kna,20210522,14748.85714
kna,20210527,16776.71429
kna,20210601,19105
kna,20210605,21645
kna,20210610,24214.14286
kna,20210615,26621
kna,20210621,28804.85714
kna,20210622,31168.71429
kna,20210629,33349.85714
kna,20210630,35364.28571
kna,20210708,37125.42857
kna,20210713,38724.85714
kna,20210714,40143.42857
kna,20210715,41350.57143
kna,20210720,42040.71429
kna,20210722,42381.85714
kna,20210723,42573.28571
kna,20210726,42765
kna,20210728,42931.42857
kna,20210731,43116.42857
kna,20210805,43301.28571
kna,20210807,43449.28571
kna,20210810,43586.85714
kna,20210812,43720.28571
kna,20210813,43927.71429
kna,20210824,44168
kna,20210827,44409
kna,20210830,44731
kna,20210903,45069.28571
kna,20210906,45413
kna,20210910,45764.85714
kna,20210913,46045.71429
kna,20210917,46301
kna,20210922,46554
kna,20210927,46759
kna,20211001,47018.71429
kna,20211008,47359.14286
kna,20211015,47749.28571
kna,20211022,48192.28571
kna,20211029,48666.28571
kna,20211102,49155.85714
kna,20211105,49611.85714
kna,20211112,50013.71429
kna,20211119,50393.57143
kna,20211129,50831.85714
kna,20211203,51275.71429
kna,20211208,51730.57143
kna,20211210,52153.57143
kna,20211215,52615.71429
kna,20211217,53073.57143
kna,20211222,53479.14286
kna,20211229,53833.71429
kna,20220105,54170.14286
kna,20220107,54485
kna,20220112,54821.42857
kna,20220119,55175.42857
kna,20220121,55508.71429
kna,20220126,55833.85714
kna,20220128,56095.28571
kna,20220202,56314.85714
kor,20210226,45769
kor,20210227,46708.5
kor,20210228,47381.66667
kor,20210301,48241.25
kor,20210302,62034.4
kor,20210303,82820.16667
kor,20210304,107819.71429
kor,20210305,148311.85714
kor,20210306,191182.85714
kor,20210307,234246.42857
kor,20210308,286754.71429
kor,20210309,338998.28571
kor,20210310,389184.71429
kor,20210311,435744.28571
kor,20210312,477722.57143
kor,20210313,517697.28571
kor,20210314,557575.28571
kor,20210315,589751.28571
kor,20210316,615655.42857
kor,20210317,636755.42857
kor,20210318,654331.28571
kor,20210319,668962.14286
kor,20210320,683282.57143
kor,20210321,697510
kor,20210322,710450.28571
kor,20210323,723648.85714
kor,20210324,738170.42857
kor,20210325,754722
kor,20210326,772512.85714
kor,20210327,790346.42857
kor,20210328,808155.85714
kor,20210329,829205.28571
kor,20210330,851512.28571
kor,20210331,873567.71429
kor,20210401,897103.14286
kor,20210402,923518.42857
kor,20210403,951029.28571
kor,20210404,978608
kor,20210405,1007682.42857
kor,20210406,1038900.71429
kor,20210407,1072994.57143
kor,20210408,1107674.42857
kor,20210409,1141887.57143
kor,20210410,1176329.85714
kor,20210411,1210778.28571
kor,20210412,1245607.57143
kor,20210413,1280468.42857
kor,20210414,1315141.57143
kor,20210415,1356250.14286
kor,20210416,1406036.85714
kor,20210417,1458536.42857
kor,20210418,1511669.71429
kor,20210419,1576610.14286
kor,20210420,1653823.28571
kor,20210421,1743395.57143
kor,20210422,1841140.28571
kor,20210423,1949752.57143
kor,20210424,2064283.42857
kor,20210425,2179106
kor,20210426,2299841
kor,20210427,2430172.28571
kor,20210428,2577487.28571
kor,20210429,2744921
kor,20210430,2930601.14286
kor,20210501,3113033
kor,20210502,3294831.28571
kor,20210503,3469989
kor,20210504,3632117.71429
kor,20210505,3762802.14286
kor,20210506,3870702.71429
kor,20210507,3952672.14286
kor,20210508,4033557
kor,20210509,4114843
kor,20210510,4192506
kor,20210511,4267727.14286
kor,20210512,4351242.57143
kor,20210513,4428454.14286
kor,20210514,4500868.57143
kor,20210515,4572104.85714
kor,20210516,4643440.57143
kor,20210517,4717929.71429
kor,20210518,4801588.42857
kor,20210519,4886035
kor,20210520,4989791
kor,20210521,5114614.14286
kor,20210522,5240709.42857
kor,20210523,5366384.28571
kor,20210524,5500920.57143
kor,20210525,5638013.85714
kor,20210526,5783707.42857
kor,20210527,5999852.28571
kor,20210528,6268843.85714
kor,20210529,6556784
kor,20210530,6845089.28571
kor,20210531,7167307.71429
kor,20210601,7549783
kor,20210602,7967974.85714
kor,20210603,8336719.14286
kor,20210604,8675447.71429
kor,20210605,9009767.57143
kor,20210606,9343777.71429
kor,20210607,9749311
kor,20210608,10180185.71429
kor,20210609,10641295.57143
kor,20210610,11164138.85714
kor,20210611,11753063.14286
kor,20210612,12377933.71429
kor,20210613,13006438.85714
kor,20210614,13626437.42857
kor,20210615,14242380.57143
kor,20210616,14866227
kor,20210617,15453529.42857
kor,20210618,16008318.57143
kor,20210619,16540156.28571
kor,20210620,17068175.71429
kor,20210621,17497203.57143
kor,20210622,17844660.71429
kor,20210623,18119376.57143
kor,20210624,18337958.28571
kor,20210625,18488934.85714
kor,20210626,18611568
kor,20210627,18734109
kor,20210628,18856092.85714
kor,20210629,18976666.14286
kor,20210630,19095638.14286
kor,20210701,19210714.57143
kor,20210702,19320908.42857
kor,20210703,19428763
kor,20210704,19536585
kor,20210705,19640833.57143
kor,20210706,19740673.71429
kor,20210707,19836790.71429
kor,20210708,19935776.14286
kor,20210709,20046408.42857
kor,20210710,20161867.42857
kor,20210711,20277436.85714
kor,20210712,20392065.28571
kor,20210713,20519305.57143
kor,20210714,20662198.42857
kor,20210715,20822360.14286
kor,20210716,20998494.14286
kor,20210717,21177325.57143
kor,20210718,21356349.28571
kor,20210719,21550585.42857
kor,20210720,21743958.42857
kor,20210721,21929500.57143
kor,20210722,22105727.28571
kor,20210723,22265909.71429
kor,20210724,22421711.85714
kor,20210725,22577346.28571
kor,20210726,22797692.85714
kor,20210727,23049288
kor,20210728,23349918.57143
kor,20210729,23677781.57143
kor,20210730,24055733.28571
kor,20210731,24460626
kor,20210801,24869335.71429
kor,20210802,25253595.42857
kor,20210803,25623150
kor,20210804,25957506.71429
kor,20210805,26281795.14286
kor,20210806,26585343.85714
kor,20210807,26878674.71429
kor,20210808,27172239.14286
kor,20210809,27479710
kor,20210810,27802180.71429
kor,20210811,28133920.14286
kor,20210812,28544835
kor,20210813,29020257.28571
kor,20210814,29519631
kor,20210815,30018084
kor,20210816,30561879.85714
kor,20210817,31218188.14286
kor,20210818,31946179.42857
kor,20210819,32663171.71429
kor,20210820,33402987.57143
kor,20210821,34166067.28571
kor,20210822,34931768.28571
kor,20210823,35722296.14286
kor,20210824,36481279.71429
kor,20210825,37240360.42857
kor,20210826,38038198.14286
kor,20210827,38853419.57143
kor,20210828,39673911.85714
kor,20210829,40492573.14286
kor,20210830,41293591.85714
kor,20210831,42060504.14286
kor,20210901,42806152
kor,20210902,43494253.71429
kor,20210903,44149362.42857
kor,20210904,44782252.71429
kor,20210905,45412892.42857
kor,20210906,46099178
kor,20210907,46817169.85714
kor,20210908,47532959.42857
kor,20210909,48256269.28571
kor,20210910,49000172
kor,20210911,49767010.85714
kor,20210912,50538179.28571
kor,20210913,51291404.28571
kor,20210914,52020655.28571
kor,20210915,52767804.42857
kor,20210916,53516936.42857
kor,20210917,54270955
kor,20210918,55031653.28571
kor,20210919,55792699.85714
kor,20210920,56382315.57143
kor,20210921,56856785.57143
kor,20210922,57222255.28571
kor,20210923,57616213.14286
kor,20210924,58000682.28571
kor,20210925,58378015.71429
kor,20210926,58755711.85714
kor,20210927,59287991.14286
kor,20210928,59953728
kor,20210929,60721028.57143
kor,20210930,61481078.85714
kor,20211001,62250846.28571
kor,20211002,63020877.14286
kor,20211003,63789039
kor,20211004,64429980.71429
kor,20211005,65051549
kor,20211006,65643315.57143
kor,20211007,66215451
kor,20211008,66794240.85714
kor,20211009,67313649.14286
kor,20211010,67830752.85714
kor,20211011,68351316.85714
kor,20211012,68857240.42857
kor,20211013,69352156
kor,20211014,69813835.28571
kor,20211015,70228130.85714
kor,20211016,70685937.71429
kor,20211017,71143817.28571
kor,20211018,71665002.57143
kor,20211019,72154571.85714
kor,20211020,72633779.71429
kor,20211021,73107296.85714
kor,20211022,73565644.57143
kor,20211023,74019228.85714
kor,20211024,74472678.28571
kor,20211025,74899979.42857
kor,20211026,75305684.14286
kor,20211027,75704587.28571
kor,20211028,76135249.57143
kor,20211029,76575512.71429
kor,20211030,77017518
kor,20211031,77460080.28571
kor,20211101,77862192.85714
kor,20211102,78243204.42857
kor,20211103,78602718.57143
kor,20211104,78895635.71429
kor,20211105,79120003.85714
kor,20211106,79306164.28571
kor,20211107,79489881.14286
kor,20211108,79706201.28571
kor,20211109,79934856.71429
kor,20211110,80174025.57143
kor,20211111,80420548.14286
kor,20211112,80678543.85714
kor,20211113,80947504
kor,20211114,81216561
kor,20211115,81464354.57143
kor,20211116,81704970.57143
kor,20211117,81942163
kor,20211118,82172997.42857
kor,20211119,82391069.14286
kor,20211120,82594977
kor,20211121,82798562.71429
kor,20211122,82998162.85714
kor,20211123,83197211.14286
kor,20211124,83399344.71429
kor,20211125,83613562
kor,20211126,83850379
kor,20211127,84093313.85714
kor,20211128,84336242.57143
kor,20211129,84583568.57143
kor,20211130,84837077.57143
kor,20211201,85088288.42857
kor,20211202,85331822.71429
kor,20211203,85570557
kor,20211204,85812267.28571
kor,20211205,86054260.28571
kor,20211206,86309021.85714
kor,20211207,86579996.71429
kor,20211208,86872569
kor,20211209,87205430.85714
kor,20211210,87608706.85714
kor,20211211,88036142.85714
kor,20211212,88464244
kor,20211213,88966668.71429
kor,20211214,89545081.71429
kor,20211215,90219924
kor,20211216,90970745.57143
kor,20211217,91790070.14286
kor,20211218,92652567.28571
kor,20211219,93518720.14286
kor,20211220,94398972.42857
kor,20211221,95265175.14286
kor,20211222,96084913.57143
kor,20211223,96852314.42857
kor,20211224,97554468
kor,20211225,98175510.85714
kor,20211226,98795532.14286
kor,20211227,99397956.85714
kor,20211228,99986141.57143
kor,20211229,100557188.42857
kor,20211230,101117631.85714
kor,20211231,101667492
kor,20220101,102212764.57143
kor,20220102,102756789.85714
kor,20220103,103258659.42857
kor,20220104,103723120
kor,20220105,104158461.14286
kor,20220106,104571835.14286
kor,20220107,104968435.85714
kor,20220108,105420842.42857
kor,20220109,105873211.57143
kor,20220110,106321078.57143
kor,20220111,106767314.28571
kor,20220112,107206363.85714
kor,20220113,107638082.14286
kor,20220114,108064289.28571
kor,20220115,108478258
kor,20220116,108892134.42857
kor,20220117,109291061.71429
kor,20220118,109673465.71429
kor,20220119,110040183.57143
kor,20220120,110392694.42857
kor,20220121,110723730.85714
kor,20220122,111045791.85714
kor,20220123,111367163.28571
kor,20220124,111670936
kor,20220125,111969179.85714
kor,20220126,112270024.57143
kor,20220127,112572727.57143
kor,20220128,112877112.57143
kor,20220129,113193657.57143
kor,20220130,113511700.14286
kor,20220131,113782633.57143
kor,20220201,114013599.85714
kor,20220202,114205169.42857
kor,20220203,114402974.14286
kor,20220204,114579591
kor,20220205,114736018.85714
kor,20220206,114890514.85714
kor,20220207,115081646.85714
kor,20220208,115298413
kos,20210328,0
kos,20210403,350
kos,20210404,1066.66667
kos,20210414,3476
kos,20210418,6007.2
kos,20210423,8688.66667
kos,20210517,14032.71429
kos,20210520,21923.71429
kos,20210602,31778.85714
kos,20210606,42868.28571
kos,20210613,55378.71429
kos,20210620,72198.14286
kos,20210630,94617.14286
kos,20210708,122807.28571
kos,20210709,150724.57143
kos,20210710,176903.42857
kos,20210711,201722.28571
kos,20210712,224962
kos,20210713,244501
kos,20210714,259236.85714
kos,20210715,266417.57143
kos,20210716,274322.28571
kos,20210717,282533.28571
kos,20210720,292568.85714
kos,20210722,302961.71429
kos,20210723,313346.28571
kos,20210726,324174.85714
kos,20210727,335674.42857
kos,20210728,347400.42857
kos,20210729,360229.28571
kos,20210730,372939.42857
kos,20210731,386527
kos,20210803,401143.71429
kos,20210804,415760.42857
kos,20210805,429427.14286
kos,20210806,442285.85714
kos,20210807,454781.28571
kos,20210810,467886.85714
kos,20210811,481161
kos,20210814,497354.85714
kos,20210817,517555.42857
kos,20210818,539299.85714
kos,20210819,563032.42857
kos,20210820,588574
kos,20210821,614679.14286
kos,20210822,641258.57143
kos,20210824,665622.42857
kos,20210825,686507.71429
kos,20210826,706894.42857
kos,20210827,726383.71429
kos,20210828,744717.42857
kos,20210829,761935.28571
kos,20210830,776261.71429
kos,20210831,790003.28571
kos,20210901,803388
kos,20210902,817309.28571
kos,20210903,831892.28571
kos,20210904,847063.85714
kos,20210905,863427.42857
kos,20210907,882059.71429
kos,20210908,900640.57143
kos,20210909,919738.85714
kos,20210910,938839.71429
kos,20210911,957841.85714
kos,20210912,976833.14286
kos,20210913,994572.57143
kos,20210914,1012921.57143
kos,20210915,1032036.42857
kos,20210916,1051323.14286
kos,20210917,1070368.85714
kos,20210918,1089236
kos,20210919,1108243.71429
kos,20210920,1126723
kos,20210921,1144842.85714
kos,20210922,1162059
kos,20210923,1178598.57143
kos,20210924,1194698.42857
kos,20210925,1210393.85714
kos,20210926,1225701
kos,20210927,1241084.71429
kos,20210928,1256184.14286
kos,20210929,1270867.57143
kos,20210930,1285547.85714
kos,20211001,1300077.42857
kos,20211002,1314383
kos,20211003,1328831.42857
kos,20211004,1342539
kos,20211005,1355267.71429
kos,20211006,1367312.28571
kos,20211007,1378618.14286
kos,20211008,1389521.42857
kos,20211009,1400139.28571
kos,20211010,1410388.57143
kos,20211011,1421396
kos,20211012,1432763
kos,20211013,1444031.57143
kos,20211014,1454787.85714
kos,20211015,1464744.85714
kos,20211016,1474069.57143
kos,20211019,1482729.14286
kos,20211020,1490947
kos,20211021,1498344.28571
kos,20211022,1505362.28571
kos,20211023,1512408.71429
kos,20211026,1520022.57143
kos,20211027,1527423.57143
kos,20211028,1534017.71429
kos,20211029,1540326
kos,20211030,1546942.85714
kos,20211102,1553193.28571
kos,20211103,1558913.42857
kos,20211104,1563542
kos,20211105,1567657.28571
kos,20211106,1571578.71429
kos,20211109,1575366.71429
kos,20211110,1578397.57143
kos,20211111,1581362.71429
kos,20211112,1584114.14286
kos,20211113,1586839
kos,20211116,1589599.42857
kos,20211117,1592186
kos,20211118,1594483.85714
kos,20211119,1596685.85714
kos,20211120,1598852.71429
kos,20211123,1601085.85714
kos,20211124,1603211
kos,20211125,1605156
kos,20211126,1607004.42857
kos,20211127,1608873.42857
kos,20211130,1610656.14286
kos,20211201,1612456.85714
kos,20211202,1614211.71429
kos,20211203,1615994.42857
kos,20211204,1617940.71429
kos,20211206,1619905
kos,20211207,1622172.14286
kos,20211208,1624744.14286
kos,20211209,1627725
kos,20211210,1630664.71429
kos,20211211,1633747.28571
kos,20211212,1636572.14286
kos,20211213,1639239.57143
kos,20211214,1641752.71429
kos,20211215,1644152.42857
kos,20211217,1646076.28571
kos,20211218,1647996.71429
kos,20211219,1649589.85714
kos,20211220,1651087.71429
kos,20211221,1652831.14286
kos,20211222,1654450.85714
kos,20211223,1656002.57143
kos,20211224,1657532.28571
kos,20211225,1658978
kos,20211227,1660503
kos,20211228,1662122
kos,20211229,1663878.14286
kos,20211230,1665670.57143
kos,20211231,1667464
kos,20220101,1669172
kos,20220103,1670728.57143
kos,20220104,1672413
kos,20220105,1674336.28571
kos,20220106,1676411.71429
kos,20220107,1678729.28571
kos,20220108,1681169.42857
kos,20220109,1683777
kos,20220110,1686466.57143
kos,20220111,1689452.42857
kos,20220113,1693023
kos,20220114,1696552.71429
kos,20220115,1700176.71429
kos,20220116,1703828.71429
kos,20220117,1707345.42857
kos,20220118,1711516.57143
kos,20220119,1715847
kos,20220120,1719892
kos,20220121,1724027.85714
kos,20220122,1728154.85714
kos,20220123,1732405
kos,20220124,1736756.71429
kos,20220125,1741252.42857
kos,20220126,1745764.28571
kos,20220127,1750260.42857
kos,20220128,1754796.57143
kos,20220129,1759302
kos,20220130,1763610.42857
kos,20220131,1767788.14286
kos,20220201,1771613.28571
kos,20220202,1775024
kos,20220203,1778208
kos,20220204,1781059
kos,20220205,1783624.57143
kos,20220206,1786002
kwt,20201228,2500
kwt,20210126,18750
kwt,20210215,70833.33333
kwt,20210308,143125
kwt,20210322,222100
kwt,20210329,285893.5
kwt,20210418,367908.71429
kwt,20210425,510408.71429
kwt,20210504,700694.42857
kwt,20210506,881408.71429
kwt,20210516,1089980.14286
kwt,20210703,1352473.71429
kwt,20210814,1647219.57143
kwt,20211130,2464169
kwt,20211205,3262984.85714
kwt,20211209,4015734.14286
kwt,20211213,4763933.71429
kwt,20211215,5463798.71429
kwt,20211220,6094534.57143
kwt,20211223,6692417.42857
kwt,20211227,6742720.85714
kwt,20211228,6792860.71429
kwt,20220105,6853741.57143
kwt,20220109,6914225.42857
kwt,20220110,6971473.42857
kwt,20220113,7025117.42857
kwt,20220117,7074378.42857
kwt,20220119,7114925.14286
kwt,20220123,7157926.14286
kwt,20220125,7192025.71429
kwt,20220127,7222143.14286
kwt,20220131,7252537.42857
kwt,20220202,7278218.57143
kwt,20220207,7303056.14286
lao,20210317,40732
lao,20210414,88290.5
lao,20210419,104535.66667
lao,20210421,116195.5
lao,20210422,124320
lao,20210424,133520.83333
lao,20210425,140686.14286
lao,20210426,161208.28571
lao,20210510,211583.14286
lao,20210514,272503.14286
lao,20210515,334156.28571
lao,20210517,400836.14286
lao,20210518,465863.14286
lao,20210519,532338.57143
lao,20210520,601606
lao,20210521,630433.57143
lao,20210522,654069.57143
lao,20210523,674951.14286
lao,20210526,693123.42857
lao,20210531,726120.57143
lao,20210601,762327.71429
lao,20210602,797292.71429
lao,20210603,832041.14286
lao,20210604,864736.42857
lao,20210605,900927.14286
lao,20210606,935623.71429
lao,20210607,954838.28571
lao,20210608,971290.28571
lao,20210609,988515.14286
lao,20210610,1005779.57143
lao,20210611,1023225
lao,20210612,1039862.28571
lao,20210613,1056252.14286
lao,20210614,1072060.71429
lao,20210615,1086990.42857
lao,20210616,1101241.71429
lao,20210617,1112669
lao,20210618,1127416.71429
lao,20210619,1143154.42857
lao,20210621,1162268.14286
lao,20210622,1184806.85714
lao,20210624,1217111.28571
lao,20210625,1252491.57143
lao,20210626,1291660.71429
lao,20210628,1324965
lao,20210704,1370934.85714
lao,20210705,1413124.42857
lao,20210706,1453632.28571
lao,20210709,1496461
lao,20210711,1537144.42857
lao,20210714,1580065.85714
lao,20210717,1631619.14286
lao,20210731,1705911.14286
lao,20210820,1921219.42857
lao,20210821,2229066.14286
lao,20210822,2532782.42857
lao,20210823,2837394.57143
lao,20210824,3146779
lao,20210825,3455402.28571
lao,20210826,3734060.42857
lao,20210828,3889866.85714
lao,20210829,3957741.85714
lao,20210830,4019308
lao,20210831,4082088.71429
lao,20210901,4139819
lao,20210902,4194370.85714
lao,20210903,4244777.28571
lao,20210904,4278162.85714
lao,20210905,4306837.85714
lao,20210907,4335085.42857
lao,20211123,4562439.42857
lao,20220118,5066716.28571
lbn,20210213,0
lbn,20210214,24
lbn,20210215,442.66667
lbn,20210216,1148.5
lbn,20210217,2105.2
lbn,20210218,3355.16667
lbn,20210219,4780
lbn,20210220,6684.14286
lbn,20210221,8581.42857
lbn,20210222,10974.42857
lbn,20210223,13590
lbn,20210224,16370.14286
lbn,20210225,19258
lbn,20210226,22352.57143
lbn,20210227,25447.14286
lbn,20210228,29342
lbn,20210301,33317.42857
lbn,20210302,37038.85714
lbn,20210303,41209.14286
lbn,20210304,45159.71429
lbn,20210305,48809.28571
lbn,20210306,52487.71429
lbn,20210307,55450.14286
lbn,20210308,58042.71429
lbn,20210309,60521.14286
lbn,20210310,65182.71429
lbn,20210311,70110.28571
lbn,20210312,75160.28571
lbn,20210315,81443.85714
lbn,20210316,89134.42857
lbn,20210317,97260.57143
lbn,20210318,106476.71429
lbn,20210319,113342.57143
lbn,20210320,119540
lbn,20210321,125616
lbn,20210322,131815.14286
lbn,20210323,137937.14286
lbn,20210324,144383.57143
lbn,20210325,150747
lbn,20210326,157146.57143
lbn,20210327,163686.28571
lbn,20210328,170585.14286
lbn,20210329,177125.71429
lbn,20210330,184215.57143
lbn,20210331,191397.14286
lbn,20210401,198297.28571
lbn,20210402,204816.42857
lbn,20210403,211204.28571
lbn,20210404,217109.71429
lbn,20210405,223024
lbn,20210406,228327.57143
lbn,20210407,234451.42857
lbn,20210408,241058
lbn,20210409,247725.28571
lbn,20210410,254546
lbn,20210412,262819.71429
lbn,20210413,271514.28571
lbn,20210414,278856.57143
lbn,20210415,287638
lbn,20210416,295362.14286
lbn,20210417,302560.57143
lbn,20210418,310541.28571
lbn,20210419,318729.85714
lbn,20210420,326676.57143
lbn,20210424,342728.57143
lbn,20210425,356291.28571
lbn,20210426,370471
lbn,20210427,386971
lbn,20210428,404945.71429
lbn,20210429,421784.85714
lbn,20210430,437489.71429
lbn,20210501,445093.42857
lbn,20210502,452285.85714
lbn,20210503,459690.85714
lbn,20210504,466791.71429
lbn,20210505,473321.57143
lbn,20210506,480256.57143
lbn,20210514,497305.42857
lbn,20210515,514414
lbn,20210516,531674.71429
lbn,20210517,550711
lbn,20210518,569345.28571
lbn,20210519,588016
lbn,20210520,608322.42857
lbn,20210521,619748.28571
lbn,20210522,631189.85714
lbn,20210523,642344.14286
lbn,20210524,652513.28571
lbn,20210525,661610.71429
lbn,20210526,673554.57143
lbn,20210527,684052.14286
lbn,20210528,694949.14286
lbn,20210529,706485.71429
lbn,20210530,718965.42857
lbn,20210531,732716.42857
lbn,20210601,749579.85714
lbn,20210602,764470.14286
lbn,20210603,781996.85714
lbn,20210604,798017.28571
lbn,20210605,813692.28571
lbn,20210606,829544
lbn,20210607,845624.14286
lbn,20210608,860949.57143
lbn,20210609,876468.14286
lbn,20210610,890888.42857
lbn,20210611,907138.71429
lbn,20210612,926171.28571
lbn,20210613,947276
lbn,20210614,967939.28571
lbn,20210615,989518.42857
lbn,20210616,1008561.57143
lbn,20210617,1031793.85714
lbn,20210618,1055187.85714
lbn,20210619,1075673.71429
lbn,20210620,1092788.28571
lbn,20210623,1113340.57143
lbn,20210624,1132951.42857
lbn,20210625,1158990.85714
lbn,20210626,1178373.28571
lbn,20210627,1196507.14286
lbn,20210628,1218888.28571
lbn,20210629,1244914.71429
lbn,20210630,1269722
lbn,20210701,1293074.42857
lbn,20210702,1312056.42857
lbn,20210703,1330766
lbn,20210704,1348756.71429
lbn,20210705,1363879.85714
lbn,20210706,1377862
lbn,20210707,1396512.57143
lbn,20210708,1419233.42857
lbn,20210709,1441756.14286
lbn,20210710,1464382.57143
lbn,20210711,1487524
lbn,20210712,1512430.28571
lbn,20210713,1544399
lbn,20210714,1571146.42857
lbn,20210715,1596571
lbn,20210716,1620000
lbn,20210717,1643346.71429
lbn,20210718,1666069.85714
lbn,20210719,1689007.57143
lbn,20210720,1702428.28571
lbn,20210721,1713939.28571
lbn,20210722,1726132
lbn,20210723,1738147
lbn,20210724,1750498.71429
lbn,20210725,1765674.14286
lbn,20210726,1781673.28571
lbn,20210727,1802339.14286
lbn,20210728,1824252.14286
lbn,20210729,1845084.85714
lbn,20210730,1868307.71429
lbn,20210731,1891219.85714
lbn,20210801,1911523.42857
lbn,20210802,1932095.57143
lbn,20210803,1952643.28571
lbn,20210804,1970597.57143
lbn,20210805,1988508.71429
lbn,20210806,2007426.28571
lbn,20210807,2026797.42857
lbn,20210808,2046203.71429
lbn,20210809,2063399.85714
lbn,20210810,2081038.71429
lbn,20210811,2100902.57143
lbn,20210812,2118717.14286
lbn,20210813,2134932.57143
lbn,20210814,2150594
lbn,20210815,2167534
lbn,20210816,2184552.14286
lbn,20210817,2199315.28571
lbn,20210818,2212504.28571
lbn,20210819,2226452.57143
lbn,20210820,2240133.14286
lbn,20210823,2258291
lbn,20210824,2278872.71429
lbn,20210825,2298879.28571
lbn,20210826,2319169.57143
lbn,20210827,2339437.71429
lbn,20210828,2357428.57143
lbn,20210829,2376841.28571
lbn,20210830,2393463.71429
lbn,20210831,2409203.14286
lbn,20210901,2425534.14286
lbn,20210902,2441072.71429
lbn,20210903,2454982.57143
lbn,20210904,2469055.85714
lbn,20210905,2480889.57143
lbn,20210906,2495155.71429
lbn,20210907,2507567.85714
lbn,20210908,2521162.57143
lbn,20210909,2534016
lbn,20210910,2548508.71429
lbn,20210911,2562933.28571
lbn,20210912,2579694.71429
lbn,20210913,2593048.71429
lbn,20210914,2606250.42857
lbn,20210915,2622342.57143
lbn,20210916,2637457.71429
lbn,20210917,2652567.42857
lbn,20210918,2667625
lbn,20210919,2681123.14286
lbn,20210920,2696938.14286
lbn,20210921,2715853.57143
lbn,20210922,2729453.85714
lbn,20210923,2746060.28571
lbn,20210924,2761004.85714
lbn,20210925,2775872
lbn,20210926,2790037.42857
lbn,20210927,2803491.14286
lbn,20210928,2818183.85714
lbn,20210929,2834578.14286
lbn,20210930,2849968.71429
lbn,20211001,2866397.57143
lbn,20211002,2882848.85714
lbn,20211003,2899764.85714
lbn,20211004,2916923.57143
lbn,20211005,2930035.85714
lbn,20211006,2940795.42857
lbn,20211007,2953752.57143
lbn,20211008,2967321.71429
lbn,20211009,2980946.42857
lbn,20211010,2994001.71429
lbn,20211011,3004655
lbn,20211012,3014754
lbn,20211013,3030836.42857
lbn,20211014,3043892.28571
lbn,20211015,3056582.14286
lbn,20211016,3069119.42857
lbn,20211017,3080923.42857
lbn,20211018,3092785.14286
lbn,20211019,3109781.28571
lbn,20211020,3121189.85714
lbn,20211021,3132937
lbn,20211022,3144501.85714
lbn,20211023,3156109.42857
lbn,20211024,3167667.85714
lbn,20211026,3186970.14286
lbn,20211028,3206847.28571
lbn,20211101,3228524.42857
lbn,20211102,3250084.71429
lbn,20211103,3272109.42857
lbn,20211104,3295352.28571
lbn,20211105,3320921.42857
lbn,20211106,3338429.42857
lbn,20211107,3349579
lbn,20211108,3360324.57143
lbn,20211109,3370483.14286
lbn,20211110,3380171.85714
lbn,20211111,3390486.71429
lbn,20211112,3400374.57143
lbn,20211113,3410322.57143
lbn,20211114,3420627
lbn,20211115,3430270.28571
lbn,20211116,3439885.85714
lbn,20211117,3449981.71429
lbn,20211118,3459407.42857
lbn,20211119,3469005
lbn,20211120,3478657.28571
lbn,20211121,3487911.71429
lbn,20211122,3496692.71429
lbn,20211123,3506196.85714
lbn,20211124,3514527.57143
lbn,20211125,3522942.71429
lbn,20211126,3531723.71429
lbn,20211127,3540709.42857
lbn,20211128,3549617.57143
lbn,20211129,3559575
lbn,20211130,3569114
lbn,20211201,3578947.57143
lbn,20211203,3593615.57143
lbn,20211204,3606044
lbn,20211205,3619032.14286
lbn,20211206,3634480.42857
lbn,20211207,3649594.57143
lbn,20211208,3665527.71429
lbn,20211209,3682012.71429
lbn,20211210,3697621.28571
lbn,20211211,3717553
lbn,20211212,3738659.85714
lbn,20211213,3759616.14286
lbn,20211214,3780437.42857
lbn,20211215,3801140.85714
lbn,20211216,3823166.28571
lbn,20211217,3842732.14286
lbn,20211218,3858718.28571
lbn,20211220,3878489.14286
lbn,20211221,3936570.14286
lbn,20211222,3992953.42857
lbn,20211223,4050078
lbn,20211224,4105686.28571
lbn,20211225,4158449.71429
lbn,20211226,4210713.14286
lbn,20211227,4261072.28571
lbn,20211228,4278083.28571
lbn,20211229,4294904.57143
lbn,20211230,4311840.57143
lbn,20211231,4327845.85714
lbn,20220101,4343912
lbn,20220102,4360480.71429
lbn,20220103,4376424.14286
lbn,20220104,4388468.14286
lbn,20220105,4403656.14286
lbn,20220106,4415289.28571
lbn,20220107,4432676
lbn,20220108,4457310.28571
lbn,20220109,4483526.42857
lbn,20220110,4512069.71429
lbn,20220111,4539287.57143
lbn,20220112,4567482.85714
lbn,20220113,4597572.28571
lbn,20220114,4624009.57143
lbn,20220115,4643308.42857
lbn,20220116,4662524.85714
lbn,20220117,4678793.28571
lbn,20220118,4694185.14286
lbn,20220119,4706206.42857
lbn,20220120,4720300.28571
lbn,20220121,4733892.14286
lbn,20220122,4747509
lbn,20220123,4759018.57143
lbn,20220124,4770995.14286
lbn,20220125,4784262.85714
lbn,20220126,4798439.85714
lbn,20220127,4810592.28571
lbn,20220128,4822276.71429
lbn,20220129,4834272.71429
lbn,20220130,4848023.71429
lbn,20220131,4861466.14286
lbn,20220201,4874442.28571
lbn,20220202,4887305.28571
lbn,20220203,4900938.57143
lbn,20220204,4913905.57143
lbn,20220205,4926765.85714
lbn,20220206,4937536.85714
lbn,20220207,4948517.57143
lbn,20220208,4959424.28571
lbr,20210512,36404
lbr,20210521,44425
lbr,20210524,47492
lbr,20210526,49541.5
lbr,20210531,50862
lbr,20210608,53018.66667
lbr,20210610,54605.85714
lbr,20210614,58775.28571
lbr,20210615,60916.85714
lbr,20210620,63087.57143
lbr,20210624,66080.71429
lbr,20210628,69804.71429
lbr,20211006,74064
lbr,20211021,114879.42857
lbr,20211022,156663.57143
lbr,20211029,205460.28571
lbr,20211031,258261.57143
lbr,20211102,309964.57143
lbr,20211118,382452.57143
lbr,20211130,454494.85714
lbr,20211208,491070
lbr,20211215,565674.85714
lbr,20220107,671088.57143
lby,20210417,750
lby,20210510,53654.5
lby,20210601,117066.66667
lby,20210609,167252.25
lby,20210612,199853.8
lby,20210616,225112.83333
lby,20210623,245820.42857
lby,20210629,299913.85714
lby,20210708,340932.28571
lby,20210711,366822
lby,20210718,390008.71429
lby,20210725,418658.42857
lby,20210728,446563.71429
lby,20210804,495441.85714
lby,20210805,546586.57143
lby,20210809,599521.57143
lby,20210818,665927
lby,20210825,743465
lby,20210826,814929.57143
lby,20210901,898321
lby,20210909,978587.14286
lby,20210910,1062142.85714
lby,20210915,1150296.57143
lby,20210919,1232346.14286
lby,20210922,1300737.57143
lby,20210925,1374438.57143
lby,20210928,1439520
lby,20211002,1491423.57143
lby,20211007,1540534.85714
lby,20211009,1584526.71429
lby,20211014,1623775.57143
lby,20211017,1666260.14286
lby,20211021,1703745.57143
lby,20211024,1743448.28571
lby,20211028,1781081.14286
lby,20211031,1827108.85714
lby,20211104,1874432.57143
lby,20211106,1921796.71429
lby,20211110,1964309.14286
lby,20211114,2012954.14286
lby,20211118,2057898.42857
lby,20211121,2105511.28571
lby,20211124,2148848.14286
lby,20211128,2193897.28571
lby,20211202,2237669.85714
lby,20211204,2286476.28571
lby,20211209,2334436
lby,20211211,2385518.28571
lby,20211215,2431244.85714
lby,20211219,2476640.14286
lby,20211223,2517044.42857
lby,20211227,2558045.28571
lby,20211230,2592563.57143
lby,20220106,2630676.71429
lby,20220110,2675101.14286
lby,20220112,2720953.42857
lby,20220116,2763909.28571
lby,20220118,2808376.28571
lby,20220122,2851183
lby,20220125,2897420.42857
lby,20220130,2940082.42857
lby,20220201,2973642.57143
lby,20220206,3009284.85714
lca,20210216,0
lca,20210304,1047
lca,20210312,6494.33333
lca,20210319,9932.5
lca,20210328,12244.8
lca,20210330,13872.5
lca,20210331,15084.57143
lca,20210401,18306.57143
lca,20210407,21270.14286
lca,20210408,22062.42857
lca,20210409,22477.14286
lca,20210410,22729
lca,20210414,22919.57143
lca,20210416,23093.57143
lca,20210417,23252.14286
lca,20210419,23373.42857
lca,20210421,23501.14286
lca,20210423,23602.71429
lca,20210424,23700.42857
lca,20210427,23796
lca,20210428,23874.28571
lca,20210429,23955.14286
lca,20210430,24037.71429
lca,20210501,24123
lca,20210519,27029.42857
lca,20210520,29946.71429
lca,20210521,32925.85714
lca,20210522,35950.71429
lca,20210525,38985.85714
lca,20210526,42053.42857
lca,20210527,45133.42857
lca,20210529,45471.28571
lca,20210530,45815.42857
lca,20210601,46137.71429
lca,20210602,46458.42857
lca,20210603,46794.42857
lca,20210607,47154.14286
lca,20210608,47537
lca,20210609,47893.28571
lca,20210610,48264.42857
lca,20210611,48637.42857
lca,20210612,49007.42857
lca,20210614,49352.57143
lca,20210616,49702.42857
lca,20210617,50017.14286
lca,20210618,50302.28571
lca,20210619,50560.71429
lca,20210622,50789.57143
lca,20210623,50994
lca,20210625,51249.14286
lca,20210627,51484.71429
lca,20210629,51731.42857
lca,20210630,51975.71429
lca,20210701,52224.71429
lca,20210705,52475.42857
lca,20210706,52707.71429
lca,20210707,52892.42857
lca,20210708,53057.85714
lca,20210709,53215.42857
lca,20210712,53370.28571
lca,20210713,53523.42857
lca,20210714,53674.85714
lca,20210715,53842.28571
lca,20210716,54038.14286
lca,20210718,54232
lca,20210720,54425.28571
lca,20210721,54702.85714
lca,20210724,54980.85714
lca,20210727,55250
lca,20210728,55518.28571
lca,20210729,55783.57143
lca,20210730,56064.85714
lca,20210731,56352.57143
lca,20210805,56597
lca,20210806,56871.14286
lca,20210807,57195.85714
lca,20210809,57497.85714
lca,20210810,57786.14286
lca,20210811,58102.14286
lca,20210812,58424
lca,20210813,58713.71429
lca,20210817,59024.28571
lca,20210819,59410.85714
lca,20210820,59869.85714
lca,20210821,60334.71429
lca,20210822,60735.57143
lca,20210824,61142.14286
lca,20210826,61674.28571
lca,20210827,62223.14286
lca,20210828,62704.14286
lca,20210830,63126.57143
lca,20210915,64427.42857
lca,20210916,65807.42857
lca,20210918,67265.28571
lca,20210919,68596
lca,20210921,69892.14286
lca,20210922,71228.71429
lca,20210923,72652.85714
lca,20210924,73234.28571
lca,20210925,73850
lca,20210927,74400.57143
lca,20210929,74991.28571
lca,20210930,75786
lca,20211002,76691.57143
lca,20211003,77524.57143
lca,20211006,78410.28571
lca,20211007,79299.42857
lca,20211008,80190.57143
lca,20211009,81152.85714
lca,20211012,81980.57143
lca,20211013,82655.14286
lca,20211015,83566.14286
lca,20211018,84396.57143
lca,20211019,85167.28571
lca,20211103,86844.14286
lca,20211105,88421
lca,20211109,90037.57143
lca,20211110,91597.71429
lca,20211111,92898.71429
lca,20211112,94208.85714
lca,20211114,95561.28571
lca,20211116,95986.42857
lca,20211118,96504.28571
lca,20211120,96970.28571
lca,20211121,97455.85714
lca,20211123,97960.42857
lca,20211126,98529.28571
lca,20211128,99059
lca,20211130,99573.71429
lca,20211201,99994.57143
lca,20211202,100346.42857
lca,20211203,100687.14286
lca,20211205,101077.57143
lca,20211207,101364.71429
lca,20211208,101614.57143
lca,20211210,101888.42857
lca,20211215,102207.42857
lca,20211216,102515.42857
lca,20211219,102843.71429
lca,20211220,103113.42857
lca,20211221,103384.57143
lca,20211223,103677
lca,20211224,103929.28571
lca,20211228,104134.85714
lca,20211230,104330.57143
lca,20211231,104500.85714
lca,20220102,104676.85714
lca,20220105,104867.71429
lca,20220107,105050.57143
lca,20220109,105262.42857
lca,20220111,105470.28571
lca,20220113,105704
lca,20220114,105931
lca,20220116,106176.85714
lca,20220119,106435.57143
lca,20220120,106672
lca,20220121,106879.71429
lca,20220122,107073.42857
lca,20220123,107225.71429
lca,20220128,107410
lca,20220131,107578.14286
lca,20220204,107753
lca,20220207,107926.42857
lca,20220208,108107
lie,20201221,0
lie,20201222,0
lie,20201223,0
lie,20201224,0
lie,20201225,0
lie,20201226,0
lie,20201227,0
lie,20201228,0
lie,20201229,0
lie,20201230,0
lie,20201231,0
lie,20210101,0
lie,20210102,0
lie,20210103,0
lie,20210104,0.28571
lie,20210105,0.57143
lie,20210106,1.28571
lie,20210107,2.14286
lie,20210108,3
lie,20210109,3.85714
lie,20210110,4.71429
lie,20210111,5.42857
lie,20210112,7.57143
lie,20210113,9.28571
lie,20210114,11.85714
lie,20210115,17.28571
lie,20210116,23
lie,20210117,28.71429
lie,20210118,45.71429
lie,20210119,73.42857
lie,20210120,108.71429
lie,20210121,151.28571
lie,20210122,198.57143
lie,20210123,246.28571
lie,20210124,294
lie,20210125,340.57143
lie,20210126,385.71429
lie,20210127,424.42857
lie,20210128,473
lie,20210129,539.57143
lie,20210130,605.42857
lie,20210131,671.28571
lie,20210201,726.85714
lie,20210202,771.71429
lie,20210203,816.14286
lie,20210204,847.57143
lie,20210205,855
lie,20210206,862.42857
lie,20210207,869.85714
lie,20210208,885.71429
lie,20210209,912.28571
lie,20210210,945.71429
lie,20210211,983.28571
lie,20210212,1023.57143
lie,20210213,1063.85714
lie,20210214,1104.14286
lie,20210215,1146.71429
lie,20210216,1213.57143
lie,20210217,1301.57143
lie,20210218,1397.42857
lie,20210219,1489
lie,20210220,1580.57143
lie,20210221,1672.14286
lie,20210222,1782
lie,20210223,1886
lie,20210224,1961.28571
lie,20210225,2046.42857
lie,20210226,2158.71429
lie,20210227,2271
lie,20210228,2383.28571
lie,20210301,2466.57143
lie,20210302,2520.71429
lie,20210303,2592.28571
lie,20210304,2664.85714
lie,20210305,2740.14286
lie,20210306,2815.42857
lie,20210307,2890.71429
lie,20210308,2966
lie,20210309,3071.42857
lie,20210310,3188.14286
lie,20210311,3311
lie,20210312,3404
lie,20210313,3497
lie,20210314,3590
lie,20210315,3684.42857
lie,20210316,3779.42857
lie,20210317,3878.85714
lie,20210318,3962.71429
lie,20210319,4046.57143
lie,20210320,4130.42857
lie,20210321,4214.28571
lie,20210322,4325.71429
lie,20210323,4435.42857
lie,20210324,4546.14286
lie,20210325,4672.57143
lie,20210326,4833.14286
lie,20210327,4993.71429
lie,20210328,5154.28571
lie,20210329,5320
lie,20210330,5492.42857
lie,20210331,5648.28571
lie,20210401,5798
lie,20210402,5943
lie,20210403,6088
lie,20210404,6233
lie,20210405,6343.85714
lie,20210406,6449
lie,20210407,6565.14286
lie,20210408,6687.42857
lie,20210409,6817.42857
lie,20210410,6947.42857
lie,20210411,7077.42857
lie,20210412,7247.28571
lie,20210413,7426.42857
lie,20210414,7620.85714
lie,20210415,7823.42857
lie,20210416,8030
lie,20210417,8236.57143
lie,20210418,8443.14286
lie,20210419,8689.57143
lie,20210420,8974.14286
lie,20210421,9286
lie,20210422,9627.28571
lie,20210423,9998.57143
lie,20210424,10369.85714
lie,20210425,10741.14286
lie,20210426,11067
lie,20210427,11351
lie,20210428,11602.85714
lie,20210429,11821.28571
lie,20210430,12041.42857
lie,20210501,12261.57143
lie,20210502,12481.71429
lie,20210503,12707.42857
lie,20210504,12936.42857
lie,20210505,13166.57143
lie,20210506,13398.28571
lie,20210507,13594.28571
lie,20210508,13790.28571
lie,20210509,13986.28571
lie,20210510,14222.57143
lie,20210511,14497.14286
lie,20210512,14773.85714
lie,20210513,15051.42857
lie,20210514,15332.14286
lie,20210515,15612.85714
lie,20210516,15893.57143
lie,20210517,16174
lie,20210518,16455.28571
lie,20210519,16771.57143
lie,20210520,17124.42857
lie,20210521,17516.85714
lie,20210522,17909.28571
lie,20210523,18301.71429
lie,20210524,18614.28571
lie,20210525,18928.71429
lie,20210526,19244
lie,20210527,19563
lie,20210528,19877.71429
lie,20210529,20192.42857
lie,20210530,20507.14286
lie,20210531,20901.14286
lie,20210601,21293.85714
lie,20210602,21688.42857
lie,20210603,22080.42857
lie,20210604,22476.85714
lie,20210605,22873.28571
lie,20210606,23269.71429
lie,20210607,23669.85714
lie,20210608,24074
lie,20210609,24479.28571
lie,20210610,24887.42857
lie,20210611,25298.14286
lie,20210612,25708.85714
lie,20210613,26119.57143
lie,20210614,26527.71429
lie,20210615,26932.85714
lie,20210616,27336.85714
lie,20210617,27738
lie,20210618,28139.42857
lie,20210619,28540.85714
lie,20210620,28942.28571
lie,20210621,29263.28571
lie,20210622,29579.71429
lie,20210623,29858.42857
lie,20210624,30132.57143
lie,20210625,30363.57143
lie,20210626,30594.57143
lie,20210627,30825.57143
lie,20210628,31097.85714
lie,20210629,31337.85714
lie,20210630,31613
lie,20210701,31892.14286
lie,20210702,32217.14286
lie,20210703,32542.14286
lie,20210704,32867.14286
lie,20210705,33193.14286
lie,20210706,33553.28571
lie,20210707,33920.14286
lie,20210708,34293.14286
lie,20210709,34667
lie,20210710,35040.85714
lie,20210711,35414.71429
lie,20210712,35829.71429
lie,20210713,36251.71429
lie,20210714,36631.57143
lie,20210715,37005.57143
lie,20210716,37338.28571
lie,20210717,37671
lie,20210718,38003.71429
lie,20210719,38253
lie,20210720,38418.42857
lie,20210721,38541.85714
lie,20210722,38622
lie,20210723,38712.71429
lie,20210724,38803.42857
lie,20210725,38894.14286
lie,20210726,38984.85714
lie,20210727,39075.57143
lie,20210728,39166.28571
lie,20210729,39222
lie,20210730,39222
lie,20210731,39222
lie,20210801,39222
lie,20210802,39222
lie,20210803,39222
lie,20210804,39222
lie,20210805,39222
lie,20210806,39222
lie,20210807,39222
lie,20210808,39222
lie,20210809,39306.28571
lie,20210810,39430.85714
lie,20210811,39600.28571
lie,20210812,39801.42857
lie,20210813,40046.85714
lie,20210814,40292.28571
lie,20210815,40537.71429
lie,20210816,40740.14286
lie,20210817,40943.14286
lie,20210818,41136.14286
lie,20210819,41297.42857
lie,20210820,41414.42857
lie,20210821,41589.28571
lie,20210822,41764.14286
lie,20210823,41918.57143
lie,20210824,42072.28571
lie,20210825,42210.14286
lie,20210826,42367.57143
lie,20210827,42567.28571
lie,20210828,42709.14286
lie,20210829,42851
lie,20210830,42972
lie,20210831,43052.85714
lie,20210901,43114.71429
lie,20210902,43157
lie,20210903,43157
lie,20210904,43157
lie,20210905,43157
lie,20210906,43157
lie,20210907,43179.28571
lie,20210908,43201.57143
lie,20210909,43224
lie,20210910,43290.71429
lie,20210911,43357.42857
lie,20210912,43424.14286
lie,20210913,43583.14286
lie,20210914,43764.42857
lie,20210915,43976.57143
lie,20210916,44190
lie,20210917,44385.85714
lie,20210918,44636.57143
lie,20210919,44887.28571
lie,20210920,45097.71429
lie,20210921,45316.42857
lie,20210922,45524.14286
lie,20210923,45751.28571
lie,20210924,45999.42857
lie,20210925,46192.71429
lie,20210926,46386
lie,20210927,46531.14286
lie,20210928,46636.57143
lie,20210929,46725
lie,20210930,46793.71429
lie,20211001,46818.71429
lie,20211002,46843.71429
lie,20211003,46868.71429
lie,20211004,46892.57143
lie,20211005,46903.28571
lie,20211006,46914
lie,20211007,46941.14286
lie,20211008,46968.14286
lie,20211009,46995.14286
lie,20211010,47022.14286
lie,20211011,47046.42857
lie,20211012,47081.28571
lie,20211013,47116.28571
lie,20211014,47137.85714
lie,20211015,47161.28571
lie,20211016,47184.71429
lie,20211017,47208.14286
lie,20211018,47272.14286
lie,20211019,47387
lie,20211020,47536.42857
lie,20211021,47685.28571
lie,20211022,47835
lie,20211023,47984.71429
lie,20211024,48134.42857
lie,20211025,48261
lie,20211026,48342.14286
lie,20211027,48397.71429
lie,20211028,48461.42857
lie,20211029,48523.71429
lie,20211030,48586
lie,20211031,48648.28571
lie,20211101,48693.14286
lie,20211102,48742.57143
lie,20211103,48792.71429
lie,20211104,48847.57143
lie,20211105,48905.42857
lie,20211106,48963.28571
lie,20211107,49021.14286
lie,20211108,49092.57143
lie,20211109,49150.42857
lie,20211110,49199
lie,20211111,49243.71429
lie,20211112,49291.42857
lie,20211113,49339.14286
lie,20211114,49386.85714
lie,20211115,49424
lie,20211116,49463.57143
lie,20211117,49502.85714
lie,20211118,49543.57143
lie,20211119,49596.57143
lie,20211120,49649.57143
lie,20211121,49702.57143
lie,20211122,49781.42857
lie,20211123,49872.42857
lie,20211124,50002.85714
lie,20211125,50128.14286
lie,20211126,50232.71429
lie,20211127,50340.28571
lie,20211128,50447.85714
lie,20211129,50588.71429
lie,20211130,50722.71429
lie,20211201,50878.42857
lie,20211202,51056.85714
lie,20211203,51236.57143
lie,20211204,51413.28571
lie,20211205,51590
lie,20211206,51760.71429
lie,20211207,52030.57143
lie,20211208,52352.57143
lie,20211209,52760.28571
lie,20211210,53256.85714
lie,20211211,53839.14286
lie,20211212,54456.42857
lie,20211213,55113.14286
lie,20211214,55795
lie,20211215,56479.71429
lie,20211216,57163.85714
lie,20211217,57885
lie,20211218,58605
lie,20211219,59325.14286
lie,20211220,60051
lie,20211221,60710.14286
lie,20211222,61320.71429
lie,20211223,61818.14286
lie,20211224,62186.57143
lie,20211225,62470.42857
lie,20211226,62719.14286
lie,20211227,62866.57143
lie,20211228,62950.42857
lie,20211229,62963.57143
lie,20211230,62973.14286
lie,20211231,62981.85714
lie,20220101,62990.57143
lie,20220102,62999.28571
lie,20220103,63087.28571
lie,20220104,63242.85714
lie,20220105,63472.42857
lie,20220106,63702
lie,20220107,63937
lie,20220108,64193.14286
lie,20220109,64449.28571
lie,20220110,64699.57143
lie,20220111,64949.42857
lie,20220112,65176.14286
lie,20220113,65449.85714
lie,20220114,65789.71429
lie,20220115,66108.42857
lie,20220116,66427.14286
lie,20220117,66731.14286
lie,20220118,66993.71429
lie,20220119,67239.28571
lie,20220120,67472.57143
lie,20220121,67685.14286
lie,20220122,67897.71429
lie,20220123,68110.28571
lie,20220124,68266.57143
lie,20220125,68393.28571
lie,20220126,68512.71429
lie,20220127,68597.42857
lie,20220128,68633
lie,20220129,68668.57143
lie,20220130,68704.14286
lie,20220131,68781.71429
lie,20220201,68892.71429
lie,20220202,68977.14286
lie,20220203,69061.57143
lie,20220204,69145.85714
lie,20220205,69245.85714
lie,20220206,69345.85714
lie,20220207,69416
lka,20210128,0
lka,20210129,2643
lka,20210130,14370.33333
lka,20210131,25566.25
lka,20210201,39563
lka,20210202,52763.66667
lka,20210203,65213.71429
lka,20210204,86117.57143
lka,20210205,107692.42857
lka,20210206,125167.14286
lka,20210207,139827
lka,20210208,150143
lka,20210209,158061
lka,20210210,163319.71429
lka,20210211,167856.85714
lka,20210212,171126.42857
lka,20210213,174913
lka,20210214,178852.42857
lka,20210215,182449
lka,20210216,185587.57143
lka,20210217,190399
lka,20210218,198311.14286
lka,20210219,210394.28571
lka,20210220,226994.71429
lka,20210221,248340.42857
lka,20210222,271399.57143
lka,20210223,295791.57143
lka,20210224,321943.57143
lka,20210226,346680.85714
lka,20210227,372137.57143
lka,20210228,395493.71429
lka,20210301,419851.71429
lka,20210302,448347.28571
lka,20210303,481645
lka,20210304,518433.85714
lka,20210305,560275
lka,20210306,600603.85714
lka,20210307,638205.57143
lka,20210308,670746.57143
lka,20210309,697882.85714
lka,20210310,719612.42857
lka,20210311,735120.57143
lka,20210312,743869.71429
lka,20210313,750459.71429
lka,20210314,756666.71429
lka,20210315,763443.57143
lka,20210316,771017.42857
lka,20210317,778781.85714
lka,20210318,786787.14286
lka,20210319,795895.42857
lka,20210320,804297.14286
lka,20210321,812419.14286
lka,20210322,820112.71429
lka,20210327,832594.42857
lka,20210328,845109.28571
lka,20210329,856363.57143
lka,20210330,867641.28571
lka,20210331,879641.14286
lka,20210401,892482.28571
lka,20210402,904710.71429
lka,20210404,910470
lka,20210406,914824.71429
lka,20210407,919156.42857
lka,20210409,922244.28571
lka,20210411,923961.85714
lka,20210429,925938.71429
lka,20210430,930154
lka,20210501,939699.71429
lka,20210502,952793.85714
lka,20210503,967121.14286
lka,20210504,984697
lka,20210505,1005352.14286
lka,20210506,1027423.85714
lka,20210507,1049121.14286
lka,20210509,1068327
lka,20210510,1084621.57143
lka,20210511,1104306.14286
lka,20210512,1128896.85714
lka,20210513,1163184.28571
lka,20210514,1205468
lka,20210516,1267813.57143
lka,20210517,1331289.28571
lka,20210518,1404817.85714
lka,20210519,1479165.42857
lka,20210520,1548747.57143
lka,20210521,1608306
lka,20210522,1660489.85714
lka,20210523,1692435.14286
lka,20210524,1721414.28571
lka,20210525,1741053.14286
lka,20210526,1755787.42857
lka,20210527,1767696.71429
lka,20210528,1782882.28571
lka,20210529,1797401.57143
lka,20210530,1812774.71429
lka,20210531,1839034.42857
lka,20210601,1876017
lka,20210602,1923347
lka,20210605,1992143
lka,20210606,2058402.42857
lka,20210607,2122757.85714
lka,20210608,2188558
lka,20210609,2248625
lka,20210610,2307147.57143
lka,20210611,2368107.57143
lka,20210612,2419599.85714
lka,20210613,2487102.57143
lka,20210614,2562671.28571
lka,20210615,2647902.85714
lka,20210616,2740860.85714
lka,20210617,2831138
lka,20210618,2916264.14286
lka,20210619,2999851.57143
lka,20210620,3070144.28571
lka,20210621,3137494.71429
lka,20210622,3193800
lka,20210624,3242271.85714
lka,20210628,3302725
lka,20210629,3364973.57143
lka,20210630,3432871.42857
lka,20210701,3519327.28571
lka,20210702,3624278.28571
lka,20210703,3738346.85714
lka,20210704,3855391.57143
lka,20210705,3957694
lka,20210707,4093830
lka,20210708,4240057.42857
lka,20210709,4393228.57143
lka,20210710,4549876.85714
lka,20210711,4720818.85714
lka,20210712,4899652
lka,20210713,5110375
lka,20210714,5325382.42857
lka,20210715,5570297.42857
lka,20210716,5836820.28571
lka,20210717,6110819.71429
lka,20210718,6386185.42857
lka,20210719,6660975.14286
lka,20210720,6929076.85714
lka,20210721,7188854.42857
lka,20210722,7418725.85714
lka,20210723,7629349.57143
lka,20210724,7827686
lka,20210725,8064911.14286
lka,20210726,8333342
lka,20210727,8640251.14286
lka,20210728,8964062.71429
lka,20210729,9345865.14286
lka,20210730,9769275.28571
lka,20210731,10244895.42857
lka,20210801,10700799.71429
lka,20210802,11142365.28571
lka,20210803,11576063.14286
lka,20210804,11996956.28571
lka,20210805,12361228.85714
lka,20210806,12677458
lka,20210807,12934868.28571
lka,20210808,13172918.14286
lka,20210812,13598469.28571
lka,20210815,14115554.14286
lka,20210816,14605660
lka,20210817,15108328.57143
lka,20210818,15603143.57143
lka,20210820,16102799.57143
lka,20210821,16648863.85714
lka,20210822,16991491.28571
lka,20210823,17189166.28571
lka,20210824,17395005
lka,20210825,17583245
lka,20210826,17786365.57143
lka,20210827,18022243.14286
lka,20210828,18247376.28571
lka,20210829,18482026.85714
lka,20210830,18730151.42857
lka,20210831,19043008.85714
lka,20210901,19405736.85714
lka,20210902,19806370
lka,20210903,20190155.42857
lka,20210904,20547898.14286
lka,20210905,20903510.28571
lka,20210906,21247858.85714
lka,20210907,21549431.42857
lka,20210908,21839350.14286
lka,20210909,22121784.71429
lka,20210910,22417560
lka,20210911,22718919.71429
lka,20210912,23027761.28571
lka,20210913,23337504
lka,20210914,23621527.28571
lka,20210915,23861811.42857
lka,20210916,24053255.42857
lka,20210917,24207792.57143
lka,20210918,24338041.85714
lka,20210919,24452491.85714
lka,20210920,24565200.42857
lka,20210921,24665333
lka,20210922,24774086.71429
lka,20210923,24899239.42857
lka,20210924,25046636
lka,20210925,25207265.85714
lka,20210926,25372665.71429
lka,20210927,25535014.14286
lka,20210928,25702016.71429
lka,20210929,25853579.28571
lka,20210930,25981250.14286
lka,20211001,26082423.71429
lka,20211002,26162897.71429
lka,20211003,26228921.85714
lka,20211004,26291606.14286
lka,20211005,26352738.42857
lka,20211006,26411416.14286
lka,20211007,26475677.42857
lka,20211008,26546181.28571
lka,20211009,26626601.85714
lka,20211010,26717221.28571
lka,20211011,26811624.42857
lka,20211012,26907845.71429
lka,20211013,27008240.28571
lka,20211014,27104787.71429
lka,20211015,27193459.57143
lka,20211016,27271815
lka,20211017,27341483.14286
lka,20211018,27407428.28571
lka,20211019,27465426.28571
lka,20211020,27514348.85714
lka,20211021,27554422.85714
lka,20211022,27609996.14286
lka,20211023,27678349.85714
lka,20211024,27757814.71429
lka,20211025,27840784.71429
lka,20211026,27934917.14286
lka,20211027,28047093.28571
lka,20211028,28181689.57143
lka,20211103,28377596.57143
lka,20211104,28559433.42857
lka,20211105,28723407.71429
lka,20211106,28888145.28571
lka,20211107,29047003.42857
lka,20211108,29185200
lka,20211109,29303220.57143
lka,20211110,29338801.42857
lka,20211111,29367816.57143
lka,20211113,29400610.42857
lka,20211114,29432729.71429
lka,20211115,29456724
lka,20211116,29482181
lka,20211117,29505437.71429
lka,20211118,29528485.42857
lka,20211119,29549268.57143
lka,20211120,29565789.14286
lka,20211121,29579146.28571
lka,20211122,29590152
lka,20211123,29600589.71429
lka,20211124,29610246.85714
lka,20211125,29618579.42857
lka,20211126,29626603.42857
lka,20211128,29636539.85714
lka,20211129,29644078.42857
lka,20211130,29651965
lka,20211201,29659169.85714
lka,20211202,29666251.28571
lka,20211203,29673485.28571
lka,20211205,29682439.42857
lka,20211206,29689203.28571
lka,20211207,29696139.28571
lka,20211208,29702636.42857
lka,20211209,29863107.71429
lka,20211211,30039080.42857
lka,20211212,30227579.28571
lka,20211213,30420060.28571
lka,20211214,30631466.85714
lka,20211215,30872745.71429
lka,20211216,31146182.85714
lka,20211217,31292113.71429
lka,20211218,31463788.85714
lka,20211219,31634713.42857
lka,20211220,31810389
lka,20211221,31989171
lka,20211222,32164056
lka,20211223,32331154.85714
lka,20211224,32490766.28571
lka,20211225,32631640.14286
lka,20211226,32770220
lka,20211227,32901506.42857
lka,20211228,33033864.42857
lka,20211229,33160422.42857
lka,20211230,33286588.42857
lka,20211231,33414743.28571
lka,20220101,33526714.85714
lka,20220102,33631611.28571
lka,20220103,33733740
lka,20220104,33817786.14286
lka,20220105,33886221
lka,20220106,33937747.85714
lka,20220107,33971975.28571
lka,20220108,34006991.85714
lka,20220109,34046221.85714
lka,20220110,34087060.14286
lka,20220111,34129643.71429
lka,20220113,34201037
lka,20220115,34294025
lka,20220116,34391969.14286
lka,20220117,34490134.71429
lka,20220118,34582908
lka,20220119,34686400.42857
lka,20220120,34793045.14286
lka,20220121,34879538.28571
lka,20220122,34946741.71429
lka,20220123,35011602.42857
lka,20220124,35069918
lka,20220125,35136502.71429
lka,20220126,35200272.14286
lka,20220127,35265623.85714
lka,20220128,35326715.85714
lka,20220129,35393020
lka,20220130,35464586.42857
lka,20220131,35540730.28571
lka,20220201,35621457.28571
lka,20220202,35713387.42857
lka,20220203,35813304.57143
lka,20220205,35954782.85714
lka,20220206,36090245.85714
lka,20220207,36224018.71429
lso,20210309,0
lso,20210417,8000
lso,20210518,17545.66667
lso,20210521,22349
lso,20210705,29143.6
lso,20210726,36444.33333
lso,20210825,46063.42857
lso,20210828,74891.28571
lso,20210920,120170.42857
lso,20210929,166362.28571
lso,20211010,215874
lso,20211117,296066.71429
lso,20211208,376485.71429
lso,20211216,459959.85714
lso,20211231,549814.71429
ltu,20201227,2417
ltu,20201228,3815.5
ltu,20201229,5275
ltu,20201230,6387.5
ltu,20201231,7061
ltu,20210101,7510
ltu,20210102,7830.71429
ltu,20210103,8879
ltu,20210104,9527.85714
ltu,20210105,9839.85714
ltu,20210106,10434.71429
ltu,20210107,11624.57143
ltu,20210108,13559.71429
ltu,20210109,15538.28571
ltu,20210110,17517.14286
ltu,20210111,19812.71429
ltu,20210112,22320.14286
ltu,20210113,25213.14286
ltu,20210114,28748.28571
ltu,20210115,32592.71429
ltu,20210116,36552
ltu,20210117,40673.85714
ltu,20210118,45126.85714
ltu,20210119,50175.28571
ltu,20210120,54831.28571
ltu,20210121,58474.28571
ltu,20210122,61119.14286
ltu,20210123,63606
ltu,20210124,65930
ltu,20210125,67621.57143
ltu,20210126,68868.57143
ltu,20210127,70611.42857
ltu,20210128,73146.14286
ltu,20210129,76783.85714
ltu,20210130,80513.28571
ltu,20210131,84244
ltu,20210201,88374.71429
ltu,20210202,92615.57143
ltu,20210203,96844.71429
ltu,20210204,101470.28571
ltu,20210205,105991.85714
ltu,20210206,110526.57143
ltu,20210207,115073.85714
ltu,20210208,119589.85714
ltu,20210209,123955.71429
ltu,20210210,128227.28571
ltu,20210211,132384
ltu,20210212,136534.14286
ltu,20210213,140643.42857
ltu,20210214,144739
ltu,20210215,149115.57143
ltu,20210216,153157.71429
ltu,20210217,157502.14286
ltu,20210218,162170.14286
ltu,20210219,167293
ltu,20210220,172496.14286
ltu,20210221,177699.57143
ltu,20210222,183020.28571
ltu,20210223,189504.85714
ltu,20210224,196484.42857
ltu,20210225,203537.71429
ltu,20210226,210526
ltu,20210227,217485.71429
ltu,20210228,224510.14286
ltu,20210301,231835.42857
ltu,20210302,239259.42857
ltu,20210303,246722.57143
ltu,20210304,254705.14286
ltu,20210305,263259.71429
ltu,20210306,271788
ltu,20210307,280251.71429
ltu,20210308,288912
ltu,20210309,297937.71429
ltu,20210310,307485
ltu,20210311,314977.71429
ltu,20210312,323030.57143
ltu,20210313,331243.71429
ltu,20210314,339460.71429
ltu,20210315,347546.57143
ltu,20210316,355389.57143
ltu,20210317,362501.42857
ltu,20210318,370654.42857
ltu,20210319,377568.28571
ltu,20210320,384338
ltu,20210321,391108.71429
ltu,20210322,397913.28571
ltu,20210323,405103.85714
ltu,20210324,413308.42857
ltu,20210325,422744
ltu,20210326,433205.57143
ltu,20210327,444012.28571
ltu,20210328,454840.57143
ltu,20210329,465612.28571
ltu,20210330,476386.14286
ltu,20210331,487615
ltu,20210401,499033.28571
ltu,20210402,510936.71429
ltu,20210403,523627.57143
ltu,20210404,536636
ltu,20210405,549050.42857
ltu,20210406,561718.28571
ltu,20210407,573230.71429
ltu,20210408,585976.57143
ltu,20210409,600672.85714
ltu,20210410,616366.28571
ltu,20210411,631963.14286
ltu,20210412,648282.85714
ltu,20210413,665195.85714
ltu,20210414,684121.28571
ltu,20210415,702508.71429
ltu,20210416,719030.71429
ltu,20210417,733677
ltu,20210418,748087.57143
ltu,20210419,762080
ltu,20210420,775560.57143
ltu,20210421,789022.85714
ltu,20210422,802912.57143
ltu,20210423,817403.14286
ltu,20210424,832187
ltu,20210425,846998
ltu,20210426,861855.42857
ltu,20210427,876395.71429
ltu,20210428,889306.42857
ltu,20210429,903145.85714
ltu,20210430,918854.28571
ltu,20210501,936165.28571
ltu,20210502,953544
ltu,20210503,971948.14286
ltu,20210504,992516.14286
ltu,20210505,1015832.42857
ltu,20210506,1039521.57143
ltu,20210507,1062538.28571
ltu,20210508,1085538.85714
ltu,20210509,1109452.28571
ltu,20210510,1134293
ltu,20210511,1158841.57143
ltu,20210512,1182962.42857
ltu,20210513,1206296.28571
ltu,20210514,1229380.42857
ltu,20210515,1251102.71429
ltu,20210516,1271877.14286
ltu,20210517,1292013
ltu,20210518,1311851.85714
ltu,20210519,1331840.85714
ltu,20210520,1352091.28571
ltu,20210521,1371437.71429
ltu,20210522,1391177
ltu,20210523,1411061.28571
ltu,20210524,1430679.85714
ltu,20210525,1450414.57143
ltu,20210526,1469569.57143
ltu,20210527,1488402.28571
ltu,20210528,1508112.57143
ltu,20210529,1527760.28571
ltu,20210530,1547275.85714
ltu,20210531,1567449.14286
ltu,20210601,1588665.28571
ltu,20210602,1611532
ltu,20210603,1635427.71429
ltu,20210604,1660759.42857
ltu,20210605,1687161.71429
ltu,20210606,1714281.71429
ltu,20210607,1741894.85714
ltu,20210608,1768685
ltu,20210609,1793713.28571
ltu,20210610,1817103.85714
ltu,20210611,1837911.42857
ltu,20210612,1857289.42857
ltu,20210613,1876464.71429
ltu,20210614,1895365.57143
ltu,20210615,1913963.57143
ltu,20210616,1932718.28571
ltu,20210617,1952024.71429
ltu,20210618,1971692.28571
ltu,20210619,1991441
ltu,20210620,2010741
ltu,20210621,2029528.85714
ltu,20210622,2048467.71429
ltu,20210623,2067217
ltu,20210624,2083284.85714
ltu,20210625,2099829.57143
ltu,20210626,2116649
ltu,20210627,2134206.71429
ltu,20210628,2152319.28571
ltu,20210629,2170368.57143
ltu,20210630,2187830.42857
ltu,20210701,2206297.71429
ltu,20210702,2223436.28571
ltu,20210703,2240184.85714
ltu,20210704,2256108.57143
ltu,20210705,2271048.14286
ltu,20210706,2283097.42857
ltu,20210707,2294120.71429
ltu,20210708,2305097.85714
ltu,20210709,2315327.57143
ltu,20210710,2325335.71429
ltu,20210711,2335321.14286
ltu,20210712,2345091.14286
ltu,20210713,2355606
ltu,20210714,2365056.57143
ltu,20210715,2373634.85714
ltu,20210716,2381936.85714
ltu,20210717,2390093.85714
ltu,20210718,2398428.42857
ltu,20210719,2406668.42857
ltu,20210720,2415141.28571
ltu,20210721,2424220.28571
ltu,20210722,2434172.57143
ltu,20210723,2444619.85714
ltu,20210724,2455175.14286
ltu,20210725,2465719
ltu,20210726,2477020.71429
ltu,20210727,2488831
ltu,20210728,2501184.57143
ltu,20210729,2514121.85714
ltu,20210730,2527110.85714
ltu,20210731,2540441.85714
ltu,20210801,2553972
ltu,20210802,2567475.57143
ltu,20210803,2580652.71429
ltu,20210804,2593687.71429
ltu,20210805,2607342
ltu,20210806,2621968.85714
ltu,20210807,2636629.85714
ltu,20210808,2651056.85714
ltu,20210809,2665772.85714
ltu,20210810,2681015.57143
ltu,20210811,2696589.28571
ltu,20210812,2711814.28571
ltu,20210813,2726549.28571
ltu,20210814,2740880.14286
ltu,20210815,2755161.57143
ltu,20210816,2769751.71429
ltu,20210817,2784426.14286
ltu,20210818,2799682.85714
ltu,20210819,2815049.71429
ltu,20210820,2830282.14286
ltu,20210821,2845447.14286
ltu,20210822,2860568.85714
ltu,20210823,2875058.42857
ltu,20210824,2889069.14286
ltu,20210825,2902150.85714
ltu,20210826,2914457.85714
ltu,20210827,2926472.14286
ltu,20210828,2938373.28571
ltu,20210829,2950259.57143
ltu,20210830,2961821.57143
ltu,20210831,2972976
ltu,20210901,2983372.14286
ltu,20210902,2993117.14286
ltu,20210903,3002206
ltu,20210904,3011277.14286
ltu,20210905,3020317.28571
ltu,20210906,3028875
ltu,20210907,3037222.57143
ltu,20210908,3045575.42857
ltu,20210909,3053813.14286
ltu,20210910,3062054.85714
ltu,20210911,3070254.71429
ltu,20210912,3078453.57143
ltu,20210913,3086741.14286
ltu,20210914,3095109.28571
ltu,20210915,3103401.14286
ltu,20210916,3111402.71429
ltu,20210917,3119236.14286
ltu,20210918,3127005.85714
ltu,20210919,3134773.85714
ltu,20210920,3142176.14286
ltu,20210921,3149291.71429
ltu,20210922,3156150.42857
ltu,20210923,3162805.71429
ltu,20210924,3169202.28571
ltu,20210925,3175567.85714
ltu,20210926,3181936.14286
ltu,20210927,3188186.28571
ltu,20210928,3194328.71429
ltu,20210929,3200374.57143
ltu,20210930,3206364.14286
ltu,20211001,3212298.42857
ltu,20211002,3218203.14286
ltu,20211003,3224135.57143
ltu,20211004,3230048.71429
ltu,20211005,3235862.57143
ltu,20211006,3241584.14286
ltu,20211007,3247136.57143
ltu,20211008,3252638.28571
ltu,20211009,3258146.42857
ltu,20211010,3263657.85714
ltu,20211011,3269030.85714
ltu,20211012,3274295.42857
ltu,20211013,3279443
ltu,20211014,3284504.42857
ltu,20211015,3289536.57143
ltu,20211016,3294572
ltu,20211017,3299606.42857
ltu,20211018,3304694.85714
ltu,20211019,3309786.14286
ltu,20211020,3315042.71429
ltu,20211021,3320559.42857
ltu,20211022,3326312.14286
ltu,20211023,3332071.42857
ltu,20211024,3337867.57143
ltu,20211025,3343869.14286
ltu,20211026,3350162.42857
ltu,20211027,3356586
ltu,20211028,3363017
ltu,20211029,3369467.85714
ltu,20211030,3375879.14286
ltu,20211031,3382273
ltu,20211101,3387540.28571
ltu,20211102,3391716.42857
ltu,20211103,3396313.28571
ltu,20211104,3401462.42857
ltu,20211105,3406933
ltu,20211106,3412499.85714
ltu,20211107,3418135.85714
ltu,20211108,3425078.57143
ltu,20211109,3433638
ltu,20211110,3442123.28571
ltu,20211111,3450803
ltu,20211112,3459816.14286
ltu,20211113,3468873.28571
ltu,20211114,3477916.14286
ltu,20211115,3487066.57143
ltu,20211116,3496182
ltu,20211117,3505878.14286
ltu,20211118,3516323.28571
ltu,20211119,3527510.42857
ltu,20211120,3538858.57143
ltu,20211121,3550243
ltu,20211122,3562254.28571
ltu,20211123,3574893.57143
ltu,20211124,3588033.57143
ltu,20211125,3601264.28571
ltu,20211126,3614627
ltu,20211127,3628231.71429
ltu,20211128,3641974.42857
ltu,20211129,3655708.57143
ltu,20211130,3669397.14286
ltu,20211201,3683168.42857
ltu,20211202,3697084
ltu,20211203,3711138.28571
ltu,20211204,3725176.57143
ltu,20211205,3739233.14286
ltu,20211206,3753480.42857
ltu,20211207,3768086.14286
ltu,20211208,3782767.57143
ltu,20211209,3797309.57143
ltu,20211210,3811914.14286
ltu,20211211,3826488.57143
ltu,20211212,3841063.14286
ltu,20211213,3855617.14286
ltu,20211214,3869956.42857
ltu,20211215,3884106.42857
ltu,20211216,3898265.57143
ltu,20211217,3912301
ltu,20211218,3926373.71429
ltu,20211219,3940477.57143
ltu,20211220,3954676
ltu,20211221,3968905.85714
ltu,20211222,3983040.85714
ltu,20211223,3996634.42857
ltu,20211224,4007231.57143
ltu,20211225,4017153.71429
ltu,20211226,4026761.42857
ltu,20211227,4037070.14286
ltu,20211228,4048225.85714
ltu,20211229,4059999.57143
ltu,20211230,4071942.57143
ltu,20211231,4084837.14286
ltu,20220101,4097731.71429
ltu,20220102,4110594.71429
ltu,20220103,4122940.28571
ltu,20220104,4134937.14286
ltu,20220105,4147001
ltu,20220106,4159748.85714
ltu,20220107,4174835.14286
ltu,20220108,4190586.42857
ltu,20220109,4206664
ltu,20220110,4222600.57143
ltu,20220111,4237802.85714
ltu,20220112,4251941.57143
ltu,20220113,4264871.85714
ltu,20220114,4276615.14286
ltu,20220115,4288145.57143
ltu,20220116,4299459.71429
ltu,20220117,4309777.42857
ltu,20220118,4319339.42857
ltu,20220119,4328163.57143
ltu,20220120,4336340.14286
ltu,20220121,4343882.14286
ltu,20220122,4351154.71429
ltu,20220123,4358322.28571
ltu,20220124,4365088.14286
ltu,20220125,4371434.71429
ltu,20220126,4377451.42857
ltu,20220127,4383156.14286
ltu,20220128,4388562.28571
ltu,20220129,4393933.14286
ltu,20220130,4399302.57143
ltu,20220131,4404208.85714
ltu,20220201,4408616.14286
ltu,20220202,4412486.57143
ltu,20220203,4415762.14286
ltu,20220204,4418360.57143
ltu,20220205,4420876.28571
ltu,20220206,4423386.28571
ltu,20220207,4425633.71429
ltu,20220208,4427652.71429
lux,20201228,452
lux,20201229,626
lux,20201230,834.33333
lux,20210106,963.5
lux,20210107,1070
lux,20210108,1176
lux,20210111,1286.28571
lux,20210112,1561.42857
lux,20210113,1858
lux,20210114,2141.85714
lux,20210115,2474.71429
lux,20210116,2798.14286
lux,20210118,3207.85714
lux,20210119,3686.42857
lux,20210120,4232.14286
lux,20210121,4807.42857
lux,20210122,5428.42857
lux,20210123,6005.14286
lux,20210125,6690.85714
lux,20210126,7398.57143
lux,20210127,8134.85714
lux,20210128,8874.42857
lux,20210129,9646.42857
lux,20210130,10339.14286
lux,20210201,11128.57143
lux,20210202,11942.42857
lux,20210203,12783.57143
lux,20210204,13637.28571
lux,20210205,14504.28571
lux,20210206,15266
lux,20210208,16082.57143
lux,20210209,16856.85714
lux,20210210,17668
lux,20210211,18523.28571
lux,20210212,19401.14286
lux,20210213,20181.71429
lux,20210215,21095.71429
lux,20210216,22207.42857
lux,20210217,23417.28571
lux,20210218,24704.71429
lux,20210219,26014.42857
lux,20210220,27217.71429
lux,20210222,28508
lux,20210223,29843.42857
lux,20210224,31106.85714
lux,20210225,32386
lux,20210226,33591.28571
lux,20210227,34625.14286
lux,20210301,35788
lux,20210302,37008.14286
lux,20210303,38258.57143
lux,20210304,39603.42857
lux,20210305,41018.85714
lux,20210306,42353.85714
lux,20210308,43743.42857
lux,20210309,45149.42857
lux,20210310,46719.71429
lux,20210311,48541.42857
lux,20210312,50484.85714
lux,20210313,52352.42857
lux,20210315,54361.14286
lux,20210316,56725.14286
lux,20210317,59323.85714
lux,20210318,62021.85714
lux,20210319,64639.28571
lux,20210320,66993.57143
lux,20210322,69349.14286
lux,20210323,71810.57143
lux,20210324,74135.42857
lux,20210325,76351.57143
lux,20210326,78472.42857
lux,20210327,80383
lux,20210329,82589.28571
lux,20210330,85025.28571
lux,20210331,87550.14286
lux,20210401,90269
lux,20210402,93145.71429
lux,20210403,96104.57143
lux,20210405,99302.85714
lux,20210406,102601.28571
lux,20210407,106113
lux,20210408,109873.14286
lux,20210409,113813.42857
lux,20210410,117746.71429
lux,20210412,121926.14286
lux,20210413,126564.42857
lux,20210414,131536.85714
lux,20210415,136727.14286
lux,20210416,142041
lux,20210417,147358.14286
lux,20210419,152396
lux,20210420,156917.57143
lux,20210421,161017.85714
lux,20210422,164681.42857
lux,20210423,167970.14286
lux,20210424,170784.57143
lux,20210425,172888
lux,20210426,175029.71429
lux,20210427,177201.57143
lux,20210428,179550.85714
lux,20210429,182161.42857
lux,20210430,184981.85714
lux,20210501,188090.14286
lux,20210503,192077.28571
lux,20210504,196755.42857
lux,20210505,202233.14286
lux,20210506,208068.85714
lux,20210507,214198.71429
lux,20210508,220643.28571
lux,20210510,227494
lux,20210511,234492.57143
lux,20210512,241589.42857
lux,20210513,248682.28571
lux,20210514,255836.14286
lux,20210515,263066.57143
lux,20210517,270245.57143
lux,20210518,277227.14286
lux,20210519,284140.85714
lux,20210520,290819
lux,20210521,297289.71429
lux,20210522,303364.57143
lux,20210523,308362.71429
lux,20210524,312828
lux,20210525,316765.42857
lux,20210526,320384.57143
lux,20210527,323976.42857
lux,20210528,327544.28571
lux,20210529,331214.28571
lux,20210530,334884.14286
lux,20210531,338927.28571
lux,20210601,343416.28571
lux,20210602,348493
lux,20210603,354026.28571
lux,20210604,360014.57143
lux,20210605,366293
lux,20210607,373796
lux,20210608,381729.57143
lux,20210609,390025.14286
lux,20210610,398336
lux,20210611,406626.28571
lux,20210612,414858.42857
lux,20210614,423013.85714
lux,20210615,430803.28571
lux,20210616,438518.71429
lux,20210617,446232.71429
lux,20210618,453636.14286
lux,20210619,461069.71429
lux,20210621,468511
lux,20210622,476078
lux,20210623,483708.57143
lux,20210624,491142
lux,20210625,498503.14286
lux,20210626,506034.57143
lux,20210627,512331.57143
lux,20210628,518497.28571
lux,20210629,524678.71429
lux,20210630,531214.71429
lux,20210701,538065.28571
lux,20210702,545105.71429
lux,20210703,552253.85714
lux,20210704,559402
lux,20210705,566617.85714
lux,20210706,573768.28571
lux,20210707,580518.28571
lux,20210708,586710
lux,20210709,592386.57143
lux,20210710,597654.71429
lux,20210711,602922.85714
lux,20210712,607971.42857
lux,20210713,612681.57143
lux,20210714,617597.14286
lux,20210715,622747.14286
lux,20210716,628072.85714
lux,20210717,633542.71429
lux,20210719,639862.14286
lux,20210720,646054.85714
lux,20210721,652147
lux,20210722,657776.42857
lux,20210723,663208.28571
lux,20210724,668533.57143
lux,20210725,672912
lux,20210726,677310.28571
lux,20210727,681665.85714
lux,20210728,685884.42857
lux,20210729,690022.14286
lux,20210730,693958.42857
lux,20210731,697777
lux,20210802,702253
lux,20210803,706478.14286
lux,20210804,710491.57143
lux,20210805,714466.42857
lux,20210806,718340.71429
lux,20210807,722179.85714
lux,20210808,725357
lux,20210809,728280.85714
lux,20210810,730925.28571
lux,20210811,733375.14286
lux,20210812,735616.71429
lux,20210813,737675.42857
lux,20210814,739527.14286
lux,20210816,741592.28571
lux,20210817,743461.71429
lux,20210818,745166.42857
lux,20210819,746739.85714
lux,20210820,748253
lux,20210821,749689.71429
lux,20210822,750849.57143
lux,20210823,751937.85714
lux,20210824,753006.71429
lux,20210825,754063.42857
lux,20210826,755084.71429
lux,20210827,756108.28571
lux,20210828,757111.57143
lux,20210830,758258.28571
lux,20210831,759452.42857
lux,20210901,760601.28571
lux,20210902,761739.71429
lux,20210903,762916.28571
lux,20210904,764029.28571
lux,20210905,764996.85714
lux,20210906,765934.28571
lux,20210907,766842.14286
lux,20210908,767730.28571
lux,20210909,768604.14286
lux,20210910,769455.85714
lux,20210911,770327.57143
lux,20210912,771191.42857
lux,20210913,771938.42857
lux,20210914,772746.42857
lux,20210915,773560.71429
lux,20210916,774373.85714
lux,20210917,775221.71429
lux,20210918,775980.42857
lux,20210919,776751.28571
lux,20210920,777531.14286
lux,20210921,778277
lux,20210922,778996
lux,20210923,779678.57143
lux,20210924,780307.85714
lux,20210925,781017.14286
lux,20210926,781721.42857
lux,20210927,782507
lux,20210928,783416.85714
lux,20210929,784420.71429
lux,20210930,785533.85714
lux,20211001,786785
lux,20211002,788028.14286
lux,20211003,789266.71429
lux,20211004,790478.71429
lux,20211005,791577
lux,20211006,792579.85714
lux,20211007,793494
lux,20211008,794321.57143
lux,20211009,795164.14286
lux,20211010,796000.14286
lux,20211011,796772.85714
lux,20211012,797600.42857
lux,20211013,798481
lux,20211014,799419.71429
lux,20211015,800368.85714
lux,20211016,801378.71429
lux,20211018,802581.71429
lux,20211019,804030
lux,20211020,805505.85714
lux,20211021,807079.57143
lux,20211022,808814.42857
lux,20211023,810527.42857
lux,20211024,812045.14286
lux,20211025,813584.71429
lux,20211026,815326.85714
lux,20211027,817224.14286
lux,20211028,819271.14286
lux,20211029,821425.71429
lux,20211030,823691.85714
lux,20211101,825953.57143
lux,20211102,828512.85714
lux,20211103,831029.28571
lux,20211104,833490.28571
lux,20211105,835959.42857
lux,20211106,838232.28571
lux,20211107,840213.85714
lux,20211108,842414.57143
lux,20211109,844505
lux,20211110,846491
lux,20211111,848426.71429
lux,20211112,850312.57143
lux,20211113,852243.42857
lux,20211114,854171.57143
lux,20211115,856201.28571
lux,20211116,858211.85714
lux,20211117,860319.57143
lux,20211118,862555.71429
lux,20211119,865052
lux,20211120,867640.42857
lux,20211121,870231.42857
lux,20211122,872939.57143
lux,20211123,875972.85714
lux,20211124,879336.85714
lux,20211125,882968.28571
lux,20211126,886764.42857
lux,20211127,890579.42857
lux,20211128,894394.57143
lux,20211130,899260.57143
lux,20211201,904283.42857
lux,20211202,909440
lux,20211203,914819.71429
lux,20211204,919933
lux,20211205,924652.57143
lux,20211206,929927.57143
lux,20211207,934650.85714
lux,20211208,939468.85714
lux,20211209,944347.85714
lux,20211210,949365.42857
lux,20211211,954472
lux,20211212,959636.14286
lux,20211213,964795.42857
lux,20211214,970026.57143
lux,20211215,975443.28571
lux,20211216,981130.28571
lux,20211217,986989.85714
lux,20211218,992861.42857
lux,20211219,998681.28571
lux,20211220,1004567.57143
lux,20211221,1010597.28571
lux,20211222,1016573.85714
lux,20211223,1022424
lux,20211224,1027557.42857
lux,20211225,1032072.85714
lux,20211226,1036577.57143
lux,20211227,1041061.85714
lux,20211228,1045516
lux,20211229,1049983.42857
lux,20211230,1054390.57143
lux,20211231,1058826
lux,20220102,1063262.28571
lux,20220103,1068325.42857
lux,20220104,1073969.71429
lux,20220105,1079668.71429
lux,20220106,1085428.42857
lux,20220107,1091412.57143
lux,20220108,1097412.14286
lux,20220109,1103413.85714
lux,20220110,1109492
lux,20220111,1115731.14286
lux,20220112,1122101.28571
lux,20220113,1128639
lux,20220114,1135346.71429
lux,20220115,1142118
lux,20220116,1148886.42857
lux,20220117,1155583.85714
lux,20220118,1162169.71429
lux,20220119,1168575
lux,20220120,1174705.57143
lux,20220121,1180570
lux,20220122,1186381.14286
lux,20220124,1192614.14286
lux,20220125,1198859.85714
lux,20220126,1204379.57143
lux,20220127,1209304.71429
lux,20220128,1213839.14286
lux,20220129,1217669
lux,20220131,1221198.14286
lux,20220201,1224717.42857
lux,20220202,1227969.85714
lux,20220203,1231108.28571
lux,20220204,1234216.42857
lux,20220205,1237035.14286
lva,20201204,1
lva,20201207,1.5
lva,20201209,2
lva,20201215,2.5
lva,20201216,3
lva,20201217,3.5
lva,20201218,4.42857
lva,20201220,6.28571
lva,20201221,8.57143
lva,20201222,11.42857
lva,20201223,14.71429
lva,20201224,18.28571
lva,20201226,22.14286
lva,20201227,26.14286
lva,20201228,116.14286
lva,20201229,331.14286
lva,20201230,660
lva,20201231,989.28571
lva,20210101,1319.14286
lva,20210102,1648.85714
lva,20210103,1978.42857
lva,20210104,2322.71429
lva,20210105,2669.57143
lva,20210106,3013.85714
lva,20210107,3473.28571
lva,20210108,4063.28571
lva,20210109,4697.42857
lva,20210110,5379.28571
lva,20210111,6156.57143
lva,20210112,7040.14286
lva,20210113,8029.42857
lva,20210114,9166.28571
lva,20210115,10440.28571
lva,20210116,11766.42857
lva,20210117,13062.42857
lva,20210118,14284.57143
lva,20210119,15399.28571
lva,20210120,16409.14286
lva,20210121,17197.42857
lva,20210122,17750.14286
lva,20210123,18225.71429
lva,20210124,18683.85714
lva,20210125,19116.71429
lva,20210126,19547.14286
lva,20210127,19984.14286
lva,20210128,20492.71429
lva,20210129,21106.57143
lva,20210130,21746.85714
lva,20210131,22436.42857
lva,20210201,23199.71429
lva,20210202,24099.85714
lva,20210203,25114.42857
lva,20210204,26231.85714
lva,20210205,27450.57143
lva,20210206,28706.14286
lva,20210207,29930.71429
lva,20210208,31044.28571
lva,20210209,31924.14286
lva,20210210,32663.71429
lva,20210211,33444.57143
lva,20210212,34236.14286
lva,20210213,35003.42857
lva,20210214,35756.14286
lva,20210215,36575.28571
lva,20210216,37567.71429
lva,20210217,38755.71429
lva,20210218,39909.85714
lva,20210219,41011.85714
lva,20210220,42164.28571
lva,20210221,43429.42857
lva,20210222,44825.14286
lva,20210223,46367.14286
lva,20210224,48240.14286
lva,20210225,50491.57143
lva,20210226,53031.57143
lva,20210227,55549.14286
lva,20210228,57969.57143
lva,20210301,60389.42857
lva,20210302,62776.57143
lva,20210303,65142
lva,20210304,67772.85714
lva,20210305,70615.57143
lva,20210306,73486.42857
lva,20210307,76351
lva,20210308,79206.85714
lva,20210309,82089.71429
lva,20210310,84734.85714
lva,20210311,86899.71429
lva,20210312,89087.71429
lva,20210313,91296.14286
lva,20210314,93502.42857
lva,20210315,96003.42857
lva,20210316,98194.85714
lva,20210317,100054.14286
lva,20210318,101569.57143
lva,20210319,102476.14286
lva,20210320,103309.42857
lva,20210321,104137.71429
lva,20210322,104813.42857
lva,20210323,106260.85714
lva,20210324,108573
lva,20210325,111620
lva,20210326,115132.57143
lva,20210327,118670.57143
lva,20210328,122208.14286
lva,20210329,125663.42857
lva,20210330,129039.71429
lva,20210331,132358.42857
lva,20210401,135502.14286
lva,20210402,138152.71429
lva,20210403,141203.14286
lva,20210404,144481
lva,20210405,147863.57143
lva,20210406,151301.28571
lva,20210407,155233
lva,20210408,159579.71429
lva,20210409,164549.14286
lva,20210410,169276.42857
lva,20210411,173785.71429
lva,20210412,178234
lva,20210413,182440.28571
lva,20210414,186227.14286
lva,20210415,189850.71429
lva,20210416,194075
lva,20210417,198952.28571
lva,20210418,203948.42857
lva,20210419,209168.42857
lva,20210420,214913.85714
lva,20210421,221215.28571
lva,20210422,228077.14286
lva,20210423,235178.14286
lva,20210424,242272.57143
lva,20210425,249432.85714
lva,20210426,256675
lva,20210427,263933.57143
lva,20210428,271838
lva,20210429,280387.71429
lva,20210430,289043.42857
lva,20210501,297787.57143
lva,20210502,306562.71429
lva,20210503,315106.85714
lva,20210504,323840.85714
lva,20210505,332861
lva,20210506,342918.85714
lva,20210507,354190.42857
lva,20210508,366246.28571
lva,20210509,378305.28571
lva,20210510,391297.71429
lva,20210511,405599.28571
lva,20210512,420734.28571
lva,20210513,435921.71429
lva,20210514,451301.42857
lva,20210515,466825.71429
lva,20210516,482836.85714
lva,20210517,499158.85714
lva,20210518,515321.57143
lva,20210519,531478.85714
lva,20210520,547470.57143
lva,20210521,563286
lva,20210522,578963.85714
lva,20210523,594327.85714
lva,20210524,609695.42857
lva,20210525,625587.71429
lva,20210526,641396
lva,20210527,657363.28571
lva,20210528,673996.85714
lva,20210529,690557.85714
lva,20210530,707305.42857
lva,20210531,724243.14286
lva,20210601,741277.85714
lva,20210602,758316.14286
lva,20210603,775333.28571
lva,20210604,791660.71429
lva,20210605,807901.71429
lva,20210606,824296.85714
lva,20210607,840953.71429
lva,20210608,857161.71429
lva,20210609,872851.85714
lva,20210610,887850.85714
lva,20210611,902471
lva,20210612,916662.71429
lva,20210613,930342.85714
lva,20210614,943383.42857
lva,20210615,955684.57143
lva,20210616,967633.14286
lva,20210617,979045.71429
lva,20210618,990449
lva,20210619,1001881.71429
lva,20210620,1013578
lva,20210621,1025563.14286
lva,20210622,1037161.71429
lva,20210623,1046539.14286
lva,20210624,1054038
lva,20210625,1059498.42857
lva,20210626,1064208.14286
lva,20210627,1068746
lva,20210628,1073725.57143
lva,20210629,1079301
lva,20210630,1086932.28571
lva,20210701,1096234
lva,20210702,1106883
lva,20210703,1118306.71429
lva,20210704,1129721.57143
lva,20210705,1140027.85714
lva,20210706,1149550.14286
lva,20210707,1158420
lva,20210708,1166846.14286
lva,20210709,1175111.85714
lva,20210710,1183294.57143
lva,20210711,1191454.14286
lva,20210712,1199434.28571
lva,20210713,1207086.57143
lva,20210714,1214127.14286
lva,20210715,1220613.28571
lva,20210716,1226294
lva,20210717,1231345.28571
lva,20210718,1236283.14286
lva,20210719,1241023.71429
lva,20210720,1245788.85714
lva,20210721,1250765.28571
lva,20210722,1255989.71429
lva,20210723,1261300.57143
lva,20210724,1266766.71429
lva,20210725,1272247.14286
lva,20210726,1277816.14286
lva,20210727,1283310
lva,20210728,1288743.28571
lva,20210729,1294030.71429
lva,20210730,1299407.85714
lva,20210731,1304655.85714
lva,20210801,1309910.57143
lva,20210802,1315042.42857
lva,20210803,1320184.42857
lva,20210804,1325266.14286
lva,20210805,1330303.85714
lva,20210806,1335289.14286
lva,20210807,1340316.85714
lva,20210808,1345300.14286
lva,20210809,1350268
lva,20210810,1355183.42857
lva,20210811,1360239.85714
lva,20210812,1365310.85714
lva,20210813,1370382.14286
lva,20210814,1375418.85714
lva,20210815,1380476.85714
lva,20210816,1385538.71429
lva,20210817,1390605.42857
lva,20210818,1395651.85714
lva,20210819,1400748.85714
lva,20210820,1405916.42857
lva,20210821,1411062.42857
lva,20210822,1416212.42857
lva,20210823,1421430.71429
lva,20210824,1426663.42857
lva,20210825,1431810
lva,20210826,1436937.14286
lva,20210827,1442098.42857
lva,20210828,1447217.28571
lva,20210829,1452317
lva,20210830,1457500.14286
lva,20210831,1462691.28571
lva,20210901,1467735
lva,20210902,1472757.42857
lva,20210903,1477667.42857
lva,20210904,1482592.28571
lva,20210905,1487496.57143
lva,20210906,1492189.71429
lva,20210907,1496719.85714
lva,20210908,1501425.42857
lva,20210909,1506190
lva,20210910,1510975.42857
lva,20210911,1515667
lva,20210912,1520362.71429
lva,20210913,1525100.71429
lva,20210914,1529860.42857
lva,20210915,1534494.57143
lva,20210916,1539125.85714
lva,20210917,1543854.42857
lva,20210918,1548774.42857
lva,20210919,1553697.57143
lva,20210920,1558673.28571
lva,20210921,1563815.85714
lva,20210922,1569022.14286
lva,20210923,1574397.14286
lva,20210924,1580021.85714
lva,20210925,1585900.85714
lva,20210926,1591867
lva,20210927,1598041.14286
lva,20210928,1604246.42857
lva,20210929,1610658.28571
lva,20210930,1617245.85714
lva,20211001,1623791.14286
lva,20211002,1630144.71429
lva,20211003,1636554.42857
lva,20211004,1642847.28571
lva,20211005,1649234.71429
lva,20211006,1655661.28571
lva,20211007,1662005
lva,20211008,1668644.14286
lva,20211009,1675761.28571
lva,20211010,1683076.28571
lva,20211011,1690885.42857
lva,20211012,1699353
lva,20211013,1708688.71429
lva,20211014,1718948.57143
lva,20211015,1730185.57143
lva,20211016,1742083.71429
lva,20211017,1754202.42857
lva,20211018,1766900.42857
lva,20211019,1779932.85714
lva,20211020,1793055.14286
lva,20211021,1806445.14286
lva,20211022,1819741.57143
lva,20211023,1832704.71429
lva,20211024,1845405.85714
lva,20211025,1857901
lva,20211026,1870225
lva,20211027,1882455.42857
lva,20211028,1894428.85714
lva,20211029,1906277.42857
lva,20211030,1917971.71429
lva,20211031,1929621.57143
lva,20211101,1941211.28571
lva,20211102,1952943
lva,20211103,1964851.85714
lva,20211104,1976852
lva,20211105,1988913.28571
lva,20211106,2001114.57143
lva,20211107,2013423.57143
lva,20211108,2026006.85714
lva,20211109,2038683.28571
lva,20211110,2051325.14286
lva,20211111,2064023
lva,20211112,2076444.28571
lva,20211113,2088866.85714
lva,20211114,2101189.42857
lva,20211115,2113119.28571
lva,20211116,2124624.71429
lva,20211117,2135898.71429
lva,20211118,2145187.57143
lva,20211119,2153255
lva,20211120,2160752.28571
lva,20211121,2168102.85714
lva,20211122,2175493.28571
lva,20211123,2182879.57143
lva,20211124,2190085.28571
lva,20211125,2198805.57143
lva,20211126,2208639.42857
lva,20211127,2218519
lva,20211128,2228449.71429
lva,20211129,2238249.71429
lva,20211130,2248035.85714
lva,20211201,2257883.71429
lva,20211202,2267828.85714
lva,20211203,2277765.14286
lva,20211204,2287770
lva,20211205,2297746.57143
lva,20211206,2307709.28571
lva,20211207,2317911.71429
lva,20211208,2328216.28571
lva,20211209,2338572.28571
lva,20211210,2348966.57143
lva,20211211,2359339.14286
lva,20211212,2369712.14286
lva,20211213,2380006.28571
lva,20211214,2390336.14286
lva,20211215,2400783.14286
lva,20211216,2411213.42857
lva,20211217,2421573
lva,20211218,2431760.85714
lva,20211219,2441887.71429
lva,20211220,2452171.71429
lva,20211221,2462389.57143
lva,20211222,2472482
lva,20211223,2481967.42857
lva,20211224,2489532.14286
lva,20211225,2496361.14286
lva,20211226,2503022.71429
lva,20211227,2509712.57143
lva,20211228,2516338.28571
lva,20211229,2522785.71429
lva,20211230,2529046.42857
lva,20211231,2535293.14286
lva,20220101,2541474
lva,20220102,2547776.28571
lva,20220103,2553769.57143
lva,20220104,2559679.85714
lva,20220105,2565696.57143
lva,20220106,2572610.71429
lva,20220107,2581717.28571
lva,20220108,2591947.14286
lva,20220109,2602245
lva,20220110,2612685.85714
lva,20220111,2623168.42857
lva,20220112,2633499.42857
lva,20220113,2643485
lva,20220114,2653168.14286
lva,20220115,2662447
lva,20220116,2671715.42857
lva,20220117,2680676
lva,20220118,2689261.85714
lva,20220119,2697573
lva,20220120,2705610.14286
lva,20220121,2713162.57143
lva,20220122,2720588.57143
lva,20220123,2727960.71429
lva,20220124,2735072.71429
lva,20220125,2741791.57143
lva,20220126,2748110.57143
lva,20220127,2754046.14286
lva,20220128,2759716
lva,20220129,2765283.71429
lva,20220130,2770804.14286
lva,20220131,2776040.57143
lva,20220201,2780915.57143
lva,20220202,2785413.71429
lva,20220203,2789616
lva,20220204,2793435.57143
lva,20220205,2797041.42857
lva,20220206,2800564.14286
lva,20220207,2803940.42857
lva,20220208,2807090.42857
mac,20210208,0
mac,20210209,297.5
mac,20210217,865
mac,20210222,1573.75
mac,20210224,3115.8
mac,20210225,4378.33333
mac,20210226,5464.57143
mac,20210228,7525.42857
mac,20210301,9596.71429
mac,20210302,11603
mac,20210303,13513.14286
mac,20210304,14772.28571
mac,20210305,15963.28571
mac,20210306,17139.85714
mac,20210307,18087
mac,20210308,19050.71429
mac,20210309,20025.14286
mac,20210310,21020.71429
mac,20210311,22063
mac,20210312,23121.85714
mac,20210313,24181.71429
mac,20210314,25283.28571
mac,20210315,26425.14286
mac,20210316,27574.85714
mac,20210317,28693
mac,20210318,29756.85714
mac,20210319,30826.42857
mac,20210320,31917
mac,20210321,33015.85714
mac,20210322,34140.71429
mac,20210323,35332.71429
mac,20210324,36594.71429
mac,20210325,37895.71429
mac,20210326,39222
mac,20210327,40598.71429
mac,20210328,42002.57143
mac,20210329,43399.14286
mac,20210330,44835
mac,20210331,46308.71429
mac,20210401,47855
mac,20210402,49342.85714
mac,20210403,50742.28571
mac,20210404,52123
mac,20210405,53415.42857
mac,20210406,54550.14286
mac,20210407,55644.28571
mac,20210408,56788
mac,20210409,58111.85714
mac,20210410,59656.14286
mac,20210411,61296.14286
mac,20210412,63098.85714
mac,20210413,65091
mac,20210414,67151.57143
mac,20210415,69195.71429
mac,20210416,71244.71429
mac,20210417,73302.85714
mac,20210418,75368.85714
mac,20210419,77384.28571
mac,20210420,79357.85714
mac,20210421,81294
mac,20210422,83180.42857
mac,20210423,85012.85714
mac,20210424,86704.57143
mac,20210425,88389.57143
mac,20210426,90157
mac,20210427,92015.57143
mac,20210428,93987.14286
mac,20210429,96008.85714
mac,20210430,98019.28571
mac,20210501,100081.28571
mac,20210502,102085
mac,20210503,103877.14286
mac,20210504,105482
mac,20210505,106981.71429
mac,20210506,108453.71429
mac,20210507,109944.57143
mac,20210508,111471.42857
mac,20210509,113039
mac,20210510,114770.42857
mac,20210511,116632.28571
mac,20210512,118523.85714
mac,20210513,120437.14286
mac,20210514,122376.42857
mac,20210515,124358.71429
mac,20210516,126390.57143
mac,20210517,128432.28571
mac,20210518,130517.85714
mac,20210519,132549.42857
mac,20210520,134546.57143
mac,20210521,136654.14286
mac,20210522,138858.14286
mac,20210523,141127.14286
mac,20210524,143527.57143
mac,20210525,146078.42857
mac,20210526,148771.14286
mac,20210527,151541
mac,20210528,154372.85714
mac,20210529,157325.28571
mac,20210531,160841.14286
mac,20210601,164635.57143
mac,20210602,168667.85714
mac,20210603,173009.14286
mac,20210604,177744.85714
mac,20210605,182896
mac,20210606,188178.42857
mac,20210607,193270.85714
mac,20210608,198674.42857
mac,20210609,204404.85714
mac,20210610,210502.57143
mac,20210611,216870.57143
mac,20210612,223472.42857
mac,20210613,230194.71429
mac,20210614,236838.28571
mac,20210615,243331.57143
mac,20210616,249711
mac,20210617,255911.28571
mac,20210618,262010.57143
mac,20210619,267974.28571
mac,20210620,273846.57143
mac,20210621,279741
mac,20210622,285619.71429
mac,20210623,291300.85714
mac,20210624,296755.28571
mac,20210625,301973.14286
mac,20210626,306941.85714
mac,20210627,311716.57143
mac,20210628,316384.85714
mac,20210629,321062.85714
mac,20210630,325797
mac,20210701,330865.14286
mac,20210702,336308.14286
mac,20210703,342090.28571
mac,20210704,348167.42857
mac,20210705,354510.71429
mac,20210706,361075.14286
mac,20210707,367829.42857
mac,20210708,374617
mac,20210709,381327.71429
mac,20210710,387868.28571
mac,20210711,394179.28571
mac,20210712,400407.57143
mac,20210713,406526
mac,20210714,412426.42857
mac,20210715,418114.57143
mac,20210716,423688.42857
mac,20210717,429279.28571
mac,20210718,434934.42857
mac,20210719,440507.85714
mac,20210720,445940.14286
mac,20210721,451235.57143
mac,20210722,456389.71429
mac,20210723,461320.28571
mac,20210724,466108.71429
mac,20210725,470737
mac,20210726,475343.57143
mac,20210727,479780.14286
mac,20210728,484173.28571
mac,20210729,488495.57143
mac,20210730,492819.71429
mac,20210731,497008.14286
mac,20210801,501168.14286
mac,20210802,505113.57143
mac,20210803,508904.14286
mac,20210804,512522.42857
mac,20210805,515658.85714
mac,20210808,518669.42857
mac,20210809,521749.85714
mac,20210811,525585.28571
mac,20210812,529427.85714
mac,20210813,533489.57143
mac,20210816,539013.71429
mac,20210818,545563.28571
mac,20210823,553589.85714
mac,20210830,563166.85714
mac,20210902,572176.14286
mac,20210906,581386
mac,20210913,591879.85714
mac,20210916,602169.28571
mac,20210920,613698
mac,20210929,625826.14286
mac,20210930,636399.85714
mac,20211001,646948.71429
mac,20211003,657930.14286
mac,20211016,674868.28571
mac,20211018,691789.28571
mac,20211025,711875.85714
mac,20211104,733886.14286
mac,20211122,765487.71429
mac,20211123,796919.14286
mac,20211124,827679.71429
mac,20211126,851460.28571
mac,20211128,874484.71429
mac,20211130,892884.85714
mac,20211202,907521.14286
mac,20211203,912219.85714
mac,20211204,916791.85714
mac,20211205,921201.42857
mac,20211207,925278
mac,20211209,928978.85714
mac,20211211,932301.14286
mac,20211213,935434.71429
mac,20211215,938792.85714
mac,20211216,942115.28571
mac,20211217,945467.28571
mac,20211218,948492.85714
mac,20211220,951371.14286
mac,20211222,953970.28571
mac,20211223,956417
mac,20211225,958588
mac,20211227,960740.71429
mac,20211229,963115.28571
mac,20211230,965465
mac,20220101,967779.85714
mac,20220102,969988
mac,20220103,972015.57143
mac,20220104,973996
mac,20220105,975924.71429
mac,20220106,977597.85714
mac,20220107,979350.14286
mac,20220109,981429
mac,20220110,983749.28571
mac,20220111,986214
mac,20220112,988771.85714
mac,20220113,991435.14286
mac,20220114,994254.71429
mac,20220115,997184.42857
mac,20220116,999814
mac,20220117,1002441.28571
mac,20220118,1005057.14286
mac,20220119,1007633.14286
mac,20220120,1010194.28571
mac,20220121,1012768.14286
mac,20220122,1015355.42857
mac,20220123,1017947.57143
mac,20220124,1020544.28571
mac,20220125,1023150
mac,20220126,1025763.71429
mac,20220127,1028325
mac,20220128,1030761.57143
mac,20220129,1033013.71429
mac,20220131,1035221.85714
mac,20220201,1037083.71429
mac,20220202,1038637.14286
mac,20220203,1039916.14286
mac,20220204,1041020.85714
mac,20220206,1042150.71429
mac,20220208,1043526.14286
mar,20210128,0
mar,20210130,45000
mar,20210131,72000
mar,20210201,104020.25
mar,20210202,134674.4
mar,20210203,163628.33333
mar,20210204,190499
mar,20210205,248818.28571
mar,20210206,302242
mar,20210208,362834.71429
mar,20210209,422134.71429
mar,20210210,491966.85714
mar,20210211,570098.28571
mar,20210212,678724
mar,20210213,818767.42857
mar,20210215,996356.71429
mar,20210216,1189788.14286
mar,20210217,1399192.71429
mar,20210218,1611622.28571
mar,20210219,1826884
mar,20210220,2019611
mar,20210222,2189203.14286
mar,20210223,2326346
mar,20210224,2475599.71429
mar,20210225,2636041.42857
mar,20210226,2806208.85714
mar,20210227,2982745
mar,20210301,3174239
mar,20210302,3370759.14286
mar,20210303,3576297.85714
mar,20210304,3759752.71429
mar,20210305,3927399
mar,20210306,4080007.85714
mar,20210308,4225063.42857
mar,20210309,4358284.85714
mar,20210310,4498707.42857
mar,20210311,4641110.71429
mar,20210312,4806962.57143
mar,20210313,4993373.85714
mar,20210315,5207691.85714
mar,20210316,5433990.42857
mar,20210317,5666352.14286
mar,20210319,5905906.14286
mar,20210320,6132315.14286
mar,20210322,6330516.71429
mar,20210323,6498501.28571
mar,20210324,6660814.57143
mar,20210325,6826959.71429
mar,20210326,6993324.57143
mar,20210327,7139512.28571
mar,20210329,7292505.42857
mar,20210330,7449762.14286
mar,20210331,7612076.42857
mar,20210401,7750287.57143
mar,20210402,7866180.85714
mar,20210403,7968407.14286
mar,20210405,8063918.71429
mar,20210406,8152024.57143
mar,20210407,8232854
mar,20210408,8306372.42857
mar,20210409,8371493.85714
mar,20210410,8433625.28571
mar,20210411,8489963.57143
mar,20210413,8539651.57143
mar,20210414,8585488.57143
mar,20210415,8625537.57143
mar,20210416,8661907.57143
mar,20210417,8703215
mar,20210419,8739513.71429
mar,20210420,8774257.57143
mar,20210421,8810083.28571
mar,20210422,8841348.42857
mar,20210423,8871730
mar,20210426,8898515.28571
mar,20210427,8927162.28571
mar,20210428,8981349.57143
mar,20210430,9043722.28571
mar,20210501,9102892.57143
mar,20210503,9170669.85714
mar,20210504,9258886.85714
mar,20210505,9363120.85714
mar,20210507,9470428.57143
mar,20210508,9559655.42857
mar,20210510,9676332.71429
mar,20210511,9819447.71429
mar,20210512,9968969
mar,20210514,10102177
mar,20210515,10243765.71429
mar,20210517,10416370.57143
mar,20210518,10628511.28571
mar,20210519,10853052.71429
mar,20210520,11095634.28571
mar,20210521,11359813.14286
mar,20210522,11642095.42857
mar,20210524,11932935
mar,20210525,12242120.14286
mar,20210531,12641242.28571
mar,20210601,13028440.71429
mar,20210602,13399686.85714
mar,20210603,13775096
mar,20210605,14138012.57143
mar,20210607,14519761.28571
mar,20210608,14895904.85714
mar,20210609,15167229
mar,20210610,15427757.42857
mar,20210611,15684223.28571
mar,20210612,15904901.71429
mar,20210614,16145231.71429
mar,20210615,16360686.57143
mar,20210616,16539928.42857
mar,20210617,16714105
mar,20210618,16884704.42857
mar,20210619,17039615.42857
mar,20210621,17266422.57143
mar,20210623,17489561
mar,20210624,17710111.57143
mar,20210625,17931824.28571
mar,20210626,18129418.14286
mar,20210628,18333852.85714
mar,20210630,18564670.57143
mar,20210701,18725244.14286
mar,20210702,18863482.14286
mar,20210703,18976912.42857
mar,20210704,19066152
mar,20210705,19159855.57143
mar,20210706,19230203.71429
mar,20210707,19281863.42857
mar,20210708,19333544.28571
mar,20210709,19383647.28571
mar,20210710,19433951.14286
mar,20210711,19483928.57143
mar,20210712,19564199
mar,20210713,19673855.71429
mar,20210714,19798490.85714
mar,20210715,19978991.71429
mar,20210717,20159479.57143
mar,20210718,20339761
mar,20210719,20584437.57143
mar,20210722,20816408.28571
mar,20210724,21016335.42857
mar,20210725,21188088.14286
mar,20210726,21349691.57143
mar,20210727,21579811.42857
mar,20210728,21886466.57143
mar,20210729,22199363
mar,20210730,22508334.71429
mar,20210731,22827345.28571
mar,20210801,23149638.14286
mar,20210802,23482672.14286
mar,20210803,23870074.85714
mar,20210805,24235170.57143
mar,20210806,24573595.71429
mar,20210807,24899941.71429
mar,20210808,25216125.28571
mar,20210809,25588986.71429
mar,20210810,25914740.71429
mar,20210811,26171415
mar,20210812,26427352.71429
mar,20210813,26671554
mar,20210814,26913862.42857
mar,20210815,27156083.71429
mar,20210816,27402086.85714
mar,20210817,27714025.71429
mar,20210818,28049807.71429
mar,20210819,28410072.42857
mar,20210820,28762825.14286
mar,20210821,29120896
mar,20210822,29483100.57143
mar,20210823,29846838
mar,20210824,30207856.42857
mar,20210827,30655517.71429
mar,20210828,31039207.71429
mar,20210829,31464694.28571
mar,20210831,31976858.28571
mar,20210901,32542739.14286
mar,20210903,33090918.71429
mar,20210904,33575525.28571
mar,20210905,33897206.14286
mar,20210906,34322953.14286
mar,20210908,34710659.42857
mar,20210909,35036651.85714
mar,20210910,35338117.28571
mar,20210914,35726750
mar,20210919,36268965
mar,20210922,36959694.14286
mar,20210925,37638453.28571
mar,20210928,38406592
mar,20211002,39262641.85714
mar,20211009,40241414.85714
mar,20211013,41217337.14286
mar,20211017,42136155.57143
mar,20211019,42954098.85714
mar,20211024,43785656.42857
mar,20211026,44650380.28571
mar,20211031,45455798.28571
mar,20211102,46133709.57143
mar,20211106,46707192.57143
mar,20211114,47215058.14286
mar,20211117,47688136.42857
mar,20211121,48048192.28571
mar,20211124,48271944.85714
mar,20211128,48436016.57143
mar,20211129,48576496.28571
mar,20211204,48706369.85714
mar,20211208,48816128.42857
mar,20211212,48924035.28571
mar,20211214,49046315.42857
mar,20211219,49190363.57143
mar,20211222,49365702.28571
mar,20211227,49567735.42857
mar,20220102,49797056.85714
mar,20220104,50027519.42857
mar,20220110,50297037.85714
mar,20220112,50561427
mar,20220116,50815490
mar,20220118,51051909.57143
mar,20220122,51284513.71429
mar,20220125,51488248.57143
mar,20220126,51669952.57143
mar,20220130,51812825
mar,20220201,51960634.85714
mar,20220206,52117504.14286
mco,20201230,0
mco,20210118,1200
mco,20210304,6004
mco,20210319,9023.25
mco,20210402,11320.6
mco,20210415,13259.33333
mco,20210422,14849.42857
mco,20210429,18435.71429
mco,20210506,21798.14286
mco,20210518,23662.57143
mco,20210527,25369.42857
mco,20210603,26978.57143
mco,20210610,28551.71429
mco,20210624,30297.28571
mco,20210701,32121.28571
mco,20210708,33965.85714
mco,20210715,35555.42857
mco,20210722,37069.85714
mco,20210730,38645.85714
mco,20210805,40088
mco,20210819,41474.57143
mco,20210826,42904.57143
mco,20210902,44310.57143
mco,20210909,45663.71429
mco,20210916,46999.42857
mco,20211221,50190
mda,20210305,3849
mda,20210310,5148
mda,20210311,6137.33333
mda,20210312,6938.25
mda,20210313,7836.8
mda,20210315,8656.33333
mda,20210316,9536
mda,20210317,11290.57143
mda,20210319,13025.71429
mda,20210321,14794
mda,20210323,16487.28571
mda,20210324,18204.85714
mda,20210325,20303.57143
mda,20210326,22576.14286
mda,20210327,25112.42857
mda,20210331,28216.42857
mda,20210401,31310.71429
mda,20210404,35072.14286
mda,20210406,39089.28571
mda,20210407,43012.42857
mda,20210409,46846.57143
mda,20210411,51174.28571
mda,20210412,54997.71429
mda,20210413,59230
mda,20210414,63678.71429
mda,20210415,68599
mda,20210416,73861.28571
mda,20210418,78990.57143
mda,20210419,83589.57143
mda,20210420,88240.14286
mda,20210422,93685.71429
mda,20210423,99627
mda,20210426,105152.57143
mda,20210427,110989.28571
mda,20210428,117566.28571
mda,20210429,124529.85714
mda,20210430,131340.71429
mda,20210504,137124.28571
mda,20210505,142870.28571
mda,20210506,149602.42857
mda,20210507,156762
mda,20210508,163212.71429
mda,20210510,168952
mda,20210511,175456.28571
mda,20210512,182956.14286
mda,20210513,190993.85714
mda,20210514,199158.28571
mda,20210515,206427.71429
mda,20210517,214754.28571
mda,20210518,224471.14286
mda,20210519,234690.42857
mda,20210520,245082.42857
mda,20210521,255276.28571
mda,20210522,264679.57143
mda,20210523,273958.14286
mda,20210524,283053
mda,20210525,297129.14286
mda,20210527,313213.28571
mda,20210528,330782.14286
mda,20210529,347733.71429
mda,20210531,365165.14286
mda,20210601,383384.14286
mda,20210602,402304
mda,20210603,418473.28571
mda,20210605,431715.57143
mda,20210606,442016.85714
mda,20210607,452498.71429
mda,20210609,464653.28571
mda,20210610,476956
mda,20210611,488927.28571
mda,20210612,497983.42857
mda,20210613,506654.71429
mda,20210614,516392
mda,20210615,527315.71429
mda,20210616,538153.85714
mda,20210617,550338
mda,20210618,563300.71429
mda,20210619,576128.71429
mda,20210620,590554.71429
mda,20210621,605355.14286
mda,20210623,619489.42857
mda,20210624,632356.85714
mda,20210625,644186
mda,20210626,654834.28571
mda,20210628,666076.28571
mda,20210629,676875.71429
mda,20210630,688945.42857
mda,20210702,700435.14286
mda,20210703,710659
mda,20210704,719233.14286
mda,20210705,727567.14286
mda,20210706,735921.42857
mda,20210707,744062.14286
mda,20210708,750807.42857
mda,20210709,757765.42857
mda,20210710,764532.85714
mda,20210711,772099.14286
mda,20210712,780182.85714
mda,20210713,788515.85714
mda,20210714,797210.42857
mda,20210715,807798.85714
mda,20210717,818845.14286
mda,20210719,833919.28571
mda,20210721,850705.14286
mda,20210722,870452.14286
mda,20210724,890178.57143
mda,20210725,908894.28571
mda,20210726,926821.57143
mda,20210727,945518.42857
mda,20210728,962170.14286
mda,20210729,978076.42857
mda,20210730,991383.57143
mda,20210731,1004359.14286
mda,20210801,1017034.85714
mda,20210802,1028069.28571
mda,20210803,1039142.42857
mda,20210806,1050718.57143
mda,20210923,1101269.28571
mda,20210924,1150837
mda,20210926,1199567.42857
mda,20210927,1248715.57143
mda,20210928,1297525.42857
mda,20210930,1344817.28571
mda,20211001,1390017.14286
mda,20211002,1394640.57143
mda,20211003,1398618.14286
mda,20211004,1402677.71429
mda,20211006,1407359.14286
mda,20211007,1412236.71429
mda,20211008,1416469
mda,20211009,1420414.14286
mda,20211010,1424536
mda,20211012,1429196.28571
mda,20211013,1434035
mda,20211014,1438062.42857
mda,20211015,1441983.85714
mda,20211016,1445603.57143
mda,20211017,1448971
mda,20211018,1452579.57143
mda,20211019,1457004.71429
mda,20211022,1462377
mda,20211023,1467578
mda,20211024,1472294.42857
mda,20211026,1478161.42857
mda,20211027,1484635.14286
mda,20211028,1491248.14286
mda,20211030,1497736.42857
mda,20211031,1503008.57143
mda,20211101,1508706.42857
mda,20211102,1514844.71429
mda,20211103,1520144
mda,20211104,1525297.57143
mda,20211105,1530229.57143
mda,20211106,1534064.42857
mda,20211107,1537705.57143
mda,20211108,1541005.14286
mda,20211110,1544815.14286
mda,20211113,1549446.14286
mda,20211114,1553638.71429
mda,20211115,1557682.85714
mda,20211116,1562057.71429
mda,20211117,1566902.71429
mda,20211118,1571905.85714
mda,20211119,1576395.28571
mda,20211120,1579711.42857
mda,20211121,1582933.85714
mda,20211122,1586245.14286
mda,20211124,1590121.57143
mda,20211125,1594013.71429
mda,20211128,1598341.71429
mda,20211129,1602733.85714
mda,20211130,1607760.28571
mda,20211202,1614176.85714
mda,20211203,1620799.71429
mda,20211204,1626740.85714
mda,20211206,1632863.14286
mda,20211207,1638896.85714
mda,20211208,1645285.57143
mda,20211210,1652534.28571
mda,20211211,1658992.85714
mda,20211212,1664798.85714
mda,20211213,1671630
mda,20211215,1678554.28571
mda,20211217,1686665.42857
mda,20211219,1694139.28571
mda,20211220,1700593.14286
mda,20211221,1707292.28571
mda,20211222,1714549
mda,20211223,1721559.57143
mda,20211225,1728975.42857
mda,20211226,1734423.42857
mda,20211227,1740327.57143
mda,20211228,1747348.28571
mda,20211230,1754098.71429
mda,20211231,1760377.71429
mda,20220101,1765423.71429
mda,20220102,1769194.85714
mda,20220103,1773230.14286
mda,20220104,1777106.57143
mda,20220105,1780057.28571
mda,20220106,1782980.71429
mda,20220107,1785753.85714
mda,20220108,1788679.71429
mda,20220109,1791881.42857
mda,20220110,1795321.14286
mda,20220111,1799193
mda,20220112,1804534.85714
mda,20220114,1810400.42857
mda,20220115,1816547.14286
mda,20220116,1822602
mda,20220117,1829393.42857
mda,20220118,1836745.71429
mda,20220119,1844075.57143
mda,20220120,1850214.42857
mda,20220121,1857016.42857
mda,20220123,1863610
mda,20220124,1871118.42857
mda,20220125,1878753.42857
mda,20220126,1886261.57143
mda,20220127,1893742.71429
mda,20220128,1901157.14286
mda,20220129,1907067
mda,20220130,1912915.71429
mda,20220131,1918576.57143
mda,20220201,1923992.14286
mda,20220202,1929383.57143
mda,20220203,1934728.14286
mda,20220205,1940421.42857
mda,20220207,1945905.85714
mda,20220208,1952963.28571
mdg,20210512,609
mdg,20210518,2249.5
mdg,20210521,6012.66667
mdg,20210524,8824
mdg,20210526,11441.6
mdg,20210531,15641.33333
mdg,20210608,24626.71429
mdg,20210610,38439.71429
mdg,20210614,57424.71429
mdg,20210615,76966.14286
mdg,20210620,101465.28571
mdg,20210624,126376.57143
mdg,20210628,149285.28571
mdg,20210906,178507
mdg,20210920,219126
mdg,20211020,280480.28571
mdg,20211118,345693.14286
mdg,20211122,408140.57143
mdg,20211129,478019
mdg,20211206,555885.85714
mdg,20220105,654219.42857
mdg,20220205,763839.14286
mdv,20210202,880
mdv,20210203,1229
mdv,20210204,1887.33333
mdv,20210205,2482.75
mdv,20210206,3357
mdv,20210207,4422.83333
mdv,20210208,5638.71429
mdv,20210209,7834.57143
mdv,20210210,10489.28571
mdv,20210211,13649.71429
mdv,20210212,16949.42857
mdv,20210213,20699.71429
mdv,20210214,24819.57143
mdv,20210215,29231.42857
mdv,20210216,34059.42857
mdv,20210217,39210.42857
mdv,20210218,44742
mdv,20210219,49982.14286
mdv,20210220,55254
mdv,20210221,60457.14286
mdv,20210222,65648.85714
mdv,20210223,70657.85714
mdv,20210224,75607.42857
mdv,20210225,80502.14286
mdv,20210226,85555.14286
mdv,20210227,90624.14286
mdv,20210228,95824.42857
mdv,20210301,101103.85714
mdv,20210302,106611.71429
mdv,20210303,112120.14286
mdv,20210304,117664.85714
mdv,20210305,123294.57143
mdv,20210306,129048.28571
mdv,20210307,134795.14286
mdv,20210308,140609.14286
mdv,20210309,146610.57143
mdv,20210310,153186.57143
mdv,20210311,160301.71429
mdv,20210312,167388.71429
mdv,20210313,174879.85714
mdv,20210314,182661.42857
mdv,20210315,190504
mdv,20210316,197477
mdv,20210317,203247.85714
mdv,20210318,207628.85714
mdv,20210319,211858.85714
mdv,20210320,214778.71429
mdv,20210321,216607
mdv,20210322,217758
mdv,20210323,218970
mdv,20210324,220273.85714
mdv,20210325,221677.57143
mdv,20210326,223056.14286
mdv,20210327,224696.85714
mdv,20210328,226591.57143
mdv,20210329,228464
mdv,20210330,230280
mdv,20210331,232099.57143
mdv,20210401,234006.71429
mdv,20210402,235925.42857
mdv,20210403,238116.85714
mdv,20210404,240753.71429
mdv,20210405,244041.85714
mdv,20210406,248063.28571
mdv,20210407,252797.28571
mdv,20210408,258427.71429
mdv,20210409,264399
mdv,20210410,269868
mdv,20210412,276781.71429
mdv,20210414,283476
mdv,20210415,290364.71429
mdv,20210416,296437.42857
mdv,20210417,302058.28571
mdv,20210418,308449.57143
mdv,20210419,315816.71429
mdv,20210420,322009.57143
mdv,20210421,328581.71429
mdv,20210422,335246.28571
mdv,20210423,342051.14286
mdv,20210424,348996.57143
mdv,20210425,355793
mdv,20210426,362472.28571
mdv,20210427,368829.71429
mdv,20210428,374948.71429
mdv,20210429,380544.42857
mdv,20210501,386052
mdv,20210502,391478.14286
mdv,20210503,396820.42857
mdv,20210504,402084.28571
mdv,20210505,407354.14286
mdv,20210506,412302.42857
mdv,20210507,416724.71429
mdv,20210508,421330.71429
mdv,20210509,425488.28571
mdv,20210510,429099.14286
mdv,20210511,432250.85714
mdv,20210512,434935.14286
mdv,20210513,437213.42857
mdv,20210514,439371.28571
mdv,20210515,441384.85714
mdv,20210516,443309.42857
mdv,20210517,445265
mdv,20210518,447099.57143
mdv,20210519,449011
mdv,20210521,451321.14286
mdv,20210522,453880.57143
mdv,20210523,456540.28571
mdv,20210524,459116.28571
mdv,20210525,461656.28571
mdv,20210526,464085.85714
mdv,20210527,466479.28571
mdv,20210528,468434.71429
mdv,20210529,470259.42857
mdv,20210530,471945.14286
mdv,20210531,473541.71429
mdv,20210601,474957.85714
mdv,20210602,476401.14286
mdv,20210603,477779.14286
mdv,20210604,479149.57143
mdv,20210605,480489.28571
mdv,20210606,481792
mdv,20210607,483065.85714
mdv,20210608,484338.57143
mdv,20210609,485549.42857
mdv,20210610,486701.85714
mdv,20210612,488017
mdv,20210613,489262
mdv,20210614,490434.28571
mdv,20210615,491571.57143
mdv,20210616,492667.28571
mdv,20210617,493702.57143
mdv,20210619,494768.85714
mdv,20210620,495743.28571
mdv,20210621,496727.71429
mdv,20210622,497707
mdv,20210623,498664
mdv,20210624,499617.28571
mdv,20210625,500500.71429
mdv,20210626,501375.85714
mdv,20210627,502323
mdv,20210628,503269.28571
mdv,20210629,504210.57143
mdv,20210630,505103.14286
mdv,20210701,505975.85714
mdv,20210702,506850.57143
mdv,20210703,507656.28571
mdv,20210704,508644.14286
mdv,20210705,510229.85714
mdv,20210706,512648.85714
mdv,20210707,515960.28571
mdv,20210708,520124.28571
mdv,20210709,524427.57143
mdv,20210711,530818.14286
mdv,20210712,537896.42857
mdv,20210713,544927.85714
mdv,20210714,551682.71429
mdv,20210715,558085
mdv,20210716,563604
mdv,20210717,569348.14286
mdv,20210719,573102
mdv,20210721,575891.14286
mdv,20210722,578058.71429
mdv,20210723,579592.71429
mdv,20210724,580536.14286
mdv,20210726,581478.71429
mdv,20210727,582100.14286
mdv,20210728,582673.42857
mdv,20210730,583445.57143
mdv,20210731,584763.85714
mdv,20210801,586634
mdv,20210802,589158
mdv,20210803,592268.57143
mdv,20210804,595737.28571
mdv,20210806,599650.85714
mdv,20210807,603673.14286
mdv,20210808,607477.57143
mdv,20210809,611091.14286
mdv,20210810,615620.71429
mdv,20210811,619778.71429
mdv,20210812,623877
mdv,20210813,627462.85714
mdv,20210814,630906.71429
mdv,20210815,634824.28571
mdv,20210816,639149.28571
mdv,20210817,642316.42857
mdv,20210818,645643.42857
mdv,20210819,649325.14286
mdv,20210820,653054.85714
mdv,20210821,657095.57143
mdv,20210822,661003.71429
mdv,20210823,664718.57143
mdv,20210824,668421.42857
mdv,20210825,671828.14286
mdv,20210826,674746.85714
mdv,20210827,677579.14286
mdv,20210828,680004.14286
mdv,20210829,681801.42857
mdv,20210830,683102.57143
mdv,20210831,684124
mdv,20210903,685265.28571
mdv,20210904,686222.28571
mdv,20210905,687240.42857
mdv,20210906,688366.85714
mdv,20210907,689789.14286
mdv,20210908,691501.28571
mdv,20210909,693659.42857
mdv,20210910,695700.71429
mdv,20210911,698319.85714
mdv,20210912,701260.85714
mdv,20210913,704282.42857
mdv,20210914,707292.85714
mdv,20210915,710311.14286
mdv,20210916,712968.71429
mdv,20210917,715490.14286
mdv,20210918,717563.57143
mdv,20210920,719403.14286
mdv,20210921,721079.57143
mdv,20210923,722617.57143
mdv,20210924,723754.71429
mdv,20210925,724754.42857
mdv,20210927,725936.57143
mdv,20210929,727099.85714
mdv,20210930,728259
mdv,20211002,729437.42857
mdv,20211003,730473.28571
mdv,20211004,731636.57143
mdv,20211005,732816.28571
mdv,20211006,733924.42857
mdv,20211008,735018.14286
mdv,20211009,736055.14286
mdv,20211010,737011.42857
mdv,20211011,737998.57143
mdv,20211012,739006.71429
mdv,20211013,740007.71429
mdv,20211014,741056.28571
mdv,20211016,742010.42857
mdv,20211017,742900.85714
mdv,20211019,743833.14286
mdv,20211020,744702.28571
mdv,20211021,745508.57143
mdv,20211023,746292
mdv,20211024,746936
mdv,20211025,747590
mdv,20211026,748265.14286
mdv,20211028,748995.28571
mdv,20211030,749694.42857
mdv,20211031,750354.71429
mdv,20211101,750983.57143
mdv,20211102,751638.57143
mdv,20211106,752319.85714
mdv,20211108,752979.14286
mdv,20211109,753484.85714
mdv,20211110,754014.57143
mdv,20211114,754543.71429
mdv,20211115,755044.71429
mdv,20211116,756263.71429
mdv,20211117,757449.85714
mdv,20211118,758681.71429
mdv,20211121,760014.57143
mdv,20211122,761391.85714
mdv,20211123,762836.71429
mdv,20211125,764475.57143
mdv,20211127,765406.14286
mdv,20211128,766418.28571
mdv,20211130,767676
mdv,20211201,768884.85714
mdv,20211202,770200.42857
mdv,20211204,771583.85714
mdv,20211205,772827.28571
mdv,20211206,774090.28571
mdv,20211207,775337.28571
mdv,20211209,776532.85714
mdv,20211211,777703.28571
mdv,20211212,778770.28571
mdv,20211213,779740.14286
mdv,20211214,780707.71429
mdv,20211215,781654.28571
mdv,20211216,782554.85714
mdv,20211218,783191
mdv,20211219,783786
mdv,20211220,784326.85714
mdv,20211222,784949
mdv,20211226,785606.42857
mdv,20211227,786323.71429
mdv,20211228,787046.42857
mdv,20211229,787800.14286
mdv,20220102,788614.57143
mdv,20220104,789460.42857
mdv,20220105,790166.42857
mdv,20220106,790798.28571
mdv,20220108,791313
mdv,20220109,791785.28571
mdv,20220110,792258.85714
mdv,20220112,792814.85714
mdv,20220115,793792.42857
mdv,20220116,795104.57143
mdv,20220117,796756.42857
mdv,20220119,799199.57143
mdv,20220122,802441.57143
mdv,20220123,806110
mdv,20220124,810048.85714
mdv,20220125,813961.14286
mdv,20220126,818010.14286
mdv,20220129,822819.71429
mdv,20220130,827187.85714
mdv,20220131,831149.85714
mdv,20220201,834991.42857
mdv,20220202,838916.71429
mdv,20220205,843156.85714
mex,20201224,2924
mex,20201227,4874
mex,20201228,6442.33333
mex,20201229,9464
mex,20201230,12570.8
mex,20210104,17802.33333
mex,20210105,22150
mex,20210106,29330.14286
mex,20210107,36698.42857
mex,20210108,44968.28571
mex,20210109,53006.14286
mex,20210110,61049.28571
mex,20210111,67206.42857
mex,20210112,73584
mex,20210113,93495.71429
mex,20210114,132293
mex,20210115,182279.71429
mex,20210116,237772.85714
mex,20210117,293607.42857
mex,20210118,351531.57143
mex,20210119,409423.42857
mex,20210120,453489.57143
mex,20210121,485254.14286
mex,20210122,513458.85714
mex,20210123,535676.28571
mex,20210124,558174
mex,20210125,579970.57143
mex,20210126,601998.71429
mex,20210127,624143.57143
mex,20210128,639216
mex,20210129,645988.71429
mex,20210130,653351.42857
mex,20210131,659594.42857
mex,20210201,663894
mex,20210202,667496.85714
mex,20210203,671862.14286
mex,20210204,677183
mex,20210205,682625.71429
mex,20210206,688324.42857
mex,20210207,694065.85714
mex,20210208,700154.14286
mex,20210210,706892.42857
mex,20210211,712441.85714
mex,20210212,716858.14286
mex,20210213,720572
mex,20210215,726212.57143
mex,20210216,755050.57143
mex,20210217,803667.57143
mex,20210218,888431.57143
mex,20210219,1009676
mex,20210220,1142576.28571
mex,20210221,1280125.57143
mex,20210222,1420657.28571
mex,20210223,1547196.28571
mex,20210224,1667574.14286
mex,20210225,1777682.42857
mex,20210226,1877235.85714
mex,20210227,1981108.28571
mex,20210228,2090527.85714
mex,20210301,2203879.14286
mex,20210302,2315633.28571
mex,20210303,2420318.42857
mex,20210304,2504207.28571
mex,20210305,2570045.57143
mex,20210306,2624673.28571
mex,20210307,2672960.57143
mex,20210308,2719070.14286
mex,20210309,2792989.14286
mex,20210310,2915049.14286
mex,20210311,3075615.57143
mex,20210312,3257505.71429
mex,20210313,3464432.71429
mex,20210314,3685407
mex,20210315,3907546.71429
mex,20210316,4111820.42857
mex,20210317,4290337.85714
mex,20210318,4454269.57143
mex,20210319,4623072.42857
mex,20210320,4800889.57143
mex,20210321,4982656
mex,20210322,5179334.71429
mex,20210323,5378789.42857
mex,20210324,5576171.71429
mex,20210325,5761366.57143
mex,20210326,5947140.71429
mex,20210327,6127965.71429
mex,20210328,6305152.14286
mex,20210329,6481879.28571
mex,20210330,6693014.28571
mex,20210331,6940407.85714
mex,20210402,7283345
mex,20210403,7640490.71429
mex,20210404,7970663.71429
mex,20210405,8318493.57143
mex,20210406,8698074.71429
mex,20210407,9081575.85714
mex,20210408,9480407.28571
mex,20210409,9814753.42857
mex,20210410,10131466.71429
mex,20210411,10468486.28571
mex,20210412,10813594.71429
mex,20210413,11203895.85714
mex,20210414,11607259.14286
mex,20210415,12004235.57143
mex,20210416,12431851.57143
mex,20210417,12865658.28571
mex,20210418,13290363.57143
mex,20210419,13700127.14286
mex,20210420,14070982.14286
mex,20210421,14437347
mex,20210422,14787790
mex,20210423,15107261.85714
mex,20210424,15417148.14286
mex,20210425,15721957.42857
mex,20210426,16024197.42857
mex,20210428,16360537.85714
mex,20210429,16680722
mex,20210430,16995750
mex,20210501,17297498.85714
mex,20210502,17592018.14286
mex,20210503,17924287.28571
mex,20210504,18303293.71429
mex,20210505,18673740.57143
mex,20210506,19076886.85714
mex,20210507,19495260.14286
mex,20210508,19909779.14286
mex,20210509,20313885.57143
mex,20210511,20708406.85714
mex,20210512,21086438.57143
mex,20210513,21438176.28571
mex,20210516,21813552.28571
mex,20210517,22141161.71429
mex,20210519,22569010
mex,20210520,23095817.42857
mex,20210521,23672551.85714
mex,20210522,24267193.57143
mex,20210523,24847990.85714
mex,20210524,25346176.28571
mex,20210525,25867876.85714
mex,20210526,26365956.28571
mex,20210528,26973375
mex,20210529,27578363.28571
mex,20210530,28170468.14286
mex,20210531,28741730.57143
mex,20210601,29361037.42857
mex,20210602,30055057.85714
mex,20210603,30792915.57143
mex,20210604,31441484.85714
mex,20210605,32098095
mex,20210606,32692940.71429
mex,20210607,33290203.85714
mex,20210608,33886681
mex,20210609,34508406.71429
mex,20210610,35016420.42857
mex,20210611,35474086
mex,20210612,35879422.71429
mex,20210613,36317190.42857
mex,20210614,36766464.28571
mex,20210615,37206794.85714
mex,20210616,37559573.57143
mex,20210617,37948485.42857
mex,20210618,38325549.28571
mex,20210619,38716459
mex,20210620,39103030.14286
mex,20210621,39516957.57143
mex,20210622,39962601
mex,20210623,40465797.71429
mex,20210624,40985530.71429
mex,20210625,41520674.71429
mex,20210626,42052458.57143
mex,20210627,42578889.42857
mex,20210628,43105265.14286
mex,20210629,43640286.85714
mex,20210630,44174911.28571
mex,20210701,44697804
mex,20210702,45208720.42857
mex,20210704,45700674.71429
mex,20210705,46247359.42857
mex,20210706,46835036.57143
mex,20210707,47419184.28571
mex,20210708,47984728.57143
mex,20210709,48543371.71429
mex,20210710,49079515.57143
mex,20210711,49596727.71429
mex,20210712,50109841.28571
mex,20210713,50607996.85714
mex,20210714,51108383.71429
mex,20210715,51606334.14286
mex,20210716,52113877.71429
mex,20210717,52625860.71429
mex,20210718,53157942.42857
mex,20210720,53697391.85714
mex,20210721,54258170.14286
mex,20210722,54853594.42857
mex,20210723,55554518.71429
mex,20210724,56363802
mex,20210725,57260357.71429
mex,20210726,58166520.42857
mex,20210727,59130935.71429
mex,20210728,60188271.14286
mex,20210729,61276366.28571
mex,20210730,62331014.42857
mex,20210731,63349940.14286
mex,20210801,64320947.71429
mex,20210802,65279332.71429
mex,20210803,66169479.57143
mex,20210804,66957013.71429
mex,20210805,67718533
mex,20210806,68458062.42857
mex,20210808,69164132.71429
mex,20210809,69846606.85714
mex,20210810,70545727.57143
mex,20210811,71245254.85714
mex,20210812,71951798
mex,20210813,72663590.57143
mex,20210814,73373853.85714
mex,20210815,74078488.71429
mex,20210816,74806030.14286
mex,20210817,75532492.42857
mex,20210818,76358024.28571
mex,20210819,77161974
mex,20210820,77894971.57143
mex,20210821,78555534.14286
mex,20210822,79140711.71429
mex,20210823,79663734.71429
mex,20210824,80192491
mex,20210825,80643723.71429
mex,20210826,81112197.85714
mex,20210827,81612171.42857
mex,20210828,82129640
mex,20210829,82657623.71429
mex,20210830,83180833.71429
mex,20210831,83705359.85714
mex,20210901,84198471.14286
mex,20210902,84650910.42857
mex,20210903,84995512.57143
mex,20210904,85390810.28571
mex,20210905,85767191.57143
mex,20210906,86149424.71429
mex,20210907,86549987.28571
mex,20210909,87009665.57143
mex,20210910,87655496.14286
mex,20210911,88417851.42857
mex,20210912,89121688.57143
mex,20210913,89845456.42857
mex,20210914,90634682.28571
mex,20210915,91468730.57143
mex,20210916,92261733.71429
mex,20210917,92823722.28571
mex,20210918,93348835
mex,20210919,93856121.85714
mex,20210920,94364411.42857
mex,20210921,94840316.85714
mex,20210922,95298097.57143
mex,20210923,95780877.85714
mex,20210924,96349737.57143
mex,20210925,96926488.57143
mex,20210926,97485791.14286
mex,20210927,98018331.28571
mex,20210928,98559479.57143
mex,20210929,99091448.14286
mex,20210930,99615272.57143
mex,20211002,100115254.14286
mex,20211004,100650696
mex,20211006,101417542.28571
mex,20211007,102268089.28571
mex,20211008,103161405.42857
mex,20211009,104049082.28571
mex,20211010,104901063.71429
mex,20211011,105700929.71429
mex,20211012,106454966.28571
mex,20211014,107082500.28571
mex,20211017,107833115.57143
mex,20211018,108701195.14286
mex,20211019,109540134.42857
mex,20211020,110374655.28571
mex,20211021,111244617.85714
mex,20211022,112106894.42857
mex,20211023,112908491.57143
mex,20211024,113567269.57143
mex,20211025,114056724.85714
mex,20211026,114719235.14286
mex,20211029,115555491.71429
mex,20211030,117359020.85714
mex,20211031,119127843.71429
mex,20211101,120823688.28571
mex,20211103,122443134.71429
mex,20211104,124051711.14286
mex,20211107,125623164.85714
mex,20211108,126981245.71429
mex,20211110,127387578.85714
mex,20211111,127796501.14286
mex,20211114,128278912
mex,20211115,128755676
mex,20211116,129182780.71429
mex,20211117,129433085.14286
mex,20211118,129702877.71429
mex,20211120,129967100.14286
mex,20211121,130220503.57143
mex,20211122,130401791.28571
mex,20211124,130618958
mex,20211125,130865635
mex,20211127,131166240.14286
mex,20211128,131461079.85714
mex,20211129,131694378.14286
mex,20211130,131931686.85714
mex,20211201,132183935.57143
mex,20211202,132452021.71429
mex,20211205,132847620.42857
mex,20211208,133265454.42857
mex,20211209,133718693.14286
mex,20211211,134348157.57143
mex,20211212,134995686.14286
mex,20211213,135640847.57143
mex,20211215,136440191.71429
mex,20211216,137218769.85714
mex,20211219,138175957.57143
mex,20211220,140031072
mex,20211224,141699038.14286
mex,20211228,143344735.57143
mex,20211230,144981482.42857
mex,20220101,146422456.28571
mex,20220102,147725718.28571
mex,20220103,148757266.57143
mex,20220104,148888045
mex,20220105,149040795.57143
mex,20220106,149253836
mex,20220108,149632463.42857
mex,20220109,150061990.42857
mex,20220110,150506061.85714
mex,20220111,150987796.71429
mex,20220113,151600774.71429
mex,20220114,152320385.57143
mex,20220115,153068915.85714
mex,20220116,153700034
mex,20220118,154339195.28571
mex,20220119,155066939.28571
mex,20220120,155861188.57143
mex,20220121,156572992.71429
mex,20220123,157411448.28571
mex,20220124,158182357.57143
mex,20220125,158980138.85714
mex,20220126,159776987
mex,20220127,160876806.14286
mex,20220130,161972325.42857
mex,20220131,162985774.85714
mex,20220201,163788857.85714
mex,20220202,164639154
mex,20220203,165527084
mex,20220204,166461153.71429
mex,20220206,167144474.14286
mex,20220207,167735529.57143
mex,20220208,168316241.57143
mkd,20210216,0
mkd,20210316,2650
mkd,20210331,4345
mkd,20210402,5358.25
mkd,20210403,6087.2
mkd,20210405,7081.33333
mkd,20210407,8272.42857
mkd,20210408,10881.14286
mkd,20210409,13171.57143
mkd,20210410,15498
mkd,20210412,18014.57143
mkd,20210413,20908.85714
mkd,20210414,23681.42857
mkd,20210416,26996.71429
mkd,20210418,29955.28571
mkd,20210419,32825
mkd,20210421,35541
mkd,20210422,38249.57143
mkd,20210424,41184
mkd,20210425,44097.28571
mkd,20210426,46178.28571
mkd,20210427,48600.42857
mkd,20210430,51483.57143
mkd,20210504,54777
mkd,20210505,58934.42857
mkd,20210508,65677.28571
mkd,20210509,73695.14286
mkd,20210510,86816.57143
mkd,20210511,101745
mkd,20210512,117994.28571
mkd,20210515,137599.71429
mkd,20210518,156620.14286
mkd,20210519,174187.71429
mkd,20210520,191974.42857
mkd,20210521,206185.14286
mkd,20210522,219732.85714
mkd,20210523,231765.57143
mkd,20210526,240886
mkd,20210527,251086
mkd,20210528,261207.71429
mkd,20210529,271553.28571
mkd,20210531,281733.71429
mkd,20210601,292558.71429
mkd,20210602,305037.85714
mkd,20210603,318686.85714
mkd,20210604,331692.85714
mkd,20210605,345069.57143
mkd,20210606,358649.28571
mkd,20210608,372210.71429
mkd,20210609,385037.42857
mkd,20210610,397072.14286
mkd,20210611,408531.85714
mkd,20210614,420355.14286
mkd,20210615,430878.71429
mkd,20210616,439800.57143
mkd,20210617,448820.85714
mkd,20210621,457569
mkd,20210622,465688.42857
mkd,20210623,473114.28571
mkd,20210624,480126
mkd,20210625,486322.42857
mkd,20210626,493170.42857
mkd,20210629,501112.14286
mkd,20210630,509775.14286
mkd,20210701,519688
mkd,20210702,530726.14286
mkd,20210703,542873.42857
mkd,20210705,558832.42857
mkd,20210706,575632
mkd,20210707,591552.14286
mkd,20210708,607263.71429
mkd,20210709,622259.71429
mkd,20210712,637180.28571
mkd,20210713,651501.85714
mkd,20210714,663926.71429
mkd,20210715,676093.28571
mkd,20210716,688238.42857
mkd,20210721,703707.14286
mkd,20210722,723392.28571
mkd,20210723,743631.57143
mkd,20210726,766567
mkd,20210727,789743.14286
mkd,20210728,811073.42857
mkd,20210729,832843.14286
mkd,20210730,851474.28571
mkd,20210731,866390.71429
mkd,20210803,880983.14286
mkd,20210804,893164.14286
mkd,20210805,904922
mkd,20210806,918681.42857
mkd,20210809,933589.28571
mkd,20210810,948946
mkd,20210811,964962.71429
mkd,20210812,981125.85714
mkd,20210814,999055.71429
mkd,20210816,1018244
mkd,20210817,1038117.28571
mkd,20210818,1057166.28571
mkd,20210819,1076502.71429
mkd,20210820,1095870.42857
mkd,20210823,1116488.57143
mkd,20210825,1135789.42857
mkd,20210826,1154141.71429
mkd,20210827,1171644.57143
mkd,20210828,1188521
mkd,20210831,1205575.42857
mkd,20210901,1222060
mkd,20210902,1236691.57143
mkd,20210908,1255743.85714
mkd,20210910,1277251.28571
mkd,20210911,1300326.42857
mkd,20210913,1323705
mkd,20210915,1346294
mkd,20210917,1370254.85714
mkd,20210921,1396668.71429
mkd,20210922,1417800.57143
mkd,20210923,1435546.28571
mkd,20210925,1451812.14286
mkd,20210928,1467197.28571
mkd,20210929,1481330.14286
mkd,20210930,1492529.14286
mkd,20211001,1500080.28571
mkd,20211005,1507942.85714
mkd,20211006,1515258.28571
mkd,20211008,1521581.85714
mkd,20211010,1527162.14286
mkd,20211014,1533406
mkd,20211015,1539583.57143
mkd,20211018,1545639.28571
mkd,20211019,1550560
mkd,20211020,1555253.28571
mkd,20211021,1559427
mkd,20211022,1563663.14286
mkd,20211026,1568610.57143
mkd,20211028,1574887.42857
mkd,20211029,1581378.28571
mkd,20211101,1588191.85714
mkd,20211103,1595979.28571
mkd,20211104,1603905.85714
mkd,20211108,1612326
mkd,20211115,1622158.71429
mkd,20211117,1631486.57143
mkd,20211126,1644123.71429
mkd,20211212,1660282.57143
mkd,20211219,1677480.42857
mkd,20211226,1696094.28571
mkd,20220116,1718354
mkd,20220130,1739339
mli,20210330,0
mli,20210402,321.5
mli,20210412,8956.33333
mli,20210425,19193
mli,20210514,32210.4
mli,20210521,41429.5
mli,20210526,51245.28571
mli,20210531,69394.14286
mli,20210608,91078
mli,20210610,109778.42857
mli,20210614,125966.28571
mli,20210620,139074.57143
mli,20210624,152233
mli,20210705,163684.57143
mli,20210712,173658.85714
mli,20210803,181392
mli,20210809,196047.71429
mli,20210828,215086.57143
mli,20210901,235232.57143
mli,20210906,258735
mli,20210913,284481.85714
mli,20210920,312934
mli,20210922,340261.28571
mli,20210927,361023.28571
mli,20211001,377748
mli,20211015,415992.71429
mli,20211027,450431.71429
mli,20211102,482704
mli,20211121,515832.14286
mli,20211124,563961.57143
mli,20211128,627106.42857
mli,20211205,702283.14286
mli,20211208,756453.85714
mli,20211216,814276.85714
mli,20211220,872878
mli,20211223,931070
mli,20211228,977197.71429
mli,20220102,1011530
mli,20220105,1048264.42857
mli,20220107,1123162.71429
mli,20220121,1217788.42857
mlt,20210117,11705
mlt,20210118,12353.5
mlt,20210119,12994.33333
mlt,20210120,13574.75
mlt,20210121,14166
mlt,20210122,14766.16667
mlt,20210124,15511.14286
mlt,20210125,16863.57143
mlt,20210126,18202
mlt,20210127,19521.42857
mlt,20210128,20859.14286
mlt,20210129,22186.42857
mlt,20210130,23483.57143
mlt,20210131,24594.71429
mlt,20210201,25713.28571
mlt,20210202,26839.14286
mlt,20210203,27999.28571
mlt,20210204,29256
mlt,20210205,30663.71429
mlt,20210206,32197.85714
mlt,20210207,33840.42857
mlt,20210208,35595.14286
mlt,20210209,37464.42857
mlt,20210210,39316.57143
mlt,20210211,41154.71429
mlt,20210212,42983
mlt,20210213,44781.42857
mlt,20210214,46550.57143
mlt,20210215,48316.57143
mlt,20210216,50084
mlt,20210217,51953.28571
mlt,20210218,53861.57143
mlt,20210219,55802.28571
mlt,20210220,57678.42857
mlt,20210221,59503.85714
mlt,20210222,61316.28571
mlt,20210223,63183.42857
mlt,20210224,65166.14286
mlt,20210225,67157.85714
mlt,20210226,69172.14286
mlt,20210227,71266.28571
mlt,20210228,73438.42857
mlt,20210301,75659.71429
mlt,20210302,77852.57143
mlt,20210303,80037.14286
mlt,20210304,82366
mlt,20210305,84744.14286
mlt,20210306,87305.85714
mlt,20210307,89911.57143
mlt,20210308,92753.42857
mlt,20210309,95794.42857
mlt,20210310,98954
mlt,20210311,102284.28571
mlt,20210312,105757.85714
mlt,20210313,109211.28571
mlt,20210314,112711.57143
mlt,20210315,116211.71429
mlt,20210316,119846.71429
mlt,20210317,123403.85714
mlt,20210318,126976.14286
mlt,20210319,130291.85714
mlt,20210320,133591.28571
mlt,20210321,136958.14286
mlt,20210322,140475.28571
mlt,20210323,144020.57143
mlt,20210324,147790.42857
mlt,20210325,151767.57143
mlt,20210326,156273.57143
mlt,20210327,161051.14286
mlt,20210328,166001.57143
mlt,20210329,171032.14286
mlt,20210330,176180.42857
mlt,20210331,181483.71429
mlt,20210401,186833.57143
mlt,20210402,192146.71429
mlt,20210403,197268.71429
mlt,20210404,202284.85714
mlt,20210405,207006.28571
mlt,20210406,211478.28571
mlt,20210407,215795.85714
mlt,20210408,219907.57143
mlt,20210409,224013.42857
mlt,20210410,228087.42857
mlt,20210411,232232.85714
mlt,20210412,236552.71429
mlt,20210413,241104.85714
mlt,20210414,245628.57143
mlt,20210415,250246.14286
mlt,20210416,254811.42857
mlt,20210417,259619.57143
mlt,20210418,264162.14286
mlt,20210419,268939.42857
mlt,20210420,273784
mlt,20210421,278971.85714
mlt,20210422,284248.42857
mlt,20210423,289658.85714
mlt,20210424,294932.85714
mlt,20210425,300184.71429
mlt,20210426,305308.28571
mlt,20210427,310240.71429
mlt,20210428,314718.85714
mlt,20210429,318982.28571
mlt,20210430,323012.57143
mlt,20210501,327036.57143
mlt,20210502,331126.57143
mlt,20210503,335161.57143
mlt,20210504,339318.28571
mlt,20210505,343960.42857
mlt,20210506,348883.85714
mlt,20210507,354137
mlt,20210508,359316.85714
mlt,20210509,364751.42857
mlt,20210510,370438.42857
mlt,20210511,376225.28571
mlt,20210512,382038
mlt,20210513,387897.85714
mlt,20210514,393899.57143
mlt,20210515,400303.71429
mlt,20210516,406642.85714
mlt,20210517,412892.57143
mlt,20210518,419281.85714
mlt,20210519,425812.14286
mlt,20210520,432496.42857
mlt,20210521,439151.14286
mlt,20210522,446010.28571
mlt,20210523,453174.57143
mlt,20210524,460613
mlt,20210525,468165.85714
mlt,20210526,475722.42857
mlt,20210527,483063.71429
mlt,20210528,489934.71429
mlt,20210529,496132.57143
mlt,20210530,502016.42857
mlt,20210531,507361.71429
mlt,20210601,512800
mlt,20210602,517930.42857
mlt,20210603,523084.42857
mlt,20210604,528416.57143
mlt,20210605,534028
mlt,20210606,539478.28571
mlt,20210607,544953.42857
mlt,20210608,550114.28571
mlt,20210609,555239.14286
mlt,20210610,560250.28571
mlt,20210611,565331.57143
mlt,20210612,570426.71429
mlt,20210613,575525.71429
mlt,20210614,580919.14286
mlt,20210615,586535.57143
mlt,20210616,592157.57143
mlt,20210617,597849.85714
mlt,20210618,603488.14286
mlt,20210619,609014.42857
mlt,20210620,614618.42857
mlt,20210621,619671.57143
mlt,20210622,624246.71429
mlt,20210623,628655.57143
mlt,20210624,633019.71429
mlt,20210625,637125
mlt,20210626,641005.14286
mlt,20210627,644707.14286
mlt,20210628,648713.14286
mlt,20210629,652827.42857
mlt,20210630,657117.42857
mlt,20210701,661169.28571
mlt,20210702,665330.28571
mlt,20210703,669576.85714
mlt,20210704,673916.14286
mlt,20210705,678264.14286
mlt,20210706,682224.42857
mlt,20210707,685952.85714
mlt,20210708,689548
mlt,20210709,693032.28571
mlt,20210710,696335.28571
mlt,20210711,699454.28571
mlt,20210712,702198.14286
mlt,20210713,704968.42857
mlt,20210714,707624
mlt,20210715,710229.42857
mlt,20210716,712727.57143
mlt,20210717,715220
mlt,20210718,717718
mlt,20210719,720428.71429
mlt,20210720,723073
mlt,20210721,725685.71429
mlt,20210722,728301.28571
mlt,20210723,731293.57143
mlt,20210724,734209.71429
mlt,20210725,737092.28571
mlt,20210726,739774.71429
mlt,20210727,742654.42857
mlt,20210728,745198.71429
mlt,20210729,747902.71429
mlt,20210730,750172.85714
mlt,20210731,752473.71429
mlt,20210801,754744.57143
mlt,20210802,757023
mlt,20210803,759133.85714
mlt,20210804,761460.28571
mlt,20210805,763580.42857
mlt,20210806,765719.42857
mlt,20210807,767781.14286
mlt,20210808,769851.14286
mlt,20210809,771901
mlt,20210810,773832.28571
mlt,20210811,775680.71429
mlt,20210812,777409.85714
mlt,20210813,778946.71429
mlt,20210814,780429
mlt,20210815,781832.14286
mlt,20210816,783094.14286
mlt,20210817,784273.85714
mlt,20210818,785348.42857
mlt,20210819,786339.85714
mlt,20210820,787318.42857
mlt,20210821,788263.28571
mlt,20210822,789200.85714
mlt,20210823,790080.57143
mlt,20210824,790912.14286
mlt,20210825,791708.42857
mlt,20210826,792421.42857
mlt,20210827,793043.85714
mlt,20210828,793661.85714
mlt,20210829,794284.28571
mlt,20210830,794878.57143
mlt,20210831,795450.28571
mlt,20210901,795978.28571
mlt,20210902,796483.57143
mlt,20210903,796993.57143
mlt,20210904,797505.28571
mlt,20210905,798014.57143
mlt,20210906,798620.14286
mlt,20210907,799338
mlt,20210908,800086
mlt,20210909,800929.85714
mlt,20210910,801798.57143
mlt,20210911,802697.28571
mlt,20210912,803592.28571
mlt,20210913,804471.42857
mlt,20210914,805297.57143
mlt,20210915,806179
mlt,20210916,807057.57143
mlt,20210917,807963.57143
mlt,20210918,808858.57143
mlt,20210919,809754.85714
mlt,20210920,810626.57143
mlt,20210921,811382.28571
mlt,20210922,812110.71429
mlt,20210923,812801
mlt,20210924,813508.57143
mlt,20210925,814226.14286
mlt,20210926,814942.42857
mlt,20210927,815766
mlt,20211008,819380.85714
mlt,20211009,823033.57143
mlt,20211010,826707.57143
mlt,20211011,830494.28571
mlt,20211012,834493.71429
mlt,20211013,838765.71429
mlt,20211014,843030.28571
mlt,20211015,844761.28571
mlt,20211016,846560.85714
mlt,20211017,848419.14286
mlt,20211018,850371.71429
mlt,20211019,852391
mlt,20211020,854425.14286
mlt,20211021,856530.57143
mlt,20211022,858656.71429
mlt,20211023,860761
mlt,20211024,862780.57143
mlt,20211025,864695.42857
mlt,20211026,866514.57143
mlt,20211027,868364.42857
mlt,20211028,870175.71429
mlt,20211029,871871.71429
mlt,20211030,873551.57143
mlt,20211031,875278.57143
mlt,20211101,877011.14286
mlt,20211102,878650.85714
mlt,20211103,880149.42857
mlt,20211104,881552.42857
mlt,20211105,882905.42857
mlt,20211106,884279
mlt,20211107,885560.57143
mlt,20211108,887046.28571
mlt,20211109,888799.57143
mlt,20211110,890785.14286
mlt,20211111,893007.28571
mlt,20211112,895378.85714
mlt,20211113,897966.85714
mlt,20211114,900796.42857
mlt,20211115,903564.57143
mlt,20211116,906368
mlt,20211117,909233.85714
mlt,20211118,912078
mlt,20211119,915038.85714
mlt,20211120,917992.28571
mlt,20211121,921102.71429
mlt,20211122,924270
mlt,20211123,927391.14286
mlt,20211124,930451.57143
mlt,20211125,933534.71429
mlt,20211126,936648
mlt,20211127,939820.85714
mlt,20211128,943013.57143
mlt,20211129,946234.57143
mlt,20211130,949533.28571
mlt,20211201,952811.28571
mlt,20211202,956107.42857
mlt,20211203,959302.57143
mlt,20211204,962459.14286
mlt,20211205,965574.71429
mlt,20211206,968616.57143
mlt,20211207,971312.14286
mlt,20211208,974031.28571
mlt,20211209,976758.85714
mlt,20211210,979597
mlt,20211211,982385
mlt,20211212,985064.14286
mlt,20211213,987896.71429
mlt,20211214,990975.14286
mlt,20211215,993965.28571
mlt,20211216,996853.71429
mlt,20211217,999587.28571
mlt,20211218,1002304.28571
mlt,20211219,1005069.85714
mlt,20211220,1007772
mlt,20211221,1010513.85714
mlt,20211222,1013490
mlt,20211223,1016745.57143
mlt,20211224,1020066.42857
mlt,20211225,1023112.85714
mlt,20211226,1026084.57143
mlt,20211227,1029898.14286
mlt,20211228,1034543.57143
mlt,20211229,1039821.85714
mlt,20211230,1045659.28571
mlt,20211231,1051627.57143
mlt,20220101,1057592.28571
mlt,20220102,1063658.42857
mlt,20220103,1069844.85714
mlt,20220104,1076272.71429
mlt,20220105,1082876
mlt,20220106,1089422.14286
mlt,20220107,1096672
mlt,20220108,1104540.42857
mlt,20220109,1112731.57143
mlt,20220110,1120301.85714
mlt,20220111,1127364.14286
mlt,20220112,1133983.14286
mlt,20220113,1140334.85714
mlt,20220114,1146391.71429
mlt,20220115,1152196
mlt,20220116,1157540.71429
mlt,20220117,1162650.71429
mlt,20220118,1167435.71429
mlt,20220119,1171904.57143
mlt,20220120,1176061.71429
mlt,20220121,1179825.57143
mlt,20220122,1183386.57143
mlt,20220123,1186857.14286
mlt,20220124,1190145.71429
mlt,20220125,1193206.85714
mlt,20220126,1196105.14286
mlt,20220127,1198775.28571
mlt,20220128,1201182.28571
mlt,20220129,1203482.57143
mlt,20220131,1206101.14286
mlt,20220201,1208540
mlt,20220202,1210755.42857
mlt,20220203,1212748.71429
mlt,20220204,1214679.85714
mlt,20220205,1216529.57143
mlt,20220206,1218350.28571
mlt,20220207,1219839.14286
mmr,20210126,0
mmr,20210127,1900
mmr,20210205,127933.33333
mmr,20210331,355950
mmr,20210423,644760
mmr,20210504,961260.33333
mmr,20210513,1251780.28571
mmr,20210605,1732929.14286
mmr,20210701,2232386.28571
mmr,20210821,3071484.42857
mmr,20210911,4092115.57143
mmr,20210920,5120917.85714
mmr,20210925,6319762
mmr,20211002,7643876.57143
mmr,20211017,9419542.42857
mmr,20211023,11503700.85714
mmr,20211031,13510175.71429
mmr,20211106,15505685
mmr,20211113,17684563.28571
mmr,20211120,19817921
mmr,20211127,22080308
mmr,20211130,23924603.28571
mmr,20211211,25891735.71429
mmr,20220101,28190213.85714
mmr,20220109,30398425.71429
mmr,20220116,32493587.71429
mmr,20220122,34512549.71429
mmr,20220129,36348698.42857
mne,20210220,0
mne,20210225,556.5
mne,20210226,800.33333
mne,20210301,983
mne,20210303,1171.8
mne,20210305,1351.5
mne,20210306,1502.14286
mne,20210308,1939.57143
mne,20210312,2262.57143
mne,20210314,2620.42857
mne,20210316,3119
mne,20210317,3662.28571
mne,20210318,4210.14286
mne,20210319,4844.85714
mne,20210320,5450
mne,20210323,6206.42857
mne,20210324,7208.71429
mne,20210325,8338.42857
mne,20210326,9625.42857
mne,20210327,11106.28571
mne,20210328,12793.71429
mne,20210329,14628.28571
mne,20210330,16300.28571
mne,20210331,17954.85714
mne,20210401,19400.14286
mne,20210402,20866.42857
mne,20210403,22369.42857
mne,20210404,23947.85714
mne,20210405,25589.42857
mne,20210406,27584
mne,20210407,29650.57143
mne,20210408,31864.14286
mne,20210409,33979.71429
mne,20210410,36036.85714
mne,20210411,37856.85714
mne,20210412,39461.85714
mne,20210413,40982.42857
mne,20210414,42419.57143
mne,20210415,43955.57143
mne,20210416,45526.57143
mne,20210417,47100.57143
mne,20210418,48840
mne,20210419,50644.42857
mne,20210420,52279.28571
mne,20210421,53785.71429
mne,20210422,55051
mne,20210423,56182.71429
mne,20210424,57170.85714
mne,20210425,57925.85714
mne,20210426,58575.42857
mne,20210427,59112.85714
mne,20210428,59537
mne,20210429,59917.85714
mne,20210430,60348.42857
mne,20210501,60885.14286
mne,20210503,61443.57143
mne,20210504,62225.42857
mne,20210505,65815.57143
mne,20210506,70652.71429
mne,20210508,76658
mne,20210509,83481.14286
mne,20210510,90839.14286
mne,20210511,98978.42857
mne,20210512,107568.28571
mne,20210513,114029.57143
mne,20210514,119648.85714
mne,20210515,124564
mne,20210516,128941.28571
mne,20210517,132832.42857
mne,20210518,136335.42857
mne,20210519,139565.28571
mne,20210520,142562
mne,20210521,145479.42857
mne,20210523,148268
mne,20210524,150760
mne,20210525,153369.85714
mne,20210526,158444.57143
mne,20210528,164576.42857
mne,20210529,171534.42857
mne,20210530,179033.85714
mne,20210531,186739.71429
mne,20210601,195413.14286
mne,20210602,204491.71429
mne,20210603,211486.57143
mne,20210604,217643.71429
mne,20210605,223164.57143
mne,20210606,228239.71429
mne,20210607,233013.71429
mne,20210608,237330.28571
mne,20210609,241419.71429
mne,20210610,245168.71429
mne,20210611,248761.57143
mne,20210612,251964.42857
mne,20210614,255016.28571
mne,20210615,258134.28571
mne,20210617,261236.42857
mne,20210618,264148.28571
mne,20210619,266786.57143
mne,20210620,269105.14286
mne,20210621,271259.42857
mne,20210622,273361.28571
mne,20210623,275314.85714
mne,20210624,276958.28571
mne,20210626,278732.57143
mne,20210627,280353.14286
mne,20210628,281877.28571
mne,20210629,283488.57143
mne,20210630,285019.14286
mne,20210701,286534.42857
mne,20210702,287945.85714
mne,20210703,289054.28571
mne,20210704,290193.71429
mne,20210705,291333.57143
mne,20210706,292548.28571
mne,20210707,293801.42857
mne,20210708,295105.14286
mne,20210709,296389.42857
mne,20210710,297677
mne,20210711,298889.42857
mne,20210712,300064.85714
mne,20210713,301130.42857
mne,20210714,302034.85714
mne,20210715,302789.57143
mne,20210716,303527.28571
mne,20210717,304286.14286
mne,20210718,305054.57143
mne,20210719,305826.71429
mne,20210720,306795.28571
mne,20210722,307972.85714
mne,20210723,309287
mne,20210724,310698.14286
mne,20210725,312113.14286
mne,20210726,313543.14286
mne,20210727,315314
mne,20210728,317080.28571
mne,20210729,318964.28571
mne,20210730,320928
mne,20210731,322973
mne,20210801,325112.57143
mne,20210802,327299
mne,20210803,329517.14286
mne,20210804,331685
mne,20210805,333840.85714
mne,20210806,336028.42857
mne,20210807,338219.71429
mne,20210808,340287
mne,20210809,342321.28571
mne,20210810,344255.71429
mne,20210811,346151.14286
mne,20210812,348031.57143
mne,20210813,349895.85714
mne,20210814,351741.14286
mne,20210815,353576.57143
mne,20210816,355408.71429
mne,20210817,357256.14286
mne,20210818,359193.28571
mne,20210819,361162.71429
mne,20210820,363205.85714
mne,20210821,365309.42857
mne,20210822,367499.85714
mne,20210823,369708.71429
mne,20210824,371994.85714
mne,20210825,374286.42857
mne,20210826,376621
mne,20210827,379023.28571
mne,20210828,381434.57143
mne,20210829,383818.14286
mne,20210830,386202.85714
mne,20210831,388500.28571
mne,20210901,390726
mne,20210902,392875
mne,20210903,394885.85714
mne,20210904,396845.57143
mne,20210905,398697.14286
mne,20210906,400498.85714
mne,20210907,402233.28571
mne,20210908,403901.42857
mne,20210909,405532.71429
mne,20210910,407198
mne,20210911,408945.14286
mne,20210912,410816.42857
mne,20210913,412716.85714
mne,20210914,414812.57143
mne,20210915,417056.57143
mne,20210916,419402.85714
mne,20210917,422167.57143
mne,20210919,424666.57143
mne,20210920,427016.28571
mne,20210921,429591.57143
mne,20210922,432284.71429
mne,20210924,434936.85714
mne,20210925,437590.57143
mne,20210926,439681.85714
mne,20210927,441711
mne,20210928,444080.14286
mne,20210929,446459.14286
mne,20210930,448595.14286
mne,20211001,450758.14286
mne,20211002,452871.14286
mne,20211003,454918.85714
mne,20211004,456974.85714
mne,20211005,458922.85714
mne,20211007,461142.42857
mne,20211008,463380.28571
mne,20211009,465544.42857
mne,20211010,467444.28571
mne,20211011,469540.42857
mne,20211013,471759
mne,20211014,473885.71429
mne,20211015,475665
mne,20211016,477535
mne,20211018,479219.42857
mne,20211019,481125.28571
mne,20211020,482960.71429
mne,20211021,484800.57143
mne,20211022,486653.57143
mne,20211023,488459.28571
mne,20211024,489933.57143
mne,20211025,491369
mne,20211026,492684.14286
mne,20211027,493872
mne,20211028,494975.14286
mne,20211029,496008.28571
mne,20211030,496990.57143
mne,20211031,497940.42857
mne,20211101,498868.14286
mne,20211102,499736.14286
mne,20211103,500566.85714
mne,20211104,501515.85714
mne,20211106,502462.71429
mne,20211107,503357.14286
mne,20211108,504260.42857
mne,20211109,505333.85714
mne,20211110,506451.28571
mne,20211111,507626
mne,20211112,508733.85714
mne,20211113,509869.28571
mne,20211114,511009
mne,20211115,512133.71429
mne,20211116,513251.57143
mne,20211118,514509.42857
mne,20211120,515901.85714
mne,20211122,517381.85714
mne,20211124,518801.28571
mne,20211125,520180.71429
mne,20211126,521710.14286
mne,20211127,523244.28571
mne,20211128,524606.14286
mne,20211129,525730.14286
mne,20211130,526805.14286
mne,20211201,527945.14286
mne,20211202,529186.57143
mne,20211203,530411.85714
mne,20211204,531658
mne,20211205,532883.42857
mne,20211206,534088.42857
mne,20211207,535279
mne,20211208,536440.42857
mne,20211209,537581.28571
mne,20211210,538689.71429
mne,20211211,539726
mne,20211212,540708.85714
mne,20211213,541676.14286
mne,20211214,542553.57143
mne,20211215,543379.57143
mne,20211216,544156.71429
mne,20211217,544906.57143
mne,20211218,545641.28571
mne,20211219,546381.57143
mne,20211220,547109.85714
mne,20211221,547841.85714
mne,20211222,558428.85714
mne,20211223,569152.14286
mne,20211224,579988.71429
mne,20211225,590970.14286
mne,20211226,602058.85714
mne,20211228,613471.42857
mne,20211229,625007.85714
mne,20211230,626857.28571
mne,20211231,628729.42857
mne,20220101,630511.85714
mne,20220103,632034.57143
mne,20220104,633423.14286
mne,20220105,634688
mne,20220106,635888.57143
mne,20220107,636879.42857
mne,20220108,637625.71429
mne,20220109,638291.42857
mne,20220112,639261.14286
mne,20220113,640322
mne,20220114,641301.42857
mne,20220115,642236.57143
mne,20220116,643166.71429
mne,20220117,644091.28571
mne,20220118,645083.14286
mne,20220119,645871.85714
mne,20220120,646620.28571
mne,20220121,647323
mne,20220122,647976.85714
mne,20220123,648608.14286
mne,20220124,649321.28571
mne,20220126,650077.71429
mne,20220128,650803.28571
mne,20220130,651541.85714
mne,20220131,652191.85714
mne,20220201,652829
mne,20220203,653545.42857
mne,20220204,654239.57143
mne,20220205,654837.28571
mne,20220206,655391.14286
mne,20220207,655835.14286
mne,20220208,656350.42857
mng,20210222,0
mng,20210225,1556
mng,20210226,2679.33333
mng,20210227,3711.5
mng,20210302,4875.4
mng,20210304,6262.83333
mng,20210309,8364.71429
mng,20210310,12714.14286
mng,20210311,19164.57143
mng,20210312,28102.14286
mng,20210313,39132
mng,20210314,52056.14286
mng,20210315,67069.57143
mng,20210316,82137.14286
mng,20210317,97735.71429
mng,20210318,115345.71429
mng,20210319,132842.85714
mng,20210320,150000.57143
mng,20210321,165611.71429
mng,20210323,180633.14286
mng,20210324,199280.28571
mng,20210327,218770.57143
mng,20210329,234132.57143
mng,20210330,248438.14286
mng,20210331,262187.42857
mng,20210401,276756.57143
mng,20210402,291077.42857
mng,20210403,302474.42857
mng,20210404,316803.71429
mng,20210405,336134.14286
mng,20210406,361396.71429
mng,20210408,399890.85714
mng,20210409,441015.14286
mng,20210422,490608.28571
mng,20210427,586361.42857
mng,20210428,686961.14286
mng,20210429,790429.71429
mng,20210430,896383
mng,20210501,1000199.14286
mng,20210502,1114407.71429
mng,20210503,1237504.85714
mng,20210504,1331000.14286
mng,20210505,1427552
mng,20210506,1542936
mng,20210507,1668398
mng,20210508,1790981.57143
mng,20210509,1907379.28571
mng,20210510,2012891.71429
mng,20210511,2105515.57143
mng,20210512,2189914.85714
mng,20210513,2250843.14286
mng,20210514,2295302.28571
mng,20210515,2332007
mng,20210516,2361853.71429
mng,20210517,2386587.42857
mng,20210518,2409257.85714
mng,20210519,2430463.42857
mng,20210520,2451899.42857
mng,20210521,2474500.85714
mng,20210522,2498701.71429
mng,20210523,2524738.85714
mng,20210524,2556134.42857
mng,20210525,2593481
mng,20210526,2635226.14286
mng,20210527,2685179.28571
mng,20210528,2752459.71429
mng,20210530,2824303.85714
mng,20210531,2904367.42857
mng,20210601,2978476.14286
mng,20210602,3050494.42857
mng,20210603,3124449.42857
mng,20210604,3193803.57143
mng,20210605,3244313.85714
mng,20210606,3289133.42857
mng,20210607,3327946.71429
mng,20210608,3370568.71429
mng,20210610,3409763
mng,20210611,3441620.57143
mng,20210612,3466826.85714
mng,20210613,3489323.57143
mng,20210614,3511492.14286
mng,20210615,3529935.57143
mng,20210617,3545223.71429
mng,20210618,3558236
mng,20210620,3569651.42857
mng,20210622,3583755.28571
mng,20210623,3599041.28571
mng,20210625,3616111.71429
mng,20210627,3632817
mng,20210628,3651653.57143
mng,20210630,3675659.42857
mng,20210701,3701361.42857
mng,20210702,3726638.71429
mng,20210704,3752656.71429
mng,20210706,3780308
mng,20210707,3808425.85714
mng,20210708,3832450.14286
mng,20210710,3851331.85714
mng,20210714,3867653.71429
mng,20210715,3882344.14286
mng,20210717,3896457.85714
mng,20210718,3905748.85714
mng,20210719,3915911.85714
mng,20210720,3927947.85714
mng,20210721,3942089.57143
mng,20210722,3959521.28571
mng,20210723,3978731.57143
mng,20210725,3999057.14286
mng,20210726,4021932.14286
mng,20210727,4044862.85714
mng,20210728,4066989.57143
mng,20210730,4089242.71429
mng,20210801,4108849.71429
mng,20210802,4126575.14286
mng,20210803,4141515
mng,20210804,4155021.42857
mng,20210805,4166581.85714
mng,20210806,4176726.14286
mng,20210807,4183177.14286
mng,20210808,4188735.57143
mng,20210809,4193774.14286
mng,20210810,4199256.85714
mng,20210811,4203872.28571
mng,20210812,4208505.71429
mng,20210813,4213429
mng,20210814,4218560.71429
mng,20210815,4223590.14286
mng,20210816,4228414.57143
mng,20210818,4234598
mng,20210819,4240762.85714
mng,20210820,4248394.85714
mng,20210821,4255246.85714
mng,20210822,4261973.85714
mng,20210823,4269927
mng,20210824,4278229.57143
mng,20210825,4285547.28571
mng,20210826,4292720.57143
mng,20210828,4298762.71429
mng,20210829,4304564.85714
mng,20210830,4311018.57143
mng,20210831,4317009
mng,20210901,4322549.85714
mng,20210902,4327539.42857
mng,20210903,4332233.28571
mng,20210904,4335882.28571
mng,20210905,4339480.42857
mng,20210906,4342506
mng,20210907,4345147.85714
mng,20210908,4347655.85714
mng,20210909,4349843.14286
mng,20210911,4351949.28571
mng,20210913,4354316.57143
mng,20210914,4356884.28571
mng,20210915,4359328.85714
mng,20210916,4361526.14286
mng,20210917,4363590.57143
mng,20210919,4365627.28571
mng,20210920,4367491
mng,20210921,4369002.14286
mng,20210922,4370383.14286
mng,20210923,4371674.85714
mng,20210924,4372941.28571
mng,20210926,4373983.42857
mng,20210927,4375071.71429
mng,20210928,4376104.85714
mng,20210929,4377131.14286
mng,20210930,4378142.14286
mng,20211001,4379099.28571
mng,20211002,4379958.71429
mng,20211003,4380772
mng,20211004,4381534.57143
mng,20211005,4382250.85714
mng,20211006,4382915.14286
mng,20211007,4383501.28571
mng,20211010,4384153.57143
mng,20211011,4384815.28571
mng,20211012,4385549.71429
mng,20211013,4386264.71429
mng,20211014,4386963
mng,20211015,4387634.85714
mng,20211017,4388271
mng,20211018,4388817.28571
mng,20211019,4389352.71429
mng,20211020,4389860.71429
mng,20211024,4390423
mng,20211026,4391045
mng,20211028,4391737.71429
mng,20211031,4392516.85714
mng,20211105,4393500.71429
mng,20211106,4394439.14286
mng,20211108,4395463.85714
mng,20211110,4396531
mng,20211111,4397540.42857
mng,20211112,4398612.57143
mng,20211114,4399602.42857
mng,20211115,4400430.28571
mng,20211116,4401347.57143
mng,20211118,4402301.28571
mng,20211119,4403136.28571
mng,20211121,4403945.42857
mng,20211122,4404634.14286
mng,20211123,4405370.71429
mng,20211124,4406116
mng,20211125,4406863.85714
mng,20211127,4407499.28571
mng,20211128,4408083.71429
mng,20211129,4408736.71429
mng,20211201,4409570.14286
mng,20211202,4410442.42857
mng,20211203,4411300.71429
mng,20211204,4412114.71429
mng,20211205,4412894.85714
mng,20211206,4413756
mng,20211208,4414712
mng,20211209,4415451.71429
mng,20211211,4416182.85714
mng,20211212,4416850.57143
mng,20211213,4417466.42857
mng,20211214,4418157.57143
mng,20211215,4536900
mng,20211222,4662488
mng,20211223,4789067.14286
mng,20211224,4916848.28571
mng,20211225,5045839
mng,20211227,5175341.71429
mng,20211228,5305682.57143
mng,20211229,5318627.28571
mng,20211231,5324933
mng,20220101,5331015
mng,20220102,5336024.85714
mng,20220104,5340060.42857
mng,20220105,5344068.57143
mng,20220106,5347680.71429
mng,20220107,5351212.28571
mng,20220108,5355005.42857
mng,20220109,5358280
mng,20220110,5361432.85714
mng,20220111,5364967.85714
mng,20220112,5368834.42857
mng,20220113,5373132.85714
mng,20220114,5377078.28571
mng,20220116,5382204.71429
mng,20220117,5387248.57143
mng,20220118,5393183.85714
mng,20220119,5399152.85714
mng,20220120,5404932.71429
mng,20220121,5410450.14286
mng,20220122,5416271.57143
mng,20220123,5420461.71429
mng,20220124,5424531.85714
mng,20220125,5428098
mng,20220126,5431347
mng,20220127,5434334
mng,20220128,5436909.85714
mng,20220129,5439140.28571
mng,20220130,5441185.85714
mng,20220131,5443170
mng,20220201,5444813
mng,20220203,5446148
moz,20210307,0
moz,20210313,23219.5
moz,20210323,34581.33333
moz,20210512,114934.75
moz,20210518,170568.8
moz,20210531,207859.33333
moz,20210610,234583.71429
moz,20210624,297209.71429
moz,20210705,363173.28571
moz,20210719,450892
moz,20210724,495978.28571
moz,20210726,538540.42857
moz,20210803,584321
moz,20210809,725949
moz,20210816,875831.57143
moz,20210820,1069552.28571
moz,20210825,1301910.28571
moz,20210908,1549666.14286
moz,20210914,1971578
moz,20211008,2394761.85714
moz,20211015,2737005.14286
moz,20211021,3067265.85714
moz,20211028,3483989.28571
moz,20211031,3994448.57143
moz,20211104,4591571.42857
moz,20211110,5136573.57143
moz,20211118,5881456.85714
moz,20211124,6727806.42857
moz,20211129,7634452.71429
moz,20211202,8451976
moz,20211203,9156077.57143
moz,20211209,9800910.42857
moz,20211213,10411100.71429
moz,20211215,10858813
moz,20211220,11365059.85714
moz,20211226,11974003.71429
moz,20211230,12576121.71429
moz,20220106,13244785.28571
moz,20220110,14092225.28571
moz,20220119,15140187.71429
moz,20220128,16249263
mrt,20210326,0
mrt,20210401,683
mrt,20210408,1432
mrt,20210418,2833.5
mrt,20210509,5399
mrt,20210521,8789.33333
mrt,20210523,11588.28571
mrt,20210526,15698.28571
mrt,20210531,20836.14286
mrt,20210608,26647.14286
mrt,20210610,32017.14286
mrt,20210614,36451.71429
mrt,20210615,39808
mrt,20210623,56090.85714
mrt,20210630,74992.57143
mrt,20210705,94192.85714
mrt,20210707,112910.14286
mrt,20210712,131725.71429
mrt,20210713,150615
mrt,20210715,169673.14286
mrt,20210719,176346.57143
mrt,20210724,180613.42857
mrt,20210726,183522.14286
mrt,20210729,186257.57143
mrt,20210803,192400.57143
mrt,20210805,198839.42857
mrt,20210809,206544.57143
mrt,20210812,214194.57143
mrt,20210816,223106.85714
mrt,20210823,231972.71429
mrt,20210901,242272.85714
mrt,20210909,254748.28571
mrt,20210915,270332.42857
mrt,20210927,396272.42857
mrt,20211013,547182.28571
mrt,20211018,696824.42857
mrt,20211029,882837.28571
mrt,20211104,1077112.42857
mrt,20211108,1273294.85714
mrt,20211110,1466228.57143
mrt,20211111,1548493.14286
mrt,20211115,1606495.71429
mrt,20211118,1665679.85714
mrt,20211122,1689916.14286
mrt,20211124,1705379.42857
mrt,20211202,1716767.42857
mrt,20211206,1730914.85714
mrt,20211208,1745408.71429
mrt,20211213,1760778.85714
mrt,20211215,1775045.71429
mrt,20211216,1788540.42857
mrt,20211217,1801410.85714
mrt,20211223,1812663
mrt,20211226,1821338.57143
mrt,20211230,1841589.85714
mrt,20220102,1914615.28571
mrt,20220116,2000765.57143
mrt,20220124,2092470.14286
mrt,20220207,2192651
msr,20210208,0
msr,20210223,326
msr,20210310,528
msr,20210317,722.5
msr,20210331,886.4
msr,20210414,1030.5
msr,20210421,1156
msr,20210521,1502.85714
msr,20210528,1770
msr,20210611,2006
msr,20210618,2190.85714
msr,20210625,2347.71429
msr,20210702,2476.28571
msr,20210709,2588.57143
msr,20210716,2628.85714
msr,20210723,2658.57143
msr,20210730,2688.14286
msr,20210806,2720.71429
msr,20210903,2748.85714
msr,20210910,2775.85714
msr,20210917,2798.85714
msr,20210924,2821.85714
msr,20211008,2847.71429
msr,20211112,2870.28571
msr,20211223,2897.71429
msr,20220107,2934.14286
msr,20220114,3020.85714
msr,20220121,3140.14286
msr,20220128,3273.42857
msr,20220204,3405.85714
mus,20210125,0
mus,20210201,103.5
mus,20210217,1350
mus,20210324,30343.25
mus,20210512,68403.8
mus,20210531,123803.33333
mus,20210608,171151.71429
mus,20210620,256703.57143
mus,20210624,357666.57143
mus,20210712,485907.57143
mus,20210719,617847.57143
mus,20210724,742825.85714
mus,20210726,850780.28571
mus,20210803,962556.14286
mus,20210809,1062302.85714
mus,20210819,1165085.85714
mus,20210825,1250081.28571
mus,20210901,1324948.57143
mus,20210909,1395794.28571
mus,20210915,1462849
mus,20210922,1519460.28571
mus,20210930,1570669.57143
mus,20211007,1607757.85714
mus,20211014,1638800.14286
mus,20211021,1661760.57143
mus,20211028,1684415.28571
mus,20211104,1703586.14286
mus,20211110,1722213.71429
mus,20211118,1741742.14286
mus,20211119,1761936.42857
mus,20211123,1784984.71429
mus,20211217,1826065.28571
mus,20211223,1864184.28571
mus,20211228,1903732.14286
mwi,20210317,5417
mwi,20210318,7254
mwi,20210319,9944.66667
mwi,20210321,13596
mwi,20210322,15994.6
mwi,20210323,19796.16667
mwi,20210324,24773.42857
mwi,20210326,36872
mwi,20210327,51219.85714
mwi,20210328,64972.14286
mwi,20210330,79050.28571
mwi,20210331,94578.85714
mwi,20210401,109746.71429
mwi,20210402,124055.85714
mwi,20210404,133979.71429
mwi,20210405,141253.85714
mwi,20210406,148845.42857
mwi,20210409,158921.14286
mwi,20210410,168916.71429
mwi,20210411,178113
mwi,20210412,186372.14286
mwi,20210413,196321.57143
mwi,20210414,207792.85714
mwi,20210416,220169.28571
mwi,20210418,229330.28571
mwi,20210419,237023
mwi,20210420,244346
mwi,20210421,251676.85714
mwi,20210422,257115.85714
mwi,20210426,262358.42857
mwi,20210427,266598.57143
mwi,20210428,270608.57143
mwi,20210429,275213.85714
mwi,20210430,280287.14286
mwi,20210506,287118.57143
mwi,20210508,294382.14286
mwi,20210509,300365.14286
mwi,20210510,305972.42857
mwi,20210513,312333
mwi,20210515,318420.28571
mwi,20210517,323882.57143
mwi,20210518,327237
mwi,20210519,329906.71429
mwi,20210520,332786.42857
mwi,20210521,335843.28571
mwi,20210522,337849.85714
mwi,20210523,339520.14286
mwi,20210525,341154.85714
mwi,20210526,342927.14286
mwi,20210528,345181.57143
mwi,20210529,347366.71429
mwi,20210530,349280.28571
mwi,20210531,350812.28571
mwi,20210601,352453.28571
mwi,20210602,354054.57143
mwi,20210603,355484.85714
mwi,20210606,356399.28571
mwi,20210607,357028.85714
mwi,20210609,358780.71429
mwi,20210610,360860.14286
mwi,20210611,363450.71429
mwi,20210612,366393.42857
mwi,20210614,369765.85714
mwi,20210615,373816.57143
mwi,20210616,378692.14286
mwi,20210617,384236.57143
mwi,20210618,390563.28571
mwi,20210619,397194.28571
mwi,20210621,403607.71429
mwi,20210622,409864
mwi,20210623,415434.42857
mwi,20210624,420309.71429
mwi,20210625,423390.14286
mwi,20210626,425441.57143
mwi,20210627,426542.42857
mwi,20210628,427385.14286
mwi,20210727,430721.85714
mwi,20210728,441841.71429
mwi,20210730,463715.57143
mwi,20210731,487163.14286
mwi,20210801,510879.14286
mwi,20210802,534756.85714
mwi,20210803,558964.71429
mwi,20210804,580393.28571
mwi,20210805,597253.71429
mwi,20210808,603470.85714
mwi,20210810,612614
mwi,20210812,625294.57143
mwi,20210814,643817.71429
mwi,20210815,662515.71429
mwi,20210816,681220.14286
mwi,20210817,699494.42857
mwi,20210818,720094.85714
mwi,20210819,739025
mwi,20210820,756627.71429
mwi,20210822,771258.85714
mwi,20210823,785421.28571
mwi,20210824,801335.14286
mwi,20210825,815861.57143
mwi,20210827,830248.42857
mwi,20210829,843044.85714
mwi,20210830,853305.14286
mwi,20210831,861279
mwi,20210901,870590
mwi,20210903,878799.28571
mwi,20210904,887030
mwi,20210905,892938.42857
mwi,20210906,897701.42857
mwi,20210907,903221.28571
mwi,20210910,910379.71429
mwi,20210911,916778.85714
mwi,20210912,922901.42857
mwi,20210913,928233.85714
mwi,20210914,934760.14286
mwi,20210916,942904.14286
mwi,20210917,951197.42857
mwi,20210918,957931.85714
mwi,20210919,964399
mwi,20210920,970626.71429
mwi,20210921,977194
mwi,20210922,983817.85714
mwi,20210923,989829.85714
mwi,20210924,996236
mwi,20210925,1003001.42857
mwi,20210926,1009708.71429
mwi,20210927,1016335.57143
mwi,20210929,1024145.85714
mwi,20211001,1032793.14286
mwi,20211002,1040769.42857
mwi,20211003,1047686.85714
mwi,20211004,1053523.85714
mwi,20211005,1060110.57143
mwi,20211006,1067721.71429
mwi,20211007,1074169.14286
mwi,20211008,1079365.28571
mwi,20211009,1085687
mwi,20211010,1092400.71429
mwi,20211011,1099305.71429
mwi,20211012,1105924.28571
mwi,20211014,1113162.42857
mwi,20211015,1120268.85714
mwi,20211016,1126857.14286
mwi,20211017,1132228.42857
mwi,20211019,1137758.42857
mwi,20211020,1143980.42857
mwi,20211022,1151922.57143
mwi,20211023,1158872.14286
mwi,20211024,1165501.28571
mwi,20211025,1172383.57143
mwi,20211026,1180201.85714
mwi,20211027,1188379.71429
mwi,20211028,1196528.42857
mwi,20211029,1203658.42857
mwi,20211030,1211025.14286
mwi,20211031,1218099.42857
mwi,20211101,1224675
mwi,20211103,1231541.85714
mwi,20211104,1237856
mwi,20211105,1243823.28571
mwi,20211106,1248755.28571
mwi,20211107,1252667.85714
mwi,20211108,1257031.71429
mwi,20211109,1262093.28571
mwi,20211110,1266381.85714
mwi,20211111,1271144.71429
mwi,20211113,1277059.42857
mwi,20211114,1282997.57143
mwi,20211116,1291412.14286
mwi,20211117,1299782.28571
mwi,20211119,1309520.71429
mwi,20211120,1319552.57143
mwi,20211122,1328823.14286
mwi,20211123,1339240
mwi,20211124,1350506.71429
mwi,20211125,1360685.28571
mwi,20211126,1370922.42857
mwi,20211128,1380066.42857
mwi,20211129,1388144.14286
mwi,20211130,1396827.28571
mwi,20211201,1405074.28571
mwi,20211202,1414763.42857
mwi,20211204,1425936.42857
mwi,20211205,1437072.14286
mwi,20211206,1447548.71429
mwi,20211207,1459510.71429
mwi,20211208,1471923
mwi,20211209,1483340.71429
mwi,20211210,1494330
mwi,20211211,1504013.71429
mwi,20211212,1514926.57143
mwi,20211213,1526287.14286
mwi,20211214,1538328.28571
mwi,20211215,1550662.57143
mwi,20211216,1563367.57143
mwi,20211217,1577800.57143
mwi,20211218,1592200
mwi,20211219,1606518.71429
mwi,20211220,1620641.57143
mwi,20211221,1634742.14286
mwi,20211222,1648583.14286
mwi,20211223,1664720.85714
mwi,20211224,1679311
mwi,20211225,1693571.42857
mwi,20211226,1706638.57143
mwi,20211227,1719062.28571
mwi,20211228,1731956
mwi,20211229,1745311.42857
mwi,20211230,1754509.85714
mwi,20211231,1764512.71429
mwi,20220101,1774442.71429
mwi,20220102,1783574.57143
mwi,20220103,1792597.71429
mwi,20220104,1799574.14286
mwi,20220105,1805064.14286
mwi,20220106,1812673.57143
mwi,20220107,1817486.28571
mwi,20220108,1821680.57143
mwi,20220109,1826205.57143
mwi,20220111,1831753.57143
mwi,20220113,1837704.85714
mwi,20220114,1843413.57143
mwi,20220115,1847269.28571
mwi,20220116,1850826.42857
mwi,20220118,1854045.57143
mwi,20220120,1857520.14286
mwi,20220121,1860269.28571
mwi,20220122,1862366.57143
mwi,20220123,1864343.71429
mwi,20220124,1866089
mwi,20220125,1867700.28571
mwi,20220126,1869288
mwi,20220127,1870510.71429
mwi,20220128,1871658.28571
mwi,20220129,1872798
mwi,20220131,1874492.57143
mwi,20220201,1876269
mwi,20220202,1878265.85714
mwi,20220203,1880350.14286
mwi,20220204,1882310.42857
mwi,20220205,1884167
mwi,20220207,1885916.28571
mys,20210224,66
mys,20210225,641.5
mys,20210226,2190.33333
mys,20210227,4643.75
mys,20210228,7459.8
mys,20210301,11902.5
mys,20210302,18174
mys,20210303,29379
mys,20210304,43213.28571
mys,20210305,58519
mys,20210306,75127.85714
mys,20210307,92575
mys,20210308,111711.57143
mys,20210309,132053.85714
mys,20210310,153265.57143
mys,20210311,175472
mys,20210312,199357.71429
mys,20210313,223418.14286
mys,20210314,247153.28571
mys,20210315,269913.85714
mys,20210316,292010.71429
mys,20210317,312975
mys,20210318,332738.28571
mys,20210319,350851.57143
mys,20210320,368500.14286
mys,20210321,386898.71429
mys,20210322,405854.85714
mys,20210323,425339.57143
mys,20210324,446004.14286
mys,20210325,467767.57143
mys,20210326,489841.57143
mys,20210327,512249.71429
mys,20210328,534808.28571
mys,20210329,558930.57143
mys,20210330,584732
mys,20210331,611727.85714
mys,20210401,641104.57143
mys,20210402,672443.71429
mys,20210403,703965.57143
mys,20210404,735284
mys,20210405,765669
mys,20210406,794880.14286
mys,20210407,823169.28571
mys,20210408,849234.71429
mys,20210409,874033.57143
mys,20210410,898591.57143
mys,20210411,924293.28571
mys,20210412,951511
mys,20210413,977557.14286
mys,20210414,1003270.42857
mys,20210415,1029035.85714
mys,20210416,1054505.71429
mys,20210417,1079110.57143
mys,20210418,1101810.14286
mys,20210419,1123629
mys,20210420,1146713.85714
mys,20210421,1169657
mys,20210422,1192930.85714
mys,20210423,1216113.28571
mys,20210424,1239552.57143
mys,20210425,1263704.28571
mys,20210426,1287449.42857
mys,20210427,1311384.28571
mys,20210428,1337033.57143
mys,20210429,1360247.28571
mys,20210430,1384575.14286
mys,20210501,1408048.28571
mys,20210502,1431655.14286
mys,20210503,1458257.71429
mys,20210504,1487022.71429
mys,20210505,1517976.14286
mys,20210506,1555119.71429
mys,20210507,1595282.85714
mys,20210508,1638538.28571
mys,20210509,1684184.14286
mys,20210510,1731304.42857
mys,20210511,1778302.71429
mys,20210512,1820036.42857
mys,20210513,1853806.71429
mys,20210514,1880751.42857
mys,20210515,1905380.42857
mys,20210516,1926839.85714
mys,20210517,1948170.42857
mys,20210518,1973679.14286
mys,20210519,2008646.71429
mys,20210520,2055211
mys,20210521,2110501
mys,20210522,2170902.28571
mys,20210523,2236466
mys,20210524,2307058.57143
mys,20210525,2380859
mys,20210526,2445808.85714
mys,20210527,2514656.85714
mys,20210528,2585420.14286
mys,20210529,2658969.71429
mys,20210530,2734861.14286
mys,20210531,2810823.71429
mys,20210601,2886683
mys,20210602,2974622.28571
mys,20210603,3064100
mys,20210604,3155995.85714
mys,20210605,3248952.85714
mys,20210606,3344762.71429
mys,20210607,3436223.28571
mys,20210608,3535545.28571
mys,20210609,3642037.28571
mys,20210610,3754525.57143
mys,20210611,3872043.71429
mys,20210612,3998707.57143
mys,20210613,4132401.85714
mys,20210614,4285816.85714
mys,20210615,4449003.71429
mys,20210616,4620399.14286
mys,20210617,4801547.57143
mys,20210618,4991149.71429
mys,20210619,5185691.57143
mys,20210620,5382334.28571
mys,20210621,5584892
mys,20210622,5792717.14286
mys,20210623,6007815
mys,20210624,6229804.42857
mys,20210625,6457119
mys,20210626,6688190.85714
mys,20210627,6923727.14286
mys,20210628,7154233.71429
mys,20210629,7382474.57143
mys,20210630,7611466.85714
mys,20210701,7839383.28571
mys,20210702,8069837.85714
mys,20210703,8303956.28571
mys,20210704,8543489.42857
mys,20210705,8799859.28571
mys,20210706,9072223.71429
mys,20210707,9362387.71429
mys,20210708,9669742
mys,20210709,9992749.71429
mys,20210710,10331799.28571
mys,20210711,10682597.71429
mys,20210712,11048584.42857
mys,20210713,11426502.71429
mys,20210714,11813547.14286
mys,20210715,12213220.28571
mys,20210716,12622539.42857
mys,20210717,13040491
mys,20210718,13466799.71429
mys,20210719,13894378
mys,20210720,14303670.71429
mys,20210721,14712994.85714
mys,20210722,15128188
mys,20210723,15552115.14286
mys,20210724,15981270.42857
mys,20210725,16419113.42857
mys,20210726,16870535.85714
mys,20210727,17359165
mys,20210728,17865371.57143
mys,20210729,18380362.42857
mys,20210730,18903469.28571
mys,20210731,19442374.85714
mys,20210801,19992505.85714
mys,20210802,20535610
mys,20210803,21069096
mys,20210804,21593126
mys,20210805,22111064.42857
mys,20210806,22619772
mys,20210807,23115364.14286
mys,20210808,23598949.28571
mys,20210809,24082400
mys,20210810,24547822.71429
mys,20210811,25013738.85714
mys,20210812,25481596.85714
mys,20210813,25953160.85714
mys,20210814,26427435.85714
mys,20210815,26905775.57143
mys,20210816,27389596
mys,20210817,27897811
mys,20210818,28413531.28571
mys,20210819,28928785.57143
mys,20210820,29446566.14286
mys,20210821,29968662.14286
mys,20210822,30494368.42857
mys,20210823,31004741.71429
mys,20210824,31500451.28571
mys,20210825,31978977.85714
mys,20210826,32441879
mys,20210827,32885190.71429
mys,20210828,33310301.42857
mys,20210829,33716454.42857
mys,20210830,34118764.71429
mys,20210831,34498316.85714
mys,20210901,34874894.14286
mys,20210902,35246456.71429
mys,20210903,35615392.85714
mys,20210904,35978939.57143
mys,20210905,36340186.42857
mys,20210906,36694451.14286
mys,20210907,37057926.85714
mys,20210908,37410113.14286
mys,20210909,37754966.14286
mys,20210910,38093879.85714
mys,20210911,38425656.14286
mys,20210912,38748077.71429
mys,20210913,39057408.14286
mys,20210914,39354709.28571
mys,20210915,39640841.85714
mys,20210916,39908011.28571
mys,20210917,40167400.71429
mys,20210918,40422342.28571
mys,20210919,40675507.57143
mys,20210920,40937375.71429
mys,20210921,41200393.57143
mys,20210922,41473056.28571
mys,20210923,41763897.42857
mys,20210924,42058875.28571
mys,20210925,42357165.14286
mys,20210926,42661830.57143
mys,20210927,42970133.14286
mys,20210928,43288224.28571
mys,20210929,43608363.42857
mys,20210930,43927909
mys,20211001,44241301.71429
mys,20211002,44546922.57143
mys,20211003,44843232.42857
mys,20211004,45125076.42857
mys,20211005,45391279.28571
mys,20211006,45638033.42857
mys,20211007,45865004.57143
mys,20211008,46082757.42857
mys,20211009,46290207.28571
mys,20211010,46486067
mys,20211011,46676163
mys,20211012,46863787.28571
mys,20211013,47051163.42857
mys,20211014,47240178.14286
mys,20211015,47429357
mys,20211016,47616578.57143
mys,20211017,47804565.85714
mys,20211018,47995478.28571
mys,20211019,48175301
mys,20211020,48362414.14286
mys,20211021,48553922
mys,20211022,48742725.85714
mys,20211023,48929112.14286
mys,20211024,49114026.14286
mys,20211025,49295539.85714
mys,20211026,49484186.28571
mys,20211027,49659646.28571
mys,20211028,49827429.71429
mys,20211029,49992197
mys,20211030,50151112.85714
mys,20211031,50300769.28571
mys,20211101,50438934.28571
mys,20211102,50568052.85714
mys,20211103,50688988.57143
mys,20211104,50788551
mys,20211105,50879607.42857
mys,20211106,50965607.42857
mys,20211107,51047855.14286
mys,20211108,51130109.57143
mys,20211109,51211349.71429
mys,20211110,51294951.71429
mys,20211111,51393552.71429
mys,20211112,51496819.71429
mys,20211113,51602170.14286
mys,20211114,51708295.28571
mys,20211115,51813504
mys,20211116,51919501.71429
mys,20211117,52023576.57143
mys,20211118,52124678.42857
mys,20211119,52224363.85714
mys,20211120,52322457.28571
mys,20211121,52419473.85714
mys,20211122,52517410.71429
mys,20211123,52617466.28571
mys,20211124,52720464
mys,20211125,52825649.28571
mys,20211126,52931913
mys,20211127,53039378.42857
mys,20211128,53147507.57143
mys,20211129,53255523.28571
mys,20211130,53363436.57143
mys,20211201,53471896.57143
mys,20211202,53581925.28571
mys,20211203,53693793.85714
mys,20211204,53807848
mys,20211205,53923834.14286
mys,20211206,54038438.85714
mys,20211207,54151657.28571
mys,20211208,54262519
mys,20211209,54372140.14286
mys,20211210,54481594.71429
mys,20211211,54591306.85714
mys,20211212,54702773.14286
mys,20211213,54818720.71429
mys,20211214,54939952.85714
mys,20211215,55067490.71429
mys,20211216,55199497
mys,20211217,55336775
mys,20211218,55474036.57143
mys,20211219,55612921
mys,20211220,55754044.71429
mys,20211221,55895940.14286
mys,20211222,56038823.57143
mys,20211223,56182353.42857
mys,20211224,56322875.71429
mys,20211225,56456610.57143
mys,20211226,56588159.71429
mys,20211227,56717320.28571
mys,20211228,56844408.14286
mys,20211229,56972719.28571
mys,20211230,57105069.57143
mys,20211231,57243304.57143
mys,20220101,57383776.71429
mys,20220102,57528534.85714
mys,20220103,57684623.71429
mys,20220104,57853189.42857
mys,20220105,58030119.14286
mys,20220106,58213651.85714
mys,20220107,58402136.85714
mys,20220108,58602722
mys,20220109,58805600.85714
mys,20220110,59010508.85714
mys,20220111,59217125.85714
mys,20220112,59425215.85714
mys,20220113,59635267.42857
mys,20220114,59847980.14286
mys,20220115,60066774
mys,20220116,60290791.42857
mys,20220117,60517658
mys,20220118,60726675
mys,20220119,60937626
mys,20220120,61145760.14286
mys,20220121,61347462.28571
mys,20220122,61547748.85714
mys,20220123,61745931.14286
mys,20220124,61938497.71429
mys,20220125,62143340.42857
mys,20220126,62339513.42857
mys,20220127,62529609.28571
mys,20220128,62717974.85714
mys,20220129,62897834.28571
mys,20220130,63070109.57143
mys,20220131,63226812.71429
mys,20220201,63356603.85714
mys,20220202,63460492.57143
mys,20220203,63549350
mys,20220204,63625298.14286
mys,20220205,63697595.28571
mys,20220206,63768427.85714
mys,20220207,63842581.28571
mys,20220208,63934317.57143
nam,20210318,0
nam,20210325,76
nam,20210331,551
nam,20210401,876
nam,20210403,1119.6
nam,20210408,1354
nam,20210411,1531.71429
nam,20210412,1942.42857
nam,20210413,2366.71429
nam,20210414,2621.14286
nam,20210415,2869.14286
nam,20210416,3140.42857
nam,20210417,3421.42857
nam,20210418,3710.28571
nam,20210419,3977.85714
nam,20210420,4346
nam,20210421,4768.14286
nam,20210422,5315.28571
nam,20210423,6167
nam,20210424,7318
nam,20210425,8491.28571
nam,20210428,10670.85714
nam,20210430,12957.71429
nam,20210501,15645
nam,20210505,18785
nam,20210506,22313.85714
nam,20210507,25723.42857
nam,20210508,29587
nam,20210509,32460.57143
nam,20210510,35313.14286
nam,20210511,38104.28571
nam,20210512,40645
nam,20210513,42497.71429
nam,20210514,44489.71429
nam,20210515,46387.57143
nam,20210516,48285
nam,20210517,50024.14286
nam,20210518,51797
nam,20210519,53705.14286
nam,20210521,56328.28571
nam,20210522,58670.85714
nam,20210523,60741.71429
nam,20210525,63079.28571
nam,20210526,65748.42857
nam,20210527,68272.14286
nam,20210529,70533.71429
nam,20210530,72046.57143
nam,20210531,73502.28571
nam,20210601,75082.42857
nam,20210602,76628.14286
nam,20210603,78110.14286
nam,20210604,79621.71429
nam,20210605,81205.57143
nam,20210606,82762.14286
nam,20210607,84320.71429
nam,20210608,86034.71429
nam,20210609,87817
nam,20210610,89749.28571
nam,20210611,91826.28571
nam,20210612,93731.42857
nam,20210613,95885
nam,20210614,98134.42857
nam,20210615,100574.14286
nam,20210616,103378.42857
nam,20210617,106278.42857
nam,20210618,109311.28571
nam,20210619,112620
nam,20210620,115693.57143
nam,20210621,118672.85714
nam,20210622,121646.28571
nam,20210623,124413.28571
nam,20210624,127031.14286
nam,20210625,129604
nam,20210626,132062.57143
nam,20210627,134511.85714
nam,20210629,137276.57143
nam,20210630,139754.71429
nam,20210701,142003.71429
nam,20210702,144028.57143
nam,20210703,145642.85714
nam,20210704,146957
nam,20210705,148343
nam,20210706,149642.14286
nam,20210707,150899.57143
nam,20210708,152169.28571
nam,20210709,153648.28571
nam,20210710,155248.57143
nam,20210711,156862.57143
nam,20210712,158538.28571
nam,20210713,160211.14286
nam,20210714,161905
nam,20210715,163559.57143
nam,20210716,165045.71429
nam,20210717,166396
nam,20210718,167727.71429
nam,20210719,169026.71429
nam,20210720,170658.14286
nam,20210721,172684.57143
nam,20210722,175296.85714
nam,20210723,178339.28571
nam,20210724,181700.42857
nam,20210725,185157.71429
nam,20210726,188708.42857
nam,20210727,192230.85714
nam,20210728,195559.71429
nam,20210729,198615.57143
nam,20210730,201490.57143
nam,20210731,204203.57143
nam,20210801,206900
nam,20210802,209527.42857
nam,20210803,212064.42857
nam,20210804,214468
nam,20210805,216664.71429
nam,20210806,218764.57143
nam,20210807,220886.85714
nam,20210808,222956.71429
nam,20210810,225824.71429
nam,20210811,229600
nam,20210812,234110.57143
nam,20210813,239246
nam,20210814,244604.28571
nam,20210815,249799.71429
nam,20210816,255515.14286
nam,20210819,261069.14286
nam,20210825,269670
nam,20210901,280607.14286
nam,20210909,293991
nam,20210915,309785.42857
nam,20210922,330183
nam,20210930,353102
nam,20211007,381454.71429
nam,20211014,408592.14286
nam,20211021,438018.71429
nam,20211028,469626.57143
nam,20211104,501917.71429
nam,20211110,531440.42857
nam,20211118,560186.57143
nam,20220102,584675.85714
nam,20220121,608394.57143
nam,20220126,642488
ncl,20210202,1118
ncl,20210210,1395
ncl,20210216,1838.66667
ncl,20210223,2493.25
ncl,20210309,3947.6
ncl,20210316,5917.5
ncl,20210323,8316
ncl,20210330,12286.71429
ncl,20210407,17370.42857
ncl,20210413,23296.71429
ncl,20210420,30214.42857
ncl,20210427,37521.71429
ncl,20210504,44948.57143
ncl,20210511,52501.85714
ncl,20210518,59904.85714
ncl,20210525,66959.28571
ncl,20210601,73871.28571
ncl,20210608,80423.57143
ncl,20210615,86173.85714
ncl,20210621,91449.28571
ncl,20210629,96546.28571
ncl,20210706,101472.57143
ncl,20210720,106693.42857
ncl,20210727,111428.85714
ncl,20210802,115904.71429
ncl,20210809,120567
ncl,20210816,125472.57143
ncl,20210823,130289
ncl,20210831,135531
ncl,20210907,140543.14286
ncl,20210914,147839
ncl,20210921,158797
ncl,20210928,171644.28571
ncl,20211005,187719.85714
ncl,20211012,207982.57143
ncl,20211018,230927.14286
ncl,20211025,254669.42857
ncl,20211101,277117.28571
ncl,20211108,296148.42857
ncl,20211115,313158.57143
ncl,20211122,326812.57143
ncl,20211130,335891
ncl,20211206,341522
ncl,20211213,345788.71429
ncl,20211220,348898.57143
ncl,20220104,351535.28571
ncl,20220111,353901.85714
ncl,20220118,355867.71429
ncl,20220124,357543.85714
ncl,20220131,359165.14286
ncl,20220207,360535.57143
ner,20210328,0
ner,20210417,683
ner,20210512,25157.33333
ner,20210518,49274.5
ner,20210526,71324.6
ner,20210608,89601.66667
ner,20210614,103402.42857
ner,20210624,139914.85714
ner,20210809,200503
ner,20210816,259338.42857
ner,20210823,312041.71429
ner,20210922,362437.28571
ner,20210929,412853.28571
ner,20211010,478550.28571
ner,20211015,556773
ner,20211027,624004.85714
ner,20211114,692160.14286
ner,20211128,760886.85714
ner,20220110,941726.71429
ner,20220131,1122394.71429
nga,20210304,0
nga,20210315,4000
nga,20210324,95152.66667
nga,20210328,199771
nga,20210331,303499.2
nga,20210401,389393.5
nga,20210406,471535.42857
nga,20210414,620640.71429
nga,20210415,769654.42857
nga,20210416,884524.42857
nga,20210418,967824.57143
nga,20210419,1022598.14286
nga,20210420,1064818.57143
nga,20210421,1088952.57143
nga,20210422,1103871.28571
nga,20210423,1119226.42857
nga,20210424,1131553.42857
nga,20210425,1142237.42857
nga,20210426,1152731.42857
nga,20210427,1162379
nga,20210428,1170698.71429
nga,20210501,1181261.71429
nga,20210502,1191426.14286
nga,20210503,1201280.14286
nga,20210504,1212041.57143
nga,20210505,1225106.85714
nga,20210506,1240511.42857
nga,20210507,1301114.85714
nga,20210508,1362712.42857
nga,20210509,1424993.14286
nga,20210510,1490768.57143
nga,20210511,1557405.85714
nga,20210512,1626191.57143
nga,20210513,1693874.28571
nga,20210514,1715545.85714
nga,20210515,1735725.85714
nga,20210516,1756596.85714
nga,20210517,1774575.71429
nga,20210518,1793023
nga,20210519,1811958.14286
nga,20210520,1830707
nga,20210521,1851245
nga,20210522,1870186.28571
nga,20210523,1886963.71429
nga,20210525,1903626.85714
nga,20210526,1919545.85714
nga,20210527,1931924
nga,20210528,1944702.28571
nga,20210529,1956939.42857
nga,20210530,1969432.14286
nga,20210531,1983835.85714
nga,20210601,1999763.14286
nga,20210602,2022087.57143
nga,20210604,2058991.85714
nga,20210615,2155407.71429
nga,20210624,2313677.42857
nga,20210628,2511232
nga,20210705,2768717.14286
nga,20210712,3038391
nga,20210809,3303658.42857
nga,20210828,3583194.14286
nga,20210831,3836498.28571
nga,20210905,4107503.14286
nga,20210906,4361702.71429
nga,20210912,4630211.28571
nga,20210915,4904467.28571
nga,20210919,5221557.85714
nga,20210922,5517630.71429
nga,20210925,5820587.42857
nga,20210930,6068148.57143
nga,20211007,6347191.71429
nga,20211014,6599503.71429
nga,20211018,6909641.57143
nga,20211021,7195668.14286
nga,20211023,7502397
nga,20211028,7792153.42857
nga,20211031,8083264.14286
nga,20211104,8330702.85714
nga,20211110,8538006.28571
nga,20211111,8679184.71429
nga,20211118,8831308.85714
nga,20211121,8985774.57143
nga,20211124,9137028
nga,20211125,9290405.57143
nga,20211202,9470082.71429
nga,20211203,9754063.28571
nga,20211209,10064896
nga,20211212,10437779.85714
nga,20211215,10827944.28571
nga,20211220,11303898.71429
nga,20211222,11825721
nga,20211227,12401392.42857
nga,20211230,12876300.85714
nga,20211231,13396932.14286
nga,20220106,13881059.28571
nga,20220109,14521072.85714
nga,20220112,15087241
nga,20220114,15669557.14286
nga,20220116,16221291.28571
nga,20220118,16839283.85714
nga,20220122,17485328.42857
nga,20220123,18098725.42857
nga,20220129,18659147.57143
nic,20210301,0
nic,20210414,30812.5
nic,20210424,65585
nic,20210507,90776.25
nic,20210521,106121
nic,20210716,157707.5
nic,20210817,218053.14286
nic,20210820,305595.85714
nic,20210827,389039.85714
nic,20210903,465436.14286
nic,20210910,546707.85714
nic,20210917,632651.42857
nic,20210925,685917.42857
nic,20211001,726157.42857
nic,20211008,781470.42857
nic,20211022,875893.42857
nic,20211105,1019463.71429
nic,20211119,1776302.42857
nic,20211201,2577314.28571
nic,20211208,3441133.71429
nic,20211210,4309840.71429
nic,20211215,5211051.71429
nic,20211229,6136544.14286
nic,20220107,7037355.57143
nic,20220112,7337756.57143
nic,20220119,7627383.85714
nic,20220126,7888011
nic,20220202,8164971.14286
niu,20210621,0
niu,20210629,349
niu,20210706,638
niu,20210802,1066.5
nld,20210109,33759
nld,20210116,55360.5
nld,20210123,92345.33333
nld,20210130,157083.75
nld,20210206,239912
nld,20210213,331269.5
nld,20210220,432211
nld,20210227,624886
nld,20210306,853400.71429
nld,20210313,1109893.85714
nld,20210320,1370594.14286
nld,20210327,1642449.85714
nld,20210403,1947754.85714
nld,20210410,2309239.71429
nld,20210417,2736670.42857
nld,20210424,3215388.57143
nld,20210501,3751473.14286
nld,20210508,4377485.42857
nld,20210515,5104962.42857
nld,20210522,5915529
nld,20210529,6778540.71429
nld,20210605,7695515.71429
nld,20210612,8756167.71429
nld,20210619,9920921.57143
nld,20210626,11169627.85714
nld,20210703,12484691.85714
nld,20210710,13830261.42857
nld,20210717,15188879.28571
nld,20210724,16499830.28571
nld,20210731,17689624.14286
nld,20210807,18795525.85714
nld,20210814,19800407.42857
nld,20210821,20637250.85714
nld,20210828,21334338.28571
nld,20210904,21904096.42857
nld,20210911,22370898.28571
nld,20210918,22743130.57143
nld,20210925,23017187.14286
nld,20211002,23205450
nld,20211009,23366245.42857
nld,20211016,23503987
nld,20211023,23627178.57143
nld,20211030,23747932
nld,20211106,23865314
nld,20211113,23980265.57143
nld,20211120,24094004.42857
nld,20211127,24232312.28571
nld,20211204,24414647.14286
nld,20211211,24669157.57143
nld,20211218,25039566.71429
nld,20211225,25577709.57143
nld,20220101,26331593.71429
nld,20220108,27340332.57143
nld,20220115,28472911.71429
nld,20220122,29613763.14286
nld,20220129,30708645
nld,20220205,31684457.71429
nld_curacao,20210329,19609
nld_curacao,20210330,20047
nld_curacao,20210401,20811
nld_curacao,20210405,22642.5
nld_curacao,20210406,24155.2
nld_curacao,20210407,25517.66667
nld_curacao,20210408,26748
nld_curacao,20210409,29213.28571
nld_curacao,20210410,32093.71429
nld_curacao,20210413,36034.71429
nld_curacao,20210414,39660.71429
nld_curacao,20210415,43656.28571
nld_curacao,20210416,47756.42857
nld_curacao,20210417,52087.42857
nld_curacao,20210419,56643.71429
nld_curacao,20210420,61118.71429
nld_curacao,20210421,64677.71429
nld_curacao,20210422,68130.28571
nld_curacao,20210423,71299
nld_curacao,20210424,74582.57143
nld_curacao,20210425,77478.14286
nld_curacao,20210426,80052.57143
nld_curacao,20210427,82512.57143
nld_curacao,20210428,84642.14286
nld_curacao,20210429,86961
nld_curacao,20210430,89152
nld_curacao,20210501,91077.71429
nld_curacao,20210502,92904.57143
nld_curacao,20210503,94868.28571
nld_curacao,20210504,96812.57143
nld_curacao,20210505,99094.57143
nld_curacao,20210506,100959.14286
nld_curacao,20210508,102746.14286
nld_curacao,20210509,104453
nld_curacao,20210510,106252.85714
nld_curacao,20210511,107812.71429
nld_curacao,20210512,109264.57143
nld_curacao,20210513,110670.42857
nld_curacao,20210514,112190.71429
nld_curacao,20210515,113891.71429
nld_curacao,20210516,115919.28571
nld_curacao,20210517,118137.85714
nld_curacao,20210518,120654
nld_curacao,20210519,123431.14286
nld_curacao,20210520,126251.28571
nld_curacao,20210521,129448.71429
nld_curacao,20210522,132590.57143
nld_curacao,20210523,135369.42857
nld_curacao,20210524,138074.85714
nld_curacao,20210525,140638.57143
nld_curacao,20210526,142773.42857
nld_curacao,20210527,144685.57143
nld_curacao,20210528,146160.42857
nld_curacao,20210529,147474.71429
nld_curacao,20210530,148784.85714
nld_curacao,20210531,150100.28571
nld_curacao,20210601,151160.42857
nld_curacao,20210602,152283
nld_curacao,20210603,153354.57143
nld_curacao,20210604,154231.28571
nld_curacao,20210605,155064.57143
nld_curacao,20210606,155821.14286
nld_curacao,20210607,156463.28571
nld_curacao,20210608,157113.42857
nld_curacao,20210609,157734
nld_curacao,20210610,158282.28571
nld_curacao,20210611,158872.14286
nld_curacao,20210612,159444.71429
nld_curacao,20210613,160007.85714
nld_curacao,20210614,160543.57143
nld_curacao,20210615,161040.14286
nld_curacao,20210616,161508.85714
nld_curacao,20210617,161960.71429
nld_curacao,20210618,162404.71429
nld_curacao,20210619,162818.42857
nld_curacao,20210620,163232.57143
nld_curacao,20210621,163597.85714
nld_curacao,20210622,163944.71429
nld_curacao,20210623,164292.28571
nld_curacao,20210624,164628.85714
nld_curacao,20210625,164949.28571
nld_curacao,20210626,165253.42857
nld_curacao,20210627,165549
nld_curacao,20210628,165886.28571
nld_curacao,20210629,166210.57143
nld_curacao,20210630,166528.71429
nld_curacao,20210701,166820.71429
nld_curacao,20210702,167068.85714
nld_curacao,20210703,167323.71429
nld_curacao,20210704,167543.28571
nld_curacao,20210706,167764.85714
nld_curacao,20210707,168011.71429
nld_curacao,20210709,168288.28571
nld_curacao,20210710,168629
nld_curacao,20210713,169029
nld_curacao,20210714,169444
nld_curacao,20210715,169906.57143
nld_curacao,20210716,170305.57143
nld_curacao,20210717,170724.28571
nld_curacao,20210718,171067.57143
nld_curacao,20210719,171391.14286
nld_curacao,20210720,171648
nld_curacao,20210721,171910.71429
nld_curacao,20210722,172151.42857
nld_curacao,20210723,172397.71429
nld_curacao,20210724,172634.85714
nld_curacao,20210727,172917.71429
nld_curacao,20210728,173210.14286
nld_curacao,20210730,173532
nld_curacao,20210731,173879.57143
nld_curacao,20210803,174256.14286
nld_curacao,20210804,174656.57143
nld_curacao,20210806,175008.14286
nld_curacao,20210807,175430.42857
nld_curacao,20210809,175835.71429
nld_curacao,20210810,176235.28571
nld_curacao,20210811,176661.14286
nld_curacao,20210813,177054.85714
nld_curacao,20210814,177529.71429
nld_curacao,20210817,178007.71429
nld_curacao,20210818,178451.71429
nld_curacao,20210820,178862.28571
nld_curacao,20210821,179336.85714
nld_curacao,20210824,179711.14286
nld_curacao,20210825,180126.57143
nld_curacao,20210827,180439.14286
nld_curacao,20210828,180823.42857
nld_curacao,20210829,181143.85714
nld_curacao,20210830,181466.71429
nld_curacao,20210831,181751.57143
nld_curacao,20210901,182065.85714
nld_curacao,20210902,182312
nld_curacao,20210903,182548.42857
nld_curacao,20210904,182777.42857
nld_curacao,20210906,182987.85714
nld_curacao,20210907,183179
nld_curacao,20210908,183381.71429
nld_curacao,20210910,183547
nld_curacao,20210911,183785.28571
nld_curacao,20210914,184025.14286
nld_curacao,20210915,184247.85714
nld_curacao,20210916,184473.14286
nld_curacao,20210918,184773
nld_curacao,20210919,185009.71429
nld_curacao,20210921,185303.85714
nld_curacao,20210922,185532.71429
nld_curacao,20210923,185756.57143
nld_curacao,20210924,185917.85714
nld_curacao,20210925,186149.85714
nld_curacao,20210928,186311.57143
nld_curacao,20210929,186531.42857
nld_curacao,20211001,186693.85714
nld_curacao,20211002,186915.71429
nld_curacao,20211005,187139.71429
nld_curacao,20211006,187424
nld_curacao,20211008,187637.85714
nld_curacao,20211009,187922.42857
nld_curacao,20211010,188153.71429
nld_curacao,20211013,188442.42857
nld_curacao,20211015,188747.71429
nld_curacao,20211017,189133.71429
nld_curacao,20211018,189456.28571
nld_curacao,20211019,189821.85714
nld_curacao,20211020,190151.42857
nld_curacao,20211021,190474.14286
nld_curacao,20211022,190762.85714
nld_curacao,20211023,191064.71429
nld_curacao,20211025,191282.85714
nld_curacao,20211026,191500
nld_curacao,20211027,191749.57143
nld_curacao,20211028,191961
nld_curacao,20211029,192171.85714
nld_curacao,20211030,192437.42857
nld_curacao,20211103,192689.14286
nld_curacao,20211106,193035
nld_curacao,20211110,193461.57143
nld_curacao,20211111,193811.28571
nld_curacao,20211113,194254.71429
nld_curacao,20211117,194780.28571
nld_curacao,20211120,195301.85714
nld_curacao,20211123,195759.14286
nld_curacao,20211124,196175.57143
nld_curacao,20211125,196511.85714
nld_curacao,20211126,196845.71429
nld_curacao,20211127,197154.28571
nld_curacao,20211130,197380.85714
nld_curacao,20211201,197574.57143
nld_curacao,20211202,197752.28571
nld_curacao,20211204,197937.14286
nld_curacao,20211206,198121.28571
nld_curacao,20211208,198356.57143
nld_curacao,20211209,198522.28571
nld_curacao,20211210,198687.85714
nld_curacao,20211211,198858
nld_curacao,20211213,199065.42857
nld_curacao,20211214,199278.42857
nld_curacao,20211215,199611.71429
nld_curacao,20211216,200000.57143
nld_curacao,20211217,200503.71429
nld_curacao,20211218,201086.71429
nld_curacao,20211220,201758.71429
nld_curacao,20211221,202405.42857
nld_curacao,20211222,203072.71429
nld_curacao,20211223,203705.28571
nld_curacao,20211224,204335.28571
nld_curacao,20211226,205207.85714
nld_curacao,20211227,206323.42857
nld_curacao,20211228,207934.85714
nld_curacao,20211230,209701
nld_curacao,20211231,211454.85714
nld_curacao,20220102,213355.14286
nld_curacao,20220103,215350.28571
nld_curacao,20220104,217230.28571
nld_curacao,20220105,219020
nld_curacao,20220106,220443.57143
nld_curacao,20220107,221938.71429
nld_curacao,20220108,223795.85714
nld_curacao,20220109,225423.85714
nld_curacao,20220110,227083.42857
nld_curacao,20220111,228566
nld_curacao,20220112,229994
nld_curacao,20220113,231204.28571
nld_curacao,20220114,232268.14286
nld_curacao,20220115,233002.14286
nld_curacao,20220116,233784
nld_curacao,20220117,234396.71429
nld_curacao,20220118,235027.14286
nld_curacao,20220119,235535.14286
nld_curacao,20220120,236049.42857
nld_curacao,20220121,236558.71429
nld_curacao,20220122,236979.57143
nld_curacao,20220123,237404.42857
nld_curacao,20220125,237831.14286
nld_curacao,20220127,238211.14286
nld_curacao,20220128,238583.85714
nld_curacao,20220129,238949.42857
nld_curacao,20220130,239244
nld_curacao,20220131,239557.85714
nld_curacao,20220201,239850.28571
nld_curacao,20220202,240114.28571
nld_curacao,20220203,240371.42857
nld_curacao,20220204,240614.57143
nld_curacao,20220205,240855.42857
nld_curacao,20220206,241080.42857
nld_curacao,20220207,241294.85714
nld_curacao,20220208,241501
nor,20201202,0
nor,20201203,0
nor,20201204,0
nor,20201205,0
nor,20201206,0
nor,20201207,0
nor,20201208,0.71429
nor,20201209,1.57143
nor,20201210,2.57143
nor,20201211,4.14286
nor,20201212,5.71429
nor,20201213,7.28571
nor,20201214,8.85714
nor,20201215,10
nor,20201216,11.71429
nor,20201217,14.57143
nor,20201218,19
nor,20201219,24.14286
nor,20201220,30.28571
nor,20201221,38.28571
nor,20201222,48.14286
nor,20201223,59.71429
nor,20201224,71.71429
nor,20201225,81.57143
nor,20201226,91.85714
nor,20201227,103.57143
nor,20201228,202.85714
nor,20201229,455.71429
nor,20201230,773.14286
nor,20201231,1101.42857
nor,20210101,1433.14286
nor,20210102,1766.28571
nor,20210103,2102.71429
nor,20210104,2355.14286
nor,20210105,2943.28571
nor,20210106,4773.71429
nor,20210107,7537.28571
nor,20210108,10535.85714
nor,20210109,13556.57143
nor,20210110,16592
nor,20210111,19693.42857
nor,20210112,22927.57143
nor,20210113,26275.28571
nor,20210114,29905.42857
nor,20210115,33957.28571
nor,20210116,38105.42857
nor,20210117,42289.71429
nor,20210118,46636.57143
nor,20210119,51143.42857
nor,20210120,55779.85714
nor,20210121,60442
nor,20210122,64938.28571
nor,20210123,69374.28571
nor,20210124,73768.57143
nor,20210125,78018.57143
nor,20210126,82166.71429
nor,20210127,87553.57143
nor,20210128,94219.85714
nor,20210129,101258.28571
nor,20210130,108297.28571
nor,20210131,115357.28571
nor,20210201,122416
nor,20210202,130191
nor,20210203,140067.14286
nor,20210204,152438.85714
nor,20210205,166218
nor,20210206,180171.42857
nor,20210207,194188.28571
nor,20210208,208275.14286
nor,20210209,222267.42857
nor,20210210,235989.14286
nor,20210211,248987
nor,20210212,261422.42857
nor,20210213,273808.71429
nor,20210214,286118.85714
nor,20210215,298508.85714
nor,20210216,310816
nor,20210217,323177.71429
nor,20210218,335566.42857
nor,20210219,348505.42857
nor,20210220,361371.42857
nor,20210221,374252.71429
nor,20210222,387299.71429
nor,20210223,400772.85714
nor,20210224,414500.28571
nor,20210225,429341
nor,20210226,444601.42857
nor,20210227,459863.14286
nor,20210228,475192.57143
nor,20210301,491005.85714
nor,20210302,507287.57143
nor,20210303,523919.14286
nor,20210304,540184.28571
nor,20210305,556476.28571
nor,20210306,572802.57143
nor,20210307,589053.14286
nor,20210308,605168
nor,20210309,621639.71429
nor,20210310,638466.42857
nor,20210311,654436
nor,20210312,669284.57143
nor,20210313,684057.57143
nor,20210314,698831
nor,20210315,712949.28571
nor,20210316,725562
nor,20210317,736195
nor,20210318,745907.28571
nor,20210319,755198.28571
nor,20210320,764514.71429
nor,20210321,773853.14286
nor,20210322,783354.57143
nor,20210323,793964.28571
nor,20210324,807166.85714
nor,20210325,823065.42857
nor,20210326,840510.85714
nor,20210327,857990.14286
nor,20210328,875482.14286
nor,20210329,893449.71429
nor,20210330,914677.57143
nor,20210331,936159
nor,20210401,953268.42857
nor,20210402,968426.28571
nor,20210403,983516.28571
nor,20210404,998618.14286
nor,20210405,1013229
nor,20210406,1025632
nor,20210407,1040604
nor,20210408,1062893.71429
nor,20210409,1088515.57143
nor,20210410,1114265.57143
nor,20210411,1140041.85714
nor,20210412,1166155.71429
nor,20210413,1192935.42857
nor,20210414,1220612.28571
nor,20210415,1248991
nor,20210416,1277622.57143
nor,20210417,1306401.14286
nor,20210418,1335281.85714
nor,20210419,1364569
nor,20210420,1393054.42857
nor,20210421,1420578.28571
nor,20210422,1446216.57143
nor,20210423,1470390.14286
nor,20210424,1494316.71429
nor,20210425,1518098.71429
nor,20210426,1541337.71429
nor,20210427,1565290.28571
nor,20210428,1592291.71429
nor,20210429,1622392.28571
nor,20210430,1654504
nor,20210501,1686810.57143
nor,20210502,1719260.28571
nor,20210503,1751945.85714
nor,20210504,1784179.85714
nor,20210505,1815801.14286
nor,20210506,1846807.85714
nor,20210507,1877500.28571
nor,20210508,1908091.57143
nor,20210509,1938583.71429
nor,20210510,1969696.85714
nor,20210511,2004715.28571
nor,20210512,2042057
nor,20210513,2072270.42857
nor,20210514,2100732.71429
nor,20210515,2129427.14286
nor,20210516,2158366.14286
nor,20210517,2186117
nor,20210518,2210802.71429
nor,20210519,2233321.71429
nor,20210520,2263886.28571
nor,20210521,2296852.14286
nor,20210522,2329759.57143
nor,20210523,2362508.57143
nor,20210524,2395652
nor,20210525,2429500.71429
nor,20210526,2465231.14286
nor,20210527,2501821.85714
nor,20210528,2538532.71429
nor,20210529,2575301.85714
nor,20210530,2612145.14286
nor,20210531,2649906.71429
nor,20210601,2688925
nor,20210602,2732197.42857
nor,20210603,2779801.85714
nor,20210604,2829444.71429
nor,20210605,2879329.85714
nor,20210606,2929455.42857
nor,20210607,2980846
nor,20210608,3032904.85714
nor,20210609,3081720.57143
nor,20210610,3127887
nor,20210611,3172809.57143
nor,20210612,3217667.85714
nor,20210613,3262457.85714
nor,20210614,3307759.57143
nor,20210615,3352065.14286
nor,20210616,3397093.85714
nor,20210617,3441678.71429
nor,20210618,3486498.28571
nor,20210619,3531756.28571
nor,20210620,3577240.57143
nor,20210621,3622495
nor,20210622,3669284.57143
nor,20210623,3716725
nor,20210624,3767124.14286
nor,20210625,3818941.57143
nor,20210626,3871227.71429
nor,20210627,3923692.71429
nor,20210628,3978004.28571
nor,20210629,4032445.71429
nor,20210630,4087089.42857
nor,20210701,4141363.85714
nor,20210702,4195660
nor,20210703,4249873.14286
nor,20210704,4304189
nor,20210705,4357633.57143
nor,20210706,4410210.42857
nor,20210707,4459051.57143
nor,20210708,4503273.42857
nor,20210709,4544050.14286
nor,20210710,4584055.71429
nor,20210711,4623573.71429
nor,20210712,4661332.14286
nor,20210713,4697271.71429
nor,20210714,4732025.85714
nor,20210715,4765934
nor,20210716,4799267.85714
nor,20210717,4832113.42857
nor,20210718,4864586.42857
nor,20210719,4896644
nor,20210720,4928341.14286
nor,20210721,4961108.14286
nor,20210722,4996411.57143
nor,20210723,5032105.57143
nor,20210724,5067726
nor,20210725,5103310.57143
nor,20210726,5138840.42857
nor,20210727,5174372.71429
nor,20210728,5211144.14286
nor,20210729,5248445.85714
nor,20210730,5286259.14286
nor,20210731,5324165.42857
nor,20210801,5362056.14286
nor,20210802,5400858.71429
nor,20210803,5440056.14286
nor,20210804,5478048.57143
nor,20210805,5514682.42857
nor,20210806,5551218
nor,20210807,5587797.28571
nor,20210808,5624481.57143
nor,20210809,5662051.85714
nor,20210810,5700772.42857
nor,20210811,5742020
nor,20210812,5786018.85714
nor,20210813,5831857.57143
nor,20210814,5877841.71429
nor,20210815,5923861.57143
nor,20210816,5971142.28571
nor,20210817,6019607.85714
nor,20210818,6070170.28571
nor,20210819,6121803.57143
nor,20210820,6175343.42857
nor,20210821,6229547.71429
nor,20210822,6283857.57143
nor,20210823,6339652.57143
nor,20210824,6398687.28571
nor,20210825,6460635.57143
nor,20210826,6526472
nor,20210827,6594031.71429
nor,20210828,6662334
nor,20210829,6731060.14286
nor,20210830,6800149.42857
nor,20210831,6866784.85714
nor,20210901,6927418.14286
nor,20210902,6982100.14286
nor,20210903,7033180.57143
nor,20210904,7083500
nor,20210905,7133298.42857
nor,20210906,7180069
nor,20210907,7223830.28571
nor,20210908,7264203.71429
nor,20210909,7299844
nor,20210910,7333294.71429
nor,20210911,7366282.42857
nor,20210912,7399165.42857
nor,20210913,7430744.57143
nor,20210914,7461574.71429
nor,20210915,7490675.57143
nor,20210916,7518168.57143
nor,20210917,7544929.42857
nor,20210918,7571541.28571
nor,20210919,7598089.42857
nor,20210920,7625272
nor,20210921,7652046.28571
nor,20210922,7675590.85714
nor,20210923,7696482.28571
nor,20210924,7715941.28571
nor,20210925,7735261
nor,20210926,7754579.57143
nor,20210927,7772441.71429
nor,20210928,7788517.71429
nor,20210929,7803083.42857
nor,20210930,7816690.28571
nor,20211001,7829599.57143
nor,20211002,7842310.28571
nor,20211003,7855012
nor,20211004,7866930.71429
nor,20211005,7878281.42857
nor,20211006,7887733.42857
nor,20211007,7895615.42857
nor,20211008,7903490.71429
nor,20211009,7911338.28571
nor,20211010,7919197.85714
nor,20211011,7927888.71429
nor,20211012,7936953.71429
nor,20211013,7945780.28571
nor,20211014,7953376.42857
nor,20211015,7960231.71429
nor,20211016,7967059.42857
nor,20211017,7973878
nor,20211018,7979674.85714
nor,20211019,7984551
nor,20211020,7989301.85714
nor,20211021,7994724
nor,20211022,8000316.57143
nor,20211023,8005916.28571
nor,20211024,8011512.28571
nor,20211025,8017239
nor,20211026,8023014.71429
nor,20211027,8028956
nor,20211028,8035021.42857
nor,20211029,8040954.71429
nor,20211030,8046898.14286
nor,20211031,8052841.71429
nor,20211101,8058757.28571
nor,20211102,8065250.85714
nor,20211103,8073060.71429
nor,20211104,8082437.71429
nor,20211105,8092935.14286
nor,20211106,8103662.71429
nor,20211107,8114563.28571
nor,20211108,8126630.28571
nor,20211109,8140081.57143
nor,20211110,8155485.85714
nor,20211111,8172435.42857
nor,20211112,8189684.71429
nor,20211113,8206783.71429
nor,20211114,8223720.42857
nor,20211115,8241168
nor,20211116,8259075.28571
nor,20211117,8278209.57143
nor,20211118,8298550.42857
nor,20211119,8319750.71429
nor,20211120,8341095.71429
nor,20211121,8362447.85714
nor,20211122,8384638
nor,20211123,8408345.85714
nor,20211124,8434989.71429
nor,20211125,8464752.42857
nor,20211126,8495714
nor,20211127,8526954.71429
nor,20211128,8558311.85714
nor,20211129,8590492.71429
nor,20211130,8623655.71429
nor,20211201,8657182
nor,20211202,8691696.57143
nor,20211203,8726516
nor,20211204,8761147.71429
nor,20211205,8795758
nor,20211206,8830669.42857
nor,20211207,8866005.71429
nor,20211208,8902600.42857
nor,20211209,8940988.57143
nor,20211210,8979850.57143
nor,20211211,9018941.42857
nor,20211212,9058215.28571
nor,20211213,9097720.57143
nor,20211214,9138750.57143
nor,20211215,9181658.14286
nor,20211216,9226639.71429
nor,20211217,9272741
nor,20211218,9319409.14286
nor,20211219,9366219.42857
nor,20211220,9416613.42857
nor,20211221,9468818.57143
nor,20211222,9516014.71429
nor,20211223,9550143
nor,20211224,9578193.14286
nor,20211225,9605107.28571
nor,20211226,9631584
nor,20211227,9652829.71429
nor,20211228,9669422.85714
nor,20211229,9684122
nor,20211230,9700255.71429
nor,20211231,9716479.42857
nor,20220101,9732701.28571
nor,20220102,9748928
nor,20220103,9767227.14286
nor,20220104,9790376.85714
nor,20220105,9822048.28571
nor,20220106,9865144.42857
nor,20220107,9914721.57143
nor,20220108,9966692.14286
nor,20220109,10019219.85714
nor,20220110,10073335.85714
nor,20220111,10127641.57143
nor,20220112,10181715.28571
nor,20220113,10236057.57143
nor,20220114,10290419.14286
nor,20220115,10344905.28571
nor,20220116,10399814.28571
nor,20220117,10453606
nor,20220118,10505107.85714
nor,20220119,10553428.28571
nor,20220120,10598040
nor,20220121,10640380.14286
nor,20220122,10680766.28571
nor,20220123,10720399.71429
nor,20220124,10758382
nor,20220125,10793591.71429
nor,20220126,10824852
nor,20220127,10852692.42857
nor,20220128,10879234
nor,20220129,10906278.57143
nor,20220130,10933269
nor,20220131,10958876
nor,20220201,10982650.42857
nor,20220202,11003560.71429
nor,20220203,11021462.28571
nor,20220204,11038050.14286
nor,20220205,11053731.85714
nor,20220206,11069272.28571
nor,20220207,11083774
npl,20210126,0
npl,20210201,56587.5
npl,20210204,90554
npl,20210220,168481.5
npl,20210319,454785.2
npl,20210405,662321
npl,20210407,825737.42857
npl,20210408,1084545.71429
npl,20210409,1330558.28571
npl,20210410,1570935
npl,20210411,1777835.85714
npl,20210413,1816889.71429
npl,20210415,1843426.14286
npl,20210416,1856904.28571
npl,20210417,1870983
npl,20210418,1883760.14286
npl,20210419,1897696.57143
npl,20210420,1913614
npl,20210421,1926918.14286
npl,20210422,1940130.14286
npl,20210423,1952796.57143
npl,20210425,1966543.28571
npl,20210426,1980039.57143
npl,20210427,1996148.28571
npl,20210428,2014651
npl,20210507,2084223.28571
npl,20210518,2164416.28571
npl,20210520,2251196.71429
npl,20210521,2339896.28571
npl,20210522,2429249.28571
npl,20210523,2517139.14286
npl,20210524,2605042.57143
npl,20210525,2644139.85714
npl,20210526,2673050.42857
npl,20210527,2696541.42857
npl,20210528,2716626.85714
npl,20210529,2738822.71429
npl,20210530,2758240.85714
npl,20210606,2772203.57143
npl,20210609,2791363.71429
npl,20210610,2819099.28571
npl,20210612,2863877
npl,20210615,2915547
npl,20210616,2966032.71429
npl,20210619,3027354.57143
npl,20210626,3102695.42857
npl,20210627,3170210.71429
npl,20210628,3227906.42857
npl,20210629,3267835.42857
npl,20210630,3300223.14286
npl,20210701,3329944.42857
npl,20210703,3348655.71429
npl,20210704,3353240.14286
npl,20210705,3358645.85714
npl,20210707,3376235
npl,20210709,3407980.71429
npl,20210711,3450386.14286
npl,20210712,3497462
npl,20210713,3547763.28571
npl,20210714,3600090.85714
npl,20210716,3673552.28571
npl,20210717,3755925.57143
npl,20210718,3834898
npl,20210720,3928599.85714
npl,20210722,4057024.28571
npl,20210723,4192313.71429
npl,20210724,4337018
npl,20210725,4464907.28571
npl,20210726,4577600.14286
npl,20210727,4690584.14286
npl,20210728,4796051.14286
npl,20210729,4883132
npl,20210731,5028941.14286
npl,20210801,5191010.42857
npl,20210802,5388474.14286
npl,20210803,5592570.28571
npl,20210804,5800054.28571
npl,20210805,6006171.71429
npl,20210806,6207820.28571
npl,20210807,6367790
npl,20210808,6526174.57143
npl,20210809,6664463
npl,20210810,6808242.85714
npl,20210811,6963459.28571
npl,20210812,7109972
npl,20210814,7305232
npl,20210815,7483267.85714
npl,20210816,7657632.14286
npl,20210817,7831924.71429
npl,20210818,7999347.57143
npl,20210819,8151884.71429
npl,20210820,8322018.28571
npl,20210821,8435270.85714
npl,20210822,8541030.85714
npl,20210823,8625935
npl,20210825,8699487.42857
npl,20210826,8771024.57143
npl,20210827,8855255.14286
npl,20210830,8999138.57143
npl,20210831,9146045.57143
npl,20210901,9332213.85714
npl,20210902,9518290.14286
npl,20210903,9718543
npl,20210904,9924163.28571
npl,20210905,10111686
npl,20210906,10229156.42857
npl,20210907,10345951.42857
npl,20210909,10451647
npl,20210910,10559841
npl,20210911,10654367.57143
npl,20210912,10735015.71429
npl,20210913,10821185
npl,20210914,10904633.14286
npl,20210915,11019328.57143
npl,20210916,11119087.42857
npl,20210917,11223270.57143
npl,20210918,11341980.42857
npl,20210919,11462249
npl,20210922,11602749.28571
npl,20210923,11750421.14286
npl,20210924,11880015.71429
npl,20210925,12024728.28571
npl,20210926,12175461.14286
npl,20210927,12346559.28571
npl,20210928,12544333.14286
npl,20210929,12749634.57143
npl,20210930,12976506.85714
npl,20211002,13221689.71429
npl,20211003,13439686
npl,20211004,13660289
npl,20211005,13855180.85714
npl,20211006,14028827.85714
npl,20211007,14169762.42857
npl,20211008,14275634.14286
npl,20211009,14351538.57143
npl,20211010,14434944.14286
npl,20211011,14519347.42857
npl,20211012,14594740.42857
npl,20211013,14661976.14286
npl,20211014,14721729.85714
npl,20211018,14779163.57143
npl,20211019,14846887.71429
npl,20211025,14934834.14286
npl,20211101,15097391.28571
npl,20211107,15286354.71429
npl,20211116,15526816.42857
npl,20211122,15860933
npl,20211129,16351253.85714
npl,20211206,16938276.14286
npl,20211220,17898239.71429
npl,20220104,19234907.71429
npl,20220110,20722396.42857
npl,20220116,22355180.85714
npl,20220124,24136356.57143
npl,20220131,26039927.28571
nru,20210408,0
nru,20210409,84
nru,20210420,289.33333
nru,20210518,2065
nru,20210608,3139.6
nru,20210621,3864
nru,20210629,4642.42857
nru,20210713,6150.42857
nru,20210720,8194.71429
nru,20210727,10206.71429
nru,20210831,11274
nru,20220118,12372.57143
nzl,20210214,1
nzl,20210215,1.5
nzl,20210217,2
nzl,20210218,2.5
nzl,20210219,8.6
nzl,20210220,23.5
nzl,20210221,44.14286
nzl,20210222,132
nzl,20210223,270.71429
nzl,20210224,525.42857
nzl,20210225,937.14286
nzl,20210226,1573.85714
nzl,20210227,2392.42857
nzl,20210228,3327.42857
nzl,20210301,4399.85714
nzl,20210302,5633.42857
nzl,20210303,7033.57143
nzl,20210304,8510
nzl,20210305,9940.28571
nzl,20210306,11265.71429
nzl,20210307,12537.71429
nzl,20210308,13761.57143
nzl,20210309,14976.71429
nzl,20210310,16097.14286
nzl,20210311,17174.71429
nzl,20210312,18219.14286
nzl,20210313,19285.42857
nzl,20210314,20363.14286
nzl,20210315,21556.28571
nzl,20210316,22854.85714
nzl,20210317,24252.28571
nzl,20210318,25754.57143
nzl,20210319,27459.14286
nzl,20210320,29237.28571
nzl,20210321,31158
nzl,20210322,33132.14286
nzl,20210323,35182.57143
nzl,20210324,37454.28571
nzl,20210325,39909.85714
nzl,20210326,42680.42857
nzl,20210327,45559.85714
nzl,20210328,48380.28571
nzl,20210329,51583.85714
nzl,20210330,55212.14286
nzl,20210331,59303.85714
nzl,20210401,63838.42857
nzl,20210402,67994.42857
nzl,20210403,72109.57143
nzl,20210404,76193.28571
nzl,20210405,79745.14286
nzl,20210406,83196
nzl,20210407,86714.28571
nzl,20210408,90486.42857
nzl,20210409,95021
nzl,20210410,99871.42857
nzl,20210411,105093.85714
nzl,20210412,111253
nzl,20210413,117909.28571
nzl,20210414,124691.85714
nzl,20210415,131546.14286
nzl,20210416,138707
nzl,20210417,146023.85714
nzl,20210418,153128.14286
nzl,20210419,160141.28571
nzl,20210420,167246.28571
nzl,20210421,174641.14286
nzl,20210422,182277
nzl,20210423,190226.14286
nzl,20210424,198119
nzl,20210425,206056
nzl,20210426,213295.57143
nzl,20210427,220667.57143
nzl,20210428,228152.57143
nzl,20210429,235932.85714
nzl,20210430,243957.71429
nzl,20210501,252100.42857
nzl,20210502,260409.28571
nzl,20210503,269931.28571
nzl,20210504,279972.42857
nzl,20210505,290555.28571
nzl,20210506,301501.57143
nzl,20210507,312945.42857
nzl,20210508,324642.57143
nzl,20210509,336312
nzl,20210510,348161.42857
nzl,20210511,360222.57143
nzl,20210512,372359.14286
nzl,20210513,384605
nzl,20210514,396734.42857
nzl,20210515,408718.28571
nzl,20210516,420826.71429
nzl,20210517,432799.71429
nzl,20210518,444725
nzl,20210519,456673.42857
nzl,20210520,468577
nzl,20210521,480407.71429
nzl,20210522,492486.71429
nzl,20210523,504507
nzl,20210524,516806
nzl,20210525,529466
nzl,20210526,542593.14286
nzl,20210527,555922.28571
nzl,20210528,569985.57143
nzl,20210529,584372.14286
nzl,20210530,598957.85714
nzl,20210531,613752.85714
nzl,20210601,628922.42857
nzl,20210602,644413.14286
nzl,20210603,660800.42857
nzl,20210604,677152.28571
nzl,20210605,693406.14286
nzl,20210606,709661.85714
nzl,20210607,724608.85714
nzl,20210608,739829.42857
nzl,20210609,753686.42857
nzl,20210610,767578.57143
nzl,20210611,781630
nzl,20210612,796023.28571
nzl,20210613,810716
nzl,20210614,827209.85714
nzl,20210615,843758.28571
nzl,20210616,862163.85714
nzl,20210617,880551.57143
nzl,20210618,898832.42857
nzl,20210619,917162.85714
nzl,20210620,935492.85714
nzl,20210621,953765.57143
nzl,20210622,972109.28571
nzl,20210623,990535.14286
nzl,20210624,1009124.42857
nzl,20210625,1027845
nzl,20210626,1046902.14286
nzl,20210627,1065920.14286
nzl,20210628,1084776.42857
nzl,20210629,1103381.57143
nzl,20210630,1121685.57143
nzl,20210701,1139778.71429
nzl,20210702,1157635.28571
nzl,20210703,1175216.42857
nzl,20210704,1192709
nzl,20210705,1210111.14286
nzl,20210706,1227505.71429
nzl,20210707,1244937.14286
nzl,20210708,1262604.85714
nzl,20210709,1280489.85714
nzl,20210710,1298817
nzl,20210711,1317318.57143
nzl,20210712,1336097.71429
nzl,20210713,1355110.28571
nzl,20210714,1374368.28571
nzl,20210715,1393507
nzl,20210716,1412681.85714
nzl,20210717,1431960.57143
nzl,20210718,1451395.42857
nzl,20210719,1471494.42857
nzl,20210720,1492754.57143
nzl,20210721,1515318
nzl,20210722,1539107.28571
nzl,20210723,1564214.71429
nzl,20210724,1590509.42857
nzl,20210725,1617554.85714
nzl,20210726,1645770.85714
nzl,20210727,1675173.42857
nzl,20210728,1705662.85714
nzl,20210729,1737276.71429
nzl,20210730,1770474.14286
nzl,20210731,1805635.85714
nzl,20210801,1842037
nzl,20210802,1879097
nzl,20210803,1916708.28571
nzl,20210804,1954876.14286
nzl,20210805,1993340.28571
nzl,20210806,2031795
nzl,20210807,2069997
nzl,20210808,2107891.42857
nzl,20210809,2146273.85714
nzl,20210810,2185261.85714
nzl,20210811,2224748.42857
nzl,20210812,2265202.42857
nzl,20210813,2306367.14286
nzl,20210814,2348521.85714
nzl,20210815,2391417.71429
nzl,20210816,2435438.42857
nzl,20210817,2480774.42857
nzl,20210818,2519184.85714
nzl,20210819,2554922.85714
nzl,20210820,2592370.28571
nzl,20210821,2631325.85714
nzl,20210822,2671982.85714
nzl,20210823,2715490.28571
nzl,20210824,2762828
nzl,20210825,2822946.14286
nzl,20210826,2892076.42857
nzl,20210827,2965939.71429
nzl,20210828,3043372
nzl,20210829,3122375.28571
nzl,20210830,3203139.85714
nzl,20210831,3284439.42857
nzl,20210901,3365933
nzl,20210902,3447019
nzl,20210903,3527492.14286
nzl,20210904,3607885.57143
nzl,20210905,3686917.14286
nzl,20210906,3764298.71429
nzl,20210907,3839774
nzl,20210908,3911839
nzl,20210909,3979846.28571
nzl,20210910,4044641.42857
nzl,20210911,4107100.71429
nzl,20210912,4168857.57143
nzl,20210913,4228953.42857
nzl,20210914,4287501.57143
nzl,20210915,4345453.42857
nzl,20210916,4403303.85714
nzl,20210917,4460542.71429
nzl,20210918,4516581.28571
nzl,20210919,4571587.42857
nzl,20210920,4625914.28571
nzl,20210921,4679061.14286
nzl,20210922,4730332.71429
nzl,20210923,4779941.57143
nzl,20210924,4828106
nzl,20210925,4875970.14286
nzl,20210926,4923546.28571
nzl,20210927,4969733
nzl,20210928,5014564
nzl,20210929,5058120.14286
nzl,20210930,5101216
nzl,20211001,5143873.42857
nzl,20211002,5186322.85714
nzl,20211003,5229099.42857
nzl,20211004,5274048
nzl,20211005,5321750.28571
nzl,20211006,5373679.42857
nzl,20211007,5430802.14286
nzl,20211008,5493416.71429
nzl,20211009,5560583.42857
nzl,20211010,5629919.14286
nzl,20211011,5701180.85714
nzl,20211012,5773769.85714
nzl,20211013,5846157.57143
nzl,20211014,5916458.28571
nzl,20211015,5984411.14286
nzl,20211016,6059390.42857
nzl,20211017,6132571.42857
nzl,20211018,6201927.14286
nzl,20211019,6266936.42857
nzl,20211020,6328228.71429
nzl,20211021,6385708
nzl,20211022,6439640.14286
nzl,20211023,6480898
nzl,20211024,6520630.85714
nzl,20211025,6555759.42857
nzl,20211026,6590798.28571
nzl,20211027,6625285.42857
nzl,20211028,6660323.85714
nzl,20211029,6695124.42857
nzl,20211030,6729963.57143
nzl,20211031,6764969.71429
nzl,20211101,6802419.85714
nzl,20211102,6838007.28571
nzl,20211103,6871905.85714
nzl,20211104,6903119.42857
nzl,20211105,6932205.42857
nzl,20211106,6960030.14286
nzl,20211107,6987008.85714
nzl,20211108,7013126.57143
nzl,20211109,7038316.28571
nzl,20211110,7062789.85714
nzl,20211111,7086816.71429
nzl,20211112,7110147
nzl,20211113,7132514.57143
nzl,20211114,7154935.28571
nzl,20211115,7177385.42857
nzl,20211116,7199666.71429
nzl,20211117,7221720.14286
nzl,20211118,7243464
nzl,20211119,7265146.71429
nzl,20211120,7286028
nzl,20211121,7306241.14286
nzl,20211122,7325592.57143
nzl,20211123,7344662.14286
nzl,20211124,7363517.28571
nzl,20211125,7382049.28571
nzl,20211126,7400575.57143
nzl,20211127,7419649.42857
nzl,20211128,7439305.42857
nzl,20211129,7462648.85714
nzl,20211130,7489146.42857
nzl,20211201,7518609.14286
nzl,20211202,7551062.42857
nzl,20211203,7585850.28571
nzl,20211204,7620873.85714
nzl,20211205,7655591.28571
nzl,20211206,7687949.28571
nzl,20211207,7717814.42857
nzl,20211208,7745238
nzl,20211209,7770054.71429
nzl,20211210,7792238.71429
nzl,20211211,7812837.57143
nzl,20211212,7832798.28571
nzl,20211213,7851835
nzl,20211214,7870338.28571
nzl,20211215,7888511.28571
nzl,20211216,7906644
nzl,20211217,7924842.57143
nzl,20211218,7942946.42857
nzl,20211219,7961011.57143
nzl,20211220,7979322.14286
nzl,20211221,7997820
nzl,20211222,8016635.42857
nzl,20211223,8035431.42857
nzl,20211224,8053079.28571
nzl,20211225,8068517
nzl,20211226,8083168.42857
nzl,20211227,8095479.71429
nzl,20211228,8105389.57143
nzl,20211229,8115414.71429
nzl,20211230,8125724.42857
nzl,20211231,8136626.14286
nzl,20220101,8147719.85714
nzl,20220102,8158992.14286
nzl,20220103,8170556.85714
nzl,20220104,8182410
nzl,20220105,8197664.14286
nzl,20220106,8216684.28571
nzl,20220107,8240402.28571
nzl,20220108,8267505.71429
nzl,20220109,8295992
nzl,20220110,8331316.85714
nzl,20220111,8373102.42857
nzl,20220112,8414937
nzl,20220113,8456426.71429
nzl,20220114,8497294.28571
nzl,20220115,8538177
nzl,20220116,8578856
nzl,20220117,8617726.85714
nzl,20220118,8659244
nzl,20220119,8701434.71429
nzl,20220122,8758758.28571
nzl,20220123,8813647.42857
nzl,20220125,8886564.85714
nzl,20220126,8967808.57143
nzl,20220127,9052330.85714
nzl,20220128,9135756.57143
nzl,20220129,9217568.85714
nzl,20220130,9280164
nzl,20220131,9342925
nzl,20220207,9431016.28571
nzl,20220208,9518546.71429
omn,20201228,1717
omn,20201229,2540
omn,20201230,3374.33333
omn,20201231,4159.75
omn,20210102,4774
omn,20210103,5449.33333
omn,20210104,6203.42857
omn,20210105,7779.71429
omn,20210106,9300
omn,20210107,10709.71429
omn,20210108,11918.85714
omn,20210109,13032
omn,20210110,14043.57143
omn,20210111,15123.42857
omn,20210112,16251.71429
omn,20210113,17500.85714
omn,20210114,18828.42857
omn,20210116,20227.42857
omn,20210117,21716.42857
omn,20210118,23266.57143
omn,20210119,24661.14286
omn,20210120,25932.42857
omn,20210123,27064.71429
omn,20210124,28287.71429
omn,20210125,29692.42857
omn,20210126,31229.57143
omn,20210127,32699.14286
omn,20210208,34284.42857
omn,20210209,35947.85714
omn,20210210,37741.85714
omn,20210211,39499
omn,20210212,41245.14286
omn,20210213,42815.42857
omn,20210214,44497.42857
omn,20210215,46062.28571
omn,20210216,48298.71429
omn,20210217,50444.71429
omn,20210218,52560.85714
omn,20210219,54724
omn,20210220,56908.14286
omn,20210221,59153.71429
omn,20210222,61439.85714
omn,20210223,62984.57143
omn,20210309,68165
omn,20210310,73635
omn,20210315,79782.42857
omn,20210317,86547.71429
omn,20210322,94590.42857
omn,20210324,103604
omn,20210329,113923.57143
omn,20210331,122065.57143
omn,20210405,132478
omn,20210412,144338.85714
omn,20210414,156190.85714
omn,20210419,170011.57143
omn,20210421,186529.14286
omn,20210517,208957.28571
omn,20210613,273862
omn,20210615,352311.14286
omn,20210620,448164.14286
omn,20210705,611783.28571
omn,20210707,792264.28571
omn,20210712,990319.14286
omn,20210714,1194851.14286
omn,20210725,1377933.42857
omn,20210809,1654570.42857
omn,20210816,1953521.57143
omn,20210823,2245195.85714
omn,20210830,2569691.71429
omn,20210905,2913283.85714
omn,20210913,3285891.57143
omn,20210920,3678615.14286
omn,20210928,4005805
omn,20211011,4334777.57143
omn,20211023,4663366.42857
omn,20211109,4959114.42857
omn,20211123,5230290.85714
omn,20211216,5458535.57143
omn,20211219,5659939
omn,20211226,5827229.14286
omn,20220117,5987391.14286
omn,20220131,6118900.71429
pak,20210202,0
pak,20210210,13614
pak,20210217,26665.33333
pak,20210221,38219.5
pak,20210314,100575.6
pak,20210331,217146.33333
pak,20210406,319894.42857
pak,20210408,479037.28571
pak,20210413,660861.85714
pak,20210428,953323.57143
pak,20210504,1366893.28571
pak,20210505,1766910.71429
pak,20210506,2126954.14286
pak,20210511,2522505.71429
pak,20210513,2911404.42857
pak,20210520,3403837.71429
pak,20210521,3811959.57143
pak,20210524,4153522.14286
pak,20210527,4579291.71429
pak,20210601,5153132.14286
pak,20210602,5716451.71429
pak,20210603,6304635
pak,20210605,6807025
pak,20210609,7464604.57143
pak,20210612,8198521.71429
pak,20210613,8850792.14286
pak,20210615,9386306.42857
pak,20210616,9971650.42857
pak,20210617,10559027.14286
pak,20210618,11161889.71429
pak,20210619,11617725.42857
pak,20210621,11972227.14286
pak,20210623,12370507.42857
pak,20210701,13123466.28571
pak,20210703,13833298.85714
pak,20210704,14594032.42857
pak,20210707,15414665.85714
pak,20210710,16317036.14286
pak,20210711,17303630.42857
pak,20210713,18311616
pak,20210714,18985909
pak,20210715,19692470.85714
pak,20210716,20382807.28571
pak,20210717,21026772.71429
pak,20210721,21745234.85714
pak,20210726,22511657.42857
pak,20210728,23327082
pak,20210729,24298431.85714
pak,20210730,25310228.28571
pak,20210731,26370993.14286
pak,20210801,27493020.28571
pak,20210803,28773461.57143
pak,20210804,30052775.14286
pak,20210805,31346869
pak,20210806,32554729.85714
pak,20210807,33794941.42857
pak,20210809,35091261
pak,20210810,36394378.71429
pak,20210811,37480726.42857
pak,20210812,38518392.14286
pak,20210813,39499325.28571
pak,20210815,40407542.42857
pak,20210817,41392901.14286
pak,20210818,42252141.85714
pak,20210820,43084743.85714
pak,20210821,43912167.71429
pak,20210824,44817081
pak,20210826,46075903.85714
pak,20210829,47593915.71429
pak,20210831,49371948.42857
pak,20210901,51289053.71429
pak,20210902,53266844.71429
pak,20210905,55448059.42857
pak,20210906,57664789.14286
pak,20210907,59603314.14286
pak,20210908,61344938.57143
pak,20210909,62728909.85714
pak,20210910,64041134.71429
pak,20210912,65304360.28571
pak,20210914,66544132.71429
pak,20210916,67685897.42857
pak,20210917,68890419.14286
pak,20210919,70079816.14286
pak,20210920,71277083.57143
pak,20210922,72534111.57143
pak,20210927,74149236
pak,20210928,75592890.57143
pak,20210930,77238431
pak,20211004,79187594.42857
pak,20211005,81174637.42857
pak,20211007,83300718.71429
pak,20211011,85651534.28571
pak,20211012,87654103.57143
pak,20211020,90239694.85714
pak,20211021,92597511.57143
pak,20211023,94613384
pak,20211026,96660079.14286
pak,20211028,98630723.71429
pak,20211101,100528543.42857
pak,20211102,102447538.14286
pak,20211104,104016006.14286
pak,20211105,105653936
pak,20211107,107257606.42857
pak,20211108,108846196.85714
pak,20211109,110471478.57143
pak,20211110,111935643.57143
pak,20211111,113401325.71429
pak,20211112,114650808
pak,20211114,115827295.85714
pak,20211115,116894332.85714
pak,20211116,117830114
pak,20211117,118560438.71429
pak,20211118,119146509.14286
pak,20211119,119604318.71429
pak,20211122,120007887
pak,20211123,120355744.57143
pak,20211124,120690211.85714
pak,20211126,121058878.85714
pak,20211128,121424312.42857
pak,20211129,121824095.85714
pak,20211201,122339196.14286
pak,20211202,122853798.28571
pak,20211205,123584586.57143
pak,20211206,124431521.28571
pak,20211208,125544145.28571
pak,20211209,126794090.85714
pak,20211210,128166440.42857
pak,20211212,129573212.28571
pak,20211213,131009992.85714
pak,20211214,132343842.71429
pak,20211215,133688663
pak,20211216,134868340.85714
pak,20211219,136325232.57143
pak,20211220,137764546.14286
pak,20211221,139216336.42857
pak,20211222,140735671.14286
pak,20211224,142498846.71429
pak,20211227,144617534.85714
pak,20211228,146776379
pak,20211230,148935476.42857
pak,20220103,151270442.71429
pak,20220104,153532782.42857
pak,20220105,155703874.57143
pak,20220106,157581589.28571
pak,20220107,159033703.28571
pak,20220111,160486763.14286
pak,20220112,161725899
pak,20220113,162729518.71429
pak,20220114,163720443.85714
pak,20220117,164822495.85714
pak,20220118,165925574.85714
pak,20220119,167041282.85714
pak,20220120,168050313.14286
pak,20220124,169127322.28571
pak,20220127,170270374.85714
pak,20220201,171791270
pak,20220202,173310070.71429
pak,20220203,174957254.71429
pak,20220204,176738712.85714
pak,20220206,178919811.28571
pak,20220207,181085625.57143
pak,20220208,183368415.28571
pan,20210120,641
pan,20210121,1684.5
pan,20210122,2816.66667
pan,20210123,3511
pan,20210124,4092.8
pan,20210125,4510.16667
pan,20210126,4936.85714
pan,20210127,6066.14286
pan,20210128,6922.57143
pan,20210129,7449.85714
pan,20210201,8157.71429
pan,20210202,8956.71429
pan,20210203,9780.28571
pan,20210204,10484.71429
pan,20210205,11041.14286
pan,20210209,11624.42857
pan,20210218,14767.85714
pan,20210219,19093.71429
pan,20210220,23882.57143
pan,20210221,28952
pan,20210222,35914.85714
pan,20210223,43371.28571
pan,20210224,52968.85714
pan,20210225,61346.42857
pan,20210226,70751.71429
pan,20210227,80608
pan,20210228,90797.71429
pan,20210301,99515
pan,20210302,109225.57143
pan,20210303,117276.14286
pan,20210304,125989.28571
pan,20210305,134598.42857
pan,20210306,146053.57143
pan,20210307,158802
pan,20210308,171596.57143
pan,20210309,183294
pan,20210310,195925.71429
pan,20210311,207776.28571
pan,20210318,224941.28571
pan,20210325,244242.28571
pan,20210326,263428.14286
pan,20210327,283588.85714
pan,20210328,304008.71429
pan,20210329,323081.85714
pan,20210401,343099.85714
pan,20210405,357456.14286
pan,20210406,368712.71429
pan,20210407,382722.85714
pan,20210408,397587.57143
pan,20210409,414832.57143
pan,20210410,433780.28571
pan,20210412,452568
pan,20210413,471289.28571
pan,20210414,488489.14286
pan,20210415,504213.85714
pan,20210416,518582.57143
pan,20210417,530374.71429
pan,20210418,540919.57143
pan,20210419,549557.57143
pan,20210420,556791.57143
pan,20210421,563248
pan,20210422,568939.85714
pan,20210423,574410.85714
pan,20210424,581306
pan,20210425,589086.71429
pan,20210426,597265.14286
pan,20210427,607442.28571
pan,20210428,617403.28571
pan,20210429,629039.85714
pan,20210430,640045.42857
pan,20210502,651287.71429
pan,20210503,661798.28571
pan,20210504,672235.85714
pan,20210505,681630.71429
pan,20210506,694095
pan,20210507,706438.42857
pan,20210508,720295
pan,20210509,732140.14286
pan,20210510,744030.28571
pan,20210511,755800.42857
pan,20210512,766213.57143
pan,20210513,774248.57143
pan,20210514,779984
pan,20210515,787979.57143
pan,20210516,797120.57143
pan,20210517,806846.71429
pan,20210518,817018.42857
pan,20210519,829041.57143
pan,20210520,842591.28571
pan,20210521,858268.57143
pan,20210522,874542.42857
pan,20210523,890498.57143
pan,20210524,906131.42857
pan,20210525,923164
pan,20210526,940948.71429
pan,20210529,962293.28571
pan,20210530,983408.42857
pan,20210531,1002304.14286
pan,20210601,1021412.14286
pan,20210602,1040033.14286
pan,20210603,1058902.42857
pan,20210604,1076763.71429
pan,20210606,1091452.57143
pan,20210607,1103853.85714
pan,20210608,1114376.14286
pan,20210609,1126432
pan,20210610,1141414.28571
pan,20210611,1158488.57143
pan,20210612,1175736.57143
pan,20210613,1196741.42857
pan,20210614,1218445.14286
pan,20210615,1244494.42857
pan,20210616,1270121.28571
pan,20210617,1296144.71429
pan,20210618,1321272
pan,20210619,1346828.28571
pan,20210621,1369669.57143
pan,20210622,1390620
pan,20210623,1407198.28571
pan,20210624,1425094.42857
pan,20210625,1441436.28571
pan,20210627,1456515.85714
pan,20210628,1471597.57143
pan,20210629,1484856
pan,20210630,1500865.28571
pan,20210701,1519277.28571
pan,20210704,1538045.85714
pan,20210705,1556554.71429
pan,20210706,1577297.28571
pan,20210707,1598147.71429
pan,20210708,1620180.71429
pan,20210709,1644600
pan,20210711,1667934
pan,20210712,1689243.71429
pan,20210713,1710481
pan,20210714,1729722
pan,20210715,1750581.28571
pan,20210716,1772497.14286
pan,20210719,1794263.28571
pan,20210720,1816284.14286
pan,20210721,1839398.28571
pan,20210722,1869650.42857
pan,20210723,1910372.57143
pan,20210724,1961590.28571
pan,20210725,2020184.71429
pan,20210728,2084490.85714
pan,20210729,2158559.42857
pan,20210730,2253105.42857
pan,20210731,2353737.28571
pan,20210801,2451806.71429
pan,20210802,2542470.14286
pan,20210803,2623329.28571
pan,20210804,2697199.14286
pan,20210805,2771568.57143
pan,20210806,2833497.14286
pan,20210807,2892536
pan,20210808,2948104.85714
pan,20210810,3002239
pan,20210811,3059238.85714
pan,20210812,3123237.14286
pan,20210813,3193092.14286
pan,20210817,3275417.71429
pan,20210818,3354265.57143
pan,20210819,3441080.28571
pan,20210820,3535688.28571
pan,20210822,3651609.14286
pan,20210824,3763154.85714
pan,20210825,3863999
pan,20210826,3955900.71429
pan,20210829,4046046.57143
pan,20210830,4132534.57143
pan,20210831,4206181.71429
pan,20210901,4259692.14286
pan,20210902,4315901.85714
pan,20210903,4374693.85714
pan,20210904,4427956.57143
pan,20210905,4483967.71429
pan,20210906,4534900.71429
pan,20210907,4587449.28571
pan,20210908,4634055.57143
pan,20210909,4677678
pan,20210910,4718137
pan,20210911,4756095
pan,20210912,4789968.57143
pan,20210913,4823617.85714
pan,20210914,4856105.28571
pan,20210915,4889678.71429
pan,20210916,4921716.42857
pan,20210917,4953637.71429
pan,20210918,4979040.85714
pan,20210919,5000022.14286
pan,20210920,5015527.71429
pan,20210921,5030777.28571
pan,20210922,5048001.71429
pan,20210923,5061103.85714
pan,20210924,5070846.42857
pan,20210925,5082276.42857
pan,20210926,5093100.28571
pan,20210927,5103479.71429
pan,20210928,5113630
pan,20210929,5121291.85714
pan,20210930,5131119.85714
pan,20211002,5138233.28571
pan,20211003,5151422.28571
pan,20211004,5164411.71429
pan,20211005,5177825
pan,20211006,5191325.71429
pan,20211007,5205666.28571
pan,20211008,5219003.71429
pan,20211009,5233274.85714
pan,20211010,5240522.42857
pan,20211011,5248130.14286
pan,20211013,5256064.14286
pan,20211014,5265866.14286
pan,20211015,5276687.71429
pan,20211016,5288821.85714
pan,20211017,5299463.85714
pan,20211018,5309799.14286
pan,20211019,5320441.28571
pan,20211020,5332754.28571
pan,20211021,5343298.71429
pan,20211022,5353141.57143
pan,20211023,5361976.57143
pan,20211024,5371778.57143
pan,20211025,5381894.14286
pan,20211026,5391821.71429
pan,20211027,5400250
pan,20211028,5409485.57143
pan,20211029,5418379.42857
pan,20211030,5426732.28571
pan,20211031,5434955.28571
pan,20211101,5442932
pan,20211102,5450354.42857
pan,20211103,5456854.28571
pan,20211104,5461766.14286
pan,20211106,5465098.14286
pan,20211107,5467116
pan,20211108,5468294.71429
pan,20211109,5469551.71429
pan,20211110,5471090.71429
pan,20211111,5472678.57143
pan,20211112,5476063.71429
pan,20211113,5481367.71429
pan,20211114,5487844.71429
pan,20211115,5495578.85714
pan,20211116,5502997.85714
pan,20211117,5510334.85714
pan,20211118,5518668.14286
pan,20211119,5526327.85714
pan,20211120,5533212.42857
pan,20211121,5539342.85714
pan,20211122,5545534.71429
pan,20211123,5551470.57143
pan,20211124,5558522.42857
pan,20211125,5566055.71429
pan,20211126,5574010.28571
pan,20211127,5581571.85714
pan,20211128,5589619.14286
pan,20211129,5596545.85714
pan,20211130,5603466.71429
pan,20211201,5609305.42857
pan,20211202,5614472
pan,20211203,5619018.57143
pan,20211204,5624104.71429
pan,20211205,5629312
pan,20211206,5635049
pan,20211207,5641292.71429
pan,20211208,5647355.42857
pan,20211209,5652467.42857
pan,20211210,5657694.71429
pan,20211211,5663599
pan,20211212,5668447.85714
pan,20211213,5672714
pan,20211214,5678319.57143
pan,20211215,5683964.71429
pan,20211216,5690616.28571
pan,20211217,5697268.57143
pan,20211218,5702920.14286
pan,20211219,5708725
pan,20211220,5714390
pan,20211221,5720323.42857
pan,20211222,5725856.71429
pan,20211223,5732691.57143
pan,20211224,5740935
pan,20211225,5748452.57143
pan,20211227,5755814.57143
pan,20211228,5766681.42857
pan,20211229,5785149.71429
pan,20211231,5806808.71429
pan,20220101,5826614
pan,20220102,5843920
pan,20220104,5864311.71429
pan,20220105,5889160.71429
pan,20220106,5915632.42857
pan,20220107,5937937.28571
pan,20220108,5961609.28571
pan,20220109,5986860.85714
pan,20220110,6012150.71429
pan,20220111,6036643.14286
pan,20220112,6060043.85714
pan,20220113,6087278.57143
pan,20220114,6111645.14286
pan,20220115,6137286.57143
pan,20220116,6162522.71429
pan,20220117,6188237.57143
pan,20220118,6215566.57143
pan,20220119,6244321.14286
pan,20220120,6268535.57143
pan,20220121,6294364.85714
pan,20220122,6319982
pan,20220123,6344293.42857
pan,20220124,6371384.28571
pan,20220125,6394317.57143
pan,20220126,6418638
pan,20220127,6438594.28571
pan,20220128,6458156.85714
pan,20220129,6475803.28571
pan,20220130,6495145.85714
pan,20220131,6511999.85714
pan,20220201,6530407
pan,20220202,6544487.71429
pan,20220203,6561027.85714
pan,20220204,6576726.14286
pan,20220205,6591788.57143
pan,20220206,6606748
pan,20220207,6621385.28571
pcn,20210615,47
pcn,20210621,47
pcn,20210727,57
pcn,20210802,63.5
pcn,20210907,69.6
per,20210208,7
per,20210209,1883
per,20210210,8041.66667
per,20210211,19651.25
per,20210212,33091.4
per,20210213,45196.33333
per,20210214,54597.57143
per,20210215,72093.71429
per,20210216,90125.57143
per,20210217,106349.57143
per,20210218,118756.85714
per,20210219,130899.57143
per,20210220,144077.57143
per,20210221,157151.42857
per,20210222,172938.71429
per,20210223,191547.57143
per,20210224,212862.85714
per,20210225,235377.57143
per,20210226,255766.42857
per,20210227,273391.42857
per,20210228,290508
per,20210301,304598.42857
per,20210302,316116.71429
per,20210303,326998
per,20210304,340337.28571
per,20210305,356721
per,20210306,374999
per,20210307,393507.71429
per,20210308,415069.14286
per,20210309,439185
per,20210310,463237.57143
per,20210311,484639.28571
per,20210312,504546.28571
per,20210313,526681.57143
per,20210314,548933.28571
per,20210315,573654
per,20210316,601298.71429
per,20210317,633067.71429
per,20210318,668890.28571
per,20210319,706858
per,20210320,743243.85714
per,20210321,779385.28571
per,20210322,811171.42857
per,20210323,839719.71429
per,20210324,864727
per,20210325,886153.42857
per,20210326,904706.42857
per,20210327,921808.14286
per,20210328,938992.71429
per,20210329,956168.85714
per,20210330,973583
per,20210331,991443.57143
per,20210401,1007728.57143
per,20210402,1021521.14286
per,20210403,1034529.14286
per,20210404,1047437.14286
per,20210405,1060215.14286
per,20210406,1073538.57143
per,20210407,1087672.85714
per,20210408,1107388.71429
per,20210409,1131548.42857
per,20210410,1156287.71429
per,20210411,1180813.57143
per,20210412,1205005
per,20210413,1227995.28571
per,20210414,1249919.57143
per,20210415,1268641.57143
per,20210416,1288294.14286
per,20210417,1312415.28571
per,20210418,1340965.71429
per,20210419,1369064.85714
per,20210420,1396364.85714
per,20210421,1423187.85714
per,20210422,1448204.42857
per,20210423,1471425.42857
per,20210424,1492633
per,20210425,1511637.42857
per,20210426,1531911.85714
per,20210427,1554203.57143
per,20210428,1580965.57143
per,20210429,1614425
per,20210430,1657959.42857
per,20210501,1706636.57143
per,20210502,1760075.71429
per,20210503,1819862.42857
per,20210504,1878771.28571
per,20210505,1933919
per,20210506,1986735.14286
per,20210507,2032239
per,20210508,2080272.85714
per,20210509,2129690.42857
per,20210510,2177997
per,20210511,2230726.28571
per,20210512,2289740.28571
per,20210513,2354548
per,20210514,2428013.57143
per,20210515,2500213
per,20210516,2569479.57143
per,20210517,2639164.85714
per,20210518,2710863.85714
per,20210519,2784234.42857
per,20210520,2858304
per,20210521,2940061.28571
per,20210522,3029920.14286
per,20210523,3126914.85714
per,20210524,3232830.14286
per,20210525,3343317.85714
per,20210526,3455989
per,20210527,3573044.71429
per,20210528,3688637.28571
per,20210529,3804188.57143
per,20210530,3916497.71429
per,20210531,4027442.28571
per,20210601,4140148.71429
per,20210602,4255528.71429
per,20210603,4363507
per,20210604,4455088.14286
per,20210605,4530933.85714
per,20210606,4597740.71429
per,20210607,4652980.42857
per,20210608,4723144
per,20210609,4806548.71429
per,20210610,4913614
per,20210611,5047593
per,20210612,5202071.85714
per,20210613,5368290.42857
per,20210614,5546465.42857
per,20210615,5712269.28571
per,20210616,5864914.42857
per,20210617,6004707.85714
per,20210618,6137205
per,20210619,6262548.42857
per,20210620,6380619.42857
per,20210621,6498409.42857
per,20210622,6617682.28571
per,20210623,6738910.28571
per,20210624,6852294.14286
per,20210625,6958908.14286
per,20210626,7060924.85714
per,20210627,7165504.85714
per,20210628,7262007.28571
per,20210629,7352663.71429
per,20210630,7451007.85714
per,20210701,7565872.71429
per,20210702,7692226.85714
per,20210703,7835069
per,20210704,7989957.14286
per,20210705,8163676.14286
per,20210706,8353548.85714
per,20210707,8541928.14286
per,20210708,8724225.71429
per,20210709,8900294.14286
per,20210710,9086506.14286
per,20210711,9279221.85714
per,20210712,9460411.85714
per,20210713,9627065.57143
per,20210714,9790493.14286
per,20210715,9959801.42857
per,20210716,10138304
per,20210717,10322588.28571
per,20210718,10506537.57143
per,20210719,10689193.57143
per,20210720,10870590
per,20210721,11053400.71429
per,20210722,11235332.14286
per,20210723,11420079.57143
per,20210724,11616108.57143
per,20210725,11830614.71429
per,20210726,12042189.71429
per,20210727,12275428
per,20210728,12502442.71429
per,20210729,12710999.28571
per,20210730,12907796.14286
per,20210731,13088565.85714
per,20210801,13255228.42857
per,20210802,13432049.85714
per,20210803,13592414.42857
per,20210804,13759320.71429
per,20210805,13941593.85714
per,20210806,14140897.85714
per,20210807,14371752.85714
per,20210808,14624501
per,20210809,14871065.85714
per,20210810,15115392.42857
per,20210811,15353738.28571
per,20210812,15584258.28571
per,20210813,15790850.57143
per,20210814,15959980.71429
per,20210815,16105444.28571
per,20210816,16247256.14286
per,20210817,16385736.14286
per,20210818,16519868.14286
per,20210819,16651736.14286
per,20210820,16788344.57143
per,20210821,16936690.85714
per,20210822,17090023.71429
per,20210823,17243456.14286
per,20210824,17393500.71429
per,20210825,17543828.71429
per,20210826,17694839.28571
per,20210827,17849074.14286
per,20210828,18024190.28571
per,20210829,18224519.42857
per,20210830,18415832.71429
per,20210831,18613258.28571
per,20210901,18818529.28571
per,20210902,19034971.85714
per,20210903,19257233.28571
per,20210904,19465510.28571
per,20210905,19654218
per,20210906,19860554
per,20210907,20080223.85714
per,20210908,20329464.14286
per,20210909,20602198.57143
per,20210910,20903460.57143
per,20210911,21238627.71429
per,20210912,21605149.42857
per,20210913,21981528.85714
per,20210914,22370540.14286
per,20210915,22745239.71429
per,20210916,23118181.71429
per,20210917,23475887
per,20210918,23817612.71429
per,20210919,24132654.85714
per,20210920,24436424.42857
per,20210921,24725762.57143
per,20210922,25003981.57143
per,20210923,25258247.42857
per,20210924,25496731.28571
per,20210925,25723930
per,20210926,25954482
per,20210927,26195738.57143
per,20210928,26442403.28571
per,20210929,26708478.28571
per,20210930,26995216.14286
per,20211001,27294803.85714
per,20211002,27617817.28571
per,20211003,27963155.28571
per,20211004,28316929.85714
per,20211005,28678898
per,20211006,29036540.42857
per,20211007,29387960
per,20211008,29728421.14286
per,20211009,30040422.85714
per,20211010,30317829.71429
per,20211011,30582981.28571
per,20211012,30840232.28571
per,20211013,31089893.28571
per,20211014,31333068.57143
per,20211015,31580764.28571
per,20211016,31824497.14286
per,20211017,32074944.57143
per,20211018,32329105.57143
per,20211019,32578214.71429
per,20211020,32820605
per,20211021,33054636.14286
per,20211022,33275889.14286
per,20211023,33484428.14286
per,20211024,33680667.85714
per,20211025,33865155
per,20211026,34037185.71429
per,20211027,34199584.14286
per,20211028,34356389
per,20211029,34509879.57143
per,20211030,34670373.57143
per,20211031,34838325.42857
per,20211101,35003385.42857
per,20211102,35170811.42857
per,20211103,35346139.14286
per,20211104,35537813.14286
per,20211105,35752878
per,20211106,35984392.85714
per,20211107,36224234.42857
per,20211108,36478408.42857
per,20211109,36744622.85714
per,20211110,37016378.85714
per,20211111,37281074.28571
per,20211112,37527967.71429
per,20211113,37748923.85714
per,20211114,37955864.57143
per,20211115,38157706.85714
per,20211116,38355162.28571
per,20211117,38549261.14286
per,20211118,38741570.28571
per,20211119,38935203.85714
per,20211120,39137454.85714
per,20211121,39350359.14286
per,20211122,39566375.42857
per,20211123,39784254.85714
per,20211124,40003364.57143
per,20211125,40229506.28571
per,20211126,40471721.42857
per,20211127,40732473.14286
per,20211128,41002227.42857
per,20211129,41283463.85714
per,20211130,41573320.57143
per,20211201,41871940.42857
per,20211202,42176551.14286
per,20211203,42477517.57143
per,20211204,42762389.85714
per,20211205,43032003.14286
per,20211206,43294522.14286
per,20211207,43551775.28571
per,20211208,43796263
per,20211209,44037096.71429
per,20211210,44287739.28571
per,20211211,44549328.14286
per,20211212,44820573.71429
per,20211213,45103188.71429
per,20211214,45398557
per,20211215,45711461.28571
per,20211216,46022372.42857
per,20211217,46318253.28571
per,20211218,46589351.28571
per,20211219,46840648.57143
per,20211220,47086118.28571
per,20211221,47339640.14286
per,20211222,47598998
per,20211223,47858920.28571
per,20211224,48097379.71429
per,20211225,48308746
per,20211226,48521394.42857
per,20211227,48741274.42857
per,20211228,48954295.14286
per,20211229,49160137.85714
per,20211230,49362831.71429
per,20211231,49564179.28571
per,20220101,49763551.85714
per,20220102,49952744.85714
per,20220103,50132494.28571
per,20220104,50304718.14286
per,20220105,50482043.85714
per,20220106,50674097.57143
per,20220107,50901691.28571
per,20220108,51173694.71429
per,20220109,51458231.14286
per,20220110,51747124.57143
per,20220111,52034175.57143
per,20220112,52310813.71429
per,20220113,52577095.71429
per,20220114,52830528.42857
per,20220115,53068252.14286
per,20220116,53295902.85714
per,20220117,53510249.57143
per,20220118,53711501.14286
per,20220119,53901239.85714
per,20220120,54076340.57143
per,20220121,54238330.28571
per,20220122,54388878.85714
per,20220123,54536274.85714
per,20220124,54675428.14286
per,20220125,54807969.85714
per,20220126,54933905.85714
per,20220127,55055383.85714
per,20220128,55172430.14286
per,20220129,55285904.57143
per,20220130,55396864.42857
per,20220131,55505444.28571
per,20220201,55612225.57143
per,20220202,55716969.85714
per,20220203,55818871
per,20220204,55917227.42857
per,20220205,56006860.85714
phl,20210228,0
phl,20210301,378
phl,20210302,1183
phl,20210304,3387.25
phl,20210306,7737.4
phl,20210307,11325.5
phl,20210308,15993.28571
phl,20210309,28718.57143
phl,20210310,44967.71429
phl,20210313,72210.42857
phl,20210315,101638.57143
phl,20210316,129018
phl,20210317,163349
phl,20210320,205157
phl,20210323,265050.57143
phl,20210327,342455
phl,20210330,420372.28571
phl,20210405,511723.71429
phl,20210406,612595.71429
phl,20210411,736890.14286
phl,20210412,860553.14286
phl,20210413,967322.28571
phl,20210414,1061040.14286
phl,20210417,1163594.42857
phl,20210418,1252494.42857
phl,20210419,1336015.71429
phl,20210420,1396432.71429
phl,20210421,1455021.71429
phl,20210422,1513731.85714
phl,20210423,1573732.28571
phl,20210424,1616114
phl,20210426,1657568.71429
phl,20210427,1700747.85714
phl,20210428,1741748.28571
phl,20210429,1780113.28571
phl,20210430,1816279.57143
phl,20210501,1846113.42857
phl,20210503,1881220.42857
phl,20210504,1923691.14286
phl,20210505,1969317.42857
phl,20210507,2035719
phl,20210508,2109221.71429
phl,20210509,2179068.85714
phl,20210511,2264907.42857
phl,20210513,2367116.42857
phl,20210514,2470695.28571
phl,20210515,2583839.71429
phl,20210516,2682053.71429
phl,20210518,2811193.14286
phl,20210520,2998268.42857
phl,20210521,3200300.71429
phl,20210522,3397836.14286
phl,20210523,3594924.42857
phl,20210524,3792692.85714
phl,20210525,4006050
phl,20210526,4201319.71429
phl,20210527,4364755.42857
phl,20210530,4539673.85714
phl,20210601,4723209.14286
phl,20210602,4915726
phl,20210604,5133320.28571
phl,20210605,5335017.42857
phl,20210606,5520630.71429
phl,20210607,5696895
phl,20210608,5858870.28571
phl,20210609,6014385.14286
phl,20210610,6171084.28571
phl,20210612,6319844.14286
phl,20210613,6468600.42857
phl,20210614,6622847.42857
phl,20210615,6804576.14286
phl,20210616,6982960.85714
phl,20210617,7179763.14286
phl,20210618,7384948
phl,20210619,7578191.57143
phl,20210620,7786590.57143
phl,20210621,8007451.42857
phl,20210625,8318066.14286
phl,20210627,8675519.42857
phl,20210629,9016656.85714
phl,20210630,9358470.57143
phl,20210701,9712891.28571
phl,20210704,10184418
phl,20210706,10666760.71429
phl,20210707,11043450
phl,20210708,11389787.57143
phl,20210710,11776360.42857
phl,20210711,12159056.14286
phl,20210712,12515138.71429
phl,20210713,12762891.57143
phl,20210715,13063850
phl,20210716,13390471.28571
phl,20210719,13762826.14286
phl,20210721,14144854.42857
phl,20210723,14616853
phl,20210725,15169689.14286
phl,20210726,15706849.42857
phl,20210727,16198401.14286
phl,20210729,16897564.14286
phl,20210802,17721461.71429
phl,20210803,18703196.42857
phl,20210805,19670756.42857
phl,20210808,20802743.14286
phl,20210811,22077754.71429
phl,20210815,23547969.71429
phl,20210816,24826336.28571
phl,20210818,26006864.28571
phl,20210822,27135500.71429
phl,20210823,28206048.14286
phl,20210825,29126535
phl,20210829,30122519.28571
phl,20210831,30965292.71429
phl,20210901,31794410.85714
phl,20210905,32753228.57143
phl,20210906,33554179
phl,20210908,34480392.42857
phl,20210909,35379630.14286
phl,20210912,36186360
phl,20210913,36962918.57143
phl,20210914,37736883.28571
phl,20210915,38335658.14286
phl,20210916,38981805.57143
phl,20210919,39587163
phl,20210921,40216256.85714
phl,20210923,40836554.14286
phl,20210926,41521080
phl,20210927,42211253.14286
phl,20210928,42884303.57143
phl,20210929,43545551
phl,20210930,44143705.42857
phl,20211003,44750661
phl,20211004,45277815.85714
phl,20211005,45827082.28571
phl,20211006,46402730
phl,20211007,47000412.14286
phl,20211010,47646971.28571
phl,20211011,48284899
phl,20211012,48869969.71429
phl,20211013,49463975
phl,20211014,49993019.57143
phl,20211017,50552031.85714
phl,20211018,51103151.57143
phl,20211019,51623377
phl,20211020,52162185.28571
phl,20211021,52729071.85714
phl,20211024,53411784.71429
phl,20211025,54093565.57143
phl,20211026,54732258.14286
phl,20211027,55405229.57143
phl,20211028,56104817.85714
phl,20211031,56887463
phl,20211101,57605963.14286
phl,20211102,58276067.57143
phl,20211103,59004698.42857
phl,20211104,59818924.28571
phl,20211107,60776321.71429
phl,20211108,61738490.14286
phl,20211109,62659577.57143
phl,20211110,63708622.42857
phl,20211111,64752876.85714
phl,20211114,65947026.71429
phl,20211115,67118946.28571
phl,20211116,68188117.14286
phl,20211117,69304699.42857
phl,20211118,70469441.85714
phl,20211121,71724275
phl,20211128,73664381
phl,20211130,76051156.14286
phl,20211201,78678659.14286
phl,20211202,81332871.85714
phl,20211205,84049156.28571
phl,20211206,86739929.57143
phl,20211208,89402241.28571
phl,20211213,91679454.57143
phl,20211214,93336940.71429
phl,20211215,94775413.71429
phl,20211216,96168839.14286
phl,20211219,97473158.28571
phl,20211220,98745045.85714
phl,20211226,100341572.71429
phl,20211227,101634930
phl,20211228,102956884.71429
phl,20211230,104298984.42857
phl,20220104,105738415.85714
phl,20220105,107162402.71429
phl,20220106,108627064.28571
phl,20220109,109762971.71429
phl,20220110,110899868.85714
phl,20220111,112046426.85714
phl,20220112,113153582.71429
phl,20220113,114189012.28571
phl,20220116,115341771.14286
phl,20220117,116461400
phl,20220118,117501612
phl,20220119,118536495.42857
phl,20220120,119537936
phl,20220123,120549566.85714
phl,20220125,121574246.71429
phl,20220126,122451993.85714
phl,20220131,123481318.14286
phl,20220201,124412474.14286
phl,20220202,125287286
phl,20220204,126168625.14286
phl,20220207,126991433.14286
png,20210330,0
png,20210413,98.5
png,20210420,426
png,20210427,696.5
png,20210504,1157.2
png,20210518,2451.16667
png,20210525,4452.28571
png,20210601,8738
png,20210608,13056.28571
png,20210615,18721.28571
png,20210621,24838.28571
png,20210629,31457.28571
png,20210713,38995.42857
png,20210727,48518.85714
png,20210802,58577.28571
png,20210816,70381.14286
png,20210831,82752.28571
png,20210907,95626.14286
png,20210914,110680
png,20210928,125448.85714
png,20211005,141425.85714
png,20211025,168583.57143
png,20211122,214717.71429
png,20211130,263265.14286
png,20211213,315287.14286
png,20211220,365188.28571
png,20220104,414594
png,20220111,460379.28571
png,20220118,492657
png,20220124,504934.57143
png,20220131,512902.14286
png,20220207,517433.85714
pol,20201228,2000
pol,20201229,4150
pol,20201230,14866.66667
pol,20201231,23050
pol,20210102,28518.2
pol,20210103,32237.33333
pol,20210104,40806.28571
pol,20210105,60552.85714
pol,20210106,82561.28571
pol,20210107,104369.28571
pol,20210108,125967.42857
pol,20210109,147343.28571
pol,20210110,169089
pol,20210111,192748.14286
pol,20210112,216947.28571
pol,20210113,246783.42857
pol,20210114,278429.71429
pol,20210115,312454.85714
pol,20210116,349209.28571
pol,20210117,387268.28571
pol,20210118,421172.57143
pol,20210119,454259.57143
pol,20210120,486055.71429
pol,20210121,519558.42857
pol,20210122,554889
pol,20210123,589726.28571
pol,20210124,623727.42857
pol,20210125,663987.85714
pol,20210126,716020.42857
pol,20210127,775515.85714
pol,20210128,840092.57143
pol,20210129,905350.28571
pol,20210130,970459.85714
pol,20210131,1037521.28571
pol,20210201,1102482.57143
pol,20210202,1164908
pol,20210203,1229668.71429
pol,20210204,1296749.85714
pol,20210205,1364847.42857
pol,20210206,1434022.71429
pol,20210207,1502566.14286
pol,20210209,1579994.57143
pol,20210211,1673038
pol,20210212,1760099.57143
pol,20210213,1837311.71429
pol,20210214,1909380.42857
pol,20210215,1983378.71429
pol,20210216,2065294.28571
pol,20210217,2152591.28571
pol,20210218,2233057
pol,20210219,2317309.42857
pol,20210220,2401698.85714
pol,20210221,2486400.85714
pol,20210222,2572156.57143
pol,20210224,2680808.85714
pol,20210226,2807240
pol,20210228,2918576.42857
pol,20210301,3021812.14286
pol,20210303,3153455.14286
pol,20210304,3307229.14286
pol,20210306,3477467.42857
pol,20210308,3622331.85714
pol,20210309,3739053.42857
pol,20210311,3889753.71429
pol,20210312,4047446.14286
pol,20210313,4175763.42857
pol,20210314,4281364.28571
pol,20210315,4367929.42857
pol,20210316,4453814.42857
pol,20210317,4546962.85714
pol,20210318,4618686.28571
pol,20210319,4689575
pol,20210320,4760522.14286
pol,20210321,4831293.42857
pol,20210322,4905703.14286
pol,20210323,4989689.71429
pol,20210324,5081521.71429
pol,20210326,5204697.57143
pol,20210328,5333138.57143
pol,20210330,5485661
pol,20210331,5663488.71429
pol,20210401,5861323.14286
pol,20210402,6064320.85714
pol,20210404,6246775.57143
pol,20210405,6376751.71429
pol,20210407,6536333.28571
pol,20210408,6705133.57143
pol,20210410,6900031.85714
pol,20210411,7075010.14286
pol,20210412,7242090.85714
pol,20210413,7429413
pol,20210415,7689331.71429
pol,20210419,7976029.85714
pol,20210420,8254171.71429
pol,20210421,8519893.57143
pol,20210422,8822657.71429
pol,20210423,9149132.85714
pol,20210425,9488247.57143
pol,20210427,9810441
pol,20210428,10106845.28571
pol,20210429,10429756.85714
pol,20210501,10770005.85714
pol,20210503,11082694.42857
pol,20210505,11446282.57143
pol,20210506,11830622.71429
pol,20210507,12211950.42857
pol,20210508,12581832.14286
pol,20210509,12909466.14286
pol,20210510,13206690
pol,20210511,13532190.71429
pol,20210513,13893611.28571
pol,20210514,14247134.85714
pol,20210515,14585215.85714
pol,20210516,14900776.71429
pol,20210517,15226392.28571
pol,20210518,15571365
pol,20210520,15997166.57143
pol,20210521,16350819
pol,20210522,16687615.14286
pol,20210523,16996912.57143
pol,20210524,17312104.57143
pol,20210525,17647284.57143
pol,20210526,17991970.85714
pol,20210527,18266295
pol,20210528,18538394.14286
pol,20210529,18815732.57143
pol,20210530,19096866.85714
pol,20210531,19382410.85714
pol,20210601,19689015.85714
pol,20210602,20030345.28571
pol,20210603,20337748.85714
pol,20210604,20656164
pol,20210605,20973009.14286
pol,20210606,21290910.57143
pol,20210607,21613197
pol,20210608,21927632.14286
pol,20210609,22222717.28571
pol,20210610,22551496.42857
pol,20210611,22878909
pol,20210612,23212467.57143
pol,20210613,23546173.14286
pol,20210614,23881459.57143
pol,20210616,24273730.57143
pol,20210617,24651491.42857
pol,20210618,25019834.85714
pol,20210619,25359355.28571
pol,20210620,25664181.14286
pol,20210621,25977785
pol,20210622,26319319.71429
pol,20210623,26602872.28571
pol,20210624,26851078.28571
pol,20210626,27157914.85714
pol,20210627,27447187.71429
pol,20210628,27748153.14286
pol,20210629,28065756.71429
pol,20210630,28374877
pol,20210701,28671474.14286
pol,20210702,28981407.71429
pol,20210703,29211569.28571
pol,20210704,29436822.14286
pol,20210705,29657863.57143
pol,20210706,29873452
pol,20210707,30087331
pol,20210708,30295970.57143
pol,20210709,30505514
pol,20210711,30729747.85714
pol,20210712,30962513
pol,20210713,31207503.85714
pol,20210714,31459072.42857
pol,20210715,31698191.28571
pol,20210717,31953033.14286
pol,20210719,32190913.57143
pol,20210720,32412087.14286
pol,20210721,32644578.71429
pol,20210722,32875796
pol,20210723,33087608.57143
pol,20210725,33281458.28571
pol,20210726,33432249.42857
pol,20210727,33578274.85714
pol,20210728,33722968.42857
pol,20210729,33857310.14286
pol,20210730,33979051.85714
pol,20210731,34091682.71429
pol,20210801,34190766.85714
pol,20210802,34287595.28571
pol,20210803,34380754.57143
pol,20210804,34467256
pol,20210805,34550856
pol,20210807,34644071
pol,20210809,34732721.57143
pol,20210810,34825634.85714
pol,20210811,34921066.57143
pol,20210812,35018709.85714
pol,20210814,35119805.85714
pol,20210815,35209011
pol,20210816,35278686
pol,20210817,35347038.14286
pol,20210818,35419482.14286
pol,20210819,35491076.14286
pol,20210820,35559965.71429
pol,20210821,35616493.85714
pol,20210822,35672723.14286
pol,20210824,35735940
pol,20210826,35810868.14286
pol,20210827,35883132.85714
pol,20210828,35951770.57143
pol,20210829,36013337.71429
pol,20210830,36074329.57143
pol,20210831,36140334.57143
pol,20210901,36200129.57143
pol,20210902,36248415.57143
pol,20210903,36294834.28571
pol,20210904,36339642.85714
pol,20210905,36383283.71429
pol,20210906,36425153.42857
pol,20210907,36464444.85714
pol,20210908,36502920.57143
pol,20210910,36548409.71429
pol,20210911,36589133.42857
pol,20210912,36626905
pol,20210914,36670249.85714
pol,20210915,36715354.57143
pol,20210916,36760646
pol,20210917,36805957.28571
pol,20210919,36841247.57143
pol,20210920,36875619
pol,20210921,36912419.42857
pol,20210922,36950961.14286
pol,20210923,36988598.28571
pol,20210924,37026614.14286
pol,20210925,37058747.14286
pol,20210927,37087563.42857
pol,20210928,37117343.85714
pol,20210929,37146759.14286
pol,20211001,37181710.85714
pol,20211002,37214090.57143
pol,20211003,37247348.28571
pol,20211004,37321526.71429
pol,20211012,37447913.42857
pol,20211013,37571548.85714
pol,20211015,37720001.71429
pol,20211016,37857598
pol,20211017,37994052.42857
pol,20211019,38136310
pol,20211020,38246821.14286
pol,20211021,38313603.71429
pol,20211023,38395071.42857
pol,20211024,38448984.57143
pol,20211025,38504759.42857
pol,20211026,38578430.85714
pol,20211028,38661085.85714
pol,20211029,38745577.28571
pol,20211031,38824741.42857
pol,20211101,38888365.28571
pol,20211102,38958565.14286
pol,20211103,39035096.14286
pol,20211104,39106134.57143
pol,20211105,39171406.71429
pol,20211106,39232622.85714
pol,20211107,39290388.71429
pol,20211108,39356352.57143
pol,20211109,39428078.57143
pol,20211111,39506756.85714
pol,20211112,39585982.85714
pol,20211114,39656896
pol,20211115,39729950.28571
pol,20211116,39816579.28571
pol,20211117,39912896
pol,20211118,40014490
pol,20211119,40118616.57143
pol,20211120,40221169.28571
pol,20211121,40318654.42857
pol,20211122,40420857.85714
pol,20211123,40528279.14286
pol,20211125,40668264.28571
pol,20211127,40840011.85714
pol,20211128,40994485.14286
pol,20211129,41152125
pol,20211201,41358608
pol,20211202,41578632.28571
pol,20211203,41815885.14286
pol,20211204,42028711.42857
pol,20211205,42197073.71429
pol,20211206,42409479.71429
pol,20211208,42673637.71429
pol,20211210,42956842.85714
pol,20211211,43238737.85714
pol,20211212,43488843.14286
pol,20211213,43736191.57143
pol,20211214,44007869.85714
pol,20211215,44264087.85714
pol,20211216,44486496
pol,20211217,44674910.42857
pol,20211218,44862225.85714
pol,20211219,45049806.42857
pol,20211220,45238473.42857
pol,20211221,45418756.85714
pol,20211222,45591038.42857
pol,20211223,45743219.85714
pol,20211224,45860580.14286
pol,20211225,45952856.57143
pol,20211226,46039392.28571
pol,20211228,46157181
pol,20211230,46311990.14286
pol,20211231,46445281.71429
pol,20220101,46565691.14286
pol,20220102,46687066.14286
pol,20220103,46831423.14286
pol,20220104,47015738.14286
pol,20220105,47185888.42857
pol,20220106,47301986.85714
pol,20220107,47447048
pol,20220108,47617091.42857
pol,20220109,47789968.14286
pol,20220110,47965189.42857
pol,20220111,48135978.71429
pol,20220112,48300673.57143
pol,20220113,48492103.42857
pol,20220114,48686408.57143
pol,20220116,48883407
pol,20220117,49097724.71429
pol,20220118,49313419.85714
pol,20220120,49549819.14286
pol,20220121,49779399.57143
pol,20220122,49995909
pol,20220123,50182877.14286
pol,20220124,50359486.42857
pol,20220125,50536074.71429
pol,20220126,50709764.57143
pol,20220127,50846371.85714
pol,20220128,50978596.14286
pol,20220130,51111998.71429
pol,20220131,51252966.28571
pol,20220201,51392082.57143
pol,20220202,51525737.71429
pol,20220203,51650903.57143
pol,20220204,51774069.85714
pol,20220205,51884251
pol,20220206,51976471.85714
pol,20220207,52065303.71429
prt,20201227,4963
prt,20201228,6358.5
prt,20201229,11028.33333
prt,20201230,15907
prt,20201231,19275.4
prt,20210101,21521
prt,20210102,23125.14286
prt,20210103,27094.71429
prt,20210104,30797
prt,20210105,34520.57143
prt,20210106,38936.42857
prt,20210107,44508.14286
prt,20210108,50437.42857
prt,20210109,56380.57143
prt,20210110,62329.42857
prt,20210111,69692.28571
prt,20210112,76786.42857
prt,20210113,83706
prt,20210114,90747.42857
prt,20210115,98500.71429
prt,20210116,106459.28571
prt,20210117,114579
prt,20210118,121929.57143
prt,20210119,131115.57143
prt,20210120,142463.57143
prt,20210121,156947.85714
prt,20210122,174114
prt,20210123,193174.28571
prt,20210124,212664.14286
prt,20210126,232492
prt,20210127,251060.42857
prt,20210128,268008.57143
prt,20210129,283046.57143
prt,20210130,296404.14286
prt,20210131,308582.28571
prt,20210201,324680.85714
prt,20210202,340172.71429
prt,20210203,354794.85714
prt,20210204,368799.14286
prt,20210205,382151.14286
prt,20210206,395533.71429
prt,20210207,408241.71429
prt,20210208,417088
prt,20210209,425972.28571
prt,20210210,435751.85714
prt,20210211,446627.28571
prt,20210212,459921.57143
prt,20210213,476407.57143
prt,20210214,495202.42857
prt,20210215,515313.71429
prt,20210216,536417.28571
prt,20210217,557728.28571
prt,20210218,579244.14286
prt,20210219,601879.28571
prt,20210220,624617.71429
prt,20210221,647508.14286
prt,20210222,669569.14286
prt,20210223,692098
prt,20210224,716037.57143
prt,20210225,741295.57143
prt,20210226,767232.71429
prt,20210227,793613.71429
prt,20210228,820708
prt,20210301,849039.14286
prt,20210302,877672.85714
prt,20210303,904778.28571
prt,20210304,931412.57143
prt,20210305,957812.85714
prt,20210306,984065.57143
prt,20210307,1009335.71429
prt,20210308,1034137.14286
prt,20210309,1058200.42857
prt,20210310,1081588.28571
prt,20210311,1104315.57143
prt,20210312,1125910.28571
prt,20210313,1146625.14286
prt,20210314,1167217.28571
prt,20210315,1188527.42857
prt,20210316,1211834.71429
prt,20210317,1234643.57143
prt,20210318,1258990.57143
prt,20210319,1284787.71429
prt,20210320,1312180.14286
prt,20210321,1340539.28571
prt,20210322,1368168.14286
prt,20210323,1394762
prt,20210324,1423470.71429
prt,20210325,1453329.14286
prt,20210326,1486924.57143
prt,20210327,1518498.71429
prt,20210328,1555837.14286
prt,20210329,1595934.28571
prt,20210330,1636863
prt,20210331,1679025.71429
prt,20210401,1718500.28571
prt,20210402,1759667.57143
prt,20210403,1801510
prt,20210404,1836855.14286
prt,20210405,1868870.42857
prt,20210406,1902185.42857
prt,20210407,1936753.42857
prt,20210408,1976774.57143
prt,20210409,2014968.71429
prt,20210410,2058037.85714
prt,20210411,2100389.42857
prt,20210412,2144889.57143
prt,20210413,2189295.28571
prt,20210414,2234345.14286
prt,20210415,2279638.57143
prt,20210416,2324810.85714
prt,20210417,2369731.14286
prt,20210418,2429781
prt,20210419,2498573.57143
prt,20210420,2567420.42857
prt,20210421,2635408.14286
prt,20210422,2702012.42857
prt,20210423,2768354.42857
prt,20210424,2836090.85714
prt,20210425,2893083.71429
prt,20210426,2943317.42857
prt,20210427,2995913.28571
prt,20210428,3050104.57143
prt,20210429,3106996.14286
prt,20210430,3165744.71429
prt,20210501,3225742.85714
prt,20210502,3286868.28571
prt,20210503,3349380.85714
prt,20210504,3414202.14286
prt,20210505,3482984.28571
prt,20210506,3554360.42857
prt,20210507,3628624.71429
prt,20210508,3705452.85714
prt,20210509,3786706.85714
prt,20210510,3871383.71429
prt,20210511,3957987.14286
prt,20210512,4043476.85714
prt,20210513,4125748
prt,20210514,4203943.85714
prt,20210515,4278652.71429
prt,20210516,4360128
prt,20210517,4445412.14286
prt,20210518,4529256.85714
prt,20210519,4614556.57143
prt,20210520,4701413
prt,20210521,4789720
prt,20210522,4878828.85714
prt,20210523,4959540
prt,20210524,5034937.42857
prt,20210525,5110260
prt,20210526,5184054.85714
prt,20210527,5259070.85714
prt,20210528,5336425.14286
prt,20210529,5416394.28571
prt,20210530,5496675.28571
prt,20210531,5577130
prt,20210601,5657895.28571
prt,20210602,5741511.14286
prt,20210603,5825360.85714
prt,20210604,5905299.85714
prt,20210605,5983369.57143
prt,20210606,6062536.57143
prt,20210607,6144199
prt,20210608,6230732.14286
prt,20210609,6318229.14286
prt,20210610,6407131.28571
prt,20210611,6501854.14286
prt,20210612,6591687.14286
prt,20210613,6680104.85714
prt,20210614,6767708.28571
prt,20210615,6853733.71429
prt,20210616,6940747
prt,20210617,7029434.42857
prt,20210618,7126112
prt,20210619,7221989.71429
prt,20210620,7327503.71429
prt,20210621,7432486.85714
prt,20210622,7528604.57143
prt,20210623,7625322.57143
prt,20210624,7721965.14286
prt,20210625,7810474.28571
prt,20210626,7907380.85714
prt,20210627,7998517
prt,20210628,8101961.28571
prt,20210629,8217345
prt,20210705,8418732.57143
prt,20210706,8625243
prt,20210707,8838513
prt,20210712,9143407
prt,20210713,9451156.42857
prt,20210714,9752978.57143
prt,20210715,10055607.71429
prt,20210716,10273619.28571
prt,20210717,10487269
prt,20210718,10692271.28571
prt,20210719,10802025.85714
prt,20210720,10909159.85714
prt,20210721,11013987.57143
prt,20210722,11115320.14286
prt,20210723,11214666.42857
prt,20210724,11312131.42857
prt,20210725,11408975.57143
prt,20210726,11504654.71429
prt,20210727,11598421.57143
prt,20210728,11690257.28571
prt,20210729,11780870.42857
prt,20210730,11869394.85714
prt,20210731,11956598.85714
prt,20210802,12054068.85714
prt,20210803,12152988.85714
prt,20210804,12251741.57143
prt,20210805,12353394.42857
prt,20210806,12457215.28571
prt,20210807,12562905.14286
prt,20210808,12667746.85714
prt,20210809,12759051.57143
prt,20210810,12850375.42857
prt,20210811,12943932.57143
prt,20210812,13035588.28571
prt,20210813,13125631.85714
prt,20210814,13218173.42857
prt,20210815,13313034
prt,20210816,13408545.57143
prt,20210817,13505794
prt,20210818,13600187.14286
prt,20210819,13692722.57143
prt,20210820,13782885.42857
prt,20210821,13867569.14286
prt,20210822,13955797.85714
prt,20210823,14041849.57143
prt,20210824,14123751
prt,20210825,14202759.28571
prt,20210826,14279558.14286
prt,20210827,14353602.57143
prt,20210828,14424787.85714
prt,20210829,14488874.71429
prt,20210830,14550900.71429
prt,20210831,14610832
prt,20210901,14669364.14286
prt,20210902,14726463.71429
prt,20210903,14782739.85714
prt,20210905,14853792.85714
prt,20210906,14922005.57143
prt,20210907,14990361.14286
prt,20210908,15056827.42857
prt,20210909,15121873
prt,20210910,15185128.14286
prt,20210911,15247142.42857
prt,20210912,15303763
prt,20210913,15357847.85714
prt,20210914,15413164.28571
prt,20210920,15492806.71429
prt,20210921,15576736.42857
prt,20210922,15658318.42857
prt,20210926,15740434.71429
prt,20210927,15809701.28571
prt,20211004,15884718.85714
prt,20211011,15960123
prt,20211018,16013069.14286
prt,20211025,16062059.85714
prt,20211101,16111971
prt,20211108,16158899.57143
prt,20211111,16256151.85714
prt,20211112,16350622.71429
prt,20211114,16447501.14286
prt,20211115,16540062.14286
prt,20211116,16626459
prt,20211121,16736991.28571
prt,20211123,16851277
prt,20211125,16924419.85714
prt,20211126,17002991.28571
prt,20211127,17085134.14286
prt,20211129,17172572
prt,20211130,17270436.28571
prt,20211201,17348964.42857
prt,20211202,17429866.85714
prt,20211203,17506503.85714
prt,20211204,17577438.42857
prt,20211205,17643583.28571
prt,20211206,17711580.28571
prt,20211207,17780335.28571
prt,20211208,17849179
prt,20211209,17918868.28571
prt,20211210,17988338.42857
prt,20211211,18058517
prt,20211212,18128960.42857
prt,20211213,18199075
prt,20211214,18269516.71429
prt,20211215,18338465.28571
prt,20211216,18404018.57143
prt,20211217,18467583.14286
prt,20211218,18532481.14286
prt,20211219,18588419.42857
prt,20211220,18634756.57143
prt,20211221,18680440
prt,20211222,18729896.42857
prt,20211223,18783601.85714
prt,20211224,18833837.85714
prt,20211225,18873448.71429
prt,20211226,18912258.42857
prt,20211227,18950356.42857
prt,20211228,18989548.14286
prt,20211229,19030186.42857
prt,20211230,19073075
prt,20211231,19119616
prt,20220101,19166157
prt,20220102,19212698
prt,20220103,19271268.71429
prt,20220104,19330573.57143
prt,20220105,19388626.57143
prt,20220106,19446343.28571
prt,20220107,19501939.14286
prt,20220108,19564520.71429
prt,20220109,19632716.71429
prt,20220110,19692843
prt,20220111,19755565
prt,20220112,19819116
prt,20220113,19882108.42857
prt,20220114,19950891.28571
prt,20220115,20022254.57143
prt,20220116,20096902.28571
prt,20220117,20177910.71429
prt,20220118,20259761.57143
prt,20220119,20340985.71429
prt,20220120,20421296.71429
prt,20220121,20500617.42857
prt,20220122,20582281.28571
prt,20220123,20668989.42857
prt,20220124,20757102.28571
prt,20220125,20841829.71429
prt,20220126,20925468
prt,20220127,21008088
prt,20220128,21091321.14286
prt,20220129,21173635.42857
prt,20220130,21254263
prt,20220131,21332957.14286
prt,20220201,21410993.85714
prt,20220202,21488061.14286
prt,20220203,21564333.71429
prt,20220204,21639023.28571
prt,20220205,21712845.42857
prt,20220206,21784119.28571
prt,20220207,21854262.14286
prt,20220208,21920663.85714
pry,20210222,200
pry,20210223,373
pry,20210224,582.33333
pry,20210225,777
pry,20210226,925.8
pry,20210228,1025.16667
pry,20210301,1096.28571
pry,20210302,1301.14286
pry,20210303,1466.28571
pry,20210304,1570.85714
pry,20210305,1631.14286
pry,20210306,1668.71429
pry,20210308,1720.42857
pry,20210309,1779.14286
pry,20210310,1959.28571
pry,20210311,2391.28571
pry,20210312,3267.14286
pry,20210313,4431.28571
pry,20210314,5843.14286
pry,20210315,7303
pry,20210316,8902.28571
pry,20210317,10489.71429
pry,20210318,11892.42857
pry,20210319,12881.14286
pry,20210320,13575.14286
pry,20210321,14021.71429
pry,20210322,14410
pry,20210323,15257.57143
pry,20210324,16801.57143
pry,20210325,19122.42857
pry,20210326,22141.28571
pry,20210327,25496.85714
pry,20210328,28987.42857
pry,20210329,32952.28571
pry,20210330,36655.14286
pry,20210331,39731.28571
pry,20210401,41963.85714
pry,20210403,43508.28571
pry,20210404,44715.71429
pry,20210405,45867.85714
pry,20210406,46638.57143
pry,20210407,47264.71429
pry,20210408,48004.57143
pry,20210409,49082.85714
pry,20210410,50415
pry,20210411,51989.71429
pry,20210412,54151.14286
pry,20210413,57408.28571
pry,20210414,61602.14286
pry,20210415,66511.71429
pry,20210416,71868.42857
pry,20210417,77102.42857
pry,20210418,82145.57143
pry,20210419,86887.42857
pry,20210420,90749.71429
pry,20210421,93732.14286
pry,20210422,95931.57143
pry,20210423,97533.42857
pry,20210424,98996.57143
pry,20210425,100427.14286
pry,20210426,101644.85714
pry,20210427,103280.42857
pry,20210428,105707
pry,20210429,109290.57143
pry,20210430,113862.42857
pry,20210501,118496.85714
pry,20210502,123189
pry,20210503,128825.85714
pry,20210504,134791
pry,20210505,140784.28571
pry,20210506,146299
pry,20210507,151463.57143
pry,20210508,156689.28571
pry,20210509,161958.14286
pry,20210510,167855.71429
pry,20210511,174739.71429
pry,20210512,182725.57143
pry,20210513,192396.28571
pry,20210514,202593.57143
pry,20210515,212887.57143
pry,20210516,223367.42857
pry,20210517,233865.14286
pry,20210518,245310.42857
pry,20210519,257423.57143
pry,20210520,269727.85714
pry,20210521,283100.57143
pry,20210522,297464.57143
pry,20210523,311539.28571
pry,20210524,325141.85714
pry,20210525,337276.85714
pry,20210526,348809.14286
pry,20210527,360238.14286
pry,20210528,371458.57143
pry,20210529,381894.71429
pry,20210530,392451.14286
pry,20210531,404358.85714
pry,20210601,417077.85714
pry,20210602,429737.42857
pry,20210603,442009
pry,20210604,454362.28571
pry,20210605,467037.57143
pry,20210606,479797.57143
pry,20210607,492156.28571
pry,20210608,503993
pry,20210609,515402.14286
pry,20210610,526667.57143
pry,20210611,537926
pry,20210612,551805.57143
pry,20210613,569219.42857
pry,20210614,588366.85714
pry,20210615,609180.57143
pry,20210616,631119.14286
pry,20210617,654921.14286
pry,20210618,679472.85714
pry,20210619,701283.57143
pry,20210620,719465.71429
pry,20210621,737455.57143
pry,20210622,755695.14286
pry,20210623,774861.71429
pry,20210624,791720.71429
pry,20210625,807947
pry,20210626,824360.42857
pry,20210627,841058
pry,20210628,857383
pry,20210629,872761
pry,20210630,887093.71429
pry,20210701,903912.57143
pry,20210702,921121.28571
pry,20210703,942107.42857
pry,20210704,968707.14286
pry,20210705,997757
pry,20210706,1031351.28571
pry,20210707,1070363.42857
pry,20210708,1107733.85714
pry,20210709,1144863
pry,20210710,1177449.57143
pry,20210711,1204030.42857
pry,20210712,1239079.71429
pry,20210713,1282173
pry,20210714,1333755.42857
pry,20210715,1395704.14286
pry,20210716,1466430.42857
pry,20210717,1539444.57143
pry,20210718,1613511.28571
pry,20210719,1687020.85714
pry,20210720,1752442.71429
pry,20210721,1820212.71429
pry,20210722,1895211.71429
pry,20210723,1966447.14286
pry,20210724,2042406.71429
pry,20210725,2120030.42857
pry,20210726,2200937.85714
pry,20210727,2288030.14286
pry,20210728,2366335.57143
pry,20210729,2426461.28571
pry,20210730,2480240.14286
pry,20210731,2527089.28571
pry,20210801,2571206.42857
pry,20210802,2608505.28571
pry,20210803,2641769.42857
pry,20210804,2677264.14286
pry,20210805,2720343.71429
pry,20210806,2769250
pry,20210807,2826437.28571
pry,20210808,2886706.57143
pry,20210809,2945558
pry,20210810,3000104.85714
pry,20210811,3057338.57143
pry,20210812,3121637.57143
pry,20210813,3189894.42857
pry,20210814,3261028.28571
pry,20210815,3335490.28571
pry,20210816,3417613.14286
pry,20210817,3508196.85714
pry,20210818,3595019.85714
pry,20210819,3667292.42857
pry,20210820,3730069.28571
pry,20210821,3781636.71429
pry,20210822,3826796.85714
pry,20210823,3856792.42857
pry,20210824,3874871.42857
pry,20210825,3884066.14286
pry,20210826,3897867.28571
pry,20210827,3917639
pry,20210828,3937375.28571
pry,20210829,3957106.71429
pry,20210830,3978734.57143
pry,20210831,4001906
pry,20210901,4026010.57143
pry,20210902,4043697.14286
pry,20210903,4054519.71429
pry,20210904,4066158.42857
pry,20210905,4077794.85714
pry,20210910,4111291.85714
pry,20210917,4160166.71429
pry,20210924,4216534.57143
pry,20210925,4274127.42857
pry,20211001,4352871.42857
pry,20211008,4458762
pry,20211015,4577475.71429
pry,20211022,4705198.71429
pry,20211029,4832136.28571
pry,20211105,4952000.85714
pry,20211112,5131710.57143
pry,20211119,5314752.28571
pry,20211129,5489488.14286
pry,20211203,5673732.57143
pry,20211210,5839379.14286
pry,20211217,6010804.14286
pry,20211223,6199967.42857
pry,20211229,6355323.57143
pry,20220107,6521944.28571
pry,20220114,6696407.57143
pry,20220121,6867039.42857
pry,20220128,7031881.85714
pry,20220204,7200357.14286
pse,20210330,81942
pse,20210331,84504
pse,20210401,87408.33333
pse,20210403,90652.75
pse,20210404,93073.2
pse,20210405,96207.66667
pse,20210406,99796
pse,20210407,107003.14286
pse,20210408,115014
pse,20210409,123483.42857
pse,20210410,130992.85714
pse,20210411,138327.71429
pse,20210412,145439.14286
pse,20210413,152204.28571
pse,20210414,158127
pse,20210415,163087.42857
pse,20210416,167425.14286
pse,20210417,171698.71429
pse,20210418,175914
pse,20210419,180293.28571
pse,20210421,185092.85714
pse,20210422,189736.14286
pse,20210423,194789.42857
pse,20210424,199164.57143
pse,20210505,237829.71429
pse,20210512,278275
pse,20210514,317489.14286
pse,20210516,355325.42857
pse,20210517,392862.42857
pse,20210518,429745.14286
pse,20210519,466762.85714
pse,20210520,469968.85714
pse,20210526,473251
pse,20210527,479141.28571
pse,20210529,486993.14286
pse,20210531,497249.57143
pse,20210601,509341.42857
pse,20210602,523588
pse,20210603,539948.28571
pse,20210604,556723.14286
pse,20210605,570978.28571
pse,20210612,590349.85714
pse,20210613,607088
pse,20210614,622818
pse,20210616,639019
pse,20210619,657005.57143
pse,20210621,675645.71429
pse,20210622,697094.57143
pse,20210623,714410.42857
pse,20210624,734765.57143
pse,20210625,756809
pse,20210626,776304.14286
pse,20210627,791700.85714
pse,20210628,806553.14286
pse,20210629,820646.14286
pse,20210630,833401.71429
pse,20210701,844499.28571
pse,20210702,854105.71429
pse,20210703,863482.71429
pse,20210704,872669.85714
pse,20210705,880896.57143
pse,20210706,888161.42857
pse,20210707,894716.71429
pse,20210708,900909.71429
pse,20210709,907005.71429
pse,20210710,913118.28571
pse,20210711,919172.85714
pse,20210712,924970
pse,20210713,930630.85714
pse,20210715,936978.71429
pse,20210716,943338.28571
pse,20210717,948456.85714
pse,20210718,953985.14286
pse,20210721,960308.42857
pse,20210723,965440
pse,20210725,969775.71429
pse,20210726,973339.28571
pse,20210727,976498.42857
pse,20210728,980589.28571
pse,20210729,985171.28571
pse,20210730,989783
pse,20210731,994329.57143
pse,20210801,998630.28571
pse,20210802,1002940.28571
pse,20210803,1007330.71429
pse,20210804,1011221.71429
pse,20210805,1014805.28571
pse,20210806,1018214.14286
pse,20210807,1021644.42857
pse,20210808,1025191.42857
pse,20210809,1028782.28571
pse,20210810,1031687.14286
pse,20210811,1035022.14286
pse,20210812,1038843.85714
pse,20210813,1043302.57143
pse,20210814,1047829.85714
pse,20210815,1052665.42857
pse,20210816,1058300.14286
pse,20210817,1065449
pse,20210818,1073332.71429
pse,20210819,1082088
pse,20210820,1091599.57143
pse,20210821,1101236.57143
pse,20210822,1111097.85714
pse,20210823,1121571
pse,20210824,1133075.85714
pse,20210825,1146195
pse,20210826,1161241.71429
pse,20210827,1179876.14286
pse,20210828,1199401.57143
pse,20210829,1222353.28571
pse,20210830,1249405.28571
pse,20210831,1281181
pse,20210901,1318078.42857
pse,20210902,1358556.85714
pse,20210903,1400406.85714
pse,20210904,1441272.85714
pse,20210905,1480259.28571
pse,20210906,1518370.28571
pse,20210907,1552047.28571
pse,20210908,1580662.71429
pse,20210909,1605032.85714
pse,20210910,1625839
pse,20210911,1647198.28571
pse,20210912,1668260.42857
pse,20210913,1686168.42857
pse,20210914,1704629.28571
pse,20210915,1723248.57143
pse,20210916,1742735
pse,20210917,1763462.57143
pse,20210918,1783503.71429
pse,20210919,1803647.28571
pse,20210920,1826519
pse,20210921,1851695.14286
pse,20210922,1878184
pse,20210923,1905497.71429
pse,20210924,1932706.14286
pse,20210925,1959970.28571
pse,20210926,1986360.42857
pse,20210927,2011895.57143
pse,20210929,2039946.85714
pse,20210930,2066875.14286
pse,20211003,2094529.14286
pse,20211004,2120403.14286
pse,20211005,2148925
pse,20211006,2178771
pse,20211007,2207926.85714
pse,20211008,2231291.42857
pse,20211010,2252221.14286
pse,20211027,2337568.85714
pse,20211110,2441836.42857
pse,20211115,2547678.28571
pse,20211122,2658185.42857
pse,20211129,2778914
pse,20211206,2906265.42857
pse,20211220,3051117.14286
pse,20211227,3135516
pse,20220110,3204193.28571
pyf,20210202,2133
pyf,20210210,2872
pyf,20210216,3816.33333
pyf,20210217,4401
pyf,20210223,5129.8
pyf,20210301,5890.16667
pyf,20210302,6491.14286
pyf,20210309,7960.28571
pyf,20210316,10158.14286
pyf,20210323,12768.14286
pyf,20210330,16186
pyf,20210407,20020.85714
pyf,20210413,24976
pyf,20210420,30893.71429
pyf,20210427,38003.42857
pyf,20210504,45523.71429
pyf,20210511,53699
pyf,20210518,61651.42857
pyf,20210525,70318.14286
pyf,20210601,78728.71429
pyf,20210608,87902.71429
pyf,20210615,96075.28571
pyf,20210621,103767.57143
pyf,20210629,111101.57143
pyf,20210713,119069.57143
pyf,20210720,126608.57143
pyf,20210727,133863.57143
pyf,20210802,140398.28571
pyf,20210809,148217.42857
pyf,20210816,157445.42857
pyf,20210823,168423.42857
pyf,20210831,181793.57143
pyf,20210907,197355.85714
pyf,20210914,214090.71429
pyf,20210921,231333.28571
pyf,20210928,247997.42857
pyf,20211005,262980.42857
pyf,20211012,275665.57143
pyf,20211018,285288.57143
pyf,20211025,291912.14286
pyf,20211101,296676
pyf,20211115,301052.71429
pyf,20211122,304452.71429
pyf,20211130,307856.85714
pyf,20211206,311116.57143
pyf,20211213,314281.71429
pyf,20211220,317919.57143
pyf,20220104,321968.85714
pyf,20220118,326278.28571
pyf,20220207,330956
qat,20201222,0
qat,20210128,25000
qat,20210218,63333.33333
qat,20210307,129250
qat,20210310,179400
qat,20210316,234500
qat,20210321,285944.71429
qat,20210322,373895.42857
qat,20210323,457818.42857
qat,20210324,531864.85714
qat,20210325,582190.28571
qat,20210326,628182.14286
qat,20210327,658358.71429
qat,20210328,679172.42857
qat,20210329,700523.14286
qat,20210330,722411
qat,20210331,745005.14286
qat,20210401,768251.14286
qat,20210402,791860.57143
qat,20210403,815855.71429
qat,20210404,840218.85714
qat,20210405,864466.42857
qat,20210406,888877.71429
qat,20210407,913333.28571
qat,20210408,937721.28571
qat,20210409,962638.85714
qat,20210410,987360
qat,20210411,1011492.14286
qat,20210412,1035761.14286
qat,20210413,1060057.71429
qat,20210414,1084601.42857
qat,20210415,1108955
qat,20210416,1132957.28571
qat,20210417,1156223
qat,20210418,1180287.71429
qat,20210419,1204109.42857
qat,20210420,1227665
qat,20210421,1250720.28571
qat,20210422,1273896.28571
qat,20210423,1297146
qat,20210424,1321384.71429
qat,20210425,1345317.85714
qat,20210426,1369779.28571
qat,20210427,1394509.71429
qat,20210428,1419647.85714
qat,20210429,1445555.28571
qat,20210430,1471813.42857
qat,20210501,1498130.71429
qat,20210502,1525009.57143
qat,20210503,1552536.71429
qat,20210504,1581290.71429
qat,20210505,1610588
qat,20210506,1639973.14286
qat,20210507,1669450.57143
qat,20210508,1699187.42857
qat,20210509,1729091.28571
qat,20210510,1758985.57143
qat,20210511,1788309.42857
qat,20210512,1818273.57143
qat,20210513,1848581.71429
qat,20210514,1879182.14286
qat,20210515,1909876.14286
qat,20210516,1941624
qat,20210517,1974294.85714
qat,20210518,2007695.14286
qat,20210519,2041850.28571
qat,20210520,2077018.71429
qat,20210521,2113714.14286
qat,20210523,2155317.28571
qat,20210524,2197297.71429
qat,20210525,2239053.85714
qat,20210526,2280937.42857
qat,20210527,2322391.85714
qat,20210528,2363110.42857
qat,20210529,2399970.71429
qat,20210530,2431591.42857
qat,20210531,2462427.85714
qat,20210601,2492291.42857
qat,20210602,2520459.85714
qat,20210603,2546367.71429
qat,20210604,2570330
qat,20210605,2593909.57143
qat,20210606,2617003
qat,20210607,2639252.85714
qat,20210608,2659535.42857
qat,20210609,2677977.28571
qat,20210610,2696001.14286
qat,20210611,2713780.42857
qat,20210612,2731526.28571
qat,20210613,2748505.14286
qat,20210614,2764516.57143
qat,20210615,2781275.71429
qat,20210616,2797868.57143
qat,20210617,2813253.85714
qat,20210618,2827558.71429
qat,20210619,2841214.85714
qat,20210620,2854248
qat,20210621,2866504
qat,20210622,2877215.28571
qat,20210623,2888712.28571
qat,20210624,2902984.85714
qat,20210625,2920282.57143
qat,20210626,2939184.42857
qat,20210627,2961375.57143
qat,20210628,2986598.57143
qat,20210629,3015181.57143
qat,20210630,3046466.71429
qat,20210701,3078136.28571
qat,20210702,3109849.28571
qat,20210703,3140918.71429
qat,20210704,3170576.42857
qat,20210705,3199296.57143
qat,20210706,3227153.85714
qat,20210707,3254031.14286
qat,20210708,3281376.71429
qat,20210709,3306026.71429
qat,20210710,3329455
qat,20210711,3350554.71429
qat,20210712,3369412.85714
qat,20210713,3387233.71429
qat,20210714,3404238.28571
qat,20210715,3419349.85714
qat,20210716,3435602.28571
qat,20210717,3451707.14286
qat,20210718,3469712.57143
qat,20210719,3491268.14286
qat,20210720,3512993.71429
qat,20210721,3532343.42857
qat,20210722,3552324.42857
qat,20210723,3572141.28571
qat,20210724,3591993
qat,20210726,3615220.14286
qat,20210727,3636540
qat,20210728,3657966.57143
qat,20210729,3681480.57143
qat,20210730,3704444.71429
qat,20210731,3725044.14286
qat,20210801,3748229.28571
qat,20210802,3769117.85714
qat,20210803,3790651.14286
qat,20210804,3810941.57143
qat,20210805,3834453.28571
qat,20210806,3857744.57143
qat,20210807,3880859.28571
qat,20210808,3901890.71429
qat,20210809,3924627.14286
qat,20210810,3946520.28571
qat,20210811,3970186.85714
qat,20210813,3991647.57143
qat,20210814,4011371.42857
qat,20210815,4032699.71429
qat,20210816,4058920.28571
qat,20210817,4083466.71429
qat,20210818,4107301.85714
qat,20210819,4130719.42857
qat,20210820,4153724.85714
qat,20210821,4175911.14286
qat,20210822,4198885.14286
qat,20210823,4217912.71429
qat,20210824,4235788.57143
qat,20210825,4255132.71429
qat,20210826,4273874.71429
qat,20210827,4293271.42857
qat,20210828,4312930.57143
qat,20210829,4335922.28571
qat,20210831,4362514.57143
qat,20210901,4389948.85714
qat,20210902,4416606.85714
qat,20210904,4441019
qat,20210906,4465577.57143
qat,20210908,4491448.71429
qat,20210909,4512617.28571
qat,20210911,4530360
qat,20210912,4545707.85714
qat,20210913,4560639.71429
qat,20210914,4576514.14286
qat,20210915,4589137.85714
qat,20210916,4601025.71429
qat,20210917,4613297.85714
qat,20210918,4623929.14286
qat,20210921,4636578.28571
qat,20210923,4648098.14286
qat,20210925,4658722.57143
qat,20210926,4669090.28571
qat,20210928,4678893.14286
qat,20210929,4687672.14286
qat,20210930,4696227.57143
qat,20211001,4702542.71429
qat,20211002,4707645.57143
qat,20211003,4712638.28571
qat,20211004,4718066.42857
qat,20211005,4723420.42857
qat,20211006,4728447.71429
qat,20211007,4733568.57143
qat,20211008,4738531
qat,20211009,4744044.85714
qat,20211010,4750075.14286
qat,20211012,4755416.85714
qat,20211013,4760612.85714
qat,20211014,4765860.28571
qat,20211015,4771158.57143
qat,20211016,4775798
qat,20211017,4780008.57143
qat,20211018,4783781.14286
qat,20211019,4787691.28571
qat,20211021,4791396.85714
qat,20211022,4794988.85714
qat,20211023,4798053.42857
qat,20211024,4801529.57143
qat,20211025,4805112.57143
qat,20211026,4808745.85714
qat,20211027,4811914.71429
qat,20211028,4815383.28571
qat,20211029,4818936.85714
qat,20211030,4822469.71429
qat,20211031,4825782.28571
qat,20211101,4829096.71429
qat,20211102,4832405.14286
qat,20211103,4835810.57143
qat,20211104,4839000.28571
qat,20211105,4842170.14286
qat,20211106,4845381
qat,20211107,4848469.85714
qat,20211108,4851512.28571
qat,20211109,4854544.14286
qat,20211110,4857589.85714
qat,20211111,4860721.57143
qat,20211112,4864118.71429
qat,20211114,4867535
qat,20211115,4871478.57143
qat,20211116,4875714.85714
qat,20211117,4880215.28571
qat,20211118,4885111.71429
qat,20211120,4890915.57143
qat,20211121,4897383.71429
qat,20211123,4905733.42857
qat,20211125,4915738.42857
qat,20211127,4925500.28571
qat,20211128,4935068.28571
qat,20211129,4945118.14286
qat,20211130,4954866.14286
qat,20211201,4964489.85714
qat,20211202,4973010.14286
qat,20211203,4980225.42857
qat,20211204,4987872.71429
qat,20211206,4996017.71429
qat,20211207,5004128.71429
qat,20211208,5012096
qat,20211209,5019818.71429
qat,20211210,5027729.14286
qat,20211211,5035496.71429
qat,20211213,5044884.85714
qat,20211214,5054853.85714
qat,20211215,5064827.28571
qat,20211217,5074887.85714
qat,20211218,5084209.28571
qat,20211219,5093106.57143
qat,20211220,5102652.14286
qat,20211222,5110610.71429
qat,20211223,5118145.71429
qat,20211224,5125994.57143
qat,20211226,5133119.71429
qat,20211227,5140939.85714
qat,20211228,5150640
qat,20211230,5160295.57143
qat,20211231,5170694.14286
qat,20220101,5180434.42857
qat,20220102,5189139.42857
qat,20220103,5198892.28571
qat,20220104,5209154
qat,20220105,5218251.14286
qat,20220106,5228982.42857
qat,20220108,5239496.85714
qat,20220110,5254878.42857
qat,20220112,5277489.42857
qat,20220114,5303093.85714
qat,20220115,5327951.14286
qat,20220116,5351805.28571
qat,20220117,5377337.85714
qat,20220118,5405900.85714
qat,20220119,5433996.71429
qat,20220120,5458513.42857
qat,20220121,5484672.71429
qat,20220122,5510374.14286
qat,20220124,5540176.28571
qat,20220125,5569890.42857
qat,20220126,5600390.28571
qat,20220127,5631440.42857
qat,20220128,5664405
qat,20220129,5691692.14286
qat,20220130,5719456.28571
qat,20220131,5747696.42857
qat,20220201,5775545.57143
qat,20220202,5802052.57143
qat,20220203,5826974
qat,20220204,5851854.85714
qat,20220205,5877722
qat,20220207,5906457.71429
rou,20201227,965
rou,20201228,1515.5
rou,20201229,1936.33333
rou,20201230,2868.75
rou,20201231,4352.8
rou,20210101,5570
rou,20210102,6666
rou,20210103,8470.42857
rou,20210104,11819.28571
rou,20210105,17366.57143
rou,20210106,24922
rou,20210107,34366.42857
rou,20210108,45945
rou,20210109,58667.71429
rou,20210110,72196
rou,20210111,86436.28571
rou,20210112,100556
rou,20210113,114229.42857
rou,20210114,127327.85714
rou,20210115,140390.71429
rou,20210116,153857.28571
rou,20210117,167624.14286
rou,20210118,183296.85714
rou,20210119,201762.42857
rou,20210120,223730.42857
rou,20210121,249397.14286
rou,20210122,278175.71429
rou,20210123,309886.85714
rou,20210124,344355.85714
rou,20210125,379983.28571
rou,20210126,416887.85714
rou,20210127,454362.14286
rou,20210128,491690.71429
rou,20210129,528985.57143
rou,20210130,565201.42857
rou,20210131,600220
rou,20210201,634013.28571
rou,20210202,665492.42857
rou,20210203,694277.85714
rou,20210204,720763.42857
rou,20210205,745699.42857
rou,20210206,769758.85714
rou,20210207,793317
rou,20210208,817626.14286
rou,20210209,843543.71429
rou,20210210,871938.71429
rou,20210211,902599.57143
rou,20210212,935063
rou,20210213,969817.71429
rou,20210214,1006625.14286
rou,20210215,1043734.14286
rou,20210216,1080713.85714
rou,20210217,1118051.71429
rou,20210218,1155584.71429
rou,20210219,1192939.57143
rou,20210220,1229955.14286
rou,20210221,1266694.28571
rou,20210222,1302394.57143
rou,20210223,1336872.28571
rou,20210224,1369192.57143
rou,20210225,1398718.28571
rou,20210226,1425529.28571
rou,20210227,1449880.28571
rou,20210228,1471830.14286
rou,20210301,1494106.28571
rou,20210302,1517641.57143
rou,20210303,1542672.28571
rou,20210304,1571057.28571
rou,20210305,1603474.85714
rou,20210306,1640597.28571
rou,20210307,1682583.71429
rou,20210308,1726185.71429
rou,20210309,1771222.28571
rou,20210310,1818075.57143
rou,20210311,1865810.71429
rou,20210312,1913836.28571
rou,20210313,1961873.85714
rou,20210314,2009556.42857
rou,20210315,2058113
rou,20210316,2108353
rou,20210317,2159004.28571
rou,20210318,2209943.28571
rou,20210319,2260950.14286
rou,20210320,2312268.71429
rou,20210321,2363832.71429
rou,20210322,2415056.71429
rou,20210323,2466006.14286
rou,20210324,2517645.14286
rou,20210325,2570278.57143
rou,20210326,2623664.85714
rou,20210327,2678143
rou,20210328,2734092
rou,20210329,2790792.71429
rou,20210330,2848401.42857
rou,20210331,2905889.14286
rou,20210401,2963195.28571
rou,20210402,3020906.85714
rou,20210403,3078172.42857
rou,20210404,3134526.85714
rou,20210405,3190725.85714
rou,20210406,3245572.14286
rou,20210407,3300001
rou,20210408,3354316.71429
rou,20210409,3408106.71429
rou,20210410,3462827.28571
rou,20210411,3518784
rou,20210412,3576385.14286
rou,20210413,3637077.85714
rou,20210414,3701310.71429
rou,20210415,3768862.57143
rou,20210416,3840035.14286
rou,20210417,3913956.14286
rou,20210418,3990010.57143
rou,20210419,4067834.42857
rou,20210420,4147414.57143
rou,20210421,4228660.14286
rou,20210422,4310951.57143
rou,20210423,4394781
rou,20210424,4479824.85714
rou,20210425,4565609
rou,20210426,4652184.85714
rou,20210427,4738155.42857
rou,20210428,4822984.85714
rou,20210429,4906816.28571
rou,20210430,4988963.71429
rou,20210501,5066873.71429
rou,20210502,5139665
rou,20210503,5210421.71429
rou,20210504,5281315.14286
rou,20210505,5353717.71429
rou,20210506,5428986.42857
rou,20210507,5506239.28571
rou,20210508,5590723
rou,20210509,5684158.71429
rou,20210510,5782293.42857
rou,20210511,5883319.57143
rou,20210512,5985831.42857
rou,20210513,6088740.28571
rou,20210514,6194193.85714
rou,20210515,6300845.71429
rou,20210516,6407172.57143
rou,20210517,6512813.14286
rou,20210518,6617183.57143
rou,20210519,6720077.28571
rou,20210520,6820789
rou,20210521,6917880.85714
rou,20210522,7008748.42857
rou,20210523,7092816.42857
rou,20210524,7171592.85714
rou,20210525,7246350.28571
rou,20210526,7317779.85714
rou,20210527,7386269.28571
rou,20210528,7452544.71429
rou,20210529,7519031.28571
rou,20210530,7587664.71429
rou,20210531,7657229.28571
rou,20210601,7724500.71429
rou,20210602,7789565
rou,20210603,7853662.85714
rou,20210604,7917550.71429
rou,20210605,7980485.14286
rou,20210606,8041849.42857
rou,20210607,8101109.71429
rou,20210608,8159898.42857
rou,20210609,8217287.28571
rou,20210610,8271953.42857
rou,20210611,8322794
rou,20210612,8369205
rou,20210613,8411808.14286
rou,20210614,8451791.42857
rou,20210615,8489325.85714
rou,20210616,8524889.42857
rou,20210617,8558659.85714
rou,20210618,8590728.14286
rou,20210619,8620829.42857
rou,20210620,8649344.71429
rou,20210621,8676284.85714
rou,20210622,8702000
rou,20210623,8726859.28571
rou,20210624,8751232.42857
rou,20210625,8775093.42857
rou,20210626,8798535
rou,20210627,8822290.57143
rou,20210628,8845929
rou,20210629,8869112.28571
rou,20210630,8891540.42857
rou,20210701,8913025.42857
rou,20210702,8933767.42857
rou,20210703,8954221.42857
rou,20210704,8973153.71429
rou,20210705,8991691
rou,20210706,9009677
rou,20210707,9027130.85714
rou,20210708,9044201
rou,20210709,9058338.71429
rou,20210710,9073161.57143
rou,20210711,9088871.42857
rou,20210712,9103956.57143
rou,20210713,9118742.14286
rou,20210714,9133236.42857
rou,20210715,9147517.14286
rou,20210716,9163969.42857
rou,20210717,9178463.42857
rou,20210718,9191523.57143
rou,20210719,9204749.42857
rou,20210720,9218270
rou,20210721,9231810.85714
rou,20210722,9245520.42857
rou,20210723,9259415.85714
rou,20210724,9273382.28571
rou,20210725,9287337.85714
rou,20210726,9301454.85714
rou,20210727,9315462.28571
rou,20210728,9329530.85714
rou,20210729,9343430.14286
rou,20210730,9357238.14286
rou,20210731,9370908.85714
rou,20210801,9384485.71429
rou,20210802,9397784.85714
rou,20210803,9411011.28571
rou,20210804,9424188.28571
rou,20210805,9437434.28571
rou,20210806,9450599.57143
rou,20210807,9463618.42857
rou,20210808,9476571.71429
rou,20210809,9488731.14286
rou,20210810,9499981.71429
rou,20210811,9511063.42857
rou,20210812,9521908.28571
rou,20210813,9532675.85714
rou,20210814,9543358.57143
rou,20210815,9553853.14286
rou,20210816,9565050.28571
rou,20210817,9576877.57143
rou,20210818,9588688.14286
rou,20210819,9600402.85714
rou,20210820,9611900
rou,20210821,9623344
rou,20210822,9634800.71429
rou,20210823,9646243.28571
rou,20210824,9657680.85714
rou,20210825,9669051
rou,20210826,9680468.14286
rou,20210827,9691903.71429
rou,20210828,9703272.85714
rou,20210829,9714638.71429
rou,20210830,9725856.71429
rou,20210831,9736888.57143
rou,20210901,9747567.28571
rou,20210902,9757896.57143
rou,20210903,9767864.28571
rou,20210904,9777543.57143
rou,20210905,9786994.57143
rou,20210906,9796079.14286
rou,20210907,9804715.28571
rou,20210908,9813130.14286
rou,20210909,9821284.85714
rou,20210910,9829346.85714
rou,20210911,9837486
rou,20210912,9845703.57143
rou,20210913,9853914
rou,20210914,9862279.57143
rou,20210915,9870793
rou,20210916,9879615.14286
rou,20210917,9888892.14286
rou,20210918,9898593.14286
rou,20210919,9908694.85714
rou,20210920,9919366
rou,20210921,9930841.28571
rou,20210922,9943225
rou,20210923,9956640.85714
rou,20210924,9971001.57143
rou,20210925,9986298
rou,20210926,10002114
rou,20210927,10018781.42857
rou,20210928,10039324.57143
rou,20210929,10066186.71429
rou,20210930,10099257.28571
rou,20211001,10138307.14286
rou,20211002,10181475.71429
rou,20211003,10227426.28571
rou,20211004,10278364.14286
rou,20211005,10331826
rou,20211006,10384547.28571
rou,20211007,10437375.71429
rou,20211008,10490977.85714
rou,20211009,10545615.71429
rou,20211010,10600954.57143
rou,20211011,10656125.42857
rou,20211012,10711000.42857
rou,20211013,10766477.57143
rou,20211014,10822701.85714
rou,20211015,10879801.14286
rou,20211016,10937829.57143
rou,20211017,10996739.71429
rou,20211018,11057126.28571
rou,20211019,11118988.85714
rou,20211020,11183627.57143
rou,20211021,11252769.57143
rou,20211022,11329716.85714
rou,20211023,11416377
rou,20211024,11512890.42857
rou,20211025,11618817
rou,20211026,11736443.28571
rou,20211027,11864266.14286
rou,20211028,11995962.71429
rou,20211029,12126486.85714
rou,20211030,12251520.57143
rou,20211031,12370072.85714
rou,20211101,12481801.14286
rou,20211102,12583212.57143
rou,20211103,12674847.28571
rou,20211104,12760213.71429
rou,20211105,12841311.85714
rou,20211106,12919880.71429
rou,20211107,12997239.85714
rou,20211108,13073130.42857
rou,20211109,13147514.28571
rou,20211110,13220342
rou,20211111,13293103.57143
rou,20211112,13366976.85714
rou,20211113,13443940.71429
rou,20211114,13524322.57143
rou,20211115,13607696.14286
rou,20211116,13695432.14286
rou,20211117,13785011.57143
rou,20211118,13875552
rou,20211119,13965058.85714
rou,20211120,14052617.85714
rou,20211121,14136905.71429
rou,20211122,14217514.71429
rou,20211123,14293570.57143
rou,20211124,14367006.71429
rou,20211125,14437056.42857
rou,20211126,14504262.14286
rou,20211127,14569015.71429
rou,20211128,14632234.57143
rou,20211129,14694058.85714
rou,20211130,14752315
rou,20211201,14804666.28571
rou,20211202,14854135.71429
rou,20211203,14901406
rou,20211204,14946074.85714
rou,20211205,14988707.71429
rou,20211206,15029907.14286
rou,20211207,15070903.85714
rou,20211208,15113198.57143
rou,20211209,15154602.71429
rou,20211210,15194610.42857
rou,20211211,15233864.14286
rou,20211212,15272210.42857
rou,20211213,15308758
rou,20211214,15344596.14286
rou,20211215,15380529.85714
rou,20211216,15415586.28571
rou,20211217,15449326.85714
rou,20211218,15481610.71429
rou,20211219,15513108.42857
rou,20211220,15544194
rou,20211221,15574266.28571
rou,20211222,15602965.85714
rou,20211223,15630188.42857
rou,20211224,15654160.85714
rou,20211225,15674299.71429
rou,20211226,15691915.57143
rou,20211227,15708328.42857
rou,20211228,15724397.14286
rou,20211229,15740553.28571
rou,20211230,15756340.85714
rou,20211231,15771412
rou,20220101,15786373.42857
rou,20220102,15801610.28571
rou,20220103,15817492.57143
rou,20220104,15834135.57143
rou,20220105,15851802.14286
rou,20220106,15871013.85714
rou,20220107,15893716.42857
rou,20220108,15922171.28571
rou,20220109,15952012.42857
rou,20220110,15981779
rou,20220111,16010817.71429
rou,20220112,16038704.28571
rou,20220113,16065227.57143
rou,20220114,16090605.85714
rou,20220115,16112632.71429
rou,20220116,16133923.85714
rou,20220117,16154010.71429
rou,20220118,16172779.71429
rou,20220119,16190409
rou,20220120,16207260.85714
rou,20220121,16223001.85714
rou,20220122,16238626.42857
rou,20220123,16253451.85714
rou,20220124,16267701.57143
rou,20220125,16282042.14286
rou,20220126,16296690.71429
rou,20220127,16312006
rou,20220128,16328187.85714
rou,20220129,16344716.14286
rou,20220131,16364654.85714
rou,20220201,16385184.42857
rou,20220202,16405552.42857
rou,20220203,16425307.57143
rou,20220204,16444555.14286
rou,20220205,16462356
rou,20220206,16478479.42857
rou,20220207,16492158.85714
rus,20201215,28500
rus,20201222,40250
rus,20210102,293500
rus,20210113,470125
rus,20210302,1426066.2
rus,20210303,2103278.83333
rus,20210304,2661488.14286
rus,20210305,3557681.57143
rus,20210306,4490806.28571
rus,20210307,5327304.42857
rus,20210308,6137228.14286
rus,20210309,6343587.85714
rus,20210310,6566271.71429
rus,20210311,6746727.28571
rus,20210317,6963320.85714
rus,20210318,7152687.28571
rus,20210319,7371324
rus,20210320,7605185.71429
rus,20210321,7843503.71429
rus,20210329,8425821
rus,20210330,8984274.57143
rus,20210331,9492212.14286
rus,20210401,10025477.42857
rus,20210402,10538813.28571
rus,20210403,11072007.71429
rus,20210404,11608898.42857
rus,20210405,11764754.42857
rus,20210406,11949303.85714
rus,20210407,12188479.28571
rus,20210408,12433080.28571
rus,20210409,12697306.57143
rus,20210410,12974240.57143
rus,20210411,13258173.57143
rus,20210412,13551630.85714
rus,20210413,13852906.14286
rus,20210414,14127192.14286
rus,20210415,14385706
rus,20210416,14648668.57143
rus,20210417,14894869.42857
rus,20210418,15188985.14286
rus,20210419,15470096
rus,20210420,15753519
rus,20210421,16018299.71429
rus,20210422,16311758.85714
rus,20210423,16606931.57143
rus,20210424,16946888
rus,20210425,17230538.85714
rus,20210426,17527395.57143
rus,20210427,17811570.14286
rus,20210428,18129070.71429
rus,20210429,18458434.71429
rus,20210430,18786801.28571
rus,20210501,19051644.28571
rus,20210502,19325649.42857
rus,20210503,19582112
rus,20210504,19812309
rus,20210505,20051791.28571
rus,20210506,20288055.85714
rus,20210507,20496963.71429
rus,20210508,20734488.71429
rus,20210510,20979544.14286
rus,20210511,21227233.85714
rus,20210512,21571162.71429
rus,20210513,21865846.14286
rus,20210514,22167893.57143
rus,20210515,22533815.57143
rus,20210516,22872852.71429
rus,20210517,23201624.71429
rus,20210518,23583745.42857
rus,20210519,23910453.57143
rus,20210520,24251029
rus,20210521,24561887.85714
rus,20210522,24927819.14286
rus,20210523,25285272.85714
rus,20210524,25673099.85714
rus,20210525,26031324.14286
rus,20210526,26424032.28571
rus,20210527,26791603.28571
rus,20210528,27169437.14286
rus,20210529,27447346
rus,20210530,27729780.57143
rus,20210531,27972539.57143
rus,20210601,28300881.57143
rus,20210602,28612468.85714
rus,20210603,28935550.85714
rus,20210604,29276803.14286
rus,20210605,29597012
rus,20210606,29919654.57143
rus,20210607,30283731
rus,20210608,30565244.85714
rus,20210609,30824209
rus,20210610,31103011.14286
rus,20210611,31355223
rus,20210612,31659175.71429
rus,20210613,31962482.28571
rus,20210614,32221844.28571
rus,20210615,32452040
rus,20210616,32682666
rus,20210617,32964086.57143
rus,20210618,33259844.71429
rus,20210619,33550514.57143
rus,20210620,33846244.28571
rus,20210621,34185121.14286
rus,20210622,34624550.71429
rus,20210623,35027984.42857
rus,20210624,35463296.42857
rus,20210625,35929815.71429
rus,20210626,36405431.57143
rus,20210627,36910983
rus,20210628,37416059.28571
rus,20210629,37893953.57143
rus,20210630,38463068.85714
rus,20210701,39020937.71429
rus,20210702,39623610.42857
rus,20210703,40245303.85714
rus,20210704,40872507.42857
rus,20210705,41481066.57143
rus,20210706,42193848.85714
rus,20210707,42912876.71429
rus,20210708,43583673.28571
rus,20210709,44270023.14286
rus,20210710,44967866.14286
rus,20210711,45645243.14286
rus,20210712,46327508.85714
rus,20210713,46952631
rus,20210714,47623567.28571
rus,20210715,48311096.85714
rus,20210716,49125817.71429
rus,20210717,49859577.57143
rus,20210718,50603957.57143
rus,20210719,51334780.71429
rus,20210720,52202159
rus,20210721,52990807.42857
rus,20210722,53768827.14286
rus,20210723,54453071.85714
rus,20210724,55144823.28571
rus,20210725,55817814
rus,20210726,56504319.42857
rus,20210727,57056110.42857
rus,20210728,57619536
rus,20210729,58227609.14286
rus,20210730,58781543.85714
rus,20210731,59437048.28571
rus,20210801,60113017.71429
rus,20210802,60775731.42857
rus,20210803,61415457.28571
rus,20210804,62137506.57143
rus,20210805,62784161.14286
rus,20210806,63369372.14286
rus,20210807,63938528.57143
rus,20210808,64512802.42857
rus,20210809,65084191
rus,20210810,65689113.28571
rus,20210811,66222475.85714
rus,20210812,66798322.71429
rus,20210813,67646929.57143
rus,20210814,68648283.42857
rus,20210815,69636658.28571
rus,20210816,70656733
rus,20210817,71608186.71429
rus,20210818,72524725.14286
rus,20210819,73438939.85714
rus,20210820,74102456.57143
rus,20210821,74611373.42857
rus,20210822,75131049
rus,20210823,75623580.28571
rus,20210824,76134531.28571
rus,20210825,76652744.14286
rus,20210826,77136753.85714
rus,20210827,77629949.71429
rus,20210828,78063563.14286
rus,20210829,78478840.71429
rus,20210830,78915214.71429
rus,20210831,79296245.42857
rus,20210901,79749483.42857
rus,20210902,80203488.71429
rus,20210903,80659138.14286
rus,20210904,81095907.71429
rus,20210905,81538061.42857
rus,20210906,81953215.71429
rus,20210907,82437413.85714
rus,20210908,82807816.57143
rus,20210909,83193245.42857
rus,20210910,83564100.85714
rus,20210911,83930758.57143
rus,20210912,84284836.71429
rus,20210913,84721867.28571
rus,20210914,85070378.71429
rus,20210915,85462577.42857
rus,20210916,85840984
rus,20210917,86176960.28571
rus,20210919,86551142.14286
rus,20210920,86925168.85714
rus,20210921,87233924.28571
rus,20210922,87590271.71429
rus,20210924,87942293.71429
rus,20210925,88263508.28571
rus,20210926,88554008.85714
rus,20210927,88824193.42857
rus,20210928,89081920
rus,20210929,89350075.57143
rus,20210930,89597289.57143
rus,20211001,89831377.71429
rus,20211002,90090096.42857
rus,20211003,90354404.28571
rus,20211004,90585159.85714
rus,20211005,90841264.42857
rus,20211006,91152264.14286
rus,20211007,91665127.57143
rus,20211008,92157732.42857
rus,20211009,92625400.57143
rus,20211010,93102601.14286
rus,20211011,93592313.28571
rus,20211012,94062760
rus,20211013,94486121.85714
rus,20211014,94694265.14286
rus,20211015,94947159.14286
rus,20211020,95674775.14286
rus,20211021,96382200.85714
rus,20211022,97147841.14286
rus,20211023,98001566.57143
rus,20211028,99040471.28571
rus,20211029,100164755.85714
rus,20211030,101332865.71429
rus,20211031,102058793.14286
rus,20211101,102820652
rus,20211102,103613530.28571
rus,20211103,104435300.42857
rus,20211104,105300544.14286
rus,20211107,106103997.85714
rus,20211108,106811178.28571
rus,20211109,107603986.14286
rus,20211110,108428498.57143
rus,20211111,109274803.28571
rus,20211112,110101369.42857
rus,20211113,110773000.57143
rus,20211114,111511193.57143
rus,20211115,112304058.14286
rus,20211116,113069780
rus,20211117,113938088.28571
rus,20211118,114773493.28571
rus,20211119,115598296.28571
rus,20211120,116537281.71429
rus,20211122,117480092.85714
rus,20211123,118398920.28571
rus,20211124,119351980.71429
rus,20211125,120269943.28571
rus,20211126,121276691
rus,20211127,122278199.42857
rus,20211128,123111814.42857
rus,20211129,123867349.57143
rus,20211130,124699316
rus,20211201,125485063.85714
rus,20211202,126255654.85714
rus,20211203,126911340.57143
rus,20211204,127650830.42857
rus,20211205,128370768.42857
rus,20211206,129074235.42857
rus,20211207,129760140.71429
rus,20211208,130471825.14286
rus,20211209,131146207.71429
rus,20211210,131793206.42857
rus,20211211,132491631.42857
rus,20211212,133237270.85714
rus,20211213,133989778.14286
rus,20211214,134753805.14286
rus,20211215,135438272.42857
rus,20211216,136047412.42857
rus,20211217,136761546
rus,20211218,137390662.57143
rus,20211219,138006069.42857
rus,20211220,138601810.85714
rus,20211221,139323766.28571
rus,20211222,140021234
rus,20211223,140779760.14286
rus,20211224,141426087.14286
rus,20211225,142016748.85714
rus,20211227,142546306.42857
rus,20211228,143140778.14286
rus,20211229,143732549.85714
rus,20211231,144327270.42857
rus,20220101,144896348.71429
rus,20220103,145423761.71429
rus,20220106,145862103.28571
rus,20220107,146331116.42857
rus,20220108,146726888
rus,20220109,146902117
rus,20220110,147073660
rus,20220111,147300600.42857
rus,20220112,147595593.71429
rus,20220113,148003966.71429
rus,20220114,148359548.85714
rus,20220115,148727714.71429
rus,20220116,149097654.71429
rus,20220117,149459324.71429
rus,20220118,149813481.57143
rus,20220121,150155718.57143
rus,20220122,150480678
rus,20220123,150807839
rus,20220124,151193589
rus,20220125,151553776.42857
rus,20220126,151956686.71429
rus,20220128,152331820.57143
rus,20220129,152684361.85714
rus,20220130,152997113.71429
rus,20220131,153346126.28571
rus,20220201,153668580.14286
rus,20220202,154010257.71429
rus,20220203,154315567.71429
rus,20220204,154595680.14286
rus,20220205,154879255.42857
rus,20220206,155116292.71429
rus,20220207,155316798.42857
rus,20220208,155561899.42857
rwa,20210215,0
rwa,20210305,37528
rwa,20210306,77984.66667
rwa,20210307,108101.75
rwa,20210308,128216.8
rwa,20210309,143522
rwa,20210310,155726.57143
rwa,20210311,189861.14286
rwa,20210312,214720.85714
rwa,20210313,228240.85714
rwa,20210314,236668.85714
rwa,20210315,251717.14286
rwa,20210316,265668.57143
rwa,20210317,278917.71429
rwa,20210318,291032.28571
rwa,20210319,302508.85714
rwa,20210320,313911.28571
rwa,20210321,324924
rwa,20210322,328428.14286
rwa,20210323,332144.57143
rwa,20210324,335991.85714
rwa,20210325,339589.28571
rwa,20210415,342448.85714
rwa,20210416,344784.14286
rwa,20210430,346974.57143
rwa,20210501,348611.57143
rwa,20210508,356664.85714
rwa,20210606,389513.42857
rwa,20210706,431662
rwa,20210709,473983
rwa,20210710,516441.14286
rwa,20210812,619788.42857
rwa,20210819,761877.57143
rwa,20210820,904692
rwa,20210822,1032526.14286
rwa,20210825,1186754.14286
rwa,20210829,1405126.85714
rwa,20210906,1679840.71429
rwa,20210910,1904290.28571
rwa,20210913,2115414
rwa,20210915,2327176.42857
rwa,20210918,2572066.42857
rwa,20210919,2803050.14286
rwa,20210922,2979505.42857
rwa,20210926,3146701.57143
rwa,20210928,3306090.28571
rwa,20210930,3442860.85714
rwa,20211001,3574731
rwa,20211005,3665365.85714
rwa,20211010,3743711.71429
rwa,20211014,3891820.85714
rwa,20211015,4021349.14286
rwa,20211021,4224128.71429
rwa,20211023,4454829.57143
rwa,20211026,4715144
rwa,20211104,5026383.42857
rwa,20211110,5437347.28571
rwa,20211111,5798840.57143
rwa,20211228,6933410
rwa,20220121,8430404.85714
rwa,20220124,9948590.85714
rwa,20220127,11509791.71429
sau,20210106,137862
sau,20210109,158100
sau,20210116,203910
sau,20210123,250843.25
sau,20210130,288798.2
sau,20210210,314742.66667
sau,20210213,333628
sau,20210215,380049.42857
sau,20210217,426245.42857
sau,20210222,469855.14286
sau,20210224,505275.71429
sau,20210227,553854.14286
sau,20210301,616846.42857
sau,20210302,696324.57143
sau,20210304,799200.42857
sau,20210305,908224.42857
sau,20210307,1012787.57143
sau,20210308,1133551.57143
sau,20210309,1248566.28571
sau,20210310,1362919.14286
sau,20210311,1480138
sau,20210312,1588136.71429
sau,20210313,1704979.85714
sau,20210314,1833461.28571
sau,20210315,1963353.71429
sau,20210316,2087875.85714
sau,20210317,2215742.71429
sau,20210318,2340335.14286
sau,20210319,2480835.42857
sau,20210320,2612783.85714
sau,20210321,2750298.85714
sau,20210322,2885885.28571
sau,20210323,3035638.14286
sau,20210324,3189152
sau,20210325,3348399.42857
sau,20210326,3487459.71429
sau,20210327,3629896.57143
sau,20210328,3763884.42857
sau,20210329,3893422.71429
sau,20210330,4010691.42857
sau,20210331,4121695.14286
sau,20210401,4232167.71429
sau,20210402,4351221.57143
sau,20210403,4476073.71429
sau,20210404,4600000.85714
sau,20210405,4723998.57143
sau,20210406,4869577
sau,20210407,5033242.28571
sau,20210408,5213633.57143
sau,20210409,5393603.71429
sau,20210410,5572844
sau,20210411,5756745.71429
sau,20210412,5941477.57143
sau,20210413,6110363
sau,20210414,6254044.57143
sau,20210415,6379250.42857
sau,20210416,6499595.28571
sau,20210417,6622469.28571
sau,20210418,6751465
sau,20210419,6882015.57143
sau,20210420,7015078.14286
sau,20210421,7167883
sau,20210422,7323086.71429
sau,20210423,7482159.57143
sau,20210424,7634661.71429
sau,20210425,7788009.42857
sau,20210426,7954273.14286
sau,20210427,8130579.71429
sau,20210428,8305806.14286
sau,20210429,8480564.57143
sau,20210430,8680427.57143
sau,20210501,8884592.57143
sau,20210502,9083404.42857
sau,20210503,9266768.28571
sau,20210504,9430322.28571
sau,20210505,9583144
sau,20210506,9737142
sau,20210507,9869614.57143
sau,20210508,10005749.14286
sau,20210509,10144863.57143
sau,20210510,10285763.71429
sau,20210511,10446125.85714
sau,20210512,10610242.57143
sau,20210513,10765136.42857
sau,20210514,10913863.85714
sau,20210515,11063507.28571
sau,20210516,11211999.71429
sau,20210517,11364833.85714
sau,20210518,11516146.42857
sau,20210519,11677137.57143
sau,20210520,11854455.42857
sau,20210521,12040782.42857
sau,20210522,12226842.85714
sau,20210523,12400237.85714
sau,20210524,12569511.14286
sau,20210525,12735697
sau,20210526,12903618.57143
sau,20210527,13067502.14286
sau,20210528,13225564.85714
sau,20210529,13373631.42857
sau,20210530,13539521.57143
sau,20210531,13710211.57143
sau,20210601,13874278
sau,20210602,14033033.57143
sau,20210603,14182422.57143
sau,20210604,14326470.85714
sau,20210605,14471463.57143
sau,20210606,14604851.14286
sau,20210607,14732223.14286
sau,20210608,14859353
sau,20210609,14980645.57143
sau,20210610,15104332.42857
sau,20210611,15229244.85714
sau,20210612,15352606
sau,20210613,15475312.14286
sau,20210614,15601651
sau,20210615,15728540.28571
sau,20210616,15852307.85714
sau,20210617,15976278.28571
sau,20210618,16097897.14286
sau,20210619,16218104.28571
sau,20210620,16334200.85714
sau,20210621,16441541
sau,20210622,16546893.42857
sau,20210623,16647638.71429
sau,20210624,16743666.71429
sau,20210625,16836732.71429
sau,20210626,16932295.85714
sau,20210627,17030889.85714
sau,20210628,17138346
sau,20210629,17256141.42857
sau,20210630,17391536.57143
sau,20210701,17532104.42857
sau,20210702,17687833.71429
sau,20210703,17845449.71429
sau,20210704,18005622.42857
sau,20210705,18178715.42857
sau,20210706,18353066.14286
sau,20210707,18522227.28571
sau,20210708,18699885.85714
sau,20210709,18871064.85714
sau,20210710,19051998.71429
sau,20210711,19247045.85714
sau,20210712,19465365.28571
sau,20210713,19708897
sau,20210714,19998872.57143
sau,20210715,20326534.71429
sau,20210716,20688405.71429
sau,20210717,21070707.71429
sau,20210718,21473664.42857
sau,20210719,21851192.85714
sau,20210720,22205833.42857
sau,20210721,22532902.57143
sau,20210722,22842820.71429
sau,20210723,23139742.71429
sau,20210724,23432764.85714
sau,20210725,23724535.71429
sau,20210726,24037542.71429
sau,20210727,24378239.28571
sau,20210728,24733765.85714
sau,20210729,25098074.85714
sau,20210730,25463703.85714
sau,20210731,25828492.71429
sau,20210801,26204768.71429
sau,20210802,26597484.57143
sau,20210803,26996727.57143
sau,20210804,27383876.85714
sau,20210805,27786486.71429
sau,20210806,28179963.28571
sau,20210807,28570531.42857
sau,20210808,28946087.14286
sau,20210809,29290480.85714
sau,20210810,29616945.85714
sau,20210811,29948211
sau,20210812,30260202.57143
sau,20210813,30564488.14286
sau,20210814,30857698.57143
sau,20210815,31145424.57143
sau,20210816,31439700.14286
sau,20210817,31735077.57143
sau,20210818,32026313.14286
sau,20210819,32311128.14286
sau,20210820,32601870
sau,20210821,32899136.85714
sau,20210822,33204469.71429
sau,20210823,33517211.57143
sau,20210824,33834388.85714
sau,20210825,34152317.85714
sau,20210826,34474054.85714
sau,20210827,34796795.85714
sau,20210828,35124226.57143
sau,20210829,35469393.85714
sau,20210830,35807532.57143
sau,20210831,36136228.14286
sau,20210901,36448528.57143
sau,20210902,36744124.42857
sau,20210903,37023401.71429
sau,20210904,37281705.57143
sau,20210905,37503114.14286
sau,20210906,37707104.85714
sau,20210907,37901294.57143
sau,20210908,38099392.85714
sau,20210909,38301785.14286
sau,20210910,38510605.57143
sau,20210911,38727259.42857
sau,20210912,38946834.42857
sau,20210913,39171787.28571
sau,20210914,39392131
sau,20210915,39604438
sau,20210916,39814586.14286
sau,20210917,40016091.42857
sau,20210918,40208417.28571
sau,20210919,40391543
sau,20210920,40562316.28571
sau,20210921,40725351.14286
sau,20210922,40877590.42857
sau,20210923,41003252.14286
sau,20210924,41121975.85714
sau,20210925,41235205.71429
sau,20210926,41342827
sau,20210927,41447845.57143
sau,20210928,41549276.28571
sau,20210929,41649210.14286
sau,20210930,41756231.71429
sau,20211001,41864666.71429
sau,20211002,41975337.85714
sau,20211003,42088826
sau,20211004,42207035.14286
sau,20211005,42330039.71429
sau,20211006,42461914
sau,20211007,42603220.57143
sau,20211008,42750063.57143
sau,20211009,42902961
sau,20211010,43071493.42857
sau,20211011,43250736
sau,20211012,43437150.14286
sau,20211013,43623768.71429
sau,20211014,43805995.85714
sau,20211015,43984512.57143
sau,20211016,44153957.14286
sau,20211017,44302143
sau,20211018,44423047.42857
sau,20211019,44538845.28571
sau,20211020,44643290.57143
sau,20211021,44738634.85714
sau,20211022,44831530.85714
sau,20211023,44924447
sau,20211024,45012159.85714
sau,20211025,45105538.14286
sau,20211026,45186326.28571
sau,20211027,45264446.85714
sau,20211028,45339384.57143
sau,20211029,45411468.28571
sau,20211030,45478517.57143
sau,20211031,45543378
sau,20211101,45605054.57143
sau,20211102,45703956.71429
sau,20211103,45800686.57143
sau,20211104,45894824.57143
sau,20211105,45991115.85714
sau,20211106,46083519.28571
sau,20211109,46193196.28571
sau,20211110,46301922.28571
sau,20211111,46372137.14286
sau,20211112,46438180.71429
sau,20211113,46502059.28571
sau,20211114,46569684.57143
sau,20211115,46643654.42857
sau,20211116,46692295.71429
sau,20211117,46744400.71429
sau,20211118,46794032.85714
sau,20211119,46842974.14286
sau,20211120,46891645.57143
sau,20211121,46936988.14286
sau,20211122,46980631.28571
sau,20211123,47027237.28571
sau,20211124,47068658.42857
sau,20211125,47109442.71429
sau,20211126,47150276.71429
sau,20211127,47190279.71429
sau,20211128,47225706.14286
sau,20211129,47265705.28571
sau,20211130,47307058
sau,20211201,47342736.71429
sau,20211203,47384380.42857
sau,20211204,47436085.71429
sau,20211205,47494344.14286
sau,20211206,47559688.14286
sau,20211207,47622548.42857
sau,20211208,47687167
sau,20211209,47759618
sau,20211210,47823548.85714
sau,20211211,47880088.71429
sau,20211212,47935377.42857
sau,20211213,47983648.42857
sau,20211214,48034339.28571
sau,20211215,48082146.14286
sau,20211216,48127612.42857
sau,20211217,48171849.85714
sau,20211218,48214676.28571
sau,20211219,48256604.85714
sau,20211220,48309600.71429
sau,20211221,48375153.14286
sau,20211222,48465636.42857
sau,20211223,48585060.71429
sau,20211224,48722181.14286
sau,20211225,48879365.85714
sau,20211226,49067738.57143
sau,20211227,49278925
sau,20211228,49503224.14286
sau,20211229,49733552
sau,20211230,49968465
sau,20211231,50202846
sau,20220101,50432617.57143
sau,20220102,50655735.71429
sau,20220103,50875733.28571
sau,20220104,51092283.42857
sau,20220105,51304921.28571
sau,20220106,51513373.85714
sau,20220107,51718391.57143
sau,20220108,51923644.14286
sau,20220109,52127555
sau,20220110,52328494.71429
sau,20220111,52523909
sau,20220112,52716535.85714
sau,20220113,52904988
sau,20220114,53094602.71429
sau,20220115,53285187.71429
sau,20220116,53471043
sau,20220117,53655342
sau,20220118,53836304.57143
sau,20220119,54019627.14286
sau,20220121,54206390.57143
sau,20220122,54375643.14286
sau,20220123,54610969.57143
sau,20220124,54864375.85714
sau,20220125,55124296.71429
sau,20220126,55394540.14286
sau,20220127,55669209.14286
sau,20220128,55929293.14286
sau,20220129,56195857.71429
sau,20220131,56464230.28571
sau,20220201,56724833.71429
sau,20220202,56987997.57143
sau,20220203,57250558.14286
sau,20220204,57494507
sau,20220205,57740463.57143
sau,20220206,58005960
sau,20220207,58206599.28571
sau,20220208,58390371.85714
sdn,20210310,0
sdn,20210405,21561
sdn,20210406,35653
sdn,20210410,51742.25
sdn,20210423,69439.2
sdn,20210530,117572
sdn,20210602,158220.85714
sdn,20210607,224677.57143
sdn,20210608,287591.57143
sdn,20210614,355592.42857
sdn,20210620,431261.28571
sdn,20210628,507146.42857
sdn,20210629,552820.85714
sdn,20210718,611170.28571
sdn,20210801,661718.57143
sdn,20210809,710341.57143
sdn,20210811,751501.28571
sdn,20210822,822838.71429
sdn,20210908,906237.28571
sdn,20210914,1012718.71429
sdn,20210919,1111207.57143
sdn,20211020,1231297.71429
sdn,20211208,1581693.85714
sdn,20220118,1983726.28571
sdn,20220123,2353081.57143
sdn,20220125,2704951
sdn,20220202,3214651.14286
sen,20210222,0
sen,20210223,41
sen,20210224,1389.66667
sen,20210225,3979.5
sen,20210226,7511.8
sen,20210227,10535.33333
sen,20210228,12890
sen,20210301,17932.71429
sen,20210302,23626.42857
sen,20210303,29562.28571
sen,20210304,35364.28571
sen,20210305,41138.42857
sen,20210306,46633.28571
sen,20210307,52064.57143
sen,20210308,56560.14286
sen,20210309,60571.42857
sen,20210310,63795.28571
sen,20210313,75055.71429
sen,20210314,84930.85714
sen,20210315,95645.28571
sen,20210316,106955.28571
sen,20210317,118303.85714
sen,20210318,129765.14286
sen,20210319,141572.57143
sen,20210320,145570
sen,20210321,149567.42857
sen,20210322,153929.57143
sen,20210323,159109
sen,20210324,166493.57143
sen,20210325,175504.57143
sen,20210326,186140.57143
sen,20210327,196505.57143
sen,20210329,207210
sen,20210330,218366.71429
sen,20210331,229836.85714
sen,20210401,240842.85714
sen,20210402,251842.28571
sen,20210403,262395
sen,20210404,272557
sen,20210405,282737.71429
sen,20210406,291390.28571
sen,20210408,300841.14286
sen,20210409,309311.71429
sen,20210410,317155
sen,20210411,324287.85714
sen,20210412,331218.57143
sen,20210413,339348.14286
sen,20210414,348165.14286
sen,20210415,355317.14286
sen,20210416,361840.57143
sen,20210417,367189.57143
sen,20210422,373379.71429
sen,20210423,379703
sen,20210424,384822.71429
sen,20210425,388951.85714
sen,20210426,392229.14286
sen,20210427,395662.71429
sen,20210428,399422.14286
sen,20210429,402062.85714
sen,20210430,404306.85714
sen,20210501,406438.57143
sen,20210503,408622.57143
sen,20210504,411057
sen,20210505,413184.57143
sen,20210506,415329.14286
sen,20210507,417118.71429
sen,20210508,419409.28571
sen,20210511,421568.71429
sen,20210512,424031.42857
sen,20210513,426168.57143
sen,20210521,438677.14286
sen,20210524,451433.28571
sen,20210526,464273.42857
sen,20210531,477873.14286
sen,20210608,493490.28571
sen,20210610,509839.85714
sen,20210614,537487.28571
sen,20210615,555524.42857
sen,20210628,577458.71429
sen,20210705,611429.71429
sen,20210712,653416.28571
sen,20210713,694293.85714
sen,20210719,740627.57143
sen,20210724,778399.85714
sen,20210726,817529.71429
sen,20210803,894589.57143
sen,20210809,981584.71429
sen,20210816,1072245.42857
sen,20210819,1196044.28571
sen,20210825,1316372.85714
sen,20210901,1436731.14286
sen,20210909,1556379.85714
sen,20210915,1636925.42857
sen,20210922,1697602.14286
sen,20210930,1749283.28571
sen,20211007,1769089
sen,20211014,1786727.28571
sen,20211122,1811118.14286
sen,20220106,1836786
sen,20220202,1876277.42857
sgp,20201230,119
sgp,20201231,121.5
sgp,20210101,124.33333
sgp,20210102,126.75
sgp,20210103,129.8
sgp,20210104,135.5
sgp,20210105,141.42857
sgp,20210106,151.57143
sgp,20210107,163
sgp,20210108,277.71429
sgp,20210109,449.28571
sgp,20210110,635.42857
sgp,20210111,1116.85714
sgp,20210112,1998.42857
sgp,20210113,3463.42857
sgp,20210114,5612.28571
sgp,20210115,8425.28571
sgp,20210116,11429.85714
sgp,20210117,14510.85714
sgp,20210118,18370.14286
sgp,20210119,23006.85714
sgp,20210120,28379.14286
sgp,20210121,34136.14286
sgp,20210122,40238
sgp,20210123,46774.57143
sgp,20210124,53862.28571
sgp,20210125,61598
sgp,20210126,69962.42857
sgp,20210127,78994.42857
sgp,20210128,89038
sgp,20210129,100079
sgp,20210130,111506.28571
sgp,20210131,123114
sgp,20210201,134593
sgp,20210202,146001.57143
sgp,20210203,157596
sgp,20210204,168988.57143
sgp,20210205,180371.85714
sgp,20210206,191544.57143
sgp,20210207,202314.85714
sgp,20210208,213141.85714
sgp,20210209,223934.71429
sgp,20210210,234289.85714
sgp,20210211,243385
sgp,20210212,250382
sgp,20210213,256521.85714
sgp,20210214,262882.71429
sgp,20210215,269324.57143
sgp,20210216,276417.85714
sgp,20210217,284491.28571
sgp,20210218,294619
sgp,20210219,307636.14286
sgp,20210220,322295.42857
sgp,20210221,337459.42857
sgp,20210222,353471
sgp,20210223,370010
sgp,20210224,386623.14286
sgp,20210225,403241.85714
sgp,20210226,419970.85714
sgp,20210227,437052.57143
sgp,20210228,454244
sgp,20210301,470728.28571
sgp,20210302,486242.42857
sgp,20210303,500942.85714
sgp,20210304,514953.42857
sgp,20210305,528026.85714
sgp,20210306,540446.85714
sgp,20210307,552357.85714
sgp,20210308,564548
sgp,20210309,577505.57143
sgp,20210310,591594
sgp,20210311,607361.57143
sgp,20210312,625328.42857
sgp,20210313,645869.14286
sgp,20210314,668826.71429
sgp,20210315,694459.28571
sgp,20210316,722611.71429
sgp,20210317,753523.71429
sgp,20210318,786612.28571
sgp,20210319,822034.14286
sgp,20210320,859038.42857
sgp,20210321,897600.57143
sgp,20210322,937141.42857
sgp,20210323,976872.85714
sgp,20210324,1015642.85714
sgp,20210325,1053299
sgp,20210326,1089672.42857
sgp,20210327,1125074.42857
sgp,20210328,1158822.14286
sgp,20210329,1193625.57143
sgp,20210330,1229239.42857
sgp,20210331,1265895.85714
sgp,20210401,1303830.42857
sgp,20210402,1341429
sgp,20210403,1380437.28571
sgp,20210404,1421132.71429
sgp,20210405,1462644.14286
sgp,20210406,1505461.14286
sgp,20210407,1549918
sgp,20210408,1595851.57143
sgp,20210409,1644910.71429
sgp,20210410,1695200.71429
sgp,20210411,1747247.14286
sgp,20210412,1798154.71429
sgp,20210413,1847587.57143
sgp,20210414,1895215.42857
sgp,20210415,1940921.85714
sgp,20210416,1984735.57143
sgp,20210417,2026852.42857
sgp,20210418,2066785
sgp,20210419,2106976.85714
sgp,20210420,2147723.42857
sgp,20210421,2189157
sgp,20210422,2231322.57143
sgp,20210423,2273858.14286
sgp,20210424,2317099.28571
sgp,20210425,2361556.42857
sgp,20210426,2405782.42857
sgp,20210427,2450096.85714
sgp,20210428,2494248.85714
sgp,20210429,2538652.14286
sgp,20210430,2583204.42857
sgp,20210501,2626905.57143
sgp,20210502,2670362.28571
sgp,20210503,2711990
sgp,20210504,2751809.42857
sgp,20210505,2790359
sgp,20210506,2827710.42857
sgp,20210507,2863923.57143
sgp,20210508,2899734.28571
sgp,20210509,2934767.28571
sgp,20210510,2971757.85714
sgp,20210511,3010690.71429
sgp,20210512,3048902.85714
sgp,20210513,3081806.28571
sgp,20210514,3117168.57143
sgp,20210515,3154488.57143
sgp,20210516,3193491.57143
sgp,20210517,3231484
sgp,20210518,3268445.14286
sgp,20210519,3306835.71429
sgp,20210520,3351889.28571
sgp,20210521,3395923.14286
sgp,20210522,3439954.42857
sgp,20210523,3483979.14286
sgp,20210524,3529145.14286
sgp,20210525,3575813
sgp,20210526,3622499.42857
sgp,20210527,3668924
sgp,20210528,3715211.14286
sgp,20210529,3761010.85714
sgp,20210530,3806076
sgp,20210531,3851034.28571
sgp,20210601,3895315.57143
sgp,20210602,3940007.57143
sgp,20210603,3985943.57143
sgp,20210604,4033174.71429
sgp,20210605,4081523.85714
sgp,20210606,4131032.57143
sgp,20210607,4179716.28571
sgp,20210608,4227078.42857
sgp,20210609,4274296.28571
sgp,20210610,4319940
sgp,20210611,4364448
sgp,20210612,4407458.14286
sgp,20210613,4449398.57143
sgp,20210614,4492301.42857
sgp,20210615,4537502.71429
sgp,20210616,4584853.71429
sgp,20210617,4634028
sgp,20210618,4684460.42857
sgp,20210619,4736839
sgp,20210620,4790278.57143
sgp,20210621,4844625.28571
sgp,20210622,4898876.42857
sgp,20210623,4952435.42857
sgp,20210624,5005197
sgp,20210625,5056757.57143
sgp,20210626,5109616.57143
sgp,20210627,5164084.42857
sgp,20210628,5219439.28571
sgp,20210629,5274050.42857
sgp,20210630,5331293
sgp,20210701,5393138.71429
sgp,20210702,5459801.14286
sgp,20210703,5528744.57143
sgp,20210704,5600418.14286
sgp,20210705,5674840.42857
sgp,20210706,5753453.28571
sgp,20210707,5833015.71429
sgp,20210708,5911742.71429
sgp,20210709,5990127.85714
sgp,20210710,6067755.42857
sgp,20210711,6144205.57143
sgp,20210712,6219861
sgp,20210713,6293810.42857
sgp,20210714,6365870
sgp,20210715,6436667.85714
sgp,20210716,6507640.85714
sgp,20210717,6578810.28571
sgp,20210718,6649886.28571
sgp,20210719,6716549.14286
sgp,20210720,6774145.57143
sgp,20210721,6833078.85714
sgp,20210722,6892288.28571
sgp,20210723,6951202.85714
sgp,20210724,7009180.28571
sgp,20210725,7066235.14286
sgp,20210726,7126274
sgp,20210727,7193362
sgp,20210728,7258683
sgp,20210729,7323269.28571
sgp,20210730,7387274
sgp,20210731,7451497
sgp,20210801,7515764.42857
sgp,20210802,7580245.28571
sgp,20210803,7646578.14286
sgp,20210804,7713335.85714
sgp,20210805,7780383.71429
sgp,20210806,7847220.71429
sgp,20210807,7913975.14286
sgp,20210808,7980739.57143
sgp,20210809,8044035
sgp,20210810,8105292.85714
sgp,20210811,8164216.71429
sgp,20210812,8220122.57143
sgp,20210813,8273511.14286
sgp,20210814,8324750.57143
sgp,20210815,8372724.85714
sgp,20210816,8418580.28571
sgp,20210817,8460512.85714
sgp,20210818,8498635.57143
sgp,20210819,8533053.14286
sgp,20210820,8563111.71429
sgp,20210821,8588227.71429
sgp,20210822,8609508.57143
sgp,20210823,8629360.71429
sgp,20210824,8648099
sgp,20210825,8665790.42857
sgp,20210826,8682621
sgp,20210827,8698433.28571
sgp,20210828,8713569.57143
sgp,20210829,8728473.42857
sgp,20210830,8742810.71429
sgp,20210831,8757133.28571
sgp,20210901,8771282.14286
sgp,20210902,8785263.57143
sgp,20210903,8799028.14286
sgp,20210904,8812865.71429
sgp,20210905,8826819.85714
sgp,20210906,8840446.14286
sgp,20210907,8853483.14286
sgp,20210908,8866035.85714
sgp,20210909,8878102.42857
sgp,20210910,8889539.71429
sgp,20210911,8900227.42857
sgp,20210912,8910377.42857
sgp,20210913,8920087.85714
sgp,20210914,8929425.14286
sgp,20210915,8939193.57143
sgp,20210916,8949179.57143
sgp,20210917,8959948.28571
sgp,20210918,8972100.71429
sgp,20210919,8985058.14286
sgp,20210920,8999751
sgp,20210921,9015513.42857
sgp,20210922,9032606.14286
sgp,20210923,9051575.85714
sgp,20210924,9072507.57143
sgp,20210925,9094543.71429
sgp,20210926,9117521.85714
sgp,20210927,9141780.42857
sgp,20210928,9168300.85714
sgp,20210929,9195445.28571
sgp,20210930,9223149.42857
sgp,20211001,9250108.14286
sgp,20211002,9276690
sgp,20211003,9303587.28571
sgp,20211004,9330286.85714
sgp,20211005,9356307.57143
sgp,20211006,9381703.14286
sgp,20211007,9406080.57143
sgp,20211008,9430546.71429
sgp,20211009,9454854.85714
sgp,20211010,9480483.42857
sgp,20211011,9507116
sgp,20211012,9534284
sgp,20211013,9561975
sgp,20211014,9590157.85714
sgp,20211015,9619608.57143
sgp,20211016,9649464.42857
sgp,20211017,9676976.71429
sgp,20211018,9702680.42857
sgp,20211019,9727412.57143
sgp,20211020,9751293.28571
sgp,20211021,9774928.28571
sgp,20211022,9797761.57143
sgp,20211023,9819717.85714
sgp,20211024,9841333.71429
sgp,20211025,9862709.42857
sgp,20211026,9884472.42857
sgp,20211027,9906272.42857
sgp,20211028,9928246.57143
sgp,20211029,9951199.71429
sgp,20211030,9975229
sgp,20211031,10000251.57143
sgp,20211101,10025932.71429
sgp,20211102,10051987.42857
sgp,20211103,10078191.42857
sgp,20211104,10101274.42857
sgp,20211105,10124366.57143
sgp,20211106,10147332.28571
sgp,20211107,10170072.28571
sgp,20211108,10192642
sgp,20211109,10215376.28571
sgp,20211110,10238832
sgp,20211111,10265676.57143
sgp,20211112,10291980.85714
sgp,20211113,10318412.14286
sgp,20211114,10345136.28571
sgp,20211115,10371949.42857
sgp,20211116,10398323.42857
sgp,20211117,10423954.42857
sgp,20211118,10449020.71429
sgp,20211119,10473609.57143
sgp,20211120,10497906.42857
sgp,20211121,10522132.57143
sgp,20211122,10546118.14286
sgp,20211123,10569247
sgp,20211124,10591904.71429
sgp,20211125,10614011.71429
sgp,20211126,10635982.85714
sgp,20211127,10657746.42857
sgp,20211128,10679132.71429
sgp,20211129,10700106.14286
sgp,20211130,10721966.42857
sgp,20211201,10743994
sgp,20211202,10766092.42857
sgp,20211203,10787916
sgp,20211204,10809614.85714
sgp,20211205,10831442.14286
sgp,20211206,10853542
sgp,20211207,10875368.57143
sgp,20211208,10897453.85714
sgp,20211209,10919667
sgp,20211210,10941877.28571
sgp,20211211,10964043.85714
sgp,20211212,10986100.57143
sgp,20211213,11008149.57143
sgp,20211214,11030948.85714
sgp,20211215,11054256.85714
sgp,20211216,11078554.57143
sgp,20211217,11103139.71429
sgp,20211218,11128100.28571
sgp,20211219,11153760.42857
sgp,20211220,11181071.71429
sgp,20211221,11208957.42857
sgp,20211222,11238583.71429
sgp,20211223,11270127.28571
sgp,20211224,11300875.71429
sgp,20211225,11327715.14286
sgp,20211226,11357970.42857
sgp,20211227,11390508.71429
sgp,20211228,11425904.14286
sgp,20211229,11463647.71429
sgp,20211230,11503360.42857
sgp,20211231,11543711.71429
sgp,20220101,11584054.42857
sgp,20220102,11624977.14286
sgp,20220103,11666200
sgp,20220104,11706072
sgp,20220111,11787963.14286
sgp,20220112,11868075.85714
sgp,20220113,11950194.57143
sgp,20220114,12040285.28571
sgp,20220118,12146001.28571
sgp,20220119,12248808.42857
sgp,20220120,12349975
sgp,20220121,12407941.57143
sgp,20220122,12466134.57143
sgp,20220123,12522462.14286
sgp,20220125,12579623.28571
sgp,20220126,12618173.57143
sgp,20220127,12656794.42857
sgp,20220128,12696425.14286
sgp,20220129,12734798.85714
sgp,20220131,12772589.57143
sgp,20220201,12806103.85714
sgp,20220202,12830785.71429
sgp,20220203,12856109.57143
sgp,20220204,12882522.14286
sgp,20220205,12908335.42857
sgp,20220206,12933043.28571
sgp,20220207,12956806.14286
shn,20210203,107
shn,20210315,1607
shn,20210318,2171.33333
shn,20210325,2742
shn,20210409,3268.2
shn,20210505,4038.83333
slb,20210323,0
slb,20210413,1311
slb,20210420,2033.66667
slb,20210621,6892.5
slb,20210629,9862.4
slb,20210713,12490
slb,20210720,14680
slb,20210727,20303.28571
slb,20210802,25700.71429
slb,20210809,33292.42857
slb,20210816,39271.14286
slb,20210831,46393.85714
slb,20210914,56696.14286
slb,20211005,71322.42857
slb,20211012,85973.42857
slb,20211025,102034.57143
slb,20211108,118454.71429
slb,20211122,137097.14286
slb,20211130,156589.28571
slb,20211213,175327.57143
slb,20211220,190429.57143
slb,20220104,205315.85714
slb,20220118,220163.57143
slb,20220124,233381.14286
slb,20220131,244416.28571
slb,20220207,254380.71429
sle,20210314,0
sle,20210325,5336.5
sle,20210330,12169.66667
sle,20210331,17099.5
sle,20210410,21215.6
sle,20210414,24749.5
sle,20210415,27549.14286
sle,20210425,35744
sle,20210427,42693
sle,20210429,47543
sle,20210501,51717
sle,20210508,55615
sle,20210531,60949.71429
sle,20210608,66539.28571
sle,20210610,70990.57143
sle,20210614,75629.57143
sle,20210620,80990.85714
sle,20210827,99912.28571
sle,20210913,122218.57143
sle,20210927,144020.42857
sle,20210929,165876.28571
sle,20211012,204528.85714
sle,20211018,248015.57143
sle,20211104,322377.85714
sle,20211110,401130.57143
sle,20211126,493647.14286
sle,20220111,592433.57143
sle,20220126,759983.28571
slv,20210217,0
slv,20210222,3000
slv,20210225,7333.33333
slv,20210314,11750
slv,20210317,16600
slv,20210318,20752
slv,20210321,24787.42857
slv,20210328,34787.42857
slv,20210331,48195.28571
slv,20210401,63120.42857
slv,20210402,78596.14286
slv,20210407,96310.42857
slv,20210409,116094.42857
slv,20210411,137665.85714
slv,20210412,165402.85714
slv,20210413,195536.85714
slv,20210414,229965.14286
slv,20210415,269605.14286
slv,20210416,312543
slv,20210417,358544.85714
slv,20210419,408197.14286
slv,20210420,459447.57143
slv,20210422,508861
slv,20210423,557017.42857
slv,20210426,604844.85714
slv,20210427,651646
slv,20210428,699066.85714
slv,20210429,745853
slv,20210430,787683.42857
slv,20210504,835461.42857
slv,20210505,882792.57143
slv,20210506,928910.57143
slv,20210507,975535
slv,20210511,1023208.28571
slv,20210513,1078280.42857
slv,20210514,1134641
slv,20210515,1185991.57143
slv,20210517,1239205.71429
slv,20210518,1293992.14286
slv,20210519,1348666
slv,20210520,1402413.42857
slv,20210521,1450737.28571
slv,20210522,1498194.71429
slv,20210524,1547137
slv,20210525,1595603.42857
slv,20210526,1643545.42857
slv,20210527,1691397.85714
slv,20210531,1745950.14286
slv,20210601,1799151
slv,20210602,1852430.57143
slv,20210607,1917293.57143
slv,20210609,1987252.71429
slv,20210611,2062023.71429
slv,20210615,2141552.14286
slv,20210616,2213221.71429
slv,20210618,2283980.85714
slv,20210621,2354102.14286
slv,20210622,2411115.28571
slv,20210623,2461852
slv,20210625,2513806.42857
slv,20210701,2579127.85714
slv,20210702,2645277.28571
slv,20210706,2719330.28571
slv,20210708,2809425.57143
slv,20210709,2904649
slv,20210712,3004287.71429
slv,20210713,3101170.28571
slv,20210714,3183461.28571
slv,20210716,3279588.28571
slv,20210719,3372921
slv,20210720,3454889.42857
slv,20210721,3536531.28571
slv,20210722,3618941
slv,20210723,3702486.71429
slv,20210726,3787485.42857
slv,20210727,3863233.85714
slv,20210728,3938901
slv,20210729,4014191.42857
slv,20210730,4089165.14286
slv,20210802,4165386.42857
slv,20210803,4243192.85714
slv,20210804,4323350.14286
slv,20210805,4404881.85714
slv,20210809,4489903
slv,20210810,4578598
slv,20210811,4670284.14286
slv,20210812,4763365.71429
slv,20210813,4857889.14286
slv,20210816,4951729
slv,20210817,5046457.28571
slv,20210818,5139902.14286
slv,20210819,5232897.28571
slv,20210820,5325930.28571
slv,20210823,5419482.57143
slv,20210824,5512389.57143
slv,20210825,5606833
slv,20210827,5717897.42857
slv,20210830,5830854.71429
slv,20210831,5943539.57143
slv,20210902,6067543.71429
slv,20210903,6188682.57143
slv,20210906,6307376.14286
slv,20210907,6421075.57143
slv,20210909,6524233.14286
slv,20210910,6622092.85714
slv,20210913,6715848.14286
slv,20210914,6793056.28571
slv,20210916,6866927.57143
slv,20210919,6942460.57143
slv,20210921,7012777.85714
slv,20210922,7070843.71429
slv,20210923,7128712.57143
slv,20210926,7185169
slv,20210927,7240349
slv,20210929,7306018.42857
slv,20210930,7367585.71429
slv,20211003,7434622.28571
slv,20211004,7503833.71429
slv,20211005,7573083.85714
slv,20211006,7642598.14286
slv,20211007,7713285.28571
slv,20211010,7773554.14286
slv,20211011,7832121.85714
slv,20211012,7886160.42857
slv,20211013,7935356.14286
slv,20211014,7980218
slv,20211017,8023867.57143
slv,20211018,8064804.42857
slv,20211025,8131121.85714
slv,20211028,8205673.57143
slv,20211103,8292525.28571
slv,20211104,8380049.71429
slv,20211108,8474204.28571
slv,20211109,8566514.85714
slv,20211110,8657987.85714
slv,20211111,8720741
slv,20211114,8773891.14286
slv,20211116,8817627.71429
slv,20211121,8867705.42857
slv,20211122,8910135.28571
slv,20211123,8951003.14286
slv,20211124,8994298.42857
slv,20211128,9036149.57143
slv,20211130,9077745.28571
slv,20211205,9119894.28571
slv,20211206,9153459.42857
slv,20211207,9186268.71429
slv,20211208,9219298
slv,20211212,9253943.14286
slv,20211213,9289830.85714
slv,20211216,9330737.57143
slv,20211220,9368221
slv,20211221,9406533.42857
slv,20211222,9445284.42857
slv,20211230,9490320.71429
slv,20220104,9531291.85714
slv,20220120,9602637.57143
slv,20220124,9667914.42857
slv,20220125,9729740.42857
slv,20220127,9792369.28571
slv,20220130,9853052.85714
smr,20210227,35
smr,20210301,155
smr,20210302,296.66667
smr,20210303,443.25
smr,20210304,631.2
smr,20210305,839.33333
smr,20210306,1053.57143
smr,20210308,1434.28571
smr,20210309,1832.85714
smr,20210310,2274
smr,20210311,2759.85714
smr,20210312,3248.85714
smr,20210313,3670.57143
smr,20210314,4069.28571
smr,20210315,4459.28571
smr,20210316,4891
smr,20210317,5329.57143
smr,20210318,5764.42857
smr,20210319,6209.71429
smr,20210322,6741.28571
smr,20210323,7306.14286
smr,20210324,7882
smr,20210326,8485
smr,20210330,9202.28571
smr,20210331,9918.42857
smr,20210402,10636.57143
smr,20210403,11339.71429
smr,20210406,12056.57143
smr,20210407,12818.85714
smr,20210408,13585.28571
smr,20210409,14249.28571
smr,20210410,14899
smr,20210413,15739.71429
smr,20210415,16732.42857
smr,20210416,17772.71429
smr,20210417,18714.57143
smr,20210418,19604.85714
smr,20210420,20585.57143
smr,20210421,21638.85714
smr,20210422,22539.71429
smr,20210423,23339.85714
smr,20210426,24127.14286
smr,20210427,25036
smr,20210429,26045.28571
smr,20210502,26998
smr,20210504,27955.42857
smr,20210505,28919
smr,20210507,30059.85714
smr,20210523,32227.28571
smr,20210524,34289.42857
smr,20210525,36214.71429
smr,20210526,38001.42857
smr,20210527,39646
smr,20210530,41166.42857
smr,20210531,42441.14286
smr,20210601,42565.14286
smr,20210603,42672.14286
smr,20210606,42745.71429
smr,20210607,42852
smr,20210610,42994.14286
smr,20210613,43133.71429
smr,20210614,43236.14286
smr,20210615,43341.14286
smr,20210616,43446.14286
smr,20210620,43603.57143
smr,20210621,43773.14286
smr,20210622,43903.85714
smr,20210623,44029.71429
smr,20210625,44141
smr,20210629,44249.71429
smr,20210630,44370.28571
smr,20210702,44455
smr,20210705,44495
smr,20210712,44589.85714
smr,20210719,44689.57143
smr,20210722,44800.14286
smr,20210728,44910.85714
smr,20210729,45063.42857
smr,20210803,45243.57143
smr,20210804,45425.28571
smr,20210805,45552.42857
smr,20210810,45676.28571
smr,20210812,45798.14286
smr,20210816,45921.14286
smr,20210817,45990.57143
smr,20210818,46012.71429
smr,20210824,46090.57143
smr,20210825,46168.28571
smr,20210829,46244.57143
smr,20210901,46315.85714
smr,20210905,46386.57143
smr,20210908,46457.28571
smr,20210909,46528.71429
smr,20210913,46591.71429
smr,20210920,46669.14286
smr,20211003,46746.57143
smr,20211010,46853.14286
smr,20211024,46959
smr,20211031,47093
smr,20211107,47242.42857
smr,20211121,47370.14286
smr,20211128,47485.57143
smr,20211205,47720.42857
smr,20211212,48397.71429
smr,20211219,49346.14286
smr,20220102,50674.28571
smr,20220109,52115.57143
smr,20220116,53762.71429
smr,20220123,55749
smr,20220130,57848.14286
som,20210417,117567
som,20210502,120568.5
som,20210516,121869.33333
som,20210524,122703.25
som,20210525,123279
som,20210527,124309.33333
som,20210531,125712.71429
som,20210602,128577.14286
som,20210608,131212.57143
som,20210609,133913.71429
som,20210612,138168.14286
som,20210614,142591.85714
som,20210617,146770.14286
som,20210618,150454.42857
som,20210620,154220.14286
som,20210622,159398.14286
som,20210623,166115.28571
som,20210628,173142.42857
som,20210629,180552
som,20210706,191359.71429
som,20210708,202211
som,20210711,214469.85714
som,20210802,228984.85714
som,20210821,242145.28571
som,20210830,254556.28571
som,20210901,266940.85714
som,20210906,277746.85714
som,20210911,292563.57143
som,20210915,307065.71429
som,20210920,322818.85714
som,20210923,343996
som,20210926,368754
som,20210928,394749.42857
som,20210929,421183.14286
som,20211006,450169.14286
som,20211014,485656.28571
som,20211017,522368.85714
som,20211026,554383.14286
som,20211031,583489.57143
som,20211103,612697.71429
som,20211105,640784.57143
som,20211113,701060.57143
som,20211209,779333.71429
som,20211220,882515.28571
som,20211223,996672
som,20211226,1116216.28571
som,20220116,1248926
som,20220206,1384924.57143
srb,20210108,7000
srb,20210110,8150
srb,20210114,11478.66667
srb,20210120,19761.75
srb,20210121,32775.8
srb,20210122,47265
srb,20210123,63849.28571
srb,20210124,93963.57143
srb,20210125,129280.85714
srb,20210126,172333.42857
srb,20210127,217650.42857
srb,20210128,262896.71429
srb,20210129,307332.14286
srb,20210130,346478.57143
srb,20210202,386216.28571
srb,20210203,422949.28571
srb,20210204,452581.57143
srb,20210205,477802
srb,20210207,498181
srb,20210210,528115.28571
srb,20210212,585102
srb,20210214,655250
srb,20210223,767632.57143
srb,20210224,884316.57143
srb,20210225,1003959.28571
srb,20210226,1125227.42857
srb,20210227,1238478.28571
srb,20210228,1324249
srb,20210301,1393335.57143
srb,20210302,1422133.71429
srb,20210303,1449498.85714
srb,20210304,1478229
srb,20210305,1510467.28571
srb,20210306,1541463.71429
srb,20210307,1572122.42857
srb,20210308,1605577.28571
srb,20210309,1641093.85714
srb,20210310,1677899.28571
srb,20210311,1713664.57143
srb,20210312,1753461.85714
srb,20210313,1797324
srb,20210314,1848232.14286
srb,20210315,1896164
srb,20210316,1939288.14286
srb,20210317,1979900.28571
srb,20210318,2020576.57143
srb,20210319,2058328
srb,20210320,2087832
srb,20210321,2111005.14286
srb,20210322,2130807.57143
srb,20210323,2152867.42857
srb,20210324,2176340.71429
srb,20210326,2200741
srb,20210328,2223897.28571
srb,20210330,2260669
srb,20210331,2299888
srb,20210401,2344131
srb,20210402,2389137
srb,20210404,2435734.42857
srb,20210405,2480157.57143
srb,20210406,2523297.71429
srb,20210407,2561342.85714
srb,20210409,2617288.14286
srb,20210410,2673605.71429
srb,20210414,2739400.57143
srb,20210415,2804073.28571
srb,20210416,2868059.28571
srb,20210417,2929393.14286
srb,20210418,2983869.14286
srb,20210421,3026792.85714
srb,20210422,3068780.71429
srb,20210423,3098855.42857
srb,20210424,3132089.42857
srb,20210426,3165380.28571
srb,20210428,3216156.42857
srb,20210430,3279865.28571
srb,20210501,3335485.42857
srb,20210502,3385500.71429
srb,20210505,3456853
srb,20210506,3522862.14286
srb,20210507,3591763.85714
srb,20210508,3645465
srb,20210509,3686084.57143
srb,20210510,3729048
srb,20210512,3784626
srb,20210515,3831637
srb,20210516,3877821.14286
srb,20210517,3923461
srb,20210518,3972306
srb,20210519,4027404.85714
srb,20210521,4086778
srb,20210523,4137362.85714
srb,20210524,4178965.28571
srb,20210525,4224179
srb,20210527,4275776.57143
srb,20210530,4336430.71429
srb,20210602,4405523.28571
srb,20210603,4473862.85714
srb,20210605,4545373.28571
srb,20210609,4626717.57143
srb,20210612,4712554.42857
srb,20210617,4802983.57143
srb,20210620,4887754.85714
srb,20210705,4980711
srb,20210714,5079099.85714
srb,20210716,5172613.14286
srb,20210719,5252872
srb,20210722,5326331.14286
srb,20210723,5384706.71429
srb,20210726,5433475.14286
srb,20210728,5460079.71429
srb,20210729,5475121.28571
srb,20210730,5490208.28571
srb,20210731,5503385.14286
srb,20210803,5514479.42857
srb,20210804,5525172.85714
srb,20210805,5535816.42857
srb,20210806,5544844.14286
srb,20210807,5553655.85714
srb,20210808,5561118.57143
srb,20210809,5569223.42857
srb,20210810,5576841.28571
srb,20210811,5584711.85714
srb,20210812,5592666.85714
srb,20210813,5600906.85714
srb,20210815,5608952.57143
srb,20210816,5617179.71429
srb,20210817,5625255.42857
srb,20210818,5633205
srb,20210819,5641873.57143
srb,20210822,5654192.42857
srb,20210823,5668861
srb,20210824,5686236.85714
srb,20210825,5706062
srb,20210826,5728325.71429
srb,20210828,5755374.42857
srb,20210829,5781252.57143
srb,20210830,5806813.14286
srb,20210901,5836149.71429
srb,20210902,5865168.14286
srb,20210905,5896314.42857
srb,20210906,5927399.85714
srb,20210907,5956153.42857
srb,20210908,5987348.14286
srb,20210909,6016906
srb,20210912,6044767
srb,20210914,6077507.28571
srb,20210916,6111969.42857
srb,20210918,6148045.14286
srb,20210919,6181481.85714
srb,20210921,6219050
srb,20210922,6256589
srb,20210923,6291278.71429
srb,20210924,6320773.71429
srb,20210926,6345146.28571
srb,20210928,6371046.57143
srb,20210929,6399037.14286
srb,20210930,6422633.14286
srb,20211002,6449497.14286
srb,20211005,6482906.14286
srb,20211006,6517070.57143
srb,20211007,6552301.28571
srb,20211012,6583983.28571
srb,20211019,6618842.85714
srb,20211023,6683178.57143
srb,20211024,6742498
srb,20211026,6799854
srb,20211029,6864683.42857
srb,20211030,6928735.14286
srb,20211101,6995141.85714
srb,20211102,7059459.42857
srb,20211103,7095491.57143
srb,20211105,7138888.42857
srb,20211107,7179291.42857
srb,20211108,7214132.14286
srb,20211109,7251504.85714
srb,20211114,7299779.28571
srb,20211118,7364237
srb,20211119,7429941.85714
srb,20211122,7496118.57143
srb,20211123,7562191.85714
srb,20211124,7626382
srb,20211127,7694806.71429
srb,20211128,7747809
srb,20211129,7784208.71429
srb,20211130,7818413.28571
srb,20211202,7849508.42857
srb,20211203,7879643.85714
srb,20211206,7911335.57143
srb,20211207,7935884.71429
srb,20211208,7961584.71429
srb,20211209,7985666.28571
srb,20211212,8010774.57143
srb,20211214,8033544.42857
srb,20211222,8064960.28571
srb,20211226,8095987.28571
srb,20211228,8127863.42857
srb,20220101,8164762.42857
srb,20220109,8200549.71429
srb,20220114,8236079.28571
srb,20220116,8270120.28571
srb,20220118,8294066.57143
srb,20220119,8313858.28571
srb,20220123,8332696.85714
srb,20220127,8346896.42857
srb,20220130,8361422.85714
srb,20220131,8372654.14286
srb,20220202,8383025.28571
srb,20220203,8392116.57143
srb,20220207,8402132.14286
ssd,20210405,0
ssd,20210415,473.5
ssd,20210512,2135.33333
ssd,20210518,3202.25
ssd,20210521,4061.8
ssd,20210524,4714.16667
ssd,20210526,5270.14286
ssd,20210531,6662.14286
ssd,20210608,8225.28571
ssd,20210614,10140.14286
ssd,20210620,13426.85714
ssd,20210624,17063.85714
ssd,20210628,22341.57143
ssd,20210705,28035.14286
ssd,20210712,34602.28571
ssd,20210713,40891.71429
ssd,20210719,46338.28571
ssd,20210830,50301.14286
ssd,20210906,54144.85714
ssd,20210908,57314.71429
ssd,20210919,64111.85714
ssd,20210922,70527.14286
ssd,20210923,77360.85714
ssd,20211001,84734.14286
ssd,20211008,92714.57143
ssd,20211011,100683.85714
ssd,20211017,108306.42857
ssd,20211020,112141.85714
ssd,20211025,115938.85714
ssd,20211027,119653.14286
ssd,20211029,123334.42857
ssd,20211105,127249.42857
ssd,20211106,131381.71429
ssd,20211109,135778.57143
ssd,20211123,149387.85714
ssd,20211206,168065.14286
ssd,20211212,187234.85714
ssd,20211215,206416.14286
ssd,20220109,227627.85714
ssd,20220115,249418.14286
ssd,20220123,273321
ssd,20220131,291035.14286
ssd,20220205,307419.85714
stp,20210315,0
stp,20210322,1982.5
stp,20210329,4563
stp,20210518,6515.75
stp,20210526,8114.4
stp,20210531,9910
stp,20210608,11783.85714
stp,20210610,15161.57143
stp,20210614,18012
stp,20210624,20181.14286
stp,20210628,22411.42857
stp,20210705,25195.28571
stp,20210712,27885
stp,20210719,30514.85714
stp,20210724,33414.57143
stp,20210726,36277.71429
stp,20210803,39002
stp,20210816,41287.85714
stp,20210901,43052.57143
stp,20210906,44934
stp,20210910,47179.42857
stp,20210917,50265.14286
stp,20210921,54445.57143
stp,20210924,59974.28571
stp,20211002,67210.42857
stp,20211009,75027
stp,20211013,82442
stp,20211015,89094.28571
stp,20211029,95279.42857
stp,20211110,100488.42857
stp,20211121,104998.71429
stp,20211126,108815.42857
stp,20211207,113335.42857
stp,20211209,117881.71429
stp,20211213,122723.42857
stp,20220117,128752.28571
sur,20210222,0
sur,20210319,4598
sur,20210320,7025
sur,20210322,8706
sur,20210323,9908
sur,20210324,10923
sur,20210326,12217.28571
sur,20210327,15414
sur,20210328,17429.42857
sur,20210330,19236.42857
sur,20210331,20994.71429
sur,20210402,22858.14286
sur,20210407,24863.71429
sur,20210409,26668.14286
sur,20210412,28191.14286
sur,20210413,29667.71429
sur,20210416,31110.85714
sur,20210421,32449
sur,20210422,33594.28571
sur,20210424,34518
sur,20210427,35167.14286
sur,20210428,35926.14286
sur,20210501,36828
sur,20210504,37779
sur,20210507,38988.14286
sur,20210508,40365.71429
sur,20210511,42034.57143
sur,20210513,43855.14286
sur,20210515,45744
sur,20210517,47773.85714
sur,20210519,50070.28571
sur,20210520,53056.71429
sur,20210521,56325.42857
sur,20210523,60030.42857
sur,20210525,63824.71429
sur,20210526,67677.42857
sur,20210528,71470.85714
sur,20210529,75125.28571
sur,20210601,78036.85714
sur,20210602,80780.71429
sur,20210603,83056.71429
sur,20210605,85949
sur,20210606,89387.57143
sur,20210607,93296.14286
sur,20210608,97217.57143
sur,20210609,101078.42857
sur,20210612,106731.28571
sur,20210613,113417.14286
sur,20210614,120232.42857
sur,20210615,126511.71429
sur,20210616,133310.71429
sur,20210618,141223.85714
sur,20210620,150294.42857
sur,20210621,157458.71429
sur,20210623,163955.57143
sur,20210624,169674.28571
sur,20210625,175494.14286
sur,20210627,180679
sur,20210628,184563.28571
sur,20210630,187491.85714
sur,20210701,190419.71429
sur,20210702,192868.28571
sur,20210704,195348.85714
sur,20210705,197557.14286
sur,20210706,199271.42857
sur,20210707,201039.42857
sur,20210709,202758.42857
sur,20210711,204439.57143
sur,20210712,206779.57143
sur,20210714,209449.28571
sur,20210715,212251.14286
sur,20210716,215274.71429
sur,20210717,218326.71429
sur,20210718,221168.71429
sur,20210719,223963
sur,20210720,226003.57143
sur,20210721,227567.71429
sur,20210722,229037.57143
sur,20210723,230382.14286
sur,20210724,231642.28571
sur,20210725,232790
sur,20210726,233950.57143
sur,20210727,235298.57143
sur,20210728,236725.42857
sur,20210729,238158.28571
sur,20210730,239563.71429
sur,20210731,241054.42857
sur,20210801,242572.57143
sur,20210802,244207.28571
sur,20210803,245855
sur,20210804,247562.42857
sur,20210805,249350.42857
sur,20210806,250924.42857
sur,20210807,252622.71429
sur,20210808,254710.71429
sur,20210809,256882.85714
sur,20210810,258890.57143
sur,20210811,260788
sur,20210812,262613.14286
sur,20210813,264937.71429
sur,20210814,267489.71429
sur,20210815,269873.28571
sur,20210816,272249
sur,20210817,274839
sur,20210818,277488.71429
sur,20210819,280380.42857
sur,20210820,283400.71429
sur,20210821,286830.57143
sur,20210822,290011.57143
sur,20210823,294012.14286
sur,20210824,298206
sur,20210825,302455.42857
sur,20210826,306967.57143
sur,20210827,311372.42857
sur,20210828,315487.28571
sur,20210829,320155.57143
sur,20210830,323926.85714
sur,20210831,327423.71429
sur,20210901,331003.71429
sur,20210902,334282.57143
sur,20210903,337457.57143
sur,20210904,340405.57143
sur,20210905,343060.14286
sur,20210906,345744.42857
sur,20210907,348521.42857
sur,20210908,351325.42857
sur,20210909,354046.57143
sur,20210910,356698.42857
sur,20210911,358958.71429
sur,20210912,361129.42857
sur,20210913,363260.85714
sur,20210914,365251.42857
sur,20210915,367076.85714
sur,20210916,369109.28571
sur,20210917,370848.28571
sur,20210919,372729.28571
sur,20210920,374410.14286
sur,20210921,376464.42857
sur,20210922,378597
sur,20210923,380757.42857
sur,20210924,382848.71429
sur,20210925,385045.85714
sur,20210927,387312.71429
sur,20210928,389835.42857
sur,20210929,391929.71429
sur,20210930,394189.28571
sur,20211001,396461
sur,20211002,398317.42857
sur,20211004,400322.71429
sur,20211005,402369.85714
sur,20211006,404393.71429
sur,20211007,406534
sur,20211008,408401.14286
sur,20211009,410058.14286
sur,20211010,412080.28571
sur,20211012,413991.14286
sur,20211013,415889.57143
sur,20211014,417644.28571
sur,20211015,419505.14286
sur,20211018,421503
sur,20211019,423945.85714
sur,20211020,426237.14286
sur,20211021,428652.57143
sur,20211022,431208.42857
sur,20211023,433762.28571
sur,20211024,436107.85714
sur,20211025,438144.71429
sur,20211026,439904.85714
sur,20211027,441620.57143
sur,20211028,443262
sur,20211030,444664.57143
sur,20211031,446183.57143
sur,20211101,447633.57143
sur,20211102,449169.28571
sur,20211103,450600.28571
sur,20211104,451894.14286
sur,20211106,453253.57143
sur,20211107,454485.57143
sur,20211108,455557
sur,20211109,456634.42857
sur,20211110,457717.85714
sur,20211111,458822
sur,20211112,460074.57143
sur,20211113,461000.42857
sur,20211115,462149
sur,20211117,463415.14286
sur,20211118,464636.57143
sur,20211119,465947.14286
sur,20211120,467093.42857
sur,20211121,468239.71429
sur,20211122,469411.85714
sur,20211123,470386.14286
sur,20211125,471283.14286
sur,20211128,472307
sur,20211129,473219.42857
sur,20211201,474169.28571
sur,20211202,475203.28571
sur,20211205,476303.14286
sur,20211206,477388.28571
sur,20211207,478409.14286
sur,20211208,479369.42857
sur,20211209,480238.57143
sur,20211210,481074.42857
sur,20211211,481770.28571
sur,20211213,482454.57143
sur,20211216,483200.14286
sur,20211220,484062.28571
sur,20211222,484814.85714
sur,20211223,485585.28571
sur,20211227,486388.14286
sur,20211230,487239.57143
sur,20220103,488064.14286
sur,20220105,488823.71429
sur,20220106,489515.14286
sur,20220108,490227.85714
sur,20220112,491046.14286
sur,20220113,491853.71429
sur,20220118,492598.14286
sur,20220124,493453.14286
sur,20220127,494233.14286
sur,20220128,495029.57143
sur,20220201,495850.14286
svk,20210103,30059
svk,20210110,46702.5
svk,20210117,64866.33333
svk,20210124,85720.75
svk,20210131,111945.8
svk,20210207,143099.33333
svk,20210214,175684
svk,20210221,235377.71429
svk,20210228,304266.28571
svk,20210307,382869.57143
svk,20210314,473637.85714
svk,20210321,573358
svk,20210328,676441.42857
svk,20210404,788539.14286
svk,20210411,911804.28571
svk,20210418,1042781.71429
svk,20210425,1182760.85714
svk,20210502,1332336.14286
svk,20210509,1496720.42857
svk,20210516,1681742.57143
svk,20210523,1883288.42857
svk,20210530,2097479.71429
svk,20210606,2324692.57143
svk,20210613,2563504.71429
svk,20210620,2808566.85714
svk,20210627,3051903.71429
svk,20210704,3285328.71429
svk,20210711,3502895.57143
svk,20210718,3699456
svk,20210725,3875020.57143
svk,20210801,4028286.14286
svk,20210808,4158165.57143
svk,20210815,4265361.71429
svk,20210822,4354275.71429
svk,20210829,4429089.42857
svk,20210905,4495622.71429
svk,20210912,4553523.14286
svk,20210919,4603298.42857
svk,20210926,4646037.28571
svk,20211003,4683289.28571
svk,20211010,4716304.85714
svk,20211017,4749520.14286
svk,20211024,4786167.85714
svk,20211031,4831306.28571
svk,20211107,4890302.85714
svk,20211114,4965558.85714
svk,20211121,5061216
svk,20211128,5175157.85714
svk,20211205,5309018.42857
svk,20211212,5467267.85714
svk,20211219,5630616.57143
svk,20211226,5795238.42857
svk,20220102,5965111.85714
svk,20220109,6134463.42857
svk,20220116,6299846.42857
svk,20220123,6452134
svk,20220130,6577532.71429
svk,20220206,6685371
svn,20201227,6199
svn,20201228,7042
svn,20201229,7765
svn,20201230,8232
svn,20201231,8883.8
svn,20210101,9343.5
svn,20210102,9729.57143
svn,20210103,10644.28571
svn,20210104,11474
svn,20210105,12478
svn,20210106,14192.14286
svn,20210107,16423.28571
svn,20210108,19099.42857
svn,20210109,21754.14286
svn,20210110,24329.57143
svn,20210111,26818.28571
svn,20210112,29212.28571
svn,20210113,31512.71429
svn,20210114,33994.71429
svn,20210115,36708.85714
svn,20210116,39433.14286
svn,20210117,42157.85714
svn,20210118,44843.28571
svn,20210119,47572.42857
svn,20210120,50338.28571
svn,20210121,52822.85714
svn,20210122,54920.57143
svn,20210123,57074.85714
svn,20210124,59250.28571
svn,20210125,61397
svn,20210126,63493.14286
svn,20210127,65607.28571
svn,20210128,67942.28571
svn,20210129,70622.85714
svn,20210130,73217.14286
svn,20210131,75790.14286
svn,20210201,78371.57143
svn,20210202,80850.71429
svn,20210203,83292
svn,20210204,85895.28571
svn,20210205,88654.57143
svn,20210206,91483.28571
svn,20210207,94311.57143
svn,20210208,97187.42857
svn,20210209,99920.57143
svn,20210210,102420.14286
svn,20210211,105109.14286
svn,20210212,108232.71429
svn,20210213,111399
svn,20210214,114570
svn,20210215,117695.85714
svn,20210216,120966.28571
svn,20210217,124573.42857
svn,20210218,128225.71429
svn,20210219,131599.14286
svn,20210220,135207
svn,20210221,138810.28571
svn,20210222,142470
svn,20210223,146187.42857
svn,20210224,150109.57143
svn,20210225,154301.85714
svn,20210226,158641.28571
svn,20210227,162750.42857
svn,20210228,166859.42857
svn,20210301,171062.71429
svn,20210302,175359.42857
svn,20210303,179723.71429
svn,20210304,184146
svn,20210305,188934.57143
svn,20210306,193870
svn,20210307,198805.71429
svn,20210308,203836.85714
svn,20210309,209154.14286
svn,20210310,214797.71429
svn,20210311,220841.57143
svn,20210312,227354.42857
svn,20210313,234830.85714
svn,20210314,242307.14286
svn,20210315,249758.85714
svn,20210316,256763.57143
svn,20210317,263253.71429
svn,20210318,269160.14286
svn,20210319,274187.71429
svn,20210320,278578.57143
svn,20210321,282969.57143
svn,20210322,287289.57143
svn,20210323,292074.28571
svn,20210324,297407.42857
svn,20210325,303366.28571
svn,20210326,310559.14286
svn,20210327,318188.71429
svn,20210328,325998.14286
svn,20210329,333807.42857
svn,20210330,342151.42857
svn,20210331,351175.71429
svn,20210401,360913.71429
svn,20210402,370097
svn,20210403,378684.14286
svn,20210404,387319.14286
svn,20210405,395791.85714
svn,20210406,403518.71429
svn,20210407,410017.57143
svn,20210408,415934.57143
svn,20210409,422994.57143
svn,20210410,430923.28571
svn,20210411,438858.57143
svn,20210412,447060
svn,20210413,455409.85714
svn,20210414,464550.14286
svn,20210415,474281.71429
svn,20210416,483139.28571
svn,20210417,491560.85714
svn,20210418,499931.57143
svn,20210419,508423.14286
svn,20210420,517316.71429
svn,20210421,526950.71429
svn,20210422,536652
svn,20210423,546861
svn,20210424,556611.42857
svn,20210425,566274.57143
svn,20210426,575605.85714
svn,20210427,584047.71429
svn,20210428,591220.71429
svn,20210429,598303.71429
svn,20210430,605881.42857
svn,20210501,614071.14286
svn,20210502,622657.71429
svn,20210503,632338.57143
svn,20210504,643364.57143
svn,20210505,655829.57143
svn,20210506,669512.42857
svn,20210507,683233.71429
svn,20210508,697390.57143
svn,20210509,711309.85714
svn,20210510,724507.28571
svn,20210511,737733.42857
svn,20210512,751383
svn,20210513,765072.57143
svn,20210514,779139
svn,20210515,792984.28571
svn,20210516,807022.14286
svn,20210517,821780.71429
svn,20210518,836850.57143
svn,20210519,852187.57143
svn,20210520,867773.71429
svn,20210521,883658.28571
svn,20210522,899857.85714
svn,20210523,916048.28571
svn,20210524,931976
svn,20210525,947534.85714
svn,20210526,962879
svn,20210527,978071
svn,20210528,992605.71429
svn,20210529,1007073.28571
svn,20210530,1021102.14286
svn,20210531,1035179.42857
svn,20210601,1050029
svn,20210602,1065987.85714
svn,20210603,1083034
svn,20210604,1101047.14286
svn,20210605,1119363.14286
svn,20210606,1138371.57143
svn,20210607,1157492.57143
svn,20210608,1176438.85714
svn,20210609,1194525.28571
svn,20210610,1212073.85714
svn,20210611,1229036
svn,20210612,1245743.85714
svn,20210613,1262235.14286
svn,20210614,1278637.14286
svn,20210615,1294441.85714
svn,20210616,1309287.71429
svn,20210617,1322359.14286
svn,20210618,1333957
svn,20210619,1344342.57143
svn,20210620,1354465.85714
svn,20210621,1364382.14286
svn,20210622,1374399.28571
svn,20210623,1384913.42857
svn,20210624,1396201.71429
svn,20210625,1405511.71429
svn,20210626,1415065.57143
svn,20210627,1424407.42857
svn,20210628,1433884.28571
svn,20210629,1443549
svn,20210630,1452399
svn,20210701,1460414
svn,20210702,1470474.71429
svn,20210703,1480180.42857
svn,20210704,1489886.71429
svn,20210705,1499645.14286
svn,20210706,1508920
svn,20210707,1517949.14286
svn,20210708,1526405.85714
svn,20210709,1534408.28571
svn,20210710,1542345.85714
svn,20210711,1550313.71429
svn,20210712,1558241.28571
svn,20210713,1565934.71429
svn,20210714,1573407.71429
svn,20210715,1580601.57143
svn,20210716,1587646.42857
svn,20210717,1594771.71429
svn,20210718,1601868.57143
svn,20210719,1608790.71429
svn,20210720,1615547.28571
svn,20210721,1622117.57143
svn,20210722,1628259.85714
svn,20210723,1634261.71429
svn,20210724,1640239.85714
svn,20210725,1646216.42857
svn,20210726,1652187.85714
svn,20210727,1658286.57143
svn,20210728,1664262.14286
svn,20210729,1670174.57143
svn,20210730,1675910.42857
svn,20210731,1681722.42857
svn,20210801,1687532.85714
svn,20210802,1693306
svn,20210803,1698965
svn,20210804,1704522.14286
svn,20210805,1709980
svn,20210806,1715426.28571
svn,20210807,1720717.28571
svn,20210808,1726079
svn,20210809,1731319.85714
svn,20210810,1736457.14286
svn,20210811,1741398.42857
svn,20210812,1746273.85714
svn,20210813,1751124.85714
svn,20210814,1755941.28571
svn,20210815,1760696.71429
svn,20210816,1765658.57143
svn,20210817,1770839.57143
svn,20210818,1776152.57143
svn,20210819,1781425.14286
svn,20210820,1786633.28571
svn,20210821,1791871.57143
svn,20210822,1797099.14286
svn,20210823,1802229.85714
svn,20210824,1807325.14286
svn,20210825,1812348.71429
svn,20210826,1817391.42857
svn,20210827,1822415.14286
svn,20210828,1827454.28571
svn,20210829,1832501.14286
svn,20210830,1837507.42857
svn,20210831,1842318.85714
svn,20210901,1846874.14286
svn,20210902,1851244.85714
svn,20210903,1855520.14286
svn,20210904,1859735.85714
svn,20210905,1863943.57143
svn,20210906,1868175.85714
svn,20210907,1872689
svn,20210908,1877638.42857
svn,20210909,1883089
svn,20210910,1888885.57143
svn,20210911,1894832.85714
svn,20210912,1900780.28571
svn,20210913,1907364.14286
svn,20210914,1915196.57143
svn,20210915,1924249.71429
svn,20210916,1934751.28571
svn,20210917,1946422.85714
svn,20210918,1958943.71429
svn,20210919,1971944
svn,20210920,1984697
svn,20210921,1996369.57143
svn,20210922,2006810
svn,20210923,2015842.85714
svn,20210924,2023894
svn,20210925,2031113.85714
svn,20210926,2037937.71429
svn,20210927,2044459
svn,20210928,2050870.71429
svn,20210929,2057137
svn,20210930,2062947.57143
svn,20211001,2068271.57143
svn,20211002,2073491.14286
svn,20211003,2078633.57143
svn,20211004,2083740.57143
svn,20211005,2088896
svn,20211006,2094195.14286
svn,20211007,2100113.85714
svn,20211008,2106488.42857
svn,20211009,2112959.14286
svn,20211010,2119459.71429
svn,20211011,2126048.71429
svn,20211012,2132445.14286
svn,20211013,2138468.71429
svn,20211014,2143831.42857
svn,20211015,2148615.42857
svn,20211016,2153218.71429
svn,20211017,2157791.28571
svn,20211018,2162022.42857
svn,20211019,2165896.14286
svn,20211020,2169545.85714
svn,20211021,2172982.28571
svn,20211022,2176345.14286
svn,20211023,2179703.14286
svn,20211024,2183055.57143
svn,20211025,2186348.28571
svn,20211026,2189673.71429
svn,20211027,2192968.42857
svn,20211028,2196362.85714
svn,20211029,2199587.14286
svn,20211030,2202827.57143
svn,20211031,2206068.57143
svn,20211101,2208918.28571
svn,20211102,2211984
svn,20211103,2215847.42857
svn,20211104,2221060.85714
svn,20211105,2227851.71429
svn,20211106,2235306.85714
svn,20211107,2243051.85714
svn,20211108,2252521.42857
svn,20211109,2263288.42857
svn,20211110,2275356.14286
svn,20211111,2288334.14286
svn,20211112,2302223.85714
svn,20211113,2316318.14286
svn,20211114,2330317.71429
svn,20211115,2344228
svn,20211116,2358506.14286
svn,20211117,2372520.57143
svn,20211118,2386088.14286
svn,20211119,2398829.42857
svn,20211120,2411389.57143
svn,20211121,2423929.71429
svn,20211122,2435903.42857
svn,20211123,2446883
svn,20211124,2457405.71429
svn,20211125,2467287.85714
svn,20211126,2476765.14286
svn,20211127,2486081
svn,20211128,2495292.71429
svn,20211129,2504482.14286
svn,20211130,2513507
svn,20211201,2522166.14286
svn,20211202,2530368.71429
svn,20211203,2538215.28571
svn,20211204,2545769.85714
svn,20211205,2553312.28571
svn,20211206,2560699.85714
svn,20211207,2567842.14286
svn,20211208,2574660.42857
svn,20211209,2581099.71429
svn,20211210,2587278.28571
svn,20211211,2593375.85714
svn,20211212,2599447.14286
svn,20211213,2605306.71429
svn,20211214,2611036.85714
svn,20211215,2616828
svn,20211216,2622672
svn,20211217,2628494
svn,20211218,2634328.85714
svn,20211219,2641257
svn,20211220,2649773.57143
svn,20211221,2659767
svn,20211222,2671061.85714
svn,20211223,2683626
svn,20211224,2695450.85714
svn,20211225,2707033.57143
svn,20211226,2717525.42857
svn,20211227,2726625.28571
svn,20211228,2734420.42857
svn,20211229,2740476.85714
svn,20211230,2744622.14286
svn,20211231,2748464.71429
svn,20220101,2752307.42857
svn,20220102,2756132.71429
svn,20220103,2759850.57143
svn,20220104,2763548.14286
svn,20220105,2767890.28571
svn,20220106,2773178.28571
svn,20220107,2779836.28571
svn,20220108,2786696.57143
svn,20220109,2793588.42857
svn,20220110,2800608.14286
svn,20220111,2807583
svn,20220112,2814101.57143
svn,20220113,2821189.71429
svn,20220114,2829004.71429
svn,20220115,2837988.57143
svn,20220116,2846949.57143
svn,20220117,2855381.28571
svn,20220118,2863329.42857
svn,20220119,2870827.28571
svn,20220120,2876685.85714
svn,20220121,2880991
svn,20220122,2884012
svn,20220123,2887020
svn,20220124,2889965
svn,20220125,2892776.85714
svn,20220126,2895518.42857
svn,20220127,2898221.85714
svn,20220128,2900859.28571
svn,20220129,2903501.85714
svn,20220130,2906148.85714
svn,20220131,2908862
svn,20220201,2911669.28571
svn,20220202,2914580.28571
svn,20220203,2917600.14286
svn,20220204,2920603.28571
svn,20220205,2923641.14286
svn,20220206,2926669.71429
svn,20220207,2929611.42857
svn,20220208,2932067.57143
swe,20210103,2477
swe,20210110,9530
swe,20210117,50783
swe,20210124,100620.25
swe,20210131,148822.2
swe,20210207,197710
swe,20210214,249543
swe,20210221,351422
swe,20210228,473724.14286
swe,20210307,606569
swe,20210314,754431.85714
swe,20210321,914228.14286
swe,20210328,1088103.85714
swe,20210404,1283118.57143
swe,20210411,1505542.85714
swe,20210418,1773570.28571
swe,20210425,2077500.14286
swe,20210502,2407017.14286
swe,20210509,2777209
swe,20210516,3180009.85714
swe,20210523,3609861.71429
swe,20210530,4059535.57143
swe,20210606,4524906.85714
swe,20210613,5024579.14286
swe,20210620,5577517.85714
swe,20210627,6155909.14286
swe,20210704,6778143.71429
swe,20210711,7420705.28571
swe,20210718,8066881.71429
swe,20210725,8692861.71429
swe,20210801,9278516.71429
swe,20210808,9811393.85714
swe,20210815,10320554
swe,20210822,10799647.85714
swe,20210829,11261367.42857
swe,20210905,11703520
swe,20210912,12122818.14286
swe,20210919,12519108.14286
swe,20210926,12883930
swe,20211003,13203497.57143
swe,20211010,13469028.85714
swe,20211017,13695935.14286
swe,20211024,13898037.28571
swe,20211031,14088353.28571
swe,20211107,14263166.28571
swe,20211114,14456404.85714
swe,20211121,14685125.28571
swe,20211128,14953971.85714
swe,20211205,15255174.71429
swe,20211212,15594433.71429
swe,20211219,15981291.57143
swe,20211226,16382225.57143
swe,20220102,16759950.28571
swe,20220109,17113577.14286
swe,20220116,17473529.57143
swe,20220123,17848547.42857
swe,20220130,18220853.57143
swe,20220201,18518920.71429
swe,20220202,18792854.14286
swe,20220203,19056427.42857
swe,20220204,19298817.71429
swe,20220208,19497296.42857
swz,20210330,0
swz,20210405,10131
swz,20210408,15954.33333
swz,20210419,19927.25
swz,20210420,22533.4
swz,20210422,24324.33333
swz,20210423,25639.71429
swz,20210425,30625
swz,20210513,32762.85714
swz,20210623,35149.14286
swz,20210625,37284.85714
swz,20210626,39379.85714
swz,20210706,41558
swz,20210707,44117.85714
swz,20210714,47713.85714
swz,20210718,51742.14286
swz,20210721,54793.85714
swz,20210802,57595.57143
swz,20210803,61706.42857
swz,20210804,67345.28571
swz,20210805,74844.57143
swz,20210806,83324.14286
swz,20210807,91324.28571
swz,20210809,101395.28571
swz,20210810,113222.42857
swz,20210811,125754
swz,20210812,139081.42857
swz,20210905,154023.57143
swz,20210908,167002.28571
swz,20210919,182952.57143
swz,20210922,197722.14286
swz,20210924,210694.14286
swz,20210929,222817.71429
swz,20211010,233855.14286
swz,20211011,242071.57143
swz,20211017,250695.28571
swz,20211024,256758.85714
swz,20211029,261734.28571
swz,20211101,267363.42857
swz,20211108,272747
swz,20211111,277718.57143
swz,20211124,283488.42857
swz,20211203,291637.85714
swz,20211208,301742.42857
swz,20211214,316118.57143
swz,20211216,331246.85714
swz,20211223,346934.28571
swz,20211228,362114.71429
swz,20220103,376104.57143
swz,20220105,388008
swz,20220108,398473
swz,20220110,404646.85714
swz,20220113,410613.85714
swz,20220117,416865.71429
swz,20220123,425510.57143
swz,20220125,433836
swz,20220201,443079.57143
sxm,20210507,24634
sxm,20210514,25377.5
sxm,20210521,26013.33333
sxm,20210528,26773.75
sxm,20210604,27824
sxm,20210611,28859.83333
sxm,20210618,29909.71429
sxm,20210625,31860.57143
sxm,20210702,33766.14286
sxm,20210709,35810.14286
sxm,20210716,37826.57143
sxm,20210723,39543.28571
sxm,20210730,41158.57143
sxm,20210806,42628.28571
sxm,20210809,43817.71429
sxm,20210813,44906.85714
sxm,20210820,45770.14286
sxm,20210827,46466.14286
sxm,20210903,47105
sxm,20210910,47610.14286
sxm,20210917,47990.42857
sxm,20210924,48375.28571
sxm,20211001,48750.42857
sxm,20211008,49105
sxm,20211015,49416.57143
sxm,20211022,49687.42857
sxm,20211029,49943.14286
sxm,20211105,50198.28571
sxm,20211112,50461.85714
sxm,20211119,50707.85714
sxm,20211129,50933.42857
sxm,20211203,51166.71429
sxm,20211210,51399.28571
sxm,20211217,51616.85714
sxm,20211223,51811
sxm,20220107,52007.57143
sxm,20220114,53057
sxm,20220121,54188.71429
sxm,20220128,55366.14286
syc,20210109,0
syc,20210113,1000
syc,20210115,2000
syc,20210116,3250
syc,20210119,4795.2
syc,20210120,6189.83333
syc,20210122,7718.42857
syc,20210123,10340.28571
syc,20210125,12895.85714
syc,20210126,15569
syc,20210127,18224.28571
syc,20210128,20767.57143
syc,20210129,23295.85714
syc,20210201,25894.28571
syc,20210202,28455.85714
syc,20210203,30913.42857
syc,20210206,33265.28571
syc,20210208,35566.28571
syc,20210209,37801.14286
syc,20210210,40258.28571
syc,20210211,42649.71429
syc,20210213,45463.42857
syc,20210215,48485.85714
syc,20210216,51459.57143
syc,20210217,54267.71429
syc,20210218,56962.42857
syc,20210219,59390.85714
syc,20210221,61356.14286
syc,20210223,63440.14286
syc,20210225,65846.85714
syc,20210227,68625
syc,20210301,71307.85714
syc,20210303,73818.85714
syc,20210304,76198.14286
syc,20210308,78897
syc,20210310,81292
syc,20210311,83150.57143
syc,20210315,84589.28571
syc,20210318,86020.57143
syc,20210323,87964.71429
syc,20210324,90080.14286
syc,20210330,92377.85714
syc,20210401,94484.57143
syc,20210406,96750.57143
syc,20210410,99499.14286
syc,20210413,102648.28571
syc,20210419,105860.42857
syc,20210423,109380.71429
syc,20210426,112706.28571
syc,20210428,116057.57143
syc,20210429,119325
syc,20210503,122035.28571
syc,20210505,124424.57143
syc,20210512,126440.42857
syc,20210515,127923.42857
syc,20210518,129113.42857
syc,20210525,130390
syc,20210602,131773.71429
syc,20210610,133127.28571
syc,20210618,134378.28571
syc,20210624,135365.14286
syc,20210630,136370.14286
syc,20210705,137436.42857
syc,20210722,138430.71429
syc,20210809,139425.57143
syc,20210916,141026.42857
syc,20211015,144128.71429
syc,20211025,148018.71429
syc,20211026,152010.14286
syc,20211103,156333.14286
syc,20211108,160489.57143
syc,20211115,164796
syc,20211117,168651.42857
syc,20211123,171323
syc,20211129,173359.57143
syc,20211210,175699.85714
syc,20211217,177620.71429
syc,20211228,179469.57143
syc,20220118,181915.71429
syr,20210301,0
syr,20210408,1250
syr,20210527,9093.66667
syr,20210606,24700
syr,20210621,41415.2
syr,20210709,56382.83333
syr,20210809,99042.42857
syr,20210822,154545.28571
syr,20210830,211795.85714
syr,20210913,284534.14286
syr,20210929,390296
syr,20211012,512467.57143
syr,20211025,633310.57143
syr,20211031,743331.42857
syr,20211115,889923.57143
syr,20211128,1035512.57143
syr,20211212,1180459
syr,20211219,1312763
syr,20211221,1425626.57143
syr,20220103,1703975.28571
syr,20220115,1968169.71429
tca,20210110,0
tca,20210329,12150
tca,20210411,16446.33333
tca,20210516,20024.75
tca,20210528,23253.8
tca,20210618,25729.83333
tca,20210702,28531.57143
tca,20210716,35152.71429
tca,20210723,38433.14286
tca,20210813,41871.42857
tca,20210903,44745
tca,20210910,46983.28571
tca,20210917,49021
tca,20211008,50317.42857
tca,20211105,51745.28571
tca,20220204,54631
tcd,20210610,5324
tcd,20210623,7152.5
tcd,20210628,8034.66667
tcd,20210705,9677
tcd,20210707,11837.2
tcd,20210715,13940.83333
tcd,20210721,16065
tcd,20210729,19587.28571
tcd,20210805,23471.85714
tcd,20210812,27879
tcd,20210819,32277
tcd,20210828,36736.85714
tcd,20210830,41185.28571
tcd,20210902,46822
tcd,20210909,53430.85714
tcd,20210912,62306.42857
tcd,20210915,71457.57143
tcd,20210919,82552.14286
tcd,20210926,95530.85714
tcd,20210929,109594.28571
tcd,20211006,124582.42857
tcd,20211011,139883.71429
tcd,20211013,153189
tcd,20211017,166733.14286
tcd,20211024,181180
tcd,20211031,193222.14286
tcd,20211103,203933.14286
tcd,20211107,212625.42857
tcd,20211110,220388.85714
tcd,20211114,227647.71429
tcd,20211121,234809.85714
tcd,20211127,239729.57143
tcd,20211205,246612.85714
tcd,20211212,254741.85714
tcd,20220116,274873.57143
tcd,20220130,296939.57143
tgo,20210309,0
tgo,20210324,21046
tgo,20210408,41615
tgo,20210413,56211.25
tgo,20210417,76969
tgo,20210531,116130.5
tgo,20210608,145064.14286
tgo,20210610,194670.71429
tgo,20210719,253544.42857
tgo,20210803,309547.71429
tgo,20210820,371764.57143
tgo,20210905,442041.85714
tgo,20210917,516453.85714
tgo,20210924,613449
tgo,20211001,724652.57143
tgo,20211008,833340.71429
tgo,20211015,949394.71429
tgo,20211029,1069389.42857
tgo,20211105,1178098.42857
tgo,20211112,1266776.71429
tgo,20211119,1339646.71429
tgo,20211126,1416706.14286
tgo,20211203,1518979
tgo,20211210,1643565.14286
tgo,20211217,1774910.71429
tgo,20211224,1912695.71429
tgo,20211231,2049845.57143
tgo,20220107,2183982.85714
tgo,20220114,2300493.85714
tgo,20220121,2383980.42857
tha,20210227,0
tha,20210301,159.5
tha,20210302,2527
tha,20210310,10300.5
tha,20210313,19008.8
tha,20210324,32849
tha,20210330,53938.71429
tha,20210401,83173.28571
tha,20210402,116253.71429
tha,20210403,150109.71429
tha,20210404,182090.14286
tha,20210405,216524.28571
tha,20210406,248229.85714
tha,20210407,278412
tha,20210408,315802.28571
tha,20210409,359444.85714
tha,20210410,403893.71429
tha,20210411,448546.28571
tha,20210412,489067.85714
tha,20210413,525541.57143
tha,20210415,553295.85714
tha,20210416,573136.57143
tha,20210417,583299.57143
tha,20210418,592326.28571
tha,20210419,606063.14286
tha,20210420,625217.14286
tha,20210421,666007.85714
tha,20210422,720121.14286
tha,20210423,790147.71429
tha,20210424,863809.42857
tha,20210425,939678.42857
tha,20210426,1019795.85714
tha,20210427,1100810.57143
tha,20210428,1169354.28571
tha,20210429,1233181.28571
tha,20210430,1287700.28571
tha,20210501,1339187.71429
tha,20210502,1387365
tha,20210503,1426162.85714
tha,20210504,1468071.71429
tha,20210505,1504812.71429
tha,20210506,1539122.42857
tha,20210507,1575323.85714
tha,20210508,1612346
tha,20210509,1658487
tha,20210510,1715606.57143
tha,20210511,1767390.85714
tha,20210512,1830038
tha,20210513,1897602.28571
tha,20210516,1973862.28571
tha,20210517,2059187.28571
tha,20210518,2150008.85714
tha,20210519,2241674.85714
tha,20210520,2343487.85714
tha,20210521,2453657.28571
tha,20210522,2559422.85714
tha,20210523,2651759.42857
tha,20210524,2749376.28571
tha,20210525,2849602.28571
tha,20210526,2945140.28571
tha,20210527,3044968
tha,20210528,3143907.42857
tha,20210529,3241513
tha,20210530,3341401.28571
tha,20210531,3432907.85714
tha,20210601,3519549.42857
tha,20210603,3627079
tha,20210604,3740778.14286
tha,20210605,3838832.14286
tha,20210606,3934512.71429
tha,20210607,4080949.71429
tha,20210608,4286979.71429
tha,20210609,4528411.85714
tha,20210610,4772050.28571
tha,20210611,5033782.57143
tha,20210612,5303888.14286
tha,20210613,5585321
tha,20210614,5853355.71429
tha,20210615,6092462.42857
tha,20210616,6315325.28571
tha,20210617,6537126.71429
tha,20210618,6752557.14286
tha,20210619,6967690.85714
tha,20210620,7180681.28571
tha,20210621,7380040.14286
tha,20210622,7575400
tha,20210623,7774905.28571
tha,20210624,7980298.85714
tha,20210625,8194355.28571
tha,20210626,8404064.28571
tha,20210627,8613843.71429
tha,20210628,8829597.42857
tha,20210629,9047364.71429
tha,20210630,9265561.57143
tha,20210701,9489813
tha,20210702,9717072.14286
tha,20210703,9947894.42857
tha,20210704,10180785.14286
tha,20210705,10415273.42857
tha,20210706,10651750.14286
tha,20210707,10893453
tha,20210708,11143283.42857
tha,20210709,11400942.28571
tha,20210710,11657841
tha,20210711,11913764.57143
tha,20210712,12178022.14286
tha,20210713,12449827.57143
tha,20210714,12723270.28571
tha,20210715,12987178.71429
tha,20210716,13237833.71429
tha,20210717,13488487.14286
tha,20210718,13735541.85714
tha,20210719,13969692
tha,20210720,14194611.85714
tha,20210721,14416180.28571
tha,20210722,14639835.14286
tha,20210723,14870025
tha,20210724,15105179.57143
tha,20210725,15342634.14286
tha,20210726,15564409.28571
tha,20210727,15796114.85714
tha,20210728,16011348.14286
tha,20210729,16243139.28571
tha,20210730,16493112.71429
tha,20210731,16752559.85714
tha,20210801,17024809.57143
tha,20210802,17324688.85714
tha,20210803,17631979.85714
tha,20210804,17970604.71429
tha,20210805,18345041.85714
tha,20210806,18743395.57143
tha,20210807,19142347.14286
tha,20210808,19542812
tha,20210809,19967424.14286
tha,20210810,20415975.28571
tha,20210811,20891277.57143
tha,20210812,21302152.14286
tha,20210813,21718206.85714
tha,20210815,22163005.71429
tha,20210816,22653127.28571
tha,20210817,23145647.14286
tha,20210818,23638376.57143
tha,20210819,24142640.42857
tha,20210820,24702560.71429
tha,20210821,25222516.14286
tha,20210822,25714912.14286
tha,20210823,26216599.85714
tha,20210824,26727872.71429
tha,20210825,27251947
tha,20210826,27778533.14286
tha,20210827,28348876.85714
tha,20210828,28898464
tha,20210829,29457818
tha,20210830,30052014.28571
tha,20210901,30680920.28571
tha,20210902,31336903.57143
tha,20210903,32020870.42857
tha,20210904,32706250
tha,20210905,33407448.14286
tha,20210906,34115793.42857
tha,20210907,34810572.28571
tha,20210908,35505041.28571
tha,20210909,36183223.42857
tha,20210910,36837626.57143
tha,20210911,37468154.85714
tha,20210912,38107125
tha,20210913,38730476.71429
tha,20210914,39347298.71429
tha,20210915,39945272.57143
tha,20210916,40559954.85714
tha,20210917,41198346.85714
tha,20210918,41806570.42857
tha,20210919,42438740.42857
tha,20210920,43076696.57143
tha,20210921,43684993.14286
tha,20210922,44310123.85714
tha,20211005,46230685.14286
tha,20211006,48132705.71429
tha,20211007,50060937.85714
tha,20211008,52034229.71429
tha,20211009,54115190.14286
tha,20211010,56162122
tha,20211011,58191420.42857
tha,20211012,58921678.71429
tha,20211013,59684473.28571
tha,20211014,60426294.85714
tha,20211015,61185673.71429
tha,20211016,61875709.42857
tha,20211017,62684726.14286
tha,20211018,63463253.14286
tha,20211019,64257406
tha,20211020,65056162.14286
tha,20211021,65902341.42857
tha,20211022,66702742.85714
tha,20211023,67529102.57143
tha,20211024,68254371.57143
tha,20211025,68944087
tha,20211026,69607686.85714
tha,20211027,70245176.42857
tha,20211028,70860808.57143
tha,20211029,71500076.71429
tha,20211030,72181632.57143
tha,20211031,72911623.14286
tha,20211101,73655119.57143
tha,20211102,74367776.14286
tha,20211103,75076999.42857
tha,20211104,75793998.14286
tha,20211105,76503153.14286
tha,20211106,77192230.42857
tha,20211107,77882515.42857
tha,20211108,78566706.14286
tha,20211109,79244233.42857
tha,20211110,79922372
tha,20211111,80593951.57143
tha,20211112,81260308.28571
tha,20211113,81914107.28571
tha,20211114,82520704.14286
tha,20211115,83165460.28571
tha,20211116,83800220.14286
tha,20211117,84415998
tha,20211118,85038611.57143
tha,20211120,85754373.14286
tha,20211121,86427091.85714
tha,20211122,87073021
tha,20211123,87690719
tha,20211124,88331012.85714
tha,20211125,88959219.71429
tha,20211126,89508397.28571
tha,20211127,89983697.85714
tha,20211128,90458226.42857
tha,20211129,90939823.85714
tha,20211201,91689208.14286
tha,20211202,92433777.42857
tha,20211203,93184955.85714
tha,20211204,93920021.14286
tha,20211205,94549817.71429
tha,20211206,95125563.71429
tha,20211207,95730381
tha,20211208,96078408.42857
tha,20211209,96423543.42857
tha,20211210,96731631.14286
tha,20211211,97031567.42857
tha,20211212,97314679.14286
tha,20211213,97642145.71429
tha,20211214,97960668.85714
tha,20211215,98279724.57143
tha,20211216,98589079.28571
tha,20211217,98932773.42857
tha,20211218,99288254
tha,20211219,99646759.85714
tha,20211220,100009147.71429
tha,20211221,100382516.71429
tha,20211222,100766775.57143
tha,20211223,101166392.85714
tha,20211224,101572808
tha,20211225,101974061
tha,20211226,102375418.85714
tha,20211227,102788865.14286
tha,20211228,103209858.57143
tha,20211229,103624808.14286
tha,20211230,104004871.57143
tha,20211231,104294255.28571
tha,20220101,104564726
tha,20220102,104824386.14286
tha,20220103,105015013.28571
tha,20220104,105174636.14286
tha,20220105,105330133
tha,20220106,105519976.57143
tha,20220107,105809184.28571
tha,20220108,106119946.85714
tha,20220109,106444295.14286
tha,20220110,106839358.14286
tha,20220111,107271176.28571
tha,20220112,107722536.28571
tha,20220113,108181265.14286
tha,20220114,108648494.57143
tha,20220115,109121649
tha,20220116,109593925.71429
tha,20220117,110056999.28571
tha,20220118,110513886.57143
tha,20220119,110964901.28571
tha,20220120,111413471.57143
tha,20220121,111854207
tha,20220122,112291733.14286
tha,20220123,112730128.57143
tha,20220124,113165990.57143
tha,20220125,113593292.14286
tha,20220126,114007518.85714
tha,20220127,114409435.71429
tha,20220128,114796653.85714
tha,20220129,115179528.28571
tha,20220130,115558571.14286
tha,20220131,115912559.85714
tha,20220201,116235588
tha,20220202,116538870.14286
tha,20220203,116818060.71429
tha,20220204,117074591.85714
tha,20220205,117328733.71429
tha,20220206,117580301
tha,20220207,117831539.28571
tha,20220208,118085093.85714
tjk,20210507,69229
tjk,20210509,69873
tjk,20210516,70697.66667
tjk,20210523,71624
tjk,20210530,75654.2
tjk,20210606,79260.16667
tjk,20210613,82610.28571
tjk,20210620,91588.28571
tjk,20210627,113464.14286
tjk,20210702,145782.85714
tjk,20210704,181283.42857
tjk,20210706,217802
tjk,20210707,255172.71429
tjk,20210709,294919.71429
tjk,20210711,332865.28571
tjk,20210716,364061.57143
tjk,20210718,386030.71429
tjk,20210721,406952
tjk,20210725,427617.85714
tjk,20210728,457051.71429
tjk,20210801,517891
tjk,20210804,617371.57143
tjk,20210811,793007.71429
tjk,20210815,989888.57143
tjk,20210817,1203974.57143
tjk,20210823,1455928.71429
tjk,20210831,1776376.42857
tjk,20210905,2098441.42857
tjk,20210906,2395652.42857
tjk,20210913,2649267
tjk,20210917,2923350
tjk,20210920,3195416.14286
tjk,20210927,3464507.57143
tjk,20211003,3686621.42857
tjk,20211010,3895859.57143
tjk,20211017,4103999.57143
tjk,20211020,4288583.57143
tjk,20211027,4441461.85714
tjk,20211107,4581406.57143
tjk,20211114,4712826.42857
tjk,20211121,4845538.42857
tjk,20211128,4996003.57143
tjk,20211205,5150220.85714
tjk,20211219,5371432.28571
tjk,20211226,5626570.57143
tjk,20220102,5918151.28571
tjk,20220116,6310302.14286
tjk,20220123,6694077.14286
tjk,20220130,7083515.28571
tkl,20210621,0
tkl,20210802,476.5
tkl,20210816,640.33333
tkl,20211012,964.25
tkm,20210228,51746
tkm,20210829,3816361
ton,20210420,2287
ton,20210621,15477
ton,20210720,22196.33333
ton,20210727,26525
ton,20210802,30730.6
ton,20210823,34712
ton,20210831,39525.14286
ton,20210921,49713.14286
ton,20211005,56261.14286
ton,20211018,62607.85714
ton,20211025,69035.71429
ton,20211101,75343.42857
ton,20211115,82193.28571
ton,20211122,89100.28571
ton,20211130,95469.14286
ton,20211206,101902.28571
ton,20211220,109070
ton,20220104,116536.71429
ton,20220111,123171.14286
ton,20220118,128330.57143
tto,20210215,0
tto,20210222,220
tto,20210227,477
tto,20210408,1552
tto,20210415,3859
tto,20210416,5786.66667
tto,20210417,7304.85714
tto,20210418,9656.57143
tto,20210419,12121.57143
tto,20210420,14762.14286
tto,20210421,17112.71429
tto,20210422,18684
tto,20210423,20437.14286
tto,20210424,22493.42857
tto,20210425,25049.28571
tto,20210426,28457
tto,20210427,31627.57143
tto,20210428,34606.28571
tto,20210429,37187.42857
tto,20210430,39295.71429
tto,20210501,40959.57143
tto,20210502,42117
tto,20210503,42582.85714
tto,20210504,43984.28571
tto,20210505,45907.85714
tto,20210506,48203.57143
tto,20210507,50650.85714
tto,20210508,53261.85714
tto,20210509,55928.28571
tto,20210510,58290.42857
tto,20210511,59745.71429
tto,20210512,60633.85714
tto,20210513,61148.14286
tto,20210514,61471.28571
tto,20210515,61631
tto,20210516,61735.28571
tto,20210517,61807.42857
tto,20210518,61995.85714
tto,20210519,62170.28571
tto,20210520,62336.14286
tto,20210521,62577.71429
tto,20210522,63144.57143
tto,20210523,63948.57143
tto,20210524,64899
tto,20210525,66372.42857
tto,20210526,68341
tto,20210527,70694.71429
tto,20210528,73914.71429
tto,20210529,77661.28571
tto,20210530,81517.57143
tto,20210531,85424.28571
tto,20210601,89201.28571
tto,20210602,93244.14286
tto,20210603,97287.71429
tto,20210604,100889.14286
tto,20210605,104217.14286
tto,20210606,107829.14286
tto,20210607,112042.57143
tto,20210608,116783.71429
tto,20210609,122130.57143
tto,20210610,128401
tto,20210611,135318.14286
tto,20210612,142274.28571
tto,20210613,149475.42857
tto,20210614,157292.42857
tto,20210615,164807.71429
tto,20210616,171950.85714
tto,20210617,179044.28571
tto,20210618,186299.85714
tto,20210619,193722.42857
tto,20210620,200269.14286
tto,20210621,206327.71429
tto,20210622,211994.14286
tto,20210623,218123.42857
tto,20210624,224366.28571
tto,20210625,231132.14286
tto,20210626,238537
tto,20210627,247063.28571
tto,20210628,255855.14286
tto,20210629,265513
tto,20210630,275105.57143
tto,20210701,284648.28571
tto,20210702,293467.14286
tto,20210703,301713.42857
tto,20210704,309896.71429
tto,20210705,317897.71429
tto,20210706,325246.57143
tto,20210707,332235.28571
tto,20210708,339488.28571
tto,20210709,346039
tto,20210710,351834
tto,20210711,356570.57143
tto,20210712,360297.85714
tto,20210713,363950.57143
tto,20210714,366881.71429
tto,20210715,368787.57143
tto,20210716,371761.28571
tto,20210717,377364
tto,20210718,384386.14286
tto,20210719,392964.57143
tto,20210720,402700.85714
tto,20210721,414612
tto,20210722,428502.14286
tto,20210723,443042.28571
tto,20210724,457657.85714
tto,20210725,472156.71429
tto,20210726,487194.14286
tto,20210727,502106.14286
tto,20210728,515952.14286
tto,20210729,529144.14286
tto,20210730,541428
tto,20210731,552267
tto,20210801,562404
tto,20210802,570890.28571
tto,20210803,578217.71429
tto,20210804,585312.85714
tto,20210805,591780.85714
tto,20210806,598777.57143
tto,20210807,606642.14286
tto,20210808,614860
tto,20210809,623195.14286
tto,20210810,633812.42857
tto,20210811,646096.85714
tto,20210812,660266.57143
tto,20210813,675394.14286
tto,20210814,690170.85714
tto,20210815,706669.28571
tto,20210816,724577.57143
tto,20210817,741689.42857
tto,20210818,757813.85714
tto,20210819,772603.42857
tto,20210820,786873.14286
tto,20210821,801476.14286
tto,20210822,814368.42857
tto,20210823,825969.85714
tto,20210824,836804.71429
tto,20210825,846977.28571
tto,20210826,856451.14286
tto,20210827,864654.57143
tto,20210828,871710.85714
tto,20210829,878568.42857
tto,20210830,885236.42857
tto,20210831,891670.71429
tto,20210901,897182
tto,20210902,902590.85714
tto,20210903,907939.57143
tto,20210904,913081.85714
tto,20210905,918208
tto,20210906,923138.85714
tto,20210907,928387.85714
tto,20210908,934469
tto,20210909,940843
tto,20210910,947587.28571
tto,20210911,955008.42857
tto,20210912,962333.57143
tto,20210913,969812.57143
tto,20210914,977261.14286
tto,20210915,984536
tto,20210916,991334
tto,20210917,997631.42857
tto,20210918,1003126.85714
tto,20210919,1008248
tto,20210920,1012966.14286
tto,20210921,1017394.71429
tto,20210922,1021475.14286
tto,20210923,1025409.28571
tto,20210924,1029250.85714
tto,20210925,1032365.85714
tto,20210926,1035724.14286
tto,20210927,1039266.42857
tto,20210928,1043350.57143
tto,20210929,1048160.14286
tto,20210930,1053294.28571
tto,20211001,1058781.14286
tto,20211002,1065169
tto,20211003,1071499.14286
tto,20211004,1077946.42857
tto,20211005,1084475.71429
tto,20211006,1091180.57143
tto,20211007,1098062
tto,20211008,1105082.42857
tto,20211009,1112508.14286
tto,20211010,1120139.42857
tto,20211011,1127795.57143
tto,20211012,1135072.57143
tto,20211013,1141774.71429
tto,20211014,1148015.14286
tto,20211015,1153811.42857
tto,20211016,1158855.42857
tto,20211017,1163594
tto,20211018,1168169.42857
tto,20211019,1172475.71429
tto,20211020,1176550.71429
tto,20211021,1180522.42857
tto,20211022,1184393
tto,20211023,1188255.42857
tto,20211024,1192013.14286
tto,20211025,1195758.71429
tto,20211026,1199309.85714
tto,20211027,1202726.57143
tto,20211028,1206023.57143
tto,20211029,1209197.28571
tto,20211030,1212390.28571
tto,20211031,1215569.28571
tto,20211101,1218606.85714
tto,20211102,1221592.57143
tto,20211103,1224569.42857
tto,20211104,1227512.14286
tto,20211105,1229999.71429
tto,20211106,1232531.28571
tto,20211107,1235096.14286
tto,20211108,1237710.14286
tto,20211109,1240225.71429
tto,20211110,1242679
tto,20211111,1245205.42857
tto,20211112,1248246.85714
tto,20211113,1251223.57143
tto,20211114,1254102.14286
tto,20211115,1256997.28571
tto,20211116,1259995
tto,20211117,1263051.71429
tto,20211118,1266046.14286
tto,20211119,1269010.85714
tto,20211120,1271976
tto,20211121,1274984.14286
tto,20211122,1277980.57143
tto,20211123,1281011.71429
tto,20211124,1284090.85714
tto,20211125,1287180.42857
tto,20211126,1290221.85714
tto,20211127,1293332
tto,20211128,1296568.42857
tto,20211129,1299874.42857
tto,20211130,1303240.57143
tto,20211201,1306724
tto,20211202,1310255
tto,20211203,1313806.85714
tto,20211204,1317256.28571
tto,20211205,1320565.85714
tto,20211206,1323829.71429
tto,20211207,1326881.71429
tto,20211208,1329810.28571
tto,20211209,1332602.71429
tto,20211210,1335308.14286
tto,20211211,1337910.57143
tto,20211212,1340451.57143
tto,20211213,1342926.14286
tto,20211214,1345630.14286
tto,20211215,1348395
tto,20211216,1351381.71429
tto,20211217,1354530
tto,20211218,1357811.14286
tto,20211219,1361178.28571
tto,20211220,1364608.71429
tto,20211221,1368314.14286
tto,20211222,1372090.42857
tto,20211223,1375782.71429
tto,20211224,1379313
tto,20211225,1382386.14286
tto,20211226,1385223.28571
tto,20211227,1387930
tto,20211228,1389630.14286
tto,20211229,1391460.14286
tto,20211230,1393513.14286
tto,20211231,1396058.28571
tto,20220101,1398651
tto,20220102,1401243.71429
tto,20220103,1403836.42857
tto,20220104,1407178.71429
tto,20220105,1410384.28571
tto,20220106,1413438.14286
tto,20220107,1416236.85714
tto,20220108,1419524.28571
tto,20220109,1423235.42857
tto,20220111,1427646.14286
tto,20220112,1431877.57143
tto,20220113,1435859.85714
tto,20220114,1439671.85714
tto,20220115,1443251.28571
tto,20220116,1446424.71429
tto,20220117,1449202.28571
tto,20220118,1451593.28571
tto,20220119,1453780.42857
tto,20220120,1455886.14286
tto,20220121,1457878.57143
tto,20220122,1459773.14286
tto,20220123,1461587
tto,20220124,1463393.85714
tto,20220125,1465276.42857
tto,20220126,1467155.71429
tto,20220127,1468971
tto,20220128,1470758.28571
tto,20220129,1472620.14286
tto,20220130,1474528.42857
tto,20220201,1476823.71429
tto,20220202,1479027.28571
tto,20220203,1481171.14286
tto,20220204,1483261.42857
tto,20220205,1485374.71429
tto,20220206,1487287.28571
tun,20210312,0
tun,20210313,371.5
tun,20210314,939.66667
tun,20210315,1343.5
tun,20210319,2447
tun,20210321,4121.83333
tun,20210322,6107.28571
tun,20210323,9255.85714
tun,20210325,13724.85714
tun,20210326,18978.71429
tun,20210327,24943.85714
tun,20210329,31547.85714
tun,20210402,39872.57143
tun,20210403,48746.85714
tun,20210404,58247.28571
tun,20210405,67680.28571
tun,20210406,77118.71429
tun,20210407,86824.85714
tun,20210408,97066.28571
tun,20210409,105581.28571
tun,20210410,114551.57143
tun,20210411,123995
tun,20210412,133714.42857
tun,20210413,143788.28571
tun,20210414,153898.42857
tun,20210415,163447.85714
tun,20210418,177094.42857
tun,20210419,190875.28571
tun,20210420,204878.85714
tun,20210421,219060.57143
tun,20210422,233982.14286
tun,20210423,249703.28571
tun,20210424,266130
tun,20210425,279574.14286
tun,20210426,292945.85714
tun,20210427,306266.14286
tun,20210428,319606.28571
tun,20210430,332776.71429
tun,20210501,348104
tun,20210502,363702.42857
tun,20210503,378627.57143
tun,20210504,392895.85714
tun,20210505,406978.14286
tun,20210506,421095.57143
tun,20210507,436334.42857
tun,20210508,450478
tun,20210509,465154.71429
tun,20210510,481282.57143
tun,20210515,500950.42857
tun,20210516,523161.71429
tun,20210517,547524.42857
tun,20210518,572856.14286
tun,20210519,599256.71429
tun,20210521,630703.71429
tun,20210522,663328.14286
tun,20210523,694474.57143
tun,20210524,724359.42857
tun,20210525,753461.85714
tun,20210526,781655.42857
tun,20210527,809031.85714
tun,20210528,831952.14286
tun,20210529,854393.14286
tun,20210530,876386.57143
tun,20210531,897784.85714
tun,20210601,919473.85714
tun,20210602,942820.71429
tun,20210603,967961.85714
tun,20210604,994968.85714
tun,20210605,1023997.14286
tun,20210606,1055053.14286
tun,20210607,1088473.71429
tun,20210608,1122747.42857
tun,20210609,1156356.71429
tun,20210610,1188220.14286
tun,20210611,1220231
tun,20210612,1251924.28571
tun,20210613,1283594.28571
tun,20210614,1314031.42857
tun,20210615,1343989.42857
tun,20210616,1373654.42857
tun,20210617,1403895.57143
tun,20210618,1433275.71429
tun,20210619,1462412.85714
tun,20210620,1491204.14286
tun,20210621,1520303.57143
tun,20210622,1549344.42857
tun,20210623,1578212.28571
tun,20210624,1606671
tun,20210625,1633494.14286
tun,20210626,1659950.28571
tun,20210627,1685961.42857
tun,20210628,1712214.71429
tun,20210629,1738625.57143
tun,20210630,1764739.28571
tun,20210701,1792643
tun,20210702,1822143.42857
tun,20210703,1851484.71429
tun,20210704,1881028
tun,20210705,1910447.85714
tun,20210706,1939499
tun,20210707,1969189.42857
tun,20210708,1998003.71429
tun,20210709,2027086.42857
tun,20210710,2055028.42857
tun,20210711,2081343.57143
tun,20210712,2106893.28571
tun,20210713,2132920.57143
tun,20210714,2158957
tun,20210715,2185605
tun,20210716,2212605.42857
tun,20210717,2242541
tun,20210718,2275246.14286
tun,20210719,2309854.28571
tun,20210725,2368840.57143
tun,20210726,2430083.28571
tun,20210802,2525141.57143
tun,20210804,2640357.28571
tun,20210807,2775434.42857
tun,20210808,2919357.28571
tun,20210813,3148238
tun,20210814,3356208.57143
tun,20210816,3645768
tun,20210817,3903278.42857
tun,20210818,4141976.57143
tun,20210819,4362106.14286
tun,20210820,4576190.28571
tun,20210822,4712479.14286
tun,20210823,4847767.71429
tun,20210824,4899850.14286
tun,20210825,4949677.14286
tun,20210826,5000084.57143
tun,20210827,5050961.85714
tun,20210828,5098921.71429
tun,20210829,5193071
tun,20210830,5287504.57143
tun,20210903,5392183
tun,20210904,5546370.85714
tun,20210905,5697882.14286
tun,20210906,5845805.85714
tun,20210907,5993027
tun,20210908,6086826
tun,20210910,6183629.14286
tun,20210911,6326790.28571
tun,20210912,6420829
tun,20210914,6523147.71429
tun,20210915,6628149.28571
tun,20210916,6736674.85714
tun,20210918,6856686.57143
tun,20210919,6972805.57143
tun,20210920,7033194.42857
tun,20210921,7094016.71429
tun,20210922,7149168.14286
tun,20210923,7203717.42857
tun,20210924,7256216.85714
tun,20210925,7298060
tun,20210927,7412543.57143
tun,20210928,7528946.71429
tun,20211001,7653609.57143
tun,20211002,7777134.57143
tun,20211003,7899081.57143
tun,20211004,8021644.71429
tun,20211005,8143935.28571
tun,20211006,8192366
tun,20211007,8237719.57143
tun,20211008,8274843.57143
tun,20211009,8313168.57143
tun,20211010,8352530
tun,20211011,8390045.14286
tun,20211012,8427092.14286
tun,20211013,8464889
tun,20211014,8504200.71429
tun,20211015,8541144.14286
tun,20211016,8576461.57143
tun,20211017,8609451.85714
tun,20211018,8640653.42857
tun,20211019,8670256.71429
tun,20211020,8698316.14286
tun,20211021,8725922.42857
tun,20211022,8756469.85714
tun,20211023,8786116.42857
tun,20211024,8814846.71429
tun,20211025,8848132.28571
tun,20211028,8904167.14286
tun,20211029,8961867.85714
tun,20211030,9024802.71429
tun,20211101,9097379.42857
tun,20211102,9173004.14286
tun,20211103,9252074
tun,20211104,9328889.57143
tun,20211105,9385477.28571
tun,20211106,9439857.57143
tun,20211107,9490777.28571
tun,20211108,9531785.57143
tun,20211109,9571064.71429
tun,20211110,9609493.71429
tun,20211111,9647577
tun,20211112,9684072.57143
tun,20211113,9723089.42857
tun,20211114,9758494.28571
tun,20211115,9793812
tun,20211116,9827669.57143
tun,20211117,9860634.57143
tun,20211118,9891593
tun,20211119,9921933.85714
tun,20211120,9949614.57143
tun,20211122,10002544.71429
tun,20211123,10055092
tun,20211124,10107287
tun,20211125,10161636.42857
tun,20211126,10218552.71429
tun,20211127,10277454.71429
tun,20211128,10337535.57143
tun,20211129,10376700.85714
tun,20211130,10418963
tun,20211201,10462320.42857
tun,20211202,10503136
tun,20211203,10543286.28571
tun,20211204,10582781.57143
tun,20211205,10623299.42857
tun,20211206,10661361.85714
tun,20211207,10697397.28571
tun,20211208,10734825.71429
tun,20211209,10773534.42857
tun,20211210,10813593.28571
tun,20211211,10854572.14286
tun,20211212,10894723.14286
tun,20211213,10935962.71429
tun,20211214,10976751.57143
tun,20211215,11017709.85714
tun,20211216,11059136.14286
tun,20211217,11100289.85714
tun,20211218,11143453
tun,20211219,11188436.57143
tun,20211220,11235166.14286
tun,20211223,11306540.71429
tun,20211224,11378386
tun,20211226,11476568.14286
tun,20211227,11575359.57143
tun,20211228,11675018.85714
tun,20211229,11776807.28571
tun,20211230,11881525.28571
tun,20211231,11961358.42857
tun,20220101,12037834.42857
tun,20220102,12085630.14286
tun,20220104,12140561.85714
tun,20220105,12190892.28571
tun,20220106,12236140.57143
tun,20220107,12273055.42857
tun,20220108,12306893
tun,20220109,12339486.85714
tun,20220110,12371093.85714
tun,20220111,12391697.71429
tun,20220112,12410470.85714
tun,20220113,12428106.85714
tun,20220114,12445376.28571
tun,20220115,12462805.42857
tun,20220116,12480667.42857
tun,20220117,12498618
tun,20220118,12516834.57143
tun,20220119,12535324.57143
tun,20220121,12560300.57143
tun,20220122,12585345.14286
tun,20220123,12609543.85714
tun,20220124,12632733.71429
tun,20220125,12654693.28571
tun,20220126,12674750.14286
tun,20220127,12693367.71429
tun,20220128,12704353.28571
tun,20220129,12713992.71429
tun,20220130,12723135.28571
tun,20220131,12731566.42857
tun,20220201,12743319
tun,20220202,12754420
tun,20220203,12765075.71429
tun,20220204,12775377
tun,20220205,12785370.28571
tun,20220206,12795016.71429
tur,20210113,0
tur,20210114,139726
tur,20210115,298701.33333
tur,20210116,393251.75
tur,20210117,455891.6
tur,20210118,518645
tur,20210119,580357.85714
tur,20210120,730714
tur,20210121,850829.14286
tur,20210122,934480.57143
tur,20210123,1013049.14286
tur,20210124,1089935.14286
tur,20210125,1157126.71429
tur,20210126,1222789.28571
tur,20210127,1289944.57143
tur,20210128,1372418.42857
tur,20210129,1476152.57143
tur,20210130,1581006.42857
tur,20210131,1686947
tur,20210201,1806025
tur,20210202,1923019.28571
tur,20210203,2040262.14286
tur,20210204,2155009.42857
tur,20210205,2245216.71429
tur,20210206,2336767.71429
tur,20210207,2425947.57143
tur,20210208,2501362.42857
tur,20210209,2573287.57143
tur,20210210,2637835.57143
tur,20210211,2687166.85714
tur,20210212,2807817.14286
tur,20210213,2966128.42857
tur,20210214,3139643.42857
tur,20210215,3356475.42857
tur,20210216,3627629
tur,20210217,3974555.57143
tur,20210218,4410151.28571
tur,20210219,4832629.14286
tur,20210220,5236002.57143
tur,20210221,5628392.42857
tur,20210222,6007717.42857
tur,20210223,6387533.71429
tur,20210224,6729832.71429
tur,20210225,7027608.57143
tur,20210226,7304338
tur,20210227,7587375.85714
tur,20210228,7869668
tur,20210301,8146441.71429
tur,20210302,8401319.14286
tur,20210303,8643869.28571
tur,20210304,8869628.14286
tur,20210305,9077840.14286
tur,20210306,9273387.57143
tur,20210307,9469026.57143
tur,20210308,9644349.71429
tur,20210309,9808543.14286
tur,20210310,9957505.57143
tur,20210311,10092142.14286
tur,20210312,10232997.57143
tur,20210313,10381522.85714
tur,20210314,10535058.14286
tur,20210315,10715005.57143
tur,20210316,10925477.28571
tur,20210317,11180043.28571
tur,20210318,11455613
tur,20210319,11755941.57143
tur,20210320,12056865.85714
tur,20210321,12351955.42857
tur,20210322,12638289.71429
tur,20210323,12908699.85714
tur,20210324,13169788.71429
tur,20210325,13426349.85714
tur,20210326,13661588.42857
tur,20210327,13893432
tur,20210329,14163651.71429
tur,20210330,14454438.85714
tur,20210331,14775241.71429
tur,20210401,15086501.14286
tur,20210402,15385038.28571
tur,20210403,15686705.71429
tur,20210404,15976764
tur,20210405,16268808.85714
tur,20210406,16564010.71429
tur,20210407,16831168
tur,20210408,17108468
tur,20210409,17394641.42857
tur,20210410,17657846.42857
tur,20210411,17916664.85714
tur,20210412,18164579.71429
tur,20210413,18406705.85714
tur,20210414,18630675.42857
tur,20210415,18824316.28571
tur,20210416,19037372
tur,20210417,19250515.57143
tur,20210418,19461289.71429
tur,20210419,19653650.57143
tur,20210420,19828003.28571
tur,20210421,20000147.57143
tur,20210422,20183534.14286
tur,20210423,20337198.85714
tur,20210424,20498776.57143
tur,20210425,20664597.71429
tur,20210426,20853066.42857
tur,20210427,21052385.57143
tur,20210428,21288831
tur,20210429,21551573.42857
tur,20210430,21827211.14286
tur,20210501,22088731.57143
tur,20210502,22356698.85714
tur,20210503,22628083.42857
tur,20210504,22921033.71429
tur,20210505,23202616.57143
tur,20210506,23473980.42857
tur,20210507,23741716.57143
tur,20210508,24020903.28571
tur,20210509,24294051.71429
tur,20210510,24540280.42857
tur,20210511,24747360.57143
tur,20210512,24925216.57143
tur,20210513,25058724.85714
tur,20210514,25183146.85714
tur,20210515,25302300.28571
tur,20210516,25424296
tur,20210517,25557561.14286
tur,20210518,25751631
tur,20210519,25962000.28571
tur,20210520,26202157
tur,20210521,26514071.57143
tur,20210522,26818574.42857
tur,20210523,27143715
tur,20210524,27459472.28571
tur,20210525,27725284.28571
tur,20210526,27966694.71429
tur,20210527,28184134.57143
tur,20210528,28324817
tur,20210529,28465350.42857
tur,20210530,28595669.57143
tur,20210531,28739999.28571
tur,20210601,28879690.42857
tur,20210602,29043365.57143
tur,20210603,29261052.14286
tur,20210604,29487956.85714
tur,20210605,29741297
tur,20210606,30012205.42857
tur,20210607,30308602.57143
tur,20210608,30624910.14286
tur,20210609,30957807.57143
tur,20210610,31297566.57143
tur,20210611,31673921
tur,20210612,32081363.85714
tur,20210613,32537845.14286
tur,20210614,33042394
tur,20210615,33706877.85714
tur,20210616,34528557.57143
tur,20210617,35519790.28571
tur,20210618,36614956.14286
tur,20210619,37724474.42857
tur,20210620,38947430
tur,20210621,40211860.57143
tur,20210622,41331703.14286
tur,20210623,42361998.71429
tur,20210624,43274218.28571
tur,20210625,44133478.85714
tur,20210626,44974170
tur,20210627,45711273.42857
tur,20210628,46469778.85714
tur,20210629,47229967.71429
tur,20210630,48038106.85714
tur,20210701,48806742.57143
tur,20210702,49588277.14286
tur,20210703,50359748
tur,20210704,51138777.71429
tur,20210705,51882988.14286
tur,20210706,52683385.28571
tur,20210707,53426317.85714
tur,20210708,54202642
tur,20210709,54937515.71429
tur,20210710,55666587.14286
tur,20210711,56370751.28571
tur,20210712,57076387.57143
tur,20210713,57796926.14286
tur,20210714,58540248.85714
tur,20210715,59359159.14286
tur,20210716,60114683.42857
tur,20210717,60898533.85714
tur,20210718,61652389.14286
tur,20210719,62334281.57143
tur,20210720,62888803.14286
tur,20210721,63378367.14286
tur,20210722,63767519
tur,20210723,64166381.71429
tur,20210724,64553941.71429
tur,20210725,65035953
tur,20210726,65639110
tur,20210727,66397808.85714
tur,20210728,67254646.57143
tur,20210729,68217495.42857
tur,20210730,69303223.85714
tur,20210731,70373133.85714
tur,20210801,71328353
tur,20210802,72157551.71429
tur,20210803,72884649.42857
tur,20210804,73441644.14286
tur,20210805,73823079.42857
tur,20210806,74133484.57143
tur,20210807,74476571.85714
tur,20210808,74838904.85714
tur,20210809,75226716
tur,20210810,75788858.14286
tur,20210811,76546489
tur,20210812,77535507.57143
tur,20210813,78523943.28571
tur,20210814,79551260.28571
tur,20210815,80595437
tur,20210816,81660241
tur,20210817,82622962.85714
tur,20210818,83590763.14286
tur,20210819,84413557.85714
tur,20210820,85276116.71429
tur,20210821,86072952.85714
tur,20210822,86847509.71429
tur,20210823,87646862.57143
tur,20210824,88418500.71429
tur,20210825,89085332.85714
tur,20210826,89735614.42857
tur,20210827,90354409.14286
tur,20210828,90963984
tur,20210829,91570317
tur,20210830,92094200
tur,20210831,92631602.42857
tur,20210901,93173364.85714
tur,20210902,93718759.28571
tur,20210903,94288385
tur,20210904,94867075.57143
tur,20210905,95453995.71429
tur,20210906,96120175.28571
tur,20210907,96786045.57143
tur,20210908,97458720.28571
tur,20210909,98130523
tur,20210910,98797706.42857
tur,20210911,99468213
tur,20210912,100130407.42857
tur,20210913,100766123.42857
tur,20210914,101362262
tur,20210915,101925719.71429
tur,20210916,102461864.42857
tur,20210917,102968228.57143
tur,20210918,103459562.85714
tur,20210919,103939890.28571
tur,20210920,104394126.57143
tur,20210921,104831933.14286
tur,20210922,105255640.71429
tur,20210923,105666039
tur,20210924,106064193.14286
tur,20210925,106456740.14286
tur,20210926,106846662.14286
tur,20210927,107231610.85714
tur,20210928,107612732.14286
tur,20210930,108041710.57143
tur,20211001,108474856
tur,20211002,108871947.85714
tur,20211003,109256500.71429
tur,20211004,109671537
tur,20211005,110067597.14286
tur,20211006,110447181
tur,20211007,110758423.42857
tur,20211008,111060140.42857
tur,20211009,111355199.57143
tur,20211010,111644716.14286
tur,20211011,111919140.14286
tur,20211012,112185250.28571
tur,20211013,112441264.85714
tur,20211014,112690400.14286
tur,20211015,112929224.42857
tur,20211016,113163065
tur,20211017,113393222.57143
tur,20211018,113613366.57143
tur,20211019,113825452
tur,20211020,114030767.71429
tur,20211021,114229270.14286
tur,20211022,114419436.71429
tur,20211023,114605488.28571
tur,20211024,114788945.42857
tur,20211025,114970785
tur,20211026,115149199.57143
tur,20211027,115326535.42857
tur,20211028,115500252.85714
tur,20211029,115654898.57143
tur,20211030,115804272.28571
tur,20211031,115950735
tur,20211101,116094409.71429
tur,20211102,116235681.57143
tur,20211103,116374177
tur,20211104,116514838.14286
tur,20211105,116672009.71429
tur,20211106,116829367.85714
tur,20211107,116986165.14286
tur,20211108,117139891.28571
tur,20211109,117291366.14286
tur,20211110,117439297.14286
tur,20211111,117585222.57143
tur,20211112,117727472.57143
tur,20211113,117869037.85714
tur,20211114,118010252.57143
tur,20211115,118152733
tur,20211116,118296159.28571
tur,20211117,118441334.14286
tur,20211118,118584176.42857
tur,20211119,118724361.71429
tur,20211120,118862877
tur,20211121,119000117.57143
tur,20211122,119130716.42857
tur,20211123,119255616.14286
tur,20211124,119376045.42857
tur,20211125,119492493.28571
tur,20211126,119604955.85714
tur,20211127,119717261.71429
tur,20211128,119829658.71429
tur,20211129,119942195.42857
tur,20211130,120054845.14286
tur,20211201,120167807.71429
tur,20211202,120281510.57143
tur,20211203,120395934.57143
tur,20211204,120510093.85714
tur,20211205,120623799.57143
tur,20211206,120735342.28571
tur,20211207,120845362.14286
tur,20211208,120953938.57143
tur,20211209,121061534.71429
tur,20211210,121167828.28571
tur,20211211,121273971.14286
tur,20211212,121380430.14286
tur,20211213,121489230.85714
tur,20211214,121599873.57143
tur,20211215,121708484.85714
tur,20211216,121851262
tur,20211217,122081555.28571
tur,20211218,122370813.71429
tur,20211219,122714105.14286
tur,20211220,123158175.42857
tur,20211221,123704773
tur,20211222,124351712.42857
tur,20211223,125050521.28571
tur,20211224,125743369
tur,20211225,126418212.85714
tur,20211226,127074812.14286
tur,20211227,127706286.42857
tur,20211228,128307863
tur,20211229,128880170.71429
tur,20211230,129430120.14286
tur,20211231,129951733
tur,20220101,130463335.71429
tur,20220102,130971925.57143
tur,20220103,131481192.57143
tur,20220105,132084415
tur,20220106,132697472.42857
tur,20220107,133337940.42857
tur,20220108,133959644.42857
tur,20220109,134581153.71429
tur,20220110,135250277
tur,20220111,135897483.57143
tur,20220112,136425593.57143
tur,20220113,136920316.28571
tur,20220114,137378674.85714
tur,20220115,137817801.71429
tur,20220116,138239108.57143
tur,20220117,138621898.71429
tur,20220118,138970109.71429
tur,20220119,139283784.57143
tur,20220120,139567343.71429
tur,20220121,139814459.85714
tur,20220122,140042151.71429
tur,20220123,140258346.57143
tur,20220124,140452682.14286
tur,20220125,140628750.85714
tur,20220126,140795146.57143
tur,20220127,140953107.28571
tur,20220128,141103937.71429
tur,20220129,141252243
tur,20220130,141400095.14286
tur,20220131,141549099.71429
tur,20220201,141702450.14286
tur,20220202,141859111.42857
tur,20220203,142017074.28571
tur,20220204,142177543.14286
tur,20220205,142338913.42857
tur,20220206,142500560.42857
tur,20220207,142663967.28571
tur,20220208,142825733.57143
tuv,20210427,2400
tuv,20210601,2400
tuv,20210615,3190.66667
tuv,20210816,4465.25
tuv,20210826,5710.6
tuv,20210910,6569
tuv,20211022,7361.14286
twn,20210321,0
twn,20210322,789
twn,20210323,1598.66667
twn,20210324,2491.25
twn,20210325,3403.6
twn,20210326,4375
twn,20210327,5089.57143
twn,20210328,6434.14286
twn,20210329,7764.57143
twn,20210330,9111.71429
twn,20210331,10430.42857
twn,20210401,11772.85714
twn,20210402,12890.57143
twn,20210403,13990.71429
twn,20210404,15085.85714
twn,20210405,15993.57143
twn,20210406,16852
twn,20210407,17662.71429
twn,20210408,18437.42857
twn,20210409,19493.71429
twn,20210410,20576.57143
twn,20210411,21665.57143
twn,20210412,22899.42857
twn,20210413,24107.42857
twn,20210414,25310.57143
twn,20210415,26477.14286
twn,20210416,27611.28571
twn,20210417,28724.42857
twn,20210420,30081
twn,20210421,31630.85714
twn,20210422,33360.57143
twn,20210423,35364.28571
twn,20210424,37169
twn,20210426,39025.85714
twn,20210427,41273
twn,20210428,43649.57143
twn,20210429,46143.57143
twn,20210430,48809.71429
twn,20210502,51056.71429
twn,20210503,53880.28571
twn,20210504,57100.85714
twn,20210505,60787.71429
twn,20210506,65077.42857
twn,20210507,70336.42857
twn,20210509,75217.14286
twn,20210511,82973
twn,20210512,92577.57143
twn,20210513,104587
twn,20210514,120610
twn,20210516,136869.57143
twn,20210517,155348.14286
twn,20210518,177199.42857
twn,20210519,198920.28571
twn,20210520,220631.42857
twn,20210521,241752.42857
twn,20210523,258402.28571
twn,20210524,275116.57143
twn,20210525,289304.14286
twn,20210602,334592.85714
twn,20210603,385956.14286
twn,20210604,442637.71429
twn,20210606,499686.71429
twn,20210607,559989.71429
twn,20210608,621689.71429
twn,20210609,684558.42857
twn,20210610,716025.71429
twn,20210611,741025.28571
twn,20210614,766269.14286
twn,20210615,810551
twn,20210616,875306
twn,20210617,957914.71429
twn,20210618,1053595.85714
twn,20210620,1162086.14286
twn,20210621,1278836.85714
twn,20210622,1396952.71429
twn,20210623,1502234.14286
twn,20210624,1596108.57143
twn,20210625,1679485
twn,20210627,1750550.57143
twn,20210628,1810959.14286
twn,20210629,1866143.85714
twn,20210630,1917755.57143
twn,20210701,1966535.14286
twn,20210702,2029837
twn,20210704,2117463.57143
twn,20210705,2217723
twn,20210706,2328572.71429
twn,20210707,2456761.28571
twn,20210708,2610741.71429
twn,20210709,2792086.42857
twn,20210711,2976015.28571
twn,20210712,3162112.28571
twn,20210713,3370008.28571
twn,20210714,3598112.85714
twn,20210715,3841490.28571
twn,20210716,4098000.42857
twn,20210718,4360444.28571
twn,20210719,4625322.57143
twn,20210720,4890038.85714
twn,20210721,5148673
twn,20210722,5394719.28571
twn,20210723,5643780.14286
twn,20210725,5894848.28571
twn,20210726,6154708.71429
twn,20210727,6425894.14286
twn,20210728,6699342.57143
twn,20210729,6975410
twn,20210730,7265306.42857
twn,20210801,7540041.85714
twn,20210802,7787321.28571
twn,20210803,7999893.71429
twn,20210804,8184051
twn,20210805,8367816.14286
twn,20210806,8557463.14286
twn,20210808,8713381.14286
twn,20210809,8850245.42857
twn,20210810,8973198.71429
twn,20210811,9106355.71429
twn,20210812,9248555.42857
twn,20210813,9373440.14286
twn,20210815,9469202.42857
twn,20210816,9570202.14286
twn,20210817,9673455.14286
twn,20210818,9776346.42857
twn,20210819,9859393.57143
twn,20210820,9924373
twn,20210822,9969876
twn,20210823,10030181.71429
twn,20210824,10104099.85714
twn,20210825,10182117.71429
twn,20210826,10267834.85714
twn,20210827,10377087.42857
twn,20210829,10495448
twn,20210830,10618442
twn,20210831,10720154.71429
twn,20210901,10802690.28571
twn,20210902,10875130.42857
twn,20210903,10969070.85714
twn,20210905,11055018.57143
twn,20210906,11136474.85714
twn,20210907,11225030
twn,20210908,11325275.28571
twn,20210909,11465162
twn,20210910,11650492.71429
twn,20210912,11824720.14286
twn,20210913,11982881.28571
twn,20210914,12132638.85714
twn,20210915,12298327.71429
twn,20210916,12480815.57143
twn,20210917,12653696.28571
twn,20210921,12811382.28571
twn,20210922,12972321.57143
twn,20210923,13167803
twn,20210924,13401774.28571
twn,20210926,13647724
twn,20210927,13908471.42857
twn,20210928,14182676.85714
twn,20210929,14473543.14286
twn,20210930,14800846.28571
twn,20211001,15146665.14286
twn,20211003,15491879.14286
twn,20211004,15833381.14286
twn,20211005,16155950.71429
twn,20211006,16459831.28571
twn,20211007,16759855.57143
twn,20211008,17046509.28571
twn,20211011,17327031.85714
twn,20211012,17603945.71429
twn,20211013,17881965.71429
twn,20211014,18168352.14286
twn,20211015,18485005.57143
twn,20211017,18811304.42857
twn,20211018,19142375
twn,20211019,19471027.14286
twn,20211020,19817261.28571
twn,20211021,20174126.57143
twn,20211022,20558554.85714
twn,20211024,20965448
twn,20211025,21388021
twn,20211026,21818402.42857
twn,20211027,22260649.42857
twn,20211028,22707469.28571
twn,20211029,23166938.85714
twn,20211031,23617386
twn,20211101,24031492
twn,20211102,24417574.14286
twn,20211103,24783350.57143
twn,20211104,25099649.14286
twn,20211105,25389865.71429
twn,20211107,25647129.57143
twn,20211108,25886046.14286
twn,20211109,26112731.42857
twn,20211110,26329611
twn,20211111,26534211.14286
twn,20211112,26766833.85714
twn,20211114,26996723.71429
twn,20211115,27231823.71429
twn,20211116,27463106.57143
twn,20211117,27696688.57143
twn,20211118,27935960.14286
twn,20211119,28189773.28571
twn,20211122,28480574.42857
twn,20211123,28774804
twn,20211124,29061203.71429
twn,20211125,29360157
twn,20211126,29680802.85714
twn,20211128,30007361
twn,20211129,30331509.71429
twn,20211130,30621742
twn,20211201,30916180.57143
twn,20211202,31211368.28571
twn,20211203,31499775.14286
twn,20211205,31760234.57143
twn,20211206,32005219.14286
twn,20211207,32237974.14286
twn,20211208,32455813.28571
twn,20211209,32654384.71429
twn,20211210,32850962.57143
twn,20211212,33025839.28571
twn,20211213,33188155
twn,20211214,33331261.14286
twn,20211215,33455168.42857
twn,20211216,33561266.42857
twn,20211217,33662831.28571
twn,20211219,33748274.57143
twn,20211220,33824891.71429
twn,20211221,33894418.14286
twn,20211222,33962245.57143
twn,20211223,34027267.71429
twn,20211224,34099989.42857
twn,20211226,34163085.14286
twn,20211227,34225844
twn,20211228,34291607
twn,20211230,34395879.42857
twn,20211231,34498090.14286
twn,20220102,34595563.14286
twn,20220103,34683137
twn,20220104,34774645.71429
twn,20220105,34866542.71429
twn,20220106,34959863.14286
twn,20220107,35028792.14286
twn,20220112,35124057.14286
twn,20220114,35239578.85714
twn,20220116,35601335.14286
twn,20220117,36019080.14286
twn,20220118,36491038.71429
twn,20220119,37016542.57143
twn,20220120,37586464.71429
twn,20220121,38194503.57143
twn,20220123,38838855.42857
twn,20220124,39285831.14286
twn,20220125,39719870.85714
twn,20220126,40141928.42857
twn,20220127,40546789.42857
twn,20220128,40930799.14286
twn,20220206,41289215.42857
twn,20220207,41615695.57143
tza,20210808,105745
tza,20210816,162183
tza,20210828,209656.33333
tza,20210911,244742.25
tza,20211013,372909.6
tza,20211029,477693
tza,20211122,600457.57143
tza,20211206,828140.14286
tza,20211228,1144304.14286
tza,20220121,1561753.71429
uga,20210309,0
uga,20210312,507.5
uga,20210313,743.33333
uga,20210314,861.25
uga,20210315,1257.2
uga,20210316,1828.33333
uga,20210317,2698.57143
uga,20210318,4559.57143
uga,20210319,6920.71429
uga,20210320,9462.57143
uga,20210321,12650
uga,20210322,15938.42857
uga,20210323,19915.85714
uga,20210324,25419.28571
uga,20210325,30224.57143
uga,20210326,34384.71429
uga,20210327,40260.57143
uga,20210328,46856.85714
uga,20210329,54710.57143
uga,20210330,62949.14286
uga,20210404,74833.42857
uga,20210405,87890.57143
uga,20210406,101799.28571
uga,20210407,116563.85714
uga,20210408,131816.42857
uga,20210410,146121.14286
uga,20210411,160294.42857
uga,20210412,169960.85714
uga,20210413,179767.14286
uga,20210414,190748.28571
uga,20210416,199919.71429
uga,20210417,207926.14286
uga,20210418,216304.42857
uga,20210419,224380.14286
uga,20210420,232417.71429
uga,20210421,241219
uga,20210424,249135.14286
uga,20210426,260040.71429
uga,20210427,272731.57143
uga,20210428,285654.42857
uga,20210501,299035.57143
uga,20210502,311643.71429
uga,20210503,325395.85714
uga,20210504,339535.42857
uga,20210505,351391.71429
uga,20210506,361505.42857
uga,20210507,370895.14286
uga,20210508,379486.42857
uga,20210509,388508.28571
uga,20210511,396190
uga,20210512,403019.85714
uga,20210514,409202.28571
uga,20210516,417956
uga,20210517,428101.42857
uga,20210519,440850
uga,20210521,455395
uga,20210522,468964.14286
uga,20210523,484330
uga,20210524,500225.42857
uga,20210526,516188.42857
uga,20210527,531933.14286
uga,20210529,547210
uga,20210530,567291.42857
uga,20210531,590013.85714
uga,20210601,610932.57143
uga,20210602,634512.14286
uga,20210605,660728.28571
uga,20210608,686532.28571
uga,20210610,712515.28571
uga,20210612,732344.28571
uga,20210613,751116
uga,20210614,769551
uga,20210615,784621.28571
uga,20210616,795047.42857
uga,20210617,804189.57143
uga,20210619,811809.71429
uga,20210620,818682.71429
uga,20210622,824087.28571
uga,20210623,829360.14286
uga,20210626,835376.42857
uga,20210627,840059.85714
uga,20210628,844969.28571
uga,20210629,849326.28571
uga,20210701,871702.14286
uga,20210703,898188.85714
uga,20210704,928911
uga,20210710,960724
uga,20210712,992938.28571
uga,20210713,1025703.57143
uga,20210718,1057918.85714
uga,20210719,1073708.71429
uga,20210721,1085098.14286
uga,20210722,1092637.14286
uga,20210728,1100939
uga,20210730,1110056.14286
uga,20210803,1119383.85714
uga,20210805,1128772.71429
uga,20210820,1137632.71429
uga,20210821,1164913.28571
uga,20210901,1211398.57143
uga,20210922,1343329.57143
uga,20211007,1553621.57143
uga,20211014,1788333.14286
uga,20211021,2050852.14286
uga,20211028,2351726
uga,20211104,2681287.85714
uga,20211110,3033064.14286
uga,20211115,3417759.71429
uga,20211209,4160240.14286
uga,20211220,5155864.85714
uga,20220106,6455139.28571
uga,20220110,7733787.57143
uga,20220123,9018799.28571
uga,20220131,10306369.85714
uga,20220207,11766637.14286
ukr,20210224,159
ukr,20210225,748.5
ukr,20210226,1516
ukr,20210227,1922.25
ukr,20210228,2166
ukr,20210301,2622.5
ukr,20210302,3231.85714
ukr,20210303,4576
ukr,20210304,6167.85714
ukr,20210305,7983.14286
ukr,20210306,9968.28571
ukr,20210307,12083.42857
ukr,20210308,14113.85714
ukr,20210309,16484.14286
ukr,20210310,19314.14286
ukr,20210311,22993.57143
ukr,20210312,27534
ukr,20210313,32405.42857
ukr,20210314,37435.14286
ukr,20210315,43573
ukr,20210316,50493.42857
ukr,20210317,57975.85714
ukr,20210318,65758.28571
ukr,20210319,73872.71429
ukr,20210320,82040.28571
ukr,20210321,90307.42857
ukr,20210322,98856.85714
ukr,20210323,108157.28571
ukr,20210324,118704.71429
ukr,20210325,130363.42857
ukr,20210326,142923.71429
ukr,20210327,155576.57143
ukr,20210328,168068
ukr,20210329,181063.57143
ukr,20210330,194569.28571
ukr,20210331,207876.28571
ukr,20210401,221234.57143
ukr,20210402,234717.85714
ukr,20210403,248101.57143
ukr,20210404,261438.57143
ukr,20210405,274550.28571
ukr,20210406,287221.57143
ukr,20210407,299484.71429
ukr,20210408,311672.42857
ukr,20210409,324009.28571
ukr,20210410,336364.57143
ukr,20210411,348713.85714
ukr,20210412,360674.42857
ukr,20210413,372573.14286
ukr,20210414,384676.28571
ukr,20210415,396058.14286
ukr,20210416,406466.57143
ukr,20210417,416772.85714
ukr,20210418,427113
ukr,20210419,437740.14286
ukr,20210420,448351.57143
ukr,20210421,458720.14286
ukr,20210422,469467.14286
ukr,20210423,480399.14286
ukr,20210424,491502.28571
ukr,20210425,502557
ukr,20210426,513462.57143
ukr,20210427,525017.85714
ukr,20210428,544633.85714
ukr,20210429,572422.28571
ukr,20210430,605303
ukr,20210501,637916.57143
ukr,20210502,670396.28571
ukr,20210503,701421.57143
ukr,20210504,730137.57143
ukr,20210505,752285.71429
ukr,20210506,769375.42857
ukr,20210507,784473.85714
ukr,20210508,799884
ukr,20210509,815412.28571
ukr,20210510,831122.71429
ukr,20210511,848953
ukr,20210512,866196.42857
ukr,20210513,881099.85714
ukr,20210514,894230.71429
ukr,20210515,907550.28571
ukr,20210516,921045
ukr,20210517,936688
ukr,20210518,952448.71429
ukr,20210519,967860.42857
ukr,20210520,982890.14286
ukr,20210521,997054.85714
ukr,20210522,1010839.42857
ukr,20210523,1024494.71429
ukr,20210524,1037696.28571
ukr,20210525,1050512
ukr,20210526,1062926
ukr,20210527,1074965.71429
ukr,20210528,1086895.71429
ukr,20210529,1099552.71429
ukr,20210530,1112901.57143
ukr,20210531,1126233.42857
ukr,20210601,1139922
ukr,20210602,1156374.85714
ukr,20210603,1177763
ukr,20210604,1204954.71429
ukr,20210605,1236647.71429
ukr,20210606,1271011
ukr,20210607,1310263.42857
ukr,20210608,1354412.57143
ukr,20210609,1401574.85714
ukr,20210610,1449235.57143
ukr,20210611,1497556.57143
ukr,20210612,1545130.28571
ukr,20210613,1592326.71429
ukr,20210614,1639794
ukr,20210615,1688608.42857
ukr,20210616,1740417.85714
ukr,20210617,1796139.28571
ukr,20210618,1852580.57143
ukr,20210619,1907698
ukr,20210620,1960268.42857
ukr,20210621,2006968.71429
ukr,20210622,2052411.14286
ukr,20210623,2098337.42857
ukr,20210624,2146329.85714
ukr,20210625,2198612.14286
ukr,20210626,2253474
ukr,20210627,2310370.28571
ukr,20210628,2368423.57143
ukr,20210629,2430455.57143
ukr,20210630,2494382
ukr,20210701,2557563.14286
ukr,20210702,2620375.28571
ukr,20210703,2682501.28571
ukr,20210704,2745446.14286
ukr,20210705,2816415.14286
ukr,20210706,2889086.57143
ukr,20210707,2963400
ukr,20210708,3040313.57143
ukr,20210709,3120100.42857
ukr,20210710,3200380.28571
ukr,20210711,3280944.85714
ukr,20210712,3362929.85714
ukr,20210713,3446013.71429
ukr,20210714,3529680.28571
ukr,20210715,3614520.57143
ukr,20210716,3698859.42857
ukr,20210717,3784359.28571
ukr,20210718,3871404.42857
ukr,20210719,3958140.71429
ukr,20210720,4044699.42857
ukr,20210721,4132876.85714
ukr,20210722,4224206.42857
ukr,20210723,4321468.14286
ukr,20210724,4421749.28571
ukr,20210725,4523728.14286
ukr,20210726,4632147.14286
ukr,20210727,4746755.42857
ukr,20210728,4864771.85714
ukr,20210729,4984332.85714
ukr,20210730,5103523.14286
ukr,20210731,5222274.57143
ukr,20210801,5339457.85714
ukr,20210802,5456507.57143
ukr,20210803,5574975.85714
ukr,20210804,5695611.85714
ukr,20210805,5818695
ukr,20210806,5944709.85714
ukr,20210807,6072219.85714
ukr,20210808,6201639.14286
ukr,20210809,6333179.42857
ukr,20210810,6466779
ukr,20210811,6600796.85714
ukr,20210812,6734232.85714
ukr,20210813,6866410.28571
ukr,20210814,6998185.28571
ukr,20210815,7129906.42857
ukr,20210816,7259288.85714
ukr,20210817,7381660
ukr,20210818,7498024.71429
ukr,20210819,7609491.85714
ukr,20210820,7718862.71429
ukr,20210821,7826808.57143
ukr,20210822,7933561.14286
ukr,20210823,8032855.14286
ukr,20210824,8118169.85714
ukr,20210825,8209542.57143
ukr,20210826,8307259.28571
ukr,20210827,8407752.14286
ukr,20210828,8511301.28571
ukr,20210829,8614673.57143
ukr,20210830,8729339.42857
ukr,20210831,8863478.14286
ukr,20210901,8991418.57143
ukr,20210902,9116407.14286
ukr,20210903,9241529.71429
ukr,20210904,9364037
ukr,20210905,9486588.57143
ukr,20210906,9606774.42857
ukr,20210907,9725898.71429
ukr,20210908,9851044
ukr,20210909,9979166.85714
ukr,20210910,10109580.85714
ukr,20210911,10240735.42857
ukr,20210912,10372370.14286
ukr,20210913,10504190.71429
ukr,20210914,10634893.85714
ukr,20210915,10759542.28571
ukr,20210916,10876946.57143
ukr,20210917,10987069.71429
ukr,20210918,11094930.14286
ukr,20210919,11201487.85714
ukr,20210920,11304261.71429
ukr,20210921,11403351.14286
ukr,20210922,11506152.28571
ukr,20210923,11613342.28571
ukr,20210924,11724310.14286
ukr,20210925,11836080.28571
ukr,20210926,11948011
ukr,20210927,12061462
ukr,20210928,12177233.14286
ukr,20210929,12290323.57143
ukr,20210930,12399971.85714
ukr,20211001,12505201
ukr,20211002,12608825.71429
ukr,20211003,12711989.14286
ukr,20211004,12812431.57143
ukr,20211005,12910729.42857
ukr,20211006,13008498
ukr,20211007,13106002.57143
ukr,20211008,13206459.28571
ukr,20211009,13308782.14286
ukr,20211010,13411838.71429
ukr,20211011,13518166.57143
ukr,20211012,13629561.42857
ukr,20211013,13746969
ukr,20211014,13851121.14286
ukr,20211015,13955230.85714
ukr,20211016,14061733
ukr,20211017,14170640.42857
ukr,20211018,14289524.85714
ukr,20211019,14418964.14286
ukr,20211020,14560813
ukr,20211021,14736200.28571
ukr,20211022,14931734.71429
ukr,20211023,15140830.57143
ukr,20211024,15356417
ukr,20211025,15580839.28571
ukr,20211026,15814505.28571
ukr,20211027,16053990
ukr,20211028,16296271.14286
ukr,20211029,16542515.28571
ukr,20211030,16788764.42857
ukr,20211031,17037368.85714
ukr,20211101,17288600
ukr,20211102,17542566.28571
ukr,20211103,17797573.57143
ukr,20211104,18049877.85714
ukr,20211105,18296711.85714
ukr,20211106,18536923.14286
ukr,20211107,18772458
ukr,20211108,19003297.57143
ukr,20211109,19227988.85714
ukr,20211110,19449512.28571
ukr,20211111,19672295.14286
ukr,20211112,19898069
ukr,20211113,20125819.28571
ukr,20211114,20355325.28571
ukr,20211115,20588781
ukr,20211116,20826158.71429
ukr,20211117,21066498.57143
ukr,20211118,21309007.57143
ukr,20211119,21553154
ukr,20211120,21798311.85714
ukr,20211121,22043820.14286
ukr,20211122,22289638.42857
ukr,20211123,22534209
ukr,20211124,22775563.42857
ukr,20211125,23013997.14286
ukr,20211126,23247925.14286
ukr,20211127,23480018.14286
ukr,20211128,23711274.57143
ukr,20211129,23936216.85714
ukr,20211130,24153637.71429
ukr,20211201,24361025.57143
ukr,20211202,24558818.42857
ukr,20211203,24747518.85714
ukr,20211204,24932388
ukr,20211205,25113946.71429
ukr,20211206,25290176.71429
ukr,20211207,25461591.57143
ukr,20211208,25629250.42857
ukr,20211209,25789911.85714
ukr,20211210,25943749
ukr,20211211,26093386
ukr,20211212,26240522.14286
ukr,20211213,26379227.42857
ukr,20211214,26509812.14286
ukr,20211215,26635272.57143
ukr,20211216,26757197.14286
ukr,20211217,26874627.85714
ukr,20211218,26989117.42857
ukr,20211219,27101140.71429
ukr,20211220,27210438.14286
ukr,20211221,27316314.71429
ukr,20211222,27418512.14286
ukr,20211223,27517868.42857
ukr,20211224,27614285.28571
ukr,20211225,27705736.14286
ukr,20211226,27796213.14286
ukr,20211227,27877414.14286
ukr,20211228,27960109.71429
ukr,20211229,28042489
ukr,20211230,28122984
ukr,20211231,28194208.28571
ukr,20220101,28261446
ukr,20220102,28324510.85714
ukr,20220103,28386176.14286
ukr,20220104,28443641.57143
ukr,20220105,28498993.14286
ukr,20220106,28549621
ukr,20220107,28592901.57143
ukr,20220108,28639674
ukr,20220109,28689046.42857
ukr,20220110,28745902.42857
ukr,20220111,28801701
ukr,20220112,28855590
ukr,20220113,28911045.57143
ukr,20220114,28977019
ukr,20220115,29044043.85714
ukr,20220116,29111177.85714
ukr,20220117,29175133.71429
ukr,20220118,29235419.42857
ukr,20220119,29291779.42857
ukr,20220120,29346190.28571
ukr,20220121,29399327.71429
ukr,20220122,29451964
ukr,20220123,29504336.14286
ukr,20220124,29554692.71429
ukr,20220125,29603901.85714
ukr,20220126,29653011.85714
ukr,20220127,29700873
ukr,20220128,29746830.28571
ukr,20220129,29792101.42857
ukr,20220130,29836952.85714
ukr,20220131,29881353.14286
ukr,20220201,29924826.57143
ukr,20220202,29967287.57143
ukr,20220203,30009250.42857
ukr,20220204,30051309.85714
ukr,20220205,30093494.71429
ukr,20220206,30135621.28571
ukr,20220207,30177690.71429
ukr,20220208,30219730.71429
ury,20210227,383
ury,20210228,391.5
ury,20210301,6411.33333
ury,20210302,13110.75
ury,20210303,21394.2
ury,20210304,28414.83333
ury,20210305,34745.28571
ury,20210306,45083
ury,20210307,55420.28571
ury,20210308,67201.85714
ury,20210309,79996.71429
ury,20210310,93344.42857
ury,20210311,108611.57143
ury,20210312,125810.57143
ury,20210313,144495.57143
ury,20210314,163181
ury,20210315,179455.85714
ury,20210316,193564.57143
ury,20210317,205204.71429
ury,20210318,218860.57143
ury,20210319,234461.14286
ury,20210320,250361
ury,20210321,266261.71429
ury,20210322,286085
ury,20210323,310159.57143
ury,20210324,338160.71429
ury,20210325,367157
ury,20210326,396845.85714
ury,20210327,426629.42857
ury,20210328,456412
ury,20210329,488418.57143
ury,20210330,522682
ury,20210331,560166.57143
ury,20210401,598307.71429
ury,20210402,637585.28571
ury,20210403,676748.85714
ury,20210404,715913.85714
ury,20210405,752803
ury,20210406,788537.28571
ury,20210407,822593
ury,20210408,856751.42857
ury,20210409,889576.85714
ury,20210410,924505.71429
ury,20210411,959485.71429
ury,20210412,996590
ury,20210413,1035572.71429
ury,20210414,1076210.57143
ury,20210415,1118983.57143
ury,20210416,1165058.85714
ury,20210417,1212299.71429
ury,20210418,1261788.57143
ury,20210419,1309236
ury,20210420,1355052.28571
ury,20210421,1399300.57143
ury,20210422,1441778
ury,20210423,1482592.28571
ury,20210424,1521564.14286
ury,20210425,1558310.14286
ury,20210426,1595967
ury,20210427,1633517.85714
ury,20210428,1670723
ury,20210429,1707196.85714
ury,20210430,1743189.42857
ury,20210501,1776016.85714
ury,20210502,1808803
ury,20210503,1839784.71429
ury,20210504,1869183.28571
ury,20210505,1896889.42857
ury,20210506,1923226.85714
ury,20210507,1945463
ury,20210508,1968695.71429
ury,20210509,1991949.14286
ury,20210510,2016867.71429
ury,20210511,2043086.28571
ury,20210512,2071035
ury,20210513,2102702.14286
ury,20210514,2140276.57143
ury,20210515,2179891
ury,20210516,2219559.42857
ury,20210517,2260526.14286
ury,20210518,2302749.42857
ury,20210519,2344893.42857
ury,20210520,2384932
ury,20210521,2423395
ury,20210522,2460899.57143
ury,20210523,2498516
ury,20210524,2534462.28571
ury,20210525,2568561.57143
ury,20210526,2601863.85714
ury,20210527,2633972.14286
ury,20210528,2664322.57143
ury,20210529,2696144.28571
ury,20210530,2727946.71429
ury,20210531,2760409.57143
ury,20210601,2793864.71429
ury,20210602,2828262.71429
ury,20210603,2863368.28571
ury,20210604,2899438.57143
ury,20210605,2934042.42857
ury,20210606,2968584.71429
ury,20210607,3002270.28571
ury,20210608,3034814
ury,20210609,3067889
ury,20210610,3100948.71429
ury,20210611,3133479.42857
ury,20210612,3167211.42857
ury,20210613,3200957.71429
ury,20210614,3237166.57143
ury,20210615,3275793.57143
ury,20210616,3315068.28571
ury,20210617,3354349.42857
ury,20210618,3394707.57143
ury,20210619,3433832.28571
ury,20210620,3472948.57143
ury,20210621,3511338.42857
ury,20210622,3548529.57143
ury,20210623,3584210.71429
ury,20210624,3619578.71429
ury,20210625,3653716.14286
ury,20210626,3687646.14286
ury,20210627,3721610.28571
ury,20210628,3755851.42857
ury,20210629,3791267.14286
ury,20210630,3828126.28571
ury,20210701,3866596.85714
ury,20210702,3907219.14286
ury,20210703,3948562.71429
ury,20210704,3989870.14286
ury,20210705,4030663.85714
ury,20210706,4070675.85714
ury,20210707,4110456.42857
ury,20210708,4146848
ury,20210709,4179174.71429
ury,20210710,4209774.28571
ury,20210711,4240282.71429
ury,20210712,4270891.85714
ury,20210713,4300865.28571
ury,20210714,4329837.71429
ury,20210715,4361224.28571
ury,20210716,4395945.71429
ury,20210717,4430774.85714
ury,20210718,4465559
ury,20210719,4497400.57143
ury,20210720,4526537.57143
ury,20210721,4552753.42857
ury,20210722,4576248
ury,20210723,4598413.57143
ury,20210724,4620244.71429
ury,20210725,4642216.14286
ury,20210726,4664356.14286
ury,20210727,4686590.71429
ury,20210728,4708580.42857
ury,20210729,4729524.42857
ury,20210730,4747629.14286
ury,20210731,4765889.57143
ury,20210801,4784003.57143
ury,20210802,4800163
ury,20210803,4815505.71429
ury,20210804,4830086.28571
ury,20210805,4844607.85714
ury,20210806,4858758.42857
ury,20210807,4872528.28571
ury,20210808,4886311.57143
ury,20210809,4901525.71429
ury,20210810,4917216
ury,20210811,4933779.42857
ury,20210812,4950582.71429
ury,20210813,4967615.14286
ury,20210814,4984567
ury,20210815,5001515.85714
ury,20210816,5021812.14286
ury,20210817,5046864.85714
ury,20210818,5076910.14286
ury,20210819,5110648.71429
ury,20210820,5148718.42857
ury,20210821,5187648.28571
ury,20210822,5226699.57143
ury,20210823,5266016.28571
ury,20210824,5303124.14286
ury,20210825,5331977.28571
ury,20210826,5361763
ury,20210827,5390793.42857
ury,20210828,5419706.85714
ury,20210829,5448595.28571
ury,20210830,5477199.42857
ury,20210831,5506888.42857
ury,20210901,5543701
ury,20210902,5579830.57143
ury,20210903,5616609.14286
ury,20210904,5653256.71429
ury,20210905,5689883.28571
ury,20210906,5724729.28571
ury,20210907,5757556.28571
ury,20210908,5788346.28571
ury,20210909,5817562.71429
ury,20210910,5844069.57143
ury,20210911,5869808
ury,20210912,5895459
ury,20210913,5918791.85714
ury,20210914,5938671
ury,20210915,5954436.71429
ury,20210916,5968186
ury,20210917,5982659.71429
ury,20210918,5996994.42857
ury,20210919,6011328.28571
ury,20210920,6025931.28571
ury,20210921,6042790.14286
ury,20210922,6063012.85714
ury,20210923,6083971.14286
ury,20210924,6104712
ury,20210925,6125497.28571
ury,20210926,6146359.28571
ury,20210927,6167872.71429
ury,20210928,6188983.57143
ury,20210929,6209202.28571
ury,20210930,6228113.57143
ury,20211001,6245237.42857
ury,20211002,6262389.42857
ury,20211003,6279525.71429
ury,20211004,6296017.71429
ury,20211005,6312424
ury,20211006,6328426.71429
ury,20211007,6344779
ury,20211008,6361751.71429
ury,20211009,6378715.42857
ury,20211010,6395658
ury,20211011,6410042.28571
ury,20211012,6422701.57143
ury,20211013,6435069.71429
ury,20211014,6447451.85714
ury,20211015,6458879.57143
ury,20211016,6470226
ury,20211017,6481534.42857
ury,20211018,6494262.28571
ury,20211019,6507509
ury,20211020,6518362.14286
ury,20211021,6528051.14286
ury,20211022,6538635.42857
ury,20211023,6549199.14286
ury,20211024,6559772.85714
ury,20211025,6570031.28571
ury,20211026,6579820.42857
ury,20211027,6591009.28571
ury,20211028,6601543
ury,20211029,6611384.71429
ury,20211030,6621263.14286
ury,20211031,6631130
ury,20211101,6639921.28571
ury,20211102,6647010
ury,20211103,6653419.14286
ury,20211104,6659772
ury,20211105,6665750.42857
ury,20211106,6671741.14286
ury,20211107,6677731.57143
ury,20211108,6683463.57143
ury,20211109,6690331.57143
ury,20211110,6696880.85714
ury,20211111,6703259.14286
ury,20211112,6708980
ury,20211113,6714667.42857
ury,20211114,6720355.57143
ury,20211115,6725645
ury,20211116,6730215
ury,20211117,6734358.57143
ury,20211118,6738475.71429
ury,20211119,6742262
ury,20211120,6746033.14286
ury,20211121,6749804
ury,20211122,6753673.14286
ury,20211123,6757615.85714
ury,20211124,6762160.42857
ury,20211125,6766840.85714
ury,20211126,6771146.14286
ury,20211127,6775465.14286
ury,20211128,6779784.57143
ury,20211129,6784205.28571
ury,20211130,6788636.85714
ury,20211201,6793055.57143
ury,20211202,6797558.71429
ury,20211203,6803862.57143
ury,20211204,6810170.57143
ury,20211205,6816478.14286
ury,20211206,6822485.42857
ury,20211207,6828485.14286
ury,20211208,6834443.57143
ury,20211209,6840024.14286
ury,20211210,6844366.57143
ury,20211211,6848696.42857
ury,20211212,6853025.28571
ury,20211213,6858178.57143
ury,20211214,6864087
ury,20211215,6869672.71429
ury,20211216,6875391.28571
ury,20211217,6881410.28571
ury,20211218,6887438.28571
ury,20211219,6893466.28571
ury,20211220,6900250.14286
ury,20211221,6906806
ury,20211222,6914408.42857
ury,20211223,6920936.57143
ury,20211224,6925525.57143
ury,20211225,6930098
ury,20211226,6934670.42857
ury,20211227,6938637.71429
ury,20211228,6942196.57143
ury,20211229,6945864.28571
ury,20211230,6949989.28571
ury,20211231,6954116.85714
ury,20220101,6958244.42857
ury,20220102,6962372.28571
ury,20220103,6966495
ury,20220104,6971350.85714
ury,20220105,6975919
ury,20220106,6979966
ury,20220107,6984666.57143
ury,20220108,6989367.85714
ury,20220109,6994068.85714
ury,20220110,7001362.71429
ury,20220111,7010262.71429
ury,20220112,7022293
ury,20220113,7038779.28571
ury,20220114,7059791.42857
ury,20220115,7081004.85714
ury,20220116,7102218.85714
ury,20220117,7123966.71429
ury,20220118,7145927.57143
ury,20220119,7167450.28571
ury,20220120,7188731
ury,20220121,7208678.14286
ury,20220122,7228675
ury,20220123,7248671.28571
ury,20220124,7268115.28571
ury,20220125,7287303.28571
ury,20220126,7305686.85714
ury,20220127,7323313.85714
ury,20220128,7340728.57143
ury,20220129,7357909.71429
ury,20220130,7375091.28571
ury,20220131,7391035.57143
ury,20220201,7405629.28571
ury,20220202,7418658.57143
ury,20220203,7430454.71429
ury,20220204,7441389.42857
ury,20220205,7452306.28571
ury,20220206,7463222.71429
ury,20220207,7474441.14286
ury,20220208,7484817.57143
usa,20201213,26383
usa,20201214,28630
usa,20201215,45810.33333
usa,20201216,94193.5
usa,20201217,177529.6
usa,20201218,302158.33333
usa,20201219,417110.28571
usa,20201220,586431.14286
usa,20201221,809469.57143
usa,20201222,1089291.85714
usa,20201223,1428257
usa,20201224,1756364.28571
usa,20201225,2027068
usa,20201226,2292073.42857
usa,20201227,2555894
usa,20201228,2849480.71429
usa,20201229,3181997.42857
usa,20201230,3552622.85714
usa,20201231,3955094.85714
usa,20210101,4369429.42857
usa,20210102,4801159.42857
usa,20210103,5238843.71429
usa,20210104,5685979.28571
usa,20210105,6148632
usa,20210106,6636763.42857
usa,20210107,7231804.57143
usa,20210108,7989376
usa,20210109,8781926.85714
usa,20210110,9590509.14286
usa,20210111,10457961.57143
usa,20210112,11386529.57143
usa,20210113,12358005.57143
usa,20210114,13350094.14286
usa,20210115,14345146.28571
usa,20210116,15360169.85714
usa,20210117,16382907.28571
usa,20210118,17379285.57143
usa,20210119,18388070.42857
usa,20210120,19436630.71429
usa,20210121,20530222.85714
usa,20210122,21676641
usa,20210123,22859800.57143
usa,20210124,24055783.57143
usa,20210125,25321351.85714
usa,20210126,26632118.57143
usa,20210127,27989985
usa,20210128,29395145.57143
usa,20210129,30841181.85714
usa,20210130,32303091.42857
usa,20210131,33774115.28571
usa,20210201,35245790
usa,20210202,36721971.42857
usa,20210203,38227401.57143
usa,20210204,39787222.28571
usa,20210205,41409952
usa,20210206,43072906.42857
usa,20210207,44733766.14286
usa,20210208,46423113.85714
usa,20210209,48152138.28571
usa,20210210,49904711.28571
usa,20210211,51665998.28571
usa,20210212,53460019.71429
usa,20210213,55278640.85714
usa,20210214,57118354
usa,20210215,58901093.42857
usa,20210216,60633826.71429
usa,20210217,62318712.28571
usa,20210218,63925640.71429
usa,20210219,65444597.14286
usa,20210220,66939738
usa,20210221,68435289.71429
usa,20210222,69971231.71429
usa,20210223,71552044.85714
usa,20210224,73212678.14286
usa,20210225,75027088.85714
usa,20210226,77004781.71429
usa,20210227,79080627
usa,20210228,81193444.28571
usa,20210301,83388804.85714
usa,20210302,85659062
usa,20210303,87982850.71429
usa,20210304,90344844.71429
usa,20210305,92723454.71429
usa,20210306,95111210.28571
usa,20210307,97508993.57143
usa,20210308,99924415.42857
usa,20210309,102374341.14286
usa,20210310,104855952
usa,20210311,107370863.14286
usa,20210312,109913942
usa,20210313,112475749.42857
usa,20210314,115045993.57143
usa,20210315,117632915
usa,20210316,120245817.42857
usa,20210317,122865156.85714
usa,20210318,125479483
usa,20210319,128080820.42857
usa,20210320,130677135.14286
usa,20210321,133278382
usa,20210322,135891501.85714
usa,20210323,138530098.42857
usa,20210324,141224121.14286
usa,20210325,143980029.42857
usa,20210326,146806322.42857
usa,20210327,149677937.57143
usa,20210328,152576881.14286
usa,20210329,155543424.57143
usa,20210330,158584981.57143
usa,20210331,161713887.42857
usa,20210401,164943863.14286
usa,20210402,168148709.71429
usa,20210403,171329010.14286
usa,20210404,174445589.85714
usa,20210405,177599876.71429
usa,20210406,180809174.57143
usa,20210407,184044898.71429
usa,20210408,187273807.57143
usa,20210409,190597146.28571
usa,20210410,194003546.28571
usa,20210411,197500750.14286
usa,20210412,200985286.57143
usa,20210413,204398413.42857
usa,20210414,207716342.85714
usa,20210415,210926261.14286
usa,20210416,214033661.42857
usa,20210417,217066076
usa,20210418,220060121.85714
usa,20210419,222991663.57143
usa,20210420,225887200.71429
usa,20210421,228751160.14286
usa,20210422,231579345.85714
usa,20210423,234363246.71429
usa,20210424,237124930.42857
usa,20210425,239866642.14286
usa,20210426,242580579.28571
usa,20210427,245245286.14286
usa,20210428,247853827.71429
usa,20210429,250397978.42857
usa,20210430,252887093
usa,20210501,255324120.71429
usa,20210502,257744899.57143
usa,20210503,260105678
usa,20210504,262412531.85714
usa,20210505,264643954
usa,20210506,266800754.28571
usa,20210507,268900793.28571
usa,20210508,270957504
usa,20210509,272976758.14286
usa,20210510,274945053.14286
usa,20210511,276848431.57143
usa,20210512,278676156.71429
usa,20210513,280469384.14286
usa,20210514,282254832
usa,20210515,284084573.85714
usa,20210516,285959578.71429
usa,20210517,287865568.28571
usa,20210518,289775184.28571
usa,20210519,291694996.42857
usa,20210520,293578483.14286
usa,20210521,295406079.28571
usa,20210522,297177216.28571
usa,20210523,298909276.14286
usa,20210524,300570083.14286
usa,20210525,302140466.42857
usa,20210526,303617842.28571
usa,20210527,304999214.57143
usa,20210528,306276528.57143
usa,20210529,307456533.85714
usa,20210530,308597567.28571
usa,20210531,309579156.14286
usa,20210601,310535927.42857
usa,20210602,311447646.28571
usa,20210603,312345304.57143
usa,20210604,313253790.57143
usa,20210605,314205843.71429
usa,20210606,315176643.57143
usa,20210607,316271148.14286
usa,20210608,317352961.71429
usa,20210609,318441679.85714
usa,20210610,319519418.57143
usa,20210611,320572579.57143
usa,20210612,321600415
usa,20210613,322610690.28571
usa,20210614,323598541.42857
usa,20210615,324558483.14286
usa,20210616,325486988
usa,20210617,326376294.28571
usa,20210618,327221523.28571
usa,20210619,328021520.57143
usa,20210620,328804947.71429
usa,20210621,329538275.57143
usa,20210622,330240049.14286
usa,20210623,330912172.71429
usa,20210624,331556610
usa,20210625,332179004
usa,20210626,332790498.28571
usa,20210627,333400697.57143
usa,20210628,334009953
usa,20210629,334601044.57143
usa,20210630,335177279.42857
usa,20210701,335739938
usa,20210702,336281995.85714
usa,20210703,336804010.28571
usa,20210704,337295096.42857
usa,20210705,337763871.71429
usa,20210706,338226421.28571
usa,20210707,338680335.57143
usa,20210708,339128932.42857
usa,20210709,339579208.14286
usa,20210710,340035696
usa,20210711,340515916.85714
usa,20210712,341013718.42857
usa,20210713,341503363.42857
usa,20210714,341987355.57143
usa,20210715,342467725.14286
usa,20210716,342947057.42857
usa,20210717,343426251.71429
usa,20210718,343907907.14286
usa,20210719,344396467.28571
usa,20210720,344896061.42857
usa,20210721,345409979
usa,20210722,345939405.28571
usa,20210723,346486321.14286
usa,20210724,347042270.85714
usa,20210725,347601859
usa,20210726,348172134.71429
usa,20210727,348756274.85714
usa,20210728,349353088.71429
usa,20210729,349959953.14286
usa,20210730,350579243.85714
usa,20210731,351205830.28571
usa,20210801,351841735
usa,20210802,352488430.85714
usa,20210803,353143766.28571
usa,20210804,353807300.42857
usa,20210805,354481131
usa,20210806,355165327.14286
usa,20210807,355855666
usa,20210808,356549631.57143
usa,20210809,357252562.85714
usa,20210810,357960720.14286
usa,20210811,358667530.85714
usa,20210812,359375756.85714
usa,20210813,360089648.42857
usa,20210814,360813072.57143
usa,20210815,361543439.42857
usa,20210816,362286280.28571
usa,20210817,363046817
usa,20210818,363833507.57143
usa,20210819,364640383.57143
usa,20210820,365469871.85714
usa,20210821,366305089.28571
usa,20210822,367138860.42857
usa,20210823,367979717.57143
usa,20210824,368824183.28571
usa,20210825,369670495.85714
usa,20210826,370523215.14286
usa,20210827,371384927.57143
usa,20210828,372253224.28571
usa,20210829,373127379.28571
usa,20210830,374002221.57143
usa,20210831,374873880.71429
usa,20210901,375740426.14286
usa,20210902,376593408.28571
usa,20210903,377427928.71429
usa,20210904,378240905.85714
usa,20210905,379044802
usa,20210906,379742083.85714
usa,20210907,380436616.28571
usa,20210908,381118886
usa,20210909,381794177.71429
usa,20210910,382468289.28571
usa,20210911,383147661.85714
usa,20210912,383824728.42857
usa,20210913,384587733.28571
usa,20210914,385328062.57143
usa,20210915,386056411.42857
usa,20210916,386772374
usa,20210917,387469589
usa,20210918,388155889.85714
usa,20210919,388835634.57143
usa,20210920,389501977
usa,20210921,390157518.28571
usa,20210922,390799246.71429
usa,20210923,391428617.85714
usa,20210924,392069121.42857
usa,20210925,392730752.42857
usa,20210926,393407051.57143
usa,20210927,394131294.85714
usa,20210928,394919808.71429
usa,20210929,395774802.57143
usa,20210930,396697925.85714
usa,20211001,397665160
usa,20211002,398626278
usa,20211003,399581290
usa,20211004,400529430.85714
usa,20211005,401460829
usa,20211006,402376779.85714
usa,20211007,403270866.28571
usa,20211008,404142668.85714
usa,20211009,405001162.85714
usa,20211010,405852183.57143
usa,20211011,406685267
usa,20211012,407505488.28571
usa,20211013,408307645.14286
usa,20211014,409096231.14286
usa,20211015,409871634.57143
usa,20211016,410640647.85714
usa,20211017,411403392.14286
usa,20211018,412162641.57143
usa,20211019,412907315.85714
usa,20211020,413642121.42857
usa,20211021,414369140.28571
usa,20211022,415142422.42857
usa,20211023,415963497.42857
usa,20211024,416813423.85714
usa,20211025,417761499.42857
usa,20211026,418813607
usa,20211027,419976871.57143
usa,20211028,421245936.71429
usa,20211029,422572281.28571
usa,20211030,423897196.42857
usa,20211031,425216910.85714
usa,20211101,426525645.85714
usa,20211102,427826098.85714
usa,20211103,429117497.85714
usa,20211104,430412764.42857
usa,20211105,431725436.42857
usa,20211106,433068273.71429
usa,20211107,434427666.57143
usa,20211108,435788540.57143
usa,20211109,437168431.71429
usa,20211110,438577309.85714
usa,20211111,439981400.85714
usa,20211112,441395860
usa,20211113,442829296.14286
usa,20211114,444266132.42857
usa,20211115,445715200.42857
usa,20211116,447170272.57143
usa,20211117,448624286.85714
usa,20211118,450104064.42857
usa,20211119,451596154.14286
usa,20211120,453097030.71429
usa,20211121,454606778.14286
usa,20211122,456153208.28571
usa,20211123,457713685.42857
usa,20211124,459220119.14286
usa,20211125,460478928.42857
usa,20211126,461615520.85714
usa,20211127,462703627.42857
usa,20211128,463783765.14286
usa,20211129,464842274.28571
usa,20211130,465919582.71429
usa,20211201,467103151.57143
usa,20211202,468585103.42857
usa,20211203,470237983
usa,20211204,471972497.71429
usa,20211205,473725674.42857
usa,20211206,475500258.14286
usa,20211207,477272122.42857
usa,20211208,479013076.14286
usa,20211209,480720075.57143
usa,20211210,482380044
usa,20211211,484008358
usa,20211212,485623266.71429
usa,20211213,487209203.28571
usa,20211214,488767450.28571
usa,20211215,490295835.42857
usa,20211216,491791251.42857
usa,20211217,493262417.14286
usa,20211218,494715040.85714
usa,20211219,496169360
usa,20211220,497654257.28571
usa,20211221,499174286.42857
usa,20211222,500714712.57143
usa,20211223,502223208.57143
usa,20211224,503515789.57143
usa,20211225,504652440
usa,20211226,505766435.14286
usa,20211227,506836367
usa,20211228,507866553.28571
usa,20211229,508869594.14286
usa,20211230,509881539.42857
usa,20211231,510924613.85714
usa,20220101,511980567.57143
usa,20220102,513038826
usa,20220103,514056295.85714
usa,20220104,515034793.42857
usa,20220105,515980739
usa,20220106,516916126.71429
usa,20220107,517992374.28571
usa,20220108,519198970.42857
usa,20220109,520405196
usa,20220110,521612656.85714
usa,20220111,522804200.28571
usa,20220112,523975222.57143
usa,20220113,525120279.42857
usa,20220114,526240342.85714
usa,20220115,527323839.42857
usa,20220116,528392200.71429
usa,20220117,529400732.85714
usa,20220118,530364478
usa,20220119,531280726.71429
usa,20220120,532146289.85714
usa,20220121,532955250.28571
usa,20220122,533739468
usa,20220123,534514532.71429
usa,20220124,535282393.85714
usa,20220125,536021310.71429
usa,20220126,536733002.42857
usa,20220127,537422718.71429
usa,20220128,538092326.28571
usa,20220129,538740603.71429
usa,20220130,539379252
usa,20220131,539993969.57143
usa,20220201,540580303.71429
usa,20220202,541134170.57143
usa,20220203,541649051.71429
usa,20220204,542118655.28571
usa,20220205,542577856.42857
usa,20220206,543018146.28571
usa,20220207,543382990.57143
usa,20220208,543670371.28571
uzb,20210331,0
uzb,20210406,17500
uzb,20210411,61214
uzb,20210414,110150
uzb,20210415,155242
uzb,20210420,205794.16667
uzb,20210425,254184.85714
uzb,20210427,339951.85714
uzb,20210510,502663
uzb,20210512,665030.57143
uzb,20210518,830081.14286
uzb,20210523,1010780.28571
uzb,20210525,1179950.14286
uzb,20210601,1407363.57143
uzb,20210615,1706604.85714
uzb,20210720,2367930.14286
uzb,20210802,3328524.57143
uzb,20210805,4364779.42857
uzb,20210808,5568311.14286
uzb,20210810,6856959.71429
uzb,20210811,8135400
uzb,20210812,9376458.57143
uzb,20210813,10276469.85714
uzb,20210814,10861321
uzb,20210816,11375601.14286
uzb,20210817,11713536
uzb,20210818,11975658.85714
uzb,20210821,12213450.14286
uzb,20210823,12420465.71429
uzb,20210824,12542822
uzb,20210825,12694706.28571
uzb,20210826,12866427.85714
uzb,20210828,13100249.28571
uzb,20210830,13363184.85714
uzb,20210831,13631729
uzb,20210904,13942197.42857
uzb,20210906,14284809.85714
uzb,20210907,14646318.71429
uzb,20210908,15004894.71429
uzb,20210915,15491723
uzb,20210921,16122707.85714
uzb,20210924,16807857
uzb,20210925,17474178.42857
uzb,20210927,18132925.57143
uzb,20210928,18778925.71429
uzb,20210929,19425672.71429
uzb,20210930,19903769.28571
uzb,20211002,20229417
uzb,20211004,20496004.42857
uzb,20211005,20760689.85714
uzb,20211006,21014437.71429
uzb,20211007,21265752.42857
uzb,20211013,21582271.14286
uzb,20211014,21925336.57143
uzb,20211015,22265568.57143
uzb,20211016,22601832.42857
uzb,20211017,22933974.57143
uzb,20211019,23268463.71429
uzb,20211020,23600275.85714
uzb,20211021,23855359.71429
uzb,20211022,24073489
uzb,20211023,24286782.71429
uzb,20211024,24494752.71429
uzb,20211026,24701959.28571
uzb,20211027,24900090.14286
uzb,20211028,25093775.42857
uzb,20211029,25283418.85714
uzb,20211030,25472229.14286
uzb,20211102,25695071.71429
uzb,20211103,25927464.71429
uzb,20211107,26291491.42857
uzb,20211109,26676772.42857
uzb,20211110,27082162.57143
uzb,20211111,27508932.85714
uzb,20211112,27952439
uzb,20211113,28378810
uzb,20211114,28808391.28571
uzb,20211116,29117861.28571
uzb,20211117,29424465.85714
uzb,20211118,29724135.28571
uzb,20211119,30019629.42857
uzb,20211120,30313268.57143
uzb,20211121,30604051
uzb,20211123,30899533.42857
uzb,20211126,31298317.14286
uzb,20211127,31698976.57143
uzb,20211128,32101103
uzb,20211130,32498613.42857
uzb,20211202,32925782
uzb,20211204,33378796.42857
uzb,20211205,33817473.57143
uzb,20211207,34148030.71429
uzb,20211208,34466799.14286
uzb,20211210,34781542
uzb,20211211,35091905.42857
uzb,20211214,35395085.85714
uzb,20211215,35662744.42857
uzb,20211216,35930367.85714
uzb,20211217,36191965.42857
uzb,20211218,36449050.28571
uzb,20211219,36697220.28571
uzb,20211221,36940282.71429
uzb,20211222,37146208.14286
uzb,20211223,37346624.14286
uzb,20211224,37543996.71429
uzb,20211225,37740105.85714
uzb,20211228,37958520.57143
uzb,20211229,38175273.28571
uzb,20211230,38388174.14286
uzb,20220106,38618073.57143
uzb,20220107,38842004.14286
uzb,20220108,39060486.85714
uzb,20220111,39293077.71429
uzb,20220112,39494933.85714
uzb,20220113,39691339.14286
uzb,20220114,39883356.42857
uzb,20220115,40050279.28571
uzb,20220116,40214975.71429
uzb,20220118,40376149.42857
uzb,20220119,40513994
uzb,20220120,40647426.85714
uzb,20220121,40776356.42857
uzb,20220122,40901746
uzb,20220123,41023036
uzb,20220125,41140452
uzb,20220127,41268083.57143
uzb,20220128,41393927.14286
uzb,20220201,41546523.71429
uzb,20220202,41695267.85714
uzb,20220203,41840816.71429
uzb,20220204,41983151.28571
uzb,20220205,42123145.85714
uzb,20220208,42259022
vct,20210317,8952
vct,20210319,9167.5
vct,20210326,9618
vct,20210410,10244.5
vct,20210417,10748.4
vct,20210424,11265.66667
vct,20210426,11637.42857
vct,20210427,12358.28571
vct,20210428,13037.57143
vct,20210430,13607.85714
vct,20210501,13951
vct,20210512,14517
vct,20210518,15094.28571
vct,20210519,15744.14286
vct,20210526,16524.85714
vct,20210529,17472
vct,20210603,18459.28571
vct,20210610,19633.57143
vct,20210615,20542.28571
vct,20210621,21363.28571
vct,20210626,22256.14286
vct,20210628,23009.57143
vct,20210702,23615.42857
vct,20210704,24127.85714
vct,20210705,24522.57143
vct,20210720,24880.71429
vct,20210723,25161.14286
vct,20210730,25299.42857
vct,20210802,25432.71429
vct,20210804,25540.85714
vct,20210807,25651.28571
vct,20210810,25692.28571
vct,20210812,25726.42857
vct,20210819,25881.71429
vct,20210820,26640.71429
vct,20210904,27396.14286
vct,20210905,28258.14286
vct,20210912,29164.42857
vct,20210913,30138.42857
vct,20210922,31173.28571
vct,20210927,32192.57143
vct,20210929,32640.28571
vct,20210930,33096.14286
vct,20211002,33465.57143
vct,20211006,33893
vct,20211014,34573.42857
vct,20211017,35281
vct,20211022,35897
vct,20211023,36645.85714
vct,20211025,37500.28571
vct,20211026,38659
vct,20211027,39922.57143
vct,20211102,41032.57143
vct,20211108,42305.57143
vct,20211109,43684.28571
vct,20211111,45002.71429
vct,20211112,46209.28571
vct,20211115,47254.85714
vct,20211117,48301.28571
vct,20211122,49382.71429
vct,20211124,50210.57143
vct,20211125,51070.14286
vct,20211126,51827.14286
vct,20211128,52668
vct,20211201,53406
vct,20211202,54024.42857
vct,20211205,54486.28571
vct,20211207,55072.28571
vct,20211210,55570.85714
vct,20211216,56406.57143
vct,20211217,57250.14286
vct,20211228,58138.14286
vct,20220127,59288.42857
vct,20220131,60501.28571
vct,20220202,61658.57143
vct,20220203,62758
ven,20210217,0
ven,20210222,78.5
ven,20210304,4117
ven,20210326,6643.5
ven,20210402,24914.8
ven,20210412,62429
ven,20210519,98653.42857
ven,20210611,204362.28571
ven,20210618,390481.57143
ven,20210625,598309.28571
ven,20210705,954591.85714
ven,20210712,1512020.42857
ven,20210817,2144604.14286
ven,20210827,3434149.42857
ven,20210910,4913327.14286
ven,20210921,6734328.28571
ven,20210927,8769738.14286
ven,20211008,10715315.42857
ven,20211105,13452017.42857
ven,20211129,16542918
ven,20211217,19501046.14286
ven,20220128,22966541.71429
ven,20220204,26239721.14286
vgb,20210521,15031
vgb,20210528,15666.5
vgb,20210611,16955.66667
vgb,20210618,17786.25
vgb,20210625,18509.6
vgb,20210702,19132.5
vgb,20210709,19661.71429
vgb,20210716,20959
vgb,20210723,22416
vgb,20210730,23608.71429
vgb,20210806,24822.85714
vgb,20210813,25932.71429
vgb,20210820,26959
vgb,20210827,27957.71429
vgb,20210903,29117.28571
vgb,20210924,29959.71429
vgb,20211001,30680.71429
vgb,20211008,31294.71429
vgb,20211022,31916.85714
vgb,20211029,32551.28571
vgb,20211105,33201.14286
vgb,20211112,33541
vgb,20211129,33899.71429
vgb,20211203,34194.28571
vgb,20211217,34502.42857
vgb,20211223,34827
vgb,20220107,35126.71429
vgb,20220114,35377.71429
vgb,20220121,35618
vgb,20220128,35821
vgb,20220204,36019.85714
vnm,20210307,0
vnm,20210308,188.5
vnm,20210309,299.66667
vnm,20210310,463.5
vnm,20210311,687.8
vnm,20210312,1447.83333
vnm,20210313,2675.42857
vnm,20210314,4333.28571
vnm,20210315,6545.85714
vnm,20210316,9427.71429
vnm,20210317,12727.57143
vnm,20210318,16436.28571
vnm,20210319,20111
vnm,20210320,23299.57143
vnm,20210321,26483.28571
vnm,20210322,29371.42857
vnm,20210323,31830.85714
vnm,20210324,34082.71429
vnm,20210325,36179.71429
vnm,20210326,38041
vnm,20210327,39743.42857
vnm,20210328,41350.42857
vnm,20210329,42826.71429
vnm,20210330,44304.57143
vnm,20210331,45722.57143
vnm,20210401,47007
vnm,20210402,48162.85714
vnm,20210403,49313.85714
vnm,20210404,50352.85714
vnm,20210405,51274.57143
vnm,20210406,52088.42857
vnm,20210407,52861
vnm,20210408,53595.71429
vnm,20210409,54445.14286
vnm,20210410,55289.85714
vnm,20210411,56147.71429
vnm,20210412,57059.28571
vnm,20210413,57943
vnm,20210414,58925.42857
vnm,20210415,59982.42857
vnm,20210416,61172.28571
vnm,20210417,62535.28571
vnm,20210418,65501.57143
vnm,20210419,68588.42857
vnm,20210420,75272.71429
vnm,20210421,81968.28571
vnm,20210422,91232.85714
vnm,20210423,106900.14286
vnm,20210424,125640.57143
vnm,20210425,144276.28571
vnm,20210426,169830.42857
vnm,20210427,200096.57143
vnm,20210428,245345.28571
vnm,20210429,299320.28571
vnm,20210430,348352.42857
vnm,20210510,447421.28571
vnm,20210512,552049.57143
vnm,20210513,651970.42857
vnm,20210514,744956.85714
vnm,20210515,823727.42857
vnm,20210516,891270.71429
vnm,20210518,961575.42857
vnm,20210522,980890.42857
vnm,20210526,994152.85714
vnm,20210531,1014569.57143
vnm,20210602,1034628.71429
vnm,20210603,1060203.57143
vnm,20210604,1094256.28571
vnm,20210605,1127386.14286
vnm,20210606,1158943.28571
vnm,20210607,1202547.71429
vnm,20210608,1238655.85714
vnm,20210609,1278623.85714
vnm,20210610,1315122.71429
vnm,20210611,1347710.71429
vnm,20210612,1377841.71429
vnm,20210613,1413522.28571
vnm,20210614,1443887
vnm,20210615,1485775
vnm,20210616,1540547.85714
vnm,20210617,1623335.14286
vnm,20210618,1735833
vnm,20210619,1865140.85714
vnm,20210620,1997186.57143
vnm,20210622,2142401.57143
vnm,20210623,2282153.71429
vnm,20210624,2446003.85714
vnm,20210625,2602649.71429
vnm,20210626,2754938.85714
vnm,20210627,2901686.14286
vnm,20210628,3055180.57143
vnm,20210629,3201582.57143
vnm,20210630,3365960.14286
vnm,20210701,3493605.71429
vnm,20210702,3601472.28571
vnm,20210703,3682640.14286
vnm,20210704,3754675.57143
vnm,20210705,3812675.71429
vnm,20210706,3860394.42857
vnm,20210707,3886676.71429
vnm,20210708,3910967.14286
vnm,20210709,3934987.14286
vnm,20210710,3959755.14286
vnm,20210711,3982716.57143
vnm,20210712,4005683.28571
vnm,20210713,4027264
vnm,20210714,4053808.42857
vnm,20210715,4082640.28571
vnm,20210716,4114513.14286
vnm,20210717,4146008.71429
vnm,20210718,4179197.42857
vnm,20210719,4213715.85714
vnm,20210720,4250539.71429
vnm,20210721,4282135.71429
vnm,20210722,4314426.57143
vnm,20210723,4349406.71429
vnm,20210724,4388619.42857
vnm,20210725,4435703
vnm,20210726,4498723.14286
vnm,20210727,4595343.42857
vnm,20210728,4731614.85714
vnm,20210729,4891363.28571
vnm,20210730,5098880.28571
vnm,20210731,5337183.85714
vnm,20210801,5594573.57143
vnm,20210802,5910652.85714
vnm,20210803,6236171.85714
vnm,20210804,6554954.57143
vnm,20210805,6916557.14286
vnm,20210806,7287541.57143
vnm,20210807,7672220
vnm,20210808,8099448.57143
vnm,20210809,8532075.71429
vnm,20210810,9110655.14286
vnm,20210811,9760012.71429
vnm,20210812,10502206.42857
vnm,20210813,11251442.57143
vnm,20210814,12042500
vnm,20210815,12794055.57143
vnm,20210816,13548909.14286
vnm,20210817,14145624.14286
vnm,20210818,14691869.28571
vnm,20210819,15127544.57143
vnm,20210820,15516365.28571
vnm,20210821,15892348
vnm,20210822,16277756.71429
vnm,20210823,16617155.42857
vnm,20210824,16985241.71429
vnm,20210825,17356622.57143
vnm,20210826,17719023.28571
vnm,20210827,18098517.14286
vnm,20210828,18436402.42857
vnm,20210829,18771544
vnm,20210830,19102882.71429
vnm,20210831,19405012.42857
vnm,20210901,19693601.28571
vnm,20210902,19977669
vnm,20210903,20248405.71429
vnm,20210904,20536132.57143
vnm,20210905,20864927.28571
vnm,20210906,21251915.85714
vnm,20210907,21732992.42857
vnm,20210908,22338543.85714
vnm,20210909,23066431
vnm,20210910,23932475.14286
vnm,20210911,24899362.42857
vnm,20210912,25937674.42857
vnm,20210913,27033856.71429
vnm,20210914,28130562.28571
vnm,20210915,29204181.14286
vnm,20210916,30215601.71429
vnm,20210917,31136569
vnm,20210918,31976833.42857
vnm,20210919,32730159.57143
vnm,20210920,33404844.42857
vnm,20210921,34036413.57143
vnm,20210922,34587276.28571
vnm,20210923,35128316
vnm,20210924,35703728.71429
vnm,20210925,36314014.85714
vnm,20210926,36982469.42857
vnm,20210927,37700086.14286
vnm,20210928,38482543.42857
vnm,20210929,39341488
vnm,20210930,40212094.71429
vnm,20211001,41080033.28571
vnm,20211002,41975842.57143
vnm,20211003,42870607
vnm,20211004,43852675.42857
vnm,20211005,44852960.57143
vnm,20211006,45865783
vnm,20211008,47162918.85714
vnm,20211010,48680168.28571
vnm,20211011,50193198.71429
vnm,20211012,51741002.57143
vnm,20211013,53239228.57143
vnm,20211014,54788971.71429
vnm,20211016,56598259.14286
vnm,20211017,58236269.42857
vnm,20211018,59766687.14286
vnm,20211019,61460177.57143
vnm,20211020,63242910.42857
vnm,20211022,65304641.42857
vnm,20211023,67294080.28571
vnm,20211025,69155574
vnm,20211026,70946530
vnm,20211027,72682690.57143
vnm,20211028,74376525.71429
vnm,20211029,76050624.28571
vnm,20211030,77405791
vnm,20211031,78691585.85714
vnm,20211101,79860310.28571
vnm,20211102,81020314.14286
vnm,20211103,82125808.71429
vnm,20211104,83180009.42857
vnm,20211106,84478885.28571
vnm,20211108,86026878.71429
vnm,20211109,87745848.71429
vnm,20211111,89663847
vnm,20211112,91626826.85714
vnm,20211113,93633469.28571
vnm,20211114,95552243
vnm,20211115,97158271.14286
vnm,20211116,98561020.57143
vnm,20211117,99933934.85714
vnm,20211119,101360484.71429
vnm,20211120,102793252.28571
vnm,20211121,104219715.42857
vnm,20211122,105814913.28571
vnm,20211123,107540875.57143
vnm,20211124,109335309
vnm,20211125,111157469
vnm,20211126,112750010.57143
vnm,20211127,114308189.85714
vnm,20211128,115983660.57143
vnm,20211129,117578782.71429
vnm,20211201,119324504.14286
vnm,20211202,120947987.71429
vnm,20211203,122450642.85714
vnm,20211205,123898886.28571
vnm,20211206,125314193
vnm,20211207,126566206.42857
vnm,20211208,127692182.42857
vnm,20211209,128530562.14286
vnm,20211210,129367761.71429
vnm,20211211,130142000.42857
vnm,20211212,130862672.57143
vnm,20211214,131795138.42857
vnm,20211215,132699247.85714
vnm,20211217,133786292.57143
vnm,20211218,134891895.42857
vnm,20211223,136563905.71429
vnm,20211224,138313525.28571
vnm,20211225,140130944.42857
vnm,20211226,141721267
vnm,20211228,143501537.57143
vnm,20211230,145410295.57143
vnm,20220102,147528065.28571
vnm,20220103,149074340.57143
vnm,20220105,150844098.28571
vnm,20220106,152579115.71429
vnm,20220108,154535992.14286
vnm,20220109,156404412.85714
vnm,20220110,158038628
vnm,20220111,159458161.14286
vnm,20220113,161055272.85714
vnm,20220123,163844876.28571
vnm,20220124,166651660.28571
vnm,20220126,169446015
vnm,20220128,172245857
vnm,20220129,174923427.57143
vnm,20220130,177458616
vnm,20220201,179752567.42857
vnm,20220202,180499679.42857
vnm,20220203,181110731.71429
vut,20210601,0
vut,20210603,135
vut,20210608,376.66667
vut,20210615,1567.5
vut,20210621,2746.4
vut,20210706,4035.33333
vut,20210713,5462.57143
vut,20210720,8224.28571
vut,20210727,11613.57143
vut,20210816,15925.28571
vut,20210831,20655.28571
vut,20210907,25826.28571
vut,20210914,31560.57143
vut,20210921,37726
vut,20211005,45499.14286
vut,20211012,54583.14286
vut,20211025,63939.42857
vut,20211101,73476.85714
vut,20211108,83655.85714
vut,20211115,93976.85714
vut,20211122,104319.42857
vut,20211206,113997.42857
vut,20211213,122572.57143
vut,20211220,130597.57143
vut,20220124,141090.71429
vut,20220207,150966.85714
wlf,20210323,1286
wlf,20210330,2238
wlf,20210407,2789.33333
wlf,20210413,3085.25
wlf,20210420,3280.6
wlf,20210427,3673.5
wlf,20210504,3963.57143
wlf,20210511,4604.71429
wlf,20210518,5316.85714
wlf,20210525,5944.14286
wlf,20210601,6571.57143
wlf,20210608,7214.71429
wlf,20210615,7646
wlf,20210621,8093.14286
wlf,20210629,8544.42857
wlf,20210706,8656.85714
wlf,20210713,8775.28571
wlf,20210720,8888.57143
wlf,20210802,9004
wlf,20210809,9115.71429
wlf,20210816,9215.71429
wlf,20210823,9321.85714
wlf,20210831,9441.71429
wlf,20210914,9554.57143
wlf,20210921,9707.85714
wlf,20210928,9860.14286
wlf,20211005,10060.71429
wlf,20211012,10271.42857
wlf,20211018,10475.14286
wlf,20211025,10698
wlf,20211101,10937.28571
wlf,20211108,11157.71429
wlf,20211115,11360.57143
wlf,20211122,11512
wlf,20211130,11644.85714
wlf,20220111,11808.42857
wlf,20220118,11940.71429
wsm,20210504,7411
wsm,20210511,9680.5
wsm,20210518,13304.66667
wsm,20210525,17089.25
wsm,20210601,20196.8
wsm,20210608,23224.16667
wsm,20210615,25653.57143
wsm,20210621,31048.85714
wsm,20210629,37150.71429
wsm,20210706,43094.71429
wsm,20210720,49133
wsm,20210727,56059.71429
wsm,20210802,63781.71429
wsm,20210809,72407.42857
wsm,20210816,81846.28571
wsm,20210823,91888.71429
wsm,20210831,102189.28571
wsm,20210907,111796
wsm,20210914,120574.85714
wsm,20210921,128720
wsm,20210928,138963.71429
wsm,20211018,150022.85714
wsm,20211025,159905.85714
wsm,20211101,169799.71429
wsm,20211108,181193.85714
wsm,20211115,192756.42857
wsm,20211130,206941.85714
wsm,20211213,219881.71429
wsm,20211220,230528.14286
wsm,20220111,240570.57143
wsm,20220118,249413.28571
wsm,20220124,256456
yem,20210509,18555
yem,20210529,61312.5
yem,20210607,106286.33333
yem,20210610,135059.75
yem,20210616,155218.8
yem,20210620,171246.5
yem,20210627,185176
yem,20210712,225011.71429
yem,20210727,254642.14286
yem,20210912,272742.14286
yem,20211011,306853.42857
yem,20211028,349529.85714
yem,20211101,391763.28571
yem,20220117,452706.42857
yem,20220120,512138.85714
yem,20220126,572325
yem,20220131,632485.85714
yem,20220207,675103.14286
zaf,20210216,0
zaf,20210218,1130
zaf,20210219,2928
zaf,20210220,4799.5
zaf,20210221,6917.2
zaf,20210222,9607.5
zaf,20210223,12851.42857
zaf,20210224,18824.14286
zaf,20210225,26022.28571
zaf,20210226,34182.85714
zaf,20210227,42309.85714
zaf,20210228,50186.85714
zaf,20210301,57328
zaf,20210302,63574
zaf,20210303,69539.85714
zaf,20210304,75165.85714
zaf,20210305,80384.71429
zaf,20210306,85280.42857
zaf,20210307,89715.57143
zaf,20210308,93829
zaf,20210309,98260
zaf,20210310,104733.85714
zaf,20210311,111303.14286
zaf,20210312,117736.71429
zaf,20210313,124018.28571
zaf,20210315,130615.42857
zaf,20210316,138536.14286
zaf,20210317,147301.71429
zaf,20210318,154214.28571
zaf,20210319,160638.42857
zaf,20210323,167644.42857
zaf,20210324,176539.28571
zaf,20210325,186878.71429
zaf,20210326,197409.57143
zaf,20210327,206437
zaf,20210329,215349.85714
zaf,20210330,225167.57143
zaf,20210331,235113.42857
zaf,20210401,243869.71429
zaf,20210406,251342.42857
zaf,20210407,258186.28571
zaf,20210408,265618.28571
zaf,20210409,272575.85714
zaf,20210410,277818.57143
zaf,20210412,281519.85714
zaf,20210413,284880
zaf,20210428,288553.57143
zaf,20210429,292651
zaf,20210430,297512
zaf,20210501,301840.85714
zaf,20210503,307654
zaf,20210504,316710.28571
zaf,20210505,327207.14286
zaf,20210507,339066.85714
zaf,20210508,349765.28571
zaf,20210510,360847.28571
zaf,20210511,374519
zaf,20210512,389037.85714
zaf,20210513,403607.57143
zaf,20210514,419067.14286
zaf,20210515,432964.42857
zaf,20210516,446714.85714
zaf,20210517,458643.85714
zaf,20210518,473610.57143
zaf,20210519,491816.28571
zaf,20210520,512135.85714
zaf,20210521,536145
zaf,20210522,560363.71429
zaf,20210523,585063
zaf,20210524,616801.71429
zaf,20210525,651482.28571
zaf,20210526,690058.57143
zaf,20210527,733137
zaf,20210528,779064.71429
zaf,20210529,824827
zaf,20210530,870372.71429
zaf,20210531,919544.14286
zaf,20210601,970353.57143
zaf,20210602,1022517.57143
zaf,20210603,1075080.14286
zaf,20210604,1128318.85714
zaf,20210605,1181906.57143
zaf,20210606,1236163.28571
zaf,20210607,1291681.28571
zaf,20210608,1349924.42857
zaf,20210609,1410732.85714
zaf,20210610,1471180.42857
zaf,20210611,1532733
zaf,20210612,1594159.28571
zaf,20210613,1655165.42857
zaf,20210614,1717773.57143
zaf,20210615,1780708
zaf,20210616,1831434.85714
zaf,20210617,1885623.42857
zaf,20210618,1938431.42857
zaf,20210619,1991032.42857
zaf,20210621,2055597.28571
zaf,20210624,2152491.71429
zaf,20210625,2251858.28571
zaf,20210626,2353088.42857
zaf,20210627,2454597.85714
zaf,20210628,2547587.14286
zaf,20210629,2656021.71429
zaf,20210630,2769935.14286
zaf,20210701,2856430.71429
zaf,20210703,2948746.42857
zaf,20210704,3038970.42857
zaf,20210705,3137015.57143
zaf,20210706,3257459.28571
zaf,20210708,3416998.71429
zaf,20210709,3585092.57143
zaf,20210710,3739521.28571
zaf,20210712,3894278.85714
zaf,20210713,4068699.42857
zaf,20210715,4294419.28571
zaf,20210719,4503549.42857
zaf,20210720,4690787.71429
zaf,20210722,4959618.42857
zaf,20210723,5255544.57143
zaf,20210725,5540329
zaf,20210726,5837255
zaf,20210727,6095597.85714
zaf,20210729,6410297.71429
zaf,20210801,6727763
zaf,20210802,6939570
zaf,20210803,7178658.71429
zaf,20210805,7435515.57143
zaf,20210808,7719575.57143
zaf,20210810,7999138.57143
zaf,20210812,8268830.57143
zaf,20210815,8531225.14286
zaf,20210816,8815480.14286
zaf,20210818,9098378.57143
zaf,20210819,9382002.71429
zaf,20210820,9643288.42857
zaf,20210822,9881539.14286
zaf,20210823,10110788.42857
zaf,20210824,10352070.85714
zaf,20210827,10690275.14286
zaf,20210830,11022756.14286
zaf,20210831,11365724.14286
zaf,20210901,11710068.85714
zaf,20210902,12086198.14286
zaf,20210905,12466815.57143
zaf,20210907,12869129.14286
zaf,20210909,13183562.85714
zaf,20210910,13515147.71429
zaf,20210911,13815381.42857
zaf,20210912,14079531.28571
zaf,20210913,14338200.71429
zaf,20210914,14585909.85714
zaf,20210915,14808014.57143
zaf,20210916,15030555.85714
zaf,20210919,15227956.14286
zaf,20210921,15469086.85714
zaf,20210922,15736248.57143
zaf,20210923,15997988.42857
zaf,20210924,16225567.14286
zaf,20210926,16422818
zaf,20210927,16610807.28571
zaf,20210930,16826947.85714
zaf,20211003,17043678
zaf,20211005,17290135.42857
zaf,20211006,17540965.42857
zaf,20211008,17820006.71429
zaf,20211011,18136256
zaf,20211013,18519117.28571
zaf,20211015,18861203.85714
zaf,20211017,19193353
zaf,20211019,19521197.57143
zaf,20211023,19919648.28571
zaf,20211025,20316634.85714
zaf,20211030,20791174.14286
zaf,20211031,21177202.71429
zaf,20211102,21567625
zaf,20211103,21938975.14286
zaf,20211104,22279588.14286
zaf,20211106,22536130.28571
zaf,20211107,22770100.28571
zaf,20211108,22898912
zaf,20211109,23044673.85714
zaf,20211110,23174334.85714
zaf,20211112,23321861.42857
zaf,20211113,23457053.28571
zaf,20211114,23579203.57143
zaf,20211115,23712182.42857
zaf,20211116,23848126.71429
zaf,20211117,23983072.57143
zaf,20211118,24116024.42857
zaf,20211120,24230086.71429
zaf,20211121,24335027.71429
zaf,20211122,24449795
zaf,20211123,24562916.85714
zaf,20211124,24675149.71429
zaf,20211126,24802561.71429
zaf,20211127,24917373
zaf,20211129,25034224.85714
zaf,20211130,25173344.57143
zaf,20211201,25320193.57143
zaf,20211202,25496609
zaf,20211204,25685487.71429
zaf,20211205,25844065
zaf,20211206,26017711.71429
zaf,20211207,26187786.85714
zaf,20211208,26353751.28571
zaf,20211210,26533862
zaf,20211212,26674081.85714
zaf,20211213,26797542.28571
zaf,20211214,26933213
zaf,20211215,27063264.71429
zaf,20211216,27184689.57143
zaf,20211219,27289294.71429
zaf,20211221,27377660.28571
zaf,20211224,27477862.14286
zaf,20211226,27564475
zaf,20211227,27635836.71429
zaf,20211228,27700122.57143
zaf,20211229,27759275.57143
zaf,20220101,27823959.28571
zaf,20220102,27867666.14286
zaf,20220103,27900485.85714
zaf,20220104,27951658.42857
zaf,20220107,28022910.71429
zaf,20220109,28089639.85714
zaf,20220110,28176985.42857
zaf,20220111,28269896.57143
zaf,20220112,28375393.57143
zaf,20220113,28485719.85714
zaf,20220114,28590235
zaf,20220115,28677373
zaf,20220116,28762128.14286
zaf,20220117,28831318.28571
zaf,20220118,28898165.57143
zaf,20220119,28964326.14286
zaf,20220120,29029590.71429
zaf,20220121,29094544
zaf,20220122,29159724.42857
zaf,20220124,29237079.28571
zaf,20220126,29326685.14286
zaf,20220127,29414909.28571
zaf,20220128,29502774.71429
zaf,20220130,29582929.85714
zaf,20220131,29660832.14286
zaf,20220202,29756380.85714
zaf,20220203,29849022.71429
zaf,20220206,29929510.57143
zmb,20210414,0
zmb,20210415,53
zmb,20210418,474
zmb,20210419,884
zmb,20210420,1385.4
zmb,20210421,2655.5
zmb,20210422,4068
zmb,20210425,6069.71429
zmb,20210428,9185.85714
zmb,20210429,12795
zmb,20210430,17069.28571
zmb,20210502,22748.71429
zmb,20210503,27996.42857
zmb,20210504,33602.28571
zmb,20210505,40026.57143
zmb,20210506,46039.71429
zmb,20210508,53292.28571
zmb,20210510,60353
zmb,20210512,67177.14286
zmb,20210514,74981.85714
zmb,20210515,82982.71429
zmb,20210517,90952
zmb,20210519,98980.28571
zmb,20210520,105972.14286
zmb,20210521,112898.14286
zmb,20210522,119171.85714
zmb,20210523,124575.85714
zmb,20210525,129760.85714
zmb,20210526,134108.14286
zmb,20210527,137811
zmb,20210528,140718.71429
zmb,20210529,143160.42857
zmb,20210602,144915.14286
zmb,20210615,146358.42857
zmb,20210624,147060.85714
zmb,20210625,147703.85714
zmb,20210626,148324.85714
zmb,20210627,148976.28571
zmb,20210629,149843.85714
zmb,20210630,150944.42857
zmb,20210701,152127.28571
zmb,20210702,153525
zmb,20210703,155337
zmb,20210704,157321.85714
zmb,20210707,159995.71429
zmb,20210708,162586
zmb,20210709,165503.85714
zmb,20210710,169023.14286
zmb,20210711,173664
zmb,20210712,178715.57143
zmb,20210713,185375.85714
zmb,20210714,191927.57143
zmb,20210715,202296.14286
zmb,20210716,214530.14286
zmb,20210717,227963.57143
zmb,20210718,241155.71429
zmb,20210719,254327.71429
zmb,20210720,267217.42857
zmb,20210721,281031
zmb,20210722,292251
zmb,20210724,304014
zmb,20210726,316311.14286
zmb,20210727,330225.14286
zmb,20210728,346038.14286
zmb,20210729,362117.28571
zmb,20210730,378123
zmb,20210731,394031.28571
zmb,20210801,407697.28571
zmb,20210802,419094.42857
zmb,20210803,428174.28571
zmb,20210804,435855.28571
zmb,20210805,443281.85714
zmb,20210806,450940.42857
zmb,20210807,459044
zmb,20210809,467288.14286
zmb,20210810,476230.14286
zmb,20210811,485779.14286
zmb,20210813,495190.14286
zmb,20210815,503245.85714
zmb,20210817,510256.71429
zmb,20210818,516177.28571
zmb,20210819,521875.14286
zmb,20210821,528240.85714
zmb,20210823,534079.57143
zmb,20210824,539291.42857
zmb,20210825,544456.71429
zmb,20210826,549517.42857
zmb,20210827,554571.14286
zmb,20210828,559553.57143
zmb,20210830,563377.14286
zmb,20210902,568601.28571
zmb,20210903,573758
zmb,20210907,580142.14286
zmb,20210916,590709.28571
zmb,20210918,602258.14286
zmb,20210923,616401.71429
zmb,20210926,634141.42857
zmb,20210927,650370.71429
zmb,20210928,667285.14286
zmb,20210929,684037.14286
zmb,20210930,697587.14286
zmb,20211001,710768.71429
zmb,20211002,722653.57143
zmb,20211007,733098.14286
zmb,20211008,745323.85714
zmb,20211009,757245.85714
zmb,20211011,768929.14286
zmb,20211012,780148.85714
zmb,20211013,791313
zmb,20211014,801854.71429
zmb,20211015,810965.71429
zmb,20211016,818866.42857
zmb,20211018,826629.57143
zmb,20211019,833764.85714
zmb,20211020,840854.85714
zmb,20211021,847706.71429
zmb,20211022,854068.71429
zmb,20211111,875403.57143
zmb,20211116,897966.28571
zmb,20211117,920414.28571
zmb,20211118,943346.57143
zmb,20211119,966934
zmb,20211122,990278.28571
zmb,20211123,1013694.71429
zmb,20211124,1024042.71429
zmb,20211127,1032793.28571
zmb,20211129,1044280.57143
zmb,20211202,1058137.14286
zmb,20211203,1073856.57143
zmb,20211206,1090312.71429
zmb,20211207,1107121.57143
zmb,20211208,1127544.14286
zmb,20211211,1153208.85714
zmb,20211212,1177009.42857
zmb,20211213,1199172.85714
zmb,20211214,1220362.85714
zmb,20211215,1244158.71429
zmb,20211216,1271234.57143
zmb,20211218,1300694.28571
zmb,20211219,1326775.57143
zmb,20211220,1352675.85714
zmb,20211221,1381939.42857
zmb,20211222,1413969.71429
zmb,20211224,1451511
zmb,20211225,1487801.14286
zmb,20211229,1525279
zmb,20211231,1568908
zmb,20220103,1620223.42857
zmb,20220105,1669745.28571
zmb,20220106,1717620.14286
zmb,20220108,1763647.71429
zmb,20220110,1809394.14286
zmb,20220111,1851972.14286
zmb,20220112,1890976.28571
zmb,20220113,1926078.85714
zmb,20220117,1976858.42857
zmb,20220118,2030141.85714
zmb,20220119,2078838.14286
zmb,20220121,2127549.14286
zmb,20220124,2173821.28571
zmb,20220125,2217034.14286
zmb,20220127,2259561.14286
zmb,20220129,2287990.28571
zmb,20220131,2312404
zmb,20220203,2340576.14286
zmb,20220204,2368917.42857
zmb,20220207,2397757
zmb,20220208,2427055.71429
zwe,20210218,39
zwe,20210221,676.5
zwe,20210223,1798
zwe,20210224,2877.25
zwe,20210225,4554.6
zwe,20210226,5934.83333
zwe,20210227,7367.28571
zwe,20210228,10090.28571
zwe,20210301,13004.42857
zwe,20210302,16046.28571
zwe,20210303,19205.14286
zwe,20210304,22012.42857
zwe,20210305,24674.71429
zwe,20210306,27001.71429
zwe,20210307,28956.85714
zwe,20210308,31007
zwe,20210309,32574.57143
zwe,20210310,33748.85714
zwe,20210311,34556
zwe,20210312,35321.28571
zwe,20210313,35986.14286
zwe,20210314,36574.57143
zwe,20210315,36880.57143
zwe,20210316,37421.85714
zwe,20210317,37951.28571
zwe,20210318,38520.28571
zwe,20210319,39292.28571
zwe,20210320,40128.14286
zwe,20210321,41038.14286
zwe,20210322,41883
zwe,20210323,42689.71429
zwe,20210324,44444.85714
zwe,20210325,47157
zwe,20210326,50867.71429
zwe,20210327,55327.85714
zwe,20210328,60529.28571
zwe,20210329,65963
zwe,20210330,71772.85714
zwe,20210331,77485.28571
zwe,20210401,84102.42857
zwe,20210402,92258.28571
zwe,20210403,100756
zwe,20210404,109293.28571
zwe,20210405,118421.85714
zwe,20210406,129310.57143
zwe,20210407,141737.85714
zwe,20210408,152573.14286
zwe,20210409,162420.14286
zwe,20210410,173462.28571
zwe,20210411,183757.85714
zwe,20210412,194693
zwe,20210413,207195.57143
zwe,20210415,223382.28571
zwe,20210417,240271.42857
zwe,20210418,256098
zwe,20210420,270708.57143
zwe,20210421,288053.42857
zwe,20210422,303814.42857
zwe,20210423,317666.42857
zwe,20210424,328951.14286
zwe,20210425,341767.14286
zwe,20210426,356940.57143
zwe,20210427,374210.14286
zwe,20210428,392076.14286
zwe,20210429,415989.14286
zwe,20210501,440726.57143
zwe,20210502,462506.57143
zwe,20210503,483629.14286
zwe,20210504,504847.28571
zwe,20210505,525175
zwe,20210506,546509.57143
zwe,20210507,566569.57143
zwe,20210508,586218
zwe,20210509,609081.42857
zwe,20210510,630958.14286
zwe,20210511,652386
zwe,20210512,674404.85714
zwe,20210513,695071.28571
zwe,20210514,714282.57143
zwe,20210515,733635.85714
zwe,20210516,749736.42857
zwe,20210517,767394.28571
zwe,20210518,784848.85714
zwe,20210519,804424.71429
zwe,20210521,826146.57143
zwe,20210523,845545.42857
zwe,20210524,864785.28571
zwe,20210526,884798.57143
zwe,20210527,904674.42857
zwe,20210528,925366.14286
zwe,20210529,944661.71429
zwe,20210530,960076
zwe,20210531,975653.85714
zwe,20210601,990409.71429
zwe,20210602,1005148.85714
zwe,20210603,1018736.71429
zwe,20210604,1030085.57143
zwe,20210605,1038583.57143
zwe,20210606,1046602.71429
zwe,20210607,1054301.71429
zwe,20210608,1061091.42857
zwe,20210609,1067344.14286
zwe,20210610,1073201.57143
zwe,20210611,1079938.71429
zwe,20210613,1086382.57143
zwe,20210614,1092110.57143
zwe,20210615,1097754.42857
zwe,20210616,1103763.57143
zwe,20210617,1109778.42857
zwe,20210618,1116123.28571
zwe,20210620,1121171.14286
zwe,20210621,1125998.85714
zwe,20210622,1131452.42857
zwe,20210623,1139076.85714
zwe,20210624,1149425.71429
zwe,20210625,1163115.71429
zwe,20210626,1179628.28571
zwe,20210627,1199132
zwe,20210628,1221746.57143
zwe,20210629,1245920.71429
zwe,20210630,1269576.28571
zwe,20210701,1290811.28571
zwe,20210702,1309497.42857
zwe,20210703,1325223.28571
zwe,20210704,1337502.28571
zwe,20210705,1347542.85714
zwe,20210706,1357110.28571
zwe,20210707,1366584.71429
zwe,20210708,1384021.42857
zwe,20210710,1401796
zwe,20210711,1420628.85714
zwe,20210712,1445011.42857
zwe,20210713,1479900.57143
zwe,20210715,1529785.28571
zwe,20210717,1583027.71429
zwe,20210718,1628920.14286
zwe,20210719,1678952.57143
zwe,20210720,1736902.42857
zwe,20210721,1796518.57143
zwe,20210722,1854114.28571
zwe,20210723,1909061.85714
zwe,20210725,1967202.42857
zwe,20210726,2023370.42857
zwe,20210727,2087341.57143
zwe,20210728,2148301.14286
zwe,20210729,2209145.28571
zwe,20210730,2265777.85714
zwe,20210731,2311020.28571
zwe,20210802,2353149
zwe,20210803,2413945.57143
zwe,20210804,2460924
zwe,20210805,2526672
zwe,20210807,2595001.57143
zwe,20210808,2662617.71429
zwe,20210809,2735251.71429
zwe,20210810,2806714.57143
zwe,20210811,2865764.14286
zwe,20210812,2949944.42857
zwe,20210814,3014360.14286
zwe,20210815,3076626
zwe,20210816,3142259.42857
zwe,20210817,3215038.14286
zwe,20210818,3296292.57143
zwe,20210819,3382520.57143
zwe,20210820,3454842.28571
zwe,20210821,3528889.85714
zwe,20210822,3598024.28571
zwe,20210823,3667028
zwe,20210824,3729665.85714
zwe,20210825,3797262.57143
zwe,20210827,3862270.85714
zwe,20210828,3920963.14286
zwe,20210829,3975907.57143
zwe,20210830,4032973
zwe,20210831,4088803.42857
zwe,20210901,4143232.85714
zwe,20210902,4187264
zwe,20210903,4229581.28571
zwe,20210904,4270994.42857
zwe,20210905,4312958.14286
zwe,20210907,4358856.14286
zwe,20210908,4405096
zwe,20210909,4451098.42857
zwe,20210910,4497261.28571
zwe,20210911,4543992.14286
zwe,20210913,4592926
zwe,20210914,4644295.85714
zwe,20210915,4694624.42857
zwe,20210916,4753371
zwe,20210918,4809154
zwe,20210919,4860381.57143
zwe,20210920,4908367.85714
zwe,20210921,4955750
zwe,20210922,5001858.71429
zwe,20210923,5046243.28571
zwe,20210924,5079537.71429
zwe,20210925,5111847.85714
zwe,20210926,5143252.71429
zwe,20210927,5174503
zwe,20210928,5203940.85714
zwe,20210929,5232058.28571
zwe,20210930,5259071.28571
zwe,20211001,5285864.28571
zwe,20211002,5312451
zwe,20211003,5338973.42857
zwe,20211004,5363201.57143
zwe,20211005,5388797
zwe,20211006,5413934.85714
zwe,20211007,5438043.85714
zwe,20211008,5462096.85714
zwe,20211009,5485570.85714
zwe,20211010,5508109.57143
zwe,20211011,5530742.28571
zwe,20211012,5550741
zwe,20211013,5569098.85714
zwe,20211014,5586967.71429
zwe,20211015,5603057.71429
zwe,20211016,5618777.42857
zwe,20211017,5635141.57143
zwe,20211018,5655509.85714
zwe,20211019,5675319.71429
zwe,20211020,5695766.85714
zwe,20211021,5715054.85714
zwe,20211022,5734490.85714
zwe,20211023,5753764.85714
zwe,20211024,5772729.71429
zwe,20211025,5787588.57143
zwe,20211026,5802724
zwe,20211027,5817292.57143
zwe,20211028,5831533.28571
zwe,20211029,5845716.85714
zwe,20211030,5859846.57143
zwe,20211031,5873497.28571
zwe,20211101,5887027.71429
zwe,20211102,5901022.42857
zwe,20211103,5915120
zwe,20211104,5929575.42857
zwe,20211105,5943672.42857
zwe,20211106,5958477.71429
zwe,20211107,5974173.85714
zwe,20211108,5990032
zwe,20211109,6006382.14286
zwe,20211110,6023550.57143
zwe,20211111,6041538.85714
zwe,20211112,6061538.85714
zwe,20211113,6082731
zwe,20211114,6103338.57143
zwe,20211115,6125621.28571
zwe,20211116,6150107.85714
zwe,20211118,6183139
zwe,20211119,6220399.14286
zwe,20211120,6258349.71429
zwe,20211121,6296111.71429
zwe,20211122,6334415.71429
zwe,20211123,6372189.42857
zwe,20211124,6409154.28571
zwe,20211125,6438099.28571
zwe,20211126,6464075.28571
zwe,20211127,6487565.28571
zwe,20211128,6508849.57143
zwe,20211129,6530658.28571
zwe,20211130,6553118.71429
zwe,20211201,6575056.85714
zwe,20211202,6599209
zwe,20211203,6622889.57143
zwe,20211204,6648854
zwe,20211205,6676124.71429
zwe,20211206,6703120.14286
zwe,20211207,6731184.42857
zwe,20211208,6758956.71429
zwe,20211209,6785985.14286
zwe,20211210,6812981.14286
zwe,20211211,6837196.14286
zwe,20211212,6862088.71429
zwe,20211213,6887899.14286
zwe,20211214,6912471.71429
zwe,20211215,6937979.42857
zwe,20211216,6964717.14286
zwe,20211217,6992334.85714
zwe,20211218,7020941.71429
zwe,20211219,7048062.71429
zwe,20211220,7073615.42857
zwe,20211221,7098122
zwe,20211222,7120152
zwe,20211223,7138674
zwe,20211224,7154157.57143
zwe,20211225,7168029.42857
zwe,20211226,7181023.14286
zwe,20211227,7192941
zwe,20211228,7202997.42857
zwe,20211229,7212523.57143
zwe,20211231,7222726.14286
zwe,20220101,7232696.14286
zwe,20220102,7242426.42857
zwe,20220103,7252366.85714
zwe,20220104,7263230.71429
zwe,20220105,7275761.42857
zwe,20220106,7288567.14286
zwe,20220107,7299870.42857
zwe,20220108,7310776.28571
zwe,20220109,7321837.71429
zwe,20220110,7333326.85714
zwe,20220111,7344648.71429
zwe,20220112,7356208.28571
zwe,20220113,7368402.85714
zwe,20220114,7380599.85714
zwe,20220115,7392873
zwe,20220116,7404857.85714
zwe,20220117,7416490.57143
zwe,20220118,7428602.14286
zwe,20220119,7440256.42857
zwe,20220120,7450818.85714
zwe,20220121,7461223.71429
zwe,20220122,7471790.42857
zwe,20220123,7482421.57143
zwe,20220124,7492694.28571
zwe,20220125,7502273.57143
zwe,20220126,7511004.57143
zwe,20220127,7519524.85714
zwe,20220128,7527772.14286
zwe,20220129,7535486.57143
zwe,20220130,7542813.28571
zwe,20220131,7550298.71429
zwe,20220201,7557848.42857
zwe,20220202,7566456.14286
zwe,20220203,7574752.14286
zwe,20220204,7582940.14286
zwe,20220205,7590996.85714
zwe,20220206,7598991.57143
zwe,20220207,7606876.14286
zwe,20220208,7614411.57143
