geo,time,excess_mortality_smoothed
abw,20200331,27.81
abw,20200430,14.495
abw,20200531,1.55667
abw,20200630,5.07
abw,20200731,1.304
abw,20200831,3.40667
abw,20200930,11.46857
abw,20201031,11.55143
abw,20201130,10.96857
abw,20201231,13.57143
abw,20210131,14.13857
abw,20210228,23.18571
abw,20210331,26.65
abw,20210430,26.46143
abw,20210531,23.99286
abw,20210630,22.78286
abw,20210731,27.71714
abw,20210831,40.6
abw,20210930,44.57429
alb,20200229,2.88
alb,20200331,2.095
alb,20200430,2.74333
alb,20200531,3.8075
alb,20200630,5.09
alb,20200731,8.19
alb,20200831,13.60714
alb,20200930,17.56
alb,20201031,23.88
alb,20201130,40.46714
alb,20201231,47.26714
alb,20210131,48.99286
alb,20210228,58.54571
alb,20210331,59.03714
alb,20210430,60.20857
alb,20210531,55.20143
alb,20210630,37.10714
alb,20210731,29.77
alb,20210831,29.64
alb,20210930,22.85429
and,20200331,23.46
and,20200430,84.68
and,20200531,78.67667
and,20200630,59.2025
and,20200731,48.53
and,20200831,36.34167
and,20200930,32.17
and,20201031,41.12286
and,20201130,16.35429
and,20201231,11.31714
arg,20200131,-2.94
arg,20200229,-0.47
arg,20200331,-0.66667
arg,20200430,-1.3725
arg,20200531,-2.292
arg,20200630,-4.02
arg,20200731,-2.75
arg,20200831,0.04
arg,20200930,5.05
arg,20201031,12.62429
arg,20201130,18.84857
arg,20201231,23.78429
arm,20200331,-0.86
arm,20200430,1.43
arm,20200531,0.8
arm,20200630,12.6375
arm,20200731,17.166
arm,20200831,15.71667
arm,20200930,16.65429
arm,20201031,28.78286
arm,20201130,53.76714
arm,20201231,66.64571
arm,20210131,62.54714
arm,20210228,58.65286
arm,20210331,60.71143
arm,20210430,66.34143
arm,20210531,57.85429
arm,20210630,34.94571
arm,20210731,23.81857
arm,20210831,23.24286
arm,20210930,29.70286
arm,20211031,37.20857
atg,20200331,0.17
atg,20200430,-0.22
atg,20200531,0.44
atg,20200630,-4.1225
atg,20200731,-3.766
atg,20200831,-7.39667
atg,20200930,-8.38143
atg,20201031,-10.04857
atg,20201130,-10.96429
atg,20201231,-14.09571
aus,20200126,3.53
aus,20200202,1.525
aus,20200209,1.12
aus,20200216,1.6475
aus,20200223,1.78
aus,20200301,2.29833
aus,20200308,2.00286
aus,20200315,1.70857
aus,20200322,2.38
aus,20200329,3.34571
aus,20200405,4.30857
aus,20200412,4.74571
aus,20200419,4.15714
aus,20200426,4.48857
aus,20200503,4.16
aus,20200510,3.62
aus,20200517,2.06571
aus,20200524,0.32
aus,20200531,-0.93143
aus,20200607,-2.02857
aus,20200614,-3.20143
aus,20200621,-4.30286
aus,20200628,-5.77857
aus,20200705,-6.51
aus,20200712,-7.30571
aus,20200719,-8.30571
aus,20200726,-8.31857
aus,20200802,-8.16
aus,20200809,-7.65714
aus,20200816,-6.62571
aus,20200823,-6.59571
aus,20200830,-6.83571
aus,20200906,-6.35
aus,20200913,-6.42571
aus,20200920,-7.12571
aus,20200927,-6.88
aus,20201004,-7.01571
aus,20201011,-6.6
aus,20201018,-6.01714
aus,20201025,-5.74143
aus,20201101,-5.03429
aus,20201108,-3.76
aus,20201115,-2.73
aus,20201122,-2.45
aus,20201129,-2.03
aus,20201206,-0.66
aus,20201213,-0.08429
aus,20201220,0.47
aus,20201227,1.14
aus,20210103,0.72571
aus,20210110,1.14286
aus,20210117,1.35143
aus,20210124,1.59714
aus,20210131,1.85857
aus,20210207,2.50571
aus,20210214,2.06286
aus,20210221,1.92
aus,20210228,2.25286
aus,20210307,2.87
aus,20210314,2.64143
aus,20210321,3.28571
aus,20210328,2.85286
aus,20210404,3.21143
aus,20210411,3.08143
aus,20210418,3.63714
aus,20210425,4.09571
aus,20210502,4.51
aus,20210509,5.25143
aus,20210516,5.51429
aus,20210523,5.67714
aus,20210530,6.77714
aus,20210606,5.85286
aus,20210613,5.81571
aus,20210620,5.42429
aus,20210627,4.13714
aus,20210704,3.65714
aus,20210711,3.13143
aus,20210718,2.53
aus,20210725,2.73
aus,20210801,2.25
aus,20210808,1.38857
aus,20210815,0.73857
aus,20210822,0.15143
aus,20210829,-0.76429
aus,20210905,-1.72857
aus,20210912,-2.90143
aus,20210919,-3.40857
aus,20210926,-3.69714
aus,20211003,-2.77714
aus,20211010,-2.55429
aus,20211017,-1.98571
aus,20211024,-1.32571
aus,20211031,-1.1
aut,20200301,-3.64
aut,20200308,-2.63
aut,20200315,-1.99667
aut,20200322,1.885
aut,20200329,2.71
aut,20200405,4.57833
aut,20200412,6.00143
aut,20200419,8.01571
aut,20200426,9.19286
aut,20200503,9.26
aut,20200510,7.92857
aut,20200517,7.13571
aut,20200524,5.54571
aut,20200531,3.31286
aut,20200607,2.40143
aut,20200614,1.44
aut,20200621,1.33857
aut,20200628,0.92857
aut,20200705,1.91
aut,20200712,1.37286
aut,20200719,1.08714
aut,20200726,-0.02571
aut,20200802,0.01857
aut,20200809,0.03429
aut,20200816,1.07143
aut,20200823,0.26
aut,20200830,0.93143
aut,20200906,2.66857
aut,20200913,4.42571
aut,20200920,5.65286
aut,20200927,6.17
aut,20201004,5.47714
aut,20201011,6.03857
aut,20201018,6.39286
aut,20201025,7.45143
aut,20201101,9.61571
aut,20201108,12.82143
aut,20201115,18.93
aut,20201122,26.25429
aut,20201129,33.45714
aut,20201206,40.74
aut,20201213,45.88
aut,20201220,47.53714
aut,20201227,46.14286
aut,20210103,41.67286
aut,20210110,34.85857
aut,20210117,27.48857
aut,20210124,20.92714
aut,20210131,14.92
aut,20210207,10.10571
aut,20210214,6.29143
aut,20210221,3.40143
aut,20210228,1.02
aut,20210307,-1.51571
aut,20210314,-3.29143
aut,20210321,-5.08
aut,20210328,-4.93571
aut,20210404,-3.21857
aut,20210411,-1.83286
aut,20210418,0.71286
aut,20210425,4.00143
aut,20210502,6.18857
aut,20210509,8.18571
aut,20210516,9.26
aut,20210523,8.69286
aut,20210530,8.67143
aut,20210606,9.20857
aut,20210613,9.15714
aut,20210620,8.52857
aut,20210627,9.10714
aut,20210704,8.58
aut,20210711,8.34
aut,20210718,8.48143
aut,20210725,7.64571
aut,20210801,6.57
aut,20210808,4.58857
aut,20210815,4.13857
aut,20210822,4.60429
aut,20210829,5.65143
aut,20210905,6.08
aut,20210912,7.57857
aut,20210919,8.70857
aut,20210926,10.67286
aut,20211003,10.59429
aut,20211010,9.92571
aut,20211017,9.62429
aut,20211024,10.42714
aut,20211031,11.42714
aut,20211107,13.87143
aut,20211114,17.42571
aut,20211121,20.52857
aut,20211128,25.17
aut,20211205,30.00714
aut,20211212,32.43143
aze,20200331,23.76
aze,20200430,7.355
aze,20200531,1.67333
aze,20200630,13.0525
aze,20200731,16.81
aze,20200831,15.68667
aze,20200930,14.55714
aze,20201031,15.29
aze,20201130,28.36571
aze,20201231,58.61714
aze,20210131,58.96143
aze,20210228,55.47286
aze,20210331,57.07429
aze,20210430,62.99286
aze,20210531,60.91
aze,20210630,52.46143
aze,20210731,24.25571
aze,20210831,23.12429
aze,20210930,33.46286
aze,20211031,35.2
bel,20200209,-12.66
bel,20200216,-10.53
bel,20200223,-9.46
bel,20200301,-9.9575
bel,20200308,-9.892
bel,20200315,-8.995
bel,20200322,-6.25
bel,20200329,1.83571
bel,20200405,15.91571
bel,20200412,32.01143
bel,20200419,45.21286
bel,20200426,53.72
bel,20200503,57.36714
bel,20200510,58.48143
bel,20200517,52.68
bel,20200524,40.65
bel,20200531,26.02
bel,20200607,13.89
bel,20200614,7.09286
bel,20200621,3.37857
bel,20200628,1.37857
bel,20200705,-0.86714
bel,20200712,-3.06143
bel,20200719,-3.78714
bel,20200726,-4.52
bel,20200802,-4.34714
bel,20200809,-2.29429
bel,20200816,5.1
bel,20200823,9.26714
bel,20200830,10.43143
bel,20200906,11.11
bel,20200913,12.14429
bel,20200920,12.59857
bel,20200927,11.35857
bel,20201004,3.07
bel,20201011,0.99286
bel,20201018,2.29571
bel,20201025,6.54143
bel,20201101,16.21857
bel,20201108,27.30143
bel,20201115,36.96143
bel,20201122,44.62429
bel,20201129,49.70714
bel,20201206,52.18571
bel,20201213,51.20429
bel,20201220,44.87143
bel,20201227,35.26714
bel,20210103,26.84
bel,20210110,20.02286
bel,20210117,14.50571
bel,20210124,11.03571
bel,20210131,7.56286
bel,20210207,3.20429
bel,20210214,-0.70429
bel,20210221,-3.16429
bel,20210228,-5.62143
bel,20210307,-8.43571
bel,20210314,-10.22286
bel,20210321,-11.80714
bel,20210328,-11.77571
bel,20210404,-10.27286
bel,20210411,-8.46857
bel,20210418,-5.98429
bel,20210425,-1.84286
bel,20210502,1.09429
bel,20210509,4.33571
bel,20210516,5.94
bel,20210523,6.26714
bel,20210530,5.78429
bel,20210606,5.68143
bel,20210613,4.52286
bel,20210620,4.1
bel,20210627,1.25429
bel,20210704,1.16143
bel,20210711,-0.58857
bel,20210718,-0.38143
bel,20210725,-0.07
bel,20210801,-0.90429
bel,20210808,-1.81857
bel,20210815,-0.65143
bel,20210822,-1.01857
bel,20210829,0.09429
bel,20210905,0.06
bel,20210912,0.57857
bel,20210919,1.62571
bel,20210926,1.73714
bel,20211003,1.88286
bel,20211010,2.62571
bel,20211017,4.28429
bel,20211024,6.28857
bel,20211031,7.39143
bel,20211107,9.20857
bel,20211114,11.76857
bel,20211121,13.96143
bel,20211128,15.73
bel,20211205,18.21857
bgr,20200308,-8.84
bgr,20200315,-6.92
bgr,20200322,-6.14
bgr,20200329,-5.0975
bgr,20200405,-4.746
bgr,20200412,-4.155
bgr,20200419,-3.71714
bgr,20200426,-2.82
bgr,20200503,-2.83714
bgr,20200510,-2.86857
bgr,20200517,-1.58857
bgr,20200524,-1.51571
bgr,20200531,-2.34143
bgr,20200607,-2.01714
bgr,20200614,-1.38857
bgr,20200621,-0.74571
bgr,20200628,-0.31
bgr,20200705,0.66143
bgr,20200712,1.97429
bgr,20200719,2.92429
bgr,20200726,3.00571
bgr,20200802,4.35571
bgr,20200809,5.52857
bgr,20200816,6.82429
bgr,20200823,5.62571
bgr,20200830,5.80429
bgr,20200906,7.06143
bgr,20200913,7.71429
bgr,20200920,6.55143
bgr,20200927,5.94286
bgr,20201004,5.32571
bgr,20201011,5.40571
bgr,20201018,5.15286
bgr,20201025,6.33143
bgr,20201101,10.02429
bgr,20201108,17.46857
bgr,20201115,29.50143
bgr,20201122,45.30857
bgr,20201129,62.68714
bgr,20201206,79.35714
bgr,20201213,91.38714
bgr,20201220,98.05571
bgr,20201227,95.69571
bgr,20210103,87.02857
bgr,20210110,71.11714
bgr,20210117,52.50429
bgr,20210124,35.08714
bgr,20210131,20.48857
bgr,20210207,8.88
bgr,20210214,3.80714
bgr,20210221,1.27429
bgr,20210228,2.92286
bgr,20210307,6.41143
bgr,20210314,11.20714
bgr,20210321,19.25571
bgr,20210328,29.85
bgr,20210404,42.27714
bgr,20210411,52.25
bgr,20210418,61.95286
bgr,20210425,68.5
bgr,20210502,71.33857
bgr,20210509,69.19571
bgr,20210516,62.76714
bgr,20210523,52.83143
bgr,20210530,43.20857
bgr,20210606,32.67143
bgr,20210613,24.17286
bgr,20210620,17.25143
bgr,20210627,14.04857
bgr,20210704,11.68
bgr,20210711,10.36286
bgr,20210718,9.91
bgr,20210725,9.34857
bgr,20210801,9.18286
bgr,20210808,10.54857
bgr,20210815,10.40857
bgr,20210822,10.74714
bgr,20210829,13.24714
bgr,20210905,17.32571
bgr,20210912,23.48429
bgr,20210919,31.10429
bgr,20210926,36.64143
bgr,20211003,42.62
bgr,20211010,49.15571
bgr,20211017,55.3
bgr,20211024,62.37571
bgr,20211031,69.46429
bgr,20211107,74.94714
bgr,20211114,80.62143
bgr,20211121,84.63286
bgr,20211128,86.93143
bgr,20211205,85.7
bgr,20211212,80.62429
bih,20200331,-11.77
bih,20200430,-2.63
bih,20200531,-2.43
bih,20200630,-0.12
bih,20200731,1.734
bih,20200831,4.22
bih,20200930,7.84143
bih,20201031,11.85
bih,20201130,22.95714
bih,20201231,36.71
bih,20210131,35.96143
bih,20210228,35.25286
bih,20210331,38.90429
bih,20210430,49.10286
bih,20210531,52.60714
bih,20210630,43.21286
bih,20210731,31.06143
bih,20210831,31.66429
bih,20210930,37.00286
blr,20200229,-3.33
blr,20200331,-2.36
blr,20200430,0.32667
blr,20200531,4.1725
blr,20200630,11.068
blr,20200731,11.30833
blr,20200831,11.39143
blr,20200930,14.15429
blr,20201031,17.42571
blr,20201130,25.49286
blr,20201231,33.45143
blr,20210131,33.66571
blr,20210228,35.61
blr,20210331,34.16857
blz,20200331,-10.37
blz,20200430,-12.49
blz,20200531,-10.02
blz,20200630,-6.685
blz,20200731,-6.136
blz,20200831,-5.77
blz,20200930,-6.47
blz,20201031,-3.18429
blz,20201130,6.15571
blz,20201231,14.18143
bmu,20200331,22.62
bmu,20200430,32.265
bmu,20200531,23.03667
bmu,20200630,12.38
bmu,20200731,7.564
bmu,20200831,5.22667
bmu,20200930,12.63857
bmu,20201031,5.66857
bmu,20201130,0.38143
bmu,20201231,-0.43
bol,20200331,4.88
bol,20200430,-11.675
bol,20200531,-8.76
bol,20200630,13.065
bol,20200731,59.04
bol,20200831,71.93333
bol,20200930,64.73714
bol,20201031,65.86429
bol,20201130,71.31286
bol,20201231,72.64857
bol,20210131,76.23
bol,20210228,50.90714
bol,20210331,36.50143
bol,20210430,37.19
bol,20210531,47.63714
bol,20210630,62.77286
bol,20210731,72.01
bol,20210831,63.17286
bol,20210930,57.49
bra,20200229,5.25
bra,20200331,5.885
bra,20200430,7.75
bra,20200531,13.49
bra,20200630,14.648
bra,20200731,15.35667
bra,20200831,16.25571
bra,20200930,17.76429
bra,20201031,19.09286
bra,20201130,19.79286
bra,20201231,18.99286
bra,20210131,20.83714
bra,20210228,22.98143
bra,20210331,31.59
bra,20210430,40.97286
bra,20210531,45.73714
bra,20210630,50.46286
bra,20210731,51.31714
bra,20210831,50.53
bra,20210930,48.11714
bra,20211031,37.48
bra,20211130,27.84429
brb,20200331,8.64
brb,20200430,-4.5
brb,20200531,-4.38333
brb,20200630,-0.9425
brb,20200731,-0.72
brb,20200831,0.965
brb,20200930,-2.28143
brb,20201031,-4.89286
brb,20201130,-3.95286
brb,20201231,-2.22143
brb,20210131,-9.15714
brb,20210228,-9.70286
brb,20210331,-4.84857
brb,20210430,-3.87429
brb,20210531,-4.43143
brb,20210630,-0.98714
brb,20210731,-7.47571
brb,20210831,0.46714
brb,20210930,0.80857
brn,20200331,0.8
brn,20200430,-2.85
brn,20200531,-4.43667
brn,20200630,7.3875
brn,20200731,4.728
brn,20200831,2.945
brn,20200930,-0.48857
brn,20201031,-3.02857
brn,20201130,-2.67857
brn,20201231,-2.65
can,20200126,-1.97
can,20200202,-2.87
can,20200209,-2.89667
can,20200216,-3.59
can,20200223,-4.032
can,20200301,-3.84833
can,20200308,-3.78714
can,20200315,-3.91286
can,20200322,-3.26
can,20200329,-2.45
can,20200405,-0.17571
can,20200412,3.05429
can,20200419,5.99143
can,20200426,9.95571
can,20200503,13.66
can,20200510,16.00429
can,20200517,17.58286
can,20200524,17.68429
can,20200531,16.87
can,20200607,15.23
can,20200614,11.72143
can,20200621,8.75714
can,20200628,6.50429
can,20200705,4.36714
can,20200712,3.38
can,20200719,2.23143
can,20200726,1.67714
can,20200802,1.95429
can,20200809,1.82857
can,20200816,2.37
can,20200823,3.26143
can,20200830,2.83429
can,20200906,2.96571
can,20200913,2.90143
can,20200920,3.23857
can,20200927,3.97571
can,20201004,3.78857
can,20201011,3.73857
can,20201018,3.92857
can,20201025,3.77286
can,20201101,4.08714
can,20201108,5.17286
can,20201115,5.53
can,20201122,6.14286
can,20201129,7.03857
can,20201206,8.63571
can,20201213,10.03
can,20201220,10.77857
can,20201227,10.69857
can,20210103,11.27
can,20210110,10.95429
can,20210117,10.09
can,20210124,8.86286
can,20210131,7.80571
can,20210207,7.15429
can,20210214,5.33429
can,20210221,3.14571
can,20210228,1.79286
can,20210307,0.79143
can,20210314,-0.68429
can,20210321,-2.38
can,20210328,-3.57286
can,20210404,-3.94143
can,20210411,-3.69571
can,20210418,-3.29714
can,20210425,-3.09286
can,20210502,-1.79857
can,20210509,-0.64286
can,20210516,0.07857
can,20210523,1.13571
can,20210530,0.71429
can,20210606,1.16857
can,20210613,0.94
can,20210620,0.29429
can,20210627,-0.12143
can,20210704,1.72286
can,20210711,1.16571
can,20210718,1.42286
can,20210725,1.01571
can,20210801,1.30286
can,20210808,1.26
can,20210815,0.84143
can,20210822,-1.23429
can,20210829,-1.52143
can,20210905,-1.83714
can,20210912,-2.52714
che,20200301,-12.11
che,20200308,-9.6
che,20200315,-6.53667
che,20200322,-1.635
che,20200329,3.838
che,20200405,10.38
che,20200412,13.45571
che,20200419,19.03286
che,20200426,21.99
che,20200503,22.15
che,20200510,19.98286
che,20200517,15.89286
che,20200524,9.37857
che,20200531,3.99857
che,20200607,0.09286
che,20200614,-1.84857
che,20200621,-2.41143
che,20200628,-2.41
che,20200705,-2.28571
che,20200712,-2.18714
che,20200719,-2.77
che,20200726,-3.29286
che,20200802,-2.14571
che,20200809,-1.76
che,20200816,-0.81857
che,20200823,-0.19
che,20200830,0.00143
che,20200906,1.23571
che,20200913,2.44714
che,20200920,1.53143
che,20200927,1.86714
che,20201004,0.93857
che,20201011,1.47571
che,20201018,1.91286
che,20201025,4.83714
che,20201101,9.08857
che,20201108,17.79
che,20201115,26.90286
che,20201122,36.78286
che,20201129,44.08286
che,20201206,52.73857
che,20201213,59.33429
che,20201220,62.79286
che,20201227,61.16429
che,20210103,57.72143
che,20210110,52.62857
che,20210117,47.56286
che,20210124,41.49143
che,20210131,34.05429
che,20210207,25.49857
che,20210214,17.56571
che,20210221,10.02857
che,20210228,3.74857
che,20210307,-1.34143
che,20210314,-5.33714
che,20210321,-8.71571
che,20210328,-9.14571
che,20210404,-8.78857
che,20210411,-7.16143
che,20210418,-4.77143
che,20210425,-2.23429
che,20210502,0.21143
che,20210509,1.77857
che,20210516,3.81286
che,20210523,4.72571
che,20210530,5.03857
che,20210606,6.00143
che,20210613,5.13143
che,20210620,5.36857
che,20210627,5.9
che,20210704,4.88857
che,20210711,4.47714
che,20210718,4.52857
che,20210725,3.28571
che,20210801,3.75286
che,20210808,2.67286
che,20210815,3.91714
che,20210822,5.14143
che,20210829,5.85857
che,20210905,7.92714
che,20210912,9.91857
che,20210919,11.76857
che,20210926,12.78571
che,20211003,12.24714
che,20211010,10.73143
che,20211017,10.74714
che,20211024,9.44714
che,20211031,8.80571
che,20211107,7.98286
che,20211114,8.27857
che,20211121,9.63571
che,20211128,12.67286
che,20211205,15.37143
che,20211212,18.74143
che,20211219,19.68143
chl,20200223,-3.54
chl,20200301,-1.41
chl,20200308,-0.80667
chl,20200315,-0.0125
chl,20200322,1.192
chl,20200329,1.65333
chl,20200405,2.18714
chl,20200412,2.48571
chl,20200419,3.02571
chl,20200426,3.12286
chl,20200503,2.89143
chl,20200510,4.11857
chl,20200517,5.65429
chl,20200524,9.10143
chl,20200531,16.14
chl,20200607,24.43
chl,20200614,32.71857
chl,20200621,39.53571
chl,20200628,43.04286
chl,20200705,44.35429
chl,20200712,43.16
chl,20200719,38.04
chl,20200726,30.50286
chl,20200802,23.35714
chl,20200809,17.33857
chl,20200816,12.34571
chl,20200823,10.69429
chl,20200830,9.17429
chl,20200906,8.04429
chl,20200913,7.68429
chl,20200920,7.00286
chl,20200927,7.08857
chl,20201004,7.69714
chl,20201011,7.99857
chl,20201018,8.13571
chl,20201025,9.35429
chl,20201101,9.99286
chl,20201108,10.81286
chl,20201115,10.79143
chl,20201122,10.66429
chl,20201129,10.17857
chl,20201206,10.27429
chl,20201213,9.98286
chl,20201220,9.63571
chl,20201227,11.14286
chl,20210103,12.71
chl,20210110,14.63286
chl,20210117,16.79143
chl,20210124,20.25143
chl,20210131,22.73857
chl,20210207,25.90571
chl,20210214,27.27857
chl,20210221,29.05857
chl,20210228,30.68714
chl,20210307,32.99571
chl,20210314,33.72429
chl,20210321,34.78429
chl,20210328,36.67714
chl,20210404,39.05
chl,20210411,41.05857
chl,20210418,42.43857
chl,20210425,41.16429
chl,20210502,40.16429
chl,20210509,39.72143
chl,20210516,38.39143
chl,20210523,37.15143
chl,20210530,35.97571
chl,20210606,34.43571
chl,20210613,34.03714
chl,20210620,32.98571
chl,20210627,32.25143
chl,20210704,31.69714
chl,20210711,29.94857
chl,20210718,28.26429
chl,20210725,25.80429
chl,20210801,23.11857
chl,20210808,20.46714
chl,20210815,18.15857
chl,20210822,15.37
chl,20210829,11.98429
chl,20210905,9.13
chl,20210912,7.70429
chl,20210919,6.93286
chl,20210926,6.07857
chl,20211003,4.76286
chl,20211010,4.17143
chl,20211017,5.68143
chl,20211024,6.11714
chl,20211031,8.00143
chl,20211107,8.6
chl,20211114,10.75
chl,20211121,13.17857
chl,20211128,14.62857
chl,20211205,16.74429
chl,20211212,18.73857
chl,20211219,18.57
col,20200308,-2.65
col,20200315,-3.935
col,20200322,-3.70667
col,20200329,-4.5775
col,20200405,-5.602
col,20200412,-5.95333
col,20200419,-5.94857
col,20200426,-6.47286
col,20200503,-7.02714
col,20200510,-7.35286
col,20200517,-7.20429
col,20200524,-6.22143
col,20200531,-5.42857
col,20200607,-3.84429
col,20200614,-1.56714
col,20200621,2.26
col,20200628,6.44714
col,20200705,11.13571
col,20200712,16.91
col,20200719,24.7
col,20200726,33.22286
col,20200802,42.00286
col,20200809,48.66714
col,20200816,53.94429
col,20200823,57.63
col,20200830,58.60857
col,20200906,56.81429
col,20200913,52.81
col,20200920,47.24857
col,20200927,42.84286
col,20201004,38.31143
col,20201011,35.31857
col,20201018,33.59571
col,20201025,33.21
col,20201101,32.12571
col,20201108,32.14714
col,20201115,31.50857
col,20201122,31.73857
col,20201129,31.48
col,20201206,30.49286
col,20201213,30.05143
col,20201220,30.79286
col,20201227,31.85429
col,20210103,35.07143
col,20210110,38.42857
col,20210117,44.28571
col,20210124,50.75714
col,20210131,54.30286
col,20210207,56.40429
col,20210214,55.89429
col,20210221,52.56571
col,20210228,47.87429
col,20210307,40.65571
col,20210314,32.56571
col,20210321,26.82429
col,20210328,23.82143
col,20210404,24.21714
col,20210411,28.12143
col,20210418,36.92714
col,20210425,46.90857
col,20210502,57.77143
col,20210509,67.89
col,20210516,76.74714
col,20210523,83.43429
col,20210530,88.69714
col,20210606,91.46714
col,20210613,93.78857
col,20210620,97.33143
col,20210627,100.81143
col,20210704,103.43857
col,20210711,104.75429
col,20210718,102.97143
col,20210725,96.93
col,20210801,88.98714
col,20210808,77.25857
col,20210815,63.91286
col,20210822,50.82571
col,20210829,38.92714
col,20210905,28.35714
cri,20200331,-3.03
cri,20200430,-5.085
cri,20200531,-7.14333
cri,20200630,-8.285
cri,20200731,-6.962
cri,20200831,-4.55
cri,20200930,-0.63857
cri,20201031,1.93429
cri,20201130,3.97571
cri,20201231,8.99429
cub,20200331,8.14
cub,20200430,7.145
cub,20200531,3.04667
cub,20200630,1.025
cub,20200731,-0.37
cub,20200831,-0.485
cub,20200930,-1.38
cub,20201031,-2.84857
cub,20201130,-3.43286
cub,20201231,-0.57857
cyp,20200308,-9.99
cyp,20200315,-5.19
cyp,20200322,-1.36667
cyp,20200329,2.9425
cyp,20200405,3.482
cyp,20200412,1.4
cyp,20200419,1.16429
cyp,20200426,1.33429
cyp,20200503,0.88429
cyp,20200510,-0.15714
cyp,20200517,2.17143
cyp,20200524,9.86143
cyp,20200531,10.65714
cyp,20200607,13.64143
cyp,20200614,13.76143
cyp,20200621,12.69429
cyp,20200628,12.50571
cyp,20200705,8.59857
cyp,20200712,-1.21714
cyp,20200719,-0.71143
cyp,20200726,-2.50857
cyp,20200802,-0.83429
cyp,20200809,-2.43143
cyp,20200816,-1.82143
cyp,20200823,-2.33571
cyp,20200830,-1.55857
cyp,20200906,-3.11143
cyp,20200913,-2.76143
cyp,20200920,-3.59286
cyp,20200927,-0.95857
cyp,20201004,-0.39714
cyp,20201011,-0.55857
cyp,20201018,0.35
cyp,20201025,2.78571
cyp,20201101,0.71286
cyp,20201108,1.63857
cyp,20201115,2.54
cyp,20201122,0.95857
cyp,20201129,1.53857
cyp,20201206,2.09714
cyp,20201213,3.83286
cyp,20201220,4.51857
cyp,20201227,3.47714
cyp,20210103,2.81143
cyp,20210110,6.69571
cyp,20210117,3.90571
cyp,20210124,2.65286
cyp,20210131,0.78143
cyp,20210207,0.67714
cyp,20210214,-2.72714
cyp,20210221,-3.03143
cyp,20210228,-7.27143
cyp,20210307,-6.87571
cyp,20210314,-7.64714
cyp,20210321,-7.80143
cyp,20210328,-8.02143
cyp,20210404,-2.18
cyp,20210411,1.38571
cyp,20210418,7.57571
cyp,20210425,12.31
cyp,20210502,15.61286
cyp,20210509,18.97429
cyp,20210516,19.56429
cyp,20210523,16.30143
cyp,20210530,14.28429
cyp,20210606,10.16143
cyp,20210613,8.61
cyp,20210620,7.63286
cyp,20210627,3.09857
cyp,20210704,6.50571
cyp,20210711,10.85714
cyp,20210718,12.04143
cyp,20210725,16.26143
cyp,20210801,21.17714
cyp,20210808,28.09714
cyp,20210815,34.96571
cyp,20210822,35.82429
cyp,20210829,38.64
cyp,20210905,39.5
cyp,20210912,37.48429
cyp,20210919,33.84429
cyp,20210926,28.20286
cyp,20211003,24.38857
cyp,20211010,20.71857
cyp,20211017,17.36429
cyp,20211024,16.50571
cyp,20211031,14.64429
cyp,20211107,9.89143
cyp,20211114,10.16857
cze,20200301,-5.92
cze,20200308,-6.215
cze,20200315,-5.24667
cze,20200322,-3.7575
cze,20200329,-2.514
cze,20200405,-1.22333
cze,20200412,-0.48714
cze,20200419,0.46857
cze,20200426,0.62286
cze,20200503,1.36286
cze,20200510,0.80143
cze,20200517,0.46143
cze,20200524,-1.06286
cze,20200531,-2.6
cze,20200607,-1.74
cze,20200614,-1.08714
cze,20200621,-1.13
cze,20200628,-0.11429
cze,20200705,0.47714
cze,20200712,1.03
cze,20200719,1.67143
cze,20200726,0.81286
cze,20200802,1.95571
cze,20200809,2.44714
cze,20200816,2.49143
cze,20200823,2.59571
cze,20200830,3.06143
cze,20200906,3.66143
cze,20200913,4.16286
cze,20200920,4.47571
cze,20200927,6.05429
cze,20201004,7.02857
cze,20201011,9.35286
cze,20201018,14.71857
cze,20201025,24.71714
cze,20201101,38.58286
cze,20201108,52.07714
cze,20201115,61.33286
cze,20201122,68.42
cze,20201129,72.33143
cze,20201206,72.92857
cze,20201213,68.50714
cze,20201220,60.18571
cze,20201227,51.11571
cze,20210103,47.39286
cze,20210110,47.21857
cze,20210117,48.44143
cze,20210124,49.04714
cze,20210131,49.16857
cze,20210207,47.80571
cze,20210214,47.32571
cze,20210221,44.74857
cze,20210228,42.33857
cze,20210307,42.20429
cze,20210314,44.55857
cze,20210321,47.37143
cze,20210328,49.75143
cze,20210404,51.76571
cze,20210411,51.32
cze,20210418,48.42429
cze,20210425,43.11143
cze,20210502,36.06429
cze,20210509,28.86571
cze,20210516,22.93857
cze,20210523,15.83429
cze,20210530,10.52714
cze,20210606,7.14571
cze,20210613,4.16857
cze,20210620,2.42857
cze,20210627,0.90857
cze,20210704,-1.23
cze,20210711,-2.09857
cze,20210718,-1.65714
cze,20210725,-2.03
cze,20210801,-1.61143
cze,20210808,-3.21571
cze,20210815,-3.56286
cze,20210822,-3.52143
cze,20210829,-3.24429
cze,20210905,-3.16286
cze,20210912,-2.13143
cze,20210919,-1.5
cze,20210926,0.09571
cze,20211003,0.46714
cze,20211010,0.94714
cze,20211017,1.64286
cze,20211024,2.76
cze,20211031,5.04
cze,20211107,7.15
deu,20200202,-5.22
deu,20200209,-7
deu,20200216,-7.41333
deu,20200223,-8.8925
deu,20200301,-9.678
deu,20200308,-9.73833
deu,20200315,-9.08857
deu,20200322,-8.59143
deu,20200329,-7.13429
deu,20200405,-4.66571
deu,20200412,-1.09714
deu,20200419,1.78571
deu,20200426,3.75571
deu,20200503,4.90429
deu,20200510,5.11714
deu,20200517,4.69857
deu,20200524,3.58571
deu,20200531,1.65
deu,20200607,0.86714
deu,20200614,0.46571
deu,20200621,-0.26714
deu,20200628,0.1
deu,20200705,-0.48571
deu,20200712,-1.16143
deu,20200719,-1.38857
deu,20200726,-2.32143
deu,20200802,-2.40571
deu,20200809,-1.69
deu,20200816,0.42143
deu,20200823,2.00714
deu,20200830,2.38
deu,20200906,3.22714
deu,20200913,4.34143
deu,20200920,5.04286
deu,20200927,5.16429
deu,20201004,3.22714
deu,20201011,2.29429
deu,20201018,2.55286
deu,20201025,3.00429
deu,20201101,3.42
deu,20201108,3.51286
deu,20201115,4.37571
deu,20201122,5.45286
deu,20201129,7.93
deu,20201206,10.74571
deu,20201213,13.98143
deu,20201220,17.33571
deu,20201227,21.66
deu,20210103,25.39429
deu,20210110,27.59
deu,20210117,28.50571
deu,20210124,28.49571
deu,20210131,26.2
deu,20210207,22.57571
deu,20210214,17.44571
deu,20210221,11.70429
deu,20210228,6.01714
deu,20210307,0.25429
deu,20210314,-4.82
deu,20210321,-8.34
deu,20210328,-10.14143
deu,20210404,-10.85429
deu,20210411,-10.32286
deu,20210418,-7.87571
deu,20210425,-4.33429
deu,20210502,-0.91714
deu,20210509,2.40429
deu,20210516,4.32571
deu,20210523,5.43
deu,20210530,5.69286
deu,20210606,6.02857
deu,20210613,5.38286
deu,20210620,6.34286
deu,20210627,5.12143
deu,20210704,4.46143
deu,20210711,3.62429
deu,20210718,4.21429
deu,20210725,3.69286
deu,20210801,2.88714
deu,20210808,0.31429
deu,20210815,0.41571
deu,20210822,0.84
deu,20210829,1.64857
deu,20210905,1.30286
deu,20210912,3.02
deu,20210919,4.58286
deu,20210926,6.05857
deu,20211003,6.6
deu,20211010,6.99
deu,20211017,7.43286
deu,20211024,8.63429
deu,20211031,8.48
deu,20211107,9.36
deu,20211114,10.47286
deu,20211121,12.74429
deu,20211128,15.63143
deu,20211205,18.91
deu,20211212,20.86714
dnk,20200202,-7.23
dnk,20200209,-7.455
dnk,20200216,-8.82333
dnk,20200223,-9.825
dnk,20200301,-10.952
dnk,20200308,-11.05167
dnk,20200315,-10.94143
dnk,20200322,-10.06
dnk,20200329,-9.00429
dnk,20200405,-6.42714
dnk,20200412,-4.01714
dnk,20200419,-1.50286
dnk,20200426,1.17429
dnk,20200503,2.41714
dnk,20200510,2.33857
dnk,20200517,1.64143
dnk,20200524,0.65571
dnk,20200531,-0.36714
dnk,20200607,-1.23429
dnk,20200614,-2.31857
dnk,20200621,-2.83286
dnk,20200628,-2.24286
dnk,20200705,-1.16
dnk,20200712,-1.33143
dnk,20200719,-0.33571
dnk,20200726,-0.69714
dnk,20200802,-0.82429
dnk,20200809,-0.51
dnk,20200816,-0.59429
dnk,20200823,-0.99857
dnk,20200830,-1.03143
dnk,20200906,-1.39
dnk,20200913,-0.41143
dnk,20200920,1.01857
dnk,20200927,0.94857
dnk,20201004,0.61
dnk,20201011,-0.50143
dnk,20201018,-0.30429
dnk,20201025,0.66286
dnk,20201101,0.07857
dnk,20201108,-1.17286
dnk,20201115,-0.01143
dnk,20201122,0.49857
dnk,20201129,2.00571
dnk,20201206,1.99857
dnk,20201213,0.76714
dnk,20201220,3.75571
dnk,20201227,5.3
dnk,20210103,6.78571
dnk,20210110,7.36286
dnk,20210117,7.87571
dnk,20210124,9.68571
dnk,20210131,10.87143
dnk,20210207,8.73571
dnk,20210214,6.51571
dnk,20210221,2.74857
dnk,20210228,-0.89143
dnk,20210307,-4.54857
dnk,20210314,-8.04143
dnk,20210321,-11.80143
dnk,20210328,-13.59143
dnk,20210404,-14.73143
dnk,20210411,-14.58429
dnk,20210418,-12.86
dnk,20210425,-10.00286
dnk,20210502,-8.23429
dnk,20210509,-4.84714
dnk,20210516,-3.35143
dnk,20210523,-0.87143
dnk,20210530,1.08143
dnk,20210606,2.41286
dnk,20210613,3.08571
dnk,20210620,3.01714
dnk,20210627,2.36571
dnk,20210704,3.84143
dnk,20210711,2.93857
dnk,20210718,3.95571
dnk,20210725,4.41286
dnk,20210801,4.36857
dnk,20210808,6.40857
dnk,20210815,7.74857
dnk,20210822,7.32571
dnk,20210829,8.46857
dnk,20210905,8.15857
dnk,20210912,9.04
dnk,20210919,9.39429
dnk,20210926,8.19857
dnk,20211003,8.58286
dnk,20211010,8.40857
dnk,20211017,9.45571
dnk,20211024,9.88857
dnk,20211031,9.84571
dnk,20211107,10.54857
dnk,20211114,11.37
dnk,20211121,10.64429
dnk,20211128,11.87
dnk,20211205,11.7
dnk,20211212,11.71143
dom,20200331,-13.04
dom,20200430,-18.05
dom,20200531,-17.92
dom,20200630,-12.1475
dom,20200731,-3.826
dom,20200831,0.69
dom,20200930,0.13
ecu,20200301,2.36
ecu,20200308,-2.96
ecu,20200315,-3.48667
ecu,20200322,-2.1425
ecu,20200329,28.584
ecu,20200405,86.21
ecu,20200412,116.19286
ecu,20200419,144.97
ecu,20200426,166.16571
ecu,20200503,179.88143
ecu,20200510,191.52857
ecu,20200517,178.14857
ecu,20200524,131.69714
ecu,20200531,96.02714
ecu,20200607,73.01857
ecu,20200614,60.50286
ecu,20200621,54.23571
ecu,20200628,49.08714
ecu,20200705,48.50714
ecu,20200712,51.61143
ecu,20200719,55.90143
ecu,20200726,61.66429
ecu,20200802,65.10857
ecu,20200809,68.77143
ecu,20200816,71.20143
ecu,20200823,71.53143
ecu,20200830,67.26
ecu,20200906,62.82571
ecu,20200913,56.40714
ecu,20200920,50.32286
ecu,20200927,43.63286
ecu,20201004,37.04571
ecu,20201011,33.40429
ecu,20201018,30.70857
ecu,20201025,27.80429
ecu,20201101,24.78714
ecu,20201108,21.97143
ecu,20201115,21.59
ecu,20201122,23.03143
ecu,20201129,21.63714
ecu,20201206,21.99429
ecu,20201213,20.39857
ecu,20201220,20.84714
ecu,20201227,22.04714
ecu,20210103,23.22143
ecu,20210110,23.85143
ecu,20210117,27.38143
ecu,20210124,31.83857
ecu,20210131,36.66
ecu,20210207,41.16429
ecu,20210214,44.58143
ecu,20210221,47.12286
ecu,20210228,49.81571
ecu,20210307,50.08429
ecu,20210314,49.82
ecu,20210321,53.11571
ecu,20210328,57.40714
ecu,20210404,63.74571
ecu,20210411,70.94857
ecu,20210418,77.08571
ecu,20210425,87.77143
ecu,20210502,96.23571
ecu,20210509,99.94
ecu,20210516,99.89714
ecu,20210523,95.92571
ecu,20210530,89.05
ecu,20210606,80.92714
ecu,20210613,68.53143
ecu,20210620,57.42571
ecu,20210627,48.15714
ecu,20210704,40.23143
ecu,20210711,35.34857
ecu,20210718,31.84143
ecu,20210725,29.45714
ecu,20210801,28.09857
ecu,20210808,24.72
ecu,20210815,21.67857
ecu,20210822,18.93714
ecu,20210829,16.87
ecu,20210905,13.82571
ecu,20210912,11.81714
ecu,20210919,9.42571
ecu,20210926,8.65429
ecu,20211003,9.07571
ecu,20211010,8.58714
ecu,20211017,7.93857
ecu,20211024,7.67143
ecu,20211031,7.23286
ecu,20211107,6.06286
ecu,20211114,6.11714
ecu,20211121,5.84429
ecu,20211128,6.90143
ecu,20211205,6.25571
ecu,20211212,7.12857
ecu,20211219,7.41571
egy,20200229,3.54
egy,20200331,4.97
egy,20200430,3.12667
egy,20200531,9.94
egy,20200630,24.594
egy,20200731,25.475
egy,20200831,23.84571
egy,20200930,25.63857
egy,20201031,25.74571
egy,20201130,28.06286
egy,20201231,27.96571
egy,20210131,19.16571
egy,20210228,16.77571
egy,20210331,19.48286
egy,20210430,25.88143
egy,20210531,35.04714
egy,20210630,36.59571
esp,20200202,-0.77
esp,20200209,-3.345
esp,20200216,-4.92
esp,20200223,-6.3375
esp,20200301,-6.794
esp,20200308,-6.41833
esp,20200315,-3.97286
esp,20200322,3.98714
esp,20200329,24.57429
esp,20200405,48.10286
esp,20200412,66.11571
esp,20200419,77.20286
esp,20200426,82.87
esp,20200503,84.05571
esp,20200510,77.80143
esp,20200517,57.98714
esp,20200524,35.91429
esp,20200531,19.99143
esp,20200607,9.68714
esp,20200614,3.77286
esp,20200621,0.17
esp,20200628,-1.25429
esp,20200705,-1.27143
esp,20200712,-1.35429
esp,20200719,-1.83
esp,20200726,-0.58857
esp,20200802,2.38429
esp,20200809,5.09857
esp,20200816,6.91
esp,20200823,8.62857
esp,20200830,10.28714
esp,20200906,11.97714
esp,20200913,13.67143
esp,20200920,13.94571
esp,20200927,13.91714
esp,20201004,14.02429
esp,20201011,15.00571
esp,20201018,15.60714
esp,20201025,17.70714
esp,20201101,19.02286
esp,20201108,21.39571
esp,20201115,23.33429
esp,20201122,24.24571
esp,20201129,23.98429
esp,20201206,23.78
esp,20201213,21.50857
esp,20201220,18.48714
esp,20201227,13.61857
esp,20210103,10.24714
esp,20210110,8.32
esp,20210117,8.43857
esp,20210124,9.88429
esp,20210131,12.15143
esp,20210207,13.91286
esp,20210214,15.28143
esp,20210221,15.07286
esp,20210228,13.72571
esp,20210307,10.51429
esp,20210314,6.17857
esp,20210321,1.82429
esp,20210328,-0.51571
esp,20210404,-1.63571
esp,20210411,-1.54714
esp,20210418,-1.07286
esp,20210425,0.44
esp,20210502,1.63429
esp,20210509,3.44
esp,20210516,3.78
esp,20210523,3.94429
esp,20210530,3.82857
esp,20210606,4.07286
esp,20210613,4.25143
esp,20210620,4.97857
esp,20210627,3.55571
esp,20210704,3.53571
esp,20210711,3.31714
esp,20210718,3.4
esp,20210725,5.03857
esp,20210801,6.31714
esp,20210808,7.61571
esp,20210815,10.70857
esp,20210822,13.72714
esp,20210829,16.33143
esp,20210905,18.24143
esp,20210912,18.59429
esp,20210919,18.21
esp,20210926,16.91143
esp,20211003,14.98286
esp,20211010,12.52286
esp,20211017,10.82
esp,20211024,9.76571
esp,20211031,7.47143
esp,20211107,6.30143
esp,20211114,6.66857
esp,20211121,5.75571
est,20200209,-21.29
est,20200216,-11.12
est,20200223,-8.49333
est,20200301,-7.995
est,20200308,-9.054
est,20200315,-6.88833
est,20200322,-6.09857
est,20200329,-2.84714
est,20200405,-2.27286
est,20200412,-1.69429
est,20200419,-0.47857
est,20200426,2.92
est,20200503,2.89857
est,20200510,3.87286
est,20200517,2.56571
est,20200524,1.53143
est,20200531,2.60286
est,20200607,1.60429
est,20200614,0.14143
est,20200621,-0.21857
est,20200628,0.11143
est,20200705,1.33286
est,20200712,1.98714
est,20200719,1.34857
est,20200726,2.65857
est,20200802,4.33143
est,20200809,3.72143
est,20200816,3.28571
est,20200823,3.01714
est,20200830,4.11429
est,20200906,4.13286
est,20200913,2.49429
est,20200920,2.13286
est,20200927,4.52571
est,20201004,4.37857
est,20201011,3.78571
est,20201018,3.26286
est,20201025,2.93
est,20201101,2.48857
est,20201108,1.32714
est,20201115,-0.80714
est,20201122,0.32
est,20201129,2.87429
est,20201206,4.11429
est,20201213,5.93143
est,20201220,8.79286
est,20201227,10.49714
est,20210103,12.91857
est,20210110,12.69143
est,20210117,12.79
est,20210124,14.02429
est,20210131,12.55857
est,20210207,11.59143
est,20210214,11.14
est,20210221,9.89429
est,20210228,11.13571
est,20210307,12.82857
est,20210314,13.27714
est,20210321,16.96714
est,20210328,20.61857
est,20210404,23.35714
est,20210411,26.84857
est,20210418,27.92
est,20210425,27.09857
est,20210502,24.84429
est,20210509,23.40286
est,20210516,22.18
est,20210523,18.43143
est,20210530,15.35714
est,20210606,12.39286
est,20210613,10.61
est,20210620,10.60429
est,20210627,13.96714
est,20210704,13.68429
est,20210711,18.91571
est,20210718,20.42
est,20210725,19.77429
est,20210801,18.86571
est,20210808,19.59571
est,20210815,14.44857
est,20210822,12.21
est,20210829,8.21857
est,20210905,7.89714
est,20210912,11.83571
est,20210919,12.87286
est,20210926,14.14857
est,20211003,15.9
est,20211010,17.92714
est,20211017,19.67429
est,20211024,20.35571
est,20211031,21.96571
est,20211107,26.73571
est,20211114,29.01714
est,20211121,31.28429
est,20211128,35.87143
est,20211205,35.81429
est,20211212,36.21143
est,20211219,33.38286
fin,20200202,-7.32
fin,20200209,-4.935
fin,20200216,-3.94333
fin,20200223,-3.5275
fin,20200301,-4.424
fin,20200308,-3.95
fin,20200315,-3.62714
fin,20200322,-2.41143
fin,20200329,-1.74714
fin,20200405,-1.31429
fin,20200412,0.51429
fin,20200419,1.85714
fin,20200426,3.53571
fin,20200503,4.74857
fin,20200510,5.44429
fin,20200517,6.75714
fin,20200524,6.27143
fin,20200531,5.03857
fin,20200607,4.79143
fin,20200614,3.80571
fin,20200621,3.98857
fin,20200628,3.84571
fin,20200705,2.66143
fin,20200712,2.69429
fin,20200719,3.01
fin,20200726,2.61857
fin,20200802,2.48143
fin,20200809,1.44857
fin,20200816,0.80571
fin,20200823,0.90429
fin,20200830,1.27429
fin,20200906,0.55286
fin,20200913,2.98857
fin,20200920,3.2
fin,20200927,4.16571
fin,20201004,3.25143
fin,20201011,1.90286
fin,20201018,2.34857
fin,20201025,2.67429
fin,20201101,1.73857
fin,20201108,1.38
fin,20201115,0.42
fin,20201122,2.27429
fin,20201129,3.83
fin,20201206,3.84143
fin,20201213,3.97143
fin,20201220,3.40857
fin,20201227,2.56714
fin,20210103,2.34857
fin,20210110,0.33571
fin,20210117,-1.30857
fin,20210124,-1.68714
fin,20210131,-1.87571
fin,20210207,-3.04857
fin,20210214,-3.49143
fin,20210221,-2.90286
fin,20210228,-1.69714
fin,20210307,-1.41857
fin,20210314,-2.51857
fin,20210321,-3.08143
fin,20210328,-3.53714
fin,20210404,-2.86
fin,20210411,-3.90571
fin,20210418,-4.59429
fin,20210425,-4.29429
fin,20210502,-3.73714
fin,20210509,-3.19714
fin,20210516,-0.60714
fin,20210523,0.04714
fin,20210530,0.81714
fin,20210606,1.90143
fin,20210613,2.14
fin,20210620,3.09
fin,20210627,4.30857
fin,20210704,3.39714
fin,20210711,5.01429
fin,20210718,7.51571
fin,20210725,7.40571
fin,20210801,7.96429
fin,20210808,8.93
fin,20210815,9.92857
fin,20210822,10.94571
fin,20210829,10.35571
fin,20210905,9.00857
fin,20210912,10.78714
fin,20210919,11.44857
fin,20210926,11.50286
fin,20211003,10.88571
fin,20211010,10.63429
fin,20211017,11.32
fin,20211024,12.12714
fin,20211031,10.73
fin,20211107,10.04
fin,20211114,10.10429
fin,20211121,10.64571
fin,20211128,11.53
fin,20211205,11.36571
fin,20211212,10.39857
fra,20200126,-7.74
fra,20200202,-6.955
fra,20200209,-7.3
fra,20200216,-7.46
fra,20200223,-8.018
fra,20200301,-8.16333
fra,20200308,-7.85857
fra,20200315,-6.49429
fra,20200322,-3.35857
fra,20200329,2.87143
fra,20200405,12.73143
fra,20200412,21.78857
fra,20200419,28.19857
fra,20200426,31.11
fra,20200503,31.09571
fra,20200510,28.96714
fra,20200517,23.78286
fra,20200524,15.44143
fra,20200531,7.67857
fra,20200607,2.38857
fra,20200614,0.30143
fra,20200621,-0.25429
fra,20200628,0.19571
fra,20200705,-1.03
fra,20200712,-1.68143
fra,20200719,-2.32286
fra,20200726,-2.42429
fra,20200802,-1.82
fra,20200809,-1.24429
fra,20200816,0.18714
fra,20200823,1.37286
fra,20200830,1.54143
fra,20200906,2.69714
fra,20200913,3.68429
fra,20200920,4.26
fra,20200927,3.92429
fra,20201004,2.79571
fra,20201011,3.43
fra,20201018,4.61714
fra,20201025,7.06429
fra,20201101,10.24714
fra,20201108,14.06857
fra,20201115,18.90857
fra,20201122,22.02429
fra,20201129,24.96571
fra,20201206,26.94143
fra,20201213,26.77
fra,20201220,24.56
fra,20201227,20.57857
fra,20210103,17.41714
fra,20210110,14.39429
fra,20210117,11.75286
fra,20210124,10.42143
fra,20210131,9.31143
fra,20210207,8.74286
fra,20210214,8.47
fra,20210221,7.73
fra,20210228,6.89857
fra,20210307,5.82429
fra,20210314,3.95571
fra,20210321,3.17571
fra,20210328,2.90857
fra,20210404,3.75714
fra,20210411,4.50857
fra,20210418,6.37857
fra,20210425,9.04571
fra,20210502,11.13286
fra,20210509,12.24714
fra,20210516,12.11
fra,20210523,11.09
fra,20210530,9.77286
fra,20210606,8.10143
fra,20210613,5.93429
fra,20210620,4.61429
fra,20210627,1.69
fra,20210704,0.22143
fra,20210711,-1.04143
fra,20210718,-1.60571
fra,20210725,-0.95
fra,20210801,-1.26286
fra,20210808,-1.77286
fra,20210815,0.67857
fra,20210822,2.64143
fra,20210829,3.80571
fra,20210905,5.26
fra,20210912,6.11714
fra,20210919,6.58143
fra,20210926,6.43
fra,20211003,5.52857
fra,20211010,4.55429
fra,20211017,4.80714
fra,20211024,4.37286
fra,20211031,3.37143
fra,20211107,3.10857
fra,20211114,3.59
fra,20211121,3.63571
fra,20211128,4.33571
fra,20211205,4.49143
fro,20200331,-27.54
fro,20200430,-3.165
fro,20200531,-19.81667
fro,20200630,-12.4225
fro,20200731,-11.486
fro,20200831,-12.905
fro,20200930,-13.36857
fro,20201031,-10.57429
fro,20201130,-11.44
fro,20201231,-5.32714
fro,20210131,-8.05
fro,20210228,-6.28
fro,20210331,-9.08143
fro,20210430,-3.74429
fro,20210531,-4.98571
fro,20210630,-8.37
fro,20210731,-6.29857
fro,20210831,-7.01143
fro,20210930,-6.87714
fro,20211031,-2.35857
gbr,20200202,-5.6
gbr,20200209,-6.63
gbr,20200216,-6.55667
gbr,20200223,-6.6475
gbr,20200301,-5.962
gbr,20200308,-5.87833
gbr,20200315,-5.27571
gbr,20200322,-4.42429
gbr,20200329,-2.23
gbr,20200405,6.98143
gbr,20200412,18.63714
gbr,20200419,34.41857
gbr,20200426,50.06714
gbr,20200503,61.20571
gbr,20200510,65.69143
gbr,20200517,70.47
gbr,20200524,65.31857
gbr,20200531,57.29
gbr,20200607,42.87
gbr,20200614,28.71286
gbr,20200621,17.72143
gbr,20200628,12.66857
gbr,20200705,6.60857
gbr,20200712,2.61
gbr,20200719,-0.47571
gbr,20200726,-1.67286
gbr,20200802,-2.53429
gbr,20200809,-2.70429
gbr,20200816,-1.92857
gbr,20200823,-1.07571
gbr,20200830,1.02143
gbr,20200906,-0.53429
gbr,20200913,0.43286
gbr,20200920,0.83286
gbr,20200927,1.24857
gbr,20201004,1.66143
gbr,20201011,1.14714
gbr,20201018,0.73857
gbr,20201025,4.22571
gbr,20201101,5.07
gbr,20201108,6.82714
gbr,20201115,9.23714
gbr,20201122,11.46
gbr,20201129,14.03429
gbr,20201206,15.26429
gbr,20201213,15.57
gbr,20201220,15.60714
gbr,20201227,19.34714
gbr,20210103,20.29286
gbr,20210110,24.01429
gbr,20210117,25.05857
gbr,20210124,28.36714
gbr,20210131,32.44857
gbr,20210207,36.29857
gbr,20210214,34.31714
gbr,20210221,33.3
gbr,20210228,27.84571
gbr,20210307,24.48714
gbr,20210314,18.39857
gbr,20210321,11.32571
gbr,20210328,5.18857
gbr,20210404,-1.22429
gbr,20210411,-5.35286
gbr,20210418,-8.31429
gbr,20210425,-9.39714
gbr,20210502,-9.74286
gbr,20210509,-11.26143
gbr,20210516,-9.72429
gbr,20210523,-7.55857
gbr,20210530,-6.36714
gbr,20210606,-5.16429
gbr,20210613,-4.20857
gbr,20210620,-3.06714
gbr,20210627,-1.27286
gbr,20210704,-2.73571
gbr,20210711,-1.45429
gbr,20210718,-0.36143
gbr,20210725,1.26714
gbr,20210801,2.64
gbr,20210808,4.25571
gbr,20210815,7.06714
gbr,20210822,9.26143
gbr,20210829,10.09286
gbr,20210905,10.61429
gbr,20210912,12.36857
gbr,20210919,13.34
gbr,20210926,13.86857
gbr,20211003,13.80286
gbr,20211010,14.29143
gbr,20211017,14.70286
gbr,20211024,15.62857
gbr,20211031,14.75
gbr,20211107,14.51857
gbr,20211114,14.71714
gbr,20211121,15.17
gbr,20211128,14.69
gbr,20211205,14.46
gbr,20211212,14.00286
geo,20200229,6.72
geo,20200331,1.58
geo,20200430,-1.01667
geo,20200531,-0.4875
geo,20200630,-0.11
geo,20200731,1.40167
geo,20200831,0.70571
geo,20200930,0.51143
geo,20201031,2.99
geo,20201130,11.78857
geo,20201231,18.88286
geo,20210131,20.28143
geo,20210228,18.93
geo,20210331,19.83
geo,20210430,19.89143
geo,20210531,20.43286
geo,20210630,14.68714
gib,20200331,-4.76
gib,20200430,-7.12
gib,20200531,-21.13
gib,20200630,-23.3025
gib,20200731,-15.87
gib,20200831,-14.61333
gib,20200930,-13.77286
gib,20201031,-12.97714
gib,20201130,-9.02571
gib,20201231,-8.45571
gib,20210131,19.13429
grc,20200301,-1.95
grc,20200308,1.49
grc,20200315,2.52
grc,20200322,3.23
grc,20200329,3.156
grc,20200405,2.93
grc,20200412,2.36714
grc,20200419,2.20286
grc,20200426,0.90143
grc,20200503,0.1
grc,20200510,-1.46286
grc,20200517,0.18
grc,20200524,1.30571
grc,20200531,-0.24714
grc,20200607,-0.53143
grc,20200614,-0.39429
grc,20200621,-0.57429
grc,20200628,-0.75571
grc,20200705,-0.67857
grc,20200712,-2.11571
grc,20200719,-0.83286
grc,20200726,-0.71571
grc,20200802,1.61571
grc,20200809,2.38571
grc,20200816,3.69286
grc,20200823,2.64143
grc,20200830,3.40143
grc,20200906,4.72571
grc,20200913,6.47714
grc,20200920,6.06571
grc,20200927,6.44
grc,20201004,6.79
grc,20201011,5.91143
grc,20201018,4.86
grc,20201025,3.95857
grc,20201101,3.62571
grc,20201108,3.29571
grc,20201115,5.11429
grc,20201122,9.00714
grc,20201129,14.23143
grc,20201206,19.95571
grc,20201213,23.58714
grc,20201220,24.99
grc,20201227,24.51143
grc,20210103,22.06714
grc,20210110,16.49857
grc,20210117,8.51286
grc,20210124,1.73857
grc,20210131,-3.25571
grc,20210207,-7.21143
grc,20210214,-9.25857
grc,20210221,-9.80286
grc,20210228,-8.26857
grc,20210307,-4.99857
grc,20210314,-2.84286
grc,20210321,0.25429
grc,20210328,4.00429
grc,20210404,8.76
grc,20210411,12.00143
grc,20210418,14.94857
grc,20210425,16.22143
grc,20210502,18.6
grc,20210509,20.57143
grc,20210516,19.72
grc,20210523,18.58286
grc,20210530,18.8
grc,20210606,15.89714
grc,20210613,15.07429
grc,20210620,12.11286
grc,20210627,11.65857
grc,20210704,15.46286
grc,20210711,15.56
grc,20210718,14.84
grc,20210725,15.87
grc,20210801,17.71286
grc,20210808,26.37857
grc,20210815,26.02
grc,20210822,23.24857
grc,20210829,24.71286
grc,20210905,24.76857
grc,20210912,25.39286
grc,20210919,26.53857
grc,20210926,20.29
grc,20211003,20.18
grc,20211010,20.22571
grc,20211017,18.42
grc,20211024,17.99286
grc,20211031,18.97429
grl,20200331,-24.71
grl,20200430,-31.635
grl,20200531,-25.68667
grl,20200630,-17.635
grl,20200731,-16.978
grl,20200831,-13.53333
grl,20200930,-8.80429
grl,20201031,-7.65571
grl,20201130,0.69571
grl,20201231,4.95143
grl,20210131,3.84429
grl,20210228,8.81571
grl,20210331,4.75857
grl,20210430,1.90286
grl,20210531,-1.68857
grl,20210630,-5.46286
grl,20210731,-3.18571
grl,20210831,-1.49571
grl,20210930,-4.10714
gtm,20200223,-6.56
gtm,20200301,-3.875
gtm,20200308,-3.52333
gtm,20200315,-4.8975
gtm,20200322,-6.876
gtm,20200329,-9.09167
gtm,20200405,-10.78714
gtm,20200412,-13.09857
gtm,20200419,-15.88
gtm,20200426,-18.06429
gtm,20200503,-19.41571
gtm,20200510,-19.48571
gtm,20200517,-18.72143
gtm,20200524,-16.98143
gtm,20200531,-13.79429
gtm,20200607,-9.04143
gtm,20200614,-3.61
gtm,20200621,2.74143
gtm,20200628,10.81286
gtm,20200705,20.95429
gtm,20200712,33.42143
gtm,20200719,43.14286
gtm,20200726,50.24714
gtm,20200802,56.11857
gtm,20200809,58.73286
gtm,20200816,58.61714
gtm,20200823,55.02
gtm,20200830,48.91857
gtm,20200906,42.95571
gtm,20200913,37.07
gtm,20200920,31.02286
gtm,20200927,27.33143
gtm,20201004,22.73
gtm,20201011,20.77286
gtm,20201018,17.44571
gtm,20201025,15.37571
gtm,20201101,14.40571
gtm,20201108,14.11143
gtm,20201115,13.65429
gtm,20201122,15.14286
gtm,20201129,15.49429
gtm,20201206,15.53
gtm,20201213,16.17286
gtm,20201220,16.32571
gtm,20201227,15.66571
gtm,20210103,15.94
gtm,20210110,16.15714
gtm,20210117,17.52714
gtm,20210124,18.72143
gtm,20210131,20.45857
gtm,20210207,21.99429
gtm,20210214,22.64429
gtm,20210221,21.55429
gtm,20210228,20.6
gtm,20210307,19.17857
gtm,20210314,18.01857
gtm,20210321,16.68857
gtm,20210328,16.73143
gtm,20210404,15.93143
gtm,20210411,16.26429
gtm,20210418,19.65
gtm,20210425,21.58
gtm,20210502,21.82714
gtm,20210509,25.15571
gtm,20210516,26.34857
gtm,20210523,30.00143
gtm,20210530,33.64857
gtm,20210606,33.77571
gtm,20210613,33.86571
gtm,20210620,36.70286
gtm,20210627,36.08571
gtm,20210704,35.24143
gtm,20210711,36.78286
gtm,20210718,36.12714
gtm,20210725,41.08286
gtm,20210801,45.25
gtm,20210808,50.62571
gtm,20210815,55.78714
gtm,20210822,65.04714
gtm,20210829,72.36286
gtm,20210905,85.09143
gtm,20210912,95.16429
gtm,20210919,102.5
gtm,20210926,111.16857
hkg,20200131,0.98
hkg,20200229,4.03
hkg,20200331,0.63333
hkg,20200430,-0.495
hkg,20200531,-0.09
hkg,20200630,-0.41333
hkg,20200731,0.21857
hkg,20200831,1.27286
hkg,20200930,1.03143
hkg,20201031,2.86429
hkg,20201130,4.59714
hkg,20201231,5.67571
hkg,20210131,8.42
hkg,20210228,7.31571
hkg,20210331,5.43429
hkg,20210430,5.21286
hkg,20210531,4.84286
hkg,20210630,2.26571
hkg,20210731,1.48429
hkg,20210831,-0.13429
hrv,20200301,-6.67
hrv,20200308,-5.6
hrv,20200315,-3.35667
hrv,20200322,-1.245
hrv,20200329,1.06
hrv,20200405,0.66667
hrv,20200412,0.92714
hrv,20200419,2.4
hrv,20200426,1.24286
hrv,20200503,0.48714
hrv,20200510,-1.01143
hrv,20200517,-2.65286
hrv,20200524,-2.79286
hrv,20200531,-4.09143
hrv,20200607,-3.91143
hrv,20200614,-1.18571
hrv,20200621,-0.77429
hrv,20200628,0.56571
hrv,20200705,1.33
hrv,20200712,1.51286
hrv,20200719,1.73571
hrv,20200726,1.15286
hrv,20200802,2.06571
hrv,20200809,2.51571
hrv,20200816,2.07
hrv,20200823,2.07571
hrv,20200830,3.45143
hrv,20200906,5.24
hrv,20200913,7.10571
hrv,20200920,6.28857
hrv,20200927,6.59571
hrv,20201004,8.35571
hrv,20201011,8.01857
hrv,20201018,9.47857
hrv,20201025,11.46429
hrv,20201101,12.76286
hrv,20201108,16.72143
hrv,20201115,22.11714
hrv,20201122,28.65
hrv,20201129,36.34857
hrv,20201206,44.07571
hrv,20201213,51.24429
hrv,20201220,58.54571
hrv,20201227,61.44429
hrv,20210103,61.17571
hrv,20210110,54.58143
hrv,20210117,48.00429
hrv,20210124,38.44143
hrv,20210131,28.58429
hrv,20210207,18.36714
hrv,20210214,10.76714
hrv,20210221,5.10286
hrv,20210228,3.29571
hrv,20210307,1.10429
hrv,20210314,-0.10286
hrv,20210321,-1.13429
hrv,20210328,-0.14286
hrv,20210404,2.59714
hrv,20210411,6.13714
hrv,20210418,10.71429
hrv,20210425,17.21714
hrv,20210502,22.57286
hrv,20210509,27.81
hrv,20210516,31.49
hrv,20210523,31.36143
hrv,20210530,29.68429
hrv,20210606,28.79143
hrv,20210613,25.13714
hrv,20210620,21.81429
hrv,20210627,20.66143
hrv,20210704,17.07429
hrv,20210711,15.28571
hrv,20210718,14.33571
hrv,20210725,10.20714
hrv,20210801,9.67571
hrv,20210808,8.20143
hrv,20210815,6.66714
hrv,20210822,6.40143
hrv,20210829,6.53143
hrv,20210905,7.93286
hrv,20210912,12.07286
hrv,20210919,14.16
hrv,20210926,16.55429
hrv,20211003,17.36143
hrv,20211010,18.25714
hrv,20211017,19.13429
hrv,20211024,20.15571
hrv,20211031,20.38571
hun,20200308,-7.32
hun,20200315,-6.075
hun,20200322,-1.95
hun,20200329,-1.455
hun,20200405,-1.022
hun,20200412,-0.19833
hun,20200419,0.29571
hun,20200426,0.88714
hun,20200503,0.86714
hun,20200510,-0.17
hun,20200517,0.29429
hun,20200524,-0.84571
hun,20200531,-2.00143
hun,20200607,-1.60143
hun,20200614,-1.17
hun,20200621,-1.61429
hun,20200628,-0.98286
hun,20200705,-0.81857
hun,20200712,-0.48
hun,20200719,-0.94286
hun,20200726,-3.17143
hun,20200802,-2.82143
hun,20200809,-1.50143
hun,20200816,-2.23286
hun,20200823,-2.65
hun,20200830,-2.51286
hun,20200906,-1.46857
hun,20200913,0.28429
hun,20200920,0.92143
hun,20200927,1.37429
hun,20201004,2.56857
hun,20201011,3.00143
hun,20201018,5.50857
hun,20201025,8.93429
hun,20201101,13.32857
hun,20201108,19.17429
hun,20201115,27.88714
hun,20201122,35.51429
hun,20201129,44.23857
hun,20201206,51.13714
hun,20201213,56.28571
hun,20201220,57.43571
hun,20201227,56.35286
hun,20210103,51.25
hun,20210110,44.31857
hun,20210117,36.35571
hun,20210124,28.08714
hun,20210131,18.79143
hun,20210207,12.07286
hun,20210214,5.47429
hun,20210221,0.97714
hun,20210228,0.35571
hun,20210307,0.80429
hun,20210314,5.28143
hun,20210321,14.43429
hun,20210328,25.70429
hun,20210404,37.28571
hun,20210411,46.82857
hun,20210418,51.86857
hun,20210425,54.83143
hun,20210502,52.89571
hun,20210509,46.62286
hun,20210516,37.59857
hun,20210523,27.62714
hun,20210530,18.72
hun,20210606,13.44
hun,20210613,9.32714
hun,20210620,6.66143
hun,20210627,7.21714
hun,20210704,7.03143
hun,20210711,7.20857
hun,20210718,7.73857
hun,20210725,5.87571
hun,20210801,5.92857
hun,20210808,4.69286
hun,20210815,2.40286
hun,20210822,0.46857
hun,20210829,-0.38714
hun,20210905,-1.43
hun,20210912,0.78286
hun,20210919,1.24143
hun,20210926,2.36143
hun,20211003,2.29
hun,20211010,3.52571
hun,20211017,4.43429
hun,20211024,5.55429
hun,20211031,7.29714
hun,20211107,11.41857
hun,20211114,17.37714
hun,20211121,23.92143
irl,20200229,-4.43
irl,20200331,-2.02
irl,20200430,10.37333
irl,20200531,8.6575
irl,20200630,5.602
irl,20200731,4.12167
irl,20200831,3.57143
irl,20200930,3.86429
irl,20201031,4.44429
irl,20201130,-0.96143
irl,20201231,-2.41286
irl,20210131,1.39143
irl,20210228,3.88
irl,20210331,2.65286
irl,20210430,2.72143
irl,20210531,2.47571
irl,20210630,2.54571
irl,20210731,4.66571
irl,20210831,3.1
irl,20210930,2.48857
irl,20211031,5.40571
irn,20200223,2.79
irn,20200301,2.685
irn,20200308,6.31667
irn,20200315,14.3075
irn,20200322,25.934
irn,20200329,23.765
irn,20200405,22.34714
irn,20200412,26.12857
irn,20200419,29.59143
irn,20200426,29.47571
irn,20200503,26.12286
irn,20200510,16.58286
irn,20200517,15.39286
irn,20200524,14.26429
irn,20200531,10.32
irn,20200607,9.88429
irn,20200614,11.75571
irn,20200621,12.46571
irn,20200628,17.40429
irn,20200705,21.47143
irn,20200712,25.70143
irn,20200719,31.40857
irn,20200726,34.18
irn,20200802,38.45571
irn,20200809,42.77857
irn,20200816,42.63429
irn,20200823,43.43714
irn,20200830,42.6
irn,20200906,39.15429
irn,20200913,38.36286
irn,20200920,34.77571
irn,20200927,31.53857
irn,20201004,31.60571
irn,20201011,32.18286
irn,20201018,36.33857
irn,20201025,41.80571
irn,20201101,47.85857
irn,20201108,55.84286
irn,20201115,65.63
irn,20201122,72.25857
irn,20201129,76.29714
irn,20201206,74.80286
irn,20201213,72.02857
irn,20201220,64.69429
irn,20201227,54.28714
irn,20210103,41.80429
irn,20210110,30.40571
irn,20210117,21.18429
irn,20210124,15.05714
irn,20210131,11.20286
irn,20210207,7.86
irn,20210214,6.09429
irn,20210221,6.52
irn,20210228,6.29429
irn,20210307,7.18429
irn,20210314,7.90286
irn,20210321,9.59857
irn,20210328,7.93
irn,20210404,11.54286
irn,20210411,17.06
irn,20210418,22.15429
irn,20210425,29.80571
irn,20210502,37.80857
irn,20210509,42.47143
irn,20210516,50.61714
irn,20210523,55.01
irn,20210530,54.21714
irn,20210606,53.74857
irn,20210613,50.64286
irn,20210620,44.51286
irn,20210627,40.06
irn,20210704,36.75714
irn,20210711,31.73571
irn,20210718,29.98
irn,20210725,28.63286
irn,20210801,30.49
irn,20210808,38.39571
irn,20210815,46.35
irn,20210822,58.18286
irn,20210829,78.39571
irn,20210905,91.56143
irn,20210912,104.06
irn,20210919,109.82857
irn,20210926,108.98
irn,20211003,104.32571
irn,20211010,93.69571
irn,20211017,78.38714
irn,20211024,66.26
irn,20211031,54.22571
irn,20211107,45.04429
irn,20211114,37.86286
irn,20211121,33.04857
irn,20211128,30.26
irn,20211205,23.84
irn,20211212,18.64143
irn,20211219,14.30857
irn,20211226,9.7
isl,20200301,-2.93
isl,20200308,2.86
isl,20200315,-0.92667
isl,20200322,-2.645
isl,20200329,-4.58
isl,20200405,-1.58667
isl,20200412,-0.12429
isl,20200419,3.39429
isl,20200426,-1.04
isl,20200503,1.25714
isl,20200510,0.58143
isl,20200517,1.70857
isl,20200524,1.63571
isl,20200531,2.61
isl,20200607,-4.14714
isl,20200614,-1.05429
isl,20200621,-4.8
isl,20200628,-7.11286
isl,20200705,-9.32429
isl,20200712,-8.55571
isl,20200719,-10.01429
isl,20200726,-9.70143
isl,20200802,-10.25714
isl,20200809,-8.49857
isl,20200816,-3.20857
isl,20200823,-3.68571
isl,20200830,-9.62
isl,20200906,-4.96571
isl,20200913,-2.64857
isl,20200920,-0.73714
isl,20200927,-3.69286
isl,20201004,-6.57
isl,20201011,0.03286
isl,20201018,4.72571
isl,20201025,0.33
isl,20201101,5.73429
isl,20201108,8.46714
isl,20201115,14.21429
isl,20201122,15.93571
isl,20201129,9.55429
isl,20201206,7.01143
isl,20201213,7.03429
isl,20201220,2.17571
isl,20201227,1.63857
isl,20210103,0.85571
isl,20210110,5.27857
isl,20210117,10.88286
isl,20210124,12.97857
isl,20210131,10.90571
isl,20210207,10.06
isl,20210214,5.87857
isl,20210221,6.89143
isl,20210228,2.16286
isl,20210307,0.20714
isl,20210314,-2.32714
isl,20210321,-2.50143
isl,20210328,-2.96429
isl,20210404,-1.00571
isl,20210411,-4.45143
isl,20210418,-1.35857
isl,20210425,-3.15286
isl,20210502,-0.93571
isl,20210509,4.50429
isl,20210516,5.85571
isl,20210523,3.66714
isl,20210530,1.99714
isl,20210606,-2.57
isl,20210613,-1.54286
isl,20210620,2.00286
isl,20210627,-0.01
isl,20210704,-0.38
isl,20210711,0.35714
isl,20210718,6.33
isl,20210725,7.39857
isl,20210801,10.83714
isl,20210808,10.31
isl,20210815,10.81
isl,20210822,13.16571
isl,20210829,13.62
isl,20210905,10.45
isl,20210912,12.24
isl,20210919,8.98714
isl,20210926,1.88857
isl,20211003,-5.24857
isl,20211010,-7.49143
isl,20211017,-7.75
isl,20211024,-12.18286
isl,20211031,-15.95429
isr,20200223,-1.95
isr,20200301,-5.05
isr,20200308,-4.55333
isr,20200315,-2.92
isr,20200322,-2.208
isr,20200329,-0.56833
isr,20200405,1.68714
isr,20200412,2.26286
isr,20200419,4.75857
isr,20200426,5.66714
isr,20200503,5.23
isr,20200510,5.40143
isr,20200517,4.68286
isr,20200524,4.90143
isr,20200531,5.03857
isr,20200607,3.91286
isr,20200614,3.65429
isr,20200621,3.87857
isr,20200628,3.54143
isr,20200705,2.90857
isr,20200712,1.52143
isr,20200719,2.08286
isr,20200726,1.92429
isr,20200802,4.46143
isr,20200809,5.27286
isr,20200816,8.11286
isr,20200823,10.39429
isr,20200830,11.10571
isr,20200906,11.98143
isr,20200913,15.14
isr,20200920,16.18286
isr,20200927,19.22571
isr,20201004,19.99857
isr,20201011,23.04571
isr,20201018,25.27286
isr,20201025,26.86429
isr,20201101,24.93286
isr,20201108,21.98571
isr,20201115,17.04
isr,20201122,14.63429
isr,20201129,9.67714
isr,20201206,6.31857
isr,20201213,2.88143
isr,20201220,2.34
isr,20201227,1.81571
isr,20210103,4.81857
isr,20210110,6.10429
isr,20210117,8.43857
isr,20210124,10.81429
isr,20210131,13.77571
isr,20210207,15.31286
isr,20210214,16.47857
isr,20210221,15.58571
isr,20210228,13.17143
isr,20210307,10.73714
isr,20210314,8.92714
isr,20210321,7.68714
isr,20210328,7.18286
isr,20210404,5.87143
isr,20210411,6.63714
isr,20210418,7.74429
isr,20210425,8.19
isr,20210502,7.35571
isr,20210509,5.94714
isr,20210516,5.27571
isr,20210523,6.09714
isr,20210530,4.48429
isr,20210606,3.12143
isr,20210613,2.42429
isr,20210620,2.63429
isr,20210627,3.70714
isr,20210704,3.59571
isr,20210711,3.41571
isr,20210718,2.57429
isr,20210725,4.97429
isr,20210801,6.52571
isr,20210808,8.80429
isr,20210815,11.15714
isr,20210822,14.74571
isr,20210829,18.30571
isr,20210905,23.89857
isr,20210912,25.24286
isr,20210919,28.35571
isr,20210926,28.35714
isr,20211003,27.22143
isr,20211010,25.25429
isr,20211017,22.55857
isr,20211024,19.45143
isr,20211031,16.54
isr,20211107,12.85714
isr,20211114,11.17286
isr,20211121,7.75143
isr,20211128,4.35571
isr,20211205,1.09143
ita,20200202,-6.19
ita,20200209,-5.905
ita,20200216,-5.20667
ita,20200223,-5.0975
ita,20200301,-4.294
ita,20200308,-2.15667
ita,20200315,3.62286
ita,20200322,14.92429
ita,20200329,27.95857
ita,20200405,38.35714
ita,20200412,47.04429
ita,20200419,52.93857
ita,20200426,55.31286
ita,20200503,51.77714
ita,20200510,42.61143
ita,20200517,31.29714
ita,20200524,21.55
ita,20200531,13.35
ita,20200607,7.29429
ita,20200614,2.94429
ita,20200621,0.94429
ita,20200628,0.75
ita,20200705,0.94429
ita,20200712,0.52
ita,20200719,-0.01286
ita,20200726,-0.32857
ita,20200802,1.53429
ita,20200809,1.54286
ita,20200816,1.82
ita,20200823,1.97286
ita,20200830,3.42143
ita,20200906,4.87571
ita,20200913,6.63571
ita,20200920,6.73857
ita,20200927,7.05857
ita,20201004,6.72714
ita,20201011,6.05143
ita,20201018,6.27286
ita,20201025,8.87286
ita,20201101,12.82
ita,20201108,18.21429
ita,20201115,25.76143
ita,20201122,32.64714
ita,20201129,40.01
ita,20201206,44.94143
ita,20201213,46.68714
ita,20201220,45.57286
ita,20201227,40.80286
ita,20210103,35.42286
ita,20210110,28.75286
ita,20210117,21.84286
ita,20210124,17.08857
ita,20210131,13.33429
ita,20210207,10.11857
ita,20210214,8.22571
ita,20210221,6.53
ita,20210228,5.80857
ita,20210307,5.66429
ita,20210314,5.9
ita,20210321,7.12571
ita,20210328,10.06429
ita,20210404,13.78286
ita,20210411,16.29286
ita,20210418,18.68857
ita,20210425,20.87714
ita,20210502,21.47143
ita,20210509,20.39286
ita,20210516,17.70143
ita,20210523,15.18571
ita,20210530,12.70714
ita,20210606,10.81429
ita,20210613,8.26143
ita,20210620,6.34857
ita,20210627,6.98571
ita,20210704,7.40571
ita,20210711,6.84143
ita,20210718,5.92714
ita,20210725,5.43714
ita,20210801,5.91857
ita,20210808,6.35857
ita,20210815,5.97143
ita,20210822,6.36286
ita,20210829,7.05571
ita,20210905,8.48
ita,20210912,9.68571
ita,20210919,10.39
ita,20210926,10.22
ita,20211003,9.00429
ita,20211010,7.08429
ita,20211017,6.36286
ita,20211024,6.37714
ita,20211031,5.26143
jam,20200331,-10.46
jam,20200430,-7.345
jam,20200531,-7.58
jam,20200630,-6.925
jam,20200731,-7.136
jam,20200831,-5.25333
jam,20200930,-3.47286
jam,20201031,-1.49571
jam,20201130,-0.61714
jor,20200331,1.86
jor,20200430,-2.6
jor,20200531,0.33
jor,20200630,-0.0275
jor,20200731,-0.92
jor,20200831,-1.13
jor,20200930,-0.45571
jor,20201031,5.29429
jor,20201130,20.73571
jor,20201231,23.47
jpn,20200131,-5.57
jpn,20200229,-5.015
jpn,20200331,-4.64333
jpn,20200430,-3.685
jpn,20200531,-3.582
jpn,20200630,-3.55
jpn,20200731,-3.6
jpn,20200831,-2.76857
jpn,20200930,-2.27714
jpn,20201031,-1.61
jpn,20201130,-1.69429
jpn,20201231,-0.80429
jpn,20210131,-0.27857
jpn,20210228,-0.12857
jpn,20210331,-0.21143
jpn,20210430,0.42
jpn,20210531,1.16571
jpn,20210630,2.02429
jpn,20210731,1.99571
jpn,20210831,2.78857
jpn,20210930,4.13429
jpn,20211031,4.62571
kaz,20200331,-23
kaz,20200430,-41.535
kaz,20200531,-18.25
kaz,20200630,-4.285
kaz,20200731,24.982
kaz,20200831,32.27167
kaz,20200930,31.78286
kaz,20201031,36.84143
kaz,20201130,47.63857
kaz,20201231,46.69714
kaz,20210131,41.56286
kaz,20210228,22.10714
kaz,20210331,14.12857
kaz,20210430,12.82571
kaz,20210531,14.9
kaz,20210630,15.36714
kaz,20210731,18.47
kaz,20210831,36.84143
kaz,20210930,48.61143
kaz,20211031,53.06143
kgz,20200331,-11.82
kgz,20200430,-31.96
kgz,20200531,-19.02667
kgz,20200630,-4.5975
kgz,20200731,4.852
kgz,20200831,16.83833
kgz,20200930,19.77
kgz,20201031,25.15857
kgz,20201130,40.23286
kgz,20201231,45.14286
kgz,20210131,39.73714
kgz,20210228,34.10429
kgz,20210331,25.38571
kgz,20210430,22.14714
kgz,20210531,19.15857
kgz,20210630,16.03
kgz,20210731,15.17714
kgz,20210831,21.81429
kgz,20210930,26.09286
kgz,20211031,26.67286
kor,20200126,2.47
kor,20200202,1.99
kor,20200209,2.69333
kor,20200216,1.9475
kor,20200223,0.74
kor,20200301,0.12667
kor,20200308,-0.26571
kor,20200315,-0.87
kor,20200322,-1.32143
kor,20200329,-2.41571
kor,20200405,-3.04
kor,20200412,-2.20143
kor,20200419,-2.01571
kor,20200426,-1.92
kor,20200503,-1.19286
kor,20200510,-1.33
kor,20200517,-1.47286
kor,20200524,-1.05429
kor,20200531,-1.93286
kor,20200607,-1.37429
kor,20200614,-0.85857
kor,20200621,-1.47571
kor,20200628,-1.10857
kor,20200705,-0.44714
kor,20200712,-0.64429
kor,20200719,0.16
kor,20200726,-0.09857
kor,20200802,-0.55429
kor,20200809,-0.79857
kor,20200816,-0.1
kor,20200823,1.16
kor,20200830,2.54286
kor,20200906,2.54571
kor,20200913,2.75714
kor,20200920,3.43143
kor,20200927,4.12
kor,20201004,3.47571
kor,20201011,2.71286
kor,20201018,1.75571
kor,20201025,1.99857
kor,20201101,2.19143
kor,20201108,2.08857
kor,20201115,2.09
kor,20201122,2.14143
kor,20201129,1.21571
kor,20201206,1.65
kor,20201213,1.03286
kor,20201220,-0.10571
kor,20201227,-0.71857
kor,20210103,-1.24429
kor,20210110,-1.80857
kor,20210117,-1.68571
kor,20210124,-2.61143
kor,20210131,-3.56143
kor,20210207,-3.49
kor,20210214,-4.18714
kor,20210221,-4.23
kor,20210228,-4.51
kor,20210307,-4.80857
kor,20210314,-4.36571
kor,20210321,-3.25571
kor,20210328,-2.79571
kor,20210404,-1.85429
kor,20210411,-1.83429
kor,20210418,-0.69286
kor,20210425,-0.16286
kor,20210502,0.07429
kor,20210509,0.24571
kor,20210516,1.03429
kor,20210523,0.71143
kor,20210530,1.41429
kor,20210606,1.05143
kor,20210613,1.60857
kor,20210620,1.90857
kor,20210627,2.32714
kor,20210704,2.33714
kor,20210711,3.3
kor,20210718,3.67714
kor,20210725,4.92714
kor,20210801,5.68
kor,20210808,5.93143
kor,20210815,5.94143
kor,20210822,6.32714
kor,20210829,6.53857
kor,20210905,6.59714
kor,20210912,6.32286
kor,20210919,6.07857
kor,20210926,6.41143
kor,20211003,6.82143
kor,20211010,6.45571
kor,20211017,6.34
kor,20211024,6.25857
kor,20211031,6.55286
kos,20200331,-2
kos,20200430,-4.32
kos,20200531,-0.81
kos,20200630,2.9425
kos,20200731,20.462
kos,20200831,30.59167
kos,20200930,29.21714
kos,20201031,32.53714
kos,20201130,48.20429
kos,20201231,59.87857
kos,20210131,63.42429
kos,20210228,53.63143
kos,20210331,50.11143
kos,20210430,56.54286
kos,20210531,55.87571
kos,20210630,41.96286
kos,20210731,29.62286
kos,20210831,32.25857
kos,20210930,42.21714
kwt,20200229,1.54
kwt,20200331,0.815
kwt,20200430,6.80333
kwt,20200531,36.585
kwt,20200630,51.476
kwt,20200731,56.13
kwt,20200831,56.93857
kwt,20200930,64.57714
kwt,20201031,72.69429
kwt,20201130,75.80714
kwt,20201231,59.89
lbn,20200229,8.87
lbn,20200331,0.06
lbn,20200430,-4.13333
lbn,20200531,-2.2875
lbn,20200630,-2.878
lbn,20200731,-2.04167
lbn,20200831,0.18429
lbn,20200930,2.9
lbn,20201031,8.17857
lbn,20201130,16.22143
lbn,20201231,23.22429
lbn,20210131,35.43857
lbn,20210228,47.01
lbn,20210331,57.06571
lbn,20210430,63.42143
lbn,20210531,61.93429
lbn,20210630,56.19714
lbn,20210731,50.72571
lbn,20210831,44.42429
lbn,20210930,38.39714
lbn,20211031,27.38
lie,20200331,-17.86
lie,20200430,-6.045
lie,20200531,-0.52
lie,20200630,-2.89
lie,20200731,-5.194
lie,20200831,-4.47167
lie,20200930,1.90857
lie,20201031,4.46
lie,20201130,14.00286
lie,20201231,30.73857
lie,20210131,35.18
lie,20210228,38.75
lie,20210331,32.75
lie,20210430,32.64
lie,20210531,36.4
lie,20210630,19.60429
lie,20210731,3.81
lie,20210831,-1.17286
lie,20210930,-4.95429
lie,20211031,-0.69429
lie,20211130,-7.96857
ltu,20200301,-1.19
ltu,20200308,-1.885
ltu,20200315,-1.19333
ltu,20200322,0.675
ltu,20200329,2.638
ltu,20200405,2.80667
ltu,20200412,3.59857
ltu,20200419,4.67286
ltu,20200426,6.45286
ltu,20200503,7.80857
ltu,20200510,6.95286
ltu,20200517,6.38143
ltu,20200524,5.59571
ltu,20200531,5.26714
ltu,20200607,5.20429
ltu,20200614,7.15714
ltu,20200621,7.86714
ltu,20200628,10.55
ltu,20200705,10.51
ltu,20200712,11.84286
ltu,20200719,13.31286
ltu,20200726,13.83429
ltu,20200802,12.11143
ltu,20200809,11.18714
ltu,20200816,10.58571
ltu,20200823,12.73429
ltu,20200830,13.15143
ltu,20200906,11.82429
ltu,20200913,13.38143
ltu,20200920,13.35714
ltu,20200927,14.65714
ltu,20201004,13.67714
ltu,20201011,12.64429
ltu,20201018,13.23571
ltu,20201025,14.62286
ltu,20201101,14.7
ltu,20201108,16.90429
ltu,20201115,19.58143
ltu,20201122,26.63
ltu,20201129,32.91286
ltu,20201206,41.02857
ltu,20201213,49.35714
ltu,20201220,58.73286
ltu,20201227,66.35714
ltu,20210103,71.69714
ltu,20210110,69.88286
ltu,20210117,67.62286
ltu,20210124,60.86857
ltu,20210131,53.78143
ltu,20210207,43.05143
ltu,20210214,33.80857
ltu,20210221,24.85286
ltu,20210228,17.22429
ltu,20210307,11.83286
ltu,20210314,10.18571
ltu,20210321,7.33714
ltu,20210328,6.93143
ltu,20210404,5.16429
ltu,20210411,6.22
ltu,20210418,9.26286
ltu,20210425,10.98714
ltu,20210502,11.08714
ltu,20210509,13.80286
ltu,20210516,15.34571
ltu,20210523,17.76857
ltu,20210530,16.72286
ltu,20210606,17.21857
ltu,20210613,17.14286
ltu,20210620,18.18571
ltu,20210627,20.00857
ltu,20210704,17.24714
ltu,20210711,18.05143
ltu,20210718,20.98714
ltu,20210725,19.33714
ltu,20210801,17.98286
ltu,20210808,16.42571
ltu,20210815,13.24857
ltu,20210822,16.51857
ltu,20210829,16.20857
ltu,20210905,14.11429
ltu,20210912,18.55143
ltu,20210919,23.94143
ltu,20210926,29.51857
ltu,20211003,34.54
ltu,20211010,37.57857
ltu,20211017,42.14143
ltu,20211024,45.73143
ltu,20211031,48.02571
ltu,20211107,48.41143
ltu,20211114,48.25143
ltu,20211121,46.55429
ltu,20211128,46.02571
ltu,20211205,43.22
lux,20200301,-20.77
lux,20200308,-17.715
lux,20200315,-11.96333
lux,20200322,-10.28
lux,20200329,-3.658
lux,20200405,-2.75
lux,20200412,4.76714
lux,20200419,8.27286
lux,20200426,10.90286
lux,20200503,9.38571
lux,20200510,12.15714
lux,20200517,9.41429
lux,20200524,8.25429
lux,20200531,1.51143
lux,20200607,-0.21143
lux,20200614,-2.59571
lux,20200621,0.09143
lux,20200628,-3.38857
lux,20200705,-5.84714
lux,20200712,-7.13
lux,20200719,-8.42714
lux,20200726,-8.94429
lux,20200802,-5.29286
lux,20200809,-4.15857
lux,20200816,0.73429
lux,20200823,2.47857
lux,20200830,1.03286
lux,20200906,2.68143
lux,20200913,3.19857
lux,20200920,4.08857
lux,20200927,-0.06286
lux,20201004,-3.67143
lux,20201011,-6.88143
lux,20201018,-2.11429
lux,20201025,-0.56714
lux,20201101,1.71571
lux,20201108,2.91571
lux,20201115,10.20714
lux,20201122,15.91714
lux,20201129,28.96571
lux,20201206,32.16429
lux,20201213,35.91429
lux,20201220,37.27143
lux,20201227,37.66429
lux,20210103,33.39714
lux,20210110,29.15429
lux,20210117,18.88571
lux,20210124,13.90857
lux,20210131,10.13429
lux,20210207,6.43
lux,20210214,0.22714
lux,20210221,-2.27143
lux,20210228,-5.08143
lux,20210307,-5.12857
lux,20210314,-3.66286
lux,20210321,-1.40714
lux,20210328,-2.30571
lux,20210404,-2.56286
lux,20210411,-1.4
lux,20210418,-0.32857
lux,20210425,0.04143
lux,20210502,1.54143
lux,20210509,-3.08
lux,20210516,-3.40714
lux,20210523,0.39571
lux,20210530,-1.84714
lux,20210606,-3.11857
lux,20210613,-2.56429
lux,20210620,-4.06857
lux,20210627,-4.63
lux,20210704,-0.16429
lux,20210711,-2.67429
lux,20210718,-0.24
lux,20210725,-0.17429
lux,20210801,-3.01286
lux,20210808,-4.85571
lux,20210815,-4.78857
lux,20210822,-9.43
lux,20210829,-8.74429
lux,20210905,-8.85143
lux,20210912,-5.42143
lux,20210919,-3.84
lux,20210926,-3.63429
lux,20211003,-2.63429
lux,20211010,1.90857
lux,20211017,-1.45857
lux,20211024,-1.07
lux,20211031,2.45714
lux,20211107,5.03286
lva,20200301,-15.94
lva,20200308,-16.645
lva,20200315,-13.23333
lva,20200322,-12.0525
lva,20200329,-11.578
lva,20200405,-9.78167
lva,20200412,-8.42
lva,20200419,-6.95
lva,20200426,-4.08429
lva,20200503,-2.64714
lva,20200510,-3.60286
lva,20200517,-0.49571
lva,20200524,0.25714
lva,20200531,-0.06429
lva,20200607,1.00857
lva,20200614,2.11143
lva,20200621,1.36571
lva,20200628,5.49143
lva,20200705,4.55571
lva,20200712,3.10571
lva,20200719,3.52857
lva,20200726,3.38571
lva,20200802,2.04143
lva,20200809,3.18143
lva,20200816,2.31857
lva,20200823,2.71571
lva,20200830,3.50857
lva,20200906,3.80857
lva,20200913,3.25429
lva,20200920,2.79286
lva,20200927,2.23714
lva,20201004,1.49
lva,20201011,0.09857
lva,20201018,0.83857
lva,20201025,2.14286
lva,20201101,3.29429
lva,20201108,5.11571
lva,20201115,6.15429
lva,20201122,7.69714
lva,20201129,10.26286
lva,20201206,12.92857
lva,20201213,15.69857
lva,20201220,18.59857
lva,20201227,23.10857
lva,20210103,25.82
lva,20210110,29.38714
lva,20210117,31.75286
lva,20210124,32.10286
lva,20210131,31.66857
lva,20210207,31.78143
lva,20210214,28.59286
lva,20210221,26.39571
lva,20210228,21.92286
lva,20210307,16.55
lva,20210314,12.57
lva,20210321,9.52429
lva,20210328,5.31714
lva,20210404,2.63571
lva,20210411,0.03857
lva,20210418,-0.47571
lva,20210425,1.48714
lva,20210502,3.91714
lva,20210509,5.60714
lva,20210516,9.09857
lva,20210523,11.14
lva,20210530,13.07286
lva,20210606,13.70714
lva,20210613,16.37286
lva,20210620,15.49429
lva,20210627,17.95429
lva,20210704,18.28429
lva,20210711,18.75571
lva,20210718,21.17857
lva,20210725,19.57
lva,20210801,17.11143
lva,20210808,17.61714
lva,20210815,13.15
lva,20210822,11.57
lva,20210829,9.16286
lva,20210905,7.10286
lva,20210912,11.69143
lva,20210919,11.81
lva,20210926,13.41
lva,20211003,16.07857
lva,20211010,17.75429
lva,20211017,24.64286
lva,20211024,33.29143
lva,20211031,40.20429
lva,20211107,48.78429
lva,20211114,56.24286
lva,20211121,61.35
lva,20211128,62.84
lva,20211205,59.43286
lva,20211212,53.14
mac,20200131,-7.84
mac,20200229,-3.185
mac,20200331,-7.01333
mac,20200430,-4.425
mac,20200531,-5.438
mac,20200630,-4.88833
mac,20200731,-4.64143
mac,20200831,-2.16143
mac,20200930,-1.33
mac,20201031,1.50857
mac,20201130,2.21571
mac,20201231,2.32857
mac,20210131,2.16857
mac,20210228,3.29429
mac,20210331,1.29857
mac,20210430,0.57714
mac,20210531,-0.26714
mac,20210630,-0.65857
mac,20210731,-0.53286
mac,20210831,0.83714
mac,20210930,0.28714
mac,20211031,2.07429
mco,20200229,-16.86
mco,20200331,4.815
mco,20200430,7.47
mco,20200531,6.0725
mco,20200630,6.586
mco,20200731,4.2
mco,20200831,6.33
mco,20200930,10.86429
mco,20201031,8.66714
mco,20201130,4.67714
mco,20201231,8.02429
mco,20210131,9.04286
mco,20210228,18.95571
mco,20210331,24.44286
mco,20210430,22.35286
mco,20210531,28.69429
mco,20210630,27.31714
mco,20210731,23.31
mco,20210831,24.57857
mco,20210930,18.64143
mco,20211031,13.02429
mco,20211130,9.09286
mda,20200331,-15.36
mda,20200430,-18.585
mda,20200531,-2.85333
mda,20200630,2.9975
mda,20200731,8.506
mda,20200831,8.65
mda,20200930,11.93714
mda,20201031,18.31714
mda,20201130,24.54
mda,20201231,28.60286
mda,20210131,26.92714
mda,20210228,25.11714
mda,20210331,31.40857
mda,20210430,33.93429
mda,20210531,31.48714
mda,20210630,29.69143
mda,20210731,23.63143
mda,20210831,22.51
mda,20210930,25.06
mdv,20200331,-3.45
mdv,20200430,-4.575
mdv,20200531,2.81
mdv,20200630,3.2875
mdv,20200731,9.036
mdv,20200831,15.26667
mdv,20200930,17.69
mdv,20201031,20.22857
mdv,20201130,24.92429
mdv,20201231,22.95286
mex,20200105,-1.22
mex,20200112,-0.08
mex,20200119,-0.47333
mex,20200126,-1.165
mex,20200202,-2
mex,20200209,-2.06
mex,20200216,-2.59143
mex,20200223,-3.34714
mex,20200301,-4.78571
mex,20200308,-5.48286
mex,20200315,-5.78286
mex,20200322,-6.37143
mex,20200329,-6.61714
mex,20200405,-6.61857
mex,20200412,-5.64571
mex,20200419,-3.18714
mex,20200426,0.80143
mex,20200503,6.54
mex,20200510,14.79143
mex,20200517,23.90714
mex,20200524,33.86571
mex,20200531,43.57857
mex,20200607,53.29429
mex,20200614,62.02143
mex,20200621,68.76857
mex,20200628,73.73143
mex,20200705,77.60429
mex,20200712,81.87143
mex,20200719,85.28429
mex,20200726,86.74286
mex,20200802,86.09286
mex,20200809,85.02857
mex,20200816,82.53
mex,20200823,78.79286
mex,20200830,73.20429
mex,20200906,66.96286
mex,20200913,60.54429
mex,20200920,54.36429
mex,20200927,49.23286
mex,20201004,44.49571
mex,20201011,40.83571
mex,20201018,37.92143
mex,20201025,36.56571
mex,20201101,36.58714
mex,20201108,38.61857
mex,20201115,40.12
mex,20201122,42.37429
mex,20201129,44.71857
mex,20201206,47.95429
mex,20201213,51.23
mex,20201220,55.19
mex,20201227,59.43
mex,20210103,66.37429
mex,20210110,76.28143
mex,20210117,92.17714
mex,20210124,108.71714
mex,20210131,118.11571
mex,20210207,122.29571
mex,20210214,120.65857
mex,20210221,115.39286
mex,20210228,106.51714
mex,20210307,88.25571
mex,20210314,68.30143
mex,20210321,53.91857
mex,20210328,43.11429
mex,20210404,36.30857
mex,20210411,30.72571
mex,20210418,25.95714
mex,20210425,23.33571
mex,20210502,20.27286
mex,20210509,17.79286
mex,20210516,15.57714
mex,20210523,13.25571
mex,20210530,10.50429
mex,20210606,7.76571
mex,20210613,6.07
mex,20210620,5.41
mex,20210627,4.84857
mex,20210704,5.14429
mex,20210711,6.74286
mex,20210718,9.57714
mex,20210725,14.25286
mex,20210801,21.05143
mex,20210808,30.37
mex,20210815,42.45429
mex,20210822,55.49
mex,20210829,67.14
mex,20210905,77.42857
mex,20210912,83.82571
mex,20210919,85.93
mex,20210926,83.11714
mex,20211003,76.44
mex,20211010,66.17286
mex,20211017,55.49714
mex,20211024,43.61429
mex,20211031,32.91857
mex,20211107,23.60429
mex,20211114,15.97143
mkd,20200229,-5.52
mkd,20200331,-5.82
mkd,20200430,-0.63333
mkd,20200531,0.1425
mkd,20200630,6.016
mkd,20200731,8.43
mkd,20200831,10.01143
mkd,20200930,13.70429
mkd,20201031,19.69857
mkd,20201130,37.78286
mkd,20201231,48.89143
mkd,20210131,45.41714
mkd,20210228,45.61857
mkd,20210331,49.72143
mkd,20210430,60.72857
mkd,20210531,62.99429
mkd,20210630,47.28571
mkd,20210731,38.6
mkd,20210831,43.95429
mkd,20210930,56.91571
mkd,20211031,54.31571
mlt,20200308,-16.86
mlt,20200315,-0.59
mlt,20200322,8.96667
mlt,20200329,9.2725
mlt,20200405,6.95
mlt,20200412,7.04833
mlt,20200419,10.20857
mlt,20200426,10.49
mlt,20200503,8.81143
mlt,20200510,4.96286
mlt,20200517,4.73
mlt,20200524,2
mlt,20200531,0.19429
mlt,20200607,-3.47286
mlt,20200614,-3.86429
mlt,20200621,-4.37857
mlt,20200628,-8.30286
mlt,20200705,-8.50571
mlt,20200712,-6.14286
mlt,20200719,-4.25571
mlt,20200726,-5.86143
mlt,20200802,-4.18286
mlt,20200809,-5.28
mlt,20200816,-2.65286
mlt,20200823,0.94857
mlt,20200830,3.40857
mlt,20200906,3.14857
mlt,20200913,3.90571
mlt,20200920,5.76571
mlt,20200927,11.51429
mlt,20201004,17.84286
mlt,20201011,14.35
mlt,20201018,11.21714
mlt,20201025,10.71286
mlt,20201101,16.21714
mlt,20201108,19.89857
mlt,20201115,19.71143
mlt,20201122,18.55143
mlt,20201129,21.14
mlt,20201206,28.97286
mlt,20201213,33.72143
mlt,20201220,35.09714
mlt,20201227,33.96714
mlt,20210103,29.26714
mlt,20210110,24.07571
mlt,20210117,19.52571
mlt,20210124,14.88429
mlt,20210131,9.83429
mlt,20210207,2.83143
mlt,20210214,-0.77143
mlt,20210221,3.03
mlt,20210228,6.30286
mlt,20210307,10.66571
mlt,20210314,12.37714
mlt,20210321,15.25857
mlt,20210328,16.57429
mlt,20210404,17.66857
mlt,20210411,12.04714
mlt,20210418,9.41286
mlt,20210425,4.29571
mlt,20210502,-0.70857
mlt,20210509,-3.92429
mlt,20210516,-3.38429
mlt,20210523,-2.35
mlt,20210530,1.98857
mlt,20210606,-1.05429
mlt,20210613,-0.78714
mlt,20210620,0.44143
mlt,20210627,-0.44429
mlt,20210704,4.48571
mlt,20210711,2.74286
mlt,20210718,2.77857
mlt,20210725,7.25714
mlt,20210801,7.47143
mlt,20210808,12.34
mlt,20210815,18.50857
mlt,20210822,10.15286
mlt,20210829,13.25286
mlt,20210905,11.54714
mlt,20210912,11.74143
mlt,20210919,14.45857
mlt,20210926,7.69857
mlt,20211003,8.30429
mlt,20211010,11.13429
mlt,20211017,5.11857
mlt,20211024,8.29
mlt,20211031,5.38143
mlt,20211107,4.77429
mlt,20211114,6.64143
mlt,20211121,-3.39857
mne,20200322,-6.25
mne,20200329,9.375
mne,20200405,1.13333
mne,20200412,1.0125
mne,20200419,-0.45
mne,20200426,-3.80833
mne,20200503,-4.64714
mne,20200510,-5.98714
mne,20200517,-9.33143
mne,20200524,-7.28857
mne,20200531,-7.15429
mne,20200607,-7.69857
mne,20200614,-6.10714
mne,20200621,-6.80286
mne,20200628,-5.36714
mne,20200705,-0.61571
mne,20200712,1.94714
mne,20200719,5.35286
mne,20200726,9.29286
mne,20200802,13.95286
mne,20200809,16.59857
mne,20200816,17.37
mne,20200823,15.39429
mne,20200830,16.98
mne,20200906,16.25143
mne,20200913,15.34286
mne,20200920,13.71571
mne,20200927,17.66571
mne,20201004,19.90571
mne,20201011,20.11714
mne,20201018,20.85714
mne,20201025,25.30857
mne,20201101,29.87714
mne,20201108,33.86
mne,20201115,33.39
mne,20201122,39.42286
mne,20201129,41.36143
mne,20201206,40.80286
mne,20201213,35.74714
mne,20201220,33.72714
mne,20201227,33.06571
mne,20210103,46.27857
mne,20210110,42.18143
mne,20210117,39.32
mne,20210124,38.75714
mne,20210131,38.88714
mne,20210207,39.67857
mne,20210214,41.78714
mne,20210221,33.25143
mne,20210228,35.85286
mne,20210307,40.94143
mne,20210314,44.26571
mne,20210321,54.24857
mne,20210328,54.38143
mne,20210404,59.41286
mne,20210411,56.59143
mne,20210418,57.18143
mne,20210425,58.14
mne,20210502,57.91429
mne,20210509,48.95714
mne,20210516,50.54571
mne,20210523,43.55143
mng,20200331,-14.33
mng,20200430,-10.885
mng,20200531,-11.79333
mng,20200630,-10.5025
mng,20200731,-9.018
mng,20200831,-8.74333
mng,20200930,-8.02143
mng,20201031,-6.36429
mng,20201130,-6.38143
mng,20201231,-7.58286
mng,20210131,-9.84857
mng,20210228,-10.80571
mng,20210331,-10.95714
mng,20210430,-9.73714
mng,20210531,-10.19
mng,20210630,-5.88
mng,20210731,0.94429
mng,20210831,6.55429
mng,20210930,13.50429
mng,20211031,22.83857
mng,20211130,28.01
mus,20200331,-4.65
mus,20200430,-4.59
mus,20200531,-4.41
mus,20200630,-2.965
mus,20200731,-3.688
mus,20200831,-3.33333
mus,20200930,-4.11286
mus,20201031,-3.7
mus,20201130,-3.04857
mus,20201231,-2.93857
mus,20210131,-3.62714
mus,20210228,-3.01286
mus,20210331,-3.11714
mus,20210430,-2.28286
mus,20210531,-2.68714
mus,20210630,-1.82714
mys,20200131,3.76
mys,20200229,0.12
mys,20200331,-1.88333
mys,20200430,-4.3775
mys,20200531,-5.258
mys,20200630,-6.12
mys,20200731,-6.88
mys,20200831,-8.43857
mys,20200930,-8.95429
mys,20201031,-9.02
mys,20201130,-9.11571
mys,20201231,-9.21571
mys,20210131,-7.77571
mys,20210228,-6.96571
mys,20210331,-6.81
mys,20210430,-6.22714
mys,20210531,-5.37571
mys,20210630,-3.65
mys,20210731,4.24714
mys,20210831,12.79286
mys,20210930,18.49429
ncl,20200331,9.72
ncl,20200430,-10.49
ncl,20200531,-7.79
ncl,20200630,-5.9875
ncl,20200731,-5.48
ncl,20200831,-5.87333
ncl,20200930,-7.43286
ncl,20201031,-8.39429
ncl,20201130,-7.18143
ncl,20201231,-7.46
nic,20200331,33.63
nic,20200430,45.21
nic,20200531,50.44667
nic,20200630,51.4425
nic,20200731,53.208
nic,20200831,54.51667
nld,20200301,-8.61
nld,20200308,-8.875
nld,20200315,-6.46667
nld,20200322,-1.15
nld,20200329,7.628
nld,20200405,18.015
nld,20200412,25.47429
nld,20200419,33.54714
nld,20200426,39.98714
nld,20200503,43.12857
nld,20200510,41.64
nld,20200517,35.39286
nld,20200524,25.24286
nld,20200531,14.90286
nld,20200607,7.83286
nld,20200614,2.58286
nld,20200621,-0.33143
nld,20200628,-1.38857
nld,20200705,-2.16714
nld,20200712,-2.51571
nld,20200719,-3.30429
nld,20200726,-3.56857
nld,20200802,-3.52857
nld,20200809,-3.87143
nld,20200816,-0.44571
nld,20200823,1.4
nld,20200830,2.18143
nld,20200906,3.51429
nld,20200913,4.1
nld,20200920,4.24857
nld,20200927,5.19429
nld,20201004,3.22857
nld,20201011,2.93429
nld,20201018,4.59286
nld,20201025,7.16714
nld,20201101,11.12429
nld,20201108,14.29571
nld,20201115,16.87286
nld,20201122,17.52286
nld,20201129,18.91143
nld,20201206,19.25571
nld,20201213,18.51571
nld,20201220,17.93
nld,20201227,18.28571
nld,20210103,19.68571
nld,20210110,21.32571
nld,20210117,21.04571
nld,20210124,20.85286
nld,20210131,20.03143
nld,20210207,17.67571
nld,20210214,14.83571
nld,20210221,10.74
nld,20210228,6.34143
nld,20210307,3.40143
nld,20210314,0.58571
nld,20210321,-1.66429
nld,20210328,-3.24143
nld,20210404,-3.75
nld,20210411,-3.41429
nld,20210418,-1.29286
nld,20210425,1.04143
nld,20210502,3.00143
nld,20210509,4.97
nld,20210516,6.19857
nld,20210523,6.88429
nld,20210530,6.1
nld,20210606,6.17
nld,20210613,5.86714
nld,20210620,5.47571
nld,20210627,4.38857
nld,20210704,3.88857
nld,20210711,3.04429
nld,20210718,3.83714
nld,20210725,2.92286
nld,20210801,2.82429
nld,20210808,3.46571
nld,20210815,4.25571
nld,20210822,5.30286
nld,20210829,6.49143
nld,20210905,6.60857
nld,20210912,8.77429
nld,20210919,9.04714
nld,20210926,8.51571
nld,20211003,9.34429
nld,20211010,9.38429
nld,20211017,8.88714
nld,20211024,10.10143
nld,20211031,10.20714
nld,20211107,12.33143
nld,20211114,15.47571
nld,20211121,19.11143
nld,20211128,23.33286
nld,20211205,29.22714
nld,20211212,33.18714
nld,20211219,34.52857
nor,20200301,-4.61
nor,20200308,-6.25
nor,20200315,-4.21667
nor,20200322,-3.3775
nor,20200329,-0.81
nor,20200405,0.005
nor,20200412,1.01286
nor,20200419,2.62714
nor,20200426,3.71714
nor,20200503,3.9
nor,20200510,4.13143
nor,20200517,2.01857
nor,20200524,1.60714
nor,20200531,-0.41571
nor,20200607,-2.09714
nor,20200614,-1.89429
nor,20200621,-1.74
nor,20200628,-2.80714
nor,20200705,-3.01286
nor,20200712,-4.16
nor,20200719,-2.51714
nor,20200726,-1.64143
nor,20200802,-0.70143
nor,20200809,-0.60286
nor,20200816,0.87571
nor,20200823,2.41714
nor,20200830,2.74143
nor,20200906,1.86
nor,20200913,3.27714
nor,20200920,3.23143
nor,20200927,2.92571
nor,20201004,3.46
nor,20201011,2.78286
nor,20201018,2.76286
nor,20201025,3.69286
nor,20201101,2.85857
nor,20201108,2.02714
nor,20201115,1.87429
nor,20201122,1.22429
nor,20201129,0.99143
nor,20201206,1.03571
nor,20201213,0.66429
nor,20201220,-0.27
nor,20201227,-1.23571
nor,20210103,-1.78286
nor,20210110,-3.63143
nor,20210117,-4.03714
nor,20210124,-4.13857
nor,20210131,-4.95857
nor,20210207,-6.40571
nor,20210214,-6.43
nor,20210221,-7.59571
nor,20210228,-7.97429
nor,20210307,-10.04286
nor,20210314,-10.54
nor,20210321,-10.68571
nor,20210328,-9.82429
nor,20210404,-10.22
nor,20210411,-8.82857
nor,20210418,-7.63571
nor,20210425,-5.08286
nor,20210502,-3.87571
nor,20210509,-4.09571
nor,20210516,-3.89857
nor,20210523,-2.43714
nor,20210530,-2.07571
nor,20210606,-1.19714
nor,20210613,-0.64286
nor,20210620,-1.29
nor,20210627,-0.90429
nor,20210704,-0.57143
nor,20210711,-0.42857
nor,20210718,-0.46429
nor,20210725,-0.00429
nor,20210801,0.12571
nor,20210808,2.39286
nor,20210815,4.11857
nor,20210822,5.96571
nor,20210829,6.85143
nor,20210905,7.97571
nor,20210912,8.49714
nor,20210919,10.36429
nor,20210926,10.71571
nor,20211003,10.75571
nor,20211010,10.67
nor,20211017,10.36
nor,20211024,11.04714
nor,20211031,12.24143
nor,20211107,12.88286
nor,20211114,14.28143
nor,20211121,15.19714
nor,20211128,16.57571
nor,20211205,18.21
nor,20211212,19.41571
nor,20211219,18.35714
nzl,20200301,-3.35
nzl,20200308,-2.145
nzl,20200315,-2.82333
nzl,20200322,-2.2225
nzl,20200329,-2.41
nzl,20200405,-2.07167
nzl,20200412,-1.16286
nzl,20200419,-0.49286
nzl,20200426,-0.66429
nzl,20200503,-2.02714
nzl,20200510,-2.85714
nzl,20200517,-3.16429
nzl,20200524,-4.54
nzl,20200531,-7.14286
nzl,20200607,-9.06286
nzl,20200614,-10.02857
nzl,20200621,-9.61571
nzl,20200628,-10.60714
nzl,20200705,-11.89286
nzl,20200712,-12.90429
nzl,20200719,-12.16
nzl,20200726,-12.02286
nzl,20200802,-12.52429
nzl,20200809,-13.41286
nzl,20200816,-13.83714
nzl,20200823,-13.18286
nzl,20200830,-13.21429
nzl,20200906,-13.44143
nzl,20200913,-13.79571
nzl,20200920,-14.16571
nzl,20200927,-13.29571
nzl,20201004,-11.64286
nzl,20201011,-12.03429
nzl,20201018,-10.39714
nzl,20201025,-8.15
nzl,20201101,-7.81429
nzl,20201108,-6.09714
nzl,20201115,-5.46571
nzl,20201122,-5.64
nzl,20201129,-3.39429
nzl,20201206,-1.91286
nzl,20201213,-2.70571
nzl,20201220,0.01714
nzl,20201227,0.44714
nzl,20210103,2.50571
nzl,20210110,4.72714
nzl,20210117,4.35
nzl,20210124,4.76143
nzl,20210131,4.30857
nzl,20210207,3.89143
nzl,20210214,4.84857
nzl,20210221,3.67143
nzl,20210228,2.16
nzl,20210307,2.63857
nzl,20210314,1.60857
nzl,20210321,2.14429
nzl,20210328,1.82571
nzl,20210404,1.90286
nzl,20210411,1.99143
nzl,20210418,2.21857
nzl,20210425,1.27714
nzl,20210502,2.18429
nzl,20210509,2.24714
nzl,20210516,1.17143
nzl,20210523,0.75571
nzl,20210530,0.34714
nzl,20210606,-0.09714
nzl,20210613,-0.24143
nzl,20210620,-0.52429
nzl,20210627,-1.78286
nzl,20210704,-2.20714
nzl,20210711,-2.37857
nzl,20210718,-1.64
nzl,20210725,-1.44143
nzl,20210801,-1.15571
nzl,20210808,-1.67
nzl,20210815,-0.34
nzl,20210822,1.01
nzl,20210829,0.09429
nzl,20210905,-0.15
nzl,20210912,0.18143
nzl,20210919,-1.21429
nzl,20210926,-2.51143
nzl,20211003,-3.54714
nzl,20211010,-4.61571
nzl,20211017,-5.15286
nzl,20211024,-4.79714
nzl,20211031,-5.37714
nzl,20211107,-4.09857
nzl,20211114,-2.77143
nzl,20211121,-1.31857
nzl,20211128,-0.99571
nzl,20211205,-0.62286
omn,20200229,-6.75
omn,20200331,-3.665
omn,20200430,-4.76667
omn,20200531,-3.3225
omn,20200630,0.852
omn,20200731,5.95167
omn,20200831,9.51286
omn,20200930,16.80571
omn,20201031,22.64143
omn,20201130,26.25286
omn,20201231,26.76286
omn,20210131,23.82286
omn,20210228,19.22714
omn,20210331,15.81
omn,20210430,16.35571
omn,20210531,19.65714
omn,20210630,36.43857
omn,20210731,54.87714
omn,20210831,60.07429
omn,20210930,59.55143
omn,20211031,58.97286
omn,20211130,52.23429
pan,20200331,-24.61
pan,20200430,-60.265
pan,20200531,-24.40667
pan,20200630,-10.3525
pan,20200731,1.952
pan,20200831,10.11333
pan,20200930,13.72571
pan,20201031,19.86286
pan,20201130,36.69286
pan,20201231,32.75857
pan,20210131,39
pan,20210228,44.81
pan,20210331,43.64286
pan,20210430,40.10857
pan,20210531,38.41429
pan,20210630,37.10286
per,20200105,13.52
per,20200112,15.325
per,20200119,14.26667
per,20200126,14.285
per,20200202,12.282
per,20200209,12.35
per,20200216,12.39429
per,20200223,11.85
per,20200301,10.72857
per,20200308,10.78857
per,20200315,10.57286
per,20200322,10.65286
per,20200329,9.46571
per,20200405,9.58714
per,20200412,11.56714
per,20200419,16.67429
per,20200426,27.56857
per,20200503,43.39143
per,20200510,66.22
per,20200517,91.51571
per,20200524,116.88857
per,20200531,141.51286
per,20200607,162.24143
per,20200614,176.69857
per,20200621,184.05143
per,20200628,183.26714
per,20200705,179.87286
per,20200712,178.19429
per,20200719,176.51143
per,20200726,175.77
per,20200802,175.97857
per,20200809,178.54571
per,20200816,182.75714
per,20200823,183.56
per,20200830,177.07429
per,20200906,165.22
per,20200913,150.59286
per,20200920,132.49429
per,20200927,111.81571
per,20201004,90.82143
per,20201011,72.62571
per,20201018,57.64714
per,20201025,47.42857
per,20201101,38.72143
per,20201108,33.29429
per,20201115,30.95286
per,20201122,28.83286
per,20201129,27.25857
per,20201206,26.67571
per,20201213,26.49857
per,20201220,28.74857
per,20201227,30.41571
per,20210103,32.51714
per,20210110,39.8
per,20210117,51.65429
per,20210124,70.25571
per,20210131,94.49143
per,20210207,117.70429
per,20210214,146.29857
per,20210221,173.29143
per,20210228,192.45571
per,20210307,206.90286
per,20210314,216.08286
per,20210321,218.56714
per,20210328,222.78286
per,20210404,224.27857
per,20210411,229.60429
per,20210418,239.78286
per,20210425,247.32
per,20210502,251.57857
per,20210509,251.30143
per,20210516,246.40143
per,20210523,234.34429
per,20210530,215.47571
per,20210606,192.82429
per,20210613,168.79857
per,20210620,144.12286
per,20210627,122.07286
per,20210704,101.69429
per,20210711,84.10429
per,20210718,69.17857
per,20210725,55.65286
per,20210801,45.94
per,20210808,38.32571
per,20210815,33.15286
per,20210822,28.57143
per,20210829,26.63857
per,20210905,24.26429
per,20210912,22.38857
per,20210919,21.09143
per,20210926,20.18571
per,20211003,18.96143
per,20211010,19.07143
per,20211017,17.32143
per,20211024,16.37857
per,20211031,15.74857
per,20211107,15.84571
per,20211114,15.58
per,20211121,16.17714
per,20211128,16.13286
per,20211205,17.52
per,20211212,19.59143
per,20211219,20.93714
per,20211226,22.03143
phl,20200131,-3.07
phl,20200229,-4
phl,20200331,-6.00333
phl,20200430,-7.3225
phl,20200531,-6.644
phl,20200630,-5.81667
phl,20200731,-4.34143
phl,20200831,-3.09
phl,20200930,-2.01143
phl,20201031,-0.66429
phl,20201130,0.85857
phl,20201231,1.55714
phl,20210131,2.36
phl,20210228,2.97429
phl,20210331,5.02
phl,20210430,9.47286
phl,20210531,14.60143
phl,20210630,19.53
phl,20210731,23.77286
pol,20200308,-6.3
pol,20200315,-4.845
pol,20200322,-4.20333
pol,20200329,-4.025
pol,20200405,-3.858
pol,20200412,-3.43167
pol,20200419,-2.43571
pol,20200426,-1.84571
pol,20200503,-1.29714
pol,20200510,-0.88286
pol,20200517,-0.20429
pol,20200524,0.22
pol,20200531,0.58857
pol,20200607,0.66143
pol,20200614,1.44571
pol,20200621,1.26
pol,20200628,1.40571
pol,20200705,1.89286
pol,20200712,1.95143
pol,20200719,2.04571
pol,20200726,1.37143
pol,20200802,1.43143
pol,20200809,2.47571
pol,20200816,3.83
pol,20200823,4.76143
pol,20200830,4.75571
pol,20200906,4.97571
pol,20200913,5.98714
pol,20200920,6.84429
pol,20200927,6.85714
pol,20201004,6.25714
pol,20201011,7.05714
pol,20201018,11.03286
pol,20201025,18.61714
pol,20201101,30.09143
pol,20201108,44.18857
pol,20201115,57.46
pol,20201122,68.98571
pol,20201129,76.74143
pol,20201206,81.14857
pol,20201213,79.87571
pol,20201220,73.26
pol,20201227,63.68429
pol,20210103,54.80143
pol,20210110,46.71143
pol,20210117,40.06143
pol,20210124,35.18
pol,20210131,30.73714
pol,20210207,26.07143
pol,20210214,21.42429
pol,20210221,17.56429
pol,20210228,14.5
pol,20210307,12.67714
pol,20210314,12.20143
pol,20210321,14.52286
pol,20210328,20.12714
pol,20210404,27.97429
pol,20210411,36.09857
pol,20210418,43.09429
pol,20210425,48.80286
pol,20210502,51.45714
pol,20210509,51.13571
pol,20210516,48.37286
pol,20210523,41.58429
pol,20210530,33.25571
pol,20210606,26.16857
pol,20210613,19.98
pol,20210620,15.9
pol,20210627,13.25
pol,20210704,9.76286
pol,20210711,8.1
pol,20210718,7.98714
pol,20210725,6.78571
pol,20210801,5.95714
pol,20210808,4.10857
pol,20210815,2.59286
pol,20210822,2.33
pol,20210829,2.17571
pol,20210905,0.96571
pol,20210912,2.49429
pol,20210919,3.27429
pol,20210926,4.61286
pol,20211003,5.19857
pol,20211010,6.00286
pol,20211017,6.70286
pol,20211024,8.29571
pol,20211031,9.63
pol,20211107,12.01429
pol,20211114,16.23143
pol,20211121,22.94143
pol,20211128,30.34714
pol,20211205,37.72571
pol,20211212,43.58857
prt,20200301,-8.18
prt,20200308,-8.44
prt,20200315,-5.12667
prt,20200322,-1.9025
prt,20200329,1.478
prt,20200405,4.34
prt,20200412,6.69286
prt,20200419,10.14
prt,20200426,13.27714
prt,20200503,14.09857
prt,20200510,14.44286
prt,20200517,12.63571
prt,20200524,10.70714
prt,20200531,10.39571
prt,20200607,8.79714
prt,20200614,6.49286
prt,20200621,4.78571
prt,20200628,4.96429
prt,20200705,6.15429
prt,20200712,7.98714
prt,20200719,11.11429
prt,20200726,14.43429
prt,20200802,16.77429
prt,20200809,18.17714
prt,20200816,17.06429
prt,20200823,15.9
prt,20200830,15.14571
prt,20200906,10.61143
prt,20200913,9.71857
prt,20200920,9.74286
prt,20200927,8.84571
prt,20201004,9.62714
prt,20201011,11.02714
prt,20201018,10.81571
prt,20201025,10.92429
prt,20201101,10.89143
prt,20201108,12.24857
prt,20201115,16.50143
prt,20201122,18.74714
prt,20201129,19.82714
prt,20201206,21.70857
prt,20201213,24.61571
prt,20201220,24.29429
prt,20201227,22.09714
prt,20210103,21.09857
prt,20210110,22.52143
prt,20210117,28.46429
prt,20210124,35.45429
prt,20210131,40.81857
prt,20210207,44.50571
prt,20210214,47.07286
prt,20210221,44.87
prt,20210228,39.76857
prt,20210307,30.07143
prt,20210314,18.09143
prt,20210321,7.15
prt,20210328,-0.59571
prt,20210404,-4.78857
prt,20210411,-7.20571
prt,20210418,-8.35429
prt,20210425,-8.44286
prt,20210502,-7.96857
prt,20210509,-6.53429
prt,20210516,-5.65143
prt,20210523,-6.35429
prt,20210530,-4.62429
prt,20210606,-3.95
prt,20210613,-2.82286
prt,20210620,-1.34
prt,20210627,-2.73429
prt,20210704,-1.92429
prt,20210711,-0.01286
prt,20210718,1.02286
prt,20210725,2.18429
prt,20210801,2.60286
prt,20210808,2.97714
prt,20210815,4.97571
prt,20210822,6.54286
prt,20210829,6.80286
prt,20210905,7.43714
prt,20210912,7.63
prt,20210919,7.74429
prt,20210926,8.17
prt,20211003,8.20714
prt,20211010,7.48143
prt,20211017,8.15143
prt,20211024,6.69286
prt,20211031,7.01857
prt,20211107,7.05429
prt,20211114,8.15286
prt,20211121,9.67143
prt,20211128,11.00143
prt,20211205,12.38143
prt,20211212,13.97714
prt,20211219,13.69286
pry,20200331,10.63
pry,20200430,3.59
pry,20200531,-0.74333
pry,20200630,-3.7275
pry,20200731,-4.654
pry,20200831,-1.74167
pry,20200930,1.55857
pry,20201031,3.57
pry,20201130,7.10143
pry,20201231,12.49429
pry,20210131,16.50286
pry,20210228,21.98143
pry,20210331,30.30714
pry,20210430,46.52
pry,20210531,64.43429
pry,20210630,78.01143
pry,20210731,81.49286
pry,20210831,81.56143
pse,20200331,-4.4
pse,20200430,-9.635
pse,20200531,-7.22667
pse,20200630,-7.42
pse,20200731,-4.362
pse,20200831,-3.17333
pse,20200930,0.66714
pse,20201031,3.64
pse,20201130,9.64143
pse,20201231,18.39429
pyf,20200331,2.35
pyf,20200430,-2.565
pyf,20200531,-5.00333
pyf,20200630,-4.335
pyf,20200731,-7.344
pyf,20200831,-9.67667
pyf,20200930,-7.54857
pyf,20201031,-7.31571
pyf,20201130,-4.58143
pyf,20201231,0.68
pyf,20210131,2.24714
pyf,20210228,6.15143
pyf,20210331,7.06571
pyf,20210430,3.18857
pyf,20210531,0.58571
pyf,20210630,-2.63
pyf,20210731,-7.12714
pyf,20210831,33.53857
pyf,20210930,54.28286
qat,20200229,7.9
qat,20200331,12.82
qat,20200430,5.20333
qat,20200531,9.06
qat,20200630,20.564
qat,20200731,26.16167
qat,20200831,24.97857
qat,20200930,26.64143
qat,20201031,26.94857
qat,20201130,26.32143
qat,20201231,24.49714
qat,20210131,16.41714
qat,20210228,8.25286
qat,20210331,10.44
qat,20210430,23.94714
qat,20210531,26.58714
qat,20210630,32.34571
qat,20210731,34.04714
qat,20210831,36.13714
qat,20210930,35.56143
qat,20211031,32.82857
qat,20211130,17.01714
rou,20200301,-5.53
rou,20200308,-5.815
rou,20200315,-5.97333
rou,20200322,-5.9675
rou,20200329,-5.174
rou,20200405,-4.35333
rou,20200412,-3.37143
rou,20200419,-2.34286
rou,20200426,-0.97143
rou,20200503,-0.24714
rou,20200510,0.91286
rou,20200517,1.86286
rou,20200524,1.48429
rou,20200531,0.89857
rou,20200607,1.40429
rou,20200614,2.03857
rou,20200621,1.80714
rou,20200628,2.23714
rou,20200705,4.12571
rou,20200712,5.79429
rou,20200719,7.00857
rou,20200726,7.21714
rou,20200802,8.69571
rou,20200809,11.62714
rou,20200816,13.38
rou,20200823,13.41714
rou,20200830,14.82857
rou,20200906,16.10429
rou,20200913,17.32571
rou,20200920,16.91286
rou,20200927,15.99714
rou,20201004,15.16429
rou,20201011,15.22429
rou,20201018,15.92857
rou,20201025,18.17
rou,20201101,21.72286
rou,20201108,27.44
rou,20201115,34.40429
rou,20201122,42.18857
rou,20201129,49.31
rou,20201206,55.43714
rou,20201213,58.84571
rou,20201220,58.61
rou,20201227,55.63429
rou,20210103,51.02286
rou,20210110,43.52
rou,20210117,35.15
rou,20210124,28.27
rou,20210131,21.52857
rou,20210207,17.06429
rou,20210214,12.85714
rou,20210221,9.58857
rou,20210228,8.29857
rou,20210307,8.29286
rou,20210314,7.89286
rou,20210321,10.36
rou,20210328,13.98286
rou,20210404,18.37
rou,20210411,23.04286
rou,20210418,27.98429
rou,20210425,31.40286
rou,20210502,33.66286
rou,20210509,32.74857
rou,20210516,30.71
rou,20210523,27.48714
rou,20210530,22.87429
rou,20210606,17.83857
rou,20210613,13.58429
rou,20210620,8.88143
rou,20210627,8.16571
rou,20210704,6.13857
rou,20210711,4.72571
rou,20210718,5.21
rou,20210725,5.22143
rou,20210801,5.60143
rou,20210808,6.14429
rou,20210815,3.93857
rou,20210822,3.75286
rou,20210829,3.77143
rou,20210905,3.26
rou,20210912,5.51
rou,20210919,9.56857
rou,20210926,15.30143
rou,20211003,24.30571
rou,20211010,37.01857
rou,20211017,53.17429
rou,20211024,70.39571
rou,20211031,76.57
rus,20200131,-3.33
rus,20200229,-0.36
rus,20200331,-0.43667
rus,20200430,0.575
rus,20200531,3.502
rus,20200630,5.755
rus,20200731,8.25429
rus,20200831,10.80714
rus,20200930,13.18286
rus,20201031,20
rus,20201130,28.63286
rus,20201231,34.50286
rus,20210131,36.63714
rus,20210228,36.21429
rus,20210331,37.38857
rus,20210430,36.69286
rus,20210531,31.08857
rus,20210630,26.08
rus,20210731,25.23143
rus,20210831,27.46143
rus,20210930,31.03
rus,20211031,37.56714
rus,20211130,47.61
rus,20211231,52.02429
sgp,20200131,10.8
sgp,20200229,7.24
sgp,20200331,4.99333
sgp,20200430,5.55
sgp,20200531,4.156
sgp,20200630,2.45167
sgp,20200731,0.86143
sgp,20200831,-0.79
sgp,20200930,-1.12429
sgp,20201031,-1.82857
sgp,20201130,-2.75286
sgp,20201231,-2.66286
sgp,20210131,-1.94143
sgp,20210228,-0.16714
sgp,20210331,0.24
sgp,20210430,1.24
sgp,20210531,2.40571
sgp,20210630,2.75
sgp,20210731,3.38
sgp,20210831,4.18
sgp,20210930,5.45857
slv,20200331,-20.31
slv,20200430,-32.75
slv,20200531,-36.22333
slv,20200630,-11.875
slv,20200731,14.044
slv,20200831,19.91
smr,20200229,14.04
smr,20200331,71.7
smr,20200430,59.00667
smr,20200531,49.3025
smr,20200630,45.806
smr,20200731,41.91333
smr,20200831,35.92571
smr,20200930,32.24
smr,20201031,17.51143
smr,20201130,15.61857
smr,20201231,27.67
smr,20210131,21.71857
smr,20210228,24.27571
smr,20210331,33.58143
smr,20210430,38.21714
smr,20210531,34.60286
smr,20210630,30.39429
smr,20210731,18.66571
smr,20210831,20.75143
smr,20210930,16.80857
smr,20211031,11.97571
smr,20211130,9.94571
srb,20200229,0.86
srb,20200331,-0.08
srb,20200430,0.94333
srb,20200531,2.23
srb,20200630,3.458
srb,20200731,7.39333
srb,20200831,8.19
srb,20200930,9.55429
srb,20201031,9.61857
srb,20201130,13.92714
srb,20201231,26.74143
srb,20210131,25.58143
srb,20210228,23.34143
srb,20210331,27.43857
srb,20210430,33.26
srb,20210531,37.6
srb,20210630,35.49857
srb,20210731,22.77286
srb,20210831,24.06714
srb,20210930,29.57571
srb,20211031,34.27857
srb,20211130,39.21571
svk,20200308,-1.76
svk,20200315,-0.19
svk,20200322,3.01667
svk,20200329,2.2075
svk,20200405,2.944
svk,20200412,1.7
svk,20200419,0.71143
svk,20200426,0.44571
svk,20200503,0.04429
svk,20200510,-0.62286
svk,20200517,-0.14143
svk,20200524,-1.16714
svk,20200531,-1.2
svk,20200607,0.09857
svk,20200614,0.67286
svk,20200621,-0.03143
svk,20200628,-0.62714
svk,20200705,-0.47571
svk,20200712,0.10286
svk,20200719,0.70143
svk,20200726,-0.84143
svk,20200802,-0.83857
svk,20200809,1.48429
svk,20200816,1.36
svk,20200823,1.06714
svk,20200830,1.62429
svk,20200906,1.98286
svk,20200913,4.16286
svk,20200920,3.81143
svk,20200927,3.05571
svk,20201004,5.11714
svk,20201011,6.00429
svk,20201018,7.70857
svk,20201025,11.63714
svk,20201101,15.52714
svk,20201108,21.82429
svk,20201115,26.82714
svk,20201122,29.84857
svk,20201129,34.46143
svk,20201206,38.75
svk,20201213,42.08286
svk,20201220,43.86
svk,20201227,46.90286
svk,20210103,53.98571
svk,20210110,60.31429
svk,20210117,66.34143
svk,20210124,68.76429
svk,20210131,71.10143
svk,20210207,73.10143
svk,20210214,74.58857
svk,20210221,71.58571
svk,20210228,69.42143
svk,20210307,65.59143
svk,20210314,64.07571
svk,20210321,61.58571
svk,20210328,59.30429
svk,20210404,54.32286
svk,20210411,48.97714
svk,20210418,43.31286
svk,20210425,38.75
svk,20210502,33.10143
svk,20210509,27.80286
svk,20210516,23.71
svk,20210523,18.92143
svk,20210530,14.44429
svk,20210606,11.50571
svk,20210613,9.14
svk,20210620,7.98857
svk,20210627,7.84714
svk,20210704,5.95429
svk,20210711,5.94143
svk,20210718,6.86857
svk,20210725,5.39
svk,20210801,4.32286
svk,20210808,2.86571
svk,20210815,0.96143
svk,20210822,1.05571
svk,20210829,-0.42286
svk,20210905,-0.74857
svk,20210912,1.45571
svk,20210919,4.29714
svk,20210926,7.12857
svk,20211003,8.56143
svk,20211010,11.03429
svk,20211017,14.77714
svk,20211024,18.41714
svk,20211031,23.75857
svk,20211107,27.38143
svk,20211114,33.68571
svk,20211121,43.4
svk,20211128,51.50286
svn,20200202,-5.01
svn,20200209,-5.01
svn,20200216,-1.49667
svn,20200223,-2.52
svn,20200301,-3.804
svn,20200308,-3.08
svn,20200315,-3.14714
svn,20200322,-2.07143
svn,20200329,-2.94714
svn,20200405,-4.84143
svn,20200412,-2.49286
svn,20200419,-0.52
svn,20200426,-0.64429
svn,20200503,-0.96571
svn,20200510,-1.07
svn,20200517,-0.04
svn,20200524,2.53
svn,20200531,-0.33
svn,20200607,-1.62429
svn,20200614,-0.61857
svn,20200621,0.80286
svn,20200628,3.46
svn,20200705,4.14143
svn,20200712,1.49
svn,20200719,2.17571
svn,20200726,2.34286
svn,20200802,2.44286
svn,20200809,2.11286
svn,20200816,0.19429
svn,20200823,-0.68857
svn,20200830,-0.71857
svn,20200906,0.76143
svn,20200913,2.00286
svn,20200920,2.70143
svn,20200927,2.04286
svn,20201004,1.89
svn,20201011,3.35714
svn,20201018,6.63
svn,20201025,10.01714
svn,20201101,16.95857
svn,20201108,23.95571
svn,20201115,36.26857
svn,20201122,48.20286
svn,20201129,62.51714
svn,20201206,73.75429
svn,20201213,81.83571
svn,20201220,84.16857
svn,20201227,84.23571
svn,20210103,80.23143
svn,20210110,72.09
svn,20210117,61.75571
svn,20210124,51.75286
svn,20210131,40.56429
svn,20210207,31.19
svn,20210214,21.19857
svn,20210221,11.82286
svn,20210228,7.27714
svn,20210307,1.64857
svn,20210314,-0.99
svn,20210321,-2.50714
svn,20210328,-3.58429
svn,20210404,-2.44429
svn,20210411,-1.32857
svn,20210418,0.02143
svn,20210425,2.49143
svn,20210502,1.42857
svn,20210509,2.23
svn,20210516,3.61571
svn,20210523,5.13857
svn,20210530,6.36857
svn,20210606,6.80571
svn,20210613,6.30714
svn,20210620,8.40286
svn,20210627,8.77429
svn,20210704,9.44571
svn,20210711,6.90857
svn,20210718,5.03857
svn,20210725,1.56714
svn,20210801,0.10857
svn,20210808,-2.97857
svn,20210815,-4.25429
svn,20210822,-7.56143
svn,20210829,-8.27571
svn,20210905,-6.47143
svn,20210912,-2.17857
svn,20210919,-0.55286
svn,20210926,2.56714
svn,20211003,5.59714
svn,20211010,8.01857
svn,20211017,11.78143
svn,20211024,14.05857
svn,20211031,13.69429
svn,20211107,18.32571
svn,20211114,23.44143
svn,20211121,26.07571
swe,20200202,-0.46
swe,20200209,-3.81
swe,20200216,-3.87667
swe,20200223,-5.255
swe,20200301,-5.954
swe,20200308,-5.535
swe,20200315,-5.84
swe,20200322,-5.07429
swe,20200329,-2.17714
swe,20200405,3.13
swe,20200412,11.32286
swe,20200419,18.90286
swe,20200426,24.38286
swe,20200503,30.79571
swe,20200510,35.09429
swe,20200517,37.27571
swe,20200524,36.06714
swe,20200531,30.36
swe,20200607,26.24
swe,20200614,23.31286
swe,20200621,19.47
swe,20200628,15.75857
swe,20200705,11.85
swe,20200712,8.65429
swe,20200719,7.26714
swe,20200726,5.15429
swe,20200802,3.03714
swe,20200809,2.14
swe,20200816,0.95143
swe,20200823,1.35714
swe,20200830,0.32
swe,20200906,0.30429
swe,20200913,0.23143
swe,20200920,0.02143
swe,20200927,-0.58857
swe,20201004,-1.23
swe,20201011,-2.42
swe,20201018,-1.55714
swe,20201025,-1.86571
swe,20201101,-1.68714
swe,20201108,-1.14286
swe,20201115,0.56286
swe,20201122,4.03143
swe,20201129,6.64
swe,20201206,9.55571
swe,20201213,13.27857
swe,20201220,17.19571
swe,20201227,20.86857
swe,20210103,23.61429
swe,20210110,23.34143
swe,20210117,24.07571
swe,20210124,23.44286
swe,20210131,21.63143
swe,20210207,17.50571
swe,20210214,13.59
swe,20210221,8.75143
swe,20210228,5.02429
swe,20210307,0.25143
swe,20210314,-2.78
swe,20210321,-5.51429
swe,20210328,-5.92
swe,20210404,-6.92571
swe,20210411,-7.08571
swe,20210418,-6.52
swe,20210425,-4.82286
swe,20210502,-4.66
swe,20210509,-2.77429
swe,20210516,-1.92429
swe,20210523,-0.9
swe,20210530,-0.50286
swe,20210606,-0.19143
swe,20210613,0.16
swe,20210620,0.31286
swe,20210627,-0.35286
swe,20210704,-1.20429
swe,20210711,-1.43286
swe,20210718,-1.11286
swe,20210725,-1.19143
swe,20210801,-0.68857
swe,20210808,-1.14
swe,20210815,-0.25429
swe,20210822,0.48857
swe,20210829,1.04286
swe,20210905,1.00857
swe,20210912,1.88571
swe,20210919,2.62143
swe,20210926,4.13286
swe,20211003,4.36286
swe,20211010,4.02429
swe,20211017,3.86143
swe,20211024,4.53857
swe,20211031,4.29857
swe,20211107,3.96
swe,20211114,3.87571
swe,20211121,3.47857
swe,20211128,3.82857
swe,20211205,3.92857
swe,20211212,3.87714
syc,20200331,-17.63
syc,20200430,-18.18
syc,20200531,-25.93
syc,20200630,-25.93
syc,20200731,-24.88
syc,20200831,-25.07333
syc,20200930,-23.94571
syc,20201031,-27.67286
syc,20201130,-26.40286
syc,20201231,-21.74571
syc,20210131,-17.87429
syc,20210228,-13.09143
syc,20210331,-9.20571
syc,20210430,-7.06571
syc,20210531,3.46571
syc,20210630,12.76714
tha,20200131,5.43
tha,20200229,2.77
tha,20200331,4.1
tha,20200430,1.2375
tha,20200531,-0.08
tha,20200630,0.36667
tha,20200731,-0.00571
tha,20200831,-0.99571
tha,20200930,-1.24429
tha,20201031,-2.76143
tha,20201130,-0.82
tha,20201231,1.24714
tha,20210131,1.51143
tha,20210228,1.29714
tha,20210331,3.31857
tha,20210430,3.28714
tha,20210531,5.02143
tha,20210630,6.00286
tha,20210731,7.58143
tha,20210831,12.26571
tha,20210930,15.69714
tha,20211031,14.92571
tha,20211130,17.94571
tha,20211231,19.91714
tun,20200331,-6.46
tun,20200430,-7.97
tun,20200531,-8.62667
tun,20200630,-8.1725
tun,20200731,-8.286
tun,20200831,-6.48333
tun,20200930,-5.18571
tun,20201031,1.06429
tun,20201130,6.52
tun,20201231,11.66
tun,20210131,16.03286
tun,20210228,16.29143
tun,20210331,14.87714
tun,20210430,19.01143
twn,20200131,-5.91
twn,20200229,2.235
twn,20200331,-1.36
twn,20200430,-1.5825
twn,20200531,-3.108
twn,20200630,-2.97667
twn,20200731,-3.06143
twn,20200831,-3.60571
twn,20200930,-4.94714
twn,20201031,-5.04714
twn,20201130,-4.76143
twn,20201231,-3.04
twn,20210131,-2.03429
twn,20210228,-1.35857
twn,20210331,-0.90286
twn,20210430,-1.50714
twn,20210531,0.29286
twn,20210630,2.75571
twn,20210731,2.77857
twn,20210831,2.31714
twn,20210930,2.31143
twn,20211031,2.75857
twn,20211130,4.61571
ukr,20200331,-6.17
ukr,20200430,-5.455
ukr,20200531,-7.48667
ukr,20200630,-4.1125
ukr,20200731,-2.428
ukr,20200831,-1.885
ukr,20200930,0.61143
ukr,20201031,4.33143
ukr,20201130,9.60571
ukr,20201231,16.31
ukr,20210131,15.74429
ukr,20210228,16.22429
ukr,20210331,19.83286
ukr,20210430,23.52429
ukr,20210531,22.60286
ukr,20210630,19.52
ukr,20210731,14.94143
ukr,20210831,14.61286
ukr,20210930,15.76286
ukr,20211031,19.29286
ury,20200331,-1.9
ury,20200430,-2.345
ury,20200531,-4.51667
ury,20200630,-7.985
ury,20200731,-8.696
ury,20200831,-9.45333
ury,20200930,-9.31571
ury,20201031,-9.85857
ury,20201130,-9.96429
ury,20201231,-7.83714
ury,20210131,-2.68571
ury,20210228,-4.03571
ury,20210331,0.35429
ury,20210430,11.98571
ury,20210531,21.54571
ury,20210630,26.87429
ury,20210731,26.52286
ury,20210831,23.87
ury,20210930,26.57714
ury,20211031,23.48714
usa,20200126,-2.63
usa,20200202,-2.64
usa,20200209,-2.36333
usa,20200216,-2.365
usa,20200223,-2.104
usa,20200301,-1.73667
usa,20200308,-1.42429
usa,20200315,-0.98143
usa,20200322,-0.31286
usa,20200329,1.37143
usa,20200405,5.47857
usa,20200412,11.23286
usa,20200419,16.63857
usa,20200426,21.46714
usa,20200503,25.08857
usa,20200510,28.10286
usa,20200517,29.54143
usa,20200524,27.91143
usa,20200531,24.04143
usa,20200607,20.01286
usa,20200614,16.41571
usa,20200621,14.05286
usa,20200628,12.24714
usa,20200705,11.17429
usa,20200712,11.5
usa,20200719,12.67714
usa,20200726,14.52571
usa,20200802,16.44714
usa,20200809,18.14
usa,20200816,19.71571
usa,20200823,20.75
usa,20200830,20.59143
usa,20200906,19.68714
usa,20200913,18.21857
usa,20200920,16.76286
usa,20200927,15.71429
usa,20201004,14.07714
usa,20201011,13.25857
usa,20201018,12.47
usa,20201025,12.34143
usa,20201101,12.66429
usa,20201108,13.98
usa,20201115,15.16714
usa,20201122,17.59857
usa,20201129,19.72857
usa,20201206,22.99571
usa,20201213,26.89286
usa,20201220,30.54
usa,20201227,33.38571
usa,20210103,36.78714
usa,20210110,38.43143
usa,20210117,39.78
usa,20210124,40.10429
usa,20210131,38.66571
usa,20210207,36.72143
usa,20210214,33.37714
usa,20210221,29.01571
usa,20210228,25.22714
usa,20210307,20.80143
usa,20210314,16.27143
usa,20210321,12.41429
usa,20210328,9.29286
usa,20210404,7.05571
usa,20210411,5.79857
usa,20210418,4.65429
usa,20210425,4.76
usa,20210502,5.41
usa,20210509,5.93429
usa,20210516,6.34857
usa,20210523,7.32714
usa,20210530,7.36
usa,20210606,7.88714
usa,20210613,7.56143
usa,20210620,7.38857
usa,20210627,7.38571
usa,20210704,7.46286
usa,20210711,7.14857
usa,20210718,7.27143
usa,20210725,7.7
usa,20210801,8.93571
usa,20210808,10.73429
usa,20210815,13.41286
usa,20210822,16.80143
usa,20210829,20.95571
usa,20210905,25.22143
usa,20210912,28.97143
usa,20210919,32.01429
usa,20210926,33.9
usa,20211003,34.56714
usa,20211010,33.33286
usa,20211017,31.04143
usa,20211024,28.23429
usa,20211031,25.22857
usa,20211107,22.07714
usa,20211114,19.31429
usa,20211121,16.35571
usa,20211128,14.25286
uzb,20200331,-7.05
uzb,20200430,-9.36
uzb,20200531,-9.39
uzb,20200630,-4.0025
uzb,20200731,1.824
uzb,20200831,12.72333
uzb,20200930,13.73286
uzb,20201031,18.98714
uzb,20201130,22.02571
uzb,20201231,24.18714
uzb,20210131,24.68429
uzb,20210228,22.37
uzb,20210331,12.78
uzb,20210430,9.17571
uzb,20210531,4.28857
uzb,20210630,5.63286
uzb,20210731,8.52857
uzb,20210831,12.15
uzb,20210930,19.28857
zaf,20200209,8.1
zaf,20200216,5.6
zaf,20200223,5.07333
zaf,20200301,2.7975
zaf,20200308,3.302
zaf,20200315,3.26
zaf,20200322,2.96143
zaf,20200329,1.26857
zaf,20200405,-0.50286
zaf,20200412,-2.08571
zaf,20200419,-2.68714
zaf,20200426,-5.24286
zaf,20200503,-8.06429
zaf,20200510,-9.96429
zaf,20200517,-11.08
zaf,20200524,-10.97143
zaf,20200531,-11.30429
zaf,20200607,-11.34429
zaf,20200614,-10.16857
zaf,20200621,-6.43857
zaf,20200628,-2.72857
zaf,20200705,1.80571
zaf,20200712,8.41286
zaf,20200719,17.43857
zaf,20200726,26.76
zaf,20200802,33.29143
zaf,20200809,36.21286
zaf,20200816,37.04571
zaf,20200823,36.82714
zaf,20200830,32.99429
zaf,20200906,26.22
zaf,20200913,18.54429
zaf,20200920,12.53571
zaf,20200927,8.68143
zaf,20201004,5.25857
zaf,20201011,3.54714
zaf,20201018,3.52143
zaf,20201025,3.91571
zaf,20201101,4.01714
zaf,20201108,5.25429
zaf,20201115,6.99857
zaf,20201122,9.82714
zaf,20201129,9.79286
zaf,20201206,10.91714
zaf,20201213,14.37429
zaf,20201220,19.52286
zaf,20201227,28.66429
zaf,20210103,40.57714
zaf,20210110,57.04143
zaf,20210117,80.31143
zaf,20210124,97.80714
zaf,20210131,104.14714
zaf,20210207,105.59286
zaf,20210214,99.66286
zaf,20210221,89.46429
zaf,20210228,73.59571
zaf,20210307,51.78429
zaf,20210314,34.04714
zaf,20210321,24.59
zaf,20210328,19.30857
zaf,20210404,16.81429
zaf,20210411,14.68286
zaf,20210418,13.96143
zaf,20210425,13.47857
zaf,20210502,12.96857
zaf,20210509,13.13
zaf,20210516,13.44857
zaf,20210523,13.70857
zaf,20210530,14.97714
zaf,20210606,16.47571
zaf,20210613,18.12143
zaf,20210620,19.23429
zaf,20210627,22.95143
zaf,20210704,28.21571
zaf,20210711,35.00571
zaf,20210718,45.26
zaf,20210725,54.18143
zaf,20210801,62.12286
zaf,20210808,67.32857
zaf,20210815,67.95286
zaf,20210822,67.39286
zaf,20210829,64.54
zaf,20210905,57.10143
zaf,20210912,48.55571
zaf,20210919,39.85
zaf,20210926,34.04571
zaf,20211003,29.57571
zaf,20211010,23.73714
zaf,20211017,19.33429
zaf,20211024,14.80571
zaf,20211031,11.47714
zaf,20211107,10.21429
zaf,20211114,9.60857
zaf,20211121,9.23429
zaf,20211128,9.4
zaf,20211205,9.74714
zaf,20211212,9.78857
zaf,20211219,12.43143
