geo,time,excess_mortality_cumulative_per_million
abw,20200331,241.61575
abw,20200430,248.1459
abw,20200531,107.28112
abw,20200630,182.84435
abw,20200731,112.8784
abw,20200831,184.71011
abw,20200930,471.10406
abw,20201031,617.56612
abw,20201130,601.70717
abw,20201231,567.19063
abw,20210131,652.08265
abw,20210228,925.4163
abw,20210331,1129.71687
abw,20210430,1460.88903
abw,20210531,1532.72074
abw,20210630,1485.1439
abw,20210731,1637.20323
abw,20210831,2210.92402
abw,20210930,2588.74015
alb,20200229,-66.41294
alb,20200331,-57.43258
alb,20200430,-33.06724
alb,20200531,8.00575
alb,20200630,65.43833
alb,20200731,209.82034
alb,20200831,481.8071
alb,20200930,643.24485
alb,20201031,904.99817
alb,20201130,1637.14168
alb,20201231,2023.15821
alb,20210131,2222.39703
alb,20210228,2854.50344
alb,20210331,3371.18778
alb,20210430,3611.22114
alb,20210531,3678.6087
alb,20210630,3752.6097
alb,20210731,3778.1585
alb,20210831,3913.90822
alb,20210930,4259.33906
alb,20211031,4576.99342
alb,20211130,4841.53134
alb,20211231,5101.05697
and,20200331,206.84128
and,20200430,667.06311
and,20200531,853.22026
and,20200630,855.80578
and,20200731,876.4899
and,20200831,796.33891
and,20200930,819.60855
and,20201031,1124.69943
and,20201130,1031.62086
and,20201231,1158.31114
arg,20200131,-16.95617
arg,20200229,-6.5211
arg,20200331,-12.52252
arg,20200430,-32.34236
arg,20200531,-70.71685
arg,20200630,-162.55819
arg,20200731,-125.87208
arg,20200831,-10.29255
arg,20200930,226.74955
arg,20201031,545.81627
arg,20201130,768.02692
arg,20201231,919.79921
arm,20200229,59.49878
arm,20200331,52.79422
arm,20200430,78.83757
arm,20200531,75.56952
arm,20200630,389.7406
arm,20200731,628.6454
arm,20200831,684.06753
arm,20200930,809.43275
arm,20201031,1368.20245
arm,20201130,2677.07457
arm,20201231,3377.21284
arm,20210131,3537.34745
arm,20210228,3613.72555
arm,20210331,3807.55143
arm,20210430,4255.47685
arm,20210531,4446.67481
arm,20210630,4581.67572
arm,20210731,4677.46
arm,20210831,4794.26763
arm,20210930,5109.71899
arm,20211031,5627.11581
arm,20211130,6452.24869
arm,20211231,6698.63294
arm,20220131,6816.08071
atg,20200331,-53.68285
atg,20200430,-56.7215
atg,20200531,-47.60554
atg,20200630,-139.77798
atg,20200731,-150.9197
atg,20200831,-303.86516
atg,20200930,-379.83146
atg,20201031,-445.66891
atg,20201130,-483.14561
atg,20201231,-585.44688
aus,20200126,-20.65284
aus,20200202,-25.60859
aus,20200209,-29.68798
aus,20200216,-30.55659
aus,20200223,-32.45668
aus,20200301,-31.44072
aus,20200308,-35.63643
aus,20200315,-38.43228
aus,20200322,-38.09492
aus,20200329,-34.60495
aus,20200405,-27.7685
aus,20200412,-26.11658
aus,20200419,-29.7539
aus,20200426,-31.33989
aus,20200503,-36.82302
aus,20200510,-40.94893
aus,20200517,-50.29041
aus,20200524,-57.86751
aus,20200531,-66.91428
aus,20200607,-80.5678
aus,20200614,-92.49961
aus,20200621,-108.2316
aus,20200628,-125.83266
aus,20200705,-142.49531
aus,20200712,-157.60299
aus,20200719,-176.44105
aus,20200726,-190.92828
aus,20200802,-201.87514
aus,20200809,-213.53163
aus,20200816,-222.06654
aus,20200823,-238.9696
aus,20200830,-256.9662
aus,20200906,-271.29057
aus,20200913,-286.057
aus,20200920,-303.13069
aus,20200927,-311.94867
aus,20201004,-321.1932
aus,20201011,-332.97378
aus,20201018,-344.13391
aus,20201025,-354.75892
aus,20201101,-362.3748
aus,20201108,-367.50893
aus,20201115,-367.55546
aus,20201122,-373.977
aus,20201129,-381.61615
aus,20201206,-381.39512
aus,20201213,-387.09539
aus,20201220,-390.08901
aus,20201227,-389.87573
aus,20210103,-393.13691
aus,20210110,-398.10042
aus,20210117,-405.90631
aus,20210124,-405.70079
aus,20210131,-411.14126
aus,20210207,-410.96288
aus,20210214,-416.1164
aus,20210221,-422.48753
aus,20210228,-424.81029
aus,20210307,-427.90861
aus,20210314,-429.355
aus,20210321,-429.75053
aus,20210328,-432.96518
aus,20210404,-435.32672
aus,20210411,-442.63626
aus,20210418,-440.23206
aus,20210425,-439.56122
aus,20210502,-437.66112
aus,20210509,-431.70879
aus,20210516,-432.56577
aus,20210523,-433.38398
aus,20210530,-431.39469
aus,20210606,-436.52107
aus,20210613,-435.57102
aus,20210620,-436.59087
aus,20210627,-441.32171
aus,20210704,-446.14174
aus,20210711,-451.24097
aus,20210718,-454.12988
aus,20210725,-457.3678
aus,20210801,-460.41958
aus,20210808,-468.92346
aus,20210815,-479.43989
aus,20210822,-489.83224
aus,20210829,-503.20656
aus,20210905,-514.71957
aus,20210912,-528.33432
aus,20210919,-535.05444
aus,20210926,-544.60531
aus,20211003,-544.64021
aus,20211010,-549.3982
aus,20211017,-553.60943
aus,20211024,-553.98557
aus,20211031,-556.47895
aus,20211107,-557.47941
aus,20211114,-565.38224
aus,20211121,-567.15437
aus,20211128,-570.91578
aut,20200301,-82.82584
aut,20200308,-86.01059
aut,20200315,-87.40393
aut,20200322,-63.20861
aut,20200329,-52.15042
aut,20200405,-27.44643
aut,20200412,-2.27799
aut,20200419,15.56993
aut,20200426,26.4733
aut,20200503,26.05309
aut,20200510,32.84282
aut,20200517,33.59478
aut,20200524,38.04017
aut,20200531,36.31509
aut,20200607,42.77308
aut,20200614,42.59614
aut,20200621,41.07011
aut,20200628,43.17117
aut,20200705,54.9592
aut,20200712,53.45529
aut,20200719,48.36852
aut,20200726,42.17593
aut,20200802,42.50768
aut,20200809,41.13646
aut,20200816,55.20248
aut,20200823,57.85645
aut,20200830,63.82787
aut,20200906,77.82753
aut,20200913,91.53969
aut,20200920,105.56147
aut,20200927,110.11745
aut,20201004,116.46485
aut,20201011,125.95277
aut,20201018,136.41382
aut,20201025,164.25834
aut,20201101,204.48803
aut,20201108,257.27983
aut,20201115,336.39011
aut,20201122,431.13668
aut,20201129,528.07276
aut,20201206,630.67064
aut,20201213,724.99699
aut,20201220,790.37301
aut,20201227,832.01815
aut,20210103,859.61939
aut,20210110,873.70752
aut,20210117,882.15598
aut,20210124,903.94061
aut,20210131,923.55784
aut,20210207,926.18968
aut,20210214,914.75552
aut,20210221,901.88378
aut,20210228,882.13386
aut,20210307,854.35569
aut,20210314,851.34786
aut,20210321,846.59284
aut,20210328,850.61802
aut,20210404,862.40605
aut,20210411,868.37747
aut,20210418,882.33291
aut,20210425,898.14612
aut,20210502,920.72694
aut,20210509,939.50374
aut,20210516,955.20637
aut,20210523,959.12097
aut,20210530,964.07504
aut,20210606,982.76338
aut,20210613,996.80728
aut,20210620,1011.84642
aut,20210627,1036.37348
aut,20210704,1045.83929
aut,20210711,1046.96723
aut,20210718,1053.27039
aut,20210725,1063.06795
aut,20210801,1065.34594
aut,20210808,1057.67155
aut,20210815,1077.37725
aut,20210822,1092.61543
aut,20210829,1105.50928
aut,20210905,1116.85498
aut,20210912,1142.20035
aut,20210919,1156.97409
aut,20210926,1171.61513
aut,20211003,1191.38717
aut,20211010,1199.23849
aut,20211017,1209.34567
aut,20211024,1231.04184
aut,20211031,1271.00614
aut,20211107,1316.0572
aut,20211114,1374.44444
aut,20211121,1434.37982
aut,20211128,1500.1097
aut,20211205,1570.57248
aut,20211212,1626.34998
aut,20211219,1660.14381
aut,20211226,1679.47352
aut,20220102,1690.88558
aut,20220109,1680.9332
aut,20220116,1657.1581
aut,20220123,1656.56096
aut,20220130,1653.68583
aut,20220206,1646.54224
aut,20220213,1643.2469
aut,20220220,1649.01927
aut,20220227,1646.14414
aze,20200331,98.18705
aze,20200430,54.30708
aze,20200531,9.23377
aze,20200630,203.74938
aze,20200731,355.16755
aze,20200831,400.35824
aze,20200930,432.26561
aze,20201031,558.85824
aze,20201130,929.26541
aze,20201231,1878.05477
aze,20210131,2138.1947
aze,20210228,2176.07859
aze,20210331,2275.11664
aze,20210430,2515.43918
aze,20210531,2583.58713
aze,20210630,2681.41227
aze,20210731,2705.03467
aze,20210831,2893.67158
aze,20210930,3222.59527
aze,20211031,3370.75618
aze,20211130,3667.65512
aze,20211231,3895.88769
aze,20220131,3965.62025
bel,20200209,-83.38825
bel,20200216,-101.57033
bel,20200223,-117.19058
bel,20200301,-142.18127
bel,20200308,-162.44375
bel,20200315,-171.5133
bel,20200322,-151.14765
bel,20200329,-67.21781
bel,20200405,96.67879
bel,20200412,285.97012
bel,20200419,428.3921
bel,20200426,515.38238
bel,20200503,551.65197
bel,20200510,583.02143
bel,20200517,588.68667
bel,20200524,598.73625
bel,20200531,603.61059
bel,20200607,597.25761
bel,20200614,600.99719
bel,20200621,592.78731
bel,20200628,599.32942
bel,20200705,577.82901
bel,20200712,562.81052
bel,20200719,559.31166
bel,20200726,543.77737
bel,20200802,549.51139
bel,20200809,564.61584
bel,20200816,653.32546
bel,20200823,680.68885
bel,20200830,678.63423
bel,20200906,682.76925
bel,20200913,679.82058
bel,20200920,690.67824
bel,20200927,691.8388
bel,20201004,688.06484
bel,20201011,691.94196
bel,20201018,705.44742
bel,20201025,760.6642
bel,20201101,872.73973
bel,20201108,1017.8095
bel,20201115,1137.5705
bel,20201122,1230.35497
bel,20201129,1298.60439
bel,20201206,1345.41357
bel,20201213,1393.90771
bel,20201220,1435.64482
bel,20201227,1468.45852
bel,20210103,1486.48586
bel,20210110,1494.7817
bel,20210117,1493.34605
bel,20210124,1495.67576
bel,20210131,1498.29776
bel,20210207,1479.37637
bel,20210214,1457.84156
bel,20210221,1441.1897
bel,20210228,1412.48523
bel,20210307,1367.87682
bel,20210314,1343.81458
bel,20210321,1323.98193
bel,20210328,1306.76268
bel,20210404,1307.45902
bel,20210411,1316.33944
bel,20210418,1323.5349
bel,20210425,1338.70812
bel,20210502,1354.50031
bel,20210509,1376.65407
bel,20210516,1381.35648
bel,20210523,1386.05889
bel,20210530,1388.78406
bel,20210606,1394.24298
bel,20210613,1395.09405
bel,20210620,1405.00608
bel,20210627,1393.42629
bel,20210704,1396.68445
bel,20210711,1380.32488
bel,20210718,1385.14764
bel,20210725,1394.1828
bel,20210801,1385.42274
bel,20210808,1385.29379
bel,20210815,1387.39998
bel,20210822,1386.51452
bel,20210829,1383.6862
bel,20210905,1388.4058
bel,20210912,1403.09761
bel,20210919,1406.57928
bel,20210926,1407.70545
bel,20211003,1411.42784
bel,20211010,1419.32823
bel,20211017,1437.37276
bel,20211024,1466.59303
bel,20211031,1496.0884
bel,20211107,1522.17947
bel,20211114,1554.87282
bel,20211121,1586.24228
bel,20211128,1619.60618
bel,20211205,1673.6538
bel,20211212,1712.19293
bel,20211219,1740.12369
bel,20211226,1755.27972
bel,20220102,1773.4618
bel,20220109,1770.12627
bel,20220116,1751.64331
bel,20220123,1746.55404
bel,20220130,1753.70652
bel,20220206,1762.87063
bel,20220213,1763.66153
bgr,20200308,-209.17387
bgr,20200315,-224.99313
bgr,20200322,-239.21742
bgr,20200329,-245.29283
bgr,20200405,-255.51517
bgr,20200412,-259.09662
bgr,20200419,-262.33007
bgr,20200426,-269.88446
bgr,20200503,-284.68874
bgr,20200510,-298.68103
bgr,20200517,-278.91782
bgr,20200524,-286.9362
bgr,20200531,-306.49641
bgr,20200607,-303.23396
bgr,20200614,-298.11554
bgr,20200621,-299.87001
bgr,20200628,-304.78544
bgr,20200705,-267.2165
bgr,20200712,-249.51226
bgr,20200719,-250.39675
bgr,20200726,-245.45232
bgr,20200802,-213.6543
bgr,20200809,-192.58612
bgr,20200816,-173.05491
bgr,20200823,-158.85962
bgr,20200830,-139.00942
bgr,20200906,-116.98425
bgr,20200913,-100.498
bgr,20200920,-92.30562
bgr,20200927,-83.67825
bgr,20201004,-75.28287
bgr,20201011,-58.27463
bgr,20201018,-41.00539
bgr,20201025,8.25038
bgr,20201101,104.65943
bgr,20201108,271.65343
bgr,20201115,538.89893
bgr,20201122,878.81734
bgr,20201129,1264.06207
bgr,20201206,1643.53589
bgr,20201213,1961.82062
bgr,20201220,2214.01535
bgr,20201227,2345.28188
bgr,20210103,2436.38402
bgr,20210110,2446.22937
bgr,20210117,2437.399
bgr,20210124,2440.71945
bgr,20210131,2438.15299
bgr,20210207,2431.43959
bgr,20210214,2443.57591
bgr,20210221,2476.04092
bgr,20210228,2523.15072
bgr,20210307,2595.80913
bgr,20210314,2708.60294
bgr,20210321,2884.41281
bgr,20210328,3109.08694
bgr,20210404,3388.30926
bgr,20210411,3632.21011
bgr,20210418,3877.24194
bgr,20210425,4079.9924
bgr,20210502,4241.30249
bgr,20210509,4359.40322
bgr,20210516,4439.02153
bgr,20210523,4499.47112
bgr,20210530,4533.87911
bgr,20210606,4558.48524
bgr,20210613,4581.84439
bgr,20210620,4599.37462
bgr,20210627,4650.92135
bgr,20210704,4680.8924
bgr,20210711,4713.76341
bgr,20210718,4739.09453
bgr,20210725,4752.07184
bgr,20210801,4774.938
bgr,20210808,4819.29283
bgr,20210815,4867.70761
bgr,20210822,4904.00056
bgr,20210829,4982.37189
bgr,20210905,5081.7679
bgr,20210912,5207.84351
bgr,20210919,5368.25461
bgr,20210926,5511.67196
bgr,20211003,5665.96415
bgr,20211010,5832.78415
bgr,20211017,6041.85652
bgr,20211024,6304.1141
bgr,20211031,6597.3432
bgr,20211107,6902.92613
bgr,20211114,7194.41526
bgr,20211121,7467.83767
bgr,20211128,7699.5297
bgr,20211205,7904.04914
bgr,20211212,8074.95808
bgr,20211219,8213.9675
bgr,20211226,8343.72605
bgr,20220102,8448.83498
bgr,20220109,8527.2208
bgr,20220116,8604.18565
bgr,20220123,8704.90114
bgr,20220130,8837.71916
bgr,20220206,8999.73973
bgr,20220213,9183.50998
bgr,20220220,9339.46964
bih,20200331,-339.27192
bih,20200430,-279.21295
bih,20200531,-297.84348
bih,20200630,-240.11333
bih,20200731,-161.36253
bih,20200831,-15.75016
bih,20200930,226.14042
bih,20201031,376.65557
bih,20201130,1134.74691
bih,20201231,2021.10705
bih,20210131,2043.32274
bih,20210228,2091.76827
bih,20210331,2533.04852
bih,20210430,3470.48944
bih,20210531,3851.52686
bih,20210630,4014.14573
bih,20210731,4099.11692
bih,20210831,4155.65202
bih,20210930,4501.51205
blr,20200229,-117.97265
blr,20200331,-133.97414
blr,20200430,-71.80023
blr,20200531,100.21321
blr,20200630,484.47151
blr,20200731,611.20209
blr,20200831,728.38048
blr,20200930,884.19121
blr,20201031,1122.32863
blr,20201130,1754.24476
blr,20201231,2527.72807
blr,20210131,3014.80472
blr,20210228,3287.98446
blr,20210331,3306.45343
blz,20200331,-33.09337
blz,20200430,-94.34079
blz,20200531,-115.08588
blz,20200630,-101.74975
blz,20200731,-117.55554
blz,20200831,-133.36132
blz,20200930,-177.32117
blz,20201031,-124.9645
blz,20201130,85.45003
blz,20201231,315.12787
bmu,20200331,-11.27359
bmu,20200430,293.11344
bmu,20200531,326.93423
bmu,20200630,173.93545
bmu,20200731,88.57824
bmu,20200831,41.87335
bmu,20200930,410.68093
bmu,20201031,222.25085
bmu,20201130,256.07164
bmu,20201231,248.01907
bol,20200331,63.36551
bol,20200430,-37.11674
bol,20200531,-48.23824
bol,20200630,257.4509
bol,20200731,1207.89971
bol,20200831,1726.57065
bol,20200930,1804.65778
bol,20201031,1851.865
bol,20201130,1886.9366
bol,20201231,1911.17403
bol,20210131,2298.75324
bol,20210228,2519.44234
bol,20210331,2646.78183
bol,20210430,2735.78764
bol,20210531,3056.46883
bol,20210630,3502.54578
bol,20210731,3775.74932
bol,20210831,3929.608
bol,20210930,4018.5293
bol,20211031,4073.95088
bol,20211130,4178.67552
bol,20211231,4675.93165
bol,20220131,4846.85289
bra,20200229,32.94307
bra,20200331,67.29646
bra,20200430,127.87495
bra,20200531,300.15032
bra,20200630,408.09008
bra,20200731,517.70465
bra,20200831,636.93728
bra,20200930,719.19681
bra,20201031,802.46852
bra,20201130,884.25047
bra,20201231,1016.6592
bra,20210131,1195.56281
bra,20210228,1355.44341
bra,20210331,1798.18782
bra,20210430,2180.65936
bra,20210531,2465.64847
bra,20210630,2701.19494
bra,20210731,2876.61106
bra,20210831,3018.8229
bra,20210930,3101.68105
bra,20211031,3136.75455
bra,20211130,3205.88938
bra,20211231,3263.26824
bra,20220131,3464.09963
brb,20200331,-57.00224
brb,20200430,-193.25149
brb,20200531,-230.0944
brb,20200630,-159.18918
brb,20200731,-157.79888
brb,20200831,-88.28395
brb,20200930,-269.02276
brb,20201031,-352.44067
brb,20201130,-442.81007
brb,20201231,-380.94179
brb,20210131,-785.51865
brb,20210228,-832.09365
brb,20210331,-510.9347
brb,20210430,-643.7082
brb,20210531,-781.34776
brb,20210630,-700.01529
brb,20210731,-1014.9179
brb,20210831,-910.64552
brb,20210930,-938.45149
brn,20200331,99.65303
brn,20200430,77.91055
brn,20200531,52.54432
brn,20200630,176.20467
brn,20200731,156.27406
brn,20200831,134.98455
brn,20200930,61.15072
brn,20201031,-0.45297
brn,20201130,-12.68311
brn,20201231,-38.04934
can,20200126,-22.94321
can,20200202,-29.85454
can,20200209,-35.53124
can,20200216,-45.12199
can,20200223,-55.0017
can,20200301,-60.41571
can,20200308,-66.4339
can,20200315,-71.90045
can,20200322,-71.74546
can,20200329,-68.83225
can,20200405,-54.43955
can,20200412,-29.88081
can,20200419,-4.82296
can,20200426,30.05944
can,20200503,63.26063
can,20200510,86.47966
can,20200517,104.83895
can,20200524,119.12657
can,20200531,134.20226
can,20200607,141.50237
can,20200614,139.94988
can,20200621,142.18011
can,20200628,143.70107
can,20200705,140.78261
can,20200712,145.53464
can,20200719,148.92069
can,20200726,151.20346
can,20200802,152.38293
can,20200809,153.37852
can,20200816,159.62787
can,20200823,165.74589
can,20200830,166.16356
can,20200906,170.86306
can,20200913,172.17387
can,20200920,176.45307
can,20200927,184.96154
can,20201004,189.73985
can,20201011,195.67398
can,20201018,197.9042
can,20201025,200.86996
can,20201101,205.85841
can,20201108,221.59082
can,20201115,233.59305
can,20201122,244.59707
can,20201129,259.51515
can,20201206,278.66251
can,20201213,296.99553
can,20201220,310.2324
can,20201227,326.33257
can,20210103,345.8477
can,20210110,352.19162
can,20210117,356.723
can,20210124,361.1493
can,20210131,366.15351
can,20210207,371.63056
can,20210214,365.33918
can,20210221,357.76062
can,20210228,348.44831
can,20210307,341.10617
can,20210314,328.95683
can,20210321,315.38897
can,20210328,306.39189
can,20210404,297.78885
can,20210411,295.28017
can,20210418,292.16732
can,20210425,289.68491
can,20210502,293.87479
can,20210509,295.5954
can,20210516,297.18467
can,20210523,302.8456
can,20210530,297.86766
can,20210606,301.95246
can,20210613,299.31244
can,20210620,298.59005
can,20210627,297.44735
can,20210704,318.71198
can,20210711,319.64453
can,20210718,320.36692
can,20210725,322.6129
can,20210801,326.25114
can,20210808,331.28162
can,20210815,332.84462
can,20210822,340.05542
can,20210829,343.85126
can,20210905,350.09011
can,20210912,361.53019
can,20210919,370.36966
can,20210926,375.87298
can,20211003,376.67418
can,20211010,365.9959
can,20211017,354.24059
che,20200301,-124.41062
che,20200308,-136.30897
che,20200315,-136.98592
che,20200322,-116.71169
che,20200329,-78.4465
che,20200405,-13.53911
che,20200412,32.16111
che,20200419,70.51809
che,20200426,89.43842
che,20200503,90.43664
che,20200510,87.51082
che,20200517,83.55235
che,20200524,80.02989
che,20200531,72.30801
che,20200607,71.74579
che,20200614,71.75726
che,20200621,67.33984
che,20200628,64.43697
che,20200705,61.62588
che,20200712,59.11312
che,20200719,45.17243
che,20200726,39.53878
che,20200802,50.47333
che,20200809,49.75048
che,20200816,55.82013
che,20200823,59.04427
che,20200830,58.39026
che,20200906,56.77246
che,20200913,62.84211
che,20200920,65.1254
che,20200927,67.66111
che,20201004,64.73529
che,20201011,73.55865
che,20201018,77.2647
che,20201025,104.92807
che,20201101,154.36876
che,20201108,245.66594
che,20201115,343.22782
che,20201122,442.55667
che,20201129,531.12308
che,20201206,627.72116
che,20201213,728.1515
che,20201220,820.50427
che,20201227,902.69123
che,20210103,969.38854
che,20210110,1017.52121
che,20210117,1051.19687
che,20210124,1080.46658
che,20210131,1095.89887
che,20210207,1090.63238
che,20210214,1077.90792
che,20210221,1052.03446
che,20210228,1027.49196
che,20210307,997.74035
che,20210314,977.30547
che,20210321,956.50344
che,20210328,946.55564
che,20210404,940.02704
che,20210411,933.29191
che,20210418,933.28043
che,20210425,933.95739
che,20210502,940.66957
che,20210509,937.60606
che,20210516,942.78075
che,20210523,942.67749
che,20210530,940.60073
che,20210606,945.56889
che,20210613,937.61753
che,20210620,942.74633
che,20210627,942.64307
che,20210704,940.26799
che,20210711,935.91941
che,20210718,934.04918
che,20210725,931.53641
che,20210801,926.31582
che,20210808,923.89485
che,20210815,939.30419
che,20210822,947.62271
che,20210829,952.7515
che,20210905,970.29497
che,20210912,987.90728
che,20210919,1003.22483
che,20210926,1012.46126
che,20211003,1021.9501
che,20211010,1019.09312
che,20211017,1024.77266
che,20211024,1033.02234
che,20211031,1046.52702
che,20211107,1051.86235
che,20211114,1069.1075
che,20211121,1092.96157
che,20211128,1126.84376
che,20211205,1167.74792
che,20211212,1219.43748
che,20211219,1261.1907
che,20211226,1283.39254
che,20220102,1309.3119
che,20220109,1312.86878
che,20220116,1310.8035
che,20220123,1303.75857
che,20220130,1296.98902
che,20220206,1287.30511
che,20220213,1268.55689
che,20220220,1260.7547
che,20220227,1232.71268
chl,20200223,10.67021
chl,20200301,11.36768
chl,20200308,11.76326
chl,20200315,14.08468
chl,20200322,20.01316
chl,20200329,23.98976
chl,20200405,29.52786
chl,20200412,27.98719
chl,20200419,32.66647
chl,20200426,33.83238
chl,20200503,34.64436
chl,20200510,50.17603
chl,20200517,66.4468
chl,20200524,101.2369
chl,20200531,158.3824
chl,20200607,236.46234
chl,20200614,313.47525
chl,20200621,376.89275
chl,20200628,428.42728
chl,20200705,459.23557
chl,20200712,486.20258
chl,20200719,501.87478
chl,20200726,514.37194
chl,20200802,525.86975
chl,20200809,533.68243
chl,20200816,538.77811
chl,20200823,553.6071
chl,20200830,565.88565
chl,20200906,570.75752
chl,20200913,579.22082
chl,20200920,584.37895
chl,20200927,592.3634
chl,20201004,601.86769
chl,20201011,617.60756
chl,20201018,629.9746
chl,20201025,643.39825
chl,20201101,655.7809
chl,20201108,666.41988
chl,20201115,673.4414
chl,20201122,681.43625
chl,20201129,692.84037
chl,20201206,705.10331
chl,20201213,715.97652
chl,20201220,725.50684
chl,20201227,745.87914
chl,20210103,763.54485
chl,20210110,783.97961
chl,20210117,808.54192
chl,20210124,844.21686
chl,20210131,871.67835
chl,20210207,902.74689
chl,20210214,931.17129
chl,20210221,959.55927
chl,20210228,990.95051
chl,20210307,1030.30538
chl,20210314,1068.99922
chl,20210321,1101.86348
chl,20210328,1144.10711
chl,20210404,1189.29156
chl,20210411,1232.96657
chl,20210418,1275.86082
chl,20210425,1308.73549
chl,20210502,1344.08252
chl,20210509,1376.99883
chl,20210516,1412.81431
chl,20210523,1453.17374
chl,20210530,1493.82986
chl,20210606,1529.51522
chl,20210613,1565.89284
chl,20210620,1599.38169
chl,20210627,1633.06313
chl,20210704,1672.77194
chl,20210711,1704.34536
chl,20210718,1733.436
chl,20210725,1750.08674
chl,20210801,1763.40629
chl,20210808,1772.39009
chl,20210815,1784.20019
chl,20210822,1796.93158
chl,20210829,1797.74356
chl,20210905,1800.89778
chl,20210912,1804.04159
chl,20210919,1809.83994
chl,20210926,1811.08393
chl,20211003,1811.29733
chl,20211010,1818.29283
chl,20211017,1830.42564
chl,20211024,1836.53629
chl,20211031,1853.37961
chl,20211107,1862.88391
chl,20211114,1879.8053
chl,20211121,1897.53347
chl,20211128,1915.19918
chl,20211205,1942.20783
chl,20211212,1963.51703
chl,20211219,1984.99279
chl,20211226,2006.43211
chl,20220102,2031.62943
chl,20220109,2051.58533
chl,20220116,2076.54842
chl,20220123,2095.18746
chl,20220130,2125.39718
chl,20220206,2168.47361
chl,20220213,2221.14282
chl,20220220,2284.12831
chl,20220227,2344.605
chl,20220306,2394.82787
col,20200308,10.59575
col,20200315,6.8096
col,20200322,5.04429
col,20200329,-0.29844
col,20200405,-7.93901
col,20200412,-13.94886
col,20200419,-18.09392
col,20200426,-22.76955
col,20200503,-29.76641
col,20200510,-33.80223
col,20200517,-38.2633
col,20200524,-39.6931
col,20200531,-40.47139
col,20200607,-34.16505
col,20200614,-23.44641
col,20200621,-5.00723
col,20200628,19.22528
col,20200705,46.57487
col,20200712,84.16911
col,20200719,134.99242
col,20200726,195.89652
col,20200802,263.21815
col,20200809,324.92591
col,20200816,382.9509
col,20200823,432.54143
col,20200830,474.83274
col,20200906,512.8171
col,20200913,547.83262
col,20200920,579.03663
col,20200927,610.77122
col,20201004,638.63577
col,20201011,669.17268
col,20201018,700.0919
col,20201025,734.91236
col,20201101,763.18264
col,20201108,794.5388
col,20201115,823.13679
col,20201122,853.30698
col,20201129,883.29771
col,20201206,909.42622
col,20201213,944.03991
col,20201220,979.02812
col,20201227,1020.70695
col,20210103,1075.10379
col,20210110,1130.38231
col,20210117,1199.05767
col,20210124,1268.02562
col,20210131,1323.87763
col,20210207,1368.76327
col,20210214,1401.15326
col,20210221,1425.95925
col,20210228,1444.29699
col,20210307,1461.85059
col,20210314,1473.61866
col,20210321,1490.09552
col,20210328,1514.77667
col,20210404,1549.71026
col,20210411,1599.25788
col,20210418,1673.43397
col,20210425,1754.23436
col,20210502,1834.89431
col,20210509,1916.47105
col,20210516,1999.07771
col,20210523,2080.42037
col,20210530,2167.3496
col,20210606,2263.39601
col,20210613,2364.79101
col,20210620,2473.89485
col,20210627,2582.79972
col,20210704,2687.12065
col,20210711,2778.27101
col,20210718,2854.03491
col,20210725,2909.73087
col,20210801,2955.63083
col,20210808,2986.04289
col,20210815,3005.37935
col,20210822,3021.07206
col,20210829,3032.48512
col,20210905,3038.64712
col,20210912,3044.36438
col,20210919,3049.47304
col,20210926,3057.88995
col,20211003,3064.24311
col,20211010,3072.26599
col,20211017,3078.16271
col,20211024,3083.09582
col,20211031,3089.80399
col,20211107,3096.36001
col,20211114,3105.88487
col,20211121,3115.03131
col,20211128,3123.46773
col,20211205,3135.21629
col,20211212,3146.53572
col,20211219,3155.55342
col,20211226,3171.4607
col,20220102,3185.31983
col,20220109,3204.70311
col,20220116,3241.67705
col,20220123,3293.86579
col,20220130,3356.22896
col,20220206,3409.73242
col,20220213,3447.98986
col,20220220,3471.56306
col,20220227,3482.19197
cri,20200331,-15.62545
cri,20200430,-43.78239
cri,20200531,-89.76362
cri,20200630,-137.69074
cri,20200731,-144.48187
cri,20200831,-113.6007
cri,20200930,-21.89119
cri,20201031,40.66897
cri,20201130,70.53829
cri,20201231,179.17698
cub,20200331,65.12924
cub,20200430,112.86947
cub,20200531,71.86217
cub,20200630,30.96091
cub,20200731,-20.9852
cub,20200831,-29.88293
cub,20200930,-83.26045
cub,20201031,-100.78199
cub,20201130,-83.91431
cub,20201231,43.75525
cyp,20200308,24.33022
cyp,20200315,23.77219
cyp,20200322,32.81232
cyp,20200329,53.90595
cyp,20200405,61.83001
cyp,20200412,49.88811
cyp,20200419,49.55329
cyp,20200426,37.38818
cyp,20200503,32.5891
cyp,20200510,31.36143
cyp,20200517,68.30319
cyp,20200524,143.63759
cyp,20200531,139.50815
cyp,20200607,162.6107
cyp,20200614,154.017
cyp,20200621,140.06618
cyp,20200628,137.27602
cyp,20200705,142.96795
cyp,20200712,130.57963
cyp,20200719,130.69123
cyp,20200726,140.17779
cyp,20200802,144.75366
cyp,20200809,116.74042
cyp,20200816,118.86094
cyp,20200823,120.31183
cyp,20200830,115.51275
cyp,20200906,103.12442
cyp,20200913,116.18239
cyp,20200920,113.83865
cyp,20200927,109.486
cyp,20201004,116.29399
cyp,20201011,116.4056
cyp,20201018,119.41898
cyp,20201025,126.6734
cyp,20201101,121.65111
cyp,20201108,126.89661
cyp,20201115,130.35642
cyp,20201122,123.99484
cyp,20201129,129.68678
cyp,20201206,138.50369
cyp,20201213,163.16873
cyp,20201220,164.3964
cyp,20201227,160.26696
cyp,20210103,157.25359
cyp,20210110,186.38289
cyp,20210117,157.4768
cyp,20210124,151.56165
cyp,20210131,157.25359
cyp,20210207,154.017
cyp,20210214,103.01282
cyp,20210221,92.85662
cyp,20210228,77.78974
cyp,20210307,54.46398
cyp,20210314,40.95959
cyp,20210321,44.86582
cyp,20210328,40.51317
cyp,20210404,58.2586
cyp,20210411,82.92364
cyp,20210418,129.01714
cyp,20210425,155.46788
cyp,20210502,173.43653
cyp,20210509,204.35154
cyp,20210516,205.356
cyp,20210523,190.95876
cyp,20210530,193.74892
cyp,20210606,198.548
cyp,20210613,208.25777
cyp,20210620,214.17291
cyp,20210627,206.91849
cyp,20210704,234.26209
cyp,20210711,256.695
cyp,20210718,272.2083
cyp,20210725,311.38219
cyp,20210801,359.93103
cyp,20210808,425.89048
cyp,20210815,479.35
cyp,20210822,512.72035
cyp,20210829,557.69778
cyp,20210905,581.9164
cyp,20210912,608.59035
cyp,20210919,627.22864
cyp,20210926,641.62588
cyp,20211003,661.82666
cyp,20211010,667.5186
cyp,20211017,688.83544
cyp,20211024,706.35767
cyp,20211031,714.72815
cyp,20211107,695.19701
cyp,20211114,721.64776
cyp,20211121,759.70558
cyp,20211128,783.47777
cyp,20211205,801.44642
cyp,20211212,805.79907
cyp,20211219,842.74083
cze,20200301,-109.58032
cze,20200308,-124.48071
cze,20200315,-131.80969
cze,20200322,-130.28049
cze,20200329,-125.13342
cze,20200405,-114.37307
cze,20200412,-106.46598
cze,20200419,-104.95542
cze,20200426,-115.86497
cze,20200503,-112.2471
cze,20200510,-118.45715
cze,20200517,-118.30796
cze,20200524,-128.6021
cze,20200531,-141.86139
cze,20200607,-129.19886
cze,20200614,-130.80265
cze,20200621,-127.89344
cze,20200628,-120.62041
cze,20200705,-112.65738
cze,20200712,-115.62253
cze,20200719,-120.06095
cze,20200726,-118.5504
cze,20200802,-104.71299
cze,20200809,-95.07156
cze,20200816,-86.84744
cze,20200823,-77.59764
cze,20200830,-74.44599
cze,20200906,-70.97732
cze,20200913,-62.95833
cze,20200920,-45.29793
cze,20200927,-14.43417
cze,20201004,7.60871
cze,20201011,50.20256
cze,20201018,127.63236
cze,20201025,269.81078
cze,20201101,468.15937
cze,20201108,669.41718
cze,20201115,829.98331
cze,20201122,950.49183
cze,20201129,1047.12989
cze,20201206,1134.64869
cze,20201213,1218.66151
cze,20201220,1309.70494
cze,20201227,1395.78778
cze,20210103,1512.82762
cze,20210110,1645.66299
cze,20210117,1771.76615
cze,20210124,1879.18322
cze,20210131,1972.87477
cze,20210207,2048.43969
cze,20210214,2134.09361
cze,20210221,2219.50509
cze,20210228,2319.55588
cze,20210307,2449.92961
cze,20210314,2595.39022
cze,20210321,2730.23967
cze,20210328,2837.3024
cze,20210404,2942.94783
cze,20210411,3010.8481
cze,20210418,3054.26249
cze,20210425,3090.44116
cze,20210502,3119.14166
cze,20210509,3139.71128
cze,20210516,3155.30167
cze,20210523,3156.55114
cze,20210530,3148.6627
cze,20210606,3144.8024
cze,20210613,3140.47588
cze,20210620,3144.26158
cze,20210627,3143.98185
cze,20210704,3131.74824
cze,20210711,3121.97627
cze,20210718,3120.57761
cze,20210725,3112.01782
cze,20210801,3114.06918
cze,20210808,3097.11743
cze,20210815,3092.84685
cze,20210822,3080.72514
cze,20210829,3074.66428
cze,20210905,3073.69454
cze,20210912,3078.9162
cze,20210919,3088.9679
cze,20210926,3093.92848
cze,20211003,3093.90983
cze,20211010,3089.45277
cze,20211017,3094.17092
cze,20211024,3111.15997
cze,20211031,3151.49732
cze,20211107,3205.48558
cze,20211114,3279.07373
cze,20211121,3363.25439
cze,20211128,3464.62925
cze,20211205,3580.08394
cze,20211212,3691.82753
cze,20211219,3776.84739
cze,20211226,3837.66111
cze,20220102,3879.80739
cze,20220109,3884.7773
cze,20220116,3892.24614
cze,20220123,3877.95184
cze,20220130,3864.01186
deu,20200202,-56.82805
deu,20200209,-78.66225
deu,20200216,-99.6812
deu,20200223,-134.41164
deu,20200301,-168.6105
deu,20200308,-194.78317
deu,20200315,-207.73542
deu,20200322,-211.90823
deu,20200329,-208.62934
deu,20200405,-188.20395
deu,20200412,-162.70111
deu,20200419,-146.95984
deu,20200426,-138.973
deu,20200503,-133.0505
deu,20200510,-133.58805
deu,20200517,-136.69292
deu,20200524,-134.16015
deu,20200531,-138.02306
deu,20200607,-134.23167
deu,20200614,-132.39497
deu,20200621,-136.96586
deu,20200628,-132.29723
deu,20200705,-143.94556
deu,20200712,-150.87639
deu,20200719,-157.99554
deu,20200726,-167.80359
deu,20200802,-167.08249
deu,20200809,-161.55809
deu,20200816,-127.24005
deu,20200823,-116.35215
deu,20200830,-118.09588
deu,20200906,-113.3319
deu,20200913,-107.09237
deu,20200920,-96.63593
deu,20200927,-89.44527
deu,20201004,-82.26652
deu,20201011,-84.45841
deu,20201018,-82.48821
deu,20201025,-70.74454
deu,20201101,-58.09264
deu,20201108,-45.45266
deu,20201115,-24.81988
deu,20201122,-0.83551
deu,20201129,34.75547
deu,20201206,80.87082
deu,20201213,143.88715
deu,20201220,211.0894
deu,20201227,292.01266
deu,20210103,371.98242
deu,20210110,432.3611
deu,20210117,484.7875
deu,20210124,532.18176
deu,20210131,559.88839
deu,20210207,568.63924
deu,20210214,567.71672
deu,20210221,554.82048
deu,20210228,518.42736
deu,20210307,469.88413
deu,20210314,429.43859
deu,20210321,396.79038
deu,20210328,375.15046
deu,20210404,362.66662
deu,20210411,359.54625
deu,20210418,366.25897
deu,20210425,380.20645
deu,20210502,397.90122
deu,20210509,418.70444
deu,20210516,427.71989
deu,20210523,432.39209
deu,20210530,433.28601
deu,20210606,444.30382
deu,20210613,448.19653
deu,20210620,477.54797
deu,20210627,480.68264
deu,20210704,480.06524
deu,20210711,472.71368
deu,20210718,481.8197
deu,20210725,485.51694
deu,20210801,477.84833
deu,20210808,471.75778
deu,20210815,476.39423
deu,20210822,481.9818
deu,20210829,486.51098
deu,20210905,491.23324
deu,20210912,518.68481
deu,20210919,533.47615
deu,20210926,548.92064
deu,20211003,562.08862
deu,20211010,574.29117
deu,20211017,587.24223
deu,20211024,611.39943
deu,20211031,641.39688
deu,20211107,673.05343
deu,20211114,707.73739
deu,20211121,756.83842
deu,20211128,814.65454
deu,20211205,881.70542
deu,20211212,941.52153
deu,20211219,988.47717
deu,20211226,1025.41141
deu,20220102,1061.41836
deu,20220109,1068.43143
deu,20220116,1061.4851
deu,20220123,1053.63056
deu,20220130,1047.89996
deu,20220206,1039.24446
deu,20220213,1027.26837
deu,20220220,1016.2148
deu,20220227,990.66309
dnk,20200202,-46.96126
dnk,20200209,-62.40859
dnk,20200216,-86.21606
dnk,20200223,-112.39739
dnk,20200301,-144.63381
dnk,20200308,-168.47568
dnk,20200315,-189.49643
dnk,20200322,-191.59507
dnk,20200329,-192.14553
dnk,20200405,-180.03537
dnk,20200412,-172.39772
dnk,20200419,-168.51008
dnk,20200426,-155.98708
dnk,20200503,-158.877
dnk,20200510,-161.76693
dnk,20200517,-170.67753
dnk,20200524,-171.40001
dnk,20200531,-176.76701
dnk,20200607,-183.54457
dnk,20200614,-184.23264
dnk,20200621,-193.14324
dnk,20200628,-188.98038
dnk,20200705,-184.95513
dnk,20200712,-187.67303
dnk,20200719,-181.1363
dnk,20200726,-192.35195
dnk,20200802,-194.5538
dnk,20200809,-199.61117
dnk,20200816,-196.37721
dnk,20200823,-197.09969
dnk,20200830,-200.19603
dnk,20200906,-197.95978
dnk,20200913,-197.30611
dnk,20200920,-182.37484
dnk,20200927,-188.39551
dnk,20201004,-189.1524
dnk,20201011,-203.56761
dnk,20201018,-204.3933
dnk,20201025,-190.25332
dnk,20201101,-196.72124
dnk,20201108,-196.79005
dnk,20201115,-188.39551
dnk,20201122,-182.75328
dnk,20201129,-178.41839
dnk,20201206,-179.4161
dnk,20201213,-180.37941
dnk,20201220,-148.21181
dnk,20201227,-127.94794
dnk,20210103,-99.59916
dnk,20210110,-87.12776
dnk,20210117,-77.16785
dnk,20210124,-55.23539
dnk,20210131,-41.83509
dnk,20210207,-38.96237
dnk,20210214,-50.29844
dnk,20210221,-75.32724
dnk,20210228,-114.2552
dnk,20210307,-156.82997
dnk,20210314,-183.95741
dnk,20210321,-223.57345
dnk,20210328,-245.64353
dnk,20210404,-271.84206
dnk,20210411,-292.43277
dnk,20210418,-306.14271
dnk,20210425,-307.26083
dnk,20210502,-308.86061
dnk,20210509,-301.10254
dnk,20210516,-302.46149
dnk,20210523,-296.2516
dnk,20210530,-292.17474
dnk,20210606,-288.44192
dnk,20210613,-281.30312
dnk,20210620,-283.72859
dnk,20210627,-284.39947
dnk,20210704,-268.72851
dnk,20210711,-273.32143
dnk,20210718,-257.47845
dnk,20210725,-248.37863
dnk,20210801,-241.89351
dnk,20210808,-219.85784
dnk,20210815,-204.63413
dnk,20210822,-193.6765
dnk,20210829,-184.61109
dnk,20210905,-172.41492
dnk,20210912,-153.33798
dnk,20210919,-142.89641
dnk,20210926,-135.20715
dnk,20211003,-114.75406
dnk,20211010,-105.55103
dnk,20211017,-83.34334
dnk,20211024,-65.26411
dnk,20211031,-45.63671
dnk,20211107,-25.97491
dnk,20211114,-7.82688
dnk,20211121,4.85094
dnk,20211128,30.60223
dnk,20211205,53.32598
dnk,20211212,78.11395
dnk,20211219,103.10835
dnk,20211226,135.77481
dnk,20220102,165.1385
dnk,20220109,195.49991
dnk,20220116,202.70751
dnk,20220123,207.09401
dnk,20220130,211.89334
dnk,20220206,213.04587
dnk,20220213,228.54481
dnk,20220220,236.19967
dnk,20220227,243.71691
dnk,20220306,239.50244
dom,20200331,-15.5655
dom,20200430,-89.81429
dom,20200531,-147.19208
dom,20200630,-130.54933
dom,20200731,-31.79743
dom,20200831,43.60165
dom,20200930,33.20335
dza,20200229,-12.02018
dza,20200331,-10.95332
dza,20200430,-7.37617
dza,20200531,-7.74375
dza,20200630,73.24848
dza,20200731,452.11173
dza,20200831,634.82613
dza,20200930,696.21804
dza,20201031,771.73025
dza,20201130,1009.00951
dza,20201231,1118.16389
ecu,20200301,-13.96989
ecu,20200308,-21.23155
ecu,20200315,-25.08319
ecu,20200322,-23.34464
ecu,20200329,103.17817
ecu,20200405,421.33275
ecu,20200412,688.34826
ecu,20200419,856.10433
ecu,20200426,969.62435
ecu,20200503,1045.50002
ecu,20200510,1112.0289
ecu,20200517,1159.21571
ecu,20200524,1198.82221
ecu,20200531,1236.33799
ecu,20200607,1271.1593
ecu,20200614,1313.02424
ecu,20200621,1351.81458
ecu,20200628,1390.20243
ecu,20200705,1434.05748
ecu,20200712,1490.3004
ecu,20200719,1551.64158
ecu,20200726,1616.75054
ecu,20200802,1678.31532
ecu,20200809,1736.87258
ecu,20200816,1788.84459
ecu,20200823,1832.91208
ecu,20200830,1866.78305
ecu,20200906,1902.85655
ecu,20200913,1932.94856
ecu,20200920,1959.63054
ecu,20200927,1980.53227
ecu,20201004,1995.35187
ecu,20201011,2019.26112
ecu,20201018,2036.61866
ecu,20201025,2056.29055
ecu,20201101,2069.95857
ecu,20201108,2081.6812
ecu,20201115,2100.55928
ecu,20201122,2122.93681
ecu,20201129,2139.55645
ecu,20201206,2159.54139
ecu,20201213,2170.96215
ecu,20201220,2187.68241
ecu,20201227,2206.19154
ecu,20210103,2232.19152
ecu,20210110,2257.83373
ecu,20210117,2294.16439
ecu,20210124,2339.15984
ecu,20210131,2377.18992
ecu,20210207,2417.62377
ecu,20210214,2455.11719
ecu,20210221,2494.8355
ecu,20210228,2536.05199
ecu,20210307,2573.86963
ecu,20210314,2619.32348
ecu,20210321,2678.13789
ecu,20210328,2744.16364
ecu,20210404,2818.02685
ecu,20210411,2901.22567
ecu,20210418,2984.49158
ecu,20210425,3082.64976
ecu,20210502,3172.07605
ecu,20210509,3249.46108
ecu,20210516,3312.07682
ecu,20210523,3361.4438
ecu,20210530,3401.21801
ecu,20210606,3429.67768
ecu,20210613,3456.56091
ecu,20210620,3482.71742
ecu,20210627,3506.52605
ecu,20210704,3525.62773
ecu,20210711,3547.34563
ecu,20210718,3567.08459
ecu,20210725,3582.19488
ecu,20210801,3600.68165
ecu,20210808,3608.63649
ecu,20210815,3615.09316
ecu,20210822,3618.76592
ecu,20210829,3628.17421
ecu,20210905,3631.41093
ecu,20210912,3635.00542
ecu,20210919,3640.38878
ecu,20210926,3643.59196
ecu,20211003,3652.30707
ecu,20211010,3653.4307
ecu,20211017,3659.45133
ecu,20211024,3661.10044
ecu,20211031,3662.43649
ecu,20211107,3661.73772
ecu,20211114,3666.1372
ecu,20211121,3673.66719
ecu,20211128,3681.34252
ecu,20211205,3684.99292
ecu,20211212,3693.74157
ecu,20211219,3701.52871
ecu,20211226,3712.65878
ecu,20220102,3728.82002
ecu,20220109,3747.6422
ecu,20220116,3785.4263
ecu,20220123,3843.16739
ecu,20220130,3894.16671
ecu,20220206,3937.67518
ecu,20220213,3961.47262
ecu,20220220,3971.0598
ecu,20220227,3967.21934
egy,20200229,1.64016
egy,20200331,29.97171
egy,20200430,27.71385
egy,20200531,154.54305
egy,20200630,499.03928
egy,20200731,633.81412
egy,20200831,700.68456
egy,20200930,766.29659
egy,20201031,795.68129
egy,20201130,861.48131
egy,20201231,1012.67882
egy,20210131,1134.14154
egy,20210228,1195.07001
egy,20210331,1341.54944
egy,20210430,1588.85343
egy,20210531,1886.80469
egy,20210630,1996.75753
egy,20210731,2077.30074
egy,20210831,2141.38867
egy,20210930,2276.76874
egy,20211031,2490.579
egy,20211130,2647.91991
esp,20200202,-65.15748
esp,20200209,-77.53949
esp,20200216,-94.1444
esp,20200223,-115.45996
esp,20200301,-132.37292
esp,20200308,-140.99412
esp,20200315,-121.39425
esp,20200322,-23.96395
esp,20200329,222.12757
esp,20200405,495.88823
esp,20200412,694.52676
esp,20200419,810.19209
esp,20200426,868.31997
esp,20200503,899.08675
esp,20200510,917.26616
esp,20200517,916.44468
esp,20200524,919.83754
esp,20200531,926.16118
esp,20200607,921.20239
esp,20200614,911.40031
esp,20200621,901.42282
esp,20200628,903.32248
esp,20200705,902.28708
esp,20200712,904.80285
esp,20200719,905.94949
esp,20200726,914.75467
esp,20200802,938.0854
esp,20200809,958.43829
esp,20200816,979.73673
esp,20200823,997.00481
esp,20200830,1016.78437
esp,20200906,1035.32745
esp,20200913,1060.70331
esp,20200920,1085.39889
esp,20200927,1104.68215
esp,20201004,1127.0331
esp,20201011,1155.42531
esp,20201018,1182.61526
esp,20201025,1225.99083
esp,20201101,1269.14391
esp,20201108,1323.98162
esp,20201115,1368.46104
esp,20201122,1404.46473
esp,20201129,1433.2634
esp,20201206,1461.30477
esp,20201213,1482.08551
esp,20201220,1492.39673
esp,20201227,1490.42433
esp,20210103,1496.02491
esp,20210110,1511.10667
esp,20210117,1547.62378
esp,20210124,1604.29268
esp,20210131,1661.77879
esp,20210207,1698.14615
esp,20210214,1714.25903
esp,20210221,1714.63982
esp,20210228,1709.09058
esp,20210307,1697.20488
esp,20210314,1687.51404
esp,20210321,1679.817
esp,20210328,1680.76683
esp,20210404,1680.41599
esp,20210411,1681.63537
esp,20210418,1682.47823
esp,20210425,1689.87578
esp,20210502,1695.03567
esp,20210509,1708.53866
esp,20210516,1713.13378
esp,20210523,1714.75106
esp,20210530,1714.61415
esp,20210606,1717.98561
esp,20210613,1726.91059
esp,20210620,1739.57071
esp,20210627,1737.1448
esp,20210704,1741.39764
esp,20210711,1740.55477
esp,20210718,1741.33774
esp,20210725,1763.19238
esp,20210801,1786.13805
esp,20210808,1813.7259
esp,20210815,1845.80192
esp,20210822,1882.28908
esp,20210829,1908.99128
esp,20210905,1929.90465
esp,20210912,1953.75308
esp,20210919,1971.25648
esp,20210926,1983.58715
esp,20211003,1993.75718
esp,20211010,2004.06412
esp,20211017,2013.01049
esp,20211024,2023.45006
esp,20211031,2024.42556
esp,20211107,2031.63913
esp,20211114,2055.07255
esp,20211121,2075.3142
esp,20211128,2093.60484
esp,20211205,2120.97021
esp,20211212,2140.02671
esp,20211219,2162.47607
esp,20211226,2186.32878
esp,20220102,2206.60465
esp,20220109,2208.97709
esp,20220116,2214.60119
esp,20220123,2220.41783
esp,20220130,2246.02687
est,20200209,-189.70893
est,20200216,-192.04822
est,20200223,-200.42439
est,20200301,-216.95035
est,20200308,-250.83233
est,20200315,-241.09787
est,20200322,-244.34269
est,20200329,-240.79602
est,20200405,-233.77815
est,20200412,-231.89163
est,20200419,-227.28851
est,20200426,-204.42383
est,20200503,-196.04766
est,20200510,-184.04936
est,20200517,-201.93361
est,20200524,-211.06439
est,20200531,-193.6329
est,20200607,-204.2729
est,20200614,-203.74468
est,20200621,-201.10354
est,20200628,-185.48312
est,20200705,-183.74751
est,20200712,-182.91744
est,20200719,-174.99404
est,20200726,-166.01418
est,20200802,-141.48936
est,20200809,-148.05446
est,20200816,-138.01815
est,20200823,-140.0556
est,20200830,-123.2278
est,20200906,-115.15347
est,20200913,-130.32113
est,20200920,-110.02213
est,20200927,-79.91319
est,20201004,-71.83886
est,20201011,-83.08255
est,20201018,-73.19716
est,20201025,-69.49957
est,20201101,-92.81702
est,20201108,-90.02496
est,20201115,-92.6661
est,20201122,-67.83943
est,20201129,-39.39064
est,20201206,-9.73447
est,20201213,23.24199
est,20201220,46.10667
est,20201227,77.87574
est,20210103,115.6817
est,20210110,141.71574
est,20210117,176.8051
est,20210124,230.75971
est,20210131,241.09787
est,20210207,247.66297
est,20210214,272.94241
est,20210221,289.31744
est,20210228,336.63148
est,20210307,399.94325
est,20210314,462.50042
est,20210321,535.47119
est,20210328,603.00878
est,20210404,672.8102
est,20210411,743.81899
est,20210418,803.65956
est,20210425,847.35147
est,20210502,867.04679
est,20210509,909.98409
est,20210516,953.52508
est,20210523,960.39203
est,20210530,981.29473
est,20210606,991.78381
est,20210613,1005.89501
est,20210620,1023.62835
est,20210627,1112.8987
est,20210704,1147.98806
est,20210711,1226.54295
est,20210718,1267.97104
est,20210725,1269.70664
est,20210801,1270.23486
est,20210808,1298.38181
est,20210815,1313.54947
est,20210822,1318.15259
est,20210829,1340.86635
est,20210905,1379.42692
est,20210912,1437.15458
est,20210919,1454.28422
est,20210926,1503.10748
est,20211003,1545.89387
est,20211010,1580.98323
est,20211017,1632.22124
est,20211024,1684.21386
est,20211031,1773.78606
est,20211107,1867.28223
est,20211114,1949.91201
est,20211121,2029.37244
est,20211128,2133.28222
est,20211205,2186.48222
est,20211212,2249.94491
est,20211219,2303.89952
est,20211226,2349.25158
est,20220102,2411.80874
est,20220109,2440.03115
est,20220116,2456.1798
est,20220123,2455.72704
est,20220130,2465.23512
est,20220206,2489.08079
est,20220213,2504.47484
est,20220220,2574.35171
est,20220227,2642.71937
est,20220306,2681.80817
fin,20200202,-107.74353
fin,20200209,-113.00635
fin,20200216,-116.97148
fin,20200223,-121.54941
fin,20200301,-138.02274
fin,20200308,-141.2309
fin,20200315,-144.65533
fin,20200322,-142.27625
fin,20200329,-138.16693
fin,20200405,-136.04017
fin,20200412,-115.78194
fin,20200419,-113.07844
fin,20200426,-94.08184
fin,20200503,-81.10503
fin,20200510,-70.0387
fin,20200517,-49.85256
fin,20200524,-53.96188
fin,20200531,-50.64559
fin,20200607,-51.25838
fin,20200614,-45.52696
fin,20200621,-31.14433
fin,20200628,-22.27685
fin,20200705,-17.05008
fin,20200712,-20.69079
fin,20200719,-13.44541
fin,20200726,-18.96055
fin,20200802,-14.95937
fin,20200809,-13.51751
fin,20200816,-12.54425
fin,20200823,-6.0198
fin,20200830,-5.15468
fin,20200906,-6.84887
fin,20200913,17.98729
fin,20200920,24.87221
fin,20200927,38.75018
fin,20201004,27.82804
fin,20201011,17.01403
fin,20201018,23.75476
fin,20201025,26.27803
fin,20201101,40.37228
fin,20201108,42.75136
fin,20201115,44.37346
fin,20201122,57.81888
fin,20201129,67.58753
fin,20201206,74.76082
fin,20201213,79.12247
fin,20201220,86.07947
fin,20201227,76.23873
fin,20210103,75.04919
fin,20210110,58.9183
fin,20210117,43.83276
fin,20210124,44.788
fin,20210131,45.41882
fin,20210207,34.26237
fin,20210214,17.08613
fin,20210221,22.83557
fin,20210228,24.54779
fin,20210307,14.18437
fin,20210314,-0.57675
fin,20210321,-7.98434
fin,20210328,-25.08849
fin,20210404,-32.17166
fin,20210411,-41.05717
fin,20210418,-48.75314
fin,20210425,-54.53863
fin,20210502,-60.97296
fin,20210509,-60.81075
fin,20210516,-43.45427
fin,20210523,-41.8502
fin,20210530,-40.39031
fin,20210606,-34.2083
fin,20210613,-36.64145
fin,20210620,-31.10829
fin,20210627,-15.84252
fin,20210704,-10.41749
fin,20210711,10.83203
fin,20210718,42.67927
fin,20210725,47.5636
fin,20210801,51.94327
fin,20210808,69.08346
fin,20210815,95.55975
fin,20210822,113.45693
fin,20210829,127.71339
fin,20210905,143.51986
fin,20210912,171.00546
fin,20210919,183.74796
fin,20210926,202.69049
fin,20211003,223.21907
fin,20211010,240.03485
fin,20211017,263.98787
fin,20211024,291.61765
fin,20211031,303.13457
fin,20211107,308.01889
fin,20211114,328.94399
fin,20211121,357.76331
fin,20211128,388.31287
fin,20211205,415.36591
fin,20211212,449.73642
fin,20211219,469.21965
fin,20211226,480.48424
fin,20220102,478.55574
fin,20220109,487.6395
fin,20220116,492.72208
fin,20220123,517.08964
fin,20220130,514.63847
fra,20200126,-53.3891
fra,20200202,-65.61656
fra,20200209,-81.58761
fra,20200216,-97.26795
fra,20200223,-117.32372
fra,20200301,-134.74237
fra,20200308,-146.29349
fra,20200315,-142.98597
fra,20200322,-114.80822
fra,20200329,-51.75165
fra,20200405,54.00908
fra,20200412,144.4128
fra,20200419,204.83818
fra,20200426,228.70873
fra,20200503,231.509
fra,20200510,232.94177
fra,20200517,231.86794
fra,20200524,236.18107
fra,20200531,234.31521
fra,20200607,232.68666
fra,20200614,232.28026
fra,20200621,228.83035
fra,20200628,235.21699
fra,20200705,220.07653
fra,20200712,217.1576
fra,20200719,208.11308
fra,20200726,205.31281
fra,20200802,211.47103
fra,20200809,214.36623
fra,20200816,235.8696
fra,20200823,234.38344
fra,20200830,233.29477
fra,20200906,237.00869
fra,20200913,245.1455
fra,20200920,258.08193
fra,20200927,257.27211
fra,20201004,267.46759
fra,20201011,273.38554
fra,20201018,286.16179
fra,20201025,319.34977
fra,20201101,365.99923
fra,20201108,425.70674
fra,20201115,483.1153
fra,20201122,531.70478
fra,20201129,574.01145
fra,20201206,612.08508
fra,20201213,645.42434
fra,20201220,667.77016
fra,20201227,680.94391
fra,20210103,702.48287
fra,20210110,714.90908
fra,20210117,725.02151
fra,20210124,747.93391
fra,20210131,767.51209
fra,20210207,781.93765
fra,20210214,790.45415
fra,20210221,801.0412
fra,20210228,801.52769
fra,20210307,796.30091
fra,20210314,793.05568
fra,20210321,800.99077
fra,20210328,810.46543
fra,20210404,828.34386
fra,20210411,846.50707
fra,20210418,869.03978
fra,20210425,895.72246
fra,20210502,916.99742
fra,20210509,936.76545
fra,20210516,943.7157
fra,20210523,948.33734
fra,20210530,950.29219
fra,20210606,952.6386
fra,20210613,953.67981
fra,20210620,959.1617
fra,20210627,945.78921
fra,20210704,936.2315
fra,20210711,926.57886
fra,20210718,922.35472
fra,20210725,932.11711
fra,20210801,929.74697
fra,20210808,929.66094
fra,20210815,943.41313
fra,20210822,955.29056
fra,20210829,958.7731
fra,20210905,970.49924
fra,20210912,989.13411
fra,20210919,992.03524
fra,20210926,990.55501
fra,20211003,994.80288
fra,20211010,996.7518
fra,20211017,1004.41992
fra,20211024,1012.64276
fra,20211031,1022.79671
fra,20211107,1024.29771
fra,20211114,1030.55086
fra,20211121,1038.55418
fra,20211128,1053.46029
fra,20211205,1076.27777
fra,20211212,1104.26567
fra,20211219,1126.46614
fra,20211226,1153.3802
fra,20220102,1177.20329
fra,20220109,1185.19326
fra,20220116,1190.3355
fra,20220123,1199.24505
fra,20220130,1218.49545
fra,20220206,1235.73759
fra,20220213,1229.73213
fro,20200331,-689.05062
fro,20200430,-546.34783
fro,20200531,-962.22453
fro,20200630,-896.98897
fro,20200731,-949.99286
fro,20200831,-1092.69566
fro,20200930,-1198.70344
fro,20201031,-1251.70734
fro,20201130,-1149.77677
fro,20201231,-1227.244
fro,20210131,-1321.02012
fro,20210228,-1300.63401
fro,20210331,-1647.19793
fro,20210430,-1516.72681
fro,20210531,-1659.4296
fro,20210630,-1728.74238
fro,20210731,-1712.43349
fro,20210831,-1806.20961
fro,20210930,-1781.74627
fro,20211031,-1826.59572
fro,20211130,-1655.35237
fro,20211231,-1337.32901
fro,20220131,-1465.76152
gbr,20200202,-28.68176
gbr,20200209,-43.91331
gbr,20200216,-56.38268
gbr,20200223,-69.79624
gbr,20200301,-75.81174
gbr,20200308,-86.32824
gbr,20200315,-89.42616
gbr,20200322,-88.78839
gbr,20200329,-75.67099
gbr,20200405,24.32298
gbr,20200412,155.49258
gbr,20200419,342.82348
gbr,20200426,524.54499
gbr,20200503,651.82644
gbr,20200510,702.81379
gbr,20200517,772.86366
gbr,20200524,809.47128
gbr,20200531,835.22373
gbr,20200607,845.75782
gbr,20200614,853.6177
gbr,20200621,852.62221
gbr,20200628,846.97324
gbr,20200705,845.00716
gbr,20200712,835.7398
gbr,20200719,830.95878
gbr,20200726,827.80515
gbr,20200802,826.21147
gbr,20200809,823.43317
gbr,20200816,826.20561
gbr,20200823,833.43506
gbr,20200830,845.59655
gbr,20200906,824.02548
gbr,20200913,831.38395
gbr,20200920,834.10068
gbr,20200927,835.82924
gbr,20201004,843.3871
gbr,20201011,845.20362
gbr,20201018,854.86098
gbr,20201025,871.8548
gbr,20201101,889.46147
gbr,20201108,913.75366
gbr,20201115,945.00407
gbr,20201122,980.3127
gbr,20201129,1013.57756
gbr,20201206,1039.46195
gbr,20201213,1062.22351
gbr,20201220,1083.28729
gbr,20201227,1138.11589
gbr,20210103,1171.61239
gbr,20210110,1264.2992
gbr,20210117,1325.38228
gbr,20210124,1408.04667
gbr,20210131,1495.2238
gbr,20210207,1571.99145
gbr,20210214,1624.11358
gbr,20210221,1657.75376
gbr,20210228,1673.20816
gbr,20210307,1678.3352
gbr,20210314,1668.36116
gbr,20210321,1652.31738
gbr,20210328,1642.89754
gbr,20210404,1611.01964
gbr,20210411,1590.9968
gbr,20210418,1568.56072
gbr,20210425,1560.09093
gbr,20210502,1546.7888
gbr,20210509,1514.7027
gbr,20210516,1523.40707
gbr,20210523,1517.35052
gbr,20210530,1511.88042
gbr,20210606,1505.74469
gbr,20210613,1508.81622
gbr,20210620,1509.37481
gbr,20210627,1498.8202
gbr,20210704,1491.27993
gbr,20210711,1499.6207
gbr,20210718,1506.34874
gbr,20210725,1517.07929
gbr,20210801,1534.46604
gbr,20210808,1552.19586
gbr,20210815,1572.05449
gbr,20210822,1588.12466
gbr,20210829,1605.38239
gbr,20210905,1616.5176
gbr,20210912,1646.21684
gbr,20210919,1674.74613
gbr,20210926,1698.64833
gbr,20211003,1718.45418
gbr,20211010,1740.87852
gbr,20211017,1764.14443
gbr,20211024,1788.11113
gbr,20211031,1809.64994
gbr,20211107,1837.22625
gbr,20211114,1866.22469
gbr,20211121,1893.58987
gbr,20211128,1912.08207
gbr,20211205,1933.83787
gbr,20211212,1954.09235
gbr,20211219,1979.17038
gbr,20211226,2000.48341
gbr,20220102,2007.63369
gbr,20220109,2010.1261
gbr,20220116,2001.07133
gbr,20220123,1991.50341
gbr,20220130,1983.19342
gbr,20220206,1976.43753
gbr,20220213,1969.93088
gbr,20220220,1961.6854
gbr,20220227,1953.02355
geo,20200229,76.58728
geo,20200331,39.47461
geo,20200430,-21.10673
geo,20200531,-10.52824
geo,20200630,1.70864
geo,20200731,78.32105
geo,20200831,47.94243
geo,20200930,90.13077
geo,20201031,214.48459
geo,20201130,745.44453
geo,20201231,1283.79181
geo,20210131,1431.96609
geo,20210228,1446.26339
geo,20210331,1494.93451
geo,20210430,1570.64235
geo,20210531,1758.46713
geo,20210630,1910.00844
gib,20200331,-89.04455
gib,20200430,-154.34389
gib,20200531,-498.64949
gib,20200630,-700.48381
gib,20200731,-617.37556
gib,20200831,-676.73859
gib,20200930,-742.03793
gib,20201031,-736.10163
gib,20201130,-617.37556
gib,20201231,-1032.9168
gib,20210131,581.75774
grc,20200301,-8.38898
grc,20200308,3.58701
grc,20200315,14.5409
grc,20200322,27.03759
grc,20200329,33.57521
grc,20200405,37.76006
grc,20200412,35.44586
grc,20200419,28.4454
grc,20200426,19.18859
grc,20200503,16.87439
grc,20200510,4.74411
grc,20200517,34.69374
grc,20200524,54.51873
grc,20200531,29.02395
grc,20200607,18.16648
grc,20200614,11.0696
grc,20200621,5.74693
grc,20200628,-9.71965
grc,20200705,23.682
grc,20200712,22.83346
grc,20200719,16.68154
grc,20200726,7.05832
grc,20200802,37.37436
grc,20200809,44.70266
grc,20200816,49.83248
grc,20200823,65.80047
grc,20200830,76.23366
grc,20200906,89.59817
grc,20200913,105.81687
grc,20200920,126.16256
grc,20200927,137.40572
grc,20201004,147.12537
grc,20201011,150.05669
grc,20201018,144.92688
grc,20201025,145.06187
grc,20201101,157.51999
grc,20201108,175.51291
grc,20201115,217.32282
grc,20201122,290.93372
grc,20201129,378.41054
grc,20201206,466.38878
grc,20201213,527.38727
grc,20201220,565.35947
grc,20201227,576.96905
grc,20210103,580.38249
grc,20210110,560.18144
grc,20210117,506.94516
grc,20210124,477.95014
grc,20210131,449.72652
grc,20210207,414.5603
grc,20210214,387.0888
grc,20210221,379.1723
grc,20210228,386.74167
grc,20210307,397.37735
grc,20210314,408.5723
grc,20210321,436.00524
grc,20210328,467.10232
grc,20210404,519.14293
grc,20210411,564.39522
grc,20210418,618.86574
grc,20210425,648.40074
grc,20210502,695.3501
grc,20210509,752.0384
grc,20210516,767.86176
grc,20210523,798.57314
grc,20210530,841.33766
grc,20210606,848.52133
grc,20210613,864.07469
grc,20210620,865.16429
grc,20210627,916.4335
grc,20210704,993.04322
grc,20210711,1027.68875
grc,20210718,1063.18282
grc,20210725,1085.37022
grc,20210801,1130.8925
grc,20210808,1272.47343
grc,20210815,1318.94067
grc,20210822,1351.44556
grc,20210829,1405.87751
grc,20210905,1440.31091
grc,20210912,1471.60084
grc,20210919,1528.9834
grc,20210926,1563.39751
grc,20211003,1600.18367
grc,20211010,1630.62506
grc,20211017,1658.23156
grc,20211024,1687.03373
grc,20211031,1733.92524
grc,20211107,1800.56461
grc,20211114,1846.22188
grc,20211121,1906.24648
grc,20211128,1980.13701
grc,20211205,2054.00826
grc,20211212,2140.6269
grc,20211219,2216.36879
grc,20211226,2287.50157
grc,20220102,2348.85684
grc,20220109,2385.72978
grc,20220116,2415.12015
grc,20220123,2442.717
grc,20220130,2513.80156
grc,20220206,2578.32922
grl,20200331,-305.97172
grl,20200430,-626.01111
grl,20200531,-738.55244
grl,20200630,-685.79869
grl,20200731,-794.8231
grl,20200831,-766.68777
grl,20200930,-608.42653
grl,20201031,-720.96786
grl,20201130,-583.80812
grl,20201231,-443.13146
grl,20210131,-476.54217
grl,20210228,-341.14089
grl,20210331,-589.08349
grl,20210430,-615.46036
grl,20210531,-979.46121
grl,20210630,-1055.07491
grl,20210731,-835.26764
grl,20210831,-777.23852
grl,20210930,-782.51389
grl,20211031,-724.48477
grl,20211130,-997.04579
grl,20211231,-949.56742
gtm,20200223,-0.27397
gtm,20200301,-1.3096
gtm,20200308,-3.82469
gtm,20200315,-11.85214
gtm,20200322,-25.10703
gtm,20200329,-43.50168
gtm,20200405,-62.46621
gtm,20200412,-82.76772
gtm,20200419,-101.51306
gtm,20200426,-118.53784
gtm,20200503,-135.32153
gtm,20200510,-148.90519
gtm,20200517,-162.26967
gtm,20200524,-170.02315
gtm,20200531,-170.39027
gtm,20200607,-158.79019
gtm,20200614,-141.08595
gtm,20200621,-117.21181
gtm,20200628,-79.5951
gtm,20200705,-27.8413
gtm,20200712,43.50716
gtm,20200719,105.06925
gtm,20200726,162.09432
gtm,20200802,215.57964
gtm,20200809,255.70596
gtm,20200816,290.79114
gtm,20200823,318.38038
gtm,20200830,349.09294
gtm,20200906,371.9479
gtm,20200913,390.66036
gtm,20200920,407.32349
gtm,20200927,423.5921
gtm,20201004,431.11545
gtm,20201011,446.67172
gtm,20201018,457.73482
gtm,20201025,467.74585
gtm,20201101,480.26649
gtm,20201108,494.83646
gtm,20201115,508.02559
gtm,20201122,524.1627
gtm,20201129,540.99021
gtm,20201206,551.9218
gtm,20201213,565.94382
gtm,20201220,579.4946
gtm,20201227,590.63441
gtm,20210103,606.56877
gtm,20210110,623.94424
gtm,20210117,650.10333
gtm,20210124,668.45963
gtm,20210131,692.26254
gtm,20210207,713.6216
gtm,20210214,727.35321
gtm,20210221,735.01354
gtm,20210228,746.12594
gtm,20210307,762.09318
gtm,20210314,772.80011
gtm,20210321,788.62488
gtm,20210328,811.49628
gtm,20210404,820.62511
gtm,20210411,830.49916
gtm,20210418,862.8172
gtm,20210425,891.81467
gtm,20210502,904.77915
gtm,20210509,942.09449
gtm,20210516,972.19881
gtm,20210523,1004.27576
gtm,20210530,1036.42941
gtm,20210606,1067.85978
gtm,20210613,1097.8326
gtm,20210620,1127.71775
gtm,20210627,1161.52621
gtm,20210704,1187.04968
gtm,20210711,1229.77876
gtm,20210718,1258.73239
gtm,20210725,1324.09177
gtm,20210801,1380.58533
gtm,20210808,1443.01866
gtm,20210815,1509.07941
gtm,20210822,1589.60602
gtm,20210829,1676.445
gtm,20210905,1780.21562
gtm,20210912,1905.88228
gtm,20210919,2005.98163
gtm,20210926,2123.64824
hkg,20200131,6.09046
hkg,20200229,48.03517
hkg,20200331,11.81019
hkg,20200430,-9.02976
hkg,20200531,-0.87385
hkg,20200630,-11.1217
hkg,20200731,9.90361
hkg,20200831,52.58977
hkg,20200930,78.64633
hkg,20201031,113.30897
hkg,20201130,154.93592
hkg,20201231,207.68457
hkg,20210131,307.83286
hkg,20210228,278.99587
hkg,20210331,243.88306
hkg,20210430,257.65279
hkg,20210531,272.61413
hkg,20210630,216.47601
hkg,20210731,228.551
hkg,20210831,251.56233
hkg,20210930,269.59538
hkg,20211031,311.59305
hkg,20211130,373.79515
hrv,20200301,-230.81312
hrv,20200308,-243.33255
hrv,20200315,-240.61306
hrv,20200322,-228.09364
hrv,20200329,-202.24629
hrv,20200405,-205.50477
hrv,20200412,-199.06131
hrv,20200419,-190.16787
hrv,20200426,-220.62118
hrv,20200503,-230.29863
hrv,20200510,-241.83806
hrv,20200517,-244.80254
hrv,20200524,-249.72701
hrv,20200531,-264.40242
hrv,20200607,-253.74499
hrv,20200614,-239.21657
hrv,20200621,-242.03406
hrv,20200628,-233.33661
hrv,20200705,-223.65917
hrv,20200712,-225.93765
hrv,20200719,-237.23208
hrv,20200726,-235.2966
hrv,20200802,-206.21527
hrv,20200809,-201.4378
hrv,20200816,-199.01231
hrv,20200823,-189.72687
hrv,20200830,-170.59248
hrv,20200906,-154.49608
hrv,20200913,-124.63076
hrv,20200920,-108.53435
hrv,20200927,-98.95491
hrv,20201004,-68.35459
hrv,20201011,-64.11612
hrv,20201018,-22.14787
hrv,20201025,26.87634
hrv,20201101,79.37953
hrv,20201108,160.84154
hrv,20201115,259.11045
hrv,20201122,394.81514
hrv,20201129,524.73787
hrv,20201206,701.74931
hrv,20201213,882.14174
hrv,20201220,1067.82613
hrv,20201227,1214.01676
hrv,20210103,1321.98761
hrv,20210110,1361.75088
hrv,20210117,1393.03719
hrv,20210124,1413.10257
hrv,20210131,1422.43702
hrv,20210207,1431.52646
hrv,20210214,1438.60692
hrv,20210221,1441.0324
hrv,20210228,1443.01689
hrv,20210307,1429.51747
hrv,20210314,1424.593
hrv,20210321,1414.08256
hrv,20210328,1440.07691
hrv,20210404,1494.34409
hrv,20210411,1559.1952
hrv,20210418,1637.91323
hrv,20210425,1731.82117
hrv,20210502,1818.96715
hrv,20210509,1895.0392
hrv,20210516,1977.08921
hrv,20210523,2024.34942
hrv,20210530,2056.17473
hrv,20210606,2115.48888
hrv,20210613,2149.66618
hrv,20210620,2178.40451
hrv,20210627,2232.91668
hrv,20210704,2256.80404
hrv,20210711,2276.03642
hrv,20210718,2293.11282
hrv,20210725,2288.43335
hrv,20210801,2315.35869
hrv,20210808,2320.92016
hrv,20210815,2353.38246
hrv,20210822,2374.67284
hrv,20210829,2394.98321
hrv,20210905,2433.22749
hrv,20210912,2490.48364
hrv,20210919,2548.0338
hrv,20210926,2590.59005
hrv,20211003,2636.42927
hrv,20211010,2675.35954
hrv,20211017,2720.26777
hrv,20211024,2793.84083
hrv,20211031,2890.88476
hrv,20211107,3005.86257
hrv,20211114,3148.32922
hrv,20211121,3297.55783
hrv,20211128,3489.61218
hrv,20211205,3656.03969
hrv,20211212,3797.77135
hrv,20211219,3920.34412
hrv,20211226,4020.52402
hrv,20220102,4084.64014
hun,20200308,-295.3656
hun,20200315,-308.95266
hun,20200322,-291.71193
hun,20200329,-291.63927
hun,20200405,-289.80206
hun,20200412,-279.72334
hun,20200419,-271.51298
hun,20200426,-279.55727
hun,20200503,-291.77421
hun,20200510,-294.08889
hun,20200517,-286.35599
hun,20200524,-303.53444
hun,20200531,-313.42633
hun,20200607,-299.19572
hun,20200614,-299.57977
hun,20200621,-318.43974
hun,20200628,-310.56152
hun,20200705,-300.35825
hun,20200712,-311.9524
hun,20200719,-329.48377
hun,20200726,-353.05614
hun,20200802,-347.56526
hun,20200809,-344.81463
hun,20200816,-348.79007
hun,20200823,-345.35438
hun,20200830,-354.72727
hun,20200906,-354.96601
hun,20200913,-348.54095
hun,20200920,-332.31743
hun,20200927,-321.74049
hun,20201004,-305.0395
hun,20201011,-293.48686
hun,20201018,-259.18186
hun,20201025,-199.38423
hun,20201101,-116.43981
hun,20201108,2.54303
hun,20201115,165.07923
hun,20201122,318.97948
hun,20201129,486.22807
hun,20201206,651.67059
hun,20201213,810.69843
hun,20201220,924.40837
hun,20201227,1035.85553
hun,20210103,1118.13565
hun,20210110,1152.70015
hun,20210117,1182.28238
hun,20210124,1194.40591
hun,20210131,1178.19277
hun,20210207,1160.67178
hun,20210214,1141.26169
hun,20210221,1135.44904
hun,20210228,1157.41255
hun,20210307,1196.60641
hun,20210314,1299.92624
hun,20210321,1465.60749
hun,20210328,1666.37223
hun,20210404,1868.13342
hun,20210411,2037.40606
hun,20210418,2146.72537
hun,20210425,2231.96371
hun,20210502,2287.24616
hun,20210509,2324.23951
hun,20210516,2348.81871
hun,20210523,2361.02528
hun,20210530,2367.1078
hun,20210606,2380.47689
hun,20210613,2392.12295
hun,20210620,2399.74167
hun,20210627,2444.10464
hun,20210704,2464.44891
hun,20210711,2479.33344
hun,20210718,2494.32177
hun,20210725,2476.59319
hun,20210801,2489.87924
hun,20210808,2476.90458
hun,20210815,2483.92128
hun,20210822,2473.41699
hun,20210829,2470.73902
hun,20210905,2468.64232
hun,20210912,2487.40887
hun,20210919,2508.06453
hun,20210926,2514.12629
hun,20211003,2521.18451
hun,20211010,2534.78196
hun,20211017,2556.9323
hun,20211024,2582.11352
hun,20211031,2640.15697
hun,20211107,2738.57757
hun,20211114,2855.28726
hun,20211121,2987.31742
hun,20211128,3148.39007
hun,20211205,3322.60346
hun,20211212,3463.97538
hun,20211219,3574.54027
hun,20211226,3660.13152
hun,20220102,3731.4195
hun,20220109,3757.17161
hun,20220116,3756.45541
hun,20220123,3747.31087
hun,20220130,3720.52079
hun,20220206,3709.44562
irl,20200229,-82.72285
irl,20200331,-77.0635
irl,20200430,109.17329
irl,20200531,134.01824
irl,20200630,108.61136
irl,20200731,98.25596
irl,20200831,103.51393
irl,20200930,99.25939
irl,20201031,126.55271
irl,20201130,121.13418
irl,20201231,86.0141
irl,20210131,221.67796
irl,20210228,301.51093
irl,20210331,255.79461
irl,20210430,243.15138
irl,20210531,258.76477
irl,20210630,251.82103
irl,20210731,300.06599
irl,20210831,346.06326
irl,20210930,396.79673
irl,20211031,464.62866
irl,20211130,553.13127
irl,20211231,592.86713
irn,20200223,-31.26001
irn,20200301,-28.92551
irn,20200308,-16.64025
irn,20200315,15.47947
irn,20200322,68.83671
irn,20200329,80.53981
irn,20200405,92.10648
irn,20200412,119.06324
irn,20200419,142.12838
irn,20200426,153.28813
irn,20200503,165.64983
irn,20200510,170.42704
irn,20200517,174.20106
irn,20200524,179.14527
irn,20200531,180.46717
irn,20200607,198.15413
irn,20200614,220.94642
irn,20200621,237.30089
irn,20200628,270.44614
irn,20200705,298.14265
irn,20200712,328.44887
irn,20200719,363.73693
irn,20200726,401.0149
irn,20200802,448.72464
irn,20200809,490.50227
irn,20200816,522.14216
irn,20200823,554.04548
irn,20200830,579.27341
irn,20200906,593.88964
irn,20200913,623.40789
irn,20200920,648.39003
irn,20200927,672.58655
irn,20201004,706.2728
irn,20201011,742.22181
irn,20201018,792.93406
irn,20201025,841.794
irn,20201101,910.13793
irn,20201108,986.64734
irn,20201115,1076.504
irn,20201122,1154.91394
irn,20201129,1222.71923
irn,20201206,1269.50222
irn,20201213,1304.59976
irn,20201220,1332.50679
irn,20201227,1346.36916
irn,20210103,1354.95919
irn,20210110,1359.66231
irn,20210117,1364.28662
irn,20210124,1368.0136
irn,20210131,1375.48401
irn,20210207,1378.91579
irn,20210214,1378.65235
irn,20210221,1387.47172
irn,20210228,1390.36016
irn,20210307,1400.31443
irn,20210314,1408.26469
irn,20210321,1424.55094
irn,20210328,1418.30599
irn,20210404,1440.93834
irn,20210411,1481.28704
irn,20210418,1516.97849
irn,20210425,1572.4068
irn,20210502,1628.99941
irn,20210509,1672.42589
irn,20210516,1713.58844
irn,20210523,1759.27416
irn,20210530,1794.82566
irn,20210606,1823.07375
irn,20210613,1854.66659
irn,20210620,1873.91654
irn,20210627,1891.16482
irn,20210704,1912.28474
irn,20210711,1929.41659
irn,20210718,1955.41367
irn,20210725,1977.37095
irn,20210801,2025.5029
irn,20210808,2091.45823
irn,20210815,2155.37778
irn,20210822,2242.85289
irn,20210829,2376.40064
irn,20210905,2480.60774
irn,20210912,2575.36979
irn,20210919,2650.61727
irn,20210926,2708.50004
irn,20211003,2747.45157
irn,20211010,2776.40648
irn,20211017,2822.5097
irn,20211024,2855.11161
irn,20211031,2880.69237
irn,20211107,2907.8867
irn,20211114,2926.42866
irn,20211121,2936.24534
irn,20211128,2949.65139
irn,20211205,2959.26225
irn,20211212,2960.79938
irn,20211219,2959.85735
irn,20211226,2959.64565
irn,20220102,2953.5289
irn,20220109,2946.69474
irn,20220116,2948.34124
irn,20220123,2942.39737
irn,20220130,2943.82512
irn,20220206,2947.90257
irn,20220213,2960.28661
irn,20220220,2983.44701
irn,20220227,3018.21995
irn,20220306,3044.10531
isl,20200301,69.68698
isl,20200308,80.26204
isl,20200315,69.68698
isl,20200322,60.73884
isl,20200329,47.45222
isl,20200405,63.4504
isl,20200412,76.73702
isl,20200419,105.75067
isl,20200426,78.36396
isl,20200503,86.76978
isl,20200510,72.39853
isl,20200517,67.24658
isl,20200524,82.70244
isl,20200531,100.86987
isl,20200607,69.14467
isl,20200614,68.3312
isl,20200621,49.07916
isl,20200628,14.6424
isl,20200705,-8.94813
isl,20200712,10.30391
isl,20200719,15.99818
isl,20200726,-13.01547
isl,20200802,-17.62511
isl,20200809,-24.404
isl,20200816,-15.45587
isl,20200823,-43.38489
isl,20200830,-66.43311
isl,20200906,-25.48862
isl,20200913,-33.89444
isl,20200920,-26.57324
isl,20200927,-63.72156
isl,20201004,-77.55049
isl,20201011,-50.70609
isl,20201018,-39.58871
isl,20201025,-30.64058
isl,20201101,7.05004
isl,20201108,36.606
isl,20201115,50.97724
isl,20201122,51.2484
isl,20201129,24.94631
isl,20201206,15.45587
isl,20201213,23.86169
isl,20201220,19.79436
isl,20201227,47.72338
isl,20210103,56.67151
isl,20210110,51.79071
isl,20210117,74.02547
isl,20210124,81.07551
isl,20210131,71.31391
isl,20210207,58.84076
isl,20210214,51.2484
isl,20210221,69.68698
isl,20210228,66.43311
isl,20210307,70.22929
isl,20210314,55.58689
isl,20210321,44.19836
isl,20210328,29.01364
isl,20210404,39.31756
isl,20210411,27.38671
isl,20210418,50.70609
isl,20210425,38.23293
isl,20210502,42.57142
isl,20210509,74.56778
isl,20210516,70.22929
isl,20210523,61.55231
isl,20210530,35.52138
isl,20210606,20.33667
isl,20210613,17.62511
isl,20210620,48.53684
isl,20210627,63.72156
isl,20210704,55.58689
isl,20210711,52.87533
isl,20210718,74.02547
isl,20210725,68.06004
isl,20210801,95.1756
isl,20210808,119.5796
isl,20210815,139.1028
isl,20210822,149.94902
isl,20210829,151.03364
isl,20210905,148.8644
isl,20210912,156.45676
isl,20210919,155.37213
isl,20210926,126.62964
isl,20211003,83.24476
isl,20211010,79.44858
isl,20211017,78.36396
isl,20211024,45.28298
isl,20211031,23.59053
isl,20211107,44.19836
isl,20211114,94.63329
isl,20211121,75.6524
isl,20211128,66.97542
isl,20211205,58.84076
isl,20211212,67.51773
isl,20211219,115.78342
isl,20211226,119.03729
isl,20220102,143.44129
isr,20200223,-35.69045
isr,20200301,-44.33323
isr,20200308,-48.02497
isr,20200315,-46.01227
isr,20200322,-45.39877
isr,20200329,-37.89689
isr,20200405,-23.26983
isr,20200412,-21.34324
isr,20200419,-12.82962
isr,20200426,-10.19266
isr,20200503,-11.1721
isr,20200510,-9.50382
isr,20200517,-7.18975
isr,20200524,7.65257
isr,20200531,10.31105
isr,20200607,11.54881
isr,20200614,12.37757
isr,20200621,12.79733
isr,20200628,12.35604
isr,20200705,10.79539
isr,20200712,16.72586
isr,20200719,22.59176
isr,20200726,22.88236
isr,20200802,38.82252
isr,20200809,44.19331
isr,20200816,60.67162
isr,20200823,72.84469
isr,20200830,83.23108
isr,20200906,94.41395
isr,20200913,113.41083
isr,20200920,135.74427
isr,20200927,159.54149
isr,20201004,181.14304
isr,20201011,212.53902
isr,20201018,237.69239
isr,20201025,259.68141
isr,20201101,267.89366
isr,20201108,272.8985
isr,20201115,266.15004
isr,20201122,273.50124
isr,20201129,274.26542
isr,20201206,278.19395
isr,20201213,278.37692
isr,20201220,283.66161
isr,20201227,285.54515
isr,20210103,300.45205
isr,20210110,318.44796
isr,20210117,337.54171
isr,20210124,360.27338
isr,20210131,383.56474
isr,20210207,401.17318
isr,20210214,411.7856
isr,20210221,419.21214
isr,20210228,418.48025
isr,20210307,417.68378
isr,20210314,425.1749
isr,20210321,436.756
isr,20210328,447.69131
isr,20210404,447.64826
isr,20210411,459.25089
isr,20210418,465.68722
isr,20210425,467.73221
isr,20210502,468.95921
isr,20210509,470.22925
isr,20210516,476.51491
isr,20210523,481.40136
isr,20210530,482.24088
isr,20210606,479.82994
isr,20210613,477.50511
isr,20210620,479.82994
isr,20210627,487.34259
isr,20210704,492.59498
isr,20210711,496.29749
isr,20210718,491.88462
isr,20210725,503.76709
isr,20210801,511.04294
isr,20210808,527.07997
isr,20210815,549.12281
isr,20210822,575.49241
isr,20210829,601.1086
isr,20210905,630.53493
isr,20210912,650.85567
isr,20210919,676.51491
isr,20210926,692.70262
isr,20211003,708.09385
isr,20211010,723.44204
isr,20211017,732.97815
isr,20211024,745.95845
isr,20211031,749.5318
isr,20211107,754.2891
isr,20211114,762.29685
isr,20211121,759.3047
isr,20211128,755.88204
isr,20211205,751.14627
isr,20211212,757.97008
isr,20211219,762.87805
isr,20211226,765.67646
isr,20220102,775.40631
isr,20220109,775.95523
isr,20220116,786.75062
isr,20220123,818.08201
isr,20220130,853.41729
isr,20220206,896.20062
isr,20220213,913.69067
ita,20200202,-113.93719
ita,20200209,-127.29372
ita,20200216,-136.25053
ita,20200223,-147.24486
ita,20200301,-149.7313
ita,20200308,-130.5902
ita,20200315,-46.94084
ita,20200322,106.23934
ita,20200329,285.47328
ita,20200405,426.80933
ita,20200412,539.53726
ita,20200419,619.10826
ita,20200426,668.12307
ita,20200503,694.13542
ita,20200510,710.9574
ita,20200517,722.92576
ita,20200524,724.33878
ita,20200531,721.83246
ita,20200607,717.65637
ita,20200614,707.73215
ita,20200621,706.89892
ita,20200628,720.67621
ita,20200705,735.49379
ita,20200712,731.17193
ita,20200719,721.46637
ita,20200726,712.73816
ita,20200802,727.88704
ita,20200809,727.09688
ita,20200816,744.66098
ita,20200823,760.71433
ita,20200830,775.01507
ita,20200906,784.04477
ita,20200913,798.14674
ita,20200920,813.42152
ita,20200927,816.77929
ita,20201004,829.84427
ita,20201011,837.87343
ita,20201018,856.14652
ita,20201025,901.66938
ita,20201101,969.67786
ita,20201108,1060.44694
ita,20201115,1169.64648
ita,20201122,1280.3402
ita,20201129,1392.21005
ita,20201206,1483.28062
ita,20201213,1559.17415
ita,20201220,1620.56979
ita,20201227,1650.15692
ita,20210103,1690.26296
ita,20210110,1714.45148
ita,20210117,1735.20769
ita,20210124,1764.40885
ita,20210131,1788.87898
ita,20210207,1803.06212
ita,20210214,1803.01242
ita,20210221,1816.25796
ita,20210228,1825.17999
ita,20210307,1840.43986
ita,20210314,1869.01154
ita,20210321,1908.61896
ita,20210328,1963.55584
ita,20210404,2018.35687
ita,20210411,2065.8394
ita,20210418,2107.55723
ita,20210425,2151.26951
ita,20210502,2184.58547
ita,20210509,2205.18597
ita,20210516,2219.36248
ita,20210523,2235.11268
ita,20210530,2246.0391
ita,20210606,2259.95387
ita,20210613,2268.1404
ita,20210620,2275.18393
ita,20210627,2303.57671
ita,20210704,2323.40527
ita,20210711,2332.57908
ita,20210718,2331.98936
ita,20210725,2340.37798
ita,20210801,2356.0553
ita,20210808,2370.18211
ita,20210815,2396.77922
ita,20210822,2422.54806
ita,20210829,2441.53842
ita,20210905,2460.41614
ita,20210912,2484.29324
ita,20210919,2508.67061
ita,20210926,2521.10114
ita,20211003,2530.60957
ita,20211010,2533.3594
ita,20211017,2546.11461
ita,20211024,2570.05797
ita,20211031,2585.30459
ita,20211107,2605.27893
ita,20211114,2621.09539
ita,20211121,2633.3934
ita,20211128,2644.41921
ita,20211205,2673.60049
ita,20211212,2702.689
ita,20211219,2737.27385
ita,20211226,2768.14478
jam,20200331,-174.61128
jam,20200430,-196.26953
jam,20200531,-238.17355
jam,20200630,-264.13655
jam,20200731,-308.2602
jam,20200831,-286.53469
jam,20200930,-249.40625
jam,20201031,-231.71643
jam,20201130,-221.89623
jor,20200331,48.00847
jor,20200430,32.59317
jor,20200531,45.92453
jor,20200630,43.67505
jor,20200731,34.00519
jor,20200831,29.22382
jor,20200930,36.95581
jor,20201031,135.47541
jor,20201130,378.21518
jor,20201231,444.94013
jpn,20200131,-62.02103
jpn,20200229,-105.37657
jpn,20200331,-143.7119
jpn,20200430,-151.0645
jpn,20200531,-179.18967
jpn,20200630,-207.12444
jpn,20200731,-240.87908
jpn,20200831,-238.63396
jpn,20200930,-247.38122
jpn,20201031,-240.20475
jpn,20201130,-253.54382
jpn,20201231,-222.1644
jpn,20210131,-235.40906
jpn,20210228,-279.55555
jpn,20210331,-299.29283
jpn,20210430,-284.96131
jpn,20210531,-248.18963
jpn,20210630,-226.64196
jpn,20210731,-218.35562
jpn,20210831,-183.27215
jpn,20210930,-143.11611
jpn,20211031,-130.62988
jpn,20211130,-125.90242
jpn,20211231,-104.3024
kaz,20200331,-140.71629
kaz,20200430,-492.44647
kaz,20200531,-325.61799
kaz,20200630,-110.54512
kaz,20200731,760.03853
kaz,20200831,1142.46107
kaz,20200930,1303.62489
kaz,20201031,1376.18625
kaz,20201130,1463.77265
kaz,20201231,1586.72633
kaz,20210131,1596.05512
kaz,20210228,1627.20023
kaz,20210331,1700.58812
kaz,20210430,1814.6605
kaz,20210531,1971.79694
kaz,20210630,2077.73031
kaz,20210731,2342.56901
kaz,20210831,3066.0768
kaz,20210930,3557.58618
kaz,20211031,3813.61201
kaz,20211130,4082.60971
kaz,20211231,4247.77986
kgz,20200331,24.0784
kgz,20200430,-183.15275
kgz,20200531,-154.94059
kgz,20200630,-5.15966
kgz,20200731,177.29911
kgz,20200831,476.86097
kgz,20200930,616.83554
kgz,20201031,723.07621
kgz,20201130,941.29049
kgz,20201231,1128.81839
kgz,20210131,1137.04065
kgz,20210228,1153.802
kgz,20210331,1222.58234
kgz,20210430,1285.44869
kgz,20210531,1310.38704
kgz,20210630,1436.82882
kgz,20210731,1592.02589
kgz,20210831,1781.04737
kgz,20210930,1909.75216
kgz,20211031,1995.36928
kgz,20211130,2101.38365
kgz,20211231,2192.40182
kna,20200331,-134.46383
kna,20200430,-205.43084
kna,20200531,-33.61596
kna,20200630,138.19893
kna,20200731,257.72233
kna,20200831,205.43084
kna,20200930,125.12606
kna,20201031,179.2851
kna,20201130,183.02021
kna,20201231,227.84148
kor,20200126,0.84592
kor,20200202,2.71318
kor,20200209,7.64835
kor,20200216,7.29361
kor,20200223,2.33505
kor,20200301,-1.20845
kor,20200308,-4.33874
kor,20200315,-6.41261
kor,20200322,-8.32664
kor,20200329,-12.43539
kor,20200405,-17.81886
kor,20200412,-15.81906
kor,20200419,-17.69022
kor,20200426,-19.85764
kor,20200503,-16.10364
kor,20200510,-18.98833
kor,20200517,-24.05605
kor,20200524,-25.9389
kor,20200531,-30.73763
kor,20200607,-28.29734
kor,20200614,-26.53923
kor,20200621,-27.59565
kor,20200628,-27.63853
kor,20200705,-27.56057
kor,20200712,-30.8195
kor,20200719,-29.49799
kor,20200726,-29.00292
kor,20200802,-30.67526
kor,20200809,-33.60674
kor,20200816,-28.48055
kor,20200823,-19.00783
kor,20200830,-12.01828
kor,20200906,-10.6344
kor,20200913,-8.54495
kor,20200920,-5.095
kor,20200927,-2.76385
kor,20201004,-2.38572
kor,20201011,1.58658
kor,20201018,1.43845
kor,20201025,4.84551
kor,20201101,8.61901
kor,20201108,11.47252
kor,20201115,13.92842
kor,20201122,14.73145
kor,20201129,11.3127
kor,20201206,14.70807
kor,20201213,13.10979
kor,20201220,7.44564
kor,20201227,5.23144
kor,20210103,3.44605
kor,20210110,-2.54945
kor,20210117,-7.13378
kor,20210124,-13.68283
kor,20210131,-25.58806
kor,20210207,-32.88167
kor,20210214,-42.89625
kor,20210221,-47.16872
kor,20210228,-55.53825
kor,20210307,-62.53169
kor,20210314,-65.11623
kor,20210321,-67.36551
kor,20210328,-70.46851
kor,20210404,-72.68661
kor,20210411,-76.62773
kor,20210418,-75.58301
kor,20210425,-78.11686
kor,20210502,-78.78346
kor,20210509,-79.66836
kor,20210516,-76.62773
kor,20210523,-81.48104
kor,20210530,-79.99192
kor,20210606,-81.84748
kor,20210613,-80.22581
kor,20210620,-78.76007
kor,20210627,-76.56146
kor,20210704,-73.52473
kor,20210711,-70.60105
kor,20210718,-66.39485
kor,20210725,-58.87514
kor,20210801,-51.16832
kor,20210808,-47.46109
kor,20210815,-44.87656
kor,20210822,-38.89276
kor,20210829,-34.40978
kor,20210905,-29.29139
kor,20210912,-23.11267
kor,20210919,-16.79362
kor,20210926,-10.26407
kor,20211003,-3.80079
kor,20211010,0.4366
kor,20211017,5.26652
kor,20211024,11.80388
kor,20211031,22.69556
kor,20211107,31.51728
kor,20211114,39.92579
kor,20211121,51.77644
kor,20211128,63.74794
kor,20211205,79.31362
kor,20211212,96.70368
kor,20211219,114.34322
kor,20211226,129.04739
kor,20220102,139.30756
kos,20200331,-5.49908
kos,20200430,-35.01458
kos,20200531,-7.40693
kos,20200630,52.18518
kos,20200731,432.40756
kos,20200831,791.08251
kos,20200930,880.07788
kos,20201031,976.81687
kos,20201130,1435.26091
kos,20201231,1868.45406
kos,20210131,2049.47492
kos,20210228,2136.11355
kos,20210331,2391.65262
kos,20210430,2670.98363
kos,20210531,2730.8002
kos,20210630,2740.67611
kos,20210731,2733.3814
kos,20210831,2973.32103
kos,20210930,3348.71768
kos,20211031,3367.12277
kos,20211130,3333.11823
kos,20211231,3377.1109
kwt,20200229,-26.24434
kwt,20200331,-26.10572
kwt,20200430,-0.46205
kwt,20200531,172.99084
kwt,20200630,323.11029
kwt,20200731,430.16685
kwt,20200831,510.19359
kwt,20200930,582.1807
kwt,20201031,658.09521
kwt,20201130,718.30009
kwt,20201231,741.77213
lbn,20200229,76.7009
lbn,20200331,42.64937
lbn,20200430,6.02734
lbn,20200531,14.46267
lbn,20200630,-0.91592
lbn,20200731,3.20572
lbn,20200831,40.89139
lbn,20200930,109.77743
lbn,20201031,200.67509
lbn,20201130,326.1118
lbn,20201231,485.55572
lbn,20210131,770.99772
lbn,20210228,1052.56922
lbn,20210331,1366.19792
lbn,20210430,1588.0278
lbn,20210531,1641.29889
lbn,20210630,1657.01725
lbn,20210731,1699.6223
lbn,20210831,1810.5077
lbn,20210930,1924.37722
lbn,20211031,1957.43898
lbn,20211130,2062.8584
lbn,20211231,2238.03546
lie,20200331,-62.73854
lie,20200430,-31.36927
lie,20200531,20.91285
lie,20200630,-31.36927
lie,20200731,-115.02065
lie,20200831,-120.24886
lie,20200930,104.56423
lie,20201031,104.56423
lie,20201130,533.27757
lie,20201231,1307.05286
lie,20210131,1442.98635
lie,20210228,1495.26847
lie,20210331,1176.34757
lie,20210430,1385.47603
lie,20210531,1510.9531
lie,20210630,1270.45538
lie,20210731,1364.56318
lie,20210831,1275.68359
lie,20210930,1181.57578
lie,20211031,1097.9244
lie,20211130,1155.43473
lie,20211231,1218.17326
ltu,20200301,-203.69075
ltu,20200308,-211.31196
ltu,20200315,-210.75431
ltu,20200322,-193.09541
ltu,20200329,-164.28352
ltu,20200405,-154.1343
ltu,20200412,-131.12197
ltu,20200419,-113.76048
ltu,20200426,-87.47661
ltu,20200503,-62.23368
ltu,20200510,-61.45297
ltu,20200517,-44.83501
ltu,20200524,-49.85386
ltu,20200531,-34.05379
ltu,20200607,-18.84855
ltu,20200614,39.25852
ltu,20200621,75.35703
ltu,20200628,123.64947
ltu,20200705,138.63165
ltu,20200712,156.81102
ltu,20200719,196.70154
ltu,20200726,221.20094
ltu,20200802,248.89753
ltu,20200809,269.3075
ltu,20200816,305.18294
ltu,20200823,354.88809
ltu,20200830,380.13103
ltu,20200906,396.60027
ltu,20200913,442.58776
ltu,20200920,469.83823
ltu,20200927,512.77724
ltu,20201004,533.26156
ltu,20201011,569.137
ltu,20201018,608.58141
ltu,20201025,653.67666
ltu,20201101,708.66089
ltu,20201108,777.47483
ltu,20201115,871.19711
ltu,20201122,1020.08951
ltu,20201129,1171.43556
ltu,20201206,1363.08108
ltu,20201213,1557.55202
ltu,20201220,1794.10691
ltu,20201227,2024.78789
ltu,20210103,2236.13702
ltu,20210110,2377.37103
ltu,20210117,2512.80549
ltu,20210124,2596.78749
ltu,20210131,2684.41281
ltu,20210207,2727.27746
ltu,20210214,2782.03863
ltu,20210221,2820.96256
ltu,20210228,2799.28859
ltu,20210307,2818.73196
ltu,20210314,2861.67097
ltu,20210321,2883.4193
ltu,20210328,2913.71825
ltu,20210404,2928.03125
ltu,20210411,2984.27949
ltu,20210418,3024.76484
ltu,20210425,3075.95706
ltu,20210502,3117.11158
ltu,20210509,3186.96647
ltu,20210516,3244.62742
ltu,20210523,3301.7679
ltu,20210530,3336.89981
ltu,20210606,3384.67178
ltu,20210613,3431.84892
ltu,20210620,3488.46893
ltu,20210627,3586.28063
ltu,20210704,3592.56348
ltu,20210711,3660.33648
ltu,20210718,3742.45965
ltu,20210725,3759.30066
ltu,20210801,3781.94123
ltu,20210808,3811.12488
ltu,20210815,3854.58436
ltu,20210822,3916.11168
ltu,20210829,3976.96982
ltu,20210905,4023.40343
ltu,20210912,4112.3671
ltu,20210919,4217.8372
ltu,20210926,4341.00337
ltu,20211003,4471.67922
ltu,20211010,4591.05337
ltu,20211017,4738.83047
ltu,20211024,4858.20462
ltu,20211031,5002.93324
ltu,20211107,5131.89896
ltu,20211114,5260.1955
ltu,20211121,5365.81431
ltu,20211128,5477.15831
ltu,20211205,5576.45708
ltu,20211212,5671.81513
ltu,20211219,5787.47162
ltu,20211226,5916.58606
ltu,20220102,5965.47332
ltu,20220109,6029.71454
ltu,20220116,6084.43853
ltu,20220123,6133.43733
ltu,20220130,6165.26052
ltu,20220206,6185.41026
ltu,20220213,6265.78613
ltu,20220220,6334.41418
lux,20200301,-230.93379
lux,20200308,-255.82297
lux,20200315,-256.45307
lux,20200322,-264.01434
lux,20200329,-230.93379
lux,20200405,-228.41336
lux,20200412,-167.60815
lux,20200419,-162.5673
lux,20200426,-157.84151
lux,20200503,-171.38878
lux,20200510,-154.37593
lux,20200517,-149.96519
lux,20200524,-158.15656
lux,20200531,-155.00603
lux,20200607,-165.40278
lux,20200614,-181.78553
lux,20200621,-172.96405
lux,20200628,-184.93606
lux,20200705,-202.26397
lux,20200712,-223.05746
lux,20200719,-230.93379
lux,20200726,-246.05633
lux,20200802,-229.98863
lux,20200809,-210.14029
lux,20200816,-179.89521
lux,20200823,-181.47048
lux,20200830,-214.23598
lux,20200906,-207.61987
lux,20200913,-218.01662
lux,20200920,-196.27796
lux,20200927,-214.55103
lux,20201004,-216.1263
lux,20201011,-250.15201
lux,20201018,-240.07032
lux,20201025,-219.90693
lux,20201101,-208.88008
lux,20201108,-170.75868
lux,20201115,-120.35021
lux,20201122,-64.9009
lux,20201129,20.16339
lux,20201206,60.49016
lux,20201213,119.40505
lux,20201220,143.66413
lux,20201227,186.19627
lux,20210103,197.22312
lux,20210110,207.46234
lux,20210117,197.53818
lux,20210124,187.92906
lux,20210131,208.56503
lux,20210207,191.39464
lux,20210214,166.66299
lux,20210221,147.91734
lux,20210228,128.85664
lux,20210307,118.93247
lux,20210314,125.70611
lux,20210321,166.19041
lux,20210328,141.45876
lux,20210404,116.41205
lux,20210411,111.21368
lux,20210418,104.44004
lux,20210425,98.61156
lux,20210502,116.097
lux,20210509,112.15884
lux,20210516,88.37234
lux,20210523,99.24167
lux,20210530,73.87991
lux,20210606,56.70952
lux,20210613,55.92189
lux,20210620,60.17511
lux,20210627,51.8262
lux,20210704,65.21595
lux,20210711,54.34663
lux,20210718,51.03857
lux,20210725,33.86819
lux,20210801,7.87632
lux,20210808,-4.25321
lux,20210815,-12.60212
lux,20210822,-38.90903
lux,20210829,-43.4773
lux,20210905,-47.73052
lux,20210912,-34.65582
lux,20210919,-46.4703
lux,20210926,-56.07942
lux,20211003,-55.29179
lux,20211010,-40.95688
lux,20211017,-79.55086
lux,20211024,-80.33849
lux,20211031,-36.38861
lux,20211107,-23.62897
lux,20211114,-7.40374
lux,20211121,-5.67095
lux,20211128,8.97901
lux,20211205,45.36762
lux,20211212,51.1961
lux,20211219,55.13426
lux,20211226,82.70139
lux,20220102,93.88577
lux,20220109,96.24866
lux,20220116,72.14712
lux,20220123,51.51115
lux,20220130,43.79235
lux,20220206,26.62197
lva,20200301,-254.96349
lva,20200308,-311.95532
lva,20200315,-332.0953
lva,20200322,-359.30569
lva,20200329,-389.83703
lva,20200405,-392.30096
lva,20200412,-393.05085
lva,20200419,-409.54849
lva,20200426,-401.72818
lva,20200503,-391.87245
lva,20200510,-435.36622
lva,20200517,-401.51393
lva,20200524,-389.19426
lva,20200531,-396.15755
lva,20200607,-391.22968
lva,20200614,-364.76919
lva,20200621,-369.16142
lva,20200628,-333.05944
lva,20200705,-318.59723
lva,20200712,-333.80934
lva,20200719,-332.52381
lva,20200726,-330.27413
lva,20200802,-327.59594
lva,20200809,-311.41969
lva,20200816,-291.49397
lva,20200823,-269.74708
lva,20200830,-270.06847
lva,20200906,-263.64081
lva,20200913,-271.67538
lva,20200920,-277.56739
lva,20200927,-270.49698
lva,20201004,-263.64081
lva,20201011,-267.60453
lva,20201018,-253.24945
lva,20201025,-221.00406
lva,20201101,-206.64898
lva,20201108,-178.15306
lva,20201115,-150.83554
lva,20201122,-113.34091
lva,20201129,-66.41906
lva,20201206,2.24968
lva,20201213,92.55817
lva,20201220,171.61828
lva,20201227,301.77821
lva,20210103,390.69405
lva,20210110,516.24749
lva,20210117,629.80266
lva,20210124,719.57552
lva,20210131,815.88315
lva,20210207,904.15623
lva,20210214,967.57572
lva,20210221,1012.35502
lva,20210228,1036.35158
lva,20210307,1023.60341
lva,20210314,1019.85394
lva,20210321,1043.31487
lva,20210328,1035.06605
lva,20210404,1045.45742
lva,20210411,1032.49499
lva,20210418,1045.35029
lva,20210425,1074.06046
lva,20210502,1121.19657
lva,20210509,1173.58193
lva,20210516,1237.42993
lva,20210523,1281.67359
lva,20210530,1307.59845
lva,20210606,1332.45203
lva,20210613,1409.90522
lva,20210620,1435.5087
lva,20210627,1537.38697
lva,20210704,1602.09199
lva,20210711,1653.72745
lva,20210718,1723.89597
lva,20210725,1716.28992
lva,20210801,1747.14264
lva,20210808,1781.6377
lva,20210815,1794.27875
lva,20210822,1828.3453
lva,20210829,1835.30859
lva,20210905,1865.19716
lva,20210912,1938.79377
lva,20210919,1973.28883
lva,20210926,2039.3865
lva,20211003,2109.34077
lva,20211010,2180.68769
lva,20211017,2319.95346
lva,20211024,2528.42361
lva,20211031,2743.53566
lva,20211107,2949.86325
lva,20211114,3157.47638
lva,20211121,3324.80955
lva,20211128,3425.18804
lva,20211205,3503.39112
lva,20211212,3585.66505
lva,20211219,3644.04955
lva,20211226,3689.57874
lva,20220102,3756.74769
lva,20220109,3801.04492
lva,20220116,3839.77152
lva,20220123,3856.85836
lva,20220130,3849.41299
lva,20220206,3887.49683
lva,20220213,3939.82862
lva,20220220,4009.40794
mac,20200131,-7.59427
mac,20200229,11.54329
mac,20200331,-8.50558
mac,20200430,18.83379
mac,20200531,1.82263
mac,20200630,16.09986
mac,20200731,28.55446
mac,20200831,68.34844
mac,20200930,106.62357
mac,20201031,133.05164
mac,20201130,167.37774
mac,20201231,150.36658
mac,20210131,162.6693
mac,20210228,194.10958
mac,20210331,209.14624
mac,20210430,236.6375
mac,20210531,247.11759
mac,20210630,288.88609
mac,20210731,290.8606
mac,20210831,326.2499
mac,20210930,358.6015
mac,20211031,406.44541
mac,20211130,427.25371
mac,20211231,475.70517
mac,20220131,476.00894
mco,20200229,-288.46154
mco,20200331,-7.59109
mco,20200430,121.45749
mco,20200531,139.17004
mco,20200630,217.61134
mco,20200731,139.17004
mco,20200831,313.76518
mco,20200930,457.99595
mco,20201031,576.92308
mco,20201130,387.14575
mco,20201231,647.77328
mco,20210131,870.44534
mco,20210228,1568.82591
mco,20210331,2201.417
mco,20210430,2226.72065
mco,20210531,2773.27935
mco,20210630,2570.8502
mco,20210731,2565.78947
mco,20210831,2813.76518
mco,20210930,3031.37652
mco,20211031,3248.98785
mco,20211130,2930.16194
mco,20211231,3390.68826
mco,20220131,3459.0081
mda,20200331,-209.01958
mda,20200430,-366.69752
mda,20200531,-152.6084
mda,20200630,-11.13313
mda,20200731,183.92033
mda,20200831,241.5492
mda,20200930,448.72982
mda,20201031,664.35969
mda,20201130,830.23838
mda,20201231,1262.81522
mda,20210131,1361.4478
mda,20210228,1516.04426
mda,20210331,1956.17572
mda,20210430,2328.41496
mda,20210531,2434.99978
mda,20210630,2513.70208
mda,20210731,2622.62287
mda,20210831,2644.06906
mda,20210930,2893.34684
mda,20211031,3356.83799
mda,20211130,3781.01528
mdv,20200331,17.84335
mdv,20200430,7.72599
mdv,20200531,37.71017
mdv,20200630,45.2522
mdv,20200731,96.57481
mdv,20200831,171.81119
mdv,20200930,222.03009
mdv,20201031,245.75991
mdv,20201130,288.98863
mdv,20201231,295.42695
mex,20200105,-0.60263
mex,20200112,1.35419
mex,20200119,0.20804
mex,20200126,-3.73554
mex,20200202,-10.18484
mex,20200209,-13.02757
mex,20200216,-19.97433
mex,20200223,-27.69951
mex,20200301,-38.22213
mex,20200308,-45.20574
mex,20200315,-51.176
mex,20200322,-61.68481
mex,20200329,-66.15195
mex,20200405,-72.50759
mex,20200412,-72.11838
mex,20200419,-63.26163
mex,20200426,-39.66077
mex,20200503,-2.20785
mex,20200510,49.53777
mex,20200517,113.80122
mex,20200524,183.6273
mex,20200531,256.12491
mex,20200607,336.74921
mex,20200614,423.42438
mex,20200621,510.85342
mex,20200628,597.85101
mex,20200705,689.97058
mex,20200712,789.2511
mex,20200719,887.3417
mex,20200726,979.60406
mex,20200802,1063.6338
mex,20200809,1142.07634
mex,20200816,1211.38808
mex,20200823,1274.71496
mex,20200830,1331.47815
mex,20200906,1382.28413
mex,20200913,1426.33758
mex,20200920,1464.09604
mex,20200927,1504.90833
mex,20201004,1539.86014
mex,20201011,1577.62166
mex,20201018,1614.76136
mex,20201025,1657.19807
mex,20201101,1703.26131
mex,20201108,1757.74756
mex,20201115,1812.84028
mex,20201122,1868.82659
mex,20201129,1927.92354
mex,20201206,1993.76074
mex,20201213,2068.52455
mex,20201220,2152.39461
mex,20201227,2253.03085
mex,20210103,2377.73393
mex,20210110,2526.5952
mex,20210117,2731.51571
mex,20210124,2946.89051
mex,20210131,3102.67474
mex,20210207,3221.98332
mex,20210214,3302.95998
mex,20210221,3374.30531
mex,20210228,3437.69437
mex,20210307,3476.03856
mex,20210314,3511.25061
mex,20210321,3539.03918
mex,20210328,3562.10496
mex,20210404,3581.24789
mex,20210411,3602.78598
mex,20210418,3623.86039
mex,20210425,3638.84709
mex,20210502,3648.70259
mex,20210509,3656.47307
mex,20210516,3661.80079
mex,20210523,3663.10278
mex,20210530,3663.42674
mex,20210606,3663.88121
mex,20210613,3666.29787
mex,20210620,3671.23407
mex,20210627,3675.0126
mex,20210704,3682.72013
mex,20210711,3696.06399
mex,20210718,3717.68192
mex,20210725,3753.41753
mex,20210801,3807.47618
mex,20210808,3883.24949
mex,20210815,3977.09558
mex,20210822,4082.45384
mex,20210829,4181.71976
mex,20210905,4278.76709
mex,20210912,4364.75211
mex,20210919,4438.15022
mex,20210926,4497.00074
mex,20211003,4546.14623
mex,20211010,4582.93663
mex,20211017,4612.32658
mex,20211024,4630.10918
mex,20211031,4642.57941
mex,20211107,4652.83411
mex,20211114,4661.86973
mex,20211121,4668.79422
mex,20211128,4670.09468
mex,20211205,4672.11061
mex,20211212,4672.40693
mex,20211219,4666.70613
mex,20211226,4662.45777
mex,20220102,4653.15807
mkd,20200229,-175.54465
mkd,20200331,-227.97757
mkd,20200430,-153.26546
mkd,20200531,-134.05926
mkd,20200630,77.88113
mkd,20200731,233.35531
mkd,20200831,377.97798
mkd,20200930,521.16019
mkd,20201031,814.05471
mkd,20201130,1879.61459
mkd,20201231,2582.17732
mkd,20210131,2636.24277
mkd,20210228,2823.5032
mkd,20210331,3239.50945
mkd,20210430,3989.60753
mkd,20210531,4394.18609
mkd,20210630,4586.72823
mkd,20210731,4737.20879
mkd,20210831,5056.89596
mkd,20210930,5853.377
mkd,20211031,6101.90521
mkd,20211130,6477.29035
mkd,20211231,6838.751
mlt,20200308,-173.99729
mlt,20200315,-150.35846
mlt,20200322,-106.18097
mlt,20200329,-91.84267
mlt,20200405,-95.33036
mlt,20200412,-84.86727
mlt,20200419,-44.17748
mlt,20200426,-63.16605
mlt,20200503,-57.74075
mlt,20200510,-56.19066
mlt,20200517,-45.34005
mlt,20200524,-72.8541
mlt,20200531,-79.82949
mlt,20200607,-75.56675
mlt,20200614,-99.20558
mlt,20200621,-98.81806
mlt,20200628,-131.36989
mlt,20200705,-122.45689
mlt,20200712,-128.65724
mlt,20200719,-119.35671
mlt,20200726,-129.43228
mlt,20200802,-137.18272
mlt,20200809,-146.87076
mlt,20200816,-156.55881
mlt,20200823,-118.19415
mlt,20200830,-102.69328
mlt,20200906,-94.55532
mlt,20200913,-97.65549
mlt,20200920,-89.51754
mlt,20200927,-51.15288
mlt,20201004,-7.75044
mlt,20201011,2.32513
mlt,20201018,-10.46309
mlt,20201025,-6.97539
mlt,20201101,38.75218
mlt,20201108,79.05445
mlt,20201115,123.23193
mlt,20201122,161.20907
mlt,20201129,198.41116
mlt,20201206,262.35226
mlt,20201213,314.6677
mlt,20201220,380.93393
mlt,20201227,425.11141
mlt,20210103,422.78628
mlt,20210110,403.60395
mlt,20210117,390.23445
mlt,20210124,412.51695
mlt,20210131,410.38558
mlt,20210207,401.27882
mlt,20210214,397.59736
mlt,20210221,436.93083
mlt,20210228,460.3759
mlt,20210307,498.54679
mlt,20210314,535.55512
mlt,20210321,563.65046
mlt,20210328,569.65704
mlt,20210404,576.8262
mlt,20210411,552.60608
mlt,20210418,544.27437
mlt,20210425,525.47956
mlt,20210502,509.00988
mlt,20210509,503.39082
mlt,20210516,513.27262
mlt,20210523,528.57973
mlt,20210530,546.21197
mlt,20210606,508.81612
mlt,20210613,494.28405
mlt,20210620,488.66499
mlt,20210627,476.07053
mlt,20210704,527.41717
mlt,20210711,527.22341
mlt,20210718,544.85565
mlt,20210725,548.92463
mlt,20210801,535.55512
mlt,20210808,574.88859
mlt,20210815,618.09727
mlt,20210822,597.36485
mlt,20210829,622.74753
mlt,20210905,627.20403
mlt,20210912,633.98566
mlt,20210919,645.03003
mlt,20210926,624.68514
mlt,20211003,667.5063
mlt,20211010,672.73784
mlt,20211017,646.58012
mlt,20211024,678.93819
mlt,20211031,659.75586
mlt,20211107,667.31254
mlt,20211114,665.56869
mlt,20211121,677.3881
mlt,20211128,692.69521
mlt,20211205,701.41445
mlt,20211212,705.87096
mlt,20211219,727.76594
mlt,20211226,788.80062
mlt,20220102,785.11916
mlt,20220109,766.71188
mlt,20220116,726.99089
mlt,20220123,753.92366
mlt,20220130,802.94517
mlt,20220206,833.36563
mlt,20220213,855.64813
mne,20200322,-282.77958
mne,20200329,-235.01276
mne,20200405,-269.08643
mne,20200412,-267.81265
mne,20200419,-279.91357
mne,20200426,-321.62993
mne,20200503,-340.73666
mne,20200510,-368.75986
mne,20200517,-365.89385
mne,20200524,-367.80453
mne,20200531,-364.93852
mne,20200607,-385.00058
mne,20200614,-403.78886
mne,20200621,-431.17518
mne,20200628,-442.00232
mne,20200705,-378.63167
mne,20200712,-347.10557
mne,20200719,-299.97564
mne,20200726,-263.03596
mne,20200802,-217.81671
mne,20200809,-209.85557
mne,20200816,-210.17401
mne,20200823,-172.279
mne,20200830,-123.87529
mne,20200906,-84.06961
mne,20200913,-64.32599
mne,20200920,-42.35325
mne,20200927,16.55916
mne,20201004,48.40371
mne,20201011,91.39385
mne,20201018,154.44606
mne,20201025,253.4826
mne,20201101,337.87065
mne,20201108,416.52668
mne,20201115,474.16531
mne,20201122,590.71636
mne,20201129,662.04815
mne,20201206,722.23434
mne,20201213,758.21868
mne,20201220,828.27668
mne,20201227,907.56961
mne,20210103,1063.28945
mne,20210110,1132.86978
mne,20210117,1170.28713
mne,20210124,1230.95099
mne,20210131,1270.59745
mne,20210207,1352.91561
mne,20210214,1460.7094
mne,20210221,1586.33614
mne,20210228,1696.99594
mne,20210307,1815.61688
mne,20210314,1925.32135
mne,20210321,2094.57512
mne,20210328,2171.79815
mne,20210404,2332.45389
mne,20210411,2422.41474
mne,20210418,2522.2474
mne,20210425,2635.77321
mne,20210502,2730.82918
mne,20210509,2776.84456
mne,20210516,2860.11805
mne,20210523,2926.51393
mne,20210530,2918.07512
mne,20210606,2963.77205
mne,20210613,2916.4829
mne,20210620,2932.56439
mne,20210627,2940.04786
mne,20210704,2952.9449
mne,20210711,2987.49624
mne,20210718,2983.83412
mne,20210725,3003.73696
mne,20210801,3024.59514
mne,20210808,3044.17953
mne,20210815,3131.59282
mne,20210822,3217.09543
mne,20210829,3316.92808
mne,20210905,3409.75494
mne,20210912,3492.39154
mne,20210919,3615.47072
mne,20210926,3721.67228
mne,20211003,3826.60007
mne,20211010,3891.72217
mne,20211017,4014.16445
mne,20211024,4086.6108
mne,20211031,4193.44926
mng,20200331,-122.57898
mng,20200430,-154.20742
mng,20200531,-215.1515
mng,20200630,-242.99534
mng,20200731,-256.36158
mng,20200831,-288.17024
mng,20200930,-304.35992
mng,20201031,-316.40456
mng,20201130,-347.79271
mng,20201231,-451.2084
mng,20210131,-558.52884
mng,20210228,-605.83633
mng,20210331,-651.04128
mng,20210430,-637.43474
mng,20210531,-670.86537
mng,20210630,-582.88844
mng,20210731,-478.031
mng,20210831,-412.64152
mng,20210930,-249.33304
mng,20211031,-5.58679
mng,20211130,157.84184
mng,20211231,216.8035
mng,20220131,160.69531
mng,20220228,181.4205
mus,20200331,-76.40793
mus,20200430,-108.05479
mus,20200531,-137.65992
mus,20200630,-128.00095
mus,20200731,-183.67744
mus,20200831,-196.16343
mus,20200930,-264.71854
mus,20201031,-277.83275
mus,20201130,-277.59716
mus,20201231,-302.17649
mus,20210131,-351.64925
mus,20210228,-389.97101
mus,20210331,-430.17744
mus,20210430,-473.525
mus,20210531,-529.75119
mus,20210630,-509.80503
mus,20210731,-583.46448
mus,20210831,-480.43549
mus,20210930,-338.45651
mus,20211031,-148.10417
mus,20211130,506.34979
mus,20211231,861.92545
mys,20200131,17.71102
mys,20200229,2.31876
mys,20200331,-25.68022
mys,20200430,-79.19162
mys,20200531,-119.98037
mys,20200630,-167.31655
mys,20200731,-221.17576
mys,20200831,-253.9343
mys,20200930,-284.99037
mys,20201031,-313.69718
mys,20201130,-369.83243
mys,20201231,-415.05123
mys,20210131,-428.34746
mys,20210228,-465.22789
mys,20210331,-505.71459
mys,20210430,-531.10497
mys,20210531,-544.53545
mys,20210630,-558.1978
mys,20210731,-354.28762
mys,20210831,-93.33603
mys,20210930,43.61702
ncl,20200331,93.67942
ncl,20200430,-49.26843
ncl,20200531,-61.0651
ncl,20200630,-63.84079
ncl,20200731,-82.57667
ncl,20200831,-124.21197
ncl,20200930,-202.62511
ncl,20201031,-188.74667
ncl,20201130,-290.75315
ncl,20201231,-309.48903
nic,20200331,83.55242
nic,20200430,258.65443
nic,20200531,447.75146
nic,20200630,618.13872
nic,20200731,816.99349
nic,20200831,1017.45962
nld,20200301,-135.79964
nld,20200308,-154.00836
nld,20200315,-157.14699
nld,20200322,-130.01734
nld,20200329,-52.28528
nld,20200405,69.5856
nld,20200412,189.267
nld,20200419,270.51619
nld,20200426,330.70919
nld,20200503,363.99964
nld,20200510,371.30758
nld,20200517,369.68295
nld,20200524,367.89527
nld,20200531,364.40725
nld,20200607,361.88587
nld,20200614,360.61062
nld,20200621,360.52327
nld,20200628,355.7076
nld,20200705,345.12709
nld,20200712,339.53113
nld,20200719,327.29687
nld,20200726,321.75914
nld,20200802,320.92644
nld,20200809,317.04246
nld,20200816,349.42451
nld,20200823,359.53917
nld,20200830,362.56134
nld,20200906,365.11767
nld,20200913,366.15999
nld,20200920,366.95775
nld,20200927,373.68339
nld,20201004,385.41686
nld,20201011,392.86456
nld,20201018,415.24259
nld,20201025,448.25353
nld,20201101,495.68237
nld,20201108,534.35333
nld,20201115,572.22071
nld,20201122,592.64219
nld,20201129,617.19804
nld,20201206,645.46901
nld,20201213,672.13281
nld,20201220,716.5686
nld,20201227,761.8895
nld,20210103,819.43883
nld,20210110,863.42042
nld,20210117,886.21771
nld,20210124,913.30077
nld,20210131,929.15697
nld,20210207,942.94016
nld,20210214,951.82033
nld,20210221,956.88057
nld,20210228,940.05774
nld,20210307,921.90726
nld,20210314,910.17379
nld,20210321,895.28422
nld,20210328,887.72006
nld,20210404,889.35634
nld,20210411,897.8056
nld,20210418,908.72384
nld,20210425,920.69024
nld,20210502,933.61161
nld,20210509,943.21384
nld,20210516,950.64989
nld,20210523,959.80957
nld,20210530,958.55761
nld,20210606,969.6389
nld,20210613,977.31952
nld,20210620,985.08166
nld,20210627,982.21089
nld,20210704,983.63754
nld,20210711,983.14258
nld,20210718,990.71839
nld,20210725,991.36475
nld,20210801,998.24178
nld,20210808,1012.91008
nld,20210815,1018.99518
nld,20210822,1031.76516
nld,20210829,1044.57007
nld,20210905,1053.31049
nld,20210912,1077.48202
nld,20210919,1087.21236
nld,20210926,1096.23228
nld,20211003,1111.93708
nld,20211010,1126.06965
nld,20211017,1134.28599
nld,20211024,1158.0732
nld,20211031,1185.85504
nld,20211107,1221.70763
nld,20211114,1270.17298
nld,20211121,1330.58725
nld,20211128,1399.23534
nld,20211205,1479.41309
nld,20211212,1554.68782
nld,20211219,1604.30613
nld,20211226,1637.34037
nld,20220102,1668.11525
nld,20220109,1668.79073
nld,20220116,1649.15536
nld,20220123,1634.97038
nld,20220130,1618.70074
nld,20220206,1608.45215
nld,20220213,1597.202
nld,20220220,1590.2842
nld,20220227,1578.60313
nld,20220306,1570.95163
nor,20200301,-68.93992
nor,20200308,-81.45449
nor,20200315,-81.67404
nor,20200322,-82.95477
nor,20200329,-69.45221
nor,20200405,-63.48766
nor,20200412,-53.35159
nor,20200419,-43.98396
nor,20200426,-44.34988
nor,20200503,-42.813
nor,20200510,-41.78842
nor,20200517,-48.85074
nor,20200524,-47.24067
nor,20200531,-56.49853
nor,20200607,-63.12174
nor,20200614,-61.58486
nor,20200621,-58.65748
nor,20200628,-67.65918
nor,20200705,-76.91704
nor,20200712,-85.88216
nor,20200719,-80.06398
nor,20200726,-78.67347
nor,20200802,-68.86673
nor,20200809,-65.06113
nor,20200816,-60.34072
nor,20200823,-55.07143
nor,20200830,-61.18235
nor,20200906,-63.52425
nor,20200913,-49.32644
nor,20200920,-39.55629
nor,20200927,-38.5317
nor,20201004,-28.68837
nor,20201011,-29.67636
nor,20201018,-36.11661
nor,20201025,-29.53
nor,20201101,-22.46768
nor,20201108,-20.23555
nor,20201115,-20.67466
nor,20201122,-16.6495
nor,20201129,-20.05259
nor,20201206,-26.6758
nor,20201213,-23.27271
nor,20201220,-25.43166
nor,20201227,-33.70152
nor,20210103,-40.32473
nor,20210110,-57.17549
nor,20210117,-65.82957
nor,20210124,-74.2275
nor,20210131,-79.99079
nor,20210207,-98.45161
nor,20210214,-106.81296
nor,20210221,-126.26177
nor,20210228,-146.44243
nor,20210307,-177.93012
nor,20210314,-191.48757
nor,20210321,-197.68996
nor,20210328,-205.68538
nor,20210404,-217.0107
nor,20210411,-220.68823
nor,20210418,-226.96381
nor,20210425,-229.25083
nor,20210502,-229.19594
nor,20210509,-237.4841
nor,20210516,-242.99125
nor,20210523,-239.93579
nor,20210530,-239.91749
nor,20210606,-237.59388
nor,20210613,-234.83116
nor,20210620,-240.92378
nor,20210627,-245.44293
nor,20210704,-247.80313
nor,20210711,-243.28398
nor,20210718,-243.41206
nor,20210725,-236.80715
nor,20210801,-232.61733
nor,20210808,-217.81574
nor,20210815,-206.27086
nor,20210822,-191.61564
nor,20210829,-178.973
nor,20210905,-168.19656
nor,20210912,-156.5785
nor,20210919,-135.55622
nor,20210926,-117.13199
nor,20211003,-104.34298
nor,20211010,-90.23664
nor,20211017,-80.37501
nor,20211024,-62.97537
nor,20211031,-38.95252
nor,20211107,-8.96512
nor,20211114,25.15721
nor,20211121,49.65577
nor,20211128,80.81412
nor,20211205,112.7775
nor,20211212,152.86438
nor,20211219,181.20513
nor,20211226,204.89865
nor,20220102,214.24798
nor,20220109,219.95639
nor,20220116,218.30973
nor,20220123,202.2823
nor,20220130,189.80432
nor,20220206,193.90266
nor,20220213,195.11021
nor,20220220,196.39094
nor,20220227,210.66194
nzl,20200301,-9.20742
nzl,20200308,-10.33884
nzl,20200315,-15.44974
nzl,20200322,-15.95693
nzl,20200329,-19.85838
nzl,20200405,-20.32655
nzl,20200412,-15.09861
nzl,20200419,-13.38197
nzl,20200426,-15.8789
nzl,20200503,-33.27936
nzl,20200510,-41.43339
nzl,20200517,-48.1829
nzl,20200524,-61.3698
nzl,20200531,-80.36986
nzl,20200607,-97.10708
nzl,20200614,-109.35763
nzl,20200621,-124.57328
nzl,20200628,-142.94911
nzl,20200705,-163.08058
nzl,20200712,-187.85479
nzl,20200719,-200.76859
nzl,20200726,-217.46679
nzl,20200802,-236.11572
nzl,20200809,-261.9043
nzl,20200816,-285.70314
nzl,20200823,-299.47526
nzl,20200830,-324.01537
nzl,20200906,-338.13862
nzl,20200913,-357.33375
nzl,20200920,-378.16749
nzl,20200927,-392.83694
nzl,20201004,-398.9232
nzl,20201011,-415.85549
nzl,20201018,-423.30726
nzl,20201025,-416.40169
nzl,20201101,-430.87607
nzl,20201108,-434.66048
nzl,20201115,-442.65845
nzl,20201122,-449.99317
nzl,20201129,-445.81862
nzl,20201206,-440.39561
nzl,20201213,-440.55166
nzl,20201220,-431.11016
nzl,20201227,-431.07114
nzl,20210103,-421.47358
nzl,20210110,-412.44172
nzl,20210117,-414.06082
nzl,20210124,-407.56491
nzl,20210131,-414.13885
nzl,20210207,-410.88114
nzl,20210214,-405.47763
nzl,20210221,-408.46224
nzl,20210228,-411.99306
nzl,20210307,-409.59366
nzl,20210314,-411.91503
nzl,20210321,-413.92427
nzl,20210328,-413.28053
nzl,20210404,-406.86265
nzl,20210411,-409.10598
nzl,20210418,-410.72508
nzl,20210425,-416.63578
nzl,20210502,-410.95917
nzl,20210509,-412.3832
nzl,20210516,-421.33703
nzl,20210523,-418.35242
nzl,20210530,-424.34114
nzl,20210606,-430.09578
nzl,20210613,-437.6841
nzl,20210620,-433.95822
nzl,20210627,-447.6328
nzl,20210704,-460.95625
nzl,20210711,-459.06404
nzl,20210718,-457.91311
nzl,20210725,-461.87309
nzl,20210801,-466.88645
nzl,20210808,-467.99836
nzl,20210815,-468.44703
nzl,20210822,-468.46654
nzl,20210829,-475.04048
nzl,20210905,-476.19141
nzl,20210912,-476.87416
nzl,20210919,-494.72329
nzl,20210926,-508.55393
nzl,20211003,-518.95129
nzl,20211010,-529.15358
nzl,20211017,-540.83842
nzl,20211024,-538.94622
nzl,20211031,-544.5448
nzl,20211107,-549.28506
nzl,20211114,-549.57767
nzl,20211121,-544.52529
nzl,20211128,-549.9288
nzl,20211205,-552.01607
nzl,20211212,-545.44213
nzl,20211219,-554.7861
nzl,20211226,-541.65773
nzl,20220102,-545.3446
nzl,20220109,-537.11254
nzl,20220116,-546.55404
nzl,20220123,-548.46576
nzl,20220130,-549.79225
nzl,20220206,-545.77375
nzl,20220213,-539.41439
nzl,20220220,-542.61358
omn,20200229,-18.68523
omn,20200331,-19.60418
omn,20200430,-29.55943
omn,20200531,-28.10443
omn,20200630,-3.29289
omn,20200731,43.84138
omn,20200831,89.3292
omn,20200930,152.39186
omn,20201031,211.2044
omn,20201130,237.66239
omn,20201231,244.89908
omn,20210131,235.69048
omn,20210228,230.46398
omn,20210331,237.22206
omn,20210430,301.75886
omn,20210531,388.6184
omn,20210630,576.37053
omn,20210731,772.46976
omn,20210831,817.40238
omn,20210930,806.96852
omn,20211031,806.83451
omn,20211130,805.16892
omn,20211231,805.14977
omn,20220131,813.382
pan,20200331,-52.21857
pan,20200430,-422.54135
pan,20200531,-240.55233
pan,20200630,-114.75305
pan,20200731,97.0882
pan,20200831,302.53906
pan,20200930,445.82061
pan,20201031,521.22715
pan,20201130,607.63427
pan,20201231,688.24441
pan,20210131,987.42852
pan,20210228,1308.47687
pan,20210331,1465.24669
pan,20210430,1496.62805
pan,20210531,1511.80521
pan,20210630,1552.27004
pan,20210731,1600.49462
pan,20210831,1676.10656
pan,20210930,1717.62123
pan,20211031,1712.4861
per,20200308,81.11653
per,20200315,90.18144
per,20200322,93.51183
per,20200329,96.48251
per,20200405,105.6883
per,20200412,121.24014
per,20200419,152.02904
per,20200426,210.73511
per,20200503,295.52077
per,20200510,404.8782
per,20200517,529.37379
per,20200524,663.37194
per,20200531,801.68672
per,20200607,940.75091
per,20200614,1080.59449
per,20200621,1213.26468
per,20200628,1332.77517
per,20200705,1453.07404
per,20200712,1584.62311
per,20200719,1722.88693
per,20200726,1862.60161
per,20200802,2005.39188
per,20200809,2152.0911
per,20200816,2290.04615
per,20200823,2408.90615
per,20200830,2509.23165
per,20200906,2584.23596
per,20200913,2645.60095
per,20200920,2694.51668
per,20200927,2731.02211
per,20201004,2761.70011
per,20201011,2788.60106
per,20201018,2810.75672
per,20201025,2832.8914
per,20201101,2849.14169
per,20201108,2869.01914
per,20201115,2891.60346
per,20201122,2910.80044
per,20201129,2928.45963
per,20201206,2946.42757
per,20201213,2967.03344
per,20201220,2993.96437
per,20201227,3022.38513
per,20210103,3056.80121
per,20210110,3104.51187
per,20210117,3172.09699
per,20210124,3271.56816
per,20210131,3400.65616
per,20210207,3536.43791
per,20210214,3694.44428
per,20210221,3852.3907
per,20210228,3998.45441
per,20210307,4146.02894
per,20210314,4293.61246
per,20210321,4441.27692
per,20210328,4594.89472
per,20210404,4759.48394
per,20210411,4940.83005
per,20210418,5123.15639
per,20210425,5297.60789
per,20210502,5457.80254
per,20210509,5599.71151
per,20210516,5724.67173
per,20210523,5833.11488
per,20210530,5927.22924
per,20210606,6010.64197
per,20210613,6074.53998
per,20210620,6126.32746
per,20210627,6166.59495
per,20210704,6201.37673
per,20210711,6228.55347
per,20210718,6250.58623
per,20210725,6268.5122
per,20210801,6283.29963
per,20210808,6296.09962
per,20210815,6308.93857
per,20210822,6319.23851
per,20210829,6335.08411
per,20210905,6345.25516
per,20210912,6353.18695
per,20210919,6360.90891
per,20210926,6369.13147
per,20211003,6375.40556
per,20211010,6386.37698
per,20211017,6393.6313
per,20211024,6398.98511
per,20211031,6403.69143
per,20211107,6412.07287
per,20211114,6418.6857
per,20211121,6427.25899
per,20211128,6437.57092
per,20211205,6451.49803
per,20211212,6467.38559
per,20211219,6479.88581
per,20211226,6495.92326
per,20220102,6516.59509
per,20220109,6542.89052
per,20220116,6576.56017
per,20220123,6625.89857
per,20220130,6683.72032
per,20220206,6734.95623
per,20220213,6777.86766
per,20220220,6805.91072
per,20220227,6821.95416
per,20220306,6832.52089
phl,20200131,-15.29984
phl,20200229,-36.92674
phl,20200331,-83.02257
phl,20200430,-134.2982
phl,20200531,-152.80389
phl,20200630,-160.24399
phl,20200731,-139.09077
phl,20200831,-111.55106
phl,20200930,-99.13648
phl,20201031,-102.01455
phl,20201130,-104.89801
phl,20201231,-100.28915
phl,20210131,-88.83363
phl,20210228,-58.61667
phl,20210331,25.87285
phl,20210430,173.01877
phl,20210531,334.44695
phl,20210630,482.92384
phl,20210731,680.13869
phl,20210831,1046.7072
phl,20210930,1595.75174
phl,20211031,1831.36838
phl,20211130,1839.76033
pol,20200308,-166.82806
pol,20200315,-174.63026
pol,20200322,-181.26306
pol,20200329,-189.06527
pol,20200405,-196.02085
pol,20200412,-198.80678
pol,20200419,-191.40143
pol,20200426,-195.93883
pol,20200503,-195.02077
pol,20200510,-195.06045
pol,20200517,-192.58142
pol,20200524,-193.01267
pol,20200531,-190.46485
pol,20200607,-182.41924
pol,20200614,-175.84464
pol,20200621,-177.52467
pol,20200628,-175.58536
pol,20200705,-166.53967
pol,20200712,-166.17192
pol,20200719,-162.40178
pol,20200726,-163.75374
pol,20200802,-156.33251
pol,20200809,-143.56695
pol,20200816,-123.31402
pol,20200823,-102.15626
pol,20200830,-101.85729
pol,20200906,-95.12924
pol,20200913,-82.8452
pol,20200920,-63.52356
pol,20200927,-50.14948
pol,20201004,-36.99765
pol,20201011,-2.06101
pol,20201018,57.12094
pol,20201025,175.31286
pol,20201101,356.48332
pol,20201108,580.04868
pol,20201115,786.27933
pol,20201122,968.75678
pol,20201129,1118.55438
pol,20201206,1245.77877
pol,20201213,1348.4139
pol,20201220,1437.35482
pol,20201227,1531.28026
pol,20210103,1615.86634
pol,20210110,1684.09927
pol,20210117,1738.68032
pol,20210124,1793.87518
pol,20210131,1830.49184
pol,20210207,1846.71006
pol,20210214,1865.48403
pol,20210221,1887.79797
pol,20210228,1906.49787
pol,20210307,1932.16657
pol,20210314,1979.97989
pol,20210321,2053.00156
pol,20210328,2157.03627
pol,20210404,2297.02093
pol,20210411,2441.00061
pol,20210418,2562.42824
pol,20210425,2668.03979
pol,20210502,2749.00918
pol,20210509,2808.84462
pol,20210516,2861.69008
pol,20210523,2891.20565
pol,20210530,2906.27563
pol,20210606,2920.09154
pol,20210613,2934.21965
pol,20210620,2954.20536
pol,20210627,2975.4081
pol,20210704,2979.14385
pol,20210711,2985.54118
pol,20210718,2998.44697
pol,20210725,2995.52081
pol,20210801,2998.29352
pol,20210808,2992.61582
pol,20210815,2992.83806
pol,20210822,2992.98092
pol,20210829,2997.12411
pol,20210905,2993.74289
pol,20210912,3011.60674
pol,20210919,3024.54957
pol,20210926,3037.38657
pol,20211003,3046.10154
pol,20211010,3058.32473
pol,20211017,3073.44234
pol,20211024,3093.518
pol,20211031,3132.94441
pol,20211107,3183.78443
pol,20211114,3259.79575
pol,20211121,3368.26468
pol,20211128,3492.37506
pol,20211205,3633.09522
pol,20211212,3778.78403
pol,20211219,3926.55237
pol,20211226,4066.89684
pol,20220102,4193.49419
pol,20220109,4269.95264
pol,20220116,4313.36614
pol,20220123,4336.46586
pol,20220130,4359.93068
pol,20220206,4376.54311
pol,20220213,4384.01725
prt,20200301,-191.0518
prt,20200308,-211.50829
prt,20200315,-208.06609
prt,20200322,-190.75676
prt,20200329,-158.12472
prt,20200405,-117.09373
prt,20200412,-72.89591
prt,20200419,-40.57859
prt,20200426,-13.96549
prt,20200503,0.49174
prt,20200510,20.22045
prt,20200517,24.8625
prt,20200524,34.83504
prt,20200531,70.8896
prt,20200607,79.93766
prt,20200614,74.50883
prt,20200621,65.10671
prt,20200628,86.50734
prt,20200705,106.05903
prt,20200712,139.55652
prt,20200719,214.73412
prt,20200726,267.21288
prt,20200802,293.15722
prt,20200809,303.16909
prt,20200816,309.87646
prt,20200823,314.75455
prt,20200830,337.7681
prt,20200906,354.13329
prt,20200913,393.45302
prt,20200920,418.61057
prt,20200927,416.42723
prt,20201004,433.99227
prt,20201011,457.2812
prt,20201018,479.23258
prt,20201025,498.31219
prt,20201101,541.38884
prt,20201108,588.81248
prt,20201115,648.68705
prt,20201122,701.61822
prt,20201129,745.63901
prt,20201206,800.57648
prt,20201213,869.12539
prt,20201220,915.52621
prt,20201227,935.45162
prt,20210103,990.68413
prt,20210110,1086.35756
prt,20210117,1257.60197
prt,20210124,1465.76641
prt,20210131,1654.92992
prt,20210207,1774.65939
prt,20210214,1841.35934
prt,20210221,1856.09195
prt,20210228,1851.98098
prt,20210307,1834.47495
prt,20210314,1807.99953
prt,20210321,1785.3597
prt,20210328,1763.30997
prt,20210404,1753.82917
prt,20210411,1728.45526
prt,20210418,1707.7234
prt,20210425,1691.83028
prt,20210502,1675.64211
prt,20210509,1675.81914
prt,20210516,1668.384
prt,20210523,1649.89448
prt,20210530,1650.89763
prt,20210606,1641.00377
prt,20210613,1640.88575
prt,20210620,1645.2721
prt,20210627,1625.72042
prt,20210704,1629.00526
prt,20210711,1636.2437
prt,20210718,1650.64193
prt,20210725,1656.16911
prt,20210801,1661.61762
prt,20210808,1671.01974
prt,20210815,1679.34002
prt,20210822,1702.84531
prt,20210829,1714.09638
prt,20210905,1736.10677
prt,20210912,1744.19102
prt,20210919,1750.83938
prt,20210926,1765.25727
prt,20211003,1773.6759
prt,20211010,1788.56587
prt,20211017,1808.49127
prt,20211024,1812.62191
prt,20211031,1825.97764
prt,20211107,1834.02254
prt,20211114,1866.08416
prt,20211121,1897.90973
prt,20211128,1935.28216
prt,20211205,1981.44695
prt,20211212,2012.56441
prt,20211219,2027.10032
prt,20211226,2039.2562
prt,20220102,2031.32931
prt,20220109,1990.1803
prt,20220116,1956.7418
prt,20220123,1941.34043
prt,20220130,1928.67314
prt,20220206,1937.64253
prt,20220213,1933.31519
prt,20220220,1929.73531
prt,20220227,1915.67147
pry,20200331,98.57831
pry,20200430,85.84914
pry,20200531,47.35693
pry,20200630,-9.91739
pry,20200731,-48.02178
pry,20200831,6.06678
pry,20200930,89.57509
pry,20201031,183.74875
pry,20201130,259.27882
pry,20201231,368.63329
pry,20210131,423.52521
pry,20210228,520.5245
pry,20210331,782.90596
pry,20210430,1275.24346
pry,20210531,1886.14642
pry,20210630,2403.60982
pry,20210731,2638.42759
pry,20210831,2704.48351
pry,20210930,2697.04546
pry,20211031,2693.34722
pry,20211130,2699.12313
pry,20211231,2718.63933
pry,20220131,2966.93423
pse,20200331,-5.0548
pse,20200430,-34.79006
pse,20200531,-39.72998
pse,20200630,-54.43486
pse,20200731,-39.84486
pse,20200831,-34.44542
pse,20200930,7.71623
pse,20201031,39.15557
pse,20201130,94.62437
pse,20201231,229.26593
pyf,20200331,-71.49582
pyf,20200430,-111.84495
pyf,20200531,-159.98075
pyf,20200630,-170.59894
pyf,20200731,-267.57842
pyf,20200831,-378.0076
pyf,20200930,-354.64758
pyf,20201031,-335.53484
pyf,20201130,-277.48873
pyf,20201231,-142.99164
pyf,20210131,-113.61464
pyf,20210228,-92.02432
pyf,20210331,-184.40259
pyf,20210430,-318.54573
pyf,20210531,-403.8452
pyf,20210630,-469.32405
pyf,20210731,-507.90347
pyf,20210831,993.86269
pyf,20210930,1663.16266
qat,20200229,4.70906
qat,20200331,16.07221
qat,20200430,9.75935
qat,20200531,23.64765
qat,20200630,64.97132
qat,20200731,97.21811
qat,20200831,108.03529
qat,20200930,120.08091
qat,20201031,132.87726
qat,20201130,123.22028
qat,20201231,128.71418
qat,20210131,135.84601
qat,20210228,134.51519
qat,20210331,156.32017
qat,20210430,228.6963
qat,20210531,255.07384
qat,20210630,271.69203
qat,20210731,284.01064
qat,20210831,299.46863
qat,20210930,295.68091
qat,20211031,305.26964
qat,20211130,308.1019
qat,20211231,314.14177
qat,20220131,349.15257
rou,20200301,-185.23328
rou,20200308,-202.8255
rou,20200315,-220.70004
rou,20200322,-237.34076
rou,20200329,-242.87722
rou,20200405,-243.56208
rou,20200412,-236.82319
rou,20200419,-232.41599
rou,20200426,-223.4186
rou,20200503,-226.56063
rou,20200510,-221.22284
rou,20200517,-209.91467
rou,20200524,-217.02998
rou,20200531,-220.86211
rou,20200607,-208.15284
rou,20200614,-188.62626
rou,20200621,-195.77293
rou,20200628,-183.33552
rou,20200705,-141.42264
rou,20200712,-120.73544
rou,20200719,-104.74299
rou,20200726,-88.56233
rou,20200802,-43.62766
rou,20200809,-1.85071
rou,20200816,39.08976
rou,20200823,80.56349
rou,20200830,123.48014
rou,20200906,159.76769
rou,20200913,194.46593
rou,20200920,229.8229
rou,20200927,256.56412
rou,20201004,285.85661
rou,20201011,333.26934
rou,20201018,395.28911
rou,20201025,476.92434
rou,20201101,581.80325
rou,20201108,726.35224
rou,20201115,883.07201
rou,20201122,1057.27421
rou,20201129,1238.0846
rou,20201206,1417.66119
rou,20201213,1569.96853
rou,20201220,1677.74375
rou,20201227,1777.50969
rou,20210103,1857.51378
rou,20210110,1901.04734
rou,20210117,1932.11734
rou,20210124,1988.94048
rou,20210131,2014.64656
rou,20210207,2038.87834
rou,20210214,2056.08369
rou,20210221,2073.26813
rou,20210228,2089.00963
rou,20210307,2119.42091
rou,20210314,2165.51619
rou,20210321,2239.24668
rou,20210328,2332.1953
rou,20210404,2432.90227
rou,20210411,2536.21279
rou,20210418,2642.13731
rou,20210425,2732.45101
rou,20210502,2814.23262
rou,20210509,2864.5835
rou,20210516,2910.5533
rou,20210523,2943.88181
rou,20210530,2957.53212
rou,20210606,2968.19201
rou,20210613,2978.45457
rou,20210620,2975.35437
rou,20210627,3011.92423
rou,20210704,3023.37878
rou,20210711,3033.09763
rou,20210718,3055.52053
rou,20210725,3066.19088
rou,20210801,3084.31635
rou,20210808,3091.82899
rou,20210815,3090.85135
rou,20210822,3099.5978
rou,20210829,3110.07994
rou,20210905,3124.25305
rou,20210912,3173.20282
rou,20210919,3256.53192
rou,20210926,3358.19038
rou,20211003,3510.10039
rou,20211010,3749.83035
rou,20211017,4058.2876
rou,20211024,4401.32285
rou,20211031,4733.49431
rou,20211107,5033.70178
rou,20211114,5235.50783
rou,20211121,5386.85321
rou,20211128,5483.53462
rou,20211205,5542.22938
rou,20211212,5576.37345
rou,20211219,5596.89335
rou,20211226,5616.22127
rus,20200131,-37.95438
rus,20200229,-12.2615
rus,20200331,-18.60573
rus,20200430,17.80251
rus,20200531,174.58945
rus,20200630,342.4687
rus,20200731,570.57876
rus,20200831,711.23749
rus,20200930,894.54795
rus,20201031,1368.32522
rus,20201130,1979.78067
rus,20201231,2554.85254
rus,20210131,2935.7581
rus,20210228,3151.54086
rus,20210331,3410.77996
rus,20210430,3571.91884
rus,20210531,3669.4646
rus,20210630,3971.49112
rus,20210731,4481.75819
rus,20210831,4957.97461
rus,20210930,5405.42574
rus,20211031,6110.39781
rus,20211130,6935.01732
rus,20211231,7406.84753
rus,20220131,7620.10206
sgp,20200131,37.36981
sgp,20200229,48.84847
sgp,20200331,50.5721
sgp,20200430,74.18953
sgp,20200531,69.23867
sgp,20200630,48.37172
sgp,20200731,17.71307
sgp,20200831,15.10929
sgp,20200930,19.36336
sgp,20201031,4.32742
sgp,20201130,6.74784
sgp,20201231,4.03403
sgp,20210131,-6.27109
sgp,20210228,-1.39357
sgp,20210331,-0.9535
sgp,20210430,19.54672
sgp,20210531,25.78114
sgp,20210630,29.85184
sgp,20210731,35.86622
sgp,20210831,44.81443
sgp,20210930,78.22356
sgp,20211031,187.14244
sgp,20211130,287.84656
sgp,20211231,323.8228
slv,20200331,-100.5446
slv,20200430,-341.61233
slv,20200531,-584.27552
slv,20200630,-239.01204
slv,20200731,463.29677
slv,20200831,727.00775
smr,20200229,52.92561
smr,20200331,882.0935
smr,20200430,1111.43781
smr,20200531,1234.9309
smr,20200630,1440.75272
smr,20200731,1570.12643
smr,20200831,1570.12643
smr,20200930,1499.55895
smr,20201031,1652.45516
smr,20201130,1781.82887
smr,20201231,2458.10056
smr,20210131,2381.65246
smr,20210228,2646.28051
smr,20210331,3057.92414
smr,20210430,3193.17848
smr,20210531,3193.17848
smr,20210630,3128.49162
smr,20210731,3251.98471
smr,20210831,3275.5072
smr,20210930,3346.07468
smr,20211031,3522.49338
smr,20211130,3557.77712
smr,20211231,3934.13702
smr,20220131,4175.24258
srb,20200229,-62.08209
srb,20200331,-75.68892
srb,20200430,-39.23425
srb,20200531,32.61274
srb,20200630,126.23067
srb,20200731,436.97584
srb,20200831,582.83819
srb,20200930,694.32691
srb,20201031,687.29793
srb,20201130,1079.82962
srb,20201231,2313.10358
srb,20210131,2321.31134
srb,20210228,2476.90949
srb,20210331,3035.53188
srb,20210430,3663.42543
srb,20210531,4019.50245
srb,20210630,4229.99362
srb,20210731,4311.40178
srb,20210831,4420.4602
srb,20210930,4959.6692
srb,20211031,5875.73657
srb,20211130,6895.21588
srb,20211231,7418.03847
srb,20220131,7572.53061
svk,20200308,-109.33575
svk,20200315,-106.52803
svk,20200322,-87.75487
svk,20200329,-88.17695
svk,20200405,-77.14795
svk,20200412,-85.86471
svk,20200419,-95.53573
svk,20200426,-102.27058
svk,20200503,-104.85808
svk,20200510,-96.47164
svk,20200517,-90.98466
svk,20200524,-93.27855
svk,20200531,-101.62829
svk,20200607,-95.04025
svk,20200614,-94.32456
svk,20200621,-105.53707
svk,20200628,-104.52776
svk,20200705,-97.24238
svk,20200712,-92.45275
svk,20200719,-93.42536
svk,20200726,-106.50968
svk,20200802,-105.75728
svk,20200809,-88.1586
svk,20200816,-88.65408
svk,20200823,-84.92881
svk,20200830,-73.20247
svk,20200906,-69.80752
svk,20200913,-55.21841
svk,20200920,-58.90697
svk,20200927,-50.48383
svk,20201004,-24.66385
svk,20201011,-9.48751
svk,20201018,25.14098
svk,20201025,78.41417
svk,20201101,143.98259
svk,20201108,222.02974
svk,20201115,295.52582
svk,20201122,361.16764
svk,20201129,436.75575
svk,20201206,524.27206
svk,20201213,622.72561
svk,20201220,718.90363
svk,20201227,846.49871
svk,20210103,1026.21085
svk,20210110,1195.70144
svk,20210117,1371.98194
svk,20210124,1516.66186
svk,20210131,1664.20456
svk,20210207,1803.37917
svk,20210214,1964.86869
svk,20210221,2114.2465
svk,20210228,2255.0727
svk,20210307,2377.62122
svk,20210314,2493.04953
svk,20210321,2597.39378
svk,20210328,2688.70876
svk,20210404,2763.58118
svk,20210411,2820.54294
svk,20210418,2867.85202
svk,20210425,2912.18824
svk,20210502,2940.19199
svk,20210509,2966.65425
svk,20210516,2996.93353
svk,20210523,3005.77876
svk,20210530,3004.45748
svk,20210606,3011.76121
svk,20210613,3024.09314
svk,20210620,3036.79208
svk,20210627,3060.31817
svk,20210704,3066.52084
svk,20210711,3074.59531
svk,20210718,3084.39479
svk,20210725,3073.20063
svk,20210801,3072.46659
svk,20210808,3067.03467
svk,20210815,3067.80541
svk,20210822,3075.62297
svk,20210829,3066.19052
svk,20210905,3072.28308
svk,20210912,3088.39533
svk,20210919,3122.67515
svk,20210926,3153.17465
svk,20211003,3171.74594
svk,20211010,3211.38428
svk,20211017,3249.73804
svk,20211024,3302.77266
svk,20211031,3387.48126
svk,20211107,3478.24571
svk,20211114,3598.18838
svk,20211121,3750.64917
svk,20211128,3914.52433
svk,20211205,4074.39896
svk,20211212,4234.09007
svk,20211219,4361.40988
svk,20211226,4443.51262
svk,20220102,4429.12537
svk,20220109,4464.17594
svk,20220116,4475.18658
svk,20220123,4467.44243
svk,20220130,4450.26582
svn,20200202,-90.39203
svn,20200209,-101.79326
svn,20200216,-89.14127
svn,20200223,-101.69705
svn,20200301,-122.04608
svn,20200308,-120.93963
svn,20200315,-128.68477
svn,20200322,-123.44117
svn,20200329,-146.96523
svn,20200405,-162.4074
svn,20200412,-142.44322
svn,20200419,-132.77382
svn,20200426,-133.39921
svn,20200503,-143.93452
svn,20200510,-140.71139
svn,20200517,-147.68683
svn,20200524,-129.55069
svn,20200531,-145.57014
svn,20200607,-152.83422
svn,20200614,-141.43299
svn,20200621,-134.26512
svn,20200628,-101.02356
svn,20200705,-99.53226
svn,20200712,-113.81988
svn,20200719,-121.56502
svn,20200726,-127.09726
svn,20200802,-114.06041
svn,20200809,-110.83728
svn,20200816,-98.57013
svn,20200823,-108.14332
svn,20200830,-123.39306
svn,20200906,-113.33881
svn,20200913,-103.18835
svn,20200920,-81.01127
svn,20200927,-85.87003
svn,20201004,-74.85365
svn,20201011,-65.47289
svn,20201018,-38.7738
svn,20201025,17.8475
svn,20201101,118.53431
svn,20201108,232.59472
svn,20201115,394.28053
svn,20201122,560.29591
svn,20201129,755.56002
svn,20201206,941.29906
svn,20201213,1115.9736
svn,20201220,1258.70546
svn,20201227,1384.69628
svn,20210103,1497.69835
svn,20210110,1566.53869
svn,20210117,1638.45784
svn,20210124,1689.40258
svn,20210131,1705.9031
svn,20210207,1715.66871
svn,20210214,1694.83861
svn,20210221,1669.19787
svn,20210228,1668.38006
svn,20210307,1651.10984
svn,20210314,1658.18149
svn,20210321,1650.14771
svn,20210328,1642.595
svn,20210404,1639.94914
svn,20210411,1632.87749
svn,20210418,1649.18558
svn,20210425,1668.18763
svn,20210502,1660.53871
svn,20210509,1663.66563
svn,20210516,1674.29715
svn,20210523,1690.60524
svn,20210530,1699.31251
svn,20210606,1720.04639
svn,20210613,1730.29307
svn,20210620,1748.14057
svn,20210627,1755.50085
svn,20210704,1772.57865
svn,20210711,1757.42511
svn,20210718,1743.32992
svn,20210725,1721.34527
svn,20210801,1713.60013
svn,20210808,1694.11701
svn,20210815,1685.98702
svn,20210822,1663.80994
svn,20210829,1639.51618
svn,20210905,1647.54996
svn,20210912,1677.03922
svn,20210919,1689.78743
svn,20210926,1709.27055
svn,20211003,1738.27874
svn,20211010,1746.60116
svn,20211017,1771.08735
svn,20211024,1809.04334
svn,20211031,1837.95532
svn,20211107,1912.37601
svn,20211114,2003.05668
svn,20211121,2087.00245
svn,20211128,2157.47841
svn,20211205,2252.39245
svn,20211212,2304.1069
svn,20211219,2338.98408
svn,20211226,2362.12328
svn,20220102,2391.61254
svn,20220109,2389.92882
svn,20220116,2392.7671
svn,20220123,2357.31264
swe,20200202,-40.16669
swe,20200209,-53.64089
swe,20200216,-61.32778
swe,20200223,-79.93969
swe,20200301,-97.16383
swe,20200308,-103.72869
swe,20200315,-118.24618
swe,20200322,-109.45695
swe,20200329,-85.62858
swe,20200405,-26.10195
swe,20200412,57.34162
swe,20200419,135.05694
swe,20200426,194.05208
swe,20200503,255.14364
swe,20200510,312.17031
swe,20200517,356.61843
swe,20200524,395.02335
swe,20200531,407.50347
swe,20200607,431.26294
swe,20200614,453.25078
swe,20200621,469.09699
swe,20200628,483.1322
swe,20200705,484.75619
swe,20200712,488.37818
swe,20200719,485.70106
swe,20200726,486.76404
swe,20200802,486.15381
swe,20200809,492.32497
swe,20200816,493.37811
swe,20200823,499.33274
swe,20200830,491.48837
swe,20200906,488.65377
swe,20200913,488.91951
swe,20200920,486.01602
swe,20200927,485.65185
swe,20201004,479.44132
swe,20201011,472.09891
swe,20201018,473.87054
swe,20201025,467.25647
swe,20201101,469.66785
swe,20201108,472.91583
swe,20201115,492.71867
swe,20201122,526.85199
swe,20201129,550.84768
swe,20201206,589.2329
swe,20201213,627.93309
swe,20201220,679.82204
swe,20201227,730.4118
swe,20210103,787.02508
swe,20210110,824.21938
swe,20210117,861.92549
swe,20210124,895.61591
swe,20210131,914.22782
swe,20210207,914.78883
swe,20210214,915.8026
swe,20210221,910.69441
swe,20210228,896.3344
swe,20210307,868.4805
swe,20210314,861.09873
swe,20210321,843.20531
swe,20210328,838.5794
swe,20210404,826.78824
swe,20210411,820.04622
swe,20210418,814.38686
swe,20210425,810.38102
swe,20210502,805.84369
swe,20210509,812.11327
swe,20210516,817.79232
swe,20210523,818.96356
swe,20210530,817.53642
swe,20210606,815.93211
swe,20210613,816.36518
swe,20210620,813.94396
swe,20210627,812.66445
swe,20210704,808.69797
swe,20210711,807.41847
swe,20210718,809.76095
swe,20210725,807.28067
swe,20210801,813.1172
swe,20210808,805.69605
swe,20210815,814.00301
swe,20210822,818.17617
swe,20210829,822.92019
swe,20210905,824.60324
swe,20210912,831.84722
swe,20210919,845.70527
swe,20210926,854.91772
swe,20211003,866.19707
swe,20211010,866.67935
swe,20211017,869.95686
swe,20211024,879.59253
swe,20211031,884.48419
swe,20211107,896.10802
swe,20211114,905.03505
swe,20211121,912.30856
swe,20211128,917.37738
swe,20211205,923.92255
swe,20211212,937.06211
swe,20211219,951.22527
swe,20211226,963.71523
swe,20220102,982.18935
swe,20220109,992.92737
swe,20220116,1002.40557
swe,20220123,1007.67124
swe,20220130,1022.16904
swe,20220206,1049.38318
swe,20220213,1057.70983
swe,20220220,1069.56003
syc,20200331,-202.20402
syc,20200430,-339.70276
syc,20200531,-632.89859
syc,20200630,-816.90426
syc,20200731,-964.51319
syc,20200831,-1142.45273
syc,20200930,-1255.68699
syc,20201031,-1593.36771
syc,20201130,-1666.16116
syc,20201231,-1728.8444
syc,20210131,-1741.98767
syc,20210228,-1678.2934
syc,20210331,-1691.43666
syc,20210430,-1728.8444
syc,20210531,-1537.7616
syc,20210630,-1166.71722
tha,20200131,34.71581
tha,20200229,35.36198
tha,20200331,75.45299
tha,20200430,30.00107
tha,20200531,-2.03857
tha,20200630,12.27147
tha,20200731,-0.75767
tha,20200831,-9.6868
tha,20200930,-19.01335
tha,20201031,-42.88726
tha,20201130,-6.29871
tha,20201231,48.26246
tha,20210131,69.72611
tha,20210228,41.53774
tha,20210331,109.60554
tha,20210430,91.18689
tha,20210531,133.85686
tha,20210630,199.0026
tha,20210731,309.48876
tha,20210831,524.13092
tha,20210930,633.1875
tha,20211031,671.08554
tha,20211130,777.15145
tha,20211231,902.34794
tha,20220131,941.03654
tha,20220228,962.59596
tjk,20200531,327.57157
tjk,20200630,395.07161
tjk,20200731,432.29355
tjk,20200831,519.63024
tjk,20200930,642.94781
tjk,20201031,870.47451
tjk,20201130,1012.02867
tjk,20201231,1013.31077
tun,20200331,-50.6126
tun,20200430,-94.82426
tun,20200531,-138.85161
tun,20200630,-167.74795
tun,20200731,-209.63049
tun,20200831,-197.50726
tun,20200930,-186.07104
tun,20201031,-12.31593
tun,20201130,128.54644
tun,20201231,270.34717
tun,20210131,411.24305
tun,20210228,358.87104
tun,20210331,305.04122
tun,20210430,439.82103
twn,20200131,-38.66693
twn,20200229,25.26094
twn,20200331,-37.73631
twn,20200430,-51.63696
twn,20200531,-108.0947
twn,20200630,-121.90312
twn,20200731,-144.48119
twn,20200831,-204.49375
twn,20200930,-198.80102
twn,20201031,-256.64213
twn,20201130,-258.11771
twn,20201231,-240.52811
twn,20210131,-218.46985
twn,20210228,-220.16341
twn,20210331,-277.09905
twn,20210430,-305.98187
twn,20210531,-294.2946
twn,20210630,-201.81087
twn,20210731,-191.70817
twn,20210831,-191.33089
twn,20210930,-193.70356
twn,20211031,-223.76853
twn,20211130,-174.57969
twn,20211231,-143.55057
twn,20220131,-146.16218
twn,20220228,-155.38037
ukr,20200331,-154.78472
ukr,20200430,-207.64803
ukr,20200531,-341.83313
ukr,20200630,-280.44378
ukr,20200731,-235.44855
ukr,20200831,-227.12956
ukr,20200930,-77.01966
ukr,20201031,148.16358
ukr,20201130,503.51047
ukr,20201231,910.29889
ukr,20210131,941.45829
ukr,20210228,1030.18804
ukr,20210331,1343.76054
ukr,20210430,1810.65917
ukr,20210531,1971.12179
ukr,20210630,2083.77783
ukr,20210731,2122.98474
ukr,20210831,2124.96327
ukr,20210930,2280.76486
ukr,20211031,2860.91769
ukr,20211130,3782.63679
ukr,20211231,4115.70002
ury,20200331,-34.83349
ury,20200430,-55.54994
ury,20200531,-131.35726
ury,20200630,-306.38549
ury,20200731,-424.71605
ury,20200831,-554.0074
ury,20200930,-630.2738
ury,20201031,-677.44535
ury,20201130,-704.41691
ury,20201231,-657.76184
ury,20210131,-530.88072
ury,20210228,-682.38057
ury,20210331,-557.7949
ury,20210430,-25.70907
ury,20210531,489.73474
ury,20210630,802.66227
ury,20210731,830.83894
ury,20210831,813.62305
ury,20210930,786.88103
ury,20211031,744.18562
ury,20211130,776.49411
ury,20211231,867.50879
ury,20220131,892.38576
usa,20200126,-26.81164
usa,20200202,-31.61467
usa,20200209,-34.9062
usa,20200216,-39.20039
usa,20200223,-41.08856
usa,20200301,-40.91914
usa,20200308,-40.11293
usa,20200315,-39.29651
usa,20200322,-35.76648
usa,20200329,-18.59573
usa,20200405,26.71732
usa,20200412,93.62568
usa,20200419,157.07009
usa,20200426,213.68933
usa,20200503,256.39332
usa,20200510,294.08521
usa,20200517,326.4322
usa,20200524,350.52123
usa,20200531,369.90275
usa,20200607,385.60585
usa,20200614,400.09123
usa,20200621,414.87638
usa,20200628,431.56592
usa,20200705,451.58484
usa,20200712,478.94857
usa,20200719,511.04565
usa,20200726,546.7118
usa,20200802,582.16228
usa,20200809,615.54197
usa,20200816,649.38664
usa,20200823,680.40716
usa,20200830,705.90616
usa,20200906,728.1767
usa,20200913,747.9391
usa,20200920,767.6294
usa,20200927,789.68308
usa,20201004,806.09026
usa,20201011,828.93513
usa,20201018,846.42067
usa,20201025,868.10548
usa,20201101,892.45523
usa,20201108,928.41455
usa,20201115,965.80908
usa,20201122,1011.65741
usa,20201129,1061.07722
usa,20201206,1119.38698
usa,20201213,1190.2519
usa,20201220,1261.60944
usa,20201227,1335.83978
usa,20210103,1418.05715
usa,20210110,1488.63791
usa,20210117,1559.20786
usa,20210124,1623.13888
usa,20210131,1676.21488
usa,20210207,1722.19477
usa,20210214,1752.71787
usa,20210221,1778.26132
usa,20210228,1797.57195
usa,20210307,1808.51709
usa,20210314,1813.47271
usa,20210321,1817.06581
usa,20210328,1823.06314
usa,20210404,1824.93989
usa,20210411,1834.01368
usa,20210418,1838.73621
usa,20210425,1850.13251
usa,20210502,1862.12295
usa,20210509,1871.53136
usa,20210516,1881.81206
usa,20210523,1894.53963
usa,20210530,1903.33767
usa,20210606,1913.57391
usa,20210613,1921.02686
usa,20210620,1930.67737
usa,20210627,1939.75056
usa,20210704,1950.96543
usa,20210711,1960.65859
usa,20210718,1971.25949
usa,20210725,1986.58773
usa,20210801,2007.85802
usa,20210808,2039.29967
usa,20210815,2079.92264
usa,20210822,2130.00388
usa,20210829,2187.0833
usa,20210905,2246.25876
usa,20210912,2304.90314
usa,20210919,2361.49295
usa,20210926,2414.28599
usa,20211003,2464.14075
usa,20211010,2503.99356
usa,20211017,2539.45545
usa,20211024,2571.70272
usa,20211031,2601.9735
usa,20211107,2630.37954
usa,20211114,2660.30549
usa,20211121,2686.4551
usa,20211128,2715.18015
usa,20211205,2748.82236
usa,20211212,2784.09142
usa,20211219,2815.72231
usa,20211226,2847.22403
usa,20220102,2882.22635
usa,20220109,2915.95177
usa,20220116,2959.53075
usa,20220123,3005.34394
usa,20220130,3046.73618
uzb,20200331,1.94485
uzb,20200430,-43.28177
uzb,20200531,-79.56208
uzb,20200630,-35.50237
uzb,20200731,67.1445
uzb,20200831,312.41376
uzb,20200930,376.47597
uzb,20201031,482.01065
uzb,20201130,518.66224
uzb,20201231,550.24544
uzb,20210131,596.4828
uzb,20210228,630.73869
uzb,20210331,629.81047
uzb,20210430,607.44174
uzb,20210531,588.98039
uzb,20210630,656.57574
uzb,20210731,767.52358
uzb,20210831,1026.30956
uzb,20210930,1097.78872
uzb,20211031,1145.23424
uzb,20211130,1144.57122
uzb,20211231,1052.85383
zaf,20200209,26.31825
zaf,20200216,30.98664
zaf,20200223,36.99078
zaf,20200301,30.69352
zaf,20200308,39.01936
zaf,20200315,43.67443
zaf,20200322,45.43153
zaf,20200329,39.56397
zaf,20200405,24.69272
zaf,20200412,13.65544
zaf,20200419,0.8594
zaf,20200426,-19.25819
zaf,20200503,-47.51008
zaf,20200510,-68.01073
zaf,20200517,-87.70528
zaf,20200524,-102.10687
zaf,20200531,-119.06
zaf,20200607,-135.33361
zaf,20200614,-143.61948
zaf,20200621,-125.84358
zaf,20200628,-99.55032
zaf,20200705,-60.49932
zaf,20200712,9.02702
zaf,20200719,106.35722
zaf,20200726,206.21566
zaf,20200802,282.41066
zaf,20200809,336.77428
zaf,20200816,371.65154
zaf,20200823,404.08383
zaf,20200830,422.97228
zaf,20200906,434.31601
zaf,20200913,439.40411
zaf,20200920,438.26658
zaf,20200927,443.0882
zaf,20201004,435.68838
zaf,20201011,446.63905
zaf,20201018,463.65547
zaf,20201025,478.22361
zaf,20201101,484.35432
zaf,20201108,497.28027
zaf,20201115,520.98534
zaf,20201122,545.04351
zaf,20201129,555.7177
zaf,20201206,586.69435
zaf,20201213,640.00204
zaf,20201220,707.84955
zaf,20201227,829.9824
zaf,20210103,997.1837
zaf,20210110,1219.84952
zaf,20210117,1481.89444
zaf,20210124,1695.13352
zaf,20210131,1811.13399
zaf,20210207,1888.59811
zaf,20210214,1936.71609
zaf,20210221,1978.07881
zaf,20210228,2008.18607
zaf,20210307,2034.98565
zaf,20210314,2062.08501
zaf,20210321,2080.30059
zaf,20210328,2100.41485
zaf,20210404,2121.49843
zaf,20210411,2141.88915
zaf,20210418,2165.61421
zaf,20210425,2187.14748
zaf,20210502,2209.23701
zaf,20210509,2231.5031
zaf,20210516,2258.05618
zaf,20210523,2284.14958
zaf,20210530,2320.59907
zaf,20210606,2366.72179
zaf,20210613,2414.92305
zaf,20210620,2456.20582
zaf,20210627,2529.99584
zaf,20210704,2629.59113
zaf,20210711,2751.15438
zaf,20210718,2923.22893
zaf,20210725,3082.56907
zaf,20210801,3224.88446
zaf,20210808,3331.87791
zaf,20210815,3411.16075
zaf,20210822,3497.38873
zaf,20210829,3571.99484
zaf,20210905,3643.76627
zaf,20210912,3694.13602
zaf,20210919,3727.95735
zaf,20210926,3757.16857
zaf,20211003,3777.63258
zaf,20211010,3790.97157
zaf,20211017,3811.03586
zaf,20211024,3826.57332
zaf,20211031,3835.01574
zaf,20211107,3855.70626
zaf,20211114,3877.39608
zaf,20211121,3893.16005
zaf,20211128,3907.9447
zaf,20211205,3933.87821
zaf,20211212,3955.64798
zaf,20211219,4005.07838
zaf,20211226,4056.62397
zaf,20220102,4113.53913
zaf,20220109,4151.88729
zaf,20220116,4187.59396
zaf,20220123,4210.38634
zaf,20220130,4226.57668
zaf,20220206,4243.53647
zaf,20220213,4253.33462
zaf,20220220,4263.25601
zaf,20220227,4274.22999
zaf,20220306,4287.95871
